ISO-10303-21;
HEADER;
/* Generated by software containing ST-Developer
 * from STEP Tools, Inc. (www.steptools.com) 
 */
/* OPTION: using custom schema-name function */

FILE_DESCRIPTION(
/* description */ (''),
/* implementation_level */ '2;1');

FILE_NAME(
/* name */ '15457848-ENV10-TERM.stp',
/* time_stamp */ '2024-04-08T14:32:57-06:00',
/* author */ (''),
/* organization */ (''),
/* preprocessor_version */ 'ST-DEVELOPER v16.7',
/* originating_system */ 'SIEMENS PLM Software NX 1892',
/* authorisation */ '');

FILE_SCHEMA (('AUTOMOTIVE_DESIGN { 1 0 10303 214 3 1 1 1 }'));
ENDSEC;

DATA;
#10=SHAPE_REPRESENTATION_RELATIONSHIP('None',
'relationship between model1-None and model1-None',#22,#11);
#11=ADVANCED_BREP_SHAPE_REPRESENTATION('model1-None',(#32),#5253);
#12=SHAPE_DEFINITION_REPRESENTATION(#13,#22);
#13=PRODUCT_DEFINITION_SHAPE('','',#14);
#14=PRODUCT_DEFINITION(' ','',#16,#15);
#15=PRODUCT_DEFINITION_CONTEXT('part definition',#21,'design');
#16=PRODUCT_DEFINITION_FORMATION_WITH_SPECIFIED_SOURCE(' ',' ',#18,
 .NOT_KNOWN.);
#17=PRODUCT_RELATED_PRODUCT_CATEGORY('part','',(#18));
#18=PRODUCT('model1','model1',' ',(#19));
#19=PRODUCT_CONTEXT(' ',#21,'mechanical');
#20=APPLICATION_PROTOCOL_DEFINITION('international standard',
'automotive_design',2010,#21);
#21=APPLICATION_CONTEXT(
'core data for automotive mechanical design processes');
#22=SHAPE_REPRESENTATION('model1-None',(#3286),#5253);
#23=PRESENTATION_LAYER_ASSIGNMENT('1','Layer 1',(#32));
#24=STYLED_ITEM('',(#25),#32);
#25=PRESENTATION_STYLE_ASSIGNMENT((#26));
#26=SURFACE_STYLE_USAGE(.BOTH.,#27);
#27=SURFACE_SIDE_STYLE('',(#28));
#28=SURFACE_STYLE_FILL_AREA(#29);
#29=FILL_AREA_STYLE('',(#30));
#30=FILL_AREA_STYLE_COLOUR('',#31);
#31=DRAUGHTING_PRE_DEFINED_COLOUR('magenta');
#32=BREP_WITH_VOIDS('',#35,(#33,#34));
#33=ORIENTED_CLOSED_SHELL('',*,#36,.F.);
#34=ORIENTED_CLOSED_SHELL('',*,#37,.F.);
#35=CLOSED_SHELL('',(#91,#92,#93,#94,#95,#96,#97,#98,#99,#100,#101,#102,
#103,#104,#105,#106,#107,#108,#109,#110,#111,#112,#113,#114,#115,#116,#117,
#118,#119,#120,#121,#122,#123,#124,#125,#126,#127,#128,#129,#130,#131,#132,
#133,#134,#135,#136,#137,#138,#139,#140,#141,#142,#143,#144,#145,#146,#147,
#148,#149,#150,#151,#152,#153,#154,#155,#156,#157,#158,#159,#160,#161,#162,
#163,#164,#165,#166,#167,#168,#169,#170,#171,#172,#173,#174,#175,#176,#177,
#178,#179,#180,#181,#182,#183,#184,#185,#186,#187,#188,#189,#190,#191,#192,
#193,#194,#195,#196,#197,#198,#199,#200,#201,#202,#203,#204,#205,#206,#207,
#208,#209,#210,#211,#212,#213,#214,#215,#216,#217,#218,#219,#220,#221,#222,
#223,#224,#225,#226,#227,#228,#229,#230,#231,#232,#233,#234,#235,#236,#237,
#238,#239,#240,#241,#242,#243,#244,#245,#246,#247,#248,#249,#250));
#36=CLOSED_SHELL('',(#251,#252,#253,#254,#255,#256));
#37=CLOSED_SHELL('',(#257,#258,#259,#260,#261,#262));
#38=B_SPLINE_CURVE_WITH_KNOTS('',3,(#5150,#5151,#5152,#5153),
 .UNSPECIFIED.,.F.,.F.,(4,4),(0.,1.),.UNSPECIFIED.);
#39=B_SPLINE_CURVE_WITH_KNOTS('',3,(#5188,#5189,#5190,#5191),
 .UNSPECIFIED.,.F.,.F.,(4,4),(0.,1.),.UNSPECIFIED.);
#40=B_SPLINE_CURVE_WITH_KNOTS('',3,(#5192,#5193,#5194,#5195),
 .UNSPECIFIED.,.F.,.F.,(4,4),(0.,1.),.UNSPECIFIED.);
#41=B_SPLINE_CURVE_WITH_KNOTS('',3,(#5197,#5198,#5199,#5200),
 .UNSPECIFIED.,.F.,.F.,(4,4),(0.,1.),.UNSPECIFIED.);
#42=B_SPLINE_CURVE_WITH_KNOTS('',3,(#5206,#5207,#5208,#5209),
 .UNSPECIFIED.,.F.,.F.,(4,4),(0.,1.),.UNSPECIFIED.);
#43=B_SPLINE_CURVE_WITH_KNOTS('',3,(#5214,#5215,#5216,#5217),
 .UNSPECIFIED.,.F.,.F.,(4,4),(0.,1.),.UNSPECIFIED.);
#44=B_SPLINE_CURVE_WITH_KNOTS('',3,(#5222,#5223,#5224,#5225),
 .UNSPECIFIED.,.F.,.F.,(4,4),(0.,1.),.UNSPECIFIED.);
#45=B_SPLINE_CURVE_WITH_KNOTS('',3,(#5229,#5230,#5231,#5232),
 .UNSPECIFIED.,.F.,.F.,(4,4),(0.,1.),.UNSPECIFIED.);
#46=B_SPLINE_CURVE_WITH_KNOTS('',3,(#5237,#5238,#5239,#5240),
 .UNSPECIFIED.,.F.,.F.,(4,4),(0.,1.),.UNSPECIFIED.);
#47=ELLIPSE('',#3449,1.10268608788929,1.1);
#48=ELLIPSE('',#3456,1.10268608788929,1.1);
#49=ELLIPSE('',#3459,0.781904680503315,0.78);
#50=ELLIPSE('',#3461,0.781904680503315,0.78);
#51=CYLINDRICAL_SURFACE('',#3387,0.7);
#52=CYLINDRICAL_SURFACE('',#3398,0.7);
#53=CYLINDRICAL_SURFACE('',#3431,0.65);
#54=CYLINDRICAL_SURFACE('',#3433,0.65);
#55=CYLINDRICAL_SURFACE('',#3435,0.33);
#56=CYLINDRICAL_SURFACE('',#3437,0.33);
#57=CYLINDRICAL_SURFACE('',#3450,1.1);
#58=CYLINDRICAL_SURFACE('',#3457,1.1);
#59=CYLINDRICAL_SURFACE('',#3463,0.78);
#60=CYLINDRICAL_SURFACE('',#3465,0.78);
#61=CIRCLE('',#3383,0.7);
#62=CIRCLE('',#3385,0.7);
#63=CIRCLE('',#3394,0.7);
#64=CIRCLE('',#3396,0.7);
#65=CIRCLE('',#3421,0.65);
#66=CIRCLE('',#3422,0.33);
#67=CIRCLE('',#3423,0.33);
#68=CIRCLE('',#3424,0.65);
#69=CIRCLE('',#3426,0.65);
#70=CIRCLE('',#3427,0.33);
#71=CIRCLE('',#3428,0.33);
#72=CIRCLE('',#3429,0.65);
#73=CIRCLE('',#3443,0.78);
#74=CIRCLE('',#3444,0.78);
#75=CIRCLE('',#3445,1.1);
#76=CIRCLE('',#3446,1.1);
#77=CIRCLE('',#3448,1.1);
#78=CIRCLE('',#3451,0.78);
#79=CIRCLE('',#3452,1.1);
#80=CIRCLE('',#3453,0.78);
#81=FACE_BOUND('',#632,.T.);
#82=FACE_BOUND('',#633,.T.);
#83=FACE_BOUND('',#634,.T.);
#84=FACE_BOUND('',#635,.T.);
#85=FACE_BOUND('',#636,.T.);
#86=FACE_BOUND('',#637,.T.);
#87=FACE_BOUND('',#639,.T.);
#88=FACE_BOUND('',#640,.T.);
#89=FACE_BOUND('',#641,.T.);
#90=FACE_BOUND('',#642,.T.);
#91=ADVANCED_FACE('',(#425),#263,.F.);
#92=ADVANCED_FACE('',(#426),#264,.T.);
#93=ADVANCED_FACE('',(#427),#265,.T.);
#94=ADVANCED_FACE('',(#428),#266,.T.);
#95=ADVANCED_FACE('',(#429),#267,.T.);
#96=ADVANCED_FACE('',(#430),#268,.T.);
#97=ADVANCED_FACE('',(#431),#269,.T.);
#98=ADVANCED_FACE('',(#432),#270,.T.);
#99=ADVANCED_FACE('',(#433),#271,.T.);
#100=ADVANCED_FACE('',(#434),#272,.T.);
#101=ADVANCED_FACE('',(#435),#273,.T.);
#102=ADVANCED_FACE('',(#436),#274,.T.);
#103=ADVANCED_FACE('',(#437),#275,.F.);
#104=ADVANCED_FACE('',(#438),#276,.T.);
#105=ADVANCED_FACE('',(#439),#277,.T.);
#106=ADVANCED_FACE('',(#440),#278,.T.);
#107=ADVANCED_FACE('',(#441),#279,.T.);
#108=ADVANCED_FACE('',(#442),#280,.T.);
#109=ADVANCED_FACE('',(#443),#281,.T.);
#110=ADVANCED_FACE('',(#444),#282,.T.);
#111=ADVANCED_FACE('',(#445),#283,.T.);
#112=ADVANCED_FACE('',(#446),#284,.T.);
#113=ADVANCED_FACE('',(#447),#285,.T.);
#114=ADVANCED_FACE('',(#448),#286,.T.);
#115=ADVANCED_FACE('',(#449),#287,.T.);
#116=ADVANCED_FACE('',(#450),#288,.T.);
#117=ADVANCED_FACE('',(#451),#289,.T.);
#118=ADVANCED_FACE('',(#452),#290,.T.);
#119=ADVANCED_FACE('',(#453),#291,.T.);
#120=ADVANCED_FACE('',(#454),#292,.T.);
#121=ADVANCED_FACE('',(#455),#293,.T.);
#122=ADVANCED_FACE('',(#456),#294,.T.);
#123=ADVANCED_FACE('',(#457),#295,.T.);
#124=ADVANCED_FACE('',(#458),#296,.T.);
#125=ADVANCED_FACE('',(#459),#297,.T.);
#126=ADVANCED_FACE('',(#460),#298,.T.);
#127=ADVANCED_FACE('',(#461),#299,.T.);
#128=ADVANCED_FACE('',(#462),#300,.T.);
#129=ADVANCED_FACE('',(#81,#82),#301,.T.);
#130=ADVANCED_FACE('',(#83,#84,#85,#86),#302,.T.);
#131=ADVANCED_FACE('',(#463),#303,.T.);
#132=ADVANCED_FACE('',(#87,#88,#89,#90),#304,.T.);
#133=ADVANCED_FACE('',(#464),#305,.T.);
#134=ADVANCED_FACE('',(#465),#306,.T.);
#135=ADVANCED_FACE('',(#466),#307,.T.);
#136=ADVANCED_FACE('',(#467),#308,.T.);
#137=ADVANCED_FACE('',(#468),#309,.T.);
#138=ADVANCED_FACE('',(#469),#310,.T.);
#139=ADVANCED_FACE('',(#470),#311,.T.);
#140=ADVANCED_FACE('',(#471),#312,.T.);
#141=ADVANCED_FACE('',(#472),#313,.T.);
#142=ADVANCED_FACE('',(#473),#314,.T.);
#143=ADVANCED_FACE('',(#474),#315,.T.);
#144=ADVANCED_FACE('',(#475),#316,.T.);
#145=ADVANCED_FACE('',(#476),#317,.F.);
#146=ADVANCED_FACE('',(#477),#318,.F.);
#147=ADVANCED_FACE('',(#478),#319,.T.);
#148=ADVANCED_FACE('',(#479),#320,.T.);
#149=ADVANCED_FACE('',(#480),#321,.T.);
#150=ADVANCED_FACE('',(#481),#322,.T.);
#151=ADVANCED_FACE('',(#482),#323,.T.);
#152=ADVANCED_FACE('',(#483),#324,.F.);
#153=ADVANCED_FACE('',(#484),#325,.F.);
#154=ADVANCED_FACE('',(#485),#326,.T.);
#155=ADVANCED_FACE('',(#486),#327,.T.);
#156=ADVANCED_FACE('',(#487),#328,.T.);
#157=ADVANCED_FACE('',(#488),#329,.F.);
#158=ADVANCED_FACE('',(#489),#330,.F.);
#159=ADVANCED_FACE('',(#490),#331,.F.);
#160=ADVANCED_FACE('',(#491),#332,.F.);
#161=ADVANCED_FACE('',(#492),#333,.T.);
#162=ADVANCED_FACE('',(#493),#334,.T.);
#163=ADVANCED_FACE('',(#494),#335,.T.);
#164=ADVANCED_FACE('',(#495),#336,.T.);
#165=ADVANCED_FACE('',(#496),#337,.F.);
#166=ADVANCED_FACE('',(#497),#338,.T.);
#167=ADVANCED_FACE('',(#498),#339,.F.);
#168=ADVANCED_FACE('',(#499),#340,.T.);
#169=ADVANCED_FACE('',(#500),#341,.T.);
#170=ADVANCED_FACE('',(#501),#342,.T.);
#171=ADVANCED_FACE('',(#502),#343,.T.);
#172=ADVANCED_FACE('',(#503),#344,.T.);
#173=ADVANCED_FACE('',(#504),#345,.T.);
#174=ADVANCED_FACE('',(#505),#346,.T.);
#175=ADVANCED_FACE('',(#506),#347,.T.);
#176=ADVANCED_FACE('',(#507),#348,.T.);
#177=ADVANCED_FACE('',(#508),#349,.T.);
#178=ADVANCED_FACE('',(#509),#350,.T.);
#179=ADVANCED_FACE('',(#510),#351,.T.);
#180=ADVANCED_FACE('',(#511),#352,.T.);
#181=ADVANCED_FACE('',(#512),#353,.T.);
#182=ADVANCED_FACE('',(#513),#354,.T.);
#183=ADVANCED_FACE('',(#514),#355,.T.);
#184=ADVANCED_FACE('',(#515),#356,.T.);
#185=ADVANCED_FACE('',(#516),#357,.T.);
#186=ADVANCED_FACE('',(#517),#358,.T.);
#187=ADVANCED_FACE('',(#518),#359,.T.);
#188=ADVANCED_FACE('',(#519),#360,.T.);
#189=ADVANCED_FACE('',(#520),#51,.T.);
#190=ADVANCED_FACE('',(#521),#361,.T.);
#191=ADVANCED_FACE('',(#522),#362,.T.);
#192=ADVANCED_FACE('',(#523),#363,.T.);
#193=ADVANCED_FACE('',(#524),#364,.T.);
#194=ADVANCED_FACE('',(#525),#365,.T.);
#195=ADVANCED_FACE('',(#526),#366,.T.);
#196=ADVANCED_FACE('',(#527),#367,.T.);
#197=ADVANCED_FACE('',(#528),#368,.T.);
#198=ADVANCED_FACE('',(#529),#52,.T.);
#199=ADVANCED_FACE('',(#530),#369,.T.);
#200=ADVANCED_FACE('',(#531),#370,.T.);
#201=ADVANCED_FACE('',(#532),#371,.T.);
#202=ADVANCED_FACE('',(#533),#372,.T.);
#203=ADVANCED_FACE('',(#534),#373,.T.);
#204=ADVANCED_FACE('',(#535),#374,.F.);
#205=ADVANCED_FACE('',(#536),#375,.F.);
#206=ADVANCED_FACE('',(#537),#376,.F.);
#207=ADVANCED_FACE('',(#538),#377,.T.);
#208=ADVANCED_FACE('',(#539),#378,.T.);
#209=ADVANCED_FACE('',(#540),#379,.T.);
#210=ADVANCED_FACE('',(#541),#380,.F.);
#211=ADVANCED_FACE('',(#542),#381,.T.);
#212=ADVANCED_FACE('',(#543),#382,.T.);
#213=ADVANCED_FACE('',(#544),#383,.T.);
#214=ADVANCED_FACE('',(#545),#384,.F.);
#215=ADVANCED_FACE('',(#546),#385,.T.);
#216=ADVANCED_FACE('',(#547),#386,.T.);
#217=ADVANCED_FACE('',(#548),#387,.T.);
#218=ADVANCED_FACE('',(#549),#388,.T.);
#219=ADVANCED_FACE('',(#550),#389,.T.);
#220=ADVANCED_FACE('',(#551),#390,.T.);
#221=ADVANCED_FACE('',(#552),#391,.T.);
#222=ADVANCED_FACE('',(#553),#392,.F.);
#223=ADVANCED_FACE('',(#554),#53,.T.);
#224=ADVANCED_FACE('',(#555),#393,.T.);
#225=ADVANCED_FACE('',(#556),#54,.T.);
#226=ADVANCED_FACE('',(#557),#394,.T.);
#227=ADVANCED_FACE('',(#558),#55,.F.);
#228=ADVANCED_FACE('',(#559),#395,.F.);
#229=ADVANCED_FACE('',(#560),#56,.F.);
#230=ADVANCED_FACE('',(#561),#396,.F.);
#231=ADVANCED_FACE('',(#562),#397,.T.);
#232=ADVANCED_FACE('',(#563),#398,.T.);
#233=ADVANCED_FACE('',(#564),#399,.T.);
#234=ADVANCED_FACE('',(#565),#400,.T.);
#235=ADVANCED_FACE('',(#566),#401,.F.);
#236=ADVANCED_FACE('',(#567),#57,.T.);
#237=ADVANCED_FACE('',(#568),#402,.F.);
#238=ADVANCED_FACE('',(#569),#403,.F.);
#239=ADVANCED_FACE('',(#570),#58,.T.);
#240=ADVANCED_FACE('',(#571),#404,.F.);
#241=ADVANCED_FACE('',(#572),#405,.T.);
#242=ADVANCED_FACE('',(#573),#406,.T.);
#243=ADVANCED_FACE('',(#574),#59,.F.);
#244=ADVANCED_FACE('',(#575),#407,.T.);
#245=ADVANCED_FACE('',(#576),#60,.F.);
#246=ADVANCED_FACE('',(#577),#408,.T.);
#247=ADVANCED_FACE('',(#578),#409,.T.);
#248=ADVANCED_FACE('',(#579),#410,.T.);
#249=ADVANCED_FACE('',(#580),#411,.T.);
#250=ADVANCED_FACE('',(#581),#412,.T.);
#251=ADVANCED_FACE('',(#582),#413,.F.);
#252=ADVANCED_FACE('',(#583),#414,.F.);
#253=ADVANCED_FACE('',(#584),#415,.F.);
#254=ADVANCED_FACE('',(#585),#416,.T.);
#255=ADVANCED_FACE('',(#586),#417,.T.);
#256=ADVANCED_FACE('',(#587),#418,.F.);
#257=ADVANCED_FACE('',(#588),#419,.T.);
#258=ADVANCED_FACE('',(#589),#420,.F.);
#259=ADVANCED_FACE('',(#590),#421,.T.);
#260=ADVANCED_FACE('',(#591),#422,.F.);
#261=ADVANCED_FACE('',(#592),#423,.F.);
#262=ADVANCED_FACE('',(#593),#424,.F.);
#263=PLANE('',#3287);
#264=PLANE('',#3288);
#265=PLANE('',#3289);
#266=PLANE('',#3290);
#267=PLANE('',#3291);
#268=PLANE('',#3292);
#269=PLANE('',#3293);
#270=PLANE('',#3294);
#271=PLANE('',#3295);
#272=PLANE('',#3296);
#273=PLANE('',#3297);
#274=PLANE('',#3298);
#275=PLANE('',#3299);
#276=PLANE('',#3300);
#277=PLANE('',#3301);
#278=PLANE('',#3302);
#279=PLANE('',#3303);
#280=PLANE('',#3304);
#281=PLANE('',#3305);
#282=PLANE('',#3306);
#283=PLANE('',#3307);
#284=PLANE('',#3308);
#285=PLANE('',#3309);
#286=PLANE('',#3310);
#287=PLANE('',#3311);
#288=PLANE('',#3312);
#289=PLANE('',#3313);
#290=PLANE('',#3314);
#291=PLANE('',#3315);
#292=PLANE('',#3316);
#293=PLANE('',#3317);
#294=PLANE('',#3318);
#295=PLANE('',#3319);
#296=PLANE('',#3320);
#297=PLANE('',#3321);
#298=PLANE('',#3322);
#299=PLANE('',#3323);
#300=PLANE('',#3324);
#301=PLANE('',#3325);
#302=PLANE('',#3326);
#303=PLANE('',#3327);
#304=PLANE('',#3328);
#305=PLANE('',#3329);
#306=PLANE('',#3330);
#307=PLANE('',#3331);
#308=PLANE('',#3332);
#309=PLANE('',#3333);
#310=PLANE('',#3334);
#311=PLANE('',#3335);
#312=PLANE('',#3336);
#313=PLANE('',#3337);
#314=PLANE('',#3338);
#315=PLANE('',#3339);
#316=PLANE('',#3340);
#317=PLANE('',#3341);
#318=PLANE('',#3342);
#319=PLANE('',#3343);
#320=PLANE('',#3344);
#321=PLANE('',#3345);
#322=PLANE('',#3346);
#323=PLANE('',#3347);
#324=PLANE('',#3348);
#325=PLANE('',#3349);
#326=PLANE('',#3350);
#327=PLANE('',#3351);
#328=PLANE('',#3352);
#329=PLANE('',#3353);
#330=PLANE('',#3354);
#331=PLANE('',#3355);
#332=PLANE('',#3356);
#333=PLANE('',#3357);
#334=PLANE('',#3358);
#335=PLANE('',#3359);
#336=PLANE('',#3360);
#337=PLANE('',#3361);
#338=PLANE('',#3362);
#339=PLANE('',#3363);
#340=PLANE('',#3364);
#341=PLANE('',#3365);
#342=PLANE('',#3366);
#343=PLANE('',#3367);
#344=PLANE('',#3368);
#345=PLANE('',#3369);
#346=PLANE('',#3370);
#347=PLANE('',#3371);
#348=PLANE('',#3372);
#349=PLANE('',#3373);
#350=PLANE('',#3374);
#351=PLANE('',#3375);
#352=PLANE('',#3376);
#353=PLANE('',#3377);
#354=PLANE('',#3378);
#355=PLANE('',#3379);
#356=PLANE('',#3380);
#357=PLANE('',#3381);
#358=PLANE('',#3382);
#359=PLANE('',#3384);
#360=PLANE('',#3386);
#361=PLANE('',#3388);
#362=PLANE('',#3389);
#363=PLANE('',#3390);
#364=PLANE('',#3391);
#365=PLANE('',#3392);
#366=PLANE('',#3393);
#367=PLANE('',#3395);
#368=PLANE('',#3397);
#369=PLANE('',#3399);
#370=PLANE('',#3400);
#371=PLANE('',#3401);
#372=PLANE('',#3402);
#373=PLANE('',#3403);
#374=PLANE('',#3404);
#375=PLANE('',#3405);
#376=PLANE('',#3406);
#377=PLANE('',#3407);
#378=PLANE('',#3408);
#379=PLANE('',#3409);
#380=PLANE('',#3410);
#381=PLANE('',#3411);
#382=PLANE('',#3412);
#383=PLANE('',#3413);
#384=PLANE('',#3414);
#385=PLANE('',#3415);
#386=PLANE('',#3416);
#387=PLANE('',#3417);
#388=PLANE('',#3418);
#389=PLANE('',#3419);
#390=PLANE('',#3420);
#391=PLANE('',#3425);
#392=PLANE('',#3430);
#393=PLANE('',#3432);
#394=PLANE('',#3434);
#395=PLANE('',#3436);
#396=PLANE('',#3438);
#397=PLANE('',#3439);
#398=PLANE('',#3440);
#399=PLANE('',#3441);
#400=PLANE('',#3442);
#401=PLANE('',#3447);
#402=PLANE('',#3454);
#403=PLANE('',#3455);
#404=PLANE('',#3458);
#405=PLANE('',#3460);
#406=PLANE('',#3462);
#407=PLANE('',#3464);
#408=PLANE('',#3466);
#409=PLANE('',#3467);
#410=PLANE('',#3468);
#411=PLANE('',#3469);
#412=PLANE('',#3470);
#413=PLANE('',#3471);
#414=PLANE('',#3472);
#415=PLANE('',#3473);
#416=PLANE('',#3474);
#417=PLANE('',#3475);
#418=PLANE('',#3476);
#419=PLANE('',#3477);
#420=PLANE('',#3478);
#421=PLANE('',#3479);
#422=PLANE('',#3480);
#423=PLANE('',#3481);
#424=PLANE('',#3482);
#425=FACE_OUTER_BOUND('',#594,.T.);
#426=FACE_OUTER_BOUND('',#595,.T.);
#427=FACE_OUTER_BOUND('',#596,.T.);
#428=FACE_OUTER_BOUND('',#597,.T.);
#429=FACE_OUTER_BOUND('',#598,.T.);
#430=FACE_OUTER_BOUND('',#599,.T.);
#431=FACE_OUTER_BOUND('',#600,.T.);
#432=FACE_OUTER_BOUND('',#601,.T.);
#433=FACE_OUTER_BOUND('',#602,.T.);
#434=FACE_OUTER_BOUND('',#603,.T.);
#435=FACE_OUTER_BOUND('',#604,.T.);
#436=FACE_OUTER_BOUND('',#605,.T.);
#437=FACE_OUTER_BOUND('',#606,.T.);
#438=FACE_OUTER_BOUND('',#607,.T.);
#439=FACE_OUTER_BOUND('',#608,.T.);
#440=FACE_OUTER_BOUND('',#609,.T.);
#441=FACE_OUTER_BOUND('',#610,.T.);
#442=FACE_OUTER_BOUND('',#611,.T.);
#443=FACE_OUTER_BOUND('',#612,.T.);
#444=FACE_OUTER_BOUND('',#613,.T.);
#445=FACE_OUTER_BOUND('',#614,.T.);
#446=FACE_OUTER_BOUND('',#615,.T.);
#447=FACE_OUTER_BOUND('',#616,.T.);
#448=FACE_OUTER_BOUND('',#617,.T.);
#449=FACE_OUTER_BOUND('',#618,.T.);
#450=FACE_OUTER_BOUND('',#619,.T.);
#451=FACE_OUTER_BOUND('',#620,.T.);
#452=FACE_OUTER_BOUND('',#621,.T.);
#453=FACE_OUTER_BOUND('',#622,.T.);
#454=FACE_OUTER_BOUND('',#623,.T.);
#455=FACE_OUTER_BOUND('',#624,.T.);
#456=FACE_OUTER_BOUND('',#625,.T.);
#457=FACE_OUTER_BOUND('',#626,.T.);
#458=FACE_OUTER_BOUND('',#627,.T.);
#459=FACE_OUTER_BOUND('',#628,.T.);
#460=FACE_OUTER_BOUND('',#629,.T.);
#461=FACE_OUTER_BOUND('',#630,.T.);
#462=FACE_OUTER_BOUND('',#631,.T.);
#463=FACE_OUTER_BOUND('',#638,.T.);
#464=FACE_OUTER_BOUND('',#643,.T.);
#465=FACE_OUTER_BOUND('',#644,.T.);
#466=FACE_OUTER_BOUND('',#645,.T.);
#467=FACE_OUTER_BOUND('',#646,.T.);
#468=FACE_OUTER_BOUND('',#647,.T.);
#469=FACE_OUTER_BOUND('',#648,.T.);
#470=FACE_OUTER_BOUND('',#649,.T.);
#471=FACE_OUTER_BOUND('',#650,.T.);
#472=FACE_OUTER_BOUND('',#651,.T.);
#473=FACE_OUTER_BOUND('',#652,.T.);
#474=FACE_OUTER_BOUND('',#653,.T.);
#475=FACE_OUTER_BOUND('',#654,.T.);
#476=FACE_OUTER_BOUND('',#655,.T.);
#477=FACE_OUTER_BOUND('',#656,.T.);
#478=FACE_OUTER_BOUND('',#657,.T.);
#479=FACE_OUTER_BOUND('',#658,.T.);
#480=FACE_OUTER_BOUND('',#659,.T.);
#481=FACE_OUTER_BOUND('',#660,.T.);
#482=FACE_OUTER_BOUND('',#661,.T.);
#483=FACE_OUTER_BOUND('',#662,.T.);
#484=FACE_OUTER_BOUND('',#663,.T.);
#485=FACE_OUTER_BOUND('',#664,.T.);
#486=FACE_OUTER_BOUND('',#665,.T.);
#487=FACE_OUTER_BOUND('',#666,.T.);
#488=FACE_OUTER_BOUND('',#667,.T.);
#489=FACE_OUTER_BOUND('',#668,.T.);
#490=FACE_OUTER_BOUND('',#669,.T.);
#491=FACE_OUTER_BOUND('',#670,.T.);
#492=FACE_OUTER_BOUND('',#671,.T.);
#493=FACE_OUTER_BOUND('',#672,.T.);
#494=FACE_OUTER_BOUND('',#673,.T.);
#495=FACE_OUTER_BOUND('',#674,.T.);
#496=FACE_OUTER_BOUND('',#675,.T.);
#497=FACE_OUTER_BOUND('',#676,.T.);
#498=FACE_OUTER_BOUND('',#677,.T.);
#499=FACE_OUTER_BOUND('',#678,.T.);
#500=FACE_OUTER_BOUND('',#679,.T.);
#501=FACE_OUTER_BOUND('',#680,.T.);
#502=FACE_OUTER_BOUND('',#681,.T.);
#503=FACE_OUTER_BOUND('',#682,.T.);
#504=FACE_OUTER_BOUND('',#683,.T.);
#505=FACE_OUTER_BOUND('',#684,.T.);
#506=FACE_OUTER_BOUND('',#685,.T.);
#507=FACE_OUTER_BOUND('',#686,.T.);
#508=FACE_OUTER_BOUND('',#687,.T.);
#509=FACE_OUTER_BOUND('',#688,.T.);
#510=FACE_OUTER_BOUND('',#689,.T.);
#511=FACE_OUTER_BOUND('',#690,.T.);
#512=FACE_OUTER_BOUND('',#691,.T.);
#513=FACE_OUTER_BOUND('',#692,.T.);
#514=FACE_OUTER_BOUND('',#693,.T.);
#515=FACE_OUTER_BOUND('',#694,.T.);
#516=FACE_OUTER_BOUND('',#695,.T.);
#517=FACE_OUTER_BOUND('',#696,.T.);
#518=FACE_OUTER_BOUND('',#697,.T.);
#519=FACE_OUTER_BOUND('',#698,.T.);
#520=FACE_OUTER_BOUND('',#699,.T.);
#521=FACE_OUTER_BOUND('',#700,.T.);
#522=FACE_OUTER_BOUND('',#701,.T.);
#523=FACE_OUTER_BOUND('',#702,.T.);
#524=FACE_OUTER_BOUND('',#703,.T.);
#525=FACE_OUTER_BOUND('',#704,.T.);
#526=FACE_OUTER_BOUND('',#705,.T.);
#527=FACE_OUTER_BOUND('',#706,.T.);
#528=FACE_OUTER_BOUND('',#707,.T.);
#529=FACE_OUTER_BOUND('',#708,.T.);
#530=FACE_OUTER_BOUND('',#709,.T.);
#531=FACE_OUTER_BOUND('',#710,.T.);
#532=FACE_OUTER_BOUND('',#711,.T.);
#533=FACE_OUTER_BOUND('',#712,.T.);
#534=FACE_OUTER_BOUND('',#713,.T.);
#535=FACE_OUTER_BOUND('',#714,.T.);
#536=FACE_OUTER_BOUND('',#715,.T.);
#537=FACE_OUTER_BOUND('',#716,.T.);
#538=FACE_OUTER_BOUND('',#717,.T.);
#539=FACE_OUTER_BOUND('',#718,.T.);
#540=FACE_OUTER_BOUND('',#719,.T.);
#541=FACE_OUTER_BOUND('',#720,.T.);
#542=FACE_OUTER_BOUND('',#721,.T.);
#543=FACE_OUTER_BOUND('',#722,.T.);
#544=FACE_OUTER_BOUND('',#723,.T.);
#545=FACE_OUTER_BOUND('',#724,.T.);
#546=FACE_OUTER_BOUND('',#725,.T.);
#547=FACE_OUTER_BOUND('',#726,.T.);
#548=FACE_OUTER_BOUND('',#727,.T.);
#549=FACE_OUTER_BOUND('',#728,.T.);
#550=FACE_OUTER_BOUND('',#729,.T.);
#551=FACE_OUTER_BOUND('',#730,.T.);
#552=FACE_OUTER_BOUND('',#731,.T.);
#553=FACE_OUTER_BOUND('',#732,.T.);
#554=FACE_OUTER_BOUND('',#733,.T.);
#555=FACE_OUTER_BOUND('',#734,.T.);
#556=FACE_OUTER_BOUND('',#735,.T.);
#557=FACE_OUTER_BOUND('',#736,.T.);
#558=FACE_OUTER_BOUND('',#737,.T.);
#559=FACE_OUTER_BOUND('',#738,.T.);
#560=FACE_OUTER_BOUND('',#739,.T.);
#561=FACE_OUTER_BOUND('',#740,.T.);
#562=FACE_OUTER_BOUND('',#741,.T.);
#563=FACE_OUTER_BOUND('',#742,.T.);
#564=FACE_OUTER_BOUND('',#743,.T.);
#565=FACE_OUTER_BOUND('',#744,.T.);
#566=FACE_OUTER_BOUND('',#745,.T.);
#567=FACE_OUTER_BOUND('',#746,.T.);
#568=FACE_OUTER_BOUND('',#747,.T.);
#569=FACE_OUTER_BOUND('',#748,.T.);
#570=FACE_OUTER_BOUND('',#749,.T.);
#571=FACE_OUTER_BOUND('',#750,.T.);
#572=FACE_OUTER_BOUND('',#751,.T.);
#573=FACE_OUTER_BOUND('',#752,.T.);
#574=FACE_OUTER_BOUND('',#753,.T.);
#575=FACE_OUTER_BOUND('',#754,.T.);
#576=FACE_OUTER_BOUND('',#755,.T.);
#577=FACE_OUTER_BOUND('',#756,.T.);
#578=FACE_OUTER_BOUND('',#757,.T.);
#579=FACE_OUTER_BOUND('',#758,.T.);
#580=FACE_OUTER_BOUND('',#759,.T.);
#581=FACE_OUTER_BOUND('',#760,.T.);
#582=FACE_OUTER_BOUND('',#761,.F.);
#583=FACE_OUTER_BOUND('',#762,.F.);
#584=FACE_OUTER_BOUND('',#763,.F.);
#585=FACE_OUTER_BOUND('',#764,.F.);
#586=FACE_OUTER_BOUND('',#765,.F.);
#587=FACE_OUTER_BOUND('',#766,.F.);
#588=FACE_OUTER_BOUND('',#767,.F.);
#589=FACE_OUTER_BOUND('',#768,.F.);
#590=FACE_OUTER_BOUND('',#769,.F.);
#591=FACE_OUTER_BOUND('',#770,.F.);
#592=FACE_OUTER_BOUND('',#771,.F.);
#593=FACE_OUTER_BOUND('',#772,.F.);
#594=EDGE_LOOP('',(#773,#774,#775,#776));
#595=EDGE_LOOP('',(#777,#778,#779,#780));
#596=EDGE_LOOP('',(#781,#782,#783,#784));
#597=EDGE_LOOP('',(#785,#786,#787,#788));
#598=EDGE_LOOP('',(#789,#790,#791,#792));
#599=EDGE_LOOP('',(#793,#794,#795,#796));
#600=EDGE_LOOP('',(#797,#798,#799,#800,#801,#802));
#601=EDGE_LOOP('',(#803,#804,#805,#806));
#602=EDGE_LOOP('',(#807,#808,#809,#810));
#603=EDGE_LOOP('',(#811,#812,#813,#814));
#604=EDGE_LOOP('',(#815,#816,#817,#818));
#605=EDGE_LOOP('',(#819,#820,#821,#822));
#606=EDGE_LOOP('',(#823,#824,#825,#826));
#607=EDGE_LOOP('',(#827,#828,#829,#830));
#608=EDGE_LOOP('',(#831,#832,#833,#834));
#609=EDGE_LOOP('',(#835,#836,#837,#838));
#610=EDGE_LOOP('',(#839,#840,#841,#842));
#611=EDGE_LOOP('',(#843,#844,#845,#846));
#612=EDGE_LOOP('',(#847,#848,#849,#850));
#613=EDGE_LOOP('',(#851,#852,#853,#854));
#614=EDGE_LOOP('',(#855,#856,#857,#858));
#615=EDGE_LOOP('',(#859,#860,#861,#862));
#616=EDGE_LOOP('',(#863,#864,#865,#866));
#617=EDGE_LOOP('',(#867,#868,#869,#870));
#618=EDGE_LOOP('',(#871,#872,#873,#874));
#619=EDGE_LOOP('',(#875,#876,#877,#878));
#620=EDGE_LOOP('',(#879,#880,#881,#882));
#621=EDGE_LOOP('',(#883,#884,#885,#886));
#622=EDGE_LOOP('',(#887,#888,#889,#890));
#623=EDGE_LOOP('',(#891,#892,#893,#894));
#624=EDGE_LOOP('',(#895,#896,#897,#898));
#625=EDGE_LOOP('',(#899,#900,#901,#902,#903,#904));
#626=EDGE_LOOP('',(#905,#906,#907,#908,#909,#910,#911,#912));
#627=EDGE_LOOP('',(#913,#914,#915,#916));
#628=EDGE_LOOP('',(#917,#918,#919,#920,#921,#922,#923,#924,#925,#926,#927,
#928,#929,#930,#931,#932,#933,#934,#935,#936,#937,#938,#939,#940,#941,#942,
#943,#944,#945,#946,#947,#948,#949,#950,#951,#952));
#629=EDGE_LOOP('',(#953,#954,#955,#956));
#630=EDGE_LOOP('',(#957,#958,#959,#960,#961,#962,#963,#964));
#631=EDGE_LOOP('',(#965,#966,#967,#968));
#632=EDGE_LOOP('',(#969,#970,#971,#972));
#633=EDGE_LOOP('',(#973,#974,#975,#976));
#634=EDGE_LOOP('',(#977,#978,#979,#980));
#635=EDGE_LOOP('',(#981,#982,#983,#984));
#636=EDGE_LOOP('',(#985,#986,#987,#988));
#637=EDGE_LOOP('',(#989,#990,#991,#992,#993,#994,#995,#996,#997,#998,#999,
#1000,#1001,#1002,#1003,#1004,#1005,#1006,#1007,#1008,#1009,#1010,#1011,
#1012,#1013,#1014,#1015,#1016,#1017,#1018,#1019,#1020,#1021,#1022));
#638=EDGE_LOOP('',(#1023,#1024,#1025,#1026,#1027,#1028,#1029,#1030,#1031,
#1032));
#639=EDGE_LOOP('',(#1033,#1034,#1035,#1036,#1037,#1038,#1039,#1040,#1041,
#1042,#1043,#1044,#1045,#1046,#1047,#1048,#1049,#1050,#1051,#1052,#1053,
#1054,#1055,#1056,#1057,#1058,#1059,#1060,#1061,#1062,#1063,#1064,#1065,
#1066));
#640=EDGE_LOOP('',(#1067,#1068,#1069,#1070));
#641=EDGE_LOOP('',(#1071,#1072,#1073,#1074));
#642=EDGE_LOOP('',(#1075,#1076,#1077,#1078));
#643=EDGE_LOOP('',(#1079,#1080,#1081,#1082));
#644=EDGE_LOOP('',(#1083,#1084,#1085,#1086));
#645=EDGE_LOOP('',(#1087,#1088,#1089,#1090));
#646=EDGE_LOOP('',(#1091,#1092,#1093,#1094));
#647=EDGE_LOOP('',(#1095,#1096,#1097,#1098));
#648=EDGE_LOOP('',(#1099,#1100,#1101,#1102));
#649=EDGE_LOOP('',(#1103,#1104,#1105,#1106));
#650=EDGE_LOOP('',(#1107,#1108,#1109,#1110));
#651=EDGE_LOOP('',(#1111,#1112,#1113,#1114));
#652=EDGE_LOOP('',(#1115,#1116,#1117,#1118));
#653=EDGE_LOOP('',(#1119,#1120,#1121,#1122));
#654=EDGE_LOOP('',(#1123,#1124,#1125,#1126));
#655=EDGE_LOOP('',(#1127,#1128,#1129,#1130,#1131,#1132,#1133,#1134));
#656=EDGE_LOOP('',(#1135,#1136,#1137,#1138,#1139,#1140,#1141,#1142));
#657=EDGE_LOOP('',(#1143,#1144,#1145,#1146));
#658=EDGE_LOOP('',(#1147,#1148,#1149,#1150));
#659=EDGE_LOOP('',(#1151,#1152,#1153,#1154));
#660=EDGE_LOOP('',(#1155,#1156,#1157,#1158));
#661=EDGE_LOOP('',(#1159,#1160,#1161,#1162));
#662=EDGE_LOOP('',(#1163,#1164,#1165,#1166));
#663=EDGE_LOOP('',(#1167,#1168,#1169,#1170));
#664=EDGE_LOOP('',(#1171,#1172,#1173,#1174,#1175,#1176,#1177,#1178));
#665=EDGE_LOOP('',(#1179,#1180,#1181,#1182));
#666=EDGE_LOOP('',(#1183,#1184,#1185,#1186));
#667=EDGE_LOOP('',(#1187,#1188,#1189,#1190));
#668=EDGE_LOOP('',(#1191,#1192,#1193,#1194,#1195,#1196,#1197,#1198));
#669=EDGE_LOOP('',(#1199,#1200,#1201,#1202,#1203,#1204,#1205,#1206));
#670=EDGE_LOOP('',(#1207,#1208,#1209,#1210,#1211,#1212,#1213,#1214));
#671=EDGE_LOOP('',(#1215,#1216,#1217,#1218,#1219,#1220,#1221,#1222));
#672=EDGE_LOOP('',(#1223,#1224,#1225,#1226));
#673=EDGE_LOOP('',(#1227,#1228,#1229,#1230));
#674=EDGE_LOOP('',(#1231,#1232,#1233,#1234));
#675=EDGE_LOOP('',(#1235,#1236,#1237,#1238,#1239,#1240,#1241,#1242));
#676=EDGE_LOOP('',(#1243,#1244,#1245,#1246));
#677=EDGE_LOOP('',(#1247,#1248,#1249,#1250));
#678=EDGE_LOOP('',(#1251,#1252,#1253,#1254));
#679=EDGE_LOOP('',(#1255,#1256,#1257,#1258,#1259,#1260));
#680=EDGE_LOOP('',(#1261,#1262,#1263,#1264,#1265,#1266));
#681=EDGE_LOOP('',(#1267,#1268,#1269,#1270));
#682=EDGE_LOOP('',(#1271,#1272,#1273,#1274));
#683=EDGE_LOOP('',(#1275,#1276,#1277,#1278,#1279,#1280));
#684=EDGE_LOOP('',(#1281,#1282,#1283,#1284,#1285,#1286));
#685=EDGE_LOOP('',(#1287,#1288,#1289,#1290));
#686=EDGE_LOOP('',(#1291,#1292,#1293,#1294,#1295,#1296));
#687=EDGE_LOOP('',(#1297,#1298,#1299,#1300,#1301,#1302));
#688=EDGE_LOOP('',(#1303,#1304,#1305,#1306));
#689=EDGE_LOOP('',(#1307,#1308,#1309,#1310));
#690=EDGE_LOOP('',(#1311,#1312,#1313,#1314,#1315,#1316));
#691=EDGE_LOOP('',(#1317,#1318,#1319,#1320,#1321,#1322));
#692=EDGE_LOOP('',(#1323,#1324,#1325,#1326));
#693=EDGE_LOOP('',(#1327,#1328,#1329,#1330));
#694=EDGE_LOOP('',(#1331,#1332,#1333,#1334));
#695=EDGE_LOOP('',(#1335,#1336,#1337,#1338,#1339,#1340));
#696=EDGE_LOOP('',(#1341,#1342,#1343,#1344));
#697=EDGE_LOOP('',(#1345,#1346,#1347,#1348,#1349));
#698=EDGE_LOOP('',(#1350,#1351,#1352,#1353,#1354));
#699=EDGE_LOOP('',(#1355,#1356,#1357,#1358));
#700=EDGE_LOOP('',(#1359,#1360,#1361,#1362));
#701=EDGE_LOOP('',(#1363,#1364,#1365,#1366));
#702=EDGE_LOOP('',(#1367,#1368,#1369,#1370));
#703=EDGE_LOOP('',(#1371,#1372,#1373,#1374,#1375,#1376));
#704=EDGE_LOOP('',(#1377,#1378,#1379,#1380));
#705=EDGE_LOOP('',(#1381,#1382,#1383,#1384));
#706=EDGE_LOOP('',(#1385,#1386,#1387,#1388,#1389));
#707=EDGE_LOOP('',(#1390,#1391,#1392,#1393,#1394));
#708=EDGE_LOOP('',(#1395,#1396,#1397,#1398));
#709=EDGE_LOOP('',(#1399,#1400,#1401,#1402));
#710=EDGE_LOOP('',(#1403,#1404,#1405,#1406));
#711=EDGE_LOOP('',(#1407,#1408,#1409,#1410));
#712=EDGE_LOOP('',(#1411,#1412,#1413,#1414,#1415,#1416));
#713=EDGE_LOOP('',(#1417,#1418,#1419,#1420));
#714=EDGE_LOOP('',(#1421,#1422,#1423,#1424,#1425,#1426,#1427,#1428));
#715=EDGE_LOOP('',(#1429,#1430,#1431,#1432));
#716=EDGE_LOOP('',(#1433,#1434,#1435,#1436));
#717=EDGE_LOOP('',(#1437,#1438,#1439,#1440));
#718=EDGE_LOOP('',(#1441,#1442,#1443,#1444));
#719=EDGE_LOOP('',(#1445,#1446,#1447,#1448));
#720=EDGE_LOOP('',(#1449,#1450,#1451,#1452));
#721=EDGE_LOOP('',(#1453,#1454,#1455,#1456));
#722=EDGE_LOOP('',(#1457,#1458,#1459,#1460));
#723=EDGE_LOOP('',(#1461,#1462,#1463,#1464));
#724=EDGE_LOOP('',(#1465,#1466,#1467,#1468));
#725=EDGE_LOOP('',(#1469,#1470,#1471,#1472));
#726=EDGE_LOOP('',(#1473,#1474,#1475,#1476));
#727=EDGE_LOOP('',(#1477,#1478,#1479,#1480));
#728=EDGE_LOOP('',(#1481,#1482,#1483,#1484));
#729=EDGE_LOOP('',(#1485,#1486,#1487,#1488));
#730=EDGE_LOOP('',(#1489,#1490,#1491,#1492));
#731=EDGE_LOOP('',(#1493,#1494,#1495,#1496,#1497,#1498,#1499,#1500));
#732=EDGE_LOOP('',(#1501,#1502,#1503,#1504,#1505,#1506,#1507,#1508));
#733=EDGE_LOOP('',(#1509,#1510,#1511,#1512));
#734=EDGE_LOOP('',(#1513,#1514,#1515,#1516));
#735=EDGE_LOOP('',(#1517,#1518,#1519,#1520));
#736=EDGE_LOOP('',(#1521,#1522,#1523,#1524));
#737=EDGE_LOOP('',(#1525,#1526,#1527,#1528));
#738=EDGE_LOOP('',(#1529,#1530,#1531,#1532));
#739=EDGE_LOOP('',(#1533,#1534,#1535,#1536));
#740=EDGE_LOOP('',(#1537,#1538,#1539,#1540));
#741=EDGE_LOOP('',(#1541,#1542,#1543,#1544));
#742=EDGE_LOOP('',(#1545,#1546,#1547,#1548));
#743=EDGE_LOOP('',(#1549,#1550,#1551,#1552));
#744=EDGE_LOOP('',(#1553,#1554,#1555,#1556));
#745=EDGE_LOOP('',(#1557,#1558,#1559,#1560,#1561,#1562,#1563,#1564));
#746=EDGE_LOOP('',(#1565,#1566,#1567,#1568,#1569));
#747=EDGE_LOOP('',(#1570,#1571,#1572,#1573,#1574,#1575,#1576,#1577));
#748=EDGE_LOOP('',(#1578,#1579,#1580,#1581));
#749=EDGE_LOOP('',(#1582,#1583,#1584,#1585,#1586));
#750=EDGE_LOOP('',(#1587,#1588,#1589,#1590,#1591));
#751=EDGE_LOOP('',(#1592,#1593,#1594,#1595,#1596,#1597));
#752=EDGE_LOOP('',(#1598,#1599,#1600,#1601,#1602,#1603));
#753=EDGE_LOOP('',(#1604,#1605,#1606,#1607,#1608));
#754=EDGE_LOOP('',(#1609,#1610,#1611,#1612));
#755=EDGE_LOOP('',(#1613,#1614,#1615,#1616,#1617));
#756=EDGE_LOOP('',(#1618,#1619,#1620,#1621,#1622));
#757=EDGE_LOOP('',(#1623,#1624,#1625,#1626));
#758=EDGE_LOOP('',(#1627,#1628,#1629,#1630));
#759=EDGE_LOOP('',(#1631,#1632,#1633,#1634));
#760=EDGE_LOOP('',(#1635,#1636,#1637,#1638));
#761=EDGE_LOOP('',(#1639,#1640,#1641,#1642));
#762=EDGE_LOOP('',(#1643,#1644,#1645,#1646));
#763=EDGE_LOOP('',(#1647,#1648,#1649,#1650));
#764=EDGE_LOOP('',(#1651,#1652,#1653,#1654));
#765=EDGE_LOOP('',(#1655,#1656,#1657,#1658));
#766=EDGE_LOOP('',(#1659,#1660,#1661,#1662));
#767=EDGE_LOOP('',(#1663,#1664,#1665,#1666));
#768=EDGE_LOOP('',(#1667,#1668,#1669,#1670));
#769=EDGE_LOOP('',(#1671,#1672,#1673,#1674));
#770=EDGE_LOOP('',(#1675,#1676,#1677,#1678));
#771=EDGE_LOOP('',(#1679,#1680,#1681,#1682));
#772=EDGE_LOOP('',(#1683,#1684,#1685,#1686));
#773=ORIENTED_EDGE('',*,*,#1981,.F.);
#774=ORIENTED_EDGE('',*,*,#1982,.T.);
#775=ORIENTED_EDGE('',*,*,#1983,.F.);
#776=ORIENTED_EDGE('',*,*,#1984,.F.);
#777=ORIENTED_EDGE('',*,*,#1985,.F.);
#778=ORIENTED_EDGE('',*,*,#1986,.T.);
#779=ORIENTED_EDGE('',*,*,#1987,.F.);
#780=ORIENTED_EDGE('',*,*,#1988,.F.);
#781=ORIENTED_EDGE('',*,*,#1989,.F.);
#782=ORIENTED_EDGE('',*,*,#1990,.T.);
#783=ORIENTED_EDGE('',*,*,#1991,.F.);
#784=ORIENTED_EDGE('',*,*,#1992,.F.);
#785=ORIENTED_EDGE('',*,*,#1993,.T.);
#786=ORIENTED_EDGE('',*,*,#1994,.F.);
#787=ORIENTED_EDGE('',*,*,#1995,.F.);
#788=ORIENTED_EDGE('',*,*,#1996,.F.);
#789=ORIENTED_EDGE('',*,*,#1997,.T.);
#790=ORIENTED_EDGE('',*,*,#1998,.F.);
#791=ORIENTED_EDGE('',*,*,#1999,.F.);
#792=ORIENTED_EDGE('',*,*,#2000,.F.);
#793=ORIENTED_EDGE('',*,*,#2001,.T.);
#794=ORIENTED_EDGE('',*,*,#2002,.F.);
#795=ORIENTED_EDGE('',*,*,#2003,.T.);
#796=ORIENTED_EDGE('',*,*,#2004,.T.);
#797=ORIENTED_EDGE('',*,*,#2005,.T.);
#798=ORIENTED_EDGE('',*,*,#2006,.T.);
#799=ORIENTED_EDGE('',*,*,#2007,.T.);
#800=ORIENTED_EDGE('',*,*,#2008,.T.);
#801=ORIENTED_EDGE('',*,*,#2009,.F.);
#802=ORIENTED_EDGE('',*,*,#2010,.T.);
#803=ORIENTED_EDGE('',*,*,#2007,.F.);
#804=ORIENTED_EDGE('',*,*,#2011,.T.);
#805=ORIENTED_EDGE('',*,*,#2012,.F.);
#806=ORIENTED_EDGE('',*,*,#2013,.T.);
#807=ORIENTED_EDGE('',*,*,#2014,.F.);
#808=ORIENTED_EDGE('',*,*,#2015,.F.);
#809=ORIENTED_EDGE('',*,*,#2016,.T.);
#810=ORIENTED_EDGE('',*,*,#2017,.T.);
#811=ORIENTED_EDGE('',*,*,#1998,.T.);
#812=ORIENTED_EDGE('',*,*,#2018,.T.);
#813=ORIENTED_EDGE('',*,*,#2014,.T.);
#814=ORIENTED_EDGE('',*,*,#2019,.F.);
#815=ORIENTED_EDGE('',*,*,#2020,.F.);
#816=ORIENTED_EDGE('',*,*,#2021,.F.);
#817=ORIENTED_EDGE('',*,*,#2022,.T.);
#818=ORIENTED_EDGE('',*,*,#2023,.T.);
#819=ORIENTED_EDGE('',*,*,#2024,.T.);
#820=ORIENTED_EDGE('',*,*,#2025,.F.);
#821=ORIENTED_EDGE('',*,*,#2026,.F.);
#822=ORIENTED_EDGE('',*,*,#2027,.F.);
#823=ORIENTED_EDGE('',*,*,#2025,.T.);
#824=ORIENTED_EDGE('',*,*,#2028,.T.);
#825=ORIENTED_EDGE('',*,*,#2020,.T.);
#826=ORIENTED_EDGE('',*,*,#2029,.T.);
#827=ORIENTED_EDGE('',*,*,#2030,.F.);
#828=ORIENTED_EDGE('',*,*,#2031,.F.);
#829=ORIENTED_EDGE('',*,*,#2032,.T.);
#830=ORIENTED_EDGE('',*,*,#2033,.T.);
#831=ORIENTED_EDGE('',*,*,#2034,.T.);
#832=ORIENTED_EDGE('',*,*,#2035,.F.);
#833=ORIENTED_EDGE('',*,*,#2036,.F.);
#834=ORIENTED_EDGE('',*,*,#2037,.F.);
#835=ORIENTED_EDGE('',*,*,#2035,.T.);
#836=ORIENTED_EDGE('',*,*,#2038,.T.);
#837=ORIENTED_EDGE('',*,*,#2030,.T.);
#838=ORIENTED_EDGE('',*,*,#2039,.T.);
#839=ORIENTED_EDGE('',*,*,#2040,.F.);
#840=ORIENTED_EDGE('',*,*,#2041,.F.);
#841=ORIENTED_EDGE('',*,*,#2042,.T.);
#842=ORIENTED_EDGE('',*,*,#2043,.T.);
#843=ORIENTED_EDGE('',*,*,#1994,.T.);
#844=ORIENTED_EDGE('',*,*,#2044,.T.);
#845=ORIENTED_EDGE('',*,*,#2040,.T.);
#846=ORIENTED_EDGE('',*,*,#2045,.F.);
#847=ORIENTED_EDGE('',*,*,#2046,.T.);
#848=ORIENTED_EDGE('',*,*,#2047,.F.);
#849=ORIENTED_EDGE('',*,*,#2048,.F.);
#850=ORIENTED_EDGE('',*,*,#2049,.F.);
#851=ORIENTED_EDGE('',*,*,#2050,.T.);
#852=ORIENTED_EDGE('',*,*,#2051,.F.);
#853=ORIENTED_EDGE('',*,*,#2052,.T.);
#854=ORIENTED_EDGE('',*,*,#2053,.T.);
#855=ORIENTED_EDGE('',*,*,#2047,.T.);
#856=ORIENTED_EDGE('',*,*,#2054,.T.);
#857=ORIENTED_EDGE('',*,*,#2050,.F.);
#858=ORIENTED_EDGE('',*,*,#2055,.F.);
#859=ORIENTED_EDGE('',*,*,#2056,.T.);
#860=ORIENTED_EDGE('',*,*,#2057,.F.);
#861=ORIENTED_EDGE('',*,*,#2058,.T.);
#862=ORIENTED_EDGE('',*,*,#2059,.T.);
#863=ORIENTED_EDGE('',*,*,#2060,.T.);
#864=ORIENTED_EDGE('',*,*,#2061,.F.);
#865=ORIENTED_EDGE('',*,*,#2062,.F.);
#866=ORIENTED_EDGE('',*,*,#2063,.F.);
#867=ORIENTED_EDGE('',*,*,#2061,.T.);
#868=ORIENTED_EDGE('',*,*,#2064,.T.);
#869=ORIENTED_EDGE('',*,*,#2056,.F.);
#870=ORIENTED_EDGE('',*,*,#2065,.T.);
#871=ORIENTED_EDGE('',*,*,#2066,.T.);
#872=ORIENTED_EDGE('',*,*,#2067,.T.);
#873=ORIENTED_EDGE('',*,*,#2068,.T.);
#874=ORIENTED_EDGE('',*,*,#2069,.F.);
#875=ORIENTED_EDGE('',*,*,#2070,.F.);
#876=ORIENTED_EDGE('',*,*,#2071,.T.);
#877=ORIENTED_EDGE('',*,*,#2072,.F.);
#878=ORIENTED_EDGE('',*,*,#2073,.F.);
#879=ORIENTED_EDGE('',*,*,#2068,.F.);
#880=ORIENTED_EDGE('',*,*,#2074,.T.);
#881=ORIENTED_EDGE('',*,*,#2070,.T.);
#882=ORIENTED_EDGE('',*,*,#2075,.F.);
#883=ORIENTED_EDGE('',*,*,#2076,.F.);
#884=ORIENTED_EDGE('',*,*,#2077,.T.);
#885=ORIENTED_EDGE('',*,*,#2078,.F.);
#886=ORIENTED_EDGE('',*,*,#2079,.T.);
#887=ORIENTED_EDGE('',*,*,#2080,.T.);
#888=ORIENTED_EDGE('',*,*,#2081,.F.);
#889=ORIENTED_EDGE('',*,*,#2082,.T.);
#890=ORIENTED_EDGE('',*,*,#2083,.T.);
#891=ORIENTED_EDGE('',*,*,#2084,.F.);
#892=ORIENTED_EDGE('',*,*,#2085,.T.);
#893=ORIENTED_EDGE('',*,*,#2086,.T.);
#894=ORIENTED_EDGE('',*,*,#2087,.F.);
#895=ORIENTED_EDGE('',*,*,#2088,.F.);
#896=ORIENTED_EDGE('',*,*,#2089,.T.);
#897=ORIENTED_EDGE('',*,*,#2090,.T.);
#898=ORIENTED_EDGE('',*,*,#2091,.F.);
#899=ORIENTED_EDGE('',*,*,#2086,.F.);
#900=ORIENTED_EDGE('',*,*,#2092,.T.);
#901=ORIENTED_EDGE('',*,*,#2088,.T.);
#902=ORIENTED_EDGE('',*,*,#2093,.F.);
#903=ORIENTED_EDGE('',*,*,#2094,.F.);
#904=ORIENTED_EDGE('',*,*,#2095,.F.);
#905=ORIENTED_EDGE('',*,*,#2096,.F.);
#906=ORIENTED_EDGE('',*,*,#2097,.T.);
#907=ORIENTED_EDGE('',*,*,#2098,.T.);
#908=ORIENTED_EDGE('',*,*,#2099,.T.);
#909=ORIENTED_EDGE('',*,*,#2100,.F.);
#910=ORIENTED_EDGE('',*,*,#2101,.F.);
#911=ORIENTED_EDGE('',*,*,#2102,.T.);
#912=ORIENTED_EDGE('',*,*,#2103,.T.);
#913=ORIENTED_EDGE('',*,*,#2104,.F.);
#914=ORIENTED_EDGE('',*,*,#2105,.T.);
#915=ORIENTED_EDGE('',*,*,#2106,.T.);
#916=ORIENTED_EDGE('',*,*,#2107,.F.);
#917=ORIENTED_EDGE('',*,*,#1997,.F.);
#918=ORIENTED_EDGE('',*,*,#2108,.F.);
#919=ORIENTED_EDGE('',*,*,#2109,.F.);
#920=ORIENTED_EDGE('',*,*,#2110,.T.);
#921=ORIENTED_EDGE('',*,*,#2111,.F.);
#922=ORIENTED_EDGE('',*,*,#2112,.F.);
#923=ORIENTED_EDGE('',*,*,#2113,.F.);
#924=ORIENTED_EDGE('',*,*,#2114,.T.);
#925=ORIENTED_EDGE('',*,*,#2031,.T.);
#926=ORIENTED_EDGE('',*,*,#2038,.F.);
#927=ORIENTED_EDGE('',*,*,#2034,.F.);
#928=ORIENTED_EDGE('',*,*,#2115,.T.);
#929=ORIENTED_EDGE('',*,*,#2057,.T.);
#930=ORIENTED_EDGE('',*,*,#2064,.F.);
#931=ORIENTED_EDGE('',*,*,#2060,.F.);
#932=ORIENTED_EDGE('',*,*,#2116,.T.);
#933=ORIENTED_EDGE('',*,*,#2041,.T.);
#934=ORIENTED_EDGE('',*,*,#2044,.F.);
#935=ORIENTED_EDGE('',*,*,#1993,.F.);
#936=ORIENTED_EDGE('',*,*,#2117,.T.);
#937=ORIENTED_EDGE('',*,*,#2118,.T.);
#938=ORIENTED_EDGE('',*,*,#2011,.F.);
#939=ORIENTED_EDGE('',*,*,#2006,.F.);
#940=ORIENTED_EDGE('',*,*,#2119,.F.);
#941=ORIENTED_EDGE('',*,*,#2120,.T.);
#942=ORIENTED_EDGE('',*,*,#2121,.F.);
#943=ORIENTED_EDGE('',*,*,#2021,.T.);
#944=ORIENTED_EDGE('',*,*,#2028,.F.);
#945=ORIENTED_EDGE('',*,*,#2024,.F.);
#946=ORIENTED_EDGE('',*,*,#2122,.F.);
#947=ORIENTED_EDGE('',*,*,#2051,.T.);
#948=ORIENTED_EDGE('',*,*,#2054,.F.);
#949=ORIENTED_EDGE('',*,*,#2046,.F.);
#950=ORIENTED_EDGE('',*,*,#2123,.F.);
#951=ORIENTED_EDGE('',*,*,#2015,.T.);
#952=ORIENTED_EDGE('',*,*,#2018,.F.);
#953=ORIENTED_EDGE('',*,*,#2111,.T.);
#954=ORIENTED_EDGE('',*,*,#2124,.F.);
#955=ORIENTED_EDGE('',*,*,#2125,.T.);
#956=ORIENTED_EDGE('',*,*,#2126,.T.);
#957=ORIENTED_EDGE('',*,*,#2127,.T.);
#958=ORIENTED_EDGE('',*,*,#2109,.T.);
#959=ORIENTED_EDGE('',*,*,#2128,.F.);
#960=ORIENTED_EDGE('',*,*,#2129,.F.);
#961=ORIENTED_EDGE('',*,*,#2130,.F.);
#962=ORIENTED_EDGE('',*,*,#2113,.T.);
#963=ORIENTED_EDGE('',*,*,#2131,.F.);
#964=ORIENTED_EDGE('',*,*,#2132,.T.);
#965=ORIENTED_EDGE('',*,*,#2102,.F.);
#966=ORIENTED_EDGE('',*,*,#2133,.F.);
#967=ORIENTED_EDGE('',*,*,#2004,.F.);
#968=ORIENTED_EDGE('',*,*,#2134,.T.);
#969=ORIENTED_EDGE('',*,*,#2135,.F.);
#970=ORIENTED_EDGE('',*,*,#2136,.F.);
#971=ORIENTED_EDGE('',*,*,#2137,.F.);
#972=ORIENTED_EDGE('',*,*,#2138,.F.);
#973=ORIENTED_EDGE('',*,*,#2139,.F.);
#974=ORIENTED_EDGE('',*,*,#2106,.F.);
#975=ORIENTED_EDGE('',*,*,#2140,.T.);
#976=ORIENTED_EDGE('',*,*,#2141,.F.);
#977=ORIENTED_EDGE('',*,*,#2142,.F.);
#978=ORIENTED_EDGE('',*,*,#2143,.F.);
#979=ORIENTED_EDGE('',*,*,#2144,.F.);
#980=ORIENTED_EDGE('',*,*,#2145,.T.);
#981=ORIENTED_EDGE('',*,*,#2146,.T.);
#982=ORIENTED_EDGE('',*,*,#2147,.T.);
#983=ORIENTED_EDGE('',*,*,#2148,.T.);
#984=ORIENTED_EDGE('',*,*,#2149,.T.);
#985=ORIENTED_EDGE('',*,*,#2150,.T.);
#986=ORIENTED_EDGE('',*,*,#2151,.T.);
#987=ORIENTED_EDGE('',*,*,#2152,.T.);
#988=ORIENTED_EDGE('',*,*,#2153,.T.);
#989=ORIENTED_EDGE('',*,*,#2107,.T.);
#990=ORIENTED_EDGE('',*,*,#2139,.T.);
#991=ORIENTED_EDGE('',*,*,#2154,.T.);
#992=ORIENTED_EDGE('',*,*,#2155,.F.);
#993=ORIENTED_EDGE('',*,*,#2099,.F.);
#994=ORIENTED_EDGE('',*,*,#2156,.F.);
#995=ORIENTED_EDGE('',*,*,#2157,.T.);
#996=ORIENTED_EDGE('',*,*,#2158,.T.);
#997=ORIENTED_EDGE('',*,*,#2159,.F.);
#998=ORIENTED_EDGE('',*,*,#2160,.F.);
#999=ORIENTED_EDGE('',*,*,#1988,.T.);
#1000=ORIENTED_EDGE('',*,*,#2161,.F.);
#1001=ORIENTED_EDGE('',*,*,#2128,.T.);
#1002=ORIENTED_EDGE('',*,*,#2108,.T.);
#1003=ORIENTED_EDGE('',*,*,#2000,.T.);
#1004=ORIENTED_EDGE('',*,*,#2162,.T.);
#1005=ORIENTED_EDGE('',*,*,#2016,.F.);
#1006=ORIENTED_EDGE('',*,*,#2123,.T.);
#1007=ORIENTED_EDGE('',*,*,#2049,.T.);
#1008=ORIENTED_EDGE('',*,*,#2163,.T.);
#1009=ORIENTED_EDGE('',*,*,#2052,.F.);
#1010=ORIENTED_EDGE('',*,*,#2122,.T.);
#1011=ORIENTED_EDGE('',*,*,#2027,.T.);
#1012=ORIENTED_EDGE('',*,*,#2164,.F.);
#1013=ORIENTED_EDGE('',*,*,#2022,.F.);
#1014=ORIENTED_EDGE('',*,*,#2121,.T.);
#1015=ORIENTED_EDGE('',*,*,#2165,.T.);
#1016=ORIENTED_EDGE('',*,*,#2166,.F.);
#1017=ORIENTED_EDGE('',*,*,#1984,.T.);
#1018=ORIENTED_EDGE('',*,*,#2167,.T.);
#1019=ORIENTED_EDGE('',*,*,#2168,.T.);
#1020=ORIENTED_EDGE('',*,*,#2169,.F.);
#1021=ORIENTED_EDGE('',*,*,#2170,.T.);
#1022=ORIENTED_EDGE('',*,*,#2171,.F.);
#1023=ORIENTED_EDGE('',*,*,#2172,.T.);
#1024=ORIENTED_EDGE('',*,*,#2173,.T.);
#1025=ORIENTED_EDGE('',*,*,#2165,.F.);
#1026=ORIENTED_EDGE('',*,*,#2120,.F.);
#1027=ORIENTED_EDGE('',*,*,#2174,.T.);
#1028=ORIENTED_EDGE('',*,*,#2175,.T.);
#1029=ORIENTED_EDGE('',*,*,#2176,.F.);
#1030=ORIENTED_EDGE('',*,*,#2177,.F.);
#1031=ORIENTED_EDGE('',*,*,#2012,.T.);
#1032=ORIENTED_EDGE('',*,*,#2118,.F.);
#1033=ORIENTED_EDGE('',*,*,#2097,.F.);
#1034=ORIENTED_EDGE('',*,*,#2178,.T.);
#1035=ORIENTED_EDGE('',*,*,#2179,.F.);
#1036=ORIENTED_EDGE('',*,*,#2140,.F.);
#1037=ORIENTED_EDGE('',*,*,#2105,.F.);
#1038=ORIENTED_EDGE('',*,*,#2180,.F.);
#1039=ORIENTED_EDGE('',*,*,#2181,.T.);
#1040=ORIENTED_EDGE('',*,*,#2182,.T.);
#1041=ORIENTED_EDGE('',*,*,#2183,.F.);
#1042=ORIENTED_EDGE('',*,*,#2184,.F.);
#1043=ORIENTED_EDGE('',*,*,#2185,.T.);
#1044=ORIENTED_EDGE('',*,*,#2186,.F.);
#1045=ORIENTED_EDGE('',*,*,#2172,.F.);
#1046=ORIENTED_EDGE('',*,*,#2117,.F.);
#1047=ORIENTED_EDGE('',*,*,#1996,.T.);
#1048=ORIENTED_EDGE('',*,*,#2187,.T.);
#1049=ORIENTED_EDGE('',*,*,#2042,.F.);
#1050=ORIENTED_EDGE('',*,*,#2116,.F.);
#1051=ORIENTED_EDGE('',*,*,#2063,.T.);
#1052=ORIENTED_EDGE('',*,*,#2188,.F.);
#1053=ORIENTED_EDGE('',*,*,#2058,.F.);
#1054=ORIENTED_EDGE('',*,*,#2115,.F.);
#1055=ORIENTED_EDGE('',*,*,#2037,.T.);
#1056=ORIENTED_EDGE('',*,*,#2189,.F.);
#1057=ORIENTED_EDGE('',*,*,#2032,.F.);
#1058=ORIENTED_EDGE('',*,*,#2114,.F.);
#1059=ORIENTED_EDGE('',*,*,#2130,.T.);
#1060=ORIENTED_EDGE('',*,*,#2190,.F.);
#1061=ORIENTED_EDGE('',*,*,#1992,.T.);
#1062=ORIENTED_EDGE('',*,*,#2191,.T.);
#1063=ORIENTED_EDGE('',*,*,#2192,.T.);
#1064=ORIENTED_EDGE('',*,*,#2193,.F.);
#1065=ORIENTED_EDGE('',*,*,#2194,.T.);
#1066=ORIENTED_EDGE('',*,*,#2195,.F.);
#1067=ORIENTED_EDGE('',*,*,#2196,.F.);
#1068=ORIENTED_EDGE('',*,*,#2071,.F.);
#1069=ORIENTED_EDGE('',*,*,#2074,.F.);
#1070=ORIENTED_EDGE('',*,*,#2067,.F.);
#1071=ORIENTED_EDGE('',*,*,#2197,.T.);
#1072=ORIENTED_EDGE('',*,*,#2077,.F.);
#1073=ORIENTED_EDGE('',*,*,#2198,.F.);
#1074=ORIENTED_EDGE('',*,*,#2081,.T.);
#1075=ORIENTED_EDGE('',*,*,#2085,.F.);
#1076=ORIENTED_EDGE('',*,*,#2199,.F.);
#1077=ORIENTED_EDGE('',*,*,#2089,.F.);
#1078=ORIENTED_EDGE('',*,*,#2092,.F.);
#1079=ORIENTED_EDGE('',*,*,#2147,.F.);
#1080=ORIENTED_EDGE('',*,*,#2200,.F.);
#1081=ORIENTED_EDGE('',*,*,#2201,.T.);
#1082=ORIENTED_EDGE('',*,*,#2202,.F.);
#1083=ORIENTED_EDGE('',*,*,#2149,.F.);
#1084=ORIENTED_EDGE('',*,*,#2203,.T.);
#1085=ORIENTED_EDGE('',*,*,#2204,.T.);
#1086=ORIENTED_EDGE('',*,*,#2205,.T.);
#1087=ORIENTED_EDGE('',*,*,#2148,.F.);
#1088=ORIENTED_EDGE('',*,*,#2202,.T.);
#1089=ORIENTED_EDGE('',*,*,#2206,.T.);
#1090=ORIENTED_EDGE('',*,*,#2203,.F.);
#1091=ORIENTED_EDGE('',*,*,#2146,.F.);
#1092=ORIENTED_EDGE('',*,*,#2205,.F.);
#1093=ORIENTED_EDGE('',*,*,#2207,.T.);
#1094=ORIENTED_EDGE('',*,*,#2200,.T.);
#1095=ORIENTED_EDGE('',*,*,#2207,.F.);
#1096=ORIENTED_EDGE('',*,*,#2204,.F.);
#1097=ORIENTED_EDGE('',*,*,#2206,.F.);
#1098=ORIENTED_EDGE('',*,*,#2201,.F.);
#1099=ORIENTED_EDGE('',*,*,#2142,.T.);
#1100=ORIENTED_EDGE('',*,*,#2208,.T.);
#1101=ORIENTED_EDGE('',*,*,#2209,.F.);
#1102=ORIENTED_EDGE('',*,*,#2210,.T.);
#1103=ORIENTED_EDGE('',*,*,#2144,.T.);
#1104=ORIENTED_EDGE('',*,*,#2211,.F.);
#1105=ORIENTED_EDGE('',*,*,#2212,.F.);
#1106=ORIENTED_EDGE('',*,*,#2213,.F.);
#1107=ORIENTED_EDGE('',*,*,#2145,.F.);
#1108=ORIENTED_EDGE('',*,*,#2213,.T.);
#1109=ORIENTED_EDGE('',*,*,#2214,.F.);
#1110=ORIENTED_EDGE('',*,*,#2208,.F.);
#1111=ORIENTED_EDGE('',*,*,#2215,.F.);
#1112=ORIENTED_EDGE('',*,*,#2211,.T.);
#1113=ORIENTED_EDGE('',*,*,#2143,.T.);
#1114=ORIENTED_EDGE('',*,*,#2210,.F.);
#1115=ORIENTED_EDGE('',*,*,#2214,.T.);
#1116=ORIENTED_EDGE('',*,*,#2212,.T.);
#1117=ORIENTED_EDGE('',*,*,#2215,.T.);
#1118=ORIENTED_EDGE('',*,*,#2209,.T.);
#1119=ORIENTED_EDGE('',*,*,#2017,.F.);
#1120=ORIENTED_EDGE('',*,*,#2162,.F.);
#1121=ORIENTED_EDGE('',*,*,#1999,.T.);
#1122=ORIENTED_EDGE('',*,*,#2019,.T.);
#1123=ORIENTED_EDGE('',*,*,#2023,.F.);
#1124=ORIENTED_EDGE('',*,*,#2164,.T.);
#1125=ORIENTED_EDGE('',*,*,#2026,.T.);
#1126=ORIENTED_EDGE('',*,*,#2029,.F.);
#1127=ORIENTED_EDGE('',*,*,#2216,.T.);
#1128=ORIENTED_EDGE('',*,*,#2217,.T.);
#1129=ORIENTED_EDGE('',*,*,#2218,.T.);
#1130=ORIENTED_EDGE('',*,*,#2219,.T.);
#1131=ORIENTED_EDGE('',*,*,#2220,.T.);
#1132=ORIENTED_EDGE('',*,*,#2180,.T.);
#1133=ORIENTED_EDGE('',*,*,#2104,.T.);
#1134=ORIENTED_EDGE('',*,*,#2171,.T.);
#1135=ORIENTED_EDGE('',*,*,#2221,.T.);
#1136=ORIENTED_EDGE('',*,*,#2222,.T.);
#1137=ORIENTED_EDGE('',*,*,#1981,.T.);
#1138=ORIENTED_EDGE('',*,*,#2166,.T.);
#1139=ORIENTED_EDGE('',*,*,#2173,.F.);
#1140=ORIENTED_EDGE('',*,*,#2186,.T.);
#1141=ORIENTED_EDGE('',*,*,#2223,.T.);
#1142=ORIENTED_EDGE('',*,*,#2224,.T.);
#1143=ORIENTED_EDGE('',*,*,#2196,.T.);
#1144=ORIENTED_EDGE('',*,*,#2066,.F.);
#1145=ORIENTED_EDGE('',*,*,#2225,.F.);
#1146=ORIENTED_EDGE('',*,*,#2072,.T.);
#1147=ORIENTED_EDGE('',*,*,#2225,.T.);
#1148=ORIENTED_EDGE('',*,*,#2069,.T.);
#1149=ORIENTED_EDGE('',*,*,#2075,.T.);
#1150=ORIENTED_EDGE('',*,*,#2073,.T.);
#1151=ORIENTED_EDGE('',*,*,#2226,.T.);
#1152=ORIENTED_EDGE('',*,*,#2082,.F.);
#1153=ORIENTED_EDGE('',*,*,#2198,.T.);
#1154=ORIENTED_EDGE('',*,*,#2076,.T.);
#1155=ORIENTED_EDGE('',*,*,#2197,.F.);
#1156=ORIENTED_EDGE('',*,*,#2080,.F.);
#1157=ORIENTED_EDGE('',*,*,#2227,.T.);
#1158=ORIENTED_EDGE('',*,*,#2078,.T.);
#1159=ORIENTED_EDGE('',*,*,#2227,.F.);
#1160=ORIENTED_EDGE('',*,*,#2083,.F.);
#1161=ORIENTED_EDGE('',*,*,#2226,.F.);
#1162=ORIENTED_EDGE('',*,*,#2079,.F.);
#1163=ORIENTED_EDGE('',*,*,#2033,.F.);
#1164=ORIENTED_EDGE('',*,*,#2189,.T.);
#1165=ORIENTED_EDGE('',*,*,#2036,.T.);
#1166=ORIENTED_EDGE('',*,*,#2039,.F.);
#1167=ORIENTED_EDGE('',*,*,#2043,.F.);
#1168=ORIENTED_EDGE('',*,*,#2187,.F.);
#1169=ORIENTED_EDGE('',*,*,#1995,.T.);
#1170=ORIENTED_EDGE('',*,*,#2045,.T.);
#1171=ORIENTED_EDGE('',*,*,#2228,.F.);
#1172=ORIENTED_EDGE('',*,*,#2229,.F.);
#1173=ORIENTED_EDGE('',*,*,#2230,.F.);
#1174=ORIENTED_EDGE('',*,*,#2231,.T.);
#1175=ORIENTED_EDGE('',*,*,#2184,.T.);
#1176=ORIENTED_EDGE('',*,*,#2232,.T.);
#1177=ORIENTED_EDGE('',*,*,#2167,.F.);
#1178=ORIENTED_EDGE('',*,*,#1983,.T.);
#1179=ORIENTED_EDGE('',*,*,#2169,.T.);
#1180=ORIENTED_EDGE('',*,*,#2233,.F.);
#1181=ORIENTED_EDGE('',*,*,#2182,.F.);
#1182=ORIENTED_EDGE('',*,*,#2234,.T.);
#1183=ORIENTED_EDGE('',*,*,#2168,.F.);
#1184=ORIENTED_EDGE('',*,*,#2232,.F.);
#1185=ORIENTED_EDGE('',*,*,#2183,.T.);
#1186=ORIENTED_EDGE('',*,*,#2233,.T.);
#1187=ORIENTED_EDGE('',*,*,#2231,.F.);
#1188=ORIENTED_EDGE('',*,*,#2235,.T.);
#1189=ORIENTED_EDGE('',*,*,#2223,.F.);
#1190=ORIENTED_EDGE('',*,*,#2185,.F.);
#1191=ORIENTED_EDGE('',*,*,#2236,.F.);
#1192=ORIENTED_EDGE('',*,*,#2237,.T.);
#1193=ORIENTED_EDGE('',*,*,#2216,.F.);
#1194=ORIENTED_EDGE('',*,*,#2170,.F.);
#1195=ORIENTED_EDGE('',*,*,#2234,.F.);
#1196=ORIENTED_EDGE('',*,*,#2181,.F.);
#1197=ORIENTED_EDGE('',*,*,#2220,.F.);
#1198=ORIENTED_EDGE('',*,*,#2238,.T.);
#1199=ORIENTED_EDGE('',*,*,#2239,.T.);
#1200=ORIENTED_EDGE('',*,*,#2240,.T.);
#1201=ORIENTED_EDGE('',*,*,#2241,.T.);
#1202=ORIENTED_EDGE('',*,*,#2156,.T.);
#1203=ORIENTED_EDGE('',*,*,#2098,.F.);
#1204=ORIENTED_EDGE('',*,*,#2195,.T.);
#1205=ORIENTED_EDGE('',*,*,#2242,.T.);
#1206=ORIENTED_EDGE('',*,*,#2243,.T.);
#1207=ORIENTED_EDGE('',*,*,#1987,.T.);
#1208=ORIENTED_EDGE('',*,*,#2244,.T.);
#1209=ORIENTED_EDGE('',*,*,#2245,.T.);
#1210=ORIENTED_EDGE('',*,*,#2246,.T.);
#1211=ORIENTED_EDGE('',*,*,#1989,.T.);
#1212=ORIENTED_EDGE('',*,*,#2190,.T.);
#1213=ORIENTED_EDGE('',*,*,#2129,.T.);
#1214=ORIENTED_EDGE('',*,*,#2161,.T.);
#1215=ORIENTED_EDGE('',*,*,#2247,.F.);
#1216=ORIENTED_EDGE('',*,*,#1985,.T.);
#1217=ORIENTED_EDGE('',*,*,#2160,.T.);
#1218=ORIENTED_EDGE('',*,*,#2248,.F.);
#1219=ORIENTED_EDGE('',*,*,#2191,.F.);
#1220=ORIENTED_EDGE('',*,*,#1991,.T.);
#1221=ORIENTED_EDGE('',*,*,#2249,.F.);
#1222=ORIENTED_EDGE('',*,*,#2250,.F.);
#1223=ORIENTED_EDGE('',*,*,#2251,.T.);
#1224=ORIENTED_EDGE('',*,*,#2158,.F.);
#1225=ORIENTED_EDGE('',*,*,#2252,.T.);
#1226=ORIENTED_EDGE('',*,*,#2193,.T.);
#1227=ORIENTED_EDGE('',*,*,#2248,.T.);
#1228=ORIENTED_EDGE('',*,*,#2159,.T.);
#1229=ORIENTED_EDGE('',*,*,#2251,.F.);
#1230=ORIENTED_EDGE('',*,*,#2192,.F.);
#1231=ORIENTED_EDGE('',*,*,#2245,.F.);
#1232=ORIENTED_EDGE('',*,*,#2253,.F.);
#1233=ORIENTED_EDGE('',*,*,#2250,.T.);
#1234=ORIENTED_EDGE('',*,*,#2254,.F.);
#1235=ORIENTED_EDGE('',*,*,#2255,.F.);
#1236=ORIENTED_EDGE('',*,*,#2256,.T.);
#1237=ORIENTED_EDGE('',*,*,#2242,.F.);
#1238=ORIENTED_EDGE('',*,*,#2194,.F.);
#1239=ORIENTED_EDGE('',*,*,#2252,.F.);
#1240=ORIENTED_EDGE('',*,*,#2157,.F.);
#1241=ORIENTED_EDGE('',*,*,#2241,.F.);
#1242=ORIENTED_EDGE('',*,*,#2257,.T.);
#1243=ORIENTED_EDGE('',*,*,#2048,.T.);
#1244=ORIENTED_EDGE('',*,*,#2055,.T.);
#1245=ORIENTED_EDGE('',*,*,#2053,.F.);
#1246=ORIENTED_EDGE('',*,*,#2163,.F.);
#1247=ORIENTED_EDGE('',*,*,#2065,.F.);
#1248=ORIENTED_EDGE('',*,*,#2059,.F.);
#1249=ORIENTED_EDGE('',*,*,#2188,.T.);
#1250=ORIENTED_EDGE('',*,*,#2062,.T.);
#1251=ORIENTED_EDGE('',*,*,#2258,.T.);
#1252=ORIENTED_EDGE('',*,*,#2008,.F.);
#1253=ORIENTED_EDGE('',*,*,#2013,.F.);
#1254=ORIENTED_EDGE('',*,*,#2177,.T.);
#1255=ORIENTED_EDGE('',*,*,#2259,.T.);
#1256=ORIENTED_EDGE('',*,*,#2260,.T.);
#1257=ORIENTED_EDGE('',*,*,#2174,.F.);
#1258=ORIENTED_EDGE('',*,*,#2119,.T.);
#1259=ORIENTED_EDGE('',*,*,#2005,.F.);
#1260=ORIENTED_EDGE('',*,*,#2261,.T.);
#1261=ORIENTED_EDGE('',*,*,#2262,.T.);
#1262=ORIENTED_EDGE('',*,*,#2263,.T.);
#1263=ORIENTED_EDGE('',*,*,#2009,.T.);
#1264=ORIENTED_EDGE('',*,*,#2258,.F.);
#1265=ORIENTED_EDGE('',*,*,#2176,.T.);
#1266=ORIENTED_EDGE('',*,*,#2264,.F.);
#1267=ORIENTED_EDGE('',*,*,#2265,.T.);
#1268=ORIENTED_EDGE('',*,*,#2266,.T.);
#1269=ORIENTED_EDGE('',*,*,#2267,.F.);
#1270=ORIENTED_EDGE('',*,*,#2259,.F.);
#1271=ORIENTED_EDGE('',*,*,#2268,.F.);
#1272=ORIENTED_EDGE('',*,*,#2262,.F.);
#1273=ORIENTED_EDGE('',*,*,#2269,.T.);
#1274=ORIENTED_EDGE('',*,*,#2270,.T.);
#1275=ORIENTED_EDGE('',*,*,#2267,.T.);
#1276=ORIENTED_EDGE('',*,*,#2271,.T.);
#1277=ORIENTED_EDGE('',*,*,#2269,.F.);
#1278=ORIENTED_EDGE('',*,*,#2264,.T.);
#1279=ORIENTED_EDGE('',*,*,#2175,.F.);
#1280=ORIENTED_EDGE('',*,*,#2260,.F.);
#1281=ORIENTED_EDGE('',*,*,#2010,.F.);
#1282=ORIENTED_EDGE('',*,*,#2263,.F.);
#1283=ORIENTED_EDGE('',*,*,#2268,.T.);
#1284=ORIENTED_EDGE('',*,*,#2272,.T.);
#1285=ORIENTED_EDGE('',*,*,#2265,.F.);
#1286=ORIENTED_EDGE('',*,*,#2261,.F.);
#1287=ORIENTED_EDGE('',*,*,#2271,.F.);
#1288=ORIENTED_EDGE('',*,*,#2266,.F.);
#1289=ORIENTED_EDGE('',*,*,#2272,.F.);
#1290=ORIENTED_EDGE('',*,*,#2270,.F.);
#1291=ORIENTED_EDGE('',*,*,#2273,.F.);
#1292=ORIENTED_EDGE('',*,*,#2131,.T.);
#1293=ORIENTED_EDGE('',*,*,#2112,.T.);
#1294=ORIENTED_EDGE('',*,*,#2126,.F.);
#1295=ORIENTED_EDGE('',*,*,#2274,.T.);
#1296=ORIENTED_EDGE('',*,*,#2275,.T.);
#1297=ORIENTED_EDGE('',*,*,#2110,.F.);
#1298=ORIENTED_EDGE('',*,*,#2127,.F.);
#1299=ORIENTED_EDGE('',*,*,#2276,.T.);
#1300=ORIENTED_EDGE('',*,*,#2277,.T.);
#1301=ORIENTED_EDGE('',*,*,#2278,.F.);
#1302=ORIENTED_EDGE('',*,*,#2124,.T.);
#1303=ORIENTED_EDGE('',*,*,#2279,.T.);
#1304=ORIENTED_EDGE('',*,*,#2280,.T.);
#1305=ORIENTED_EDGE('',*,*,#2281,.F.);
#1306=ORIENTED_EDGE('',*,*,#2275,.F.);
#1307=ORIENTED_EDGE('',*,*,#2282,.T.);
#1308=ORIENTED_EDGE('',*,*,#2283,.T.);
#1309=ORIENTED_EDGE('',*,*,#2284,.F.);
#1310=ORIENTED_EDGE('',*,*,#2277,.F.);
#1311=ORIENTED_EDGE('',*,*,#2276,.F.);
#1312=ORIENTED_EDGE('',*,*,#2132,.F.);
#1313=ORIENTED_EDGE('',*,*,#2273,.T.);
#1314=ORIENTED_EDGE('',*,*,#2281,.T.);
#1315=ORIENTED_EDGE('',*,*,#2285,.T.);
#1316=ORIENTED_EDGE('',*,*,#2282,.F.);
#1317=ORIENTED_EDGE('',*,*,#2286,.T.);
#1318=ORIENTED_EDGE('',*,*,#2279,.F.);
#1319=ORIENTED_EDGE('',*,*,#2274,.F.);
#1320=ORIENTED_EDGE('',*,*,#2125,.F.);
#1321=ORIENTED_EDGE('',*,*,#2278,.T.);
#1322=ORIENTED_EDGE('',*,*,#2284,.T.);
#1323=ORIENTED_EDGE('',*,*,#2285,.F.);
#1324=ORIENTED_EDGE('',*,*,#2280,.F.);
#1325=ORIENTED_EDGE('',*,*,#2286,.F.);
#1326=ORIENTED_EDGE('',*,*,#2283,.F.);
#1327=ORIENTED_EDGE('',*,*,#2287,.F.);
#1328=ORIENTED_EDGE('',*,*,#2151,.F.);
#1329=ORIENTED_EDGE('',*,*,#2288,.T.);
#1330=ORIENTED_EDGE('',*,*,#2289,.T.);
#1331=ORIENTED_EDGE('',*,*,#2153,.F.);
#1332=ORIENTED_EDGE('',*,*,#2290,.T.);
#1333=ORIENTED_EDGE('',*,*,#2291,.T.);
#1334=ORIENTED_EDGE('',*,*,#2292,.F.);
#1335=ORIENTED_EDGE('',*,*,#2152,.F.);
#1336=ORIENTED_EDGE('',*,*,#2287,.T.);
#1337=ORIENTED_EDGE('',*,*,#2293,.F.);
#1338=ORIENTED_EDGE('',*,*,#2294,.T.);
#1339=ORIENTED_EDGE('',*,*,#2295,.F.);
#1340=ORIENTED_EDGE('',*,*,#2290,.F.);
#1341=ORIENTED_EDGE('',*,*,#2150,.F.);
#1342=ORIENTED_EDGE('',*,*,#2292,.T.);
#1343=ORIENTED_EDGE('',*,*,#2296,.T.);
#1344=ORIENTED_EDGE('',*,*,#2288,.F.);
#1345=ORIENTED_EDGE('',*,*,#2291,.F.);
#1346=ORIENTED_EDGE('',*,*,#2295,.T.);
#1347=ORIENTED_EDGE('',*,*,#2297,.T.);
#1348=ORIENTED_EDGE('',*,*,#2298,.T.);
#1349=ORIENTED_EDGE('',*,*,#2299,.F.);
#1350=ORIENTED_EDGE('',*,*,#2289,.F.);
#1351=ORIENTED_EDGE('',*,*,#2300,.T.);
#1352=ORIENTED_EDGE('',*,*,#2301,.T.);
#1353=ORIENTED_EDGE('',*,*,#2302,.T.);
#1354=ORIENTED_EDGE('',*,*,#2293,.T.);
#1355=ORIENTED_EDGE('',*,*,#2296,.F.);
#1356=ORIENTED_EDGE('',*,*,#2299,.T.);
#1357=ORIENTED_EDGE('',*,*,#2303,.T.);
#1358=ORIENTED_EDGE('',*,*,#2300,.F.);
#1359=ORIENTED_EDGE('',*,*,#2304,.T.);
#1360=ORIENTED_EDGE('',*,*,#2305,.T.);
#1361=ORIENTED_EDGE('',*,*,#2306,.F.);
#1362=ORIENTED_EDGE('',*,*,#2298,.F.);
#1363=ORIENTED_EDGE('',*,*,#2307,.T.);
#1364=ORIENTED_EDGE('',*,*,#2308,.T.);
#1365=ORIENTED_EDGE('',*,*,#2309,.F.);
#1366=ORIENTED_EDGE('',*,*,#2301,.F.);
#1367=ORIENTED_EDGE('',*,*,#2310,.T.);
#1368=ORIENTED_EDGE('',*,*,#2307,.F.);
#1369=ORIENTED_EDGE('',*,*,#2303,.F.);
#1370=ORIENTED_EDGE('',*,*,#2306,.T.);
#1371=ORIENTED_EDGE('',*,*,#2309,.T.);
#1372=ORIENTED_EDGE('',*,*,#2311,.T.);
#1373=ORIENTED_EDGE('',*,*,#2304,.F.);
#1374=ORIENTED_EDGE('',*,*,#2297,.F.);
#1375=ORIENTED_EDGE('',*,*,#2294,.F.);
#1376=ORIENTED_EDGE('',*,*,#2302,.F.);
#1377=ORIENTED_EDGE('',*,*,#2311,.F.);
#1378=ORIENTED_EDGE('',*,*,#2308,.F.);
#1379=ORIENTED_EDGE('',*,*,#2310,.F.);
#1380=ORIENTED_EDGE('',*,*,#2305,.F.);
#1381=ORIENTED_EDGE('',*,*,#2199,.T.);
#1382=ORIENTED_EDGE('',*,*,#2084,.T.);
#1383=ORIENTED_EDGE('',*,*,#2312,.F.);
#1384=ORIENTED_EDGE('',*,*,#2090,.F.);
#1385=ORIENTED_EDGE('',*,*,#2091,.T.);
#1386=ORIENTED_EDGE('',*,*,#2313,.T.);
#1387=ORIENTED_EDGE('',*,*,#2314,.F.);
#1388=ORIENTED_EDGE('',*,*,#2315,.T.);
#1389=ORIENTED_EDGE('',*,*,#2093,.T.);
#1390=ORIENTED_EDGE('',*,*,#2087,.T.);
#1391=ORIENTED_EDGE('',*,*,#2095,.T.);
#1392=ORIENTED_EDGE('',*,*,#2316,.T.);
#1393=ORIENTED_EDGE('',*,*,#2317,.F.);
#1394=ORIENTED_EDGE('',*,*,#2318,.F.);
#1395=ORIENTED_EDGE('',*,*,#2312,.T.);
#1396=ORIENTED_EDGE('',*,*,#2318,.T.);
#1397=ORIENTED_EDGE('',*,*,#2319,.F.);
#1398=ORIENTED_EDGE('',*,*,#2313,.F.);
#1399=ORIENTED_EDGE('',*,*,#2320,.T.);
#1400=ORIENTED_EDGE('',*,*,#2321,.F.);
#1401=ORIENTED_EDGE('',*,*,#2322,.F.);
#1402=ORIENTED_EDGE('',*,*,#2314,.T.);
#1403=ORIENTED_EDGE('',*,*,#2323,.T.);
#1404=ORIENTED_EDGE('',*,*,#2324,.F.);
#1405=ORIENTED_EDGE('',*,*,#2325,.F.);
#1406=ORIENTED_EDGE('',*,*,#2317,.T.);
#1407=ORIENTED_EDGE('',*,*,#2326,.F.);
#1408=ORIENTED_EDGE('',*,*,#2320,.F.);
#1409=ORIENTED_EDGE('',*,*,#2319,.T.);
#1410=ORIENTED_EDGE('',*,*,#2325,.T.);
#1411=ORIENTED_EDGE('',*,*,#2322,.T.);
#1412=ORIENTED_EDGE('',*,*,#2327,.F.);
#1413=ORIENTED_EDGE('',*,*,#2323,.F.);
#1414=ORIENTED_EDGE('',*,*,#2316,.F.);
#1415=ORIENTED_EDGE('',*,*,#2094,.T.);
#1416=ORIENTED_EDGE('',*,*,#2315,.F.);
#1417=ORIENTED_EDGE('',*,*,#2327,.T.);
#1418=ORIENTED_EDGE('',*,*,#2321,.T.);
#1419=ORIENTED_EDGE('',*,*,#2326,.T.);
#1420=ORIENTED_EDGE('',*,*,#2324,.T.);
#1421=ORIENTED_EDGE('',*,*,#2155,.T.);
#1422=ORIENTED_EDGE('',*,*,#2328,.T.);
#1423=ORIENTED_EDGE('',*,*,#2178,.F.);
#1424=ORIENTED_EDGE('',*,*,#2096,.T.);
#1425=ORIENTED_EDGE('',*,*,#2329,.T.);
#1426=ORIENTED_EDGE('',*,*,#2002,.T.);
#1427=ORIENTED_EDGE('',*,*,#2330,.T.);
#1428=ORIENTED_EDGE('',*,*,#2100,.T.);
#1429=ORIENTED_EDGE('',*,*,#2328,.F.);
#1430=ORIENTED_EDGE('',*,*,#2154,.F.);
#1431=ORIENTED_EDGE('',*,*,#2141,.T.);
#1432=ORIENTED_EDGE('',*,*,#2179,.T.);
#1433=ORIENTED_EDGE('',*,*,#2329,.F.);
#1434=ORIENTED_EDGE('',*,*,#2103,.F.);
#1435=ORIENTED_EDGE('',*,*,#2134,.F.);
#1436=ORIENTED_EDGE('',*,*,#2003,.F.);
#1437=ORIENTED_EDGE('',*,*,#2133,.T.);
#1438=ORIENTED_EDGE('',*,*,#2101,.T.);
#1439=ORIENTED_EDGE('',*,*,#2330,.F.);
#1440=ORIENTED_EDGE('',*,*,#2001,.F.);
#1441=ORIENTED_EDGE('',*,*,#2240,.F.);
#1442=ORIENTED_EDGE('',*,*,#2331,.T.);
#1443=ORIENTED_EDGE('',*,*,#2332,.F.);
#1444=ORIENTED_EDGE('',*,*,#2257,.F.);
#1445=ORIENTED_EDGE('',*,*,#2331,.F.);
#1446=ORIENTED_EDGE('',*,*,#2239,.F.);
#1447=ORIENTED_EDGE('',*,*,#2333,.F.);
#1448=ORIENTED_EDGE('',*,*,#2334,.F.);
#1449=ORIENTED_EDGE('',*,*,#2335,.T.);
#1450=ORIENTED_EDGE('',*,*,#2255,.T.);
#1451=ORIENTED_EDGE('',*,*,#2332,.T.);
#1452=ORIENTED_EDGE('',*,*,#2334,.T.);
#1453=ORIENTED_EDGE('',*,*,#2243,.F.);
#1454=ORIENTED_EDGE('',*,*,#2256,.F.);
#1455=ORIENTED_EDGE('',*,*,#2335,.F.);
#1456=ORIENTED_EDGE('',*,*,#2333,.T.);
#1457=ORIENTED_EDGE('',*,*,#2246,.F.);
#1458=ORIENTED_EDGE('',*,*,#2254,.T.);
#1459=ORIENTED_EDGE('',*,*,#2249,.T.);
#1460=ORIENTED_EDGE('',*,*,#1990,.F.);
#1461=ORIENTED_EDGE('',*,*,#2244,.F.);
#1462=ORIENTED_EDGE('',*,*,#1986,.F.);
#1463=ORIENTED_EDGE('',*,*,#2247,.T.);
#1464=ORIENTED_EDGE('',*,*,#2253,.T.);
#1465=ORIENTED_EDGE('',*,*,#2336,.T.);
#1466=ORIENTED_EDGE('',*,*,#2236,.T.);
#1467=ORIENTED_EDGE('',*,*,#2337,.F.);
#1468=ORIENTED_EDGE('',*,*,#2338,.F.);
#1469=ORIENTED_EDGE('',*,*,#2219,.F.);
#1470=ORIENTED_EDGE('',*,*,#2339,.F.);
#1471=ORIENTED_EDGE('',*,*,#2337,.T.);
#1472=ORIENTED_EDGE('',*,*,#2238,.F.);
#1473=ORIENTED_EDGE('',*,*,#2217,.F.);
#1474=ORIENTED_EDGE('',*,*,#2237,.F.);
#1475=ORIENTED_EDGE('',*,*,#2336,.F.);
#1476=ORIENTED_EDGE('',*,*,#2340,.F.);
#1477=ORIENTED_EDGE('',*,*,#2218,.F.);
#1478=ORIENTED_EDGE('',*,*,#2340,.T.);
#1479=ORIENTED_EDGE('',*,*,#2338,.T.);
#1480=ORIENTED_EDGE('',*,*,#2339,.T.);
#1481=ORIENTED_EDGE('',*,*,#2222,.F.);
#1482=ORIENTED_EDGE('',*,*,#2341,.T.);
#1483=ORIENTED_EDGE('',*,*,#2228,.T.);
#1484=ORIENTED_EDGE('',*,*,#1982,.F.);
#1485=ORIENTED_EDGE('',*,*,#2224,.F.);
#1486=ORIENTED_EDGE('',*,*,#2235,.F.);
#1487=ORIENTED_EDGE('',*,*,#2230,.T.);
#1488=ORIENTED_EDGE('',*,*,#2342,.F.);
#1489=ORIENTED_EDGE('',*,*,#2221,.F.);
#1490=ORIENTED_EDGE('',*,*,#2342,.T.);
#1491=ORIENTED_EDGE('',*,*,#2229,.T.);
#1492=ORIENTED_EDGE('',*,*,#2341,.F.);
#1493=ORIENTED_EDGE('',*,*,#2343,.T.);
#1494=ORIENTED_EDGE('',*,*,#2344,.T.);
#1495=ORIENTED_EDGE('',*,*,#2345,.F.);
#1496=ORIENTED_EDGE('',*,*,#2346,.F.);
#1497=ORIENTED_EDGE('',*,*,#2347,.F.);
#1498=ORIENTED_EDGE('',*,*,#2348,.T.);
#1499=ORIENTED_EDGE('',*,*,#2349,.T.);
#1500=ORIENTED_EDGE('',*,*,#2350,.T.);
#1501=ORIENTED_EDGE('',*,*,#2351,.T.);
#1502=ORIENTED_EDGE('',*,*,#2352,.T.);
#1503=ORIENTED_EDGE('',*,*,#2353,.F.);
#1504=ORIENTED_EDGE('',*,*,#2354,.F.);
#1505=ORIENTED_EDGE('',*,*,#2355,.F.);
#1506=ORIENTED_EDGE('',*,*,#2356,.T.);
#1507=ORIENTED_EDGE('',*,*,#2357,.T.);
#1508=ORIENTED_EDGE('',*,*,#2358,.T.);
#1509=ORIENTED_EDGE('',*,*,#2357,.F.);
#1510=ORIENTED_EDGE('',*,*,#2359,.T.);
#1511=ORIENTED_EDGE('',*,*,#2343,.F.);
#1512=ORIENTED_EDGE('',*,*,#2360,.F.);
#1513=ORIENTED_EDGE('',*,*,#2361,.F.);
#1514=ORIENTED_EDGE('',*,*,#2362,.T.);
#1515=ORIENTED_EDGE('',*,*,#2363,.F.);
#1516=ORIENTED_EDGE('',*,*,#2359,.F.);
#1517=ORIENTED_EDGE('',*,*,#2351,.F.);
#1518=ORIENTED_EDGE('',*,*,#2364,.T.);
#1519=ORIENTED_EDGE('',*,*,#2349,.F.);
#1520=ORIENTED_EDGE('',*,*,#2362,.F.);
#1521=ORIENTED_EDGE('',*,*,#2358,.F.);
#1522=ORIENTED_EDGE('',*,*,#2360,.T.);
#1523=ORIENTED_EDGE('',*,*,#2350,.F.);
#1524=ORIENTED_EDGE('',*,*,#2364,.F.);
#1525=ORIENTED_EDGE('',*,*,#2355,.T.);
#1526=ORIENTED_EDGE('',*,*,#2365,.T.);
#1527=ORIENTED_EDGE('',*,*,#2345,.T.);
#1528=ORIENTED_EDGE('',*,*,#2366,.F.);
#1529=ORIENTED_EDGE('',*,*,#2367,.T.);
#1530=ORIENTED_EDGE('',*,*,#2366,.T.);
#1531=ORIENTED_EDGE('',*,*,#2368,.T.);
#1532=ORIENTED_EDGE('',*,*,#2369,.F.);
#1533=ORIENTED_EDGE('',*,*,#2353,.T.);
#1534=ORIENTED_EDGE('',*,*,#2369,.T.);
#1535=ORIENTED_EDGE('',*,*,#2347,.T.);
#1536=ORIENTED_EDGE('',*,*,#2370,.F.);
#1537=ORIENTED_EDGE('',*,*,#2354,.T.);
#1538=ORIENTED_EDGE('',*,*,#2370,.T.);
#1539=ORIENTED_EDGE('',*,*,#2346,.T.);
#1540=ORIENTED_EDGE('',*,*,#2365,.F.);
#1541=ORIENTED_EDGE('',*,*,#2371,.F.);
#1542=ORIENTED_EDGE('',*,*,#2135,.T.);
#1543=ORIENTED_EDGE('',*,*,#2372,.T.);
#1544=ORIENTED_EDGE('',*,*,#2363,.T.);
#1545=ORIENTED_EDGE('',*,*,#2372,.F.);
#1546=ORIENTED_EDGE('',*,*,#2138,.T.);
#1547=ORIENTED_EDGE('',*,*,#2373,.T.);
#1548=ORIENTED_EDGE('',*,*,#2344,.F.);
#1549=ORIENTED_EDGE('',*,*,#2373,.F.);
#1550=ORIENTED_EDGE('',*,*,#2137,.T.);
#1551=ORIENTED_EDGE('',*,*,#2374,.T.);
#1552=ORIENTED_EDGE('',*,*,#2368,.F.);
#1553=ORIENTED_EDGE('',*,*,#2374,.F.);
#1554=ORIENTED_EDGE('',*,*,#2136,.T.);
#1555=ORIENTED_EDGE('',*,*,#2371,.T.);
#1556=ORIENTED_EDGE('',*,*,#2348,.F.);
#1557=ORIENTED_EDGE('',*,*,#2375,.F.);
#1558=ORIENTED_EDGE('',*,*,#2376,.T.);
#1559=ORIENTED_EDGE('',*,*,#2377,.T.);
#1560=ORIENTED_EDGE('',*,*,#2378,.T.);
#1561=ORIENTED_EDGE('',*,*,#2379,.F.);
#1562=ORIENTED_EDGE('',*,*,#2380,.F.);
#1563=ORIENTED_EDGE('',*,*,#2381,.F.);
#1564=ORIENTED_EDGE('',*,*,#2382,.F.);
#1565=ORIENTED_EDGE('',*,*,#2383,.T.);
#1566=ORIENTED_EDGE('',*,*,#2384,.T.);
#1567=ORIENTED_EDGE('',*,*,#2385,.T.);
#1568=ORIENTED_EDGE('',*,*,#2380,.T.);
#1569=ORIENTED_EDGE('',*,*,#2386,.F.);
#1570=ORIENTED_EDGE('',*,*,#2387,.T.);
#1571=ORIENTED_EDGE('',*,*,#2388,.T.);
#1572=ORIENTED_EDGE('',*,*,#2389,.T.);
#1573=ORIENTED_EDGE('',*,*,#2383,.F.);
#1574=ORIENTED_EDGE('',*,*,#2390,.F.);
#1575=ORIENTED_EDGE('',*,*,#2391,.F.);
#1576=ORIENTED_EDGE('',*,*,#2392,.T.);
#1577=ORIENTED_EDGE('',*,*,#2393,.T.);
#1578=ORIENTED_EDGE('',*,*,#2394,.T.);
#1579=ORIENTED_EDGE('',*,*,#2395,.F.);
#1580=ORIENTED_EDGE('',*,*,#2390,.T.);
#1581=ORIENTED_EDGE('',*,*,#2386,.T.);
#1582=ORIENTED_EDGE('',*,*,#2382,.T.);
#1583=ORIENTED_EDGE('',*,*,#2396,.F.);
#1584=ORIENTED_EDGE('',*,*,#2397,.T.);
#1585=ORIENTED_EDGE('',*,*,#2391,.T.);
#1586=ORIENTED_EDGE('',*,*,#2395,.T.);
#1587=ORIENTED_EDGE('',*,*,#2398,.T.);
#1588=ORIENTED_EDGE('',*,*,#2399,.T.);
#1589=ORIENTED_EDGE('',*,*,#2396,.T.);
#1590=ORIENTED_EDGE('',*,*,#2381,.T.);
#1591=ORIENTED_EDGE('',*,*,#2385,.F.);
#1592=ORIENTED_EDGE('',*,*,#2389,.F.);
#1593=ORIENTED_EDGE('',*,*,#2400,.T.);
#1594=ORIENTED_EDGE('',*,*,#2401,.T.);
#1595=ORIENTED_EDGE('',*,*,#2402,.F.);
#1596=ORIENTED_EDGE('',*,*,#2398,.F.);
#1597=ORIENTED_EDGE('',*,*,#2384,.F.);
#1598=ORIENTED_EDGE('',*,*,#2403,.T.);
#1599=ORIENTED_EDGE('',*,*,#2404,.T.);
#1600=ORIENTED_EDGE('',*,*,#2392,.F.);
#1601=ORIENTED_EDGE('',*,*,#2397,.F.);
#1602=ORIENTED_EDGE('',*,*,#2399,.F.);
#1603=ORIENTED_EDGE('',*,*,#2402,.T.);
#1604=ORIENTED_EDGE('',*,*,#2388,.F.);
#1605=ORIENTED_EDGE('',*,*,#2405,.T.);
#1606=ORIENTED_EDGE('',*,*,#2378,.F.);
#1607=ORIENTED_EDGE('',*,*,#2406,.F.);
#1608=ORIENTED_EDGE('',*,*,#2400,.F.);
#1609=ORIENTED_EDGE('',*,*,#2407,.F.);
#1610=ORIENTED_EDGE('',*,*,#2405,.F.);
#1611=ORIENTED_EDGE('',*,*,#2387,.F.);
#1612=ORIENTED_EDGE('',*,*,#2408,.T.);
#1613=ORIENTED_EDGE('',*,*,#2376,.F.);
#1614=ORIENTED_EDGE('',*,*,#2408,.F.);
#1615=ORIENTED_EDGE('',*,*,#2393,.F.);
#1616=ORIENTED_EDGE('',*,*,#2404,.F.);
#1617=ORIENTED_EDGE('',*,*,#2409,.T.);
#1618=ORIENTED_EDGE('',*,*,#2401,.F.);
#1619=ORIENTED_EDGE('',*,*,#2406,.T.);
#1620=ORIENTED_EDGE('',*,*,#2377,.F.);
#1621=ORIENTED_EDGE('',*,*,#2409,.F.);
#1622=ORIENTED_EDGE('',*,*,#2403,.F.);
#1623=ORIENTED_EDGE('',*,*,#2361,.T.);
#1624=ORIENTED_EDGE('',*,*,#2410,.F.);
#1625=ORIENTED_EDGE('',*,*,#2394,.F.);
#1626=ORIENTED_EDGE('',*,*,#2411,.T.);
#1627=ORIENTED_EDGE('',*,*,#2352,.F.);
#1628=ORIENTED_EDGE('',*,*,#2411,.F.);
#1629=ORIENTED_EDGE('',*,*,#2379,.T.);
#1630=ORIENTED_EDGE('',*,*,#2412,.T.);
#1631=ORIENTED_EDGE('',*,*,#2367,.F.);
#1632=ORIENTED_EDGE('',*,*,#2412,.F.);
#1633=ORIENTED_EDGE('',*,*,#2407,.T.);
#1634=ORIENTED_EDGE('',*,*,#2413,.T.);
#1635=ORIENTED_EDGE('',*,*,#2356,.F.);
#1636=ORIENTED_EDGE('',*,*,#2413,.F.);
#1637=ORIENTED_EDGE('',*,*,#2375,.T.);
#1638=ORIENTED_EDGE('',*,*,#2410,.T.);
#1639=ORIENTED_EDGE('',*,*,#2414,.F.);
#1640=ORIENTED_EDGE('',*,*,#2415,.T.);
#1641=ORIENTED_EDGE('',*,*,#2416,.T.);
#1642=ORIENTED_EDGE('',*,*,#2417,.F.);
#1643=ORIENTED_EDGE('',*,*,#2418,.F.);
#1644=ORIENTED_EDGE('',*,*,#2419,.T.);
#1645=ORIENTED_EDGE('',*,*,#2417,.T.);
#1646=ORIENTED_EDGE('',*,*,#2420,.F.);
#1647=ORIENTED_EDGE('',*,*,#2421,.F.);
#1648=ORIENTED_EDGE('',*,*,#2422,.T.);
#1649=ORIENTED_EDGE('',*,*,#2420,.T.);
#1650=ORIENTED_EDGE('',*,*,#2416,.F.);
#1651=ORIENTED_EDGE('',*,*,#2423,.F.);
#1652=ORIENTED_EDGE('',*,*,#2424,.T.);
#1653=ORIENTED_EDGE('',*,*,#2414,.T.);
#1654=ORIENTED_EDGE('',*,*,#2419,.F.);
#1655=ORIENTED_EDGE('',*,*,#2425,.F.);
#1656=ORIENTED_EDGE('',*,*,#2421,.T.);
#1657=ORIENTED_EDGE('',*,*,#2415,.F.);
#1658=ORIENTED_EDGE('',*,*,#2424,.F.);
#1659=ORIENTED_EDGE('',*,*,#2422,.F.);
#1660=ORIENTED_EDGE('',*,*,#2425,.T.);
#1661=ORIENTED_EDGE('',*,*,#2423,.T.);
#1662=ORIENTED_EDGE('',*,*,#2418,.T.);
#1663=ORIENTED_EDGE('',*,*,#2426,.F.);
#1664=ORIENTED_EDGE('',*,*,#2427,.T.);
#1665=ORIENTED_EDGE('',*,*,#2428,.T.);
#1666=ORIENTED_EDGE('',*,*,#2429,.F.);
#1667=ORIENTED_EDGE('',*,*,#2430,.F.);
#1668=ORIENTED_EDGE('',*,*,#2431,.T.);
#1669=ORIENTED_EDGE('',*,*,#2432,.T.);
#1670=ORIENTED_EDGE('',*,*,#2433,.T.);
#1671=ORIENTED_EDGE('',*,*,#2434,.F.);
#1672=ORIENTED_EDGE('',*,*,#2430,.T.);
#1673=ORIENTED_EDGE('',*,*,#2435,.T.);
#1674=ORIENTED_EDGE('',*,*,#2428,.F.);
#1675=ORIENTED_EDGE('',*,*,#2432,.F.);
#1676=ORIENTED_EDGE('',*,*,#2436,.T.);
#1677=ORIENTED_EDGE('',*,*,#2426,.T.);
#1678=ORIENTED_EDGE('',*,*,#2437,.F.);
#1679=ORIENTED_EDGE('',*,*,#2433,.F.);
#1680=ORIENTED_EDGE('',*,*,#2437,.T.);
#1681=ORIENTED_EDGE('',*,*,#2429,.T.);
#1682=ORIENTED_EDGE('',*,*,#2435,.F.);
#1683=ORIENTED_EDGE('',*,*,#2431,.F.);
#1684=ORIENTED_EDGE('',*,*,#2434,.T.);
#1685=ORIENTED_EDGE('',*,*,#2427,.F.);
#1686=ORIENTED_EDGE('',*,*,#2436,.F.);
#1687=VERTEX_POINT('',#4303);
#1688=VERTEX_POINT('',#4304);
#1689=VERTEX_POINT('',#4306);
#1690=VERTEX_POINT('',#4308);
#1691=VERTEX_POINT('',#4312);
#1692=VERTEX_POINT('',#4313);
#1693=VERTEX_POINT('',#4315);
#1694=VERTEX_POINT('',#4317);
#1695=VERTEX_POINT('',#4321);
#1696=VERTEX_POINT('',#4322);
#1697=VERTEX_POINT('',#4324);
#1698=VERTEX_POINT('',#4326);
#1699=VERTEX_POINT('',#4330);
#1700=VERTEX_POINT('',#4331);
#1701=VERTEX_POINT('',#4333);
#1702=VERTEX_POINT('',#4335);
#1703=VERTEX_POINT('',#4339);
#1704=VERTEX_POINT('',#4340);
#1705=VERTEX_POINT('',#4342);
#1706=VERTEX_POINT('',#4344);
#1707=VERTEX_POINT('',#4348);
#1708=VERTEX_POINT('',#4349);
#1709=VERTEX_POINT('',#4351);
#1710=VERTEX_POINT('',#4353);
#1711=VERTEX_POINT('',#4357);
#1712=VERTEX_POINT('',#4358);
#1713=VERTEX_POINT('',#4360);
#1714=VERTEX_POINT('',#4362);
#1715=VERTEX_POINT('',#4364);
#1716=VERTEX_POINT('',#4366);
#1717=VERTEX_POINT('',#4370);
#1718=VERTEX_POINT('',#4372);
#1719=VERTEX_POINT('',#4376);
#1720=VERTEX_POINT('',#4377);
#1721=VERTEX_POINT('',#4379);
#1722=VERTEX_POINT('',#4381);
#1723=VERTEX_POINT('',#4388);
#1724=VERTEX_POINT('',#4389);
#1725=VERTEX_POINT('',#4391);
#1726=VERTEX_POINT('',#4393);
#1727=VERTEX_POINT('',#4397);
#1728=VERTEX_POINT('',#4398);
#1729=VERTEX_POINT('',#4400);
#1730=VERTEX_POINT('',#4402);
#1731=VERTEX_POINT('',#4409);
#1732=VERTEX_POINT('',#4410);
#1733=VERTEX_POINT('',#4412);
#1734=VERTEX_POINT('',#4414);
#1735=VERTEX_POINT('',#4418);
#1736=VERTEX_POINT('',#4419);
#1737=VERTEX_POINT('',#4421);
#1738=VERTEX_POINT('',#4423);
#1739=VERTEX_POINT('',#4430);
#1740=VERTEX_POINT('',#4431);
#1741=VERTEX_POINT('',#4433);
#1742=VERTEX_POINT('',#4435);
#1743=VERTEX_POINT('',#4442);
#1744=VERTEX_POINT('',#4443);
#1745=VERTEX_POINT('',#4445);
#1746=VERTEX_POINT('',#4447);
#1747=VERTEX_POINT('',#4451);
#1748=VERTEX_POINT('',#4452);
#1749=VERTEX_POINT('',#4454);
#1750=VERTEX_POINT('',#4456);
#1751=VERTEX_POINT('',#4463);
#1752=VERTEX_POINT('',#4464);
#1753=VERTEX_POINT('',#4466);
#1754=VERTEX_POINT('',#4468);
#1755=VERTEX_POINT('',#4472);
#1756=VERTEX_POINT('',#4473);
#1757=VERTEX_POINT('',#4475);
#1758=VERTEX_POINT('',#4477);
#1759=VERTEX_POINT('',#4484);
#1760=VERTEX_POINT('',#4485);
#1761=VERTEX_POINT('',#4487);
#1762=VERTEX_POINT('',#4489);
#1763=VERTEX_POINT('',#4493);
#1764=VERTEX_POINT('',#4494);
#1765=VERTEX_POINT('',#4496);
#1766=VERTEX_POINT('',#4498);
#1767=VERTEX_POINT('',#4505);
#1768=VERTEX_POINT('',#4506);
#1769=VERTEX_POINT('',#4508);
#1770=VERTEX_POINT('',#4510);
#1771=VERTEX_POINT('',#4514);
#1772=VERTEX_POINT('',#4515);
#1773=VERTEX_POINT('',#4517);
#1774=VERTEX_POINT('',#4519);
#1775=VERTEX_POINT('',#4523);
#1776=VERTEX_POINT('',#4524);
#1777=VERTEX_POINT('',#4526);
#1778=VERTEX_POINT('',#4528);
#1779=VERTEX_POINT('',#4532);
#1780=VERTEX_POINT('',#4533);
#1781=VERTEX_POINT('',#4535);
#1782=VERTEX_POINT('',#4537);
#1783=VERTEX_POINT('',#4542);
#1784=VERTEX_POINT('',#4544);
#1785=VERTEX_POINT('',#4548);
#1786=VERTEX_POINT('',#4549);
#1787=VERTEX_POINT('',#4551);
#1788=VERTEX_POINT('',#4553);
#1789=VERTEX_POINT('',#4555);
#1790=VERTEX_POINT('',#4557);
#1791=VERTEX_POINT('',#4559);
#1792=VERTEX_POINT('',#4561);
#1793=VERTEX_POINT('',#4565);
#1794=VERTEX_POINT('',#4566);
#1795=VERTEX_POINT('',#4568);
#1796=VERTEX_POINT('',#4570);
#1797=VERTEX_POINT('',#4574);
#1798=VERTEX_POINT('',#4576);
#1799=VERTEX_POINT('',#4578);
#1800=VERTEX_POINT('',#4580);
#1801=VERTEX_POINT('',#4582);
#1802=VERTEX_POINT('',#4584);
#1803=VERTEX_POINT('',#4589);
#1804=VERTEX_POINT('',#4592);
#1805=VERTEX_POINT('',#4594);
#1806=VERTEX_POINT('',#4600);
#1807=VERTEX_POINT('',#4602);
#1808=VERTEX_POINT('',#4606);
#1809=VERTEX_POINT('',#4608);
#1810=VERTEX_POINT('',#4610);
#1811=VERTEX_POINT('',#4613);
#1812=VERTEX_POINT('',#4620);
#1813=VERTEX_POINT('',#4621);
#1814=VERTEX_POINT('',#4623);
#1815=VERTEX_POINT('',#4625);
#1816=VERTEX_POINT('',#4628);
#1817=VERTEX_POINT('',#4630);
#1818=VERTEX_POINT('',#4634);
#1819=VERTEX_POINT('',#4635);
#1820=VERTEX_POINT('',#4637);
#1821=VERTEX_POINT('',#4639);
#1822=VERTEX_POINT('',#4642);
#1823=VERTEX_POINT('',#4643);
#1824=VERTEX_POINT('',#4645);
#1825=VERTEX_POINT('',#4647);
#1826=VERTEX_POINT('',#4650);
#1827=VERTEX_POINT('',#4651);
#1828=VERTEX_POINT('',#4653);
#1829=VERTEX_POINT('',#4655);
#1830=VERTEX_POINT('',#4658);
#1831=VERTEX_POINT('',#4661);
#1832=VERTEX_POINT('',#4663);
#1833=VERTEX_POINT('',#4665);
#1834=VERTEX_POINT('',#4667);
#1835=VERTEX_POINT('',#4674);
#1836=VERTEX_POINT('',#4677);
#1837=VERTEX_POINT('',#4679);
#1838=VERTEX_POINT('',#4681);
#1839=VERTEX_POINT('',#4683);
#1840=VERTEX_POINT('',#4687);
#1841=VERTEX_POINT('',#4690);
#1842=VERTEX_POINT('',#4692);
#1843=VERTEX_POINT('',#4694);
#1844=VERTEX_POINT('',#4698);
#1845=VERTEX_POINT('',#4701);
#1846=VERTEX_POINT('',#4703);
#1847=VERTEX_POINT('',#4705);
#1848=VERTEX_POINT('',#4707);
#1849=VERTEX_POINT('',#4709);
#1850=VERTEX_POINT('',#4711);
#1851=VERTEX_POINT('',#4718);
#1852=VERTEX_POINT('',#4720);
#1853=VERTEX_POINT('',#4722);
#1854=VERTEX_POINT('',#4724);
#1855=VERTEX_POINT('',#4732);
#1856=VERTEX_POINT('',#4734);
#1857=VERTEX_POINT('',#4738);
#1858=VERTEX_POINT('',#4740);
#1859=VERTEX_POINT('',#4749);
#1860=VERTEX_POINT('',#4751);
#1861=VERTEX_POINT('',#4755);
#1862=VERTEX_POINT('',#4757);
#1863=VERTEX_POINT('',#4768);
#1864=VERTEX_POINT('',#4770);
#1865=VERTEX_POINT('',#4772);
#1866=VERTEX_POINT('',#4774);
#1867=VERTEX_POINT('',#4778);
#1868=VERTEX_POINT('',#4779);
#1869=VERTEX_POINT('',#4782);
#1870=VERTEX_POINT('',#4796);
#1871=VERTEX_POINT('',#4798);
#1872=VERTEX_POINT('',#4800);
#1873=VERTEX_POINT('',#4811);
#1874=VERTEX_POINT('',#4812);
#1875=VERTEX_POINT('',#4817);
#1876=VERTEX_POINT('',#4818);
#1877=VERTEX_POINT('',#4820);
#1878=VERTEX_POINT('',#4823);
#1879=VERTEX_POINT('',#4827);
#1880=VERTEX_POINT('',#4829);
#1881=VERTEX_POINT('',#4833);
#1882=VERTEX_POINT('',#4836);
#1883=VERTEX_POINT('',#4847);
#1884=VERTEX_POINT('',#4848);
#1885=VERTEX_POINT('',#4857);
#1886=VERTEX_POINT('',#4858);
#1887=VERTEX_POINT('',#4863);
#1888=VERTEX_POINT('',#4864);
#1889=VERTEX_POINT('',#4869);
#1890=VERTEX_POINT('',#4871);
#1891=VERTEX_POINT('',#4875);
#1892=VERTEX_POINT('',#4877);
#1893=VERTEX_POINT('',#4886);
#1894=VERTEX_POINT('',#4888);
#1895=VERTEX_POINT('',#4892);
#1896=VERTEX_POINT('',#4894);
#1897=VERTEX_POINT('',#4898);
#1898=VERTEX_POINT('',#4900);
#1899=VERTEX_POINT('',#4904);
#1900=VERTEX_POINT('',#4906);
#1901=VERTEX_POINT('',#4915);
#1902=VERTEX_POINT('',#4917);
#1903=VERTEX_POINT('',#4921);
#1904=VERTEX_POINT('',#4923);
#1905=VERTEX_POINT('',#4927);
#1906=VERTEX_POINT('',#4929);
#1907=VERTEX_POINT('',#4935);
#1908=VERTEX_POINT('',#4937);
#1909=VERTEX_POINT('',#4941);
#1910=VERTEX_POINT('',#4943);
#1911=VERTEX_POINT('',#4949);
#1912=VERTEX_POINT('',#4951);
#1913=VERTEX_POINT('',#4955);
#1914=VERTEX_POINT('',#4957);
#1915=VERTEX_POINT('',#4968);
#1916=VERTEX_POINT('',#4970);
#1917=VERTEX_POINT('',#4974);
#1918=VERTEX_POINT('',#4976);
#1919=VERTEX_POINT('',#4982);
#1920=VERTEX_POINT('',#4984);
#1921=VERTEX_POINT('',#4988);
#1922=VERTEX_POINT('',#4990);
#1923=VERTEX_POINT('',#5006);
#1924=VERTEX_POINT('',#5010);
#1925=VERTEX_POINT('',#5019);
#1926=VERTEX_POINT('',#5021);
#1927=VERTEX_POINT('',#5035);
#1928=VERTEX_POINT('',#5036);
#1929=VERTEX_POINT('',#5038);
#1930=VERTEX_POINT('',#5040);
#1931=VERTEX_POINT('',#5042);
#1932=VERTEX_POINT('',#5044);
#1933=VERTEX_POINT('',#5046);
#1934=VERTEX_POINT('',#5048);
#1935=VERTEX_POINT('',#5052);
#1936=VERTEX_POINT('',#5053);
#1937=VERTEX_POINT('',#5055);
#1938=VERTEX_POINT('',#5057);
#1939=VERTEX_POINT('',#5059);
#1940=VERTEX_POINT('',#5061);
#1941=VERTEX_POINT('',#5063);
#1942=VERTEX_POINT('',#5065);
#1943=VERTEX_POINT('',#5097);
#1944=VERTEX_POINT('',#5098);
#1945=VERTEX_POINT('',#5100);
#1946=VERTEX_POINT('',#5102);
#1947=VERTEX_POINT('',#5104);
#1948=VERTEX_POINT('',#5106);
#1949=VERTEX_POINT('',#5108);
#1950=VERTEX_POINT('',#5110);
#1951=VERTEX_POINT('',#5114);
#1952=VERTEX_POINT('',#5115);
#1953=VERTEX_POINT('',#5117);
#1954=VERTEX_POINT('',#5122);
#1955=VERTEX_POINT('',#5123);
#1956=VERTEX_POINT('',#5125);
#1957=VERTEX_POINT('',#5128);
#1958=VERTEX_POINT('',#5130);
#1959=VERTEX_POINT('',#5132);
#1960=VERTEX_POINT('',#5139);
#1961=VERTEX_POINT('',#5143);
#1962=VERTEX_POINT('',#5147);
#1963=VERTEX_POINT('',#5149);
#1964=VERTEX_POINT('',#5156);
#1965=VERTEX_POINT('',#5177);
#1966=VERTEX_POINT('',#5178);
#1967=VERTEX_POINT('',#5180);
#1968=VERTEX_POINT('',#5182);
#1969=VERTEX_POINT('',#5186);
#1970=VERTEX_POINT('',#5187);
#1971=VERTEX_POINT('',#5201);
#1972=VERTEX_POINT('',#5205);
#1973=VERTEX_POINT('',#5218);
#1974=VERTEX_POINT('',#5219);
#1975=VERTEX_POINT('',#5221);
#1976=VERTEX_POINT('',#5226);
#1977=VERTEX_POINT('',#5233);
#1978=VERTEX_POINT('',#5234);
#1979=VERTEX_POINT('',#5236);
#1980=VERTEX_POINT('',#5241);
#1981=EDGE_CURVE('',#1687,#1688,#2438,.T.);
#1982=EDGE_CURVE('',#1687,#1689,#2439,.T.);
#1983=EDGE_CURVE('',#1690,#1689,#2440,.T.);
#1984=EDGE_CURVE('',#1688,#1690,#2441,.T.);
#1985=EDGE_CURVE('',#1691,#1692,#2442,.T.);
#1986=EDGE_CURVE('',#1691,#1693,#2443,.T.);
#1987=EDGE_CURVE('',#1694,#1693,#2444,.T.);
#1988=EDGE_CURVE('',#1692,#1694,#2445,.T.);
#1989=EDGE_CURVE('',#1695,#1696,#2446,.T.);
#1990=EDGE_CURVE('',#1695,#1697,#2447,.T.);
#1991=EDGE_CURVE('',#1698,#1697,#2448,.T.);
#1992=EDGE_CURVE('',#1696,#1698,#2449,.T.);
#1993=EDGE_CURVE('',#1699,#1700,#2450,.T.);
#1994=EDGE_CURVE('',#1701,#1700,#2451,.T.);
#1995=EDGE_CURVE('',#1702,#1701,#2452,.T.);
#1996=EDGE_CURVE('',#1699,#1702,#2453,.T.);
#1997=EDGE_CURVE('',#1703,#1704,#2454,.T.);
#1998=EDGE_CURVE('',#1705,#1704,#2455,.T.);
#1999=EDGE_CURVE('',#1706,#1705,#2456,.T.);
#2000=EDGE_CURVE('',#1703,#1706,#2457,.T.);
#2001=EDGE_CURVE('',#1707,#1708,#2458,.T.);
#2002=EDGE_CURVE('',#1709,#1708,#2459,.T.);
#2003=EDGE_CURVE('',#1709,#1710,#2460,.T.);
#2004=EDGE_CURVE('',#1710,#1707,#2461,.T.);
#2005=EDGE_CURVE('',#1711,#1712,#2462,.T.);
#2006=EDGE_CURVE('',#1712,#1713,#2463,.T.);
#2007=EDGE_CURVE('',#1713,#1714,#2464,.T.);
#2008=EDGE_CURVE('',#1714,#1715,#2465,.T.);
#2009=EDGE_CURVE('',#1716,#1715,#2466,.T.);
#2010=EDGE_CURVE('',#1716,#1711,#2467,.T.);
#2011=EDGE_CURVE('',#1713,#1717,#2468,.T.);
#2012=EDGE_CURVE('',#1718,#1717,#2469,.T.);
#2013=EDGE_CURVE('',#1718,#1714,#2470,.T.);
#2014=EDGE_CURVE('',#1719,#1720,#2471,.T.);
#2015=EDGE_CURVE('',#1721,#1719,#2472,.T.);
#2016=EDGE_CURVE('',#1721,#1722,#2473,.T.);
#2017=EDGE_CURVE('',#1722,#1720,#2474,.T.);
#2018=EDGE_CURVE('',#1704,#1719,#2475,.T.);
#2019=EDGE_CURVE('',#1705,#1720,#2476,.T.);
#2020=EDGE_CURVE('',#1723,#1724,#2477,.T.);
#2021=EDGE_CURVE('',#1725,#1723,#2478,.T.);
#2022=EDGE_CURVE('',#1725,#1726,#2479,.T.);
#2023=EDGE_CURVE('',#1726,#1724,#2480,.T.);
#2024=EDGE_CURVE('',#1727,#1728,#2481,.T.);
#2025=EDGE_CURVE('',#1729,#1728,#2482,.T.);
#2026=EDGE_CURVE('',#1730,#1729,#2483,.T.);
#2027=EDGE_CURVE('',#1727,#1730,#2484,.T.);
#2028=EDGE_CURVE('',#1728,#1723,#2485,.T.);
#2029=EDGE_CURVE('',#1724,#1729,#2486,.T.);
#2030=EDGE_CURVE('',#1731,#1732,#2487,.T.);
#2031=EDGE_CURVE('',#1733,#1731,#2488,.T.);
#2032=EDGE_CURVE('',#1733,#1734,#2489,.T.);
#2033=EDGE_CURVE('',#1734,#1732,#2490,.T.);
#2034=EDGE_CURVE('',#1735,#1736,#2491,.T.);
#2035=EDGE_CURVE('',#1737,#1736,#2492,.T.);
#2036=EDGE_CURVE('',#1738,#1737,#2493,.T.);
#2037=EDGE_CURVE('',#1735,#1738,#2494,.T.);
#2038=EDGE_CURVE('',#1736,#1731,#2495,.T.);
#2039=EDGE_CURVE('',#1732,#1737,#2496,.T.);
#2040=EDGE_CURVE('',#1739,#1740,#2497,.T.);
#2041=EDGE_CURVE('',#1741,#1739,#2498,.T.);
#2042=EDGE_CURVE('',#1741,#1742,#2499,.T.);
#2043=EDGE_CURVE('',#1742,#1740,#2500,.T.);
#2044=EDGE_CURVE('',#1700,#1739,#2501,.T.);
#2045=EDGE_CURVE('',#1701,#1740,#2502,.T.);
#2046=EDGE_CURVE('',#1743,#1744,#2503,.T.);
#2047=EDGE_CURVE('',#1745,#1744,#2504,.T.);
#2048=EDGE_CURVE('',#1746,#1745,#2505,.T.);
#2049=EDGE_CURVE('',#1743,#1746,#2506,.T.);
#2050=EDGE_CURVE('',#1747,#1748,#2507,.T.);
#2051=EDGE_CURVE('',#1749,#1748,#2508,.T.);
#2052=EDGE_CURVE('',#1749,#1750,#2509,.T.);
#2053=EDGE_CURVE('',#1750,#1747,#2510,.T.);
#2054=EDGE_CURVE('',#1744,#1748,#2511,.T.);
#2055=EDGE_CURVE('',#1745,#1747,#2512,.T.);
#2056=EDGE_CURVE('',#1751,#1752,#2513,.T.);
#2057=EDGE_CURVE('',#1753,#1752,#2514,.T.);
#2058=EDGE_CURVE('',#1753,#1754,#2515,.T.);
#2059=EDGE_CURVE('',#1754,#1751,#2516,.T.);
#2060=EDGE_CURVE('',#1755,#1756,#2517,.T.);
#2061=EDGE_CURVE('',#1757,#1756,#2518,.T.);
#2062=EDGE_CURVE('',#1758,#1757,#2519,.T.);
#2063=EDGE_CURVE('',#1755,#1758,#2520,.T.);
#2064=EDGE_CURVE('',#1756,#1752,#2521,.T.);
#2065=EDGE_CURVE('',#1751,#1757,#2522,.T.);
#2066=EDGE_CURVE('',#1759,#1760,#2523,.T.);
#2067=EDGE_CURVE('',#1760,#1761,#2524,.T.);
#2068=EDGE_CURVE('',#1761,#1762,#2525,.T.);
#2069=EDGE_CURVE('',#1759,#1762,#2526,.T.);
#2070=EDGE_CURVE('',#1763,#1764,#2527,.T.);
#2071=EDGE_CURVE('',#1763,#1765,#2528,.T.);
#2072=EDGE_CURVE('',#1766,#1765,#2529,.T.);
#2073=EDGE_CURVE('',#1764,#1766,#2530,.T.);
#2074=EDGE_CURVE('',#1761,#1763,#2531,.T.);
#2075=EDGE_CURVE('',#1762,#1764,#2532,.T.);
#2076=EDGE_CURVE('',#1767,#1768,#2533,.T.);
#2077=EDGE_CURVE('',#1767,#1769,#2534,.T.);
#2078=EDGE_CURVE('',#1770,#1769,#2535,.T.);
#2079=EDGE_CURVE('',#1770,#1768,#2536,.T.);
#2080=EDGE_CURVE('',#1771,#1772,#2537,.T.);
#2081=EDGE_CURVE('',#1773,#1772,#2538,.T.);
#2082=EDGE_CURVE('',#1773,#1774,#2539,.T.);
#2083=EDGE_CURVE('',#1774,#1771,#2540,.T.);
#2084=EDGE_CURVE('',#1775,#1776,#2541,.T.);
#2085=EDGE_CURVE('',#1775,#1777,#2542,.T.);
#2086=EDGE_CURVE('',#1777,#1778,#2543,.T.);
#2087=EDGE_CURVE('',#1776,#1778,#2544,.T.);
#2088=EDGE_CURVE('',#1779,#1780,#2545,.T.);
#2089=EDGE_CURVE('',#1779,#1781,#2546,.T.);
#2090=EDGE_CURVE('',#1781,#1782,#2547,.T.);
#2091=EDGE_CURVE('',#1780,#1782,#2548,.T.);
#2092=EDGE_CURVE('',#1777,#1779,#2549,.T.);
#2093=EDGE_CURVE('',#1783,#1780,#2550,.T.);
#2094=EDGE_CURVE('',#1784,#1783,#2551,.T.);
#2095=EDGE_CURVE('',#1778,#1784,#2552,.T.);
#2096=EDGE_CURVE('',#1785,#1786,#2553,.T.);
#2097=EDGE_CURVE('',#1785,#1787,#2554,.T.);
#2098=EDGE_CURVE('',#1787,#1788,#2555,.T.);
#2099=EDGE_CURVE('',#1788,#1789,#2556,.T.);
#2100=EDGE_CURVE('',#1790,#1789,#2557,.T.);
#2101=EDGE_CURVE('',#1791,#1790,#2558,.T.);
#2102=EDGE_CURVE('',#1791,#1792,#2559,.T.);
#2103=EDGE_CURVE('',#1792,#1786,#2560,.T.);
#2104=EDGE_CURVE('',#1793,#1794,#2561,.T.);
#2105=EDGE_CURVE('',#1793,#1795,#2562,.T.);
#2106=EDGE_CURVE('',#1795,#1796,#2563,.T.);
#2107=EDGE_CURVE('',#1794,#1796,#2564,.T.);
#2108=EDGE_CURVE('',#1797,#1703,#2565,.T.);
#2109=EDGE_CURVE('',#1798,#1797,#2566,.T.);
#2110=EDGE_CURVE('',#1798,#1799,#2567,.T.);
#2111=EDGE_CURVE('',#1800,#1799,#2568,.T.);
#2112=EDGE_CURVE('',#1801,#1800,#2569,.T.);
#2113=EDGE_CURVE('',#1802,#1801,#2570,.T.);
#2114=EDGE_CURVE('',#1802,#1733,#2571,.T.);
#2115=EDGE_CURVE('',#1735,#1753,#2572,.T.);
#2116=EDGE_CURVE('',#1755,#1741,#2573,.T.);
#2117=EDGE_CURVE('',#1699,#1803,#2574,.T.);
#2118=EDGE_CURVE('',#1803,#1717,#2575,.T.);
#2119=EDGE_CURVE('',#1804,#1712,#2576,.T.);
#2120=EDGE_CURVE('',#1804,#1805,#2577,.T.);
#2121=EDGE_CURVE('',#1725,#1805,#2578,.T.);
#2122=EDGE_CURVE('',#1749,#1727,#2579,.T.);
#2123=EDGE_CURVE('',#1721,#1743,#2580,.T.);
#2124=EDGE_CURVE('',#1806,#1799,#2581,.T.);
#2125=EDGE_CURVE('',#1806,#1807,#2582,.T.);
#2126=EDGE_CURVE('',#1807,#1800,#2583,.T.);
#2127=EDGE_CURVE('',#1808,#1798,#2584,.T.);
#2128=EDGE_CURVE('',#1809,#1797,#2585,.T.);
#2129=EDGE_CURVE('',#1810,#1809,#2586,.T.);
#2130=EDGE_CURVE('',#1802,#1810,#2587,.T.);
#2131=EDGE_CURVE('',#1811,#1801,#2588,.T.);
#2132=EDGE_CURVE('',#1811,#1808,#2589,.T.);
#2133=EDGE_CURVE('',#1707,#1791,#2590,.T.);
#2134=EDGE_CURVE('',#1710,#1792,#2591,.T.);
#2135=EDGE_CURVE('',#1812,#1813,#2592,.T.);
#2136=EDGE_CURVE('',#1814,#1812,#2593,.T.);
#2137=EDGE_CURVE('',#1815,#1814,#2594,.T.);
#2138=EDGE_CURVE('',#1813,#1815,#2595,.T.);
#2139=EDGE_CURVE('',#1796,#1816,#2596,.T.);
#2140=EDGE_CURVE('',#1795,#1817,#2597,.T.);
#2141=EDGE_CURVE('',#1816,#1817,#2598,.T.);
#2142=EDGE_CURVE('',#1818,#1819,#2599,.T.);
#2143=EDGE_CURVE('',#1820,#1818,#2600,.T.);
#2144=EDGE_CURVE('',#1821,#1820,#2601,.T.);
#2145=EDGE_CURVE('',#1821,#1819,#2602,.T.);
#2146=EDGE_CURVE('',#1822,#1823,#2603,.T.);
#2147=EDGE_CURVE('',#1823,#1824,#2604,.T.);
#2148=EDGE_CURVE('',#1824,#1825,#2605,.T.);
#2149=EDGE_CURVE('',#1825,#1822,#2606,.T.);
#2150=EDGE_CURVE('',#1826,#1827,#2607,.T.);
#2151=EDGE_CURVE('',#1827,#1828,#2608,.T.);
#2152=EDGE_CURVE('',#1828,#1829,#2609,.T.);
#2153=EDGE_CURVE('',#1829,#1826,#2610,.T.);
#2154=EDGE_CURVE('',#1816,#1830,#2611,.T.);
#2155=EDGE_CURVE('',#1789,#1830,#2612,.T.);
#2156=EDGE_CURVE('',#1831,#1788,#2613,.T.);
#2157=EDGE_CURVE('',#1831,#1832,#2614,.T.);
#2158=EDGE_CURVE('',#1832,#1833,#2615,.T.);
#2159=EDGE_CURVE('',#1834,#1833,#2616,.T.);
#2160=EDGE_CURVE('',#1692,#1834,#2617,.T.);
#2161=EDGE_CURVE('',#1809,#1694,#2618,.T.);
#2162=EDGE_CURVE('',#1706,#1722,#2619,.T.);
#2163=EDGE_CURVE('',#1746,#1750,#2620,.T.);
#2164=EDGE_CURVE('',#1726,#1730,#2621,.T.);
#2165=EDGE_CURVE('',#1805,#1835,#2622,.T.);
#2166=EDGE_CURVE('',#1688,#1835,#2623,.T.);
#2167=EDGE_CURVE('',#1690,#1836,#2624,.T.);
#2168=EDGE_CURVE('',#1836,#1837,#2625,.T.);
#2169=EDGE_CURVE('',#1838,#1837,#2626,.T.);
#2170=EDGE_CURVE('',#1838,#1839,#2627,.T.);
#2171=EDGE_CURVE('',#1794,#1839,#2628,.T.);
#2172=EDGE_CURVE('',#1803,#1840,#2629,.T.);
#2173=EDGE_CURVE('',#1840,#1835,#2630,.T.);
#2174=EDGE_CURVE('',#1804,#1841,#2631,.T.);
#2175=EDGE_CURVE('',#1841,#1842,#2632,.T.);
#2176=EDGE_CURVE('',#1843,#1842,#2633,.T.);
#2177=EDGE_CURVE('',#1718,#1843,#2634,.T.);
#2178=EDGE_CURVE('',#1785,#1844,#2635,.T.);
#2179=EDGE_CURVE('',#1817,#1844,#2636,.T.);
#2180=EDGE_CURVE('',#1845,#1793,#2637,.T.);
#2181=EDGE_CURVE('',#1845,#1846,#2638,.T.);
#2182=EDGE_CURVE('',#1846,#1847,#2639,.T.);
#2183=EDGE_CURVE('',#1848,#1847,#2640,.T.);
#2184=EDGE_CURVE('',#1849,#1848,#2641,.T.);
#2185=EDGE_CURVE('',#1849,#1850,#2642,.T.);
#2186=EDGE_CURVE('',#1840,#1850,#2643,.T.);
#2187=EDGE_CURVE('',#1702,#1742,#2644,.T.);
#2188=EDGE_CURVE('',#1754,#1758,#2645,.T.);
#2189=EDGE_CURVE('',#1734,#1738,#2646,.T.);
#2190=EDGE_CURVE('',#1696,#1810,#2647,.T.);
#2191=EDGE_CURVE('',#1698,#1851,#2648,.T.);
#2192=EDGE_CURVE('',#1851,#1852,#2649,.T.);
#2193=EDGE_CURVE('',#1853,#1852,#2650,.T.);
#2194=EDGE_CURVE('',#1853,#1854,#2651,.T.);
#2195=EDGE_CURVE('',#1787,#1854,#2652,.T.);
#2196=EDGE_CURVE('',#1765,#1760,#2653,.T.);
#2197=EDGE_CURVE('',#1772,#1769,#2654,.T.);
#2198=EDGE_CURVE('',#1773,#1767,#2655,.T.);
#2199=EDGE_CURVE('',#1781,#1775,#2656,.T.);
#2200=EDGE_CURVE('',#1855,#1823,#2657,.T.);
#2201=EDGE_CURVE('',#1855,#1856,#2658,.T.);
#2202=EDGE_CURVE('',#1824,#1856,#2659,.T.);
#2203=EDGE_CURVE('',#1825,#1857,#2660,.T.);
#2204=EDGE_CURVE('',#1857,#1858,#2661,.T.);
#2205=EDGE_CURVE('',#1858,#1822,#2662,.T.);
#2206=EDGE_CURVE('',#1856,#1857,#2663,.T.);
#2207=EDGE_CURVE('',#1858,#1855,#2664,.T.);
#2208=EDGE_CURVE('',#1819,#1859,#2665,.T.);
#2209=EDGE_CURVE('',#1860,#1859,#2666,.T.);
#2210=EDGE_CURVE('',#1860,#1818,#2667,.T.);
#2211=EDGE_CURVE('',#1861,#1820,#2668,.T.);
#2212=EDGE_CURVE('',#1862,#1861,#2669,.T.);
#2213=EDGE_CURVE('',#1821,#1862,#2670,.T.);
#2214=EDGE_CURVE('',#1859,#1862,#2671,.T.);
#2215=EDGE_CURVE('',#1861,#1860,#2672,.T.);
#2216=EDGE_CURVE('',#1839,#1863,#2673,.T.);
#2217=EDGE_CURVE('',#1863,#1864,#2674,.T.);
#2218=EDGE_CURVE('',#1864,#1865,#2675,.T.);
#2219=EDGE_CURVE('',#1865,#1866,#2676,.T.);
#2220=EDGE_CURVE('',#1866,#1845,#2677,.T.);
#2221=EDGE_CURVE('',#1867,#1868,#2678,.T.);
#2222=EDGE_CURVE('',#1868,#1687,#2679,.T.);
#2223=EDGE_CURVE('',#1850,#1869,#2680,.T.);
#2224=EDGE_CURVE('',#1869,#1867,#2681,.T.);
#2225=EDGE_CURVE('',#1766,#1759,#2682,.T.);
#2226=EDGE_CURVE('',#1768,#1774,#2683,.T.);
#2227=EDGE_CURVE('',#1771,#1770,#2684,.T.);
#2228=EDGE_CURVE('',#1870,#1689,#2685,.T.);
#2229=EDGE_CURVE('',#1871,#1870,#2686,.T.);
#2230=EDGE_CURVE('',#1872,#1871,#2687,.T.);
#2231=EDGE_CURVE('',#1872,#1849,#2688,.T.);
#2232=EDGE_CURVE('',#1848,#1836,#2689,.T.);
#2233=EDGE_CURVE('',#1847,#1837,#2690,.T.);
#2234=EDGE_CURVE('',#1846,#1838,#2691,.T.);
#2235=EDGE_CURVE('',#1872,#1869,#2692,.T.);
#2236=EDGE_CURVE('',#1873,#1874,#2693,.T.);
#2237=EDGE_CURVE('',#1873,#1863,#2694,.T.);
#2238=EDGE_CURVE('',#1866,#1874,#2695,.T.);
#2239=EDGE_CURVE('',#1875,#1876,#2696,.T.);
#2240=EDGE_CURVE('',#1876,#1877,#2697,.T.);
#2241=EDGE_CURVE('',#1877,#1831,#2698,.T.);
#2242=EDGE_CURVE('',#1854,#1878,#2699,.T.);
#2243=EDGE_CURVE('',#1878,#1875,#2700,.T.);
#2244=EDGE_CURVE('',#1693,#1879,#2701,.T.);
#2245=EDGE_CURVE('',#1879,#1880,#2702,.T.);
#2246=EDGE_CURVE('',#1880,#1695,#2703,.T.);
#2247=EDGE_CURVE('',#1691,#1881,#2704,.T.);
#2248=EDGE_CURVE('',#1851,#1834,#2705,.T.);
#2249=EDGE_CURVE('',#1882,#1697,#2706,.T.);
#2250=EDGE_CURVE('',#1881,#1882,#2707,.T.);
#2251=EDGE_CURVE('',#1852,#1833,#2708,.T.);
#2252=EDGE_CURVE('',#1832,#1853,#2709,.T.);
#2253=EDGE_CURVE('',#1881,#1879,#2710,.T.);
#2254=EDGE_CURVE('',#1880,#1882,#2711,.T.);
#2255=EDGE_CURVE('',#1883,#1884,#2712,.T.);
#2256=EDGE_CURVE('',#1883,#1878,#2713,.T.);
#2257=EDGE_CURVE('',#1877,#1884,#2714,.T.);
#2258=EDGE_CURVE('',#1843,#1715,#2715,.T.);
#2259=EDGE_CURVE('',#1885,#1886,#2716,.T.);
#2260=EDGE_CURVE('',#1886,#1841,#2717,.T.);
#2261=EDGE_CURVE('',#1711,#1885,#2718,.T.);
#2262=EDGE_CURVE('',#1887,#1888,#2719,.T.);
#2263=EDGE_CURVE('',#1888,#1716,#2720,.T.);
#2264=EDGE_CURVE('',#1887,#1842,#2721,.T.);
#2265=EDGE_CURVE('',#1885,#1889,#2722,.T.);
#2266=EDGE_CURVE('',#1889,#1890,#2723,.T.);
#2267=EDGE_CURVE('',#1886,#1890,#2724,.T.);
#2268=EDGE_CURVE('',#1888,#1891,#2725,.T.);
#2269=EDGE_CURVE('',#1887,#1892,#2726,.T.);
#2270=EDGE_CURVE('',#1892,#1891,#2727,.T.);
#2271=EDGE_CURVE('',#1890,#1892,#2728,.T.);
#2272=EDGE_CURVE('',#1891,#1889,#2729,.T.);
#2273=EDGE_CURVE('',#1811,#1893,#2730,.T.);
#2274=EDGE_CURVE('',#1807,#1894,#2731,.T.);
#2275=EDGE_CURVE('',#1894,#1893,#2732,.T.);
#2276=EDGE_CURVE('',#1808,#1895,#2733,.T.);
#2277=EDGE_CURVE('',#1895,#1896,#2734,.T.);
#2278=EDGE_CURVE('',#1806,#1896,#2735,.T.);
#2279=EDGE_CURVE('',#1894,#1897,#2736,.T.);
#2280=EDGE_CURVE('',#1897,#1898,#2737,.T.);
#2281=EDGE_CURVE('',#1893,#1898,#2738,.T.);
#2282=EDGE_CURVE('',#1895,#1899,#2739,.T.);
#2283=EDGE_CURVE('',#1899,#1900,#2740,.T.);
#2284=EDGE_CURVE('',#1896,#1900,#2741,.T.);
#2285=EDGE_CURVE('',#1898,#1899,#2742,.T.);
#2286=EDGE_CURVE('',#1900,#1897,#2743,.T.);
#2287=EDGE_CURVE('',#1828,#1901,#2744,.T.);
#2288=EDGE_CURVE('',#1827,#1902,#2745,.T.);
#2289=EDGE_CURVE('',#1902,#1901,#2746,.T.);
#2290=EDGE_CURVE('',#1829,#1903,#2747,.T.);
#2291=EDGE_CURVE('',#1903,#1904,#2748,.T.);
#2292=EDGE_CURVE('',#1826,#1904,#2749,.T.);
#2293=EDGE_CURVE('',#1905,#1901,#2750,.T.);
#2294=EDGE_CURVE('',#1905,#1906,#2751,.T.);
#2295=EDGE_CURVE('',#1903,#1906,#2752,.T.);
#2296=EDGE_CURVE('',#1904,#1902,#2753,.T.);
#2297=EDGE_CURVE('',#1906,#1907,#2754,.T.);
#2298=EDGE_CURVE('',#1907,#1908,#2755,.T.);
#2299=EDGE_CURVE('',#1904,#1908,#61,.T.);
#2300=EDGE_CURVE('',#1902,#1909,#62,.T.);
#2301=EDGE_CURVE('',#1909,#1910,#2756,.T.);
#2302=EDGE_CURVE('',#1910,#1905,#2757,.T.);
#2303=EDGE_CURVE('',#1908,#1909,#2758,.T.);
#2304=EDGE_CURVE('',#1907,#1911,#2759,.T.);
#2305=EDGE_CURVE('',#1911,#1912,#2760,.T.);
#2306=EDGE_CURVE('',#1908,#1912,#2761,.T.);
#2307=EDGE_CURVE('',#1909,#1913,#2762,.T.);
#2308=EDGE_CURVE('',#1913,#1914,#2763,.T.);
#2309=EDGE_CURVE('',#1910,#1914,#2764,.T.);
#2310=EDGE_CURVE('',#1912,#1913,#2765,.T.);
#2311=EDGE_CURVE('',#1914,#1911,#2766,.T.);
#2312=EDGE_CURVE('',#1782,#1776,#2767,.T.);
#2313=EDGE_CURVE('',#1782,#1915,#63,.T.);
#2314=EDGE_CURVE('',#1916,#1915,#2768,.T.);
#2315=EDGE_CURVE('',#1916,#1783,#2769,.T.);
#2316=EDGE_CURVE('',#1784,#1917,#2770,.T.);
#2317=EDGE_CURVE('',#1918,#1917,#2771,.T.);
#2318=EDGE_CURVE('',#1776,#1918,#64,.T.);
#2319=EDGE_CURVE('',#1915,#1918,#2772,.T.);
#2320=EDGE_CURVE('',#1915,#1919,#2773,.T.);
#2321=EDGE_CURVE('',#1920,#1919,#2774,.T.);
#2322=EDGE_CURVE('',#1916,#1920,#2775,.T.);
#2323=EDGE_CURVE('',#1917,#1921,#2776,.T.);
#2324=EDGE_CURVE('',#1922,#1921,#2777,.T.);
#2325=EDGE_CURVE('',#1918,#1922,#2778,.T.);
#2326=EDGE_CURVE('',#1919,#1922,#2779,.T.);
#2327=EDGE_CURVE('',#1921,#1920,#2780,.T.);
#2328=EDGE_CURVE('',#1830,#1844,#2781,.T.);
#2329=EDGE_CURVE('',#1786,#1709,#2782,.T.);
#2330=EDGE_CURVE('',#1708,#1790,#2783,.T.);
#2331=EDGE_CURVE('',#1876,#1923,#2784,.T.);
#2332=EDGE_CURVE('',#1884,#1923,#2785,.T.);
#2333=EDGE_CURVE('',#1924,#1875,#2786,.T.);
#2334=EDGE_CURVE('',#1923,#1924,#2787,.T.);
#2335=EDGE_CURVE('',#1924,#1883,#2788,.T.);
#2336=EDGE_CURVE('',#1925,#1873,#2789,.T.);
#2337=EDGE_CURVE('',#1926,#1874,#2790,.T.);
#2338=EDGE_CURVE('',#1925,#1926,#2791,.T.);
#2339=EDGE_CURVE('',#1926,#1865,#2792,.T.);
#2340=EDGE_CURVE('',#1864,#1925,#2793,.T.);
#2341=EDGE_CURVE('',#1868,#1870,#2794,.T.);
#2342=EDGE_CURVE('',#1867,#1871,#2795,.T.);
#2343=EDGE_CURVE('',#1927,#1928,#65,.T.);
#2344=EDGE_CURVE('',#1928,#1929,#2796,.T.);
#2345=EDGE_CURVE('',#1930,#1929,#66,.T.);
#2346=EDGE_CURVE('',#1931,#1930,#2797,.T.);
#2347=EDGE_CURVE('',#1932,#1931,#67,.T.);
#2348=EDGE_CURVE('',#1932,#1933,#2798,.T.);
#2349=EDGE_CURVE('',#1933,#1934,#68,.T.);
#2350=EDGE_CURVE('',#1934,#1927,#2799,.T.);
#2351=EDGE_CURVE('',#1935,#1936,#69,.T.);
#2352=EDGE_CURVE('',#1936,#1937,#2800,.T.);
#2353=EDGE_CURVE('',#1938,#1937,#70,.T.);
#2354=EDGE_CURVE('',#1939,#1938,#2801,.T.);
#2355=EDGE_CURVE('',#1940,#1939,#71,.T.);
#2356=EDGE_CURVE('',#1940,#1941,#2802,.T.);
#2357=EDGE_CURVE('',#1941,#1942,#72,.T.);
#2358=EDGE_CURVE('',#1942,#1935,#2803,.T.);
#2359=EDGE_CURVE('',#1941,#1928,#2804,.T.);
#2360=EDGE_CURVE('',#1942,#1927,#2805,.T.);
#2361=EDGE_CURVE('',#1936,#1941,#2806,.T.);
#2362=EDGE_CURVE('',#1936,#1933,#2807,.T.);
#2363=EDGE_CURVE('',#1928,#1933,#2808,.T.);
#2364=EDGE_CURVE('',#1935,#1934,#2809,.T.);
#2365=EDGE_CURVE('',#1939,#1930,#2810,.T.);
#2366=EDGE_CURVE('',#1940,#1929,#2811,.T.);
#2367=EDGE_CURVE('',#1937,#1940,#2812,.T.);
#2368=EDGE_CURVE('',#1929,#1932,#2813,.T.);
#2369=EDGE_CURVE('',#1937,#1932,#2814,.T.);
#2370=EDGE_CURVE('',#1938,#1931,#2815,.T.);
#2371=EDGE_CURVE('',#1812,#1933,#2816,.T.);
#2372=EDGE_CURVE('',#1813,#1928,#2817,.T.);
#2373=EDGE_CURVE('',#1815,#1929,#2818,.T.);
#2374=EDGE_CURVE('',#1814,#1932,#2819,.T.);
#2375=EDGE_CURVE('',#1943,#1944,#2820,.T.);
#2376=EDGE_CURVE('',#1943,#1945,#73,.T.);
#2377=EDGE_CURVE('',#1945,#1946,#2821,.T.);
#2378=EDGE_CURVE('',#1946,#1947,#74,.T.);
#2379=EDGE_CURVE('',#1948,#1947,#2822,.T.);
#2380=EDGE_CURVE('',#1949,#1948,#75,.T.);
#2381=EDGE_CURVE('',#1950,#1949,#2823,.T.);
#2382=EDGE_CURVE('',#1944,#1950,#76,.T.);
#2383=EDGE_CURVE('',#1951,#1952,#77,.T.);
#2384=EDGE_CURVE('',#1952,#1953,#47,.T.);
#2385=EDGE_CURVE('',#1953,#1949,#2824,.T.);
#2386=EDGE_CURVE('',#1951,#1948,#2825,.T.);
#2387=EDGE_CURVE('',#1954,#1955,#2826,.T.);
#2388=EDGE_CURVE('',#1955,#1956,#78,.T.);
#2389=EDGE_CURVE('',#1956,#1952,#2827,.T.);
#2390=EDGE_CURVE('',#1957,#1951,#2828,.T.);
#2391=EDGE_CURVE('',#1958,#1957,#79,.T.);
#2392=EDGE_CURVE('',#1958,#1959,#2829,.T.);
#2393=EDGE_CURVE('',#1959,#1954,#80,.T.);
#2394=EDGE_CURVE('',#1948,#1944,#2830,.T.);
#2395=EDGE_CURVE('',#1957,#1944,#2831,.T.);
#2396=EDGE_CURVE('',#1960,#1950,#2832,.T.);
#2397=EDGE_CURVE('',#1960,#1958,#48,.T.);
#2398=EDGE_CURVE('',#1953,#1961,#2833,.T.);
#2399=EDGE_CURVE('',#1961,#1960,#2834,.T.);
#2400=EDGE_CURVE('',#1956,#1962,#49,.T.);
#2401=EDGE_CURVE('',#1962,#1963,#2835,.T.);
#2402=EDGE_CURVE('',#1961,#1963,#38,.T.);
#2403=EDGE_CURVE('',#1963,#1964,#2836,.T.);
#2404=EDGE_CURVE('',#1964,#1959,#50,.T.);
#2405=EDGE_CURVE('',#1955,#1947,#2837,.T.);
#2406=EDGE_CURVE('',#1962,#1946,#2838,.T.);
#2407=EDGE_CURVE('',#1947,#1943,#2839,.T.);
#2408=EDGE_CURVE('',#1954,#1943,#2840,.T.);
#2409=EDGE_CURVE('',#1964,#1945,#2841,.T.);
#2410=EDGE_CURVE('',#1944,#1941,#2842,.T.);
#2411=EDGE_CURVE('',#1948,#1936,#2843,.T.);
#2412=EDGE_CURVE('',#1947,#1937,#2844,.T.);
#2413=EDGE_CURVE('',#1943,#1940,#2845,.T.);
#2414=EDGE_CURVE('',#1965,#1966,#2846,.T.);
#2415=EDGE_CURVE('',#1965,#1967,#2847,.T.);
#2416=EDGE_CURVE('',#1967,#1968,#2848,.T.);
#2417=EDGE_CURVE('',#1966,#1968,#2849,.T.);
#2418=EDGE_CURVE('',#1969,#1970,#2850,.T.);
#2419=EDGE_CURVE('',#1969,#1966,#39,.T.);
#2420=EDGE_CURVE('',#1970,#1968,#40,.T.);
#2421=EDGE_CURVE('',#1971,#1967,#41,.T.);
#2422=EDGE_CURVE('',#1971,#1970,#2851,.T.);
#2423=EDGE_CURVE('',#1972,#1969,#2852,.T.);
#2424=EDGE_CURVE('',#1972,#1965,#42,.T.);
#2425=EDGE_CURVE('',#1971,#1972,#2853,.T.);
#2426=EDGE_CURVE('',#1973,#1974,#43,.T.);
#2427=EDGE_CURVE('',#1973,#1975,#2854,.T.);
#2428=EDGE_CURVE('',#1975,#1976,#44,.T.);
#2429=EDGE_CURVE('',#1974,#1976,#2855,.T.);
#2430=EDGE_CURVE('',#1977,#1978,#45,.T.);
#2431=EDGE_CURVE('',#1977,#1979,#2856,.T.);
#2432=EDGE_CURVE('',#1979,#1980,#46,.T.);
#2433=EDGE_CURVE('',#1980,#1978,#2857,.T.);
#2434=EDGE_CURVE('',#1977,#1975,#2858,.T.);
#2435=EDGE_CURVE('',#1978,#1976,#2859,.T.);
#2436=EDGE_CURVE('',#1979,#1973,#2860,.T.);
#2437=EDGE_CURVE('',#1980,#1974,#2861,.T.);
#2438=LINE('',#4302,#2862);
#2439=LINE('',#4305,#2863);
#2440=LINE('',#4307,#2864);
#2441=LINE('',#4309,#2865);
#2442=LINE('',#4311,#2866);
#2443=LINE('',#4314,#2867);
#2444=LINE('',#4316,#2868);
#2445=LINE('',#4318,#2869);
#2446=LINE('',#4320,#2870);
#2447=LINE('',#4323,#2871);
#2448=LINE('',#4325,#2872);
#2449=LINE('',#4327,#2873);
#2450=LINE('',#4329,#2874);
#2451=LINE('',#4332,#2875);
#2452=LINE('',#4334,#2876);
#2453=LINE('',#4336,#2877);
#2454=LINE('',#4338,#2878);
#2455=LINE('',#4341,#2879);
#2456=LINE('',#4343,#2880);
#2457=LINE('',#4345,#2881);
#2458=LINE('',#4347,#2882);
#2459=LINE('',#4350,#2883);
#2460=LINE('',#4352,#2884);
#2461=LINE('',#4354,#2885);
#2462=LINE('',#4356,#2886);
#2463=LINE('',#4359,#2887);
#2464=LINE('',#4361,#2888);
#2465=LINE('',#4363,#2889);
#2466=LINE('',#4365,#2890);
#2467=LINE('',#4367,#2891);
#2468=LINE('',#4369,#2892);
#2469=LINE('',#4371,#2893);
#2470=LINE('',#4373,#2894);
#2471=LINE('',#4375,#2895);
#2472=LINE('',#4378,#2896);
#2473=LINE('',#4380,#2897);
#2474=LINE('',#4382,#2898);
#2475=LINE('',#4384,#2899);
#2476=LINE('',#4385,#2900);
#2477=LINE('',#4387,#2901);
#2478=LINE('',#4390,#2902);
#2479=LINE('',#4392,#2903);
#2480=LINE('',#4394,#2904);
#2481=LINE('',#4396,#2905);
#2482=LINE('',#4399,#2906);
#2483=LINE('',#4401,#2907);
#2484=LINE('',#4403,#2908);
#2485=LINE('',#4405,#2909);
#2486=LINE('',#4406,#2910);
#2487=LINE('',#4408,#2911);
#2488=LINE('',#4411,#2912);
#2489=LINE('',#4413,#2913);
#2490=LINE('',#4415,#2914);
#2491=LINE('',#4417,#2915);
#2492=LINE('',#4420,#2916);
#2493=LINE('',#4422,#2917);
#2494=LINE('',#4424,#2918);
#2495=LINE('',#4426,#2919);
#2496=LINE('',#4427,#2920);
#2497=LINE('',#4429,#2921);
#2498=LINE('',#4432,#2922);
#2499=LINE('',#4434,#2923);
#2500=LINE('',#4436,#2924);
#2501=LINE('',#4438,#2925);
#2502=LINE('',#4439,#2926);
#2503=LINE('',#4441,#2927);
#2504=LINE('',#4444,#2928);
#2505=LINE('',#4446,#2929);
#2506=LINE('',#4448,#2930);
#2507=LINE('',#4450,#2931);
#2508=LINE('',#4453,#2932);
#2509=LINE('',#4455,#2933);
#2510=LINE('',#4457,#2934);
#2511=LINE('',#4459,#2935);
#2512=LINE('',#4460,#2936);
#2513=LINE('',#4462,#2937);
#2514=LINE('',#4465,#2938);
#2515=LINE('',#4467,#2939);
#2516=LINE('',#4469,#2940);
#2517=LINE('',#4471,#2941);
#2518=LINE('',#4474,#2942);
#2519=LINE('',#4476,#2943);
#2520=LINE('',#4478,#2944);
#2521=LINE('',#4480,#2945);
#2522=LINE('',#4481,#2946);
#2523=LINE('',#4483,#2947);
#2524=LINE('',#4486,#2948);
#2525=LINE('',#4488,#2949);
#2526=LINE('',#4490,#2950);
#2527=LINE('',#4492,#2951);
#2528=LINE('',#4495,#2952);
#2529=LINE('',#4497,#2953);
#2530=LINE('',#4499,#2954);
#2531=LINE('',#4501,#2955);
#2532=LINE('',#4502,#2956);
#2533=LINE('',#4504,#2957);
#2534=LINE('',#4507,#2958);
#2535=LINE('',#4509,#2959);
#2536=LINE('',#4511,#2960);
#2537=LINE('',#4513,#2961);
#2538=LINE('',#4516,#2962);
#2539=LINE('',#4518,#2963);
#2540=LINE('',#4520,#2964);
#2541=LINE('',#4522,#2965);
#2542=LINE('',#4525,#2966);
#2543=LINE('',#4527,#2967);
#2544=LINE('',#4529,#2968);
#2545=LINE('',#4531,#2969);
#2546=LINE('',#4534,#2970);
#2547=LINE('',#4536,#2971);
#2548=LINE('',#4538,#2972);
#2549=LINE('',#4540,#2973);
#2550=LINE('',#4541,#2974);
#2551=LINE('',#4543,#2975);
#2552=LINE('',#4545,#2976);
#2553=LINE('',#4547,#2977);
#2554=LINE('',#4550,#2978);
#2555=LINE('',#4552,#2979);
#2556=LINE('',#4554,#2980);
#2557=LINE('',#4556,#2981);
#2558=LINE('',#4558,#2982);
#2559=LINE('',#4560,#2983);
#2560=LINE('',#4562,#2984);
#2561=LINE('',#4564,#2985);
#2562=LINE('',#4567,#2986);
#2563=LINE('',#4569,#2987);
#2564=LINE('',#4571,#2988);
#2565=LINE('',#4573,#2989);
#2566=LINE('',#4575,#2990);
#2567=LINE('',#4577,#2991);
#2568=LINE('',#4579,#2992);
#2569=LINE('',#4581,#2993);
#2570=LINE('',#4583,#2994);
#2571=LINE('',#4585,#2995);
#2572=LINE('',#4586,#2996);
#2573=LINE('',#4587,#2997);
#2574=LINE('',#4588,#2998);
#2575=LINE('',#4590,#2999);
#2576=LINE('',#4591,#3000);
#2577=LINE('',#4593,#3001);
#2578=LINE('',#4595,#3002);
#2579=LINE('',#4596,#3003);
#2580=LINE('',#4597,#3004);
#2581=LINE('',#4599,#3005);
#2582=LINE('',#4601,#3006);
#2583=LINE('',#4603,#3007);
#2584=LINE('',#4605,#3008);
#2585=LINE('',#4607,#3009);
#2586=LINE('',#4609,#3010);
#2587=LINE('',#4611,#3011);
#2588=LINE('',#4612,#3012);
#2589=LINE('',#4614,#3013);
#2590=LINE('',#4616,#3014);
#2591=LINE('',#4617,#3015);
#2592=LINE('',#4619,#3016);
#2593=LINE('',#4622,#3017);
#2594=LINE('',#4624,#3018);
#2595=LINE('',#4626,#3019);
#2596=LINE('',#4627,#3020);
#2597=LINE('',#4629,#3021);
#2598=LINE('',#4631,#3022);
#2599=LINE('',#4633,#3023);
#2600=LINE('',#4636,#3024);
#2601=LINE('',#4638,#3025);
#2602=LINE('',#4640,#3026);
#2603=LINE('',#4641,#3027);
#2604=LINE('',#4644,#3028);
#2605=LINE('',#4646,#3029);
#2606=LINE('',#4648,#3030);
#2607=LINE('',#4649,#3031);
#2608=LINE('',#4652,#3032);
#2609=LINE('',#4654,#3033);
#2610=LINE('',#4656,#3034);
#2611=LINE('',#4657,#3035);
#2612=LINE('',#4659,#3036);
#2613=LINE('',#4660,#3037);
#2614=LINE('',#4662,#3038);
#2615=LINE('',#4664,#3039);
#2616=LINE('',#4666,#3040);
#2617=LINE('',#4668,#3041);
#2618=LINE('',#4669,#3042);
#2619=LINE('',#4670,#3043);
#2620=LINE('',#4671,#3044);
#2621=LINE('',#4672,#3045);
#2622=LINE('',#4673,#3046);
#2623=LINE('',#4675,#3047);
#2624=LINE('',#4676,#3048);
#2625=LINE('',#4678,#3049);
#2626=LINE('',#4680,#3050);
#2627=LINE('',#4682,#3051);
#2628=LINE('',#4684,#3052);
#2629=LINE('',#4686,#3053);
#2630=LINE('',#4688,#3054);
#2631=LINE('',#4689,#3055);
#2632=LINE('',#4691,#3056);
#2633=LINE('',#4693,#3057);
#2634=LINE('',#4695,#3058);
#2635=LINE('',#4697,#3059);
#2636=LINE('',#4699,#3060);
#2637=LINE('',#4700,#3061);
#2638=LINE('',#4702,#3062);
#2639=LINE('',#4704,#3063);
#2640=LINE('',#4706,#3064);
#2641=LINE('',#4708,#3065);
#2642=LINE('',#4710,#3066);
#2643=LINE('',#4712,#3067);
#2644=LINE('',#4713,#3068);
#2645=LINE('',#4714,#3069);
#2646=LINE('',#4715,#3070);
#2647=LINE('',#4716,#3071);
#2648=LINE('',#4717,#3072);
#2649=LINE('',#4719,#3073);
#2650=LINE('',#4721,#3074);
#2651=LINE('',#4723,#3075);
#2652=LINE('',#4725,#3076);
#2653=LINE('',#4726,#3077);
#2654=LINE('',#4727,#3078);
#2655=LINE('',#4728,#3079);
#2656=LINE('',#4729,#3080);
#2657=LINE('',#4731,#3081);
#2658=LINE('',#4733,#3082);
#2659=LINE('',#4735,#3083);
#2660=LINE('',#4737,#3084);
#2661=LINE('',#4739,#3085);
#2662=LINE('',#4741,#3086);
#2663=LINE('',#4743,#3087);
#2664=LINE('',#4745,#3088);
#2665=LINE('',#4748,#3089);
#2666=LINE('',#4750,#3090);
#2667=LINE('',#4752,#3091);
#2668=LINE('',#4754,#3092);
#2669=LINE('',#4756,#3093);
#2670=LINE('',#4758,#3094);
#2671=LINE('',#4760,#3095);
#2672=LINE('',#4762,#3096);
#2673=LINE('',#4767,#3097);
#2674=LINE('',#4769,#3098);
#2675=LINE('',#4771,#3099);
#2676=LINE('',#4773,#3100);
#2677=LINE('',#4775,#3101);
#2678=LINE('',#4777,#3102);
#2679=LINE('',#4780,#3103);
#2680=LINE('',#4781,#3104);
#2681=LINE('',#4783,#3105);
#2682=LINE('',#4785,#3106);
#2683=LINE('',#4788,#3107);
#2684=LINE('',#4790,#3108);
#2685=LINE('',#4795,#3109);
#2686=LINE('',#4797,#3110);
#2687=LINE('',#4799,#3111);
#2688=LINE('',#4801,#3112);
#2689=LINE('',#4802,#3113);
#2690=LINE('',#4804,#3114);
#2691=LINE('',#4805,#3115);
#2692=LINE('',#4808,#3116);
#2693=LINE('',#4810,#3117);
#2694=LINE('',#4813,#3118);
#2695=LINE('',#4814,#3119);
#2696=LINE('',#4816,#3120);
#2697=LINE('',#4819,#3121);
#2698=LINE('',#4821,#3122);
#2699=LINE('',#4822,#3123);
#2700=LINE('',#4824,#3124);
#2701=LINE('',#4826,#3125);
#2702=LINE('',#4828,#3126);
#2703=LINE('',#4830,#3127);
#2704=LINE('',#4832,#3128);
#2705=LINE('',#4834,#3129);
#2706=LINE('',#4835,#3130);
#2707=LINE('',#4837,#3131);
#2708=LINE('',#4839,#3132);
#2709=LINE('',#4840,#3133);
#2710=LINE('',#4843,#3134);
#2711=LINE('',#4844,#3135);
#2712=LINE('',#4846,#3136);
#2713=LINE('',#4849,#3137);
#2714=LINE('',#4850,#3138);
#2715=LINE('',#4854,#3139);
#2716=LINE('',#4856,#3140);
#2717=LINE('',#4859,#3141);
#2718=LINE('',#4860,#3142);
#2719=LINE('',#4862,#3143);
#2720=LINE('',#4865,#3144);
#2721=LINE('',#4866,#3145);
#2722=LINE('',#4868,#3146);
#2723=LINE('',#4870,#3147);
#2724=LINE('',#4872,#3148);
#2725=LINE('',#4874,#3149);
#2726=LINE('',#4876,#3150);
#2727=LINE('',#4878,#3151);
#2728=LINE('',#4880,#3152);
#2729=LINE('',#4882,#3153);
#2730=LINE('',#4885,#3154);
#2731=LINE('',#4887,#3155);
#2732=LINE('',#4889,#3156);
#2733=LINE('',#4891,#3157);
#2734=LINE('',#4893,#3158);
#2735=LINE('',#4895,#3159);
#2736=LINE('',#4897,#3160);
#2737=LINE('',#4899,#3161);
#2738=LINE('',#4901,#3162);
#2739=LINE('',#4903,#3163);
#2740=LINE('',#4905,#3164);
#2741=LINE('',#4907,#3165);
#2742=LINE('',#4909,#3166);
#2743=LINE('',#4911,#3167);
#2744=LINE('',#4914,#3168);
#2745=LINE('',#4916,#3169);
#2746=LINE('',#4918,#3170);
#2747=LINE('',#4920,#3171);
#2748=LINE('',#4922,#3172);
#2749=LINE('',#4924,#3173);
#2750=LINE('',#4926,#3174);
#2751=LINE('',#4928,#3175);
#2752=LINE('',#4930,#3176);
#2753=LINE('',#4932,#3177);
#2754=LINE('',#4934,#3178);
#2755=LINE('',#4936,#3179);
#2756=LINE('',#4942,#3180);
#2757=LINE('',#4944,#3181);
#2758=LINE('',#4946,#3182);
#2759=LINE('',#4948,#3183);
#2760=LINE('',#4950,#3184);
#2761=LINE('',#4952,#3185);
#2762=LINE('',#4954,#3186);
#2763=LINE('',#4956,#3187);
#2764=LINE('',#4958,#3188);
#2765=LINE('',#4960,#3189);
#2766=LINE('',#4962,#3190);
#2767=LINE('',#4965,#3191);
#2768=LINE('',#4969,#3192);
#2769=LINE('',#4971,#3193);
#2770=LINE('',#4973,#3194);
#2771=LINE('',#4975,#3195);
#2772=LINE('',#4979,#3196);
#2773=LINE('',#4981,#3197);
#2774=LINE('',#4983,#3198);
#2775=LINE('',#4985,#3199);
#2776=LINE('',#4987,#3200);
#2777=LINE('',#4989,#3201);
#2778=LINE('',#4991,#3202);
#2779=LINE('',#4993,#3203);
#2780=LINE('',#4995,#3204);
#2781=LINE('',#4998,#3205);
#2782=LINE('',#4999,#3206);
#2783=LINE('',#5000,#3207);
#2784=LINE('',#5005,#3208);
#2785=LINE('',#5007,#3209);
#2786=LINE('',#5009,#3210);
#2787=LINE('',#5011,#3211);
#2788=LINE('',#5013,#3212);
#2789=LINE('',#5018,#3213);
#2790=LINE('',#5020,#3214);
#2791=LINE('',#5022,#3215);
#2792=LINE('',#5024,#3216);
#2793=LINE('',#5026,#3217);
#2794=LINE('',#5029,#3218);
#2795=LINE('',#5031,#3219);
#2796=LINE('',#5037,#3220);
#2797=LINE('',#5041,#3221);
#2798=LINE('',#5045,#3222);
#2799=LINE('',#5049,#3223);
#2800=LINE('',#5054,#3224);
#2801=LINE('',#5058,#3225);
#2802=LINE('',#5062,#3226);
#2803=LINE('',#5066,#3227);
#2804=LINE('',#5068,#3228);
#2805=LINE('',#5069,#3229);
#2806=LINE('',#5071,#3230);
#2807=LINE('',#5072,#3231);
#2808=LINE('',#5073,#3232);
#2809=LINE('',#5075,#3233);
#2810=LINE('',#5078,#3234);
#2811=LINE('',#5079,#3235);
#2812=LINE('',#5081,#3236);
#2813=LINE('',#5082,#3237);
#2814=LINE('',#5083,#3238);
#2815=LINE('',#5085,#3239);
#2816=LINE('',#5088,#3240);
#2817=LINE('',#5089,#3241);
#2818=LINE('',#5091,#3242);
#2819=LINE('',#5093,#3243);
#2820=LINE('',#5096,#3244);
#2821=LINE('',#5101,#3245);
#2822=LINE('',#5105,#3246);
#2823=LINE('',#5109,#3247);
#2824=LINE('',#5118,#3248);
#2825=LINE('',#5119,#3249);
#2826=LINE('',#5121,#3250);
#2827=LINE('',#5126,#3251);
#2828=LINE('',#5127,#3252);
#2829=LINE('',#5131,#3253);
#2830=LINE('',#5135,#3254);
#2831=LINE('',#5136,#3255);
#2832=LINE('',#5138,#3256);
#2833=LINE('',#5142,#3257);
#2834=LINE('',#5144,#3258);
#2835=LINE('',#5148,#3259);
#2836=LINE('',#5155,#3260);
#2837=LINE('',#5159,#3261);
#2838=LINE('',#5160,#3262);
#2839=LINE('',#5162,#3263);
#2840=LINE('',#5163,#3264);
#2841=LINE('',#5165,#3265);
#2842=LINE('',#5168,#3266);
#2843=LINE('',#5169,#3267);
#2844=LINE('',#5171,#3268);
#2845=LINE('',#5173,#3269);
#2846=LINE('',#5176,#3270);
#2847=LINE('',#5179,#3271);
#2848=LINE('',#5181,#3272);
#2849=LINE('',#5183,#3273);
#2850=LINE('',#5185,#3274);
#2851=LINE('',#5202,#3275);
#2852=LINE('',#5204,#3276);
#2853=LINE('',#5211,#3277);
#2854=LINE('',#5220,#3278);
#2855=LINE('',#5227,#3279);
#2856=LINE('',#5235,#3280);
#2857=LINE('',#5242,#3281);
#2858=LINE('',#5244,#3282);
#2859=LINE('',#5245,#3283);
#2860=LINE('',#5247,#3284);
#2861=LINE('',#5248,#3285);
#2862=VECTOR('',#3485,1.);
#2863=VECTOR('',#3486,1.);
#2864=VECTOR('',#3487,1.);
#2865=VECTOR('',#3488,1.);
#2866=VECTOR('',#3491,1.);
#2867=VECTOR('',#3492,1.);
#2868=VECTOR('',#3493,1.);
#2869=VECTOR('',#3494,1.);
#2870=VECTOR('',#3497,1.);
#2871=VECTOR('',#3498,1.);
#2872=VECTOR('',#3499,1.);
#2873=VECTOR('',#3500,1.);
#2874=VECTOR('',#3503,1.);
#2875=VECTOR('',#3504,1.);
#2876=VECTOR('',#3505,1.);
#2877=VECTOR('',#3506,1.);
#2878=VECTOR('',#3509,1.);
#2879=VECTOR('',#3510,1.);
#2880=VECTOR('',#3511,1.);
#2881=VECTOR('',#3512,1.);
#2882=VECTOR('',#3515,1.);
#2883=VECTOR('',#3516,1.);
#2884=VECTOR('',#3517,1.);
#2885=VECTOR('',#3518,1.);
#2886=VECTOR('',#3521,1.);
#2887=VECTOR('',#3522,1.);
#2888=VECTOR('',#3523,1.);
#2889=VECTOR('',#3524,1.);
#2890=VECTOR('',#3525,1.);
#2891=VECTOR('',#3526,1.);
#2892=VECTOR('',#3529,1.);
#2893=VECTOR('',#3530,1.);
#2894=VECTOR('',#3531,1.);
#2895=VECTOR('',#3534,1.);
#2896=VECTOR('',#3535,1.);
#2897=VECTOR('',#3536,1.);
#2898=VECTOR('',#3537,1.);
#2899=VECTOR('',#3540,1.);
#2900=VECTOR('',#3541,1.);
#2901=VECTOR('',#3544,1.);
#2902=VECTOR('',#3545,1.);
#2903=VECTOR('',#3546,1.);
#2904=VECTOR('',#3547,1.);
#2905=VECTOR('',#3550,1.);
#2906=VECTOR('',#3551,1.);
#2907=VECTOR('',#3552,1.);
#2908=VECTOR('',#3553,1.);
#2909=VECTOR('',#3556,1.);
#2910=VECTOR('',#3557,1.);
#2911=VECTOR('',#3560,1.);
#2912=VECTOR('',#3561,1.);
#2913=VECTOR('',#3562,1.);
#2914=VECTOR('',#3563,1.);
#2915=VECTOR('',#3566,1.);
#2916=VECTOR('',#3567,1.);
#2917=VECTOR('',#3568,1.);
#2918=VECTOR('',#3569,1.);
#2919=VECTOR('',#3572,1.);
#2920=VECTOR('',#3573,1.);
#2921=VECTOR('',#3576,1.);
#2922=VECTOR('',#3577,1.);
#2923=VECTOR('',#3578,1.);
#2924=VECTOR('',#3579,1.);
#2925=VECTOR('',#3582,1.);
#2926=VECTOR('',#3583,1.);
#2927=VECTOR('',#3586,1.);
#2928=VECTOR('',#3587,1.);
#2929=VECTOR('',#3588,1.);
#2930=VECTOR('',#3589,1.);
#2931=VECTOR('',#3592,1.);
#2932=VECTOR('',#3593,1.);
#2933=VECTOR('',#3594,1.);
#2934=VECTOR('',#3595,1.);
#2935=VECTOR('',#3598,1.);
#2936=VECTOR('',#3599,1.);
#2937=VECTOR('',#3602,1.);
#2938=VECTOR('',#3603,1.);
#2939=VECTOR('',#3604,1.);
#2940=VECTOR('',#3605,1.);
#2941=VECTOR('',#3608,1.);
#2942=VECTOR('',#3609,1.);
#2943=VECTOR('',#3610,1.);
#2944=VECTOR('',#3611,1.);
#2945=VECTOR('',#3614,1.);
#2946=VECTOR('',#3615,1.);
#2947=VECTOR('',#3618,1.);
#2948=VECTOR('',#3619,1.);
#2949=VECTOR('',#3620,1.);
#2950=VECTOR('',#3621,1.);
#2951=VECTOR('',#3624,1.);
#2952=VECTOR('',#3625,1.);
#2953=VECTOR('',#3626,1.);
#2954=VECTOR('',#3627,1.);
#2955=VECTOR('',#3630,1.);
#2956=VECTOR('',#3631,1.);
#2957=VECTOR('',#3634,1.);
#2958=VECTOR('',#3635,1.);
#2959=VECTOR('',#3636,1.);
#2960=VECTOR('',#3637,1.);
#2961=VECTOR('',#3640,1.);
#2962=VECTOR('',#3641,1.);
#2963=VECTOR('',#3642,1.);
#2964=VECTOR('',#3643,1.);
#2965=VECTOR('',#3646,1.);
#2966=VECTOR('',#3647,1.);
#2967=VECTOR('',#3648,1.);
#2968=VECTOR('',#3649,1.);
#2969=VECTOR('',#3652,1.);
#2970=VECTOR('',#3653,1.);
#2971=VECTOR('',#3654,1.);
#2972=VECTOR('',#3655,1.);
#2973=VECTOR('',#3658,1.);
#2974=VECTOR('',#3659,1.);
#2975=VECTOR('',#3660,1.);
#2976=VECTOR('',#3661,1.);
#2977=VECTOR('',#3664,1.);
#2978=VECTOR('',#3665,1.);
#2979=VECTOR('',#3666,1.);
#2980=VECTOR('',#3667,1.);
#2981=VECTOR('',#3668,1.);
#2982=VECTOR('',#3669,1.);
#2983=VECTOR('',#3670,1.);
#2984=VECTOR('',#3671,1.);
#2985=VECTOR('',#3674,1.);
#2986=VECTOR('',#3675,1.);
#2987=VECTOR('',#3676,1.);
#2988=VECTOR('',#3677,1.);
#2989=VECTOR('',#3680,1.);
#2990=VECTOR('',#3681,1.);
#2991=VECTOR('',#3682,1.);
#2992=VECTOR('',#3683,1.);
#2993=VECTOR('',#3684,1.);
#2994=VECTOR('',#3685,1.);
#2995=VECTOR('',#3686,1.);
#2996=VECTOR('',#3687,1.);
#2997=VECTOR('',#3688,1.);
#2998=VECTOR('',#3689,1.);
#2999=VECTOR('',#3690,1.);
#3000=VECTOR('',#3691,1.);
#3001=VECTOR('',#3692,1.);
#3002=VECTOR('',#3693,1.);
#3003=VECTOR('',#3694,1.);
#3004=VECTOR('',#3695,1.);
#3005=VECTOR('',#3698,1.);
#3006=VECTOR('',#3699,1.);
#3007=VECTOR('',#3700,1.);
#3008=VECTOR('',#3703,1.);
#3009=VECTOR('',#3704,1.);
#3010=VECTOR('',#3705,1.);
#3011=VECTOR('',#3706,1.);
#3012=VECTOR('',#3707,1.);
#3013=VECTOR('',#3708,1.);
#3014=VECTOR('',#3711,1.);
#3015=VECTOR('',#3712,1.);
#3016=VECTOR('',#3715,1.);
#3017=VECTOR('',#3716,1.);
#3018=VECTOR('',#3717,1.);
#3019=VECTOR('',#3718,1.);
#3020=VECTOR('',#3719,1.);
#3021=VECTOR('',#3720,1.);
#3022=VECTOR('',#3721,1.);
#3023=VECTOR('',#3724,1.);
#3024=VECTOR('',#3725,1.);
#3025=VECTOR('',#3726,1.);
#3026=VECTOR('',#3727,1.);
#3027=VECTOR('',#3728,1.);
#3028=VECTOR('',#3729,1.);
#3029=VECTOR('',#3730,1.);
#3030=VECTOR('',#3731,1.);
#3031=VECTOR('',#3732,1.);
#3032=VECTOR('',#3733,1.);
#3033=VECTOR('',#3734,1.);
#3034=VECTOR('',#3735,1.);
#3035=VECTOR('',#3736,1.);
#3036=VECTOR('',#3737,1.);
#3037=VECTOR('',#3738,1.);
#3038=VECTOR('',#3739,1.);
#3039=VECTOR('',#3740,1.);
#3040=VECTOR('',#3741,1.);
#3041=VECTOR('',#3742,1.);
#3042=VECTOR('',#3743,1.);
#3043=VECTOR('',#3744,1.);
#3044=VECTOR('',#3745,1.);
#3045=VECTOR('',#3746,1.);
#3046=VECTOR('',#3747,1.);
#3047=VECTOR('',#3748,1.);
#3048=VECTOR('',#3749,1.);
#3049=VECTOR('',#3750,1.);
#3050=VECTOR('',#3751,1.);
#3051=VECTOR('',#3752,1.);
#3052=VECTOR('',#3753,1.);
#3053=VECTOR('',#3756,1.);
#3054=VECTOR('',#3757,1.);
#3055=VECTOR('',#3758,1.);
#3056=VECTOR('',#3759,1.);
#3057=VECTOR('',#3760,1.);
#3058=VECTOR('',#3761,1.);
#3059=VECTOR('',#3764,1.);
#3060=VECTOR('',#3765,1.);
#3061=VECTOR('',#3766,1.);
#3062=VECTOR('',#3767,1.);
#3063=VECTOR('',#3768,1.);
#3064=VECTOR('',#3769,1.);
#3065=VECTOR('',#3770,1.);
#3066=VECTOR('',#3771,1.);
#3067=VECTOR('',#3772,1.);
#3068=VECTOR('',#3773,1.);
#3069=VECTOR('',#3774,1.);
#3070=VECTOR('',#3775,1.);
#3071=VECTOR('',#3776,1.);
#3072=VECTOR('',#3777,1.);
#3073=VECTOR('',#3778,1.);
#3074=VECTOR('',#3779,1.);
#3075=VECTOR('',#3780,1.);
#3076=VECTOR('',#3781,1.);
#3077=VECTOR('',#3782,1.);
#3078=VECTOR('',#3783,1.);
#3079=VECTOR('',#3784,1.);
#3080=VECTOR('',#3785,1.);
#3081=VECTOR('',#3788,1.);
#3082=VECTOR('',#3789,1.);
#3083=VECTOR('',#3790,1.);
#3084=VECTOR('',#3793,1.);
#3085=VECTOR('',#3794,1.);
#3086=VECTOR('',#3795,1.);
#3087=VECTOR('',#3798,1.);
#3088=VECTOR('',#3801,1.);
#3089=VECTOR('',#3806,1.);
#3090=VECTOR('',#3807,1.);
#3091=VECTOR('',#3808,1.);
#3092=VECTOR('',#3811,1.);
#3093=VECTOR('',#3812,1.);
#3094=VECTOR('',#3813,1.);
#3095=VECTOR('',#3816,1.);
#3096=VECTOR('',#3819,1.);
#3097=VECTOR('',#3828,1.);
#3098=VECTOR('',#3829,1.);
#3099=VECTOR('',#3830,1.);
#3100=VECTOR('',#3831,1.);
#3101=VECTOR('',#3832,1.);
#3102=VECTOR('',#3835,1.);
#3103=VECTOR('',#3836,1.);
#3104=VECTOR('',#3837,1.);
#3105=VECTOR('',#3838,1.);
#3106=VECTOR('',#3841,1.);
#3107=VECTOR('',#3846,1.);
#3108=VECTOR('',#3849,1.);
#3109=VECTOR('',#3858,1.);
#3110=VECTOR('',#3859,1.);
#3111=VECTOR('',#3860,1.);
#3112=VECTOR('',#3861,1.);
#3113=VECTOR('',#3862,1.);
#3114=VECTOR('',#3865,1.);
#3115=VECTOR('',#3866,1.);
#3116=VECTOR('',#3871,1.);
#3117=VECTOR('',#3874,1.);
#3118=VECTOR('',#3875,1.);
#3119=VECTOR('',#3876,1.);
#3120=VECTOR('',#3879,1.);
#3121=VECTOR('',#3880,1.);
#3122=VECTOR('',#3881,1.);
#3123=VECTOR('',#3882,1.);
#3124=VECTOR('',#3883,1.);
#3125=VECTOR('',#3886,1.);
#3126=VECTOR('',#3887,1.);
#3127=VECTOR('',#3888,1.);
#3128=VECTOR('',#3891,1.);
#3129=VECTOR('',#3892,1.);
#3130=VECTOR('',#3893,1.);
#3131=VECTOR('',#3894,1.);
#3132=VECTOR('',#3897,1.);
#3133=VECTOR('',#3898,1.);
#3134=VECTOR('',#3903,1.);
#3135=VECTOR('',#3904,1.);
#3136=VECTOR('',#3907,1.);
#3137=VECTOR('',#3908,1.);
#3138=VECTOR('',#3909,1.);
#3139=VECTOR('',#3916,1.);
#3140=VECTOR('',#3919,1.);
#3141=VECTOR('',#3920,1.);
#3142=VECTOR('',#3921,1.);
#3143=VECTOR('',#3924,1.);
#3144=VECTOR('',#3925,1.);
#3145=VECTOR('',#3926,1.);
#3146=VECTOR('',#3929,1.);
#3147=VECTOR('',#3930,1.);
#3148=VECTOR('',#3931,1.);
#3149=VECTOR('',#3934,1.);
#3150=VECTOR('',#3935,1.);
#3151=VECTOR('',#3936,1.);
#3152=VECTOR('',#3939,1.);
#3153=VECTOR('',#3942,1.);
#3154=VECTOR('',#3947,1.);
#3155=VECTOR('',#3948,1.);
#3156=VECTOR('',#3949,1.);
#3157=VECTOR('',#3952,1.);
#3158=VECTOR('',#3953,1.);
#3159=VECTOR('',#3954,1.);
#3160=VECTOR('',#3957,1.);
#3161=VECTOR('',#3958,1.);
#3162=VECTOR('',#3959,1.);
#3163=VECTOR('',#3962,1.);
#3164=VECTOR('',#3963,1.);
#3165=VECTOR('',#3964,1.);
#3166=VECTOR('',#3967,1.);
#3167=VECTOR('',#3970,1.);
#3168=VECTOR('',#3975,1.);
#3169=VECTOR('',#3976,1.);
#3170=VECTOR('',#3977,1.);
#3171=VECTOR('',#3980,1.);
#3172=VECTOR('',#3981,1.);
#3173=VECTOR('',#3982,1.);
#3174=VECTOR('',#3985,1.);
#3175=VECTOR('',#3986,1.);
#3176=VECTOR('',#3987,1.);
#3177=VECTOR('',#3990,1.);
#3178=VECTOR('',#3993,1.);
#3179=VECTOR('',#3994,1.);
#3180=VECTOR('',#4001,1.);
#3181=VECTOR('',#4002,1.);
#3182=VECTOR('',#4005,1.);
#3183=VECTOR('',#4008,1.);
#3184=VECTOR('',#4009,1.);
#3185=VECTOR('',#4010,1.);
#3186=VECTOR('',#4013,1.);
#3187=VECTOR('',#4014,1.);
#3188=VECTOR('',#4015,1.);
#3189=VECTOR('',#4018,1.);
#3190=VECTOR('',#4021,1.);
#3191=VECTOR('',#4026,1.);
#3192=VECTOR('',#4031,1.);
#3193=VECTOR('',#4032,1.);
#3194=VECTOR('',#4035,1.);
#3195=VECTOR('',#4036,1.);
#3196=VECTOR('',#4041,1.);
#3197=VECTOR('',#4044,1.);
#3198=VECTOR('',#4045,1.);
#3199=VECTOR('',#4046,1.);
#3200=VECTOR('',#4049,1.);
#3201=VECTOR('',#4050,1.);
#3202=VECTOR('',#4051,1.);
#3203=VECTOR('',#4054,1.);
#3204=VECTOR('',#4057,1.);
#3205=VECTOR('',#4062,1.);
#3206=VECTOR('',#4063,1.);
#3207=VECTOR('',#4064,1.);
#3208=VECTOR('',#4073,1.);
#3209=VECTOR('',#4074,1.);
#3210=VECTOR('',#4077,1.);
#3211=VECTOR('',#4078,1.);
#3212=VECTOR('',#4081,1.);
#3213=VECTOR('',#4090,1.);
#3214=VECTOR('',#4091,1.);
#3215=VECTOR('',#4092,1.);
#3216=VECTOR('',#4095,1.);
#3217=VECTOR('',#4098,1.);
#3218=VECTOR('',#4103,1.);
#3219=VECTOR('',#4106,1.);
#3220=VECTOR('',#4113,1.);
#3221=VECTOR('',#4116,1.);
#3222=VECTOR('',#4119,1.);
#3223=VECTOR('',#4122,1.);
#3224=VECTOR('',#4127,1.);
#3225=VECTOR('',#4130,1.);
#3226=VECTOR('',#4133,1.);
#3227=VECTOR('',#4136,1.);
#3228=VECTOR('',#4139,1.);
#3229=VECTOR('',#4140,1.);
#3230=VECTOR('',#4143,1.);
#3231=VECTOR('',#4144,1.);
#3232=VECTOR('',#4145,1.);
#3233=VECTOR('',#4148,1.);
#3234=VECTOR('',#4153,1.);
#3235=VECTOR('',#4154,1.);
#3236=VECTOR('',#4157,1.);
#3237=VECTOR('',#4158,1.);
#3238=VECTOR('',#4159,1.);
#3239=VECTOR('',#4162,1.);
#3240=VECTOR('',#4167,1.);
#3241=VECTOR('',#4168,1.);
#3242=VECTOR('',#4171,1.);
#3243=VECTOR('',#4174,1.);
#3244=VECTOR('',#4179,1.);
#3245=VECTOR('',#4182,1.);
#3246=VECTOR('',#4185,1.);
#3247=VECTOR('',#4188,1.);
#3248=VECTOR('',#4197,1.);
#3249=VECTOR('',#4198,1.);
#3250=VECTOR('',#4201,1.);
#3251=VECTOR('',#4204,1.);
#3252=VECTOR('',#4205,1.);
#3253=VECTOR('',#4208,1.);
#3254=VECTOR('',#4213,1.);
#3255=VECTOR('',#4214,1.);
#3256=VECTOR('',#4217,1.);
#3257=VECTOR('',#4222,1.);
#3258=VECTOR('',#4223,1.);
#3259=VECTOR('',#4228,1.);
#3260=VECTOR('',#4231,1.);
#3261=VECTOR('',#4236,1.);
#3262=VECTOR('',#4237,1.);
#3263=VECTOR('',#4240,1.);
#3264=VECTOR('',#4241,1.);
#3265=VECTOR('',#4244,1.);
#3266=VECTOR('',#4249,1.);
#3267=VECTOR('',#4250,1.);
#3268=VECTOR('',#4253,1.);
#3269=VECTOR('',#4256,1.);
#3270=VECTOR('',#4261,1.);
#3271=VECTOR('',#4262,1.);
#3272=VECTOR('',#4263,1.);
#3273=VECTOR('',#4264,1.);
#3274=VECTOR('',#4267,1.);
#3275=VECTOR('',#4270,1.);
#3276=VECTOR('',#4273,1.);
#3277=VECTOR('',#4276,1.);
#3278=VECTOR('',#4281,1.);
#3279=VECTOR('',#4282,1.);
#3280=VECTOR('',#4285,1.);
#3281=VECTOR('',#4286,1.);
#3282=VECTOR('',#4289,1.);
#3283=VECTOR('',#4290,1.);
#3284=VECTOR('',#4293,1.);
#3285=VECTOR('',#4294,1.);
#3286=AXIS2_PLACEMENT_3D('',#4301,#3483,#3484);
#3287=AXIS2_PLACEMENT_3D('',#4310,#3489,#3490);
#3288=AXIS2_PLACEMENT_3D('',#4319,#3495,#3496);
#3289=AXIS2_PLACEMENT_3D('',#4328,#3501,#3502);
#3290=AXIS2_PLACEMENT_3D('',#4337,#3507,#3508);
#3291=AXIS2_PLACEMENT_3D('',#4346,#3513,#3514);
#3292=AXIS2_PLACEMENT_3D('',#4355,#3519,#3520);
#3293=AXIS2_PLACEMENT_3D('',#4368,#3527,#3528);
#3294=AXIS2_PLACEMENT_3D('',#4374,#3532,#3533);
#3295=AXIS2_PLACEMENT_3D('',#4383,#3538,#3539);
#3296=AXIS2_PLACEMENT_3D('',#4386,#3542,#3543);
#3297=AXIS2_PLACEMENT_3D('',#4395,#3548,#3549);
#3298=AXIS2_PLACEMENT_3D('',#4404,#3554,#3555);
#3299=AXIS2_PLACEMENT_3D('',#4407,#3558,#3559);
#3300=AXIS2_PLACEMENT_3D('',#4416,#3564,#3565);
#3301=AXIS2_PLACEMENT_3D('',#4425,#3570,#3571);
#3302=AXIS2_PLACEMENT_3D('',#4428,#3574,#3575);
#3303=AXIS2_PLACEMENT_3D('',#4437,#3580,#3581);
#3304=AXIS2_PLACEMENT_3D('',#4440,#3584,#3585);
#3305=AXIS2_PLACEMENT_3D('',#4449,#3590,#3591);
#3306=AXIS2_PLACEMENT_3D('',#4458,#3596,#3597);
#3307=AXIS2_PLACEMENT_3D('',#4461,#3600,#3601);
#3308=AXIS2_PLACEMENT_3D('',#4470,#3606,#3607);
#3309=AXIS2_PLACEMENT_3D('',#4479,#3612,#3613);
#3310=AXIS2_PLACEMENT_3D('',#4482,#3616,#3617);
#3311=AXIS2_PLACEMENT_3D('',#4491,#3622,#3623);
#3312=AXIS2_PLACEMENT_3D('',#4500,#3628,#3629);
#3313=AXIS2_PLACEMENT_3D('',#4503,#3632,#3633);
#3314=AXIS2_PLACEMENT_3D('',#4512,#3638,#3639);
#3315=AXIS2_PLACEMENT_3D('',#4521,#3644,#3645);
#3316=AXIS2_PLACEMENT_3D('',#4530,#3650,#3651);
#3317=AXIS2_PLACEMENT_3D('',#4539,#3656,#3657);
#3318=AXIS2_PLACEMENT_3D('',#4546,#3662,#3663);
#3319=AXIS2_PLACEMENT_3D('',#4563,#3672,#3673);
#3320=AXIS2_PLACEMENT_3D('',#4572,#3678,#3679);
#3321=AXIS2_PLACEMENT_3D('',#4598,#3696,#3697);
#3322=AXIS2_PLACEMENT_3D('',#4604,#3701,#3702);
#3323=AXIS2_PLACEMENT_3D('',#4615,#3709,#3710);
#3324=AXIS2_PLACEMENT_3D('',#4618,#3713,#3714);
#3325=AXIS2_PLACEMENT_3D('',#4632,#3722,#3723);
#3326=AXIS2_PLACEMENT_3D('',#4685,#3754,#3755);
#3327=AXIS2_PLACEMENT_3D('',#4696,#3762,#3763);
#3328=AXIS2_PLACEMENT_3D('',#4730,#3786,#3787);
#3329=AXIS2_PLACEMENT_3D('',#4736,#3791,#3792);
#3330=AXIS2_PLACEMENT_3D('',#4742,#3796,#3797);
#3331=AXIS2_PLACEMENT_3D('',#4744,#3799,#3800);
#3332=AXIS2_PLACEMENT_3D('',#4746,#3802,#3803);
#3333=AXIS2_PLACEMENT_3D('',#4747,#3804,#3805);
#3334=AXIS2_PLACEMENT_3D('',#4753,#3809,#3810);
#3335=AXIS2_PLACEMENT_3D('',#4759,#3814,#3815);
#3336=AXIS2_PLACEMENT_3D('',#4761,#3817,#3818);
#3337=AXIS2_PLACEMENT_3D('',#4763,#3820,#3821);
#3338=AXIS2_PLACEMENT_3D('',#4764,#3822,#3823);
#3339=AXIS2_PLACEMENT_3D('',#4765,#3824,#3825);
#3340=AXIS2_PLACEMENT_3D('',#4766,#3826,#3827);
#3341=AXIS2_PLACEMENT_3D('',#4776,#3833,#3834);
#3342=AXIS2_PLACEMENT_3D('',#4784,#3839,#3840);
#3343=AXIS2_PLACEMENT_3D('',#4786,#3842,#3843);
#3344=AXIS2_PLACEMENT_3D('',#4787,#3844,#3845);
#3345=AXIS2_PLACEMENT_3D('',#4789,#3847,#3848);
#3346=AXIS2_PLACEMENT_3D('',#4791,#3850,#3851);
#3347=AXIS2_PLACEMENT_3D('',#4792,#3852,#3853);
#3348=AXIS2_PLACEMENT_3D('',#4793,#3854,#3855);
#3349=AXIS2_PLACEMENT_3D('',#4794,#3856,#3857);
#3350=AXIS2_PLACEMENT_3D('',#4803,#3863,#3864);
#3351=AXIS2_PLACEMENT_3D('',#4806,#3867,#3868);
#3352=AXIS2_PLACEMENT_3D('',#4807,#3869,#3870);
#3353=AXIS2_PLACEMENT_3D('',#4809,#3872,#3873);
#3354=AXIS2_PLACEMENT_3D('',#4815,#3877,#3878);
#3355=AXIS2_PLACEMENT_3D('',#4825,#3884,#3885);
#3356=AXIS2_PLACEMENT_3D('',#4831,#3889,#3890);
#3357=AXIS2_PLACEMENT_3D('',#4838,#3895,#3896);
#3358=AXIS2_PLACEMENT_3D('',#4841,#3899,#3900);
#3359=AXIS2_PLACEMENT_3D('',#4842,#3901,#3902);
#3360=AXIS2_PLACEMENT_3D('',#4845,#3905,#3906);
#3361=AXIS2_PLACEMENT_3D('',#4851,#3910,#3911);
#3362=AXIS2_PLACEMENT_3D('',#4852,#3912,#3913);
#3363=AXIS2_PLACEMENT_3D('',#4853,#3914,#3915);
#3364=AXIS2_PLACEMENT_3D('',#4855,#3917,#3918);
#3365=AXIS2_PLACEMENT_3D('',#4861,#3922,#3923);
#3366=AXIS2_PLACEMENT_3D('',#4867,#3927,#3928);
#3367=AXIS2_PLACEMENT_3D('',#4873,#3932,#3933);
#3368=AXIS2_PLACEMENT_3D('',#4879,#3937,#3938);
#3369=AXIS2_PLACEMENT_3D('',#4881,#3940,#3941);
#3370=AXIS2_PLACEMENT_3D('',#4883,#3943,#3944);
#3371=AXIS2_PLACEMENT_3D('',#4884,#3945,#3946);
#3372=AXIS2_PLACEMENT_3D('',#4890,#3950,#3951);
#3373=AXIS2_PLACEMENT_3D('',#4896,#3955,#3956);
#3374=AXIS2_PLACEMENT_3D('',#4902,#3960,#3961);
#3375=AXIS2_PLACEMENT_3D('',#4908,#3965,#3966);
#3376=AXIS2_PLACEMENT_3D('',#4910,#3968,#3969);
#3377=AXIS2_PLACEMENT_3D('',#4912,#3971,#3972);
#3378=AXIS2_PLACEMENT_3D('',#4913,#3973,#3974);
#3379=AXIS2_PLACEMENT_3D('',#4919,#3978,#3979);
#3380=AXIS2_PLACEMENT_3D('',#4925,#3983,#3984);
#3381=AXIS2_PLACEMENT_3D('',#4931,#3988,#3989);
#3382=AXIS2_PLACEMENT_3D('',#4933,#3991,#3992);
#3383=AXIS2_PLACEMENT_3D('',#4938,#3995,#3996);
#3384=AXIS2_PLACEMENT_3D('',#4939,#3997,#3998);
#3385=AXIS2_PLACEMENT_3D('',#4940,#3999,#4000);
#3386=AXIS2_PLACEMENT_3D('',#4945,#4003,#4004);
#3387=AXIS2_PLACEMENT_3D('',#4947,#4006,#4007);
#3388=AXIS2_PLACEMENT_3D('',#4953,#4011,#4012);
#3389=AXIS2_PLACEMENT_3D('',#4959,#4016,#4017);
#3390=AXIS2_PLACEMENT_3D('',#4961,#4019,#4020);
#3391=AXIS2_PLACEMENT_3D('',#4963,#4022,#4023);
#3392=AXIS2_PLACEMENT_3D('',#4964,#4024,#4025);
#3393=AXIS2_PLACEMENT_3D('',#4966,#4027,#4028);
#3394=AXIS2_PLACEMENT_3D('',#4967,#4029,#4030);
#3395=AXIS2_PLACEMENT_3D('',#4972,#4033,#4034);
#3396=AXIS2_PLACEMENT_3D('',#4977,#4037,#4038);
#3397=AXIS2_PLACEMENT_3D('',#4978,#4039,#4040);
#3398=AXIS2_PLACEMENT_3D('',#4980,#4042,#4043);
#3399=AXIS2_PLACEMENT_3D('',#4986,#4047,#4048);
#3400=AXIS2_PLACEMENT_3D('',#4992,#4052,#4053);
#3401=AXIS2_PLACEMENT_3D('',#4994,#4055,#4056);
#3402=AXIS2_PLACEMENT_3D('',#4996,#4058,#4059);
#3403=AXIS2_PLACEMENT_3D('',#4997,#4060,#4061);
#3404=AXIS2_PLACEMENT_3D('',#5001,#4065,#4066);
#3405=AXIS2_PLACEMENT_3D('',#5002,#4067,#4068);
#3406=AXIS2_PLACEMENT_3D('',#5003,#4069,#4070);
#3407=AXIS2_PLACEMENT_3D('',#5004,#4071,#4072);
#3408=AXIS2_PLACEMENT_3D('',#5008,#4075,#4076);
#3409=AXIS2_PLACEMENT_3D('',#5012,#4079,#4080);
#3410=AXIS2_PLACEMENT_3D('',#5014,#4082,#4083);
#3411=AXIS2_PLACEMENT_3D('',#5015,#4084,#4085);
#3412=AXIS2_PLACEMENT_3D('',#5016,#4086,#4087);
#3413=AXIS2_PLACEMENT_3D('',#5017,#4088,#4089);
#3414=AXIS2_PLACEMENT_3D('',#5023,#4093,#4094);
#3415=AXIS2_PLACEMENT_3D('',#5025,#4096,#4097);
#3416=AXIS2_PLACEMENT_3D('',#5027,#4099,#4100);
#3417=AXIS2_PLACEMENT_3D('',#5028,#4101,#4102);
#3418=AXIS2_PLACEMENT_3D('',#5030,#4104,#4105);
#3419=AXIS2_PLACEMENT_3D('',#5032,#4107,#4108);
#3420=AXIS2_PLACEMENT_3D('',#5033,#4109,#4110);
#3421=AXIS2_PLACEMENT_3D('',#5034,#4111,#4112);
#3422=AXIS2_PLACEMENT_3D('',#5039,#4114,#4115);
#3423=AXIS2_PLACEMENT_3D('',#5043,#4117,#4118);
#3424=AXIS2_PLACEMENT_3D('',#5047,#4120,#4121);
#3425=AXIS2_PLACEMENT_3D('',#5050,#4123,#4124);
#3426=AXIS2_PLACEMENT_3D('',#5051,#4125,#4126);
#3427=AXIS2_PLACEMENT_3D('',#5056,#4128,#4129);
#3428=AXIS2_PLACEMENT_3D('',#5060,#4131,#4132);
#3429=AXIS2_PLACEMENT_3D('',#5064,#4134,#4135);
#3430=AXIS2_PLACEMENT_3D('',#5067,#4137,#4138);
#3431=AXIS2_PLACEMENT_3D('',#5070,#4141,#4142);
#3432=AXIS2_PLACEMENT_3D('',#5074,#4146,#4147);
#3433=AXIS2_PLACEMENT_3D('',#5076,#4149,#4150);
#3434=AXIS2_PLACEMENT_3D('',#5077,#4151,#4152);
#3435=AXIS2_PLACEMENT_3D('',#5080,#4155,#4156);
#3436=AXIS2_PLACEMENT_3D('',#5084,#4160,#4161);
#3437=AXIS2_PLACEMENT_3D('',#5086,#4163,#4164);
#3438=AXIS2_PLACEMENT_3D('',#5087,#4165,#4166);
#3439=AXIS2_PLACEMENT_3D('',#5090,#4169,#4170);
#3440=AXIS2_PLACEMENT_3D('',#5092,#4172,#4173);
#3441=AXIS2_PLACEMENT_3D('',#5094,#4175,#4176);
#3442=AXIS2_PLACEMENT_3D('',#5095,#4177,#4178);
#3443=AXIS2_PLACEMENT_3D('',#5099,#4180,#4181);
#3444=AXIS2_PLACEMENT_3D('',#5103,#4183,#4184);
#3445=AXIS2_PLACEMENT_3D('',#5107,#4186,#4187);
#3446=AXIS2_PLACEMENT_3D('',#5111,#4189,#4190);
#3447=AXIS2_PLACEMENT_3D('',#5112,#4191,#4192);
#3448=AXIS2_PLACEMENT_3D('',#5113,#4193,#4194);
#3449=AXIS2_PLACEMENT_3D('',#5116,#4195,#4196);
#3450=AXIS2_PLACEMENT_3D('',#5120,#4199,#4200);
#3451=AXIS2_PLACEMENT_3D('',#5124,#4202,#4203);
#3452=AXIS2_PLACEMENT_3D('',#5129,#4206,#4207);
#3453=AXIS2_PLACEMENT_3D('',#5133,#4209,#4210);
#3454=AXIS2_PLACEMENT_3D('',#5134,#4211,#4212);
#3455=AXIS2_PLACEMENT_3D('',#5137,#4215,#4216);
#3456=AXIS2_PLACEMENT_3D('',#5140,#4218,#4219);
#3457=AXIS2_PLACEMENT_3D('',#5141,#4220,#4221);
#3458=AXIS2_PLACEMENT_3D('',#5145,#4224,#4225);
#3459=AXIS2_PLACEMENT_3D('',#5146,#4226,#4227);
#3460=AXIS2_PLACEMENT_3D('',#5154,#4229,#4230);
#3461=AXIS2_PLACEMENT_3D('',#5157,#4232,#4233);
#3462=AXIS2_PLACEMENT_3D('',#5158,#4234,#4235);
#3463=AXIS2_PLACEMENT_3D('',#5161,#4238,#4239);
#3464=AXIS2_PLACEMENT_3D('',#5164,#4242,#4243);
#3465=AXIS2_PLACEMENT_3D('',#5166,#4245,#4246);
#3466=AXIS2_PLACEMENT_3D('',#5167,#4247,#4248);
#3467=AXIS2_PLACEMENT_3D('',#5170,#4251,#4252);
#3468=AXIS2_PLACEMENT_3D('',#5172,#4254,#4255);
#3469=AXIS2_PLACEMENT_3D('',#5174,#4257,#4258);
#3470=AXIS2_PLACEMENT_3D('',#5175,#4259,#4260);
#3471=AXIS2_PLACEMENT_3D('',#5184,#4265,#4266);
#3472=AXIS2_PLACEMENT_3D('',#5196,#4268,#4269);
#3473=AXIS2_PLACEMENT_3D('',#5203,#4271,#4272);
#3474=AXIS2_PLACEMENT_3D('',#5210,#4274,#4275);
#3475=AXIS2_PLACEMENT_3D('',#5212,#4277,#4278);
#3476=AXIS2_PLACEMENT_3D('',#5213,#4279,#4280);
#3477=AXIS2_PLACEMENT_3D('',#5228,#4283,#4284);
#3478=AXIS2_PLACEMENT_3D('',#5243,#4287,#4288);
#3479=AXIS2_PLACEMENT_3D('',#5246,#4291,#4292);
#3480=AXIS2_PLACEMENT_3D('',#5249,#4295,#4296);
#3481=AXIS2_PLACEMENT_3D('',#5250,#4297,#4298);
#3482=AXIS2_PLACEMENT_3D('',#5251,#4299,#4300);
#3483=DIRECTION('',(0.,0.,1.));
#3484=DIRECTION('',(1.,0.,0.));
#3485=DIRECTION('',(1.,-1.17145536458252E-15,0.));
#3486=DIRECTION('',(0.,0.,-1.));
#3487=DIRECTION('',(-1.,1.17145536458252E-15,0.));
#3488=DIRECTION('',(0.,0.,-1.));
#3489=DIRECTION('',(1.17145536458252E-15,1.,0.));
#3490=DIRECTION('',(-1.,1.17148044737059E-15,0.));
#3491=DIRECTION('',(1.,-1.17145536458252E-15,0.));
#3492=DIRECTION('',(0.,0.,1.));
#3493=DIRECTION('',(-1.,1.17145536458252E-15,0.));
#3494=DIRECTION('',(0.,0.,1.));
#3495=DIRECTION('',(1.17145536458252E-15,1.,0.));
#3496=DIRECTION('',(-1.,1.17137202715334E-15,0.));
#3497=DIRECTION('',(-1.,1.17145536458252E-15,0.));
#3498=DIRECTION('',(0.,0.,-1.));
#3499=DIRECTION('',(1.,-1.17145536458252E-15,0.));
#3500=DIRECTION('',(0.,0.,-1.));
#3501=DIRECTION('',(1.17145536458252E-15,1.,0.));
#3502=DIRECTION('',(-1.,1.17137202715334E-15,0.));
#3503=DIRECTION('',(1.,-1.19847510265257E-15,0.));
#3504=DIRECTION('',(-0.182452787718684,2.18665123490397E-16,-0.983214615561466));
#3505=DIRECTION('',(1.,-1.19847510265257E-15,0.));
#3506=DIRECTION('',(0.,0.,1.));
#3507=DIRECTION('',(-1.19847510265257E-15,-1.,0.));
#3508=DIRECTION('',(0.,0.,1.));
#3509=DIRECTION('',(-1.,-1.14443562651248E-15,0.));
#3510=DIRECTION('',(0.182452787718684,2.08805470421779E-16,-0.983214615561466));
#3511=DIRECTION('',(-1.,-1.14443562651248E-15,0.));
#3512=DIRECTION('',(0.,0.,1.));
#3513=DIRECTION('',(-1.14443562651248E-15,1.,0.));
#3514=DIRECTION('',(0.,0.,1.));
#3515=DIRECTION('',(0.,0.,1.));
#3516=DIRECTION('',(1.,-1.17145536458252E-15,0.));
#3517=DIRECTION('',(0.,0.,-1.));
#3518=DIRECTION('',(1.,0.,0.));
#3519=DIRECTION('',(0.,-1.,0.));
#3520=DIRECTION('',(0.,0.,-1.));
#3521=DIRECTION('',(0.,0.,-1.));
#3522=DIRECTION('',(-1.,-1.17145536458252E-15,0.));
#3523=DIRECTION('',(0.,0.,1.));
#3524=DIRECTION('',(-1.,-1.17145536458252E-15,0.));
#3525=DIRECTION('',(0.,0.,-1.));
#3526=DIRECTION('',(1.,1.17145536458252E-15,8.29461231130773E-17));
#3527=DIRECTION('',(-1.17145536458252E-15,1.,0.));
#3528=DIRECTION('',(1.,1.17148044737059E-15,0.));
#3529=DIRECTION('',(2.16840434497101E-15,-1.,0.));
#3530=DIRECTION('',(0.,0.,-1.));
#3531=DIRECTION('',(-2.16840434497101E-15,1.,0.));
#3532=DIRECTION('',(-1.,-2.16840434497101E-15,0.));
#3533=DIRECTION('',(-2.16840434497101E-15,1.,0.));
#3534=DIRECTION('',(-0.182452787718684,-2.08805470421779E-16,0.983214615561466));
#3535=DIRECTION('',(-1.,-1.14443562651248E-15,0.));
#3536=DIRECTION('',(0.,0.,1.));
#3537=DIRECTION('',(-1.,-1.14443562651248E-15,0.));
#3538=DIRECTION('',(1.14443562651248E-15,-1.,0.));
#3539=DIRECTION('',(0.,0.,-1.));
#3540=DIRECTION('',(1.14443562651248E-15,-1.,0.));
#3541=DIRECTION('',(1.14443562651248E-15,-1.,0.));
#3542=DIRECTION('',(-0.983214615561466,-1.12522583455631E-15,-0.182452787718684));
#3543=DIRECTION('',(0.182452787718684,2.08600497986211E-16,-0.983214615561466));
#3544=DIRECTION('',(-0.182452787718684,-2.18665123490398E-16,0.983214615561466));
#3545=DIRECTION('',(-1.,-1.19847510265257E-15,0.));
#3546=DIRECTION('',(0.,0.,1.));
#3547=DIRECTION('',(-1.,-1.19847510265257E-15,0.));
#3548=DIRECTION('',(1.19847510265257E-15,-1.,0.));
#3549=DIRECTION('',(0.,0.,1.));
#3550=DIRECTION('',(-1.,-1.19847510265257E-15,0.));
#3551=DIRECTION('',(0.182452787718684,2.18665123490398E-16,-0.983214615561466));
#3552=DIRECTION('',(-1.,-1.19847510265257E-15,0.));
#3553=DIRECTION('',(0.,0.,1.));
#3554=DIRECTION('',(-1.19847510265257E-15,1.,0.));
#3555=DIRECTION('',(0.,0.,-1.));
#3556=DIRECTION('',(0.,-1.,0.));
#3557=DIRECTION('',(0.,1.,0.));
#3558=DIRECTION('',(0.983214615561466,0.,0.182452787718684));
#3559=DIRECTION('',(0.182452787718684,0.,-0.983214615561466));
#3560=DIRECTION('',(0.182452787718684,-2.08805470421779E-16,0.983214615561466));
#3561=DIRECTION('',(1.,-1.14443562651248E-15,0.));
#3562=DIRECTION('',(0.,0.,1.));
#3563=DIRECTION('',(1.,-1.14443562651248E-15,0.));
#3564=DIRECTION('',(1.14443562651248E-15,1.,0.));
#3565=DIRECTION('',(0.,0.,1.));
#3566=DIRECTION('',(1.,-1.14443562651248E-15,0.));
#3567=DIRECTION('',(-0.182452787718684,2.08805470421779E-16,-0.983214615561466));
#3568=DIRECTION('',(1.,-1.14443562651248E-15,0.));
#3569=DIRECTION('',(0.,0.,1.));
#3570=DIRECTION('',(-1.14443562651248E-15,-1.,0.));
#3571=DIRECTION('',(0.,0.,-1.));
#3572=DIRECTION('',(1.14443562651248E-15,1.,0.));
#3573=DIRECTION('',(-1.14443562651248E-15,-1.,0.));
#3574=DIRECTION('',(0.983214615561466,-1.12522583455631E-15,-0.182452787718684));
#3575=DIRECTION('',(-0.182452787718684,2.08600497986211E-16,-0.983214615561466));
#3576=DIRECTION('',(0.182452787718684,-2.18665123490397E-16,0.983214615561466));
#3577=DIRECTION('',(1.,-1.19847510265257E-15,0.));
#3578=DIRECTION('',(0.,0.,1.));
#3579=DIRECTION('',(1.,-1.19847510265257E-15,0.));
#3580=DIRECTION('',(1.19847510265257E-15,1.,0.));
#3581=DIRECTION('',(0.,0.,-1.));
#3582=DIRECTION('',(1.19847510265257E-15,1.,0.));
#3583=DIRECTION('',(1.19847510265257E-15,1.,0.));
#3584=DIRECTION('',(0.983214615561466,-1.17835823731454E-15,-0.182452787718684));
#3585=DIRECTION('',(-0.182452787718684,2.18683578190326E-16,-0.983214615561466));
#3586=DIRECTION('',(-1.,-1.0842021724855E-15,0.));
#3587=DIRECTION('',(0.173648177666928,1.88269731474632E-16,-0.984807753012208));
#3588=DIRECTION('',(-1.,-1.0842021724855E-15,0.));
#3589=DIRECTION('',(0.,0.,1.));
#3590=DIRECTION('',(-1.0842021724855E-15,1.,0.));
#3591=DIRECTION('',(0.,0.,1.));
#3592=DIRECTION('',(0.173648177666928,1.88269731474632E-16,-0.984807753012208));
#3593=DIRECTION('',(-1.,-1.0842021724855E-15,0.));
#3594=DIRECTION('',(0.,0.,1.));
#3595=DIRECTION('',(-1.,-1.0842021724855E-15,0.));
#3596=DIRECTION('',(1.0842021724855E-15,-1.,0.));
#3597=DIRECTION('',(0.,0.,-1.));
#3598=DIRECTION('',(1.0842021724855E-15,-1.,0.));
#3599=DIRECTION('',(1.0842021724855E-15,-1.,0.));
#3600=DIRECTION('',(-0.984807753012208,-1.0677307052964E-15,-0.173648177666928));
#3601=DIRECTION('',(0.173648177666928,1.88217497143484E-16,-0.984807753012209));
#3602=DIRECTION('',(-0.173648177666928,1.88269731474632E-16,-0.984807753012208));
#3603=DIRECTION('',(1.,-1.0842021724855E-15,0.));
#3604=DIRECTION('',(0.,0.,1.));
#3605=DIRECTION('',(1.,-1.0842021724855E-15,0.));
#3606=DIRECTION('',(1.0842021724855E-15,1.,0.));
#3607=DIRECTION('',(0.,0.,1.));
#3608=DIRECTION('',(1.,-1.0842021724855E-15,0.));
#3609=DIRECTION('',(-0.173648177666928,1.88269731474632E-16,-0.984807753012208));
#3610=DIRECTION('',(1.,-1.0842021724855E-15,0.));
#3611=DIRECTION('',(0.,0.,1.));
#3612=DIRECTION('',(-1.0842021724855E-15,-1.,0.));
#3613=DIRECTION('',(0.,0.,-1.));
#3614=DIRECTION('',(1.0842021724855E-15,1.,0.));
#3615=DIRECTION('',(-1.0842021724855E-15,-1.,0.));
#3616=DIRECTION('',(0.984807753012208,-1.0677307052964E-15,-0.173648177666928));
#3617=DIRECTION('',(-0.173648177666928,1.88217497143484E-16,-0.984807753012209));
#3618=DIRECTION('',(1.,8.7253192097024E-17,0.));
#3619=DIRECTION('',(-1.17145536458252E-15,-1.,0.));
#3620=DIRECTION('',(-1.,-8.7253192097024E-17,0.));
#3621=DIRECTION('',(4.33873497871556E-30,-1.,0.));
#3622=DIRECTION('',(0.,0.,-1.));
#3623=DIRECTION('',(-1.0842021724855E-15,-1.,0.));
#3624=DIRECTION('',(-1.,-8.7253192097024E-17,0.));
#3625=DIRECTION('',(1.17145536458252E-15,1.,0.));
#3626=DIRECTION('',(1.,8.7253192097024E-17,0.));
#3627=DIRECTION('',(-4.33873497871556E-30,1.,0.));
#3628=DIRECTION('',(0.,0.,1.));
#3629=DIRECTION('',(1.0842021724855E-15,1.,0.));
#3630=DIRECTION('',(0.,0.,1.));
#3631=DIRECTION('',(0.,0.,1.));
#3632=DIRECTION('',(8.7253192097024E-17,-1.,0.));
#3633=DIRECTION('',(-1.,-8.71698546678346E-17,0.));
#3634=DIRECTION('',(-1.,2.25565753706803E-15,0.));
#3635=DIRECTION('',(-1.17145536458252E-15,-1.,0.));
#3636=DIRECTION('',(1.,-2.25565753706803E-15,0.));
#3637=DIRECTION('',(2.16840434497102E-15,1.,0.));
#3638=DIRECTION('',(0.,0.,-1.));
#3639=DIRECTION('',(1.0842021724855E-15,1.,0.));
#3640=DIRECTION('',(1.,-2.25565753706803E-15,0.));
#3641=DIRECTION('',(-1.17145536458252E-15,-1.,0.));
#3642=DIRECTION('',(-1.,2.25565753706803E-15,0.));
#3643=DIRECTION('',(-2.16840434497102E-15,-1.,0.));
#3644=DIRECTION('',(0.,0.,1.));
#3645=DIRECTION('',(-1.0842021724855E-15,-1.,0.));
#3646=DIRECTION('',(-0.258819045102521,1.7136621128597E-16,-0.965925826289068));
#3647=DIRECTION('',(0.,0.,-1.));
#3648=DIRECTION('',(-0.258819045102521,1.7136621128597E-16,-0.965925826289068));
#3649=DIRECTION('',(0.965925826289068,-6.39547407219826E-16,-0.258819045102523));
#3650=DIRECTION('',(6.62108196937713E-16,1.,0.));
#3651=DIRECTION('',(0.,0.,-1.));
#3652=DIRECTION('',(-0.258819045102521,1.7136621128597E-16,-0.965925826289068));
#3653=DIRECTION('',(0.,0.,1.));
#3654=DIRECTION('',(-0.258819045102521,1.7136621128597E-16,-0.965925826289068));
#3655=DIRECTION('',(-0.965925826289068,6.39547407219826E-16,0.258819045102523));
#3656=DIRECTION('',(-6.62108196937713E-16,-1.,0.));
#3657=DIRECTION('',(0.,0.,1.));
#3658=DIRECTION('',(-1.17145536458252E-15,-1.,-1.90090950834172E-15));
#3659=DIRECTION('',(0.258819045102521,-1.7136621128597E-16,0.965925826289068));
#3660=DIRECTION('',(-6.62108196937713E-16,-1.,2.30537751846935E-30));
#3661=DIRECTION('',(-0.258819045102521,1.7136621128597E-16,-0.965925826289068));
#3662=DIRECTION('',(0.965925826289068,-6.39547407219826E-16,-0.258819045102521));
#3663=DIRECTION('',(-0.258819045102521,1.7130394325271E-16,-0.965925826289068));
#3664=DIRECTION('',(1.,0.,0.));
#3665=DIRECTION('',(0.,0.,1.));
#3666=DIRECTION('',(1.,3.51436609374757E-15,0.));
#3667=DIRECTION('',(0.,0.,-1.));
#3668=DIRECTION('',(1.,0.,0.));
#3669=DIRECTION('',(0.,0.,1.));
#3670=DIRECTION('',(-1.,0.,0.));
#3671=DIRECTION('',(0.,0.,1.));
#3672=DIRECTION('',(0.,1.,0.));
#3673=DIRECTION('',(0.,0.,1.));
#3674=DIRECTION('',(1.,-1.17145536458252E-15,0.));
#3675=DIRECTION('',(0.,0.,-1.));
#3676=DIRECTION('',(1.,1.17145536458252E-15,0.));
#3677=DIRECTION('',(0.,0.,-1.));
#3678=DIRECTION('',(-1.17145536458252E-15,-1.,0.));
#3679=DIRECTION('',(1.,-1.17137202715334E-15,0.));
#3680=DIRECTION('',(1.14443562651248E-15,-1.,0.));
#3681=DIRECTION('',(1.,0.,0.));
#3682=DIRECTION('',(0.,-1.,0.));
#3683=DIRECTION('',(1.,-1.17145536458252E-15,0.));
#3684=DIRECTION('',(0.,-1.,0.));
#3685=DIRECTION('',(1.,0.,0.));
#3686=DIRECTION('',(-1.14443562651248E-15,-1.,0.));
#3687=DIRECTION('',(-1.0842021724855E-15,-1.,0.));
#3688=DIRECTION('',(-1.0842021724855E-15,-1.,0.));
#3689=DIRECTION('',(-1.19847510265257E-15,-1.,0.));
#3690=DIRECTION('',(1.,-1.17145536458252E-15,0.));
#3691=DIRECTION('',(-1.14126544472158E-15,1.,0.));
#3692=DIRECTION('',(1.,1.17145536458252E-15,0.));
#3693=DIRECTION('',(1.19847510265257E-15,-1.,0.));
#3694=DIRECTION('',(1.0842021724855E-15,-1.,0.));
#3695=DIRECTION('',(1.0842021724855E-15,-1.,0.));
#3696=DIRECTION('',(0.,0.,1.));
#3697=DIRECTION('',(1.,0.,0.));
#3698=DIRECTION('',(0.,0.,-1.));
#3699=DIRECTION('',(-1.,0.,0.));
#3700=DIRECTION('',(0.,0.,-1.));
#3701=DIRECTION('',(0.,-1.,0.));
#3702=DIRECTION('',(0.,0.,-1.));
#3703=DIRECTION('',(0.,0.,-1.));
#3704=DIRECTION('',(0.,0.,1.));
#3705=DIRECTION('',(1.,3.51436609374757E-15,0.));
#3706=DIRECTION('',(0.,0.,-1.));
#3707=DIRECTION('',(0.,0.,-1.));
#3708=DIRECTION('',(1.,0.,0.));
#3709=DIRECTION('',(0.,1.,0.));
#3710=DIRECTION('',(0.,0.,1.));
#3711=DIRECTION('',(0.,1.,0.));
#3712=DIRECTION('',(0.,1.,0.));
#3713=DIRECTION('',(0.,0.,-1.));
#3714=DIRECTION('',(-1.,0.,0.));
#3715=DIRECTION('',(-1.,0.,0.));
#3716=DIRECTION('',(-1.17145334231628E-15,-1.,0.));
#3717=DIRECTION('',(1.,0.,0.));
#3718=DIRECTION('',(1.6940658945086E-16,1.,0.));
#3719=DIRECTION('',(-1.17145536458252E-15,1.,0.));
#3720=DIRECTION('',(1.17145536458252E-15,1.,0.));
#3721=DIRECTION('',(-1.,0.,0.));
#3722=DIRECTION('',(0.,0.,-1.));
#3723=DIRECTION('',(-1.,0.,0.));
#3724=DIRECTION('',(-1.17145536458252E-15,1.,0.));
#3725=DIRECTION('',(0.,0.,-1.));
#3726=DIRECTION('',(1.17145536458252E-15,-1.,0.));
#3727=DIRECTION('',(0.,0.,-1.));
#3728=DIRECTION('',(0.,0.,-1.));
#3729=DIRECTION('',(1.17145536458252E-15,-1.,0.));
#3730=DIRECTION('',(0.,0.,1.));
#3731=DIRECTION('',(-1.17145536458252E-15,1.,0.));
#3732=DIRECTION('',(-1.17145536458252E-15,1.,1.90090950834174E-15));
#3733=DIRECTION('',(0.,0.,-1.));
#3734=DIRECTION('',(1.17145536458252E-15,-1.,-1.90090950834172E-15));
#3735=DIRECTION('',(0.,0.,1.));
#3736=DIRECTION('',(0.,0.,1.));
#3737=DIRECTION('',(1.17145536458252E-15,-1.,0.));
#3738=DIRECTION('',(-1.17145536458252E-15,1.,0.));
#3739=DIRECTION('',(1.98381194459133E-45,-1.69345926833356E-30,1.));
#3740=DIRECTION('',(-1.17145536458252E-15,1.,0.));
#3741=DIRECTION('',(0.,0.,-1.));
#3742=DIRECTION('',(-1.17145536458252E-15,1.,0.));
#3743=DIRECTION('',(1.17145536458252E-15,-1.,0.));
#3744=DIRECTION('',(1.17145536458252E-15,-1.,0.));
#3745=DIRECTION('',(1.17145536458252E-15,-1.,0.));
#3746=DIRECTION('',(-1.17145536458252E-15,1.,0.));
#3747=DIRECTION('',(0.,0.,-1.));
#3748=DIRECTION('',(1.17145536458252E-15,-1.,0.));
#3749=DIRECTION('',(1.17145536458252E-15,-1.,0.));
#3750=DIRECTION('',(0.,0.,-1.));
#3751=DIRECTION('',(1.17145536458252E-15,-1.,0.));
#3752=DIRECTION('',(0.,0.,-1.));
#3753=DIRECTION('',(-1.17145536458252E-15,1.,0.));
#3754=DIRECTION('',(1.,1.17145536458252E-15,0.));
#3755=DIRECTION('',(1.17137202715334E-15,-1.,0.));
#3756=DIRECTION('',(0.,0.,-1.));
#3757=DIRECTION('',(1.,-1.17145536458252E-15,0.));
#3758=DIRECTION('',(0.,0.,1.));
#3759=DIRECTION('',(-1.,-1.17145536458252E-15,-8.29461231130773E-17));
#3760=DIRECTION('',(0.,0.,1.));
#3761=DIRECTION('',(-1.,-1.17145536458252E-15,0.));
#3762=DIRECTION('',(1.17145536458252E-15,-1.,0.));
#3763=DIRECTION('',(-1.,-1.17137202715334E-15,0.));
#3764=DIRECTION('',(-1.17145536458252E-15,-1.,0.));
#3765=DIRECTION('',(0.,0.,1.));
#3766=DIRECTION('',(-1.17145536458252E-15,-1.,0.));
#3767=DIRECTION('',(0.,0.,1.));
#3768=DIRECTION('',(-1.17145536458252E-15,-1.,0.));
#3769=DIRECTION('',(0.,0.,-1.));
#3770=DIRECTION('',(-1.17145536458252E-15,-1.,0.));
#3771=DIRECTION('',(0.,0.,1.));
#3772=DIRECTION('',(1.17145536458252E-15,1.,0.));
#3773=DIRECTION('',(1.17145536458252E-15,1.,0.));
#3774=DIRECTION('',(-1.17145536458252E-15,-1.,0.));
#3775=DIRECTION('',(-1.17145536458252E-15,-1.,0.));
#3776=DIRECTION('',(1.17145536458252E-15,1.,0.));
#3777=DIRECTION('',(1.17145536458252E-15,1.,0.));
#3778=DIRECTION('',(0.,0.,-1.));
#3779=DIRECTION('',(1.17145536458252E-15,1.,0.));
#3780=DIRECTION('',(1.98381194459133E-45,1.69345926833356E-30,-1.));
#3781=DIRECTION('',(-1.17145536458252E-15,-1.,0.));
#3782=DIRECTION('',(0.,0.,-1.));
#3783=DIRECTION('',(0.,0.,-1.));
#3784=DIRECTION('',(0.,0.,-1.));
#3785=DIRECTION('',(1.17145536458252E-15,1.,1.90090950834174E-15));
#3786=DIRECTION('',(-1.,1.17145536458252E-15,0.));
#3787=DIRECTION('',(-1.17137202715334E-15,-1.,0.));
#3788=DIRECTION('',(-1.,8.7253192097024E-17,0.));
#3789=DIRECTION('',(-4.33873497871556E-30,-1.,0.));
#3790=DIRECTION('',(1.,-8.7253192097024E-17,0.));
#3791=DIRECTION('',(0.,0.,-1.));
#3792=DIRECTION('',(1.0842021724855E-15,-1.,0.));
#3793=DIRECTION('',(1.,-8.7253192097024E-17,0.));
#3794=DIRECTION('',(4.33873497871556E-30,1.,0.));
#3795=DIRECTION('',(-1.,8.7253192097024E-17,0.));
#3796=DIRECTION('',(0.,0.,1.));
#3797=DIRECTION('',(-1.0842021724855E-15,1.,0.));
#3798=DIRECTION('',(0.,0.,1.));
#3799=DIRECTION('',(-8.7253192097024E-17,-1.,0.));
#3800=DIRECTION('',(1.,-8.71698546678346E-17,0.));
#3801=DIRECTION('',(0.,0.,-1.));
#3802=DIRECTION('',(8.7253192097024E-17,1.,0.));
#3803=DIRECTION('',(-1.,8.71698546678346E-17,0.));
#3804=DIRECTION('',(1.,-4.33873497871556E-30,0.));
#3805=DIRECTION('',(0.,1.,0.));
#3806=DIRECTION('',(1.,2.25565753706803E-15,0.));
#3807=DIRECTION('',(-2.16840434497102E-15,1.,0.));
#3808=DIRECTION('',(-1.,-2.25565753706803E-15,0.));
#3809=DIRECTION('',(0.,0.,-1.));
#3810=DIRECTION('',(-1.0842021724855E-15,1.,0.));
#3811=DIRECTION('',(-1.,-2.25565753706803E-15,0.));
#3812=DIRECTION('',(2.16840434497102E-15,-1.,0.));
#3813=DIRECTION('',(1.,2.25565753706803E-15,0.));
#3814=DIRECTION('',(0.,0.,1.));
#3815=DIRECTION('',(1.0842021724855E-15,-1.,0.));
#3816=DIRECTION('',(0.,0.,1.));
#3817=DIRECTION('',(-2.25565753706803E-15,1.,0.));
#3818=DIRECTION('',(1.,2.25565551480178E-15,0.));
#3819=DIRECTION('',(0.,0.,-1.));
#3820=DIRECTION('',(2.25565753706803E-15,-1.,0.));
#3821=DIRECTION('',(-1.,-2.25568261985609E-15,0.));
#3822=DIRECTION('',(1.,2.16840434497102E-15,0.));
#3823=DIRECTION('',(2.16840434497101E-15,-1.,0.));
#3824=DIRECTION('',(0.,0.,1.));
#3825=DIRECTION('',(1.,0.,0.));
#3826=DIRECTION('',(0.,0.,1.));
#3827=DIRECTION('',(1.,0.,0.));
#3828=DIRECTION('',(-1.,1.17145536458252E-15,0.));
#3829=DIRECTION('',(0.,-1.,0.));
#3830=DIRECTION('',(-1.,-1.17145334231628E-15,0.));
#3831=DIRECTION('',(-2.61705623896361E-15,1.,0.));
#3832=DIRECTION('',(-1.,1.17145536458252E-15,0.));
#3833=DIRECTION('',(0.,0.,-1.));
#3834=DIRECTION('',(-1.,0.,0.));
#3835=DIRECTION('',(1.,1.17145334231628E-15,0.));
#3836=DIRECTION('',(0.,1.,0.));
#3837=DIRECTION('',(1.,-1.17145536458252E-15,0.));
#3838=DIRECTION('',(2.61705623896361E-15,-1.,0.));
#3839=DIRECTION('',(0.,0.,1.));
#3840=DIRECTION('',(1.,0.,0.));
#3841=DIRECTION('',(0.,0.,-1.));
#3842=DIRECTION('',(-8.7253192097024E-17,1.,0.));
#3843=DIRECTION('',(1.,8.71698546678346E-17,0.));
#3844=DIRECTION('',(-1.,-4.33873497871556E-30,0.));
#3845=DIRECTION('',(0.,1.,0.));
#3846=DIRECTION('',(0.,0.,1.));
#3847=DIRECTION('',(2.25565753706803E-15,1.,0.));
#3848=DIRECTION('',(-1.,2.25565551480178E-15,0.));
#3849=DIRECTION('',(0.,0.,-1.));
#3850=DIRECTION('',(-2.25565753706803E-15,-1.,0.));
#3851=DIRECTION('',(1.,-2.25568261985609E-15,0.));
#3852=DIRECTION('',(-1.,2.16840434497102E-15,0.));
#3853=DIRECTION('',(-2.16840434497101E-15,-1.,0.));
#3854=DIRECTION('',(0.,0.,-1.));
#3855=DIRECTION('',(-1.,0.,0.));
#3856=DIRECTION('',(0.,0.,-1.));
#3857=DIRECTION('',(-1.,0.,0.));
#3858=DIRECTION('',(0.,1.,0.));
#3859=DIRECTION('',(1.,1.17145334231628E-15,0.));
#3860=DIRECTION('',(2.61705623896361E-15,-1.,0.));
#3861=DIRECTION('',(-1.,1.17145536458252E-15,0.));
#3862=DIRECTION('',(1.,-8.72531920970154E-17,0.));
#3863=DIRECTION('',(0.,0.,1.));
#3864=DIRECTION('',(-1.17137202715334E-15,-1.,0.));
#3865=DIRECTION('',(1.,-8.72531920970154E-17,0.));
#3866=DIRECTION('',(1.,-1.17145536458252E-15,0.));
#3867=DIRECTION('',(0.,0.,-1.));
#3868=DIRECTION('',(1.17137202715334E-15,1.,0.));
#3869=DIRECTION('',(4.14151975241032E-30,-1.,0.));
#3870=DIRECTION('',(-1.,0.,0.));
#3871=DIRECTION('',(0.,0.,1.));
#3872=DIRECTION('',(1.17145536458252E-15,1.,0.));
#3873=DIRECTION('',(-1.,1.17148044737059E-15,0.));
#3874=DIRECTION('',(-1.,1.17145536458252E-15,0.));
#3875=DIRECTION('',(0.,0.,-1.));
#3876=DIRECTION('',(0.,0.,1.));
#3877=DIRECTION('',(1.17145536458252E-15,1.,0.));
#3878=DIRECTION('',(-1.,1.17148044737059E-15,0.));
#3879=DIRECTION('',(1.,4.06265913561094E-15,0.));
#3880=DIRECTION('',(0.,-1.,0.));
#3881=DIRECTION('',(1.,1.17145536458252E-15,0.));
#3882=DIRECTION('',(1.,1.17145536458252E-15,0.));
#3883=DIRECTION('',(-2.61705623896361E-15,1.,0.));
#3884=DIRECTION('',(0.,0.,-1.));
#3885=DIRECTION('',(-1.,-2.34274405430668E-15,0.));
#3886=DIRECTION('',(0.,1.,0.));
#3887=DIRECTION('',(-1.,-4.06265913561094E-15,0.));
#3888=DIRECTION('',(2.61705623896361E-15,-1.,0.));
#3889=DIRECTION('',(0.,0.,1.));
#3890=DIRECTION('',(1.,2.34274405430668E-15,0.));
#3891=DIRECTION('',(0.,1.,0.));
#3892=DIRECTION('',(1.,2.43016392126207E-15,0.));
#3893=DIRECTION('',(2.61705623896361E-15,-1.,0.));
#3894=DIRECTION('',(-1.,-4.06265913561094E-15,0.));
#3895=DIRECTION('',(0.,0.,1.));
#3896=DIRECTION('',(-3.51433292189451E-15,1.,0.));
#3897=DIRECTION('',(1.,2.43016392126207E-15,0.));
#3898=DIRECTION('',(-1.,-1.17145536458252E-15,0.));
#3899=DIRECTION('',(0.,0.,-1.));
#3900=DIRECTION('',(3.51433292189451E-15,-1.,0.));
#3901=DIRECTION('',(-2.34291072916505E-15,1.,0.));
#3902=DIRECTION('',(-1.,-2.34274405430668E-15,0.));
#3903=DIRECTION('',(0.,0.,1.));
#3904=DIRECTION('',(0.,0.,-1.));
#3905=DIRECTION('',(-4.06265913561094E-15,1.,0.));
#3906=DIRECTION('',(1.,4.06272238073768E-15,0.));
#3907=DIRECTION('',(1.,1.17145536458252E-15,0.));
#3908=DIRECTION('',(-4.43187814362307E-45,1.69345926833356E-30,-1.));
#3909=DIRECTION('',(0.,-1.69345926833356E-30,1.));
#3910=DIRECTION('',(1.17145536458252E-15,-1.,-1.69345926833355E-30));
#3911=DIRECTION('',(1.,1.17137202715334E-15,0.));
#3912=DIRECTION('',(0.,0.,1.));
#3913=DIRECTION('',(1.,0.,0.));
#3914=DIRECTION('',(0.,0.,-1.));
#3915=DIRECTION('',(-1.,0.,0.));
#3916=DIRECTION('',(-1.14126544472158E-15,1.,0.));
#3917=DIRECTION('',(0.,0.,-1.));
#3918=DIRECTION('',(1.,1.14123120675824E-15,0.));
#3919=DIRECTION('',(1.07243871676282E-15,-0.939692620785908,0.342020143325668));
#3920=DIRECTION('',(3.90335770976309E-16,-0.342020143325668,-0.939692620785908));
#3921=DIRECTION('',(-3.90335770976309E-16,0.342020143325668,0.939692620785908));
#3922=DIRECTION('',(1.,1.14126544472158E-15,0.));
#3923=DIRECTION('',(0.,0.,1.));
#3924=DIRECTION('',(-1.07243871676282E-15,0.939692620785908,-0.342020143325668));
#3925=DIRECTION('',(3.90335770976309E-16,-0.342020143325668,-0.939692620785908));
#3926=DIRECTION('',(3.90335770976309E-16,-0.342020143325668,-0.939692620785908));
#3927=DIRECTION('',(-1.,-1.14126544472158E-15,0.));
#3928=DIRECTION('',(0.,0.,-1.));
#3929=DIRECTION('',(-3.90335770976309E-16,0.342020143325668,0.939692620785908));
#3930=DIRECTION('',(1.07243871676282E-15,-0.939692620785908,0.342020143325668));
#3931=DIRECTION('',(-3.90335770976309E-16,0.342020143325668,0.939692620785908));
#3932=DIRECTION('',(1.,1.14126544472158E-15,0.));
#3933=DIRECTION('',(0.,0.,1.));
#3934=DIRECTION('',(-3.90335770976309E-16,0.342020143325668,0.939692620785908));
#3935=DIRECTION('',(-3.90335770976309E-16,0.342020143325668,0.939692620785908));
#3936=DIRECTION('',(-1.07243871676282E-15,0.939692620785908,-0.342020143325668));
#3937=DIRECTION('',(-1.,-1.14126544472158E-15,0.));
#3938=DIRECTION('',(0.,0.,-1.));
#3939=DIRECTION('',(-1.,-1.14126544472158E-15,0.));
#3940=DIRECTION('',(1.07243871676282E-15,-0.939692620785908,0.342020143325668));
#3941=DIRECTION('',(-3.90312782094782E-16,0.342020143325668,0.939692620785909));
#3942=DIRECTION('',(1.,1.14126544472158E-15,0.));
#3943=DIRECTION('',(-1.07243871676282E-15,0.939692620785908,-0.342020143325668));
#3944=DIRECTION('',(3.90312782094782E-16,-0.342020143325668,-0.939692620785909));
#3945=DIRECTION('',(-3.90335770976309E-16,0.342020143325668,0.939692620785908));
#3946=DIRECTION('',(-1.07249278902266E-15,0.939692620785909,-0.342020143325668));
#3947=DIRECTION('',(0.,-0.342020143325668,0.939692620785909));
#3948=DIRECTION('',(0.,-0.342020143325668,0.939692620785908));
#3949=DIRECTION('',(0.,0.939692620785908,0.342020143325668));
#3950=DIRECTION('',(-1.,0.,0.));
#3951=DIRECTION('',(0.,0.,1.));
#3952=DIRECTION('',(0.,-0.342020143325668,0.939692620785908));
#3953=DIRECTION('',(0.,-0.939692620785908,-0.342020143325668));
#3954=DIRECTION('',(0.,-0.342020143325668,0.939692620785908));
#3955=DIRECTION('',(1.,0.,0.));
#3956=DIRECTION('',(0.,0.,-1.));
#3957=DIRECTION('',(0.,-0.342020143325668,0.939692620785908));
#3958=DIRECTION('',(0.,0.939692620785908,0.342020143325668));
#3959=DIRECTION('',(0.,-0.342020143325668,0.939692620785909));
#3960=DIRECTION('',(-1.,0.,0.));
#3961=DIRECTION('',(0.,0.,1.));
#3962=DIRECTION('',(0.,-0.342020143325668,0.939692620785908));
#3963=DIRECTION('',(0.,-0.939692620785908,-0.342020143325668));
#3964=DIRECTION('',(0.,-0.342020143325668,0.939692620785908));
#3965=DIRECTION('',(1.,0.,0.));
#3966=DIRECTION('',(0.,0.,-1.));
#3967=DIRECTION('',(1.,0.,0.));
#3968=DIRECTION('',(0.,0.939692620785908,0.342020143325668));
#3969=DIRECTION('',(0.,-0.342020143325668,0.939692620785909));
#3970=DIRECTION('',(-1.,0.,0.));
#3971=DIRECTION('',(0.,-0.939692620785908,-0.342020143325668));
#3972=DIRECTION('',(0.,0.342020143325668,-0.939692620785909));
#3973=DIRECTION('',(0.,-0.342020143325668,0.939692620785908));
#3974=DIRECTION('',(0.,-0.939692620785909,-0.342020143325668));
#3975=DIRECTION('',(0.258819045102521,1.7136621128597E-16,-0.965925826289068));
#3976=DIRECTION('',(0.258819045102521,1.7136621128597E-16,-0.965925826289068));
#3977=DIRECTION('',(-0.965925826289068,-6.39547407219826E-16,-0.258819045102523));
#3978=DIRECTION('',(-6.62108196937713E-16,1.,0.));
#3979=DIRECTION('',(0.,0.,-1.));
#3980=DIRECTION('',(0.258819045102521,1.7136621128597E-16,-0.965925826289068));
#3981=DIRECTION('',(0.965925826289068,6.39547407219826E-16,0.258819045102523));
#3982=DIRECTION('',(0.258819045102521,1.7136621128597E-16,-0.965925826289068));
#3983=DIRECTION('',(6.62108196937713E-16,-1.,0.));
#3984=DIRECTION('',(0.,0.,1.));
#3985=DIRECTION('',(-0.258819045102521,-1.7136621128597E-16,0.965925826289068));
#3986=DIRECTION('',(6.62108196937713E-16,-1.,2.28072561518119E-30));
#3987=DIRECTION('',(0.258819045102521,1.7136621128597E-16,-0.965925826289068));
#3988=DIRECTION('',(-0.965925826289068,-6.39547407219826E-16,-0.258819045102521));
#3989=DIRECTION('',(0.258819045102521,1.7130394325271E-16,-0.965925826289068));
#3990=DIRECTION('',(-6.62108196937713E-16,1.,0.));
#3991=DIRECTION('',(0.965925826289068,6.39547407219826E-16,0.258819045102521));
#3992=DIRECTION('',(-0.258819045102521,-1.71412363469958E-16,0.965925826289068));
#3993=DIRECTION('',(1.80411241501588E-15,1.19451761817911E-30,-1.));
#3994=DIRECTION('',(1.,6.62108196937713E-16,1.77635683940025E-15));
#3995=DIRECTION('',(-6.62108196937713E-16,1.,0.));
#3996=DIRECTION('',(-0.258819045102522,-1.54886024640786E-16,0.965925826289067));
#3997=DIRECTION('',(6.62108196937713E-16,-1.,0.));
#3998=DIRECTION('',(0.258819045102523,1.71412363469958E-16,-0.965925826289068));
#3999=DIRECTION('',(-6.62108196937713E-16,1.,0.));
#4000=DIRECTION('',(-0.258819045102522,-3.09772049281573E-16,0.965925826289067));
#4001=DIRECTION('',(-1.,-6.62108196937713E-16,-1.77635683940025E-15));
#4002=DIRECTION('',(-1.80411241501588E-15,-1.19451761817911E-30,1.));
#4003=DIRECTION('',(-6.62108196937713E-16,1.,0.));
#4004=DIRECTION('',(-0.258819045102523,-1.7130394325271E-16,0.965925826289068));
#4005=DIRECTION('',(-6.62108196937713E-16,1.,0.));
#4006=DIRECTION('',(-6.62108196937713E-16,1.,0.));
#4007=DIRECTION('',(-0.258819045102522,-3.09772049281573E-16,0.965925826289067));
#4008=DIRECTION('',(1.80411241501588E-15,1.18329135783152E-30,-1.));
#4009=DIRECTION('',(1.,6.62108196937713E-16,2.08166817117217E-15));
#4010=DIRECTION('',(1.80411241501588E-15,1.18329135783152E-30,-1.));
#4011=DIRECTION('',(6.62108196937713E-16,-1.,0.));
#4012=DIRECTION('',(0.258819045102523,1.71412363469958E-16,-0.965925826289068));
#4013=DIRECTION('',(1.80411241501588E-15,1.18329135783152E-30,-1.));
#4014=DIRECTION('',(-1.,-6.62108196937713E-16,-2.08166817117217E-15));
#4015=DIRECTION('',(1.80411241501588E-15,1.18329135783152E-30,-1.));
#4016=DIRECTION('',(-6.62108196937713E-16,1.,0.));
#4017=DIRECTION('',(-0.258819045102523,-1.7130394325271E-16,0.965925826289068));
#4018=DIRECTION('',(-6.62108196937713E-16,1.,0.));
#4019=DIRECTION('',(1.,6.62108196937713E-16,1.80411241501588E-15));
#4020=DIRECTION('',(1.80411241501588E-15,0.,-1.));
#4021=DIRECTION('',(6.62108196937713E-16,-1.,0.));
#4022=DIRECTION('',(-1.,-6.62108196937713E-16,-1.80411241501588E-15));
#4023=DIRECTION('',(-1.80411241501588E-15,0.,1.));
#4024=DIRECTION('',(2.08166817117217E-15,1.38050658413677E-30,-1.));
#4025=DIRECTION('',(-1.,-6.62122266736898E-16,-2.08166817117217E-15));
#4026=DIRECTION('',(6.62108196937713E-16,1.,0.));
#4027=DIRECTION('',(-0.965925826289068,6.39547407219826E-16,0.258819045102521));
#4028=DIRECTION('',(0.258819045102521,-1.71412363469958E-16,0.965925826289068));
#4029=DIRECTION('',(-6.62108196937713E-16,-1.,0.));
#4030=DIRECTION('',(0.258819045102522,-1.54886024640786E-16,0.965925826289067));
#4031=DIRECTION('',(-1.,6.62108196937713E-16,1.77635683940025E-15));
#4032=DIRECTION('',(1.80411241501588E-15,-1.19451761817911E-30,1.));
#4033=DIRECTION('',(-6.62108196937713E-16,-1.,0.));
#4034=DIRECTION('',(-0.258819045102523,1.71412363469958E-16,-0.965925826289068));
#4035=DIRECTION('',(-1.80411241501588E-15,1.19451761817911E-30,-1.));
#4036=DIRECTION('',(1.,-6.62108196937713E-16,-1.77635683940025E-15));
#4037=DIRECTION('',(-6.62108196937713E-16,-1.,0.));
#4038=DIRECTION('',(0.258819045102522,-3.09772049281573E-16,0.965925826289067));
#4039=DIRECTION('',(6.62108196937713E-16,1.,0.));
#4040=DIRECTION('',(0.258819045102523,-1.7130394325271E-16,0.965925826289068));
#4041=DIRECTION('',(6.62108196937713E-16,1.,0.));
#4042=DIRECTION('',(6.62108196937713E-16,1.,0.));
#4043=DIRECTION('',(0.258819045102522,-3.09772049281573E-16,0.965925826289067));
#4044=DIRECTION('',(-1.80411241501588E-15,1.18329135783152E-30,-1.));
#4045=DIRECTION('',(-1.,6.62108196937713E-16,2.08166817117217E-15));
#4046=DIRECTION('',(-1.80411241501588E-15,1.18329135783152E-30,-1.));
#4047=DIRECTION('',(-6.62108196937713E-16,-1.,0.));
#4048=DIRECTION('',(-0.258819045102523,1.71412363469958E-16,-0.965925826289068));
#4049=DIRECTION('',(-1.80411241501588E-15,1.18329135783152E-30,-1.));
#4050=DIRECTION('',(1.,-6.62108196937713E-16,-2.08166817117217E-15));
#4051=DIRECTION('',(-1.80411241501588E-15,1.18329135783152E-30,-1.));
#4052=DIRECTION('',(6.62108196937713E-16,1.,0.));
#4053=DIRECTION('',(0.258819045102523,-1.7130394325271E-16,0.965925826289068));
#4054=DIRECTION('',(6.62108196937713E-16,1.,0.));
#4055=DIRECTION('',(-1.,6.62108196937713E-16,1.80411241501588E-15));
#4056=DIRECTION('',(-1.80411241501588E-15,0.,-1.));
#4057=DIRECTION('',(-6.62108196937713E-16,-1.,0.));
#4058=DIRECTION('',(1.,-6.62108196937713E-16,-1.80411241501588E-15));
#4059=DIRECTION('',(1.80411241501588E-15,0.,1.));
#4060=DIRECTION('',(-2.08166817117217E-15,1.38050658413677E-30,-1.));
#4061=DIRECTION('',(1.,-6.62122266736898E-16,-2.08166817117217E-15));
#4062=DIRECTION('',(-1.,0.,0.));
#4063=DIRECTION('',(0.,-1.,0.));
#4064=DIRECTION('',(0.,1.,0.));
#4065=DIRECTION('',(0.,0.,1.));
#4066=DIRECTION('',(1.,0.,0.));
#4067=DIRECTION('',(0.,-1.,0.));
#4068=DIRECTION('',(0.,0.,-1.));
#4069=DIRECTION('',(1.,0.,0.));
#4070=DIRECTION('',(0.,0.,-1.));
#4071=DIRECTION('',(1.,0.,0.));
#4072=DIRECTION('',(0.,0.,-1.));
#4073=DIRECTION('',(0.,0.,1.));
#4074=DIRECTION('',(0.,1.,0.));
#4075=DIRECTION('',(1.,0.,0.));
#4076=DIRECTION('',(0.,0.,-1.));
#4077=DIRECTION('',(0.,0.,-1.));
#4078=DIRECTION('',(-1.,1.17145536458252E-15,0.));
#4079=DIRECTION('',(1.17145334231628E-15,1.,0.));
#4080=DIRECTION('',(-1.,1.17137202715334E-15,0.));
#4081=DIRECTION('',(2.61705623896361E-15,-1.,0.));
#4082=DIRECTION('',(0.,0.,-1.));
#4083=DIRECTION('',(-1.,0.,0.));
#4084=DIRECTION('',(-1.,-2.61705623896361E-15,0.));
#4085=DIRECTION('',(-2.61704720394551E-15,1.,0.));
#4086=DIRECTION('',(-1.,-2.61705623896361E-15,0.));
#4087=DIRECTION('',(-2.61704720394551E-15,1.,0.));
#4088=DIRECTION('',(1.,0.,0.));
#4089=DIRECTION('',(0.,0.,-1.));
#4090=DIRECTION('',(0.,1.,0.));
#4091=DIRECTION('',(-2.61705623896361E-15,1.,0.));
#4092=DIRECTION('',(-1.,-3.51436204921507E-15,0.));
#4093=DIRECTION('',(0.,0.,-1.));
#4094=DIRECTION('',(-1.,-2.34285247452393E-15,0.));
#4095=DIRECTION('',(0.,0.,-1.));
#4096=DIRECTION('',(-1.,-2.61705623896361E-15,0.));
#4097=DIRECTION('',(-2.61704720394551E-15,1.,0.));
#4098=DIRECTION('',(0.,0.,1.));
#4099=DIRECTION('',(1.,0.,0.));
#4100=DIRECTION('',(0.,0.,-1.));
#4101=DIRECTION('',(1.17145334231628E-15,-1.,0.));
#4102=DIRECTION('',(-1.,-1.17148044737059E-15,0.));
#4103=DIRECTION('',(0.,0.,-1.));
#4104=DIRECTION('',(1.,0.,0.));
#4105=DIRECTION('',(0.,0.,-1.));
#4106=DIRECTION('',(0.,0.,-1.));
#4107=DIRECTION('',(-1.,-2.61705623896361E-15,0.));
#4108=DIRECTION('',(-2.61704720394551E-15,1.,0.));
#4109=DIRECTION('',(1.17145334231628E-15,-1.,0.));
#4110=DIRECTION('',(-1.,-1.17148044737059E-15,0.));
#4111=DIRECTION('',(0.,0.,1.));
#4112=DIRECTION('',(1.,0.,0.));
#4113=DIRECTION('',(1.6940658945086E-16,1.,0.));
#4114=DIRECTION('',(0.,0.,1.));
#4115=DIRECTION('',(1.,0.,0.));
#4116=DIRECTION('',(-1.,0.,0.));
#4117=DIRECTION('',(0.,0.,1.));
#4118=DIRECTION('',(1.,0.,0.));
#4119=DIRECTION('',(-1.17145334231628E-15,-1.,0.));
#4120=DIRECTION('',(0.,0.,1.));
#4121=DIRECTION('',(1.,0.,0.));
#4122=DIRECTION('',(-1.,0.,0.));
#4123=DIRECTION('',(0.,0.,1.));
#4124=DIRECTION('',(1.,0.,0.));
#4125=DIRECTION('',(0.,0.,-1.));
#4126=DIRECTION('',(1.,0.,0.));
#4127=DIRECTION('',(0.,1.,0.));
#4128=DIRECTION('',(0.,0.,-1.));
#4129=DIRECTION('',(1.,0.,0.));
#4130=DIRECTION('',(1.,0.,0.));
#4131=DIRECTION('',(0.,0.,-1.));
#4132=DIRECTION('',(1.,0.,0.));
#4133=DIRECTION('',(0.,-1.,0.));
#4134=DIRECTION('',(0.,0.,-1.));
#4135=DIRECTION('',(1.,0.,0.));
#4136=DIRECTION('',(1.,0.,0.));
#4137=DIRECTION('',(0.,0.,1.));
#4138=DIRECTION('',(1.,0.,0.));
#4139=DIRECTION('',(0.,0.,1.));
#4140=DIRECTION('',(0.,0.,1.));
#4141=DIRECTION('',(0.,0.,1.));
#4142=DIRECTION('',(1.,0.,0.));
#4143=DIRECTION('',(-1.,0.,0.));
#4144=DIRECTION('',(0.,0.,1.));
#4145=DIRECTION('',(1.,0.,0.));
#4146=DIRECTION('',(0.,-1.,0.));
#4147=DIRECTION('',(0.,0.,-1.));
#4148=DIRECTION('',(0.,0.,1.));
#4149=DIRECTION('',(0.,0.,1.));
#4150=DIRECTION('',(1.,0.,0.));
#4151=DIRECTION('',(0.,1.,0.));
#4152=DIRECTION('',(0.,0.,1.));
#4153=DIRECTION('',(0.,0.,1.));
#4154=DIRECTION('',(0.,0.,1.));
#4155=DIRECTION('',(0.,0.,1.));
#4156=DIRECTION('',(1.,0.,0.));
#4157=DIRECTION('',(-1.,0.,0.));
#4158=DIRECTION('',(1.,0.,0.));
#4159=DIRECTION('',(0.,0.,1.));
#4160=DIRECTION('',(0.,-1.,0.));
#4161=DIRECTION('',(0.,0.,-1.));
#4162=DIRECTION('',(0.,0.,1.));
#4163=DIRECTION('',(0.,0.,1.));
#4164=DIRECTION('',(1.,0.,0.));
#4165=DIRECTION('',(0.,1.,0.));
#4166=DIRECTION('',(0.,0.,1.));
#4167=DIRECTION('',(-0.235570696461293,0.184085598774044,-0.954263558610902));
#4168=DIRECTION('',(0.23393905070082,0.184160238037704,-0.954650473881984));
#4169=DIRECTION('',(0.,-0.981896870824899,-0.189416300946543));
#4170=DIRECTION('',(0.,0.189416300946543,-0.981896870824899));
#4171=DIRECTION('',(0.23393905070082,0.184160238037704,-0.954650473881984));
#4172=DIRECTION('',(-0.971262724284912,1.64538305581858E-16,-0.238009916630904));
#4173=DIRECTION('',(-0.238009916630904,0.,0.971262724284913));
#4174=DIRECTION('',(-0.235570696461293,0.184085598774044,-0.954263558610902));
#4175=DIRECTION('',(0.,0.981896870824899,0.189416300946543));
#4176=DIRECTION('',(0.,-0.189416300946543,0.981896870824899));
#4177=DIRECTION('',(0.970855265589256,-1.13731164577989E-15,-0.239666546012609));
#4178=DIRECTION('',(-0.239666546012609,0.,-0.970855265589257));
#4179=DIRECTION('',(0.,-1.,0.));
#4180=DIRECTION('',(0.,0.,-1.));
#4181=DIRECTION('',(-1.,0.,0.));
#4182=DIRECTION('',(1.,0.,0.));
#4183=DIRECTION('',(0.,0.,-1.));
#4184=DIRECTION('',(-1.,0.,0.));
#4185=DIRECTION('',(0.,1.,0.));
#4186=DIRECTION('',(0.,0.,-1.));
#4187=DIRECTION('',(1.,9.85638338623186E-17,0.));
#4188=DIRECTION('',(1.,0.,0.));
#4189=DIRECTION('',(0.,0.,-1.));
#4190=DIRECTION('',(1.,9.85638338623186E-17,0.));
#4191=DIRECTION('',(0.,0.,-1.));
#4192=DIRECTION('',(-1.,0.,0.));
#4193=DIRECTION('',(0.,0.,1.));
#4194=DIRECTION('',(1.,0.,0.));
#4195=DIRECTION('',(-0.0166407256509984,-0.0677425411320172,0.997564050259823));
#4196=DIRECTION('',(0.237973463804434,0.968763472110558,0.0697564737441253));
#4197=DIRECTION('',(0.,0.,1.));
#4198=DIRECTION('',(0.,0.,1.));
#4199=DIRECTION('',(0.,0.,1.));
#4200=DIRECTION('',(1.,0.,0.));
#4201=DIRECTION('',(1.,0.,0.));
#4202=DIRECTION('',(0.,0.,1.));
#4203=DIRECTION('',(1.,0.,0.));
#4204=DIRECTION('',(0.971129093774215,-0.238554570749068,0.));
#4205=DIRECTION('',(1.,0.,0.));
#4206=DIRECTION('',(0.,0.,1.));
#4207=DIRECTION('',(1.,0.,0.));
#4208=DIRECTION('',(0.971129093774216,0.238554570749065,0.));
#4209=DIRECTION('',(0.,0.,1.));
#4210=DIRECTION('',(1.,0.,0.));
#4211=DIRECTION('',(0.,0.,1.));
#4212=DIRECTION('',(1.,0.,0.));
#4213=DIRECTION('',(-1.,0.,0.));
#4214=DIRECTION('',(0.,0.,1.));
#4215=DIRECTION('',(0.,1.,0.));
#4216=DIRECTION('',(0.,0.,1.));
#4217=DIRECTION('',(0.,0.,1.));
#4218=DIRECTION('',(0.0166407256509983,-0.0677425411320172,0.997564050259824));
#4219=DIRECTION('',(-0.237973463804431,0.968763472110559,0.0697564737441253));
#4220=DIRECTION('',(0.,0.,1.));
#4221=DIRECTION('',(1.,0.,0.));
#4222=DIRECTION('',(-0.999860895134779,2.35570296552119E-19,-0.016679040148616));
#4223=DIRECTION('',(-0.999860895134779,-2.35570296552119E-19,0.0166790401486158));
#4224=DIRECTION('',(0.,-1.,0.));
#4225=DIRECTION('',(0.,0.,-1.));
#4226=DIRECTION('',(-0.0166407256509984,-0.0677425411320172,0.997564050259823));
#4227=DIRECTION('',(0.237973463804434,0.968763472110558,0.0697564737441253));
#4228=DIRECTION('',(-0.999860895134779,2.35570296552119E-19,-0.016679040148616));
#4229=DIRECTION('',(0.0166407256509985,0.0677425411320172,-0.997564050259824));
#4230=DIRECTION('',(0.,0.997702198552965,0.0677519225009909));
#4231=DIRECTION('',(-0.999860895134779,-2.35570296552119E-19,0.0166790401486158));
#4232=DIRECTION('',(0.0166407256509983,-0.0677425411320172,0.997564050259824));
#4233=DIRECTION('',(-0.237973463804431,0.968763472110559,0.0697564737441253));
#4234=DIRECTION('',(-0.0166407256509983,0.0677425411320172,-0.997564050259824));
#4235=DIRECTION('',(0.,0.997702198552965,0.067751922500991));
#4236=DIRECTION('',(0.,0.,1.));
#4237=DIRECTION('',(0.,0.,1.));
#4238=DIRECTION('',(0.,0.,1.));
#4239=DIRECTION('',(1.,0.,0.));
#4240=DIRECTION('',(-1.,0.,0.));
#4241=DIRECTION('',(0.,0.,1.));
#4242=DIRECTION('',(0.,1.,0.));
#4243=DIRECTION('',(0.,0.,1.));
#4244=DIRECTION('',(0.,0.,1.));
#4245=DIRECTION('',(0.,0.,1.));
#4246=DIRECTION('',(1.,0.,0.));
#4247=DIRECTION('',(0.,-1.,0.));
#4248=DIRECTION('',(0.,0.,-1.));
#4249=DIRECTION('',(-0.0944363200500378,0.369774636792059,0.924309742153953));
#4250=DIRECTION('',(0.0904671959746882,0.36991152218218,0.924651908671225));
#4251=DIRECTION('',(0.,-0.928459114773211,0.371434613619336));
#4252=DIRECTION('',(0.,-0.371434613619336,-0.928459114773211));
#4253=DIRECTION('',(0.0904671959746882,0.36991152218218,0.924651908671225));
#4254=DIRECTION('',(0.995247836720252,0.,-0.0973742445601437));
#4255=DIRECTION('',(-0.0973742445601437,0.,-0.995247836720252));
#4256=DIRECTION('',(-0.0944363200500378,0.369774636792059,0.924309742153953));
#4257=DIRECTION('',(0.,0.928459114773211,-0.371434613619336));
#4258=DIRECTION('',(0.,0.371434613619336,0.928459114773211));
#4259=DIRECTION('',(-0.994821200015496,0.,-0.101640444704496));
#4260=DIRECTION('',(-0.101640444704496,0.,0.994821200015497));
#4261=DIRECTION('',(6.74722394052689E-5,-1.37740294738141E-16,-0.999999997723749));
#4262=DIRECTION('',(-8.39810022957652E-16,-1.,-9.50858493277712E-16));
#4263=DIRECTION('',(6.51731785993627E-5,0.258819045102521,-0.965925824090379));
#4264=DIRECTION('',(0.,-1.,1.3766125433468E-16));
#4265=DIRECTION('',(0.999999997723749,-8.39874177597932E-16,6.74722394053244E-5));
#4266=DIRECTION('',(-6.74722394053244E-5,1.37910516340156E-16,0.999999997723749));
#4267=DIRECTION('',(8.39883467822827E-16,-1.,1.3766125433468E-16));
#4268=DIRECTION('',(1.6126401488552E-31,1.3766125433468E-16,1.));
#4269=DIRECTION('',(0.,-1.,1.37043154602168E-16));
#4270=DIRECTION('',(-6.51731785993627E-5,0.258819045102521,-0.965925824090379));
#4271=DIRECTION('',(1.13153899116767E-15,0.965925826436353,0.258819044552848));
#4272=DIRECTION('',(0.,-0.258819044552848,0.965925826436353));
#4273=DIRECTION('',(-6.74722394052689E-5,-1.37740294738141E-16,-0.999999997723749));
#4274=DIRECTION('',(1.17145536458252E-15,1.,-1.37683626233027E-16));
#4275=DIRECTION('',(-1.,1.17137202715334E-15,0.));
#4276=DIRECTION('',(-8.39810022957652E-16,1.,9.50858493277712E-16));
#4277=DIRECTION('',(-1.11388828290903E-30,-9.50858493277712E-16,1.));
#4278=DIRECTION('',(0.,-1.,-9.5062846483529E-16));
#4279=DIRECTION('',(-0.999999997723749,-8.39874177597932E-16,6.74722394053244E-5));
#4280=DIRECTION('',(6.74722394053244E-5,1.37910516340156E-16,0.999999997723749));
#4281=DIRECTION('',(0.,1.,0.));
#4282=DIRECTION('',(1.50303654965536E-15,1.,0.));
#4283=DIRECTION('',(0.,0.,-1.));
#4284=DIRECTION('',(-1.,0.,0.));
#4285=DIRECTION('',(0.,-1.,0.));
#4286=DIRECTION('',(0.,1.,0.));
#4287=DIRECTION('',(0.,0.,-1.));
#4288=DIRECTION('',(-1.,0.,0.));
#4289=DIRECTION('',(-6.51731785987563E-5,-0.258819045102521,-0.965925824090379));
#4290=DIRECTION('',(6.51731785987563E-5,-0.258819045102521,-0.965925824090379));
#4291=DIRECTION('',(1.1315389908226E-15,0.965925826141784,-0.258819045652194));
#4292=DIRECTION('',(0.,0.258819045652194,0.965925826141784));
#4293=DIRECTION('',(-6.74722394052689E-5,1.37582213304517E-16,-0.999999997723749));
#4294=DIRECTION('',(6.74722394052689E-5,1.37582213304517E-16,-0.999999997723749));
#4295=DIRECTION('',(1.17145536458252E-15,1.,1.37683626233027E-16));
#4296=DIRECTION('',(-1.,1.17148044737059E-15,0.));
#4297=DIRECTION('',(0.999999997723749,-1.50303654623407E-15,6.74722394053244E-5));
#4298=DIRECTION('',(-6.74722394053244E-5,-1.37585255688411E-16,0.999999997723749));
#4299=DIRECTION('',(-0.999999997723749,-1.50303654623407E-15,6.74722394053244E-5));
#4300=DIRECTION('',(6.74722394053244E-5,-1.37585255688411E-16,0.999999997723749));
#4301=CARTESIAN_POINT('',(0.,0.,0.));
#4302=CARTESIAN_POINT('',(-1.55,-0.655,11.85));
#4303=CARTESIAN_POINT('',(1.33,-0.655,11.85));
#4304=CARTESIAN_POINT('',(1.55,-0.655,11.85));
#4305=CARTESIAN_POINT('',(1.33,-0.655,11.85));
#4306=CARTESIAN_POINT('',(1.33,-0.655,11.55));
#4307=CARTESIAN_POINT('',(1.2,-0.655,11.55));
#4308=CARTESIAN_POINT('',(1.55,-0.655,11.55));
#4309=CARTESIAN_POINT('',(1.55,-0.655,11.85));
#4310=CARTESIAN_POINT('',(-1.55,-0.655,11.85));
#4311=CARTESIAN_POINT('',(1.2,2.945,11.55));
#4312=CARTESIAN_POINT('',(1.33,2.945,11.55));
#4313=CARTESIAN_POINT('',(1.55,2.945,11.55));
#4314=CARTESIAN_POINT('',(1.33,2.945,11.7));
#4315=CARTESIAN_POINT('',(1.33,2.945,11.85));
#4316=CARTESIAN_POINT('',(-1.55,2.945,11.85));
#4317=CARTESIAN_POINT('',(1.55,2.945,11.85));
#4318=CARTESIAN_POINT('',(1.55,2.945,11.7));
#4319=CARTESIAN_POINT('',(-1.55,2.945,11.7));
#4320=CARTESIAN_POINT('',(-1.55,2.945,11.85));
#4321=CARTESIAN_POINT('',(-1.31,2.945,11.85));
#4322=CARTESIAN_POINT('',(-1.55,2.945,11.85));
#4323=CARTESIAN_POINT('',(-1.31,2.945,11.7));
#4324=CARTESIAN_POINT('',(-1.31,2.945,11.55));
#4325=CARTESIAN_POINT('',(1.2,2.945,11.55));
#4326=CARTESIAN_POINT('',(-1.55,2.945,11.55));
#4327=CARTESIAN_POINT('',(-1.55,2.945,11.7));
#4328=CARTESIAN_POINT('',(-1.55,2.945,11.7));
#4329=CARTESIAN_POINT('',(-1.15,-0.555,18.8));
#4330=CARTESIAN_POINT('',(-1.55,-0.555,18.8));
#4331=CARTESIAN_POINT('',(-0.54146402821273,-0.555,18.8));
#4332=CARTESIAN_POINT('',(-0.558392692219272,-0.555,18.7087736061406));
#4333=CARTESIAN_POINT('',(-0.448683490282485,-0.555,19.2999823903668));
#4334=CARTESIAN_POINT('',(-1.55,-0.555,19.2999823903668));
#4335=CARTESIAN_POINT('',(-1.55,-0.555,19.2999823903668));
#4336=CARTESIAN_POINT('',(-1.55,-0.555,18.8));
#4337=CARTESIAN_POINT('',(-1.05,-0.555,18.8));
#4338=CARTESIAN_POINT('',(6.79818855530024E-16,2.845,18.8));
#4339=CARTESIAN_POINT('',(1.55,2.845,18.8));
#4340=CARTESIAN_POINT('',(0.541464028212726,2.845,18.8));
#4341=CARTESIAN_POINT('',(0.558392692219268,2.845,18.7087736061406));
#4342=CARTESIAN_POINT('',(0.449070395843131,2.845,19.2978974060438));
#4343=CARTESIAN_POINT('',(1.55,2.845,19.2978974060438));
#4344=CARTESIAN_POINT('',(1.55,2.845,19.2978974060438));
#4345=CARTESIAN_POINT('',(1.55,2.845,18.8));
#4346=CARTESIAN_POINT('',(1.05,2.845,18.8));
#4347=CARTESIAN_POINT('',(0.55,3.145,8.8));
#4348=CARTESIAN_POINT('',(0.55,3.145,8.8));
#4349=CARTESIAN_POINT('',(0.55,3.145,9.));
#4350=CARTESIAN_POINT('',(-0.15,3.145,9.));
#4351=CARTESIAN_POINT('',(-0.55,3.145,9.));
#4352=CARTESIAN_POINT('',(-0.55,3.145,8.8));
#4353=CARTESIAN_POINT('',(-0.55,3.145,8.8));
#4354=CARTESIAN_POINT('',(2.22044604925032E-16,3.145,8.8));
#4355=CARTESIAN_POINT('',(2.22044604925032E-16,3.145,8.8));
#4356=CARTESIAN_POINT('',(0.7,-0.855,18.85));
#4357=CARTESIAN_POINT('',(0.7,-0.855,18.8852653961417));
#4358=CARTESIAN_POINT('',(0.7,-0.855,18.8));
#4359=CARTESIAN_POINT('',(1.15,-0.855,18.8));
#4360=CARTESIAN_POINT('',(-0.344999999999995,-0.855,18.8));
#4361=CARTESIAN_POINT('',(-0.344999999999995,-0.855,8.8));
#4362=CARTESIAN_POINT('',(-0.344999999999995,-0.855,18.85));
#4363=CARTESIAN_POINT('',(1.15,-0.855,18.85));
#4364=CARTESIAN_POINT('',(-0.7,-0.855,18.85));
#4365=CARTESIAN_POINT('',(-0.7,-0.855,18.85));
#4366=CARTESIAN_POINT('',(-0.7,-0.855,18.8852653961417));
#4367=CARTESIAN_POINT('',(-0.7,-0.855,18.8852653961417));
#4368=CARTESIAN_POINT('',(1.15,-0.855,8.8));
#4369=CARTESIAN_POINT('',(-0.344999999999995,-0.855,18.8));
#4370=CARTESIAN_POINT('',(-0.344999999999995,-1.055,18.8));
#4371=CARTESIAN_POINT('',(-0.344999999999995,-1.055,18.8));
#4372=CARTESIAN_POINT('',(-0.344999999999995,-1.055,18.85));
#4373=CARTESIAN_POINT('',(-0.344999999999995,-0.855,18.85));
#4374=CARTESIAN_POINT('',(-0.344999999999995,-0.855,18.8));
#4375=CARTESIAN_POINT('',(0.558392692219269,2.145,18.7087736061406));
#4376=CARTESIAN_POINT('',(0.541464028212727,2.145,18.8));
#4377=CARTESIAN_POINT('',(0.449070395843131,2.145,19.2978974060438));
#4378=CARTESIAN_POINT('',(1.05,2.145,18.8));
#4379=CARTESIAN_POINT('',(1.55,2.145,18.8));
#4380=CARTESIAN_POINT('',(1.55,2.145,18.8));
#4381=CARTESIAN_POINT('',(1.55,2.145,19.2978974060438));
#4382=CARTESIAN_POINT('',(1.05,2.145,19.2978974060438));
#4383=CARTESIAN_POINT('',(1.05,2.145,18.8));
#4384=CARTESIAN_POINT('',(0.541464028212726,2.845,18.8));
#4385=CARTESIAN_POINT('',(0.449070395843134,-0.555,19.2978974060438));
#4386=CARTESIAN_POINT('',(0.558392692219268,2.845,18.7087736061406));
#4387=CARTESIAN_POINT('',(0.46827169579256,-0.555,19.1944240692749));
#4388=CARTESIAN_POINT('',(0.541464028212729,-0.555,18.8));
#4389=CARTESIAN_POINT('',(0.449070395843133,-0.555,19.2978974060438));
#4390=CARTESIAN_POINT('',(1.05,-0.555,18.8));
#4391=CARTESIAN_POINT('',(1.55,-0.555,18.8));
#4392=CARTESIAN_POINT('',(1.55,-0.555,18.8));
#4393=CARTESIAN_POINT('',(1.55,-0.555,19.2978974060438));
#4394=CARTESIAN_POINT('',(1.05,-0.555,19.2978974060438));
#4395=CARTESIAN_POINT('',(1.05,-0.555,18.8));
#4396=CARTESIAN_POINT('',(3.937317423148E-15,0.145,18.8));
#4397=CARTESIAN_POINT('',(1.55,0.145,18.8));
#4398=CARTESIAN_POINT('',(0.541464028212729,0.145,18.8));
#4399=CARTESIAN_POINT('',(0.46827169579256,0.145,19.1944240692749));
#4400=CARTESIAN_POINT('',(0.449070395843133,0.145,19.2978974060438));
#4401=CARTESIAN_POINT('',(1.55,0.145,19.2978974060438));
#4402=CARTESIAN_POINT('',(1.55,0.145,19.2978974060438));
#4403=CARTESIAN_POINT('',(1.55,0.145,18.8));
#4404=CARTESIAN_POINT('',(1.05,0.145,18.8));
#4405=CARTESIAN_POINT('',(0.541464028212729,3.245,18.8));
#4406=CARTESIAN_POINT('',(0.449070395843133,0.145,19.2978974060438));
#4407=CARTESIAN_POINT('',(0.46827169579256,0.145,19.1944240692749));
#4408=CARTESIAN_POINT('',(-0.558392692219268,2.845,18.7087736061406));
#4409=CARTESIAN_POINT('',(-0.541464028212726,2.845,18.8));
#4410=CARTESIAN_POINT('',(-0.448683490282481,2.845,19.2999823903668));
#4411=CARTESIAN_POINT('',(-1.05,2.845,18.8));
#4412=CARTESIAN_POINT('',(-1.55,2.845,18.8));
#4413=CARTESIAN_POINT('',(-1.55,2.845,18.8));
#4414=CARTESIAN_POINT('',(-1.55,2.845,19.2999823903668));
#4415=CARTESIAN_POINT('',(-1.05,2.845,19.2999823903668));
#4416=CARTESIAN_POINT('',(-1.05,2.845,18.8));
#4417=CARTESIAN_POINT('',(-1.15,2.145,18.8));
#4418=CARTESIAN_POINT('',(-1.55,2.145,18.8));
#4419=CARTESIAN_POINT('',(-0.541464028212727,2.145,18.8));
#4420=CARTESIAN_POINT('',(-0.558392692219269,2.145,18.7087736061406));
#4421=CARTESIAN_POINT('',(-0.448683490282482,2.145,19.2999823903668));
#4422=CARTESIAN_POINT('',(-1.55,2.145,19.2999823903668));
#4423=CARTESIAN_POINT('',(-1.55,2.145,19.2999823903668));
#4424=CARTESIAN_POINT('',(-1.55,2.145,18.8));
#4425=CARTESIAN_POINT('',(-1.05,2.145,18.8));
#4426=CARTESIAN_POINT('',(-0.541464028212726,2.845,18.8));
#4427=CARTESIAN_POINT('',(-0.448683490282481,2.845,19.2999823903668));
#4428=CARTESIAN_POINT('',(-0.558392692219268,2.845,18.7087736061406));
#4429=CARTESIAN_POINT('',(-0.558392692219271,0.145,18.7087736061406));
#4430=CARTESIAN_POINT('',(-0.541464028212729,0.145,18.8));
#4431=CARTESIAN_POINT('',(-0.448683490282484,0.145,19.2999823903668));
#4432=CARTESIAN_POINT('',(-1.05,0.145,18.8));
#4433=CARTESIAN_POINT('',(-1.55,0.145,18.8));
#4434=CARTESIAN_POINT('',(-1.55,0.145,18.8));
#4435=CARTESIAN_POINT('',(-1.55,0.145,19.2999823903668));
#4436=CARTESIAN_POINT('',(-1.05,0.145,19.2999823903668));
#4437=CARTESIAN_POINT('',(-1.05,0.145,18.8));
#4438=CARTESIAN_POINT('',(-0.54146402821273,-0.555,18.8));
#4439=CARTESIAN_POINT('',(-0.448683490282485,-0.555,19.2999823903668));
#4440=CARTESIAN_POINT('',(-0.558392692219272,-0.555,18.7087736061406));
#4441=CARTESIAN_POINT('',(1.84834786365329E-15,1.745,18.8));
#4442=CARTESIAN_POINT('',(1.55,1.745,18.8));
#4443=CARTESIAN_POINT('',(0.542286694057132,1.745,18.8));
#4444=CARTESIAN_POINT('',(0.557596123493898,1.745,18.7131759111666));
#4445=CARTESIAN_POINT('',(0.454493947746847,1.745,19.2978974060438));
#4446=CARTESIAN_POINT('',(1.55,1.745,19.2978974060438));
#4447=CARTESIAN_POINT('',(1.55,1.745,19.2978974060438));
#4448=CARTESIAN_POINT('',(1.55,1.745,18.8));
#4449=CARTESIAN_POINT('',(1.05,1.745,18.8));
#4450=CARTESIAN_POINT('',(0.557596123493902,0.545,18.7131759111666));
#4451=CARTESIAN_POINT('',(0.454493947746848,0.545,19.2978974060438));
#4452=CARTESIAN_POINT('',(0.542286694057134,0.545,18.8));
#4453=CARTESIAN_POINT('',(1.05,0.545,18.8));
#4454=CARTESIAN_POINT('',(1.55,0.545,18.8));
#4455=CARTESIAN_POINT('',(1.55,0.545,18.8));
#4456=CARTESIAN_POINT('',(1.55,0.545,19.2978974060438));
#4457=CARTESIAN_POINT('',(1.05,0.545,19.2978974060438));
#4458=CARTESIAN_POINT('',(1.05,0.545,18.8));
#4459=CARTESIAN_POINT('',(0.542286694057132,1.745,18.8));
#4460=CARTESIAN_POINT('',(0.454493947746849,-0.555,19.2978974060438));
#4461=CARTESIAN_POINT('',(0.557596123493898,1.745,18.7131759111666));
#4462=CARTESIAN_POINT('',(-0.5575961234939,1.745,18.7131759111666));
#4463=CARTESIAN_POINT('',(-0.454126308756356,1.745,19.2999823903668));
#4464=CARTESIAN_POINT('',(-0.542286694057132,1.745,18.8));
#4465=CARTESIAN_POINT('',(-1.05,1.745,18.8));
#4466=CARTESIAN_POINT('',(-1.55,1.745,18.8));
#4467=CARTESIAN_POINT('',(-1.55,1.745,18.8));
#4468=CARTESIAN_POINT('',(-1.55,1.745,19.2999823903668));
#4469=CARTESIAN_POINT('',(-1.05,1.745,19.2999823903668));
#4470=CARTESIAN_POINT('',(-1.05,1.745,18.8));
#4471=CARTESIAN_POINT('',(-1.15,0.545,18.8));
#4472=CARTESIAN_POINT('',(-1.55,0.545,18.8));
#4473=CARTESIAN_POINT('',(-0.542286694057134,0.545,18.8));
#4474=CARTESIAN_POINT('',(-0.557596123493899,0.545,18.7131759111666));
#4475=CARTESIAN_POINT('',(-0.454126308756358,0.545,19.2999823903668));
#4476=CARTESIAN_POINT('',(-1.55,0.545,19.2999823903668));
#4477=CARTESIAN_POINT('',(-1.55,0.545,19.2999823903668));
#4478=CARTESIAN_POINT('',(-1.55,0.545,18.8));
#4479=CARTESIAN_POINT('',(-1.05,0.545,18.8));
#4480=CARTESIAN_POINT('',(-0.542286694057132,1.745,18.8));
#4481=CARTESIAN_POINT('',(-0.454126308756356,1.745,19.2999823903668));
#4482=CARTESIAN_POINT('',(-0.557596123493898,1.745,18.7131759111666));
#4483=CARTESIAN_POINT('',(-1.75,2.545,13.));
#4484=CARTESIAN_POINT('',(-1.85,2.545,13.));
#4485=CARTESIAN_POINT('',(-1.55,2.545,13.));
#4486=CARTESIAN_POINT('',(-1.55,2.745,13.));
#4487=CARTESIAN_POINT('',(-1.55,2.345,13.));
#4488=CARTESIAN_POINT('',(-1.75,2.345,13.));
#4489=CARTESIAN_POINT('',(-1.85,2.345,13.));
#4490=CARTESIAN_POINT('',(-1.85,2.545,13.));
#4491=CARTESIAN_POINT('',(-1.75,2.745,13.));
#4492=CARTESIAN_POINT('',(-1.75,2.345,15.1));
#4493=CARTESIAN_POINT('',(-1.55,2.345,15.1));
#4494=CARTESIAN_POINT('',(-1.85,2.345,15.1));
#4495=CARTESIAN_POINT('',(-1.55,2.745,15.1));
#4496=CARTESIAN_POINT('',(-1.55,2.545,15.1));
#4497=CARTESIAN_POINT('',(-1.75,2.545,15.1));
#4498=CARTESIAN_POINT('',(-1.85,2.545,15.1));
#4499=CARTESIAN_POINT('',(-1.85,2.545,15.1));
#4500=CARTESIAN_POINT('',(-1.75,2.745,15.1));
#4501=CARTESIAN_POINT('',(-1.55,2.345,13.));
#4502=CARTESIAN_POINT('',(-1.85,2.345,13.));
#4503=CARTESIAN_POINT('',(-1.75,2.345,13.));
#4504=CARTESIAN_POINT('',(-1.75,-0.0550000000000021,13.));
#4505=CARTESIAN_POINT('',(-1.55,-0.0550000000000026,13.));
#4506=CARTESIAN_POINT('',(-1.85,-0.0550000000000019,13.));
#4507=CARTESIAN_POINT('',(-1.55,-0.455,13.));
#4508=CARTESIAN_POINT('',(-1.55,-0.255,13.));
#4509=CARTESIAN_POINT('',(-1.75,-0.255,13.));
#4510=CARTESIAN_POINT('',(-1.85,-0.255,13.));
#4511=CARTESIAN_POINT('',(-1.85,-0.455,13.));
#4512=CARTESIAN_POINT('',(-1.75,-0.455,13.));
#4513=CARTESIAN_POINT('',(-1.75,-0.255,15.1));
#4514=CARTESIAN_POINT('',(-1.85,-0.255,15.1));
#4515=CARTESIAN_POINT('',(-1.55,-0.255,15.1));
#4516=CARTESIAN_POINT('',(-1.55,-0.455,15.1));
#4517=CARTESIAN_POINT('',(-1.55,-0.0550000000000025,15.1));
#4518=CARTESIAN_POINT('',(-1.75,-0.0550000000000021,15.1));
#4519=CARTESIAN_POINT('',(-1.85,-0.0550000000000021,15.1));
#4520=CARTESIAN_POINT('',(-1.85,-0.455,15.1));
#4521=CARTESIAN_POINT('',(-1.75,-0.455,15.1));
#4522=CARTESIAN_POINT('',(-1.56703708685547,1.8,15.5705904774488));
#4523=CARTESIAN_POINT('',(-1.55,1.8,15.6341737512063));
#4524=CARTESIAN_POINT('',(-2.07949879615846,1.8,13.6580573413964));
#4525=CARTESIAN_POINT('',(-1.55,1.8,15.7));
#4526=CARTESIAN_POINT('',(-1.55,1.8,14.8614330901751));
#4527=CARTESIAN_POINT('',(-1.37385192159765,1.8,15.5188266684283));
#4528=CARTESIAN_POINT('',(-1.88631363090065,1.8,13.6062935323759));
#4529=CARTESIAN_POINT('',(-2.07949879615846,1.8,13.6580573413964));
#4530=CARTESIAN_POINT('',(-1.56703708685547,1.8,15.5705904774488));
#4531=CARTESIAN_POINT('',(-1.37385192159765,0.49,15.5188266684283));
#4532=CARTESIAN_POINT('',(-1.55,0.49,14.8614330901751));
#4533=CARTESIAN_POINT('',(-1.88631363090065,0.49,13.6062935323759));
#4534=CARTESIAN_POINT('',(-1.55,0.49,15.7));
#4535=CARTESIAN_POINT('',(-1.55,0.49,15.6341737512063));
#4536=CARTESIAN_POINT('',(-1.56703708685547,0.49,15.5705904774488));
#4537=CARTESIAN_POINT('',(-2.07949879615846,0.49,13.6580573413964));
#4538=CARTESIAN_POINT('',(-1.88631363090064,0.49,13.6062935323759));
#4539=CARTESIAN_POINT('',(-1.37385192159765,0.49,15.5188266684283));
#4540=CARTESIAN_POINT('',(-1.55,1.8,14.8614330901751));
#4541=CARTESIAN_POINT('',(-1.88631363090065,0.49,13.6062935323759));
#4542=CARTESIAN_POINT('',(-1.90335071775611,0.49,13.5427102586183));
#4543=CARTESIAN_POINT('',(-1.90335071775611,1.8,13.5427102586183));
#4544=CARTESIAN_POINT('',(-1.90335071775611,1.8,13.5427102586183));
#4545=CARTESIAN_POINT('',(-1.88631363090065,1.8,13.6062935323759));
#4546=CARTESIAN_POINT('',(-1.37385192159765,1.8,15.5188266684283));
#4547=CARTESIAN_POINT('',(-1.55,3.345,9.));
#4548=CARTESIAN_POINT('',(-1.55,3.345,9.));
#4549=CARTESIAN_POINT('',(-0.55,3.345,9.));
#4550=CARTESIAN_POINT('',(-1.55,3.345,8.8));
#4551=CARTESIAN_POINT('',(-1.55,3.345,10.25));
#4552=CARTESIAN_POINT('',(-1.55,3.345,10.25));
#4553=CARTESIAN_POINT('',(1.55,3.345,10.25));
#4554=CARTESIAN_POINT('',(1.55,3.345,8.8));
#4555=CARTESIAN_POINT('',(1.55,3.345,9.));
#4556=CARTESIAN_POINT('',(2.22044604925032E-16,3.345,9.));
#4557=CARTESIAN_POINT('',(0.55,3.345,9.));
#4558=CARTESIAN_POINT('',(0.55,3.345,8.8));
#4559=CARTESIAN_POINT('',(0.55,3.345,8.8));
#4560=CARTESIAN_POINT('',(2.22044604925032E-16,3.345,8.8));
#4561=CARTESIAN_POINT('',(-0.55,3.345,8.8));
#4562=CARTESIAN_POINT('',(-0.55,3.345,8.8));
#4563=CARTESIAN_POINT('',(2.22044604925032E-16,3.345,8.8));
#4564=CARTESIAN_POINT('',(-1.55,-1.055,10.25));
#4565=CARTESIAN_POINT('',(-1.55,-1.055,10.25));
#4566=CARTESIAN_POINT('',(1.55,-1.055,10.25));
#4567=CARTESIAN_POINT('',(-1.55,-1.055,18.8));
#4568=CARTESIAN_POINT('',(-1.55,-1.055,8.8));
#4569=CARTESIAN_POINT('',(1.55,-1.055,8.8));
#4570=CARTESIAN_POINT('',(1.55,-1.055,8.8));
#4571=CARTESIAN_POINT('',(1.55,-1.055,18.8));
#4572=CARTESIAN_POINT('',(-1.15,-1.055,18.8));
#4573=CARTESIAN_POINT('',(1.55,2.845,18.8));
#4574=CARTESIAN_POINT('',(1.55,3.345,18.8));
#4575=CARTESIAN_POINT('',(2.22044604925032E-16,3.345,18.8));
#4576=CARTESIAN_POINT('',(0.7,3.345,18.8));
#4577=CARTESIAN_POINT('',(0.7,2.945,18.8));
#4578=CARTESIAN_POINT('',(0.7,3.145,18.8));
#4579=CARTESIAN_POINT('',(-0.15,3.145,18.8));
#4580=CARTESIAN_POINT('',(-0.7,3.145,18.8));
#4581=CARTESIAN_POINT('',(-0.7,2.945,18.8));
#4582=CARTESIAN_POINT('',(-0.7,3.345,18.8));
#4583=CARTESIAN_POINT('',(-1.15,3.345,18.8));
#4584=CARTESIAN_POINT('',(-1.55,3.345,18.8));
#4585=CARTESIAN_POINT('',(-1.55,2.945,18.8));
#4586=CARTESIAN_POINT('',(-1.55,0.545,18.8));
#4587=CARTESIAN_POINT('',(-1.55,1.745,18.8));
#4588=CARTESIAN_POINT('',(-1.55,-0.555,18.8));
#4589=CARTESIAN_POINT('',(-1.55,-1.055,18.8));
#4590=CARTESIAN_POINT('',(-1.15,-1.055,18.8));
#4591=CARTESIAN_POINT('',(0.7,-0.655,18.8));
#4592=CARTESIAN_POINT('',(0.7,-1.055,18.8));
#4593=CARTESIAN_POINT('',(1.15,-1.055,18.8));
#4594=CARTESIAN_POINT('',(1.55,-1.055,18.8));
#4595=CARTESIAN_POINT('',(1.55,-0.655,18.8));
#4596=CARTESIAN_POINT('',(1.55,0.545,18.8));
#4597=CARTESIAN_POINT('',(1.55,1.745,18.8));
#4598=CARTESIAN_POINT('',(2.22044604925032E-16,3.245,18.8));
#4599=CARTESIAN_POINT('',(0.7,3.145,8.8));
#4600=CARTESIAN_POINT('',(0.7,3.145,18.8852653961417));
#4601=CARTESIAN_POINT('',(0.7,3.145,18.8852653961417));
#4602=CARTESIAN_POINT('',(-0.7,3.145,18.8852653961417));
#4603=CARTESIAN_POINT('',(-0.7,3.145,18.85));
#4604=CARTESIAN_POINT('',(2.22044604925032E-16,3.145,8.8));
#4605=CARTESIAN_POINT('',(0.7,3.345,8.8));
#4606=CARTESIAN_POINT('',(0.7,3.345,18.9205307922834));
#4607=CARTESIAN_POINT('',(1.55,3.345,18.8));
#4608=CARTESIAN_POINT('',(1.55,3.345,11.85));
#4609=CARTESIAN_POINT('',(-1.55,3.345,11.85));
#4610=CARTESIAN_POINT('',(-1.55,3.345,11.85));
#4611=CARTESIAN_POINT('',(-1.55,3.345,18.8));
#4612=CARTESIAN_POINT('',(-0.7,3.345,18.85));
#4613=CARTESIAN_POINT('',(-0.7,3.345,18.9205307922834));
#4614=CARTESIAN_POINT('',(-0.7,3.345,18.9205307922834));
#4615=CARTESIAN_POINT('',(2.22044604925032E-16,3.345,8.8));
#4616=CARTESIAN_POINT('',(0.55,3.245,8.8));
#4617=CARTESIAN_POINT('',(-0.55,3.345,8.8));
#4618=CARTESIAN_POINT('',(2.22044604925032E-16,3.245,8.8));
#4619=CARTESIAN_POINT('',(1.55,-0.623692873203932,8.8));
#4620=CARTESIAN_POINT('',(1.02760244794355,-0.623692873203932,8.8));
#4621=CARTESIAN_POINT('',(-1.00981867147026,-0.623692873203932,8.8));
#4622=CARTESIAN_POINT('',(1.02760244794355,2.945,8.8));
#4623=CARTESIAN_POINT('',(1.02760244794355,-0.303692873203932,8.8));
#4624=CARTESIAN_POINT('',(1.55,-0.303692873203933,8.8));
#4625=CARTESIAN_POINT('',(-1.00981867147026,-0.303692873203933,8.8));
#4626=CARTESIAN_POINT('',(-1.00981867147026,2.945,8.8));
#4627=CARTESIAN_POINT('',(1.55,2.945,8.8));
#4628=CARTESIAN_POINT('',(1.55,2.945,8.8));
#4629=CARTESIAN_POINT('',(-1.55,2.945,8.8));
#4630=CARTESIAN_POINT('',(-1.55,2.945,8.8));
#4631=CARTESIAN_POINT('',(-1.35,2.945,8.8));
#4632=CARTESIAN_POINT('',(1.55,2.945,8.8));
#4633=CARTESIAN_POINT('',(1.55,-0.455,13.));
#4634=CARTESIAN_POINT('',(1.55,-0.255,13.));
#4635=CARTESIAN_POINT('',(1.55,-0.0550000000000021,13.));
#4636=CARTESIAN_POINT('',(1.55,-0.255,15.1));
#4637=CARTESIAN_POINT('',(1.55,-0.255,15.1));
#4638=CARTESIAN_POINT('',(1.55,-0.455,15.1));
#4639=CARTESIAN_POINT('',(1.55,-0.0550000000000018,15.1));
#4640=CARTESIAN_POINT('',(1.55,-0.0550000000000026,13.));
#4641=CARTESIAN_POINT('',(1.55,2.545,18.8));
#4642=CARTESIAN_POINT('',(1.55,2.545,15.1));
#4643=CARTESIAN_POINT('',(1.55,2.545,13.));
#4644=CARTESIAN_POINT('',(1.55,2.745,13.));
#4645=CARTESIAN_POINT('',(1.55,2.345,13.));
#4646=CARTESIAN_POINT('',(1.55,2.345,13.));
#4647=CARTESIAN_POINT('',(1.55,2.345,15.1));
#4648=CARTESIAN_POINT('',(1.55,2.745,15.1));
#4649=CARTESIAN_POINT('',(1.55,0.49,15.6341737512063));
#4650=CARTESIAN_POINT('',(1.55,0.49,15.6341737512064));
#4651=CARTESIAN_POINT('',(1.55,1.8,15.6341737512064));
#4652=CARTESIAN_POINT('',(1.55,1.8,15.7));
#4653=CARTESIAN_POINT('',(1.55,1.8,14.8614330901751));
#4654=CARTESIAN_POINT('',(1.55,1.8,14.8614330901751));
#4655=CARTESIAN_POINT('',(1.55,0.49,14.8614330901751));
#4656=CARTESIAN_POINT('',(1.55,0.49,15.5188266684283));
#4657=CARTESIAN_POINT('',(1.55,2.945,8.8));
#4658=CARTESIAN_POINT('',(1.55,2.945,9.));
#4659=CARTESIAN_POINT('',(1.55,2.945,9.));
#4660=CARTESIAN_POINT('',(1.55,2.945,10.25));
#4661=CARTESIAN_POINT('',(1.55,2.945,10.25));
#4662=CARTESIAN_POINT('',(1.55,2.945,10.4));
#4663=CARTESIAN_POINT('',(1.55,2.945,10.55));
#4664=CARTESIAN_POINT('',(1.55,2.945,10.55));
#4665=CARTESIAN_POINT('',(1.55,3.345,10.55));
#4666=CARTESIAN_POINT('',(1.55,3.345,11.55));
#4667=CARTESIAN_POINT('',(1.55,3.345,11.55));
#4668=CARTESIAN_POINT('',(1.55,2.995,11.55));
#4669=CARTESIAN_POINT('',(1.55,2.945,11.85));
#4670=CARTESIAN_POINT('',(1.55,2.945,19.2978974060438));
#4671=CARTESIAN_POINT('',(1.55,2.945,19.2978974060438));
#4672=CARTESIAN_POINT('',(1.55,-0.555,19.2978974060438));
#4673=CARTESIAN_POINT('',(1.55,-1.055,18.8));
#4674=CARTESIAN_POINT('',(1.55,-1.055,11.85));
#4675=CARTESIAN_POINT('',(1.55,2.945,11.85));
#4676=CARTESIAN_POINT('',(1.55,2.945,11.55));
#4677=CARTESIAN_POINT('',(1.55,-1.055,11.55));
#4678=CARTESIAN_POINT('',(1.55,-1.055,18.8));
#4679=CARTESIAN_POINT('',(1.55,-1.055,10.55));
#4680=CARTESIAN_POINT('',(1.55,-0.705,10.55));
#4681=CARTESIAN_POINT('',(1.55,-0.655,10.55));
#4682=CARTESIAN_POINT('',(1.55,-0.655,11.85));
#4683=CARTESIAN_POINT('',(1.55,-0.655,10.25));
#4684=CARTESIAN_POINT('',(1.55,2.945,10.25));
#4685=CARTESIAN_POINT('',(1.55,2.945,18.8));
#4686=CARTESIAN_POINT('',(-1.55,-1.055,18.8));
#4687=CARTESIAN_POINT('',(-1.55,-1.055,11.85));
#4688=CARTESIAN_POINT('',(-1.55,-1.055,11.85));
#4689=CARTESIAN_POINT('',(0.7,-1.055,18.8));
#4690=CARTESIAN_POINT('',(0.7,-1.055,18.9205307922834));
#4691=CARTESIAN_POINT('',(1.15,-1.055,18.9205307922834));
#4692=CARTESIAN_POINT('',(-0.7,-1.055,18.9205307922834));
#4693=CARTESIAN_POINT('',(-0.7,-1.055,18.85));
#4694=CARTESIAN_POINT('',(-0.7,-1.055,18.85));
#4695=CARTESIAN_POINT('',(0.7,-1.055,18.85));
#4696=CARTESIAN_POINT('',(1.15,-1.055,18.8));
#4697=CARTESIAN_POINT('',(-1.55,2.945,9.));
#4698=CARTESIAN_POINT('',(-1.55,2.945,9.));
#4699=CARTESIAN_POINT('',(-1.55,2.945,18.8));
#4700=CARTESIAN_POINT('',(-1.55,2.945,10.25));
#4701=CARTESIAN_POINT('',(-1.55,-0.655,10.25));
#4702=CARTESIAN_POINT('',(-1.55,-0.655,11.85));
#4703=CARTESIAN_POINT('',(-1.55,-0.655,10.55));
#4704=CARTESIAN_POINT('',(-1.55,2.945,10.55));
#4705=CARTESIAN_POINT('',(-1.55,-1.055,10.55));
#4706=CARTESIAN_POINT('',(-1.55,-1.055,11.55));
#4707=CARTESIAN_POINT('',(-1.55,-1.055,11.55));
#4708=CARTESIAN_POINT('',(-1.55,-0.705,11.55));
#4709=CARTESIAN_POINT('',(-1.55,-0.655,11.55));
#4710=CARTESIAN_POINT('',(-1.55,-0.655,11.85));
#4711=CARTESIAN_POINT('',(-1.55,-0.655,11.85));
#4712=CARTESIAN_POINT('',(-1.55,2.945,11.85));
#4713=CARTESIAN_POINT('',(-1.55,2.945,19.2999823903668));
#4714=CARTESIAN_POINT('',(-1.55,-0.555,19.2999823903668));
#4715=CARTESIAN_POINT('',(-1.55,-0.555,19.2999823903668));
#4716=CARTESIAN_POINT('',(-1.55,2.945,11.85));
#4717=CARTESIAN_POINT('',(-1.55,2.945,11.55));
#4718=CARTESIAN_POINT('',(-1.55,3.345,11.55));
#4719=CARTESIAN_POINT('',(-1.55,3.345,18.8));
#4720=CARTESIAN_POINT('',(-1.55,3.345,10.55));
#4721=CARTESIAN_POINT('',(-1.55,2.995,10.55));
#4722=CARTESIAN_POINT('',(-1.55,2.945,10.55));
#4723=CARTESIAN_POINT('',(-1.55,2.945,10.4));
#4724=CARTESIAN_POINT('',(-1.55,2.945,10.25));
#4725=CARTESIAN_POINT('',(-1.55,2.945,10.25));
#4726=CARTESIAN_POINT('',(-1.55,2.545,18.8));
#4727=CARTESIAN_POINT('',(-1.55,-0.255,15.1));
#4728=CARTESIAN_POINT('',(-1.55,-0.0550000000000025,18.8));
#4729=CARTESIAN_POINT('',(-1.55,2.945,15.6341737512063));
#4730=CARTESIAN_POINT('',(-1.55,2.945,18.8));
#4731=CARTESIAN_POINT('',(1.75,2.545,13.));
#4732=CARTESIAN_POINT('',(1.85,2.545,13.));
#4733=CARTESIAN_POINT('',(1.85,2.745,13.));
#4734=CARTESIAN_POINT('',(1.85,2.345,13.));
#4735=CARTESIAN_POINT('',(1.75,2.345,13.));
#4736=CARTESIAN_POINT('',(1.75,2.745,13.));
#4737=CARTESIAN_POINT('',(1.75,2.345,15.1));
#4738=CARTESIAN_POINT('',(1.85,2.345,15.1));
#4739=CARTESIAN_POINT('',(1.85,2.745,15.1));
#4740=CARTESIAN_POINT('',(1.85,2.545,15.1));
#4741=CARTESIAN_POINT('',(1.75,2.545,15.1));
#4742=CARTESIAN_POINT('',(1.75,2.745,15.1));
#4743=CARTESIAN_POINT('',(1.85,2.345,13.));
#4744=CARTESIAN_POINT('',(1.75,2.345,13.));
#4745=CARTESIAN_POINT('',(1.85,2.545,15.1));
#4746=CARTESIAN_POINT('',(1.75,2.545,15.1));
#4747=CARTESIAN_POINT('',(1.85,2.545,13.));
#4748=CARTESIAN_POINT('',(1.75,-0.0550000000000021,13.));
#4749=CARTESIAN_POINT('',(1.85,-0.0550000000000021,13.));
#4750=CARTESIAN_POINT('',(1.85,-0.255,13.));
#4751=CARTESIAN_POINT('',(1.85,-0.255,13.));
#4752=CARTESIAN_POINT('',(1.75,-0.255,13.));
#4753=CARTESIAN_POINT('',(1.75,-0.455,13.));
#4754=CARTESIAN_POINT('',(1.75,-0.255,15.1));
#4755=CARTESIAN_POINT('',(1.85,-0.255,15.1));
#4756=CARTESIAN_POINT('',(1.85,-0.255,15.1));
#4757=CARTESIAN_POINT('',(1.85,-0.0550000000000019,15.1));
#4758=CARTESIAN_POINT('',(1.75,-0.0550000000000021,15.1));
#4759=CARTESIAN_POINT('',(1.75,-0.455,15.1));
#4760=CARTESIAN_POINT('',(1.85,-0.0550000000000021,13.));
#4761=CARTESIAN_POINT('',(1.75,-0.0550000000000021,13.));
#4762=CARTESIAN_POINT('',(1.85,-0.255,15.1));
#4763=CARTESIAN_POINT('',(1.75,-0.255,15.1));
#4764=CARTESIAN_POINT('',(1.85,-0.255,13.));
#4765=CARTESIAN_POINT('',(1.55,-0.555,19.2978974060438));
#4766=CARTESIAN_POINT('',(1.55,-0.555,19.2978974060438));
#4767=CARTESIAN_POINT('',(-1.55,-0.655,10.25));
#4768=CARTESIAN_POINT('',(1.33,-0.655,10.25));
#4769=CARTESIAN_POINT('',(1.33,-1.055,10.25));
#4770=CARTESIAN_POINT('',(1.33,-0.86,10.25));
#4771=CARTESIAN_POINT('',(-1.55,-0.86,10.25));
#4772=CARTESIAN_POINT('',(-1.31,-0.86,10.25));
#4773=CARTESIAN_POINT('',(-1.31,-1.055,10.25));
#4774=CARTESIAN_POINT('',(-1.31,-0.655,10.25));
#4775=CARTESIAN_POINT('',(-1.55,-0.655,10.25));
#4776=CARTESIAN_POINT('',(-1.55,-1.055,10.25));
#4777=CARTESIAN_POINT('',(1.55,-0.86,11.85));
#4778=CARTESIAN_POINT('',(-1.31,-0.86,11.85));
#4779=CARTESIAN_POINT('',(1.33,-0.86,11.85));
#4780=CARTESIAN_POINT('',(1.33,-1.055,11.85));
#4781=CARTESIAN_POINT('',(-1.55,-0.655,11.85));
#4782=CARTESIAN_POINT('',(-1.31,-0.655,11.85));
#4783=CARTESIAN_POINT('',(-1.31,-1.055,11.85));
#4784=CARTESIAN_POINT('',(1.55,-1.055,11.85));
#4785=CARTESIAN_POINT('',(-1.85,2.545,15.1));
#4786=CARTESIAN_POINT('',(-1.75,2.545,15.1));
#4787=CARTESIAN_POINT('',(-1.85,2.545,13.));
#4788=CARTESIAN_POINT('',(-1.85,-0.0550000000000021,13.));
#4789=CARTESIAN_POINT('',(-1.75,-0.0550000000000021,13.));
#4790=CARTESIAN_POINT('',(-1.85,-0.255,15.1));
#4791=CARTESIAN_POINT('',(-1.75,-0.255,15.1));
#4792=CARTESIAN_POINT('',(-1.85,-0.255,13.));
#4793=CARTESIAN_POINT('',(-1.55,-0.555,19.2999823903668));
#4794=CARTESIAN_POINT('',(-1.55,-0.555,19.2999823903668));
#4795=CARTESIAN_POINT('',(1.33,-0.705,11.55));
#4796=CARTESIAN_POINT('',(1.33,-0.86,11.55));
#4797=CARTESIAN_POINT('',(1.2,-0.86,11.55));
#4798=CARTESIAN_POINT('',(-1.31,-0.86,11.55));
#4799=CARTESIAN_POINT('',(-1.31,-0.705,11.55));
#4800=CARTESIAN_POINT('',(-1.31,-0.655,11.55));
#4801=CARTESIAN_POINT('',(1.2,-0.655,11.55));
#4802=CARTESIAN_POINT('',(1.2,-1.055,11.55));
#4803=CARTESIAN_POINT('',(1.2,-0.705,11.55));
#4804=CARTESIAN_POINT('',(1.2,-1.055,10.55));
#4805=CARTESIAN_POINT('',(1.2,-0.655,10.55));
#4806=CARTESIAN_POINT('',(1.2,-0.705,10.55));
#4807=CARTESIAN_POINT('',(1.2,-1.055,11.55));
#4808=CARTESIAN_POINT('',(-1.31,-0.655,11.85));
#4809=CARTESIAN_POINT('',(-1.55,-0.655,11.85));
#4810=CARTESIAN_POINT('',(-1.55,-0.655,10.5249696947686));
#4811=CARTESIAN_POINT('',(1.33,-0.655,10.5249696947686));
#4812=CARTESIAN_POINT('',(-1.31,-0.655,10.5249696947686));
#4813=CARTESIAN_POINT('',(1.33,-0.655,11.85));
#4814=CARTESIAN_POINT('',(-1.31,-0.655,11.85));
#4815=CARTESIAN_POINT('',(-1.55,-0.655,11.85));
#4816=CARTESIAN_POINT('',(-1.55,3.14,10.25));
#4817=CARTESIAN_POINT('',(-1.31,3.14,10.25));
#4818=CARTESIAN_POINT('',(1.33,3.14,10.25));
#4819=CARTESIAN_POINT('',(1.33,3.345,10.25));
#4820=CARTESIAN_POINT('',(1.33,2.945,10.25));
#4821=CARTESIAN_POINT('',(1.55,2.945,10.25));
#4822=CARTESIAN_POINT('',(1.55,2.945,10.25));
#4823=CARTESIAN_POINT('',(-1.31,2.945,10.25));
#4824=CARTESIAN_POINT('',(-1.31,3.345,10.25));
#4825=CARTESIAN_POINT('',(-1.55,3.345,10.25));
#4826=CARTESIAN_POINT('',(1.33,3.345,11.85));
#4827=CARTESIAN_POINT('',(1.33,3.14,11.85));
#4828=CARTESIAN_POINT('',(-0.790000000000009,3.14,11.85));
#4829=CARTESIAN_POINT('',(-1.31,3.14,11.85));
#4830=CARTESIAN_POINT('',(-1.31,3.345,11.85));
#4831=CARTESIAN_POINT('',(1.55,3.345,11.85));
#4832=CARTESIAN_POINT('',(1.33,2.995,11.55));
#4833=CARTESIAN_POINT('',(1.33,3.14,11.55));
#4834=CARTESIAN_POINT('',(1.2,3.345,11.55));
#4835=CARTESIAN_POINT('',(-1.31,2.995,11.55));
#4836=CARTESIAN_POINT('',(-1.31,3.14,11.55));
#4837=CARTESIAN_POINT('',(1.2,3.14,11.55));
#4838=CARTESIAN_POINT('',(1.2,2.995,11.55));
#4839=CARTESIAN_POINT('',(1.2,3.345,10.55));
#4840=CARTESIAN_POINT('',(1.2,2.945,10.55));
#4841=CARTESIAN_POINT('',(1.2,2.995,10.55));
#4842=CARTESIAN_POINT('',(1.2,3.345,11.55));
#4843=CARTESIAN_POINT('',(1.33,3.14,9.52496969476859));
#4844=CARTESIAN_POINT('',(-1.31,3.14,12.5249696947686));
#4845=CARTESIAN_POINT('',(-0.790000000000009,3.14,12.5249696947686));
#4846=CARTESIAN_POINT('',(1.55,2.945,10.5249696947686));
#4847=CARTESIAN_POINT('',(-1.31,2.945,10.5249696947686));
#4848=CARTESIAN_POINT('',(1.33,2.945,10.5249696947686));
#4849=CARTESIAN_POINT('',(-1.31,2.945,10.4));
#4850=CARTESIAN_POINT('',(1.33,2.945,10.4));
#4851=CARTESIAN_POINT('',(1.55,2.945,10.4));
#4852=CARTESIAN_POINT('',(1.55,-0.555,19.2978974060438));
#4853=CARTESIAN_POINT('',(-1.55,-0.555,19.2999823903668));
#4854=CARTESIAN_POINT('',(-0.7,-0.855,18.85));
#4855=CARTESIAN_POINT('',(0.7,-0.855,18.85));
#4856=CARTESIAN_POINT('',(0.7,-0.842938524157183,18.9184040286652));
#4857=CARTESIAN_POINT('',(0.7,-0.842938524157183,18.9184040286652));
#4858=CARTESIAN_POINT('',(0.7,-1.03087704831435,18.9868080573303));
#4859=CARTESIAN_POINT('',(0.7,-1.03087704831436,18.9868080573303));
#4860=CARTESIAN_POINT('',(0.7,-0.842938524157189,18.9184040286652));
#4861=CARTESIAN_POINT('',(0.7,-0.655,18.85));
#4862=CARTESIAN_POINT('',(-0.7,-1.03087704831437,18.9868080573303));
#4863=CARTESIAN_POINT('',(-0.7,-1.03087704831437,18.9868080573303));
#4864=CARTESIAN_POINT('',(-0.7,-0.842938524157195,18.9184040286651));
#4865=CARTESIAN_POINT('',(-0.7,-0.84293852415719,18.9184040286652));
#4866=CARTESIAN_POINT('',(-0.7,-1.03087704831437,18.9868080573303));
#4867=CARTESIAN_POINT('',(-0.7,-0.655,18.85));
#4868=CARTESIAN_POINT('',(0.7,-0.842938524157189,18.9184040286652));
#4869=CARTESIAN_POINT('',(0.7,-0.740332481159491,19.2003118149009));
#4870=CARTESIAN_POINT('',(0.7,-0.74033248115949,19.2003118149009));
#4871=CARTESIAN_POINT('',(0.7,-0.928271005316661,19.268715843566));
#4872=CARTESIAN_POINT('',(0.7,-1.03087704831436,18.9868080573303));
#4873=CARTESIAN_POINT('',(0.7,-0.842938524157183,18.9184040286652));
#4874=CARTESIAN_POINT('',(-0.7,-0.842938524157185,18.9184040286652));
#4875=CARTESIAN_POINT('',(-0.7,-0.740332481159492,19.2003118149009));
#4876=CARTESIAN_POINT('',(-0.7,-1.03087704831437,18.9868080573303));
#4877=CARTESIAN_POINT('',(-0.7,-0.928271005316663,19.268715843566));
#4878=CARTESIAN_POINT('',(-0.7,-0.928271005316663,19.268715843566));
#4879=CARTESIAN_POINT('',(-0.7,-1.03087704831437,18.9868080573303));
#4880=CARTESIAN_POINT('',(0.7,-0.928271005316664,19.268715843566));
#4881=CARTESIAN_POINT('',(0.7,-1.03087704831436,18.9868080573303));
#4882=CARTESIAN_POINT('',(-0.7,-0.740332481159484,19.2003118149009));
#4883=CARTESIAN_POINT('',(-0.7,-0.842938524157185,18.9184040286652));
#4884=CARTESIAN_POINT('',(0.7,-0.740332481159483,19.2003118149009));
#4885=CARTESIAN_POINT('',(-0.7,3.32087704831436,18.9868080573303));
#4886=CARTESIAN_POINT('',(-0.7,3.32087704831436,18.9868080573303));
#4887=CARTESIAN_POINT('',(-0.7,3.13293852415718,18.9184040286652));
#4888=CARTESIAN_POINT('',(-0.7,3.13293852415718,18.9184040286652));
#4889=CARTESIAN_POINT('',(-0.7,3.13293852415718,18.9184040286652));
#4890=CARTESIAN_POINT('',(-0.7,2.945,18.85));
#4891=CARTESIAN_POINT('',(0.7,3.32087704831436,18.9868080573303));
#4892=CARTESIAN_POINT('',(0.7,3.32087704831436,18.9868080573303));
#4893=CARTESIAN_POINT('',(0.7,3.32087704831436,18.9868080573303));
#4894=CARTESIAN_POINT('',(0.7,3.13293852415719,18.9184040286651));
#4895=CARTESIAN_POINT('',(0.7,3.13293852415718,18.9184040286652));
#4896=CARTESIAN_POINT('',(0.7,2.945,18.85));
#4897=CARTESIAN_POINT('',(-0.7,3.13293852415718,18.9184040286652));
#4898=CARTESIAN_POINT('',(-0.7,3.03033248115949,19.2003118149009));
#4899=CARTESIAN_POINT('',(-0.7,3.03033248115949,19.2003118149009));
#4900=CARTESIAN_POINT('',(-0.7,3.21827100531666,19.268715843566));
#4901=CARTESIAN_POINT('',(-0.7,3.32087704831436,18.9868080573303));
#4902=CARTESIAN_POINT('',(-0.7,3.13293852415718,18.9184040286652));
#4903=CARTESIAN_POINT('',(0.7,3.32087704831436,18.9868080573303));
#4904=CARTESIAN_POINT('',(0.7,3.21827100531666,19.268715843566));
#4905=CARTESIAN_POINT('',(0.7,3.21827100531666,19.268715843566));
#4906=CARTESIAN_POINT('',(0.7,3.03033248115949,19.2003118149009));
#4907=CARTESIAN_POINT('',(0.7,3.13293852415718,18.9184040286652));
#4908=CARTESIAN_POINT('',(0.7,3.32087704831436,18.9868080573303));
#4909=CARTESIAN_POINT('',(-0.7,3.21827100531666,19.268715843566));
#4910=CARTESIAN_POINT('',(-0.7,3.32087704831436,18.9868080573303));
#4911=CARTESIAN_POINT('',(0.7,3.03033248115948,19.2003118149009));
#4912=CARTESIAN_POINT('',(0.7,3.13293852415718,18.9184040286652));
#4913=CARTESIAN_POINT('',(-0.7,3.03033248115948,19.2003118149009));
#4914=CARTESIAN_POINT('',(1.37385192159765,1.8,15.5188266684283));
#4915=CARTESIAN_POINT('',(1.88631363090065,1.8,13.6062935323759));
#4916=CARTESIAN_POINT('',(1.56703708685547,1.8,15.5705904774488));
#4917=CARTESIAN_POINT('',(2.07949879615846,1.8,13.6580573413964));
#4918=CARTESIAN_POINT('',(2.07949879615846,1.8,13.6580573413964));
#4919=CARTESIAN_POINT('',(1.56703708685547,1.8,15.5705904774488));
#4920=CARTESIAN_POINT('',(1.37385192159765,0.49,15.5188266684283));
#4921=CARTESIAN_POINT('',(1.88631363090065,0.49,13.6062935323759));
#4922=CARTESIAN_POINT('',(1.88631363090064,0.49,13.6062935323759));
#4923=CARTESIAN_POINT('',(2.07949879615846,0.49,13.6580573413964));
#4924=CARTESIAN_POINT('',(1.56703708685547,0.49,15.5705904774488));
#4925=CARTESIAN_POINT('',(1.37385192159765,0.49,15.5188266684283));
#4926=CARTESIAN_POINT('',(1.88631363090065,1.8,13.6062935323759));
#4927=CARTESIAN_POINT('',(1.90335071775611,1.8,13.5427102586183));
#4928=CARTESIAN_POINT('',(1.90335071775611,1.8,13.5427102586183));
#4929=CARTESIAN_POINT('',(1.90335071775611,0.49,13.5427102586183));
#4930=CARTESIAN_POINT('',(1.88631363090065,0.49,13.6062935323759));
#4931=CARTESIAN_POINT('',(1.37385192159765,1.8,15.5188266684283));
#4932=CARTESIAN_POINT('',(2.07949879615846,0.49,13.6580573413964));
#4933=CARTESIAN_POINT('',(1.56703708685547,0.49,15.5705904774488));
#4934=CARTESIAN_POINT('',(1.90335071775611,0.49,13.4768840098246));
#4935=CARTESIAN_POINT('',(1.90335071775611,0.49,13.4768840098246));
#4936=CARTESIAN_POINT('',(1.90335071775611,0.49,13.4768840098246));
#4937=CARTESIAN_POINT('',(2.10335071775611,0.49,13.4768840098246));
#4938=CARTESIAN_POINT('',(1.40335071775611,0.49,13.4768840098246));
#4939=CARTESIAN_POINT('',(1.40335071775611,0.49,13.4768840098246));
#4940=CARTESIAN_POINT('',(1.40335071775611,1.8,13.4768840098246));
#4941=CARTESIAN_POINT('',(2.10335071775611,1.8,13.4768840098246));
#4942=CARTESIAN_POINT('',(2.10335071775611,1.8,13.4768840098246));
#4943=CARTESIAN_POINT('',(1.90335071775611,1.8,13.4768840098246));
#4944=CARTESIAN_POINT('',(1.90335071775611,1.8,13.4768840098246));
#4945=CARTESIAN_POINT('',(1.40335071775611,1.8,13.4768840098246));
#4946=CARTESIAN_POINT('',(2.10335071775611,0.49,13.4768840098246));
#4947=CARTESIAN_POINT('',(1.40335071775611,1.8,13.4768840098246));
#4948=CARTESIAN_POINT('',(1.90335071775611,0.49,13.4768840098246));
#4949=CARTESIAN_POINT('',(1.90335071775611,0.49,13.0000077946289));
#4950=CARTESIAN_POINT('',(1.90335071775611,0.49,13.0000077946289));
#4951=CARTESIAN_POINT('',(2.10335071775611,0.49,13.0000077946289));
#4952=CARTESIAN_POINT('',(2.10335071775611,0.49,13.4768840098246));
#4953=CARTESIAN_POINT('',(1.90335071775611,0.49,13.4768840098246));
#4954=CARTESIAN_POINT('',(2.10335071775611,1.8,13.4768840098246));
#4955=CARTESIAN_POINT('',(2.10335071775611,1.8,13.0000077946289));
#4956=CARTESIAN_POINT('',(2.10335071775611,1.8,13.0000077946289));
#4957=CARTESIAN_POINT('',(1.90335071775611,1.8,13.0000077946289));
#4958=CARTESIAN_POINT('',(1.90335071775611,1.8,13.4768840098246));
#4959=CARTESIAN_POINT('',(2.10335071775611,1.8,13.4768840098246));
#4960=CARTESIAN_POINT('',(2.10335071775611,0.49,13.0000077946289));
#4961=CARTESIAN_POINT('',(2.10335071775611,0.49,13.4768840098246));
#4962=CARTESIAN_POINT('',(1.90335071775611,1.8,13.0000077946289));
#4963=CARTESIAN_POINT('',(1.90335071775611,1.8,13.4768840098246));
#4964=CARTESIAN_POINT('',(1.90335071775612,0.49,13.0000077946289));
#4965=CARTESIAN_POINT('',(-2.07949879615846,0.49,13.6580573413964));
#4966=CARTESIAN_POINT('',(-1.56703708685547,0.49,15.5705904774488));
#4967=CARTESIAN_POINT('',(-1.40335071775611,0.49,13.4768840098246));
#4968=CARTESIAN_POINT('',(-2.10335071775611,0.49,13.4768840098246));
#4969=CARTESIAN_POINT('',(-1.90335071775611,0.49,13.4768840098246));
#4970=CARTESIAN_POINT('',(-1.90335071775611,0.49,13.4768840098246));
#4971=CARTESIAN_POINT('',(-1.90335071775611,0.49,13.4768840098246));
#4972=CARTESIAN_POINT('',(-1.40335071775611,0.49,13.4768840098246));
#4973=CARTESIAN_POINT('',(-1.90335071775611,1.8,13.4768840098246));
#4974=CARTESIAN_POINT('',(-1.90335071775611,1.8,13.4768840098246));
#4975=CARTESIAN_POINT('',(-2.10335071775611,1.8,13.4768840098246));
#4976=CARTESIAN_POINT('',(-2.10335071775611,1.8,13.4768840098246));
#4977=CARTESIAN_POINT('',(-1.40335071775611,1.8,13.4768840098246));
#4978=CARTESIAN_POINT('',(-1.40335071775611,1.8,13.4768840098246));
#4979=CARTESIAN_POINT('',(-2.10335071775611,0.49,13.4768840098246));
#4980=CARTESIAN_POINT('',(-1.40335071775611,1.8,13.4768840098246));
#4981=CARTESIAN_POINT('',(-2.10335071775611,0.49,13.4768840098246));
#4982=CARTESIAN_POINT('',(-2.10335071775611,0.49,13.0000077946289));
#4983=CARTESIAN_POINT('',(-1.90335071775612,0.49,13.0000077946289));
#4984=CARTESIAN_POINT('',(-1.90335071775611,0.49,13.0000077946289));
#4985=CARTESIAN_POINT('',(-1.90335071775611,0.49,13.4768840098246));
#4986=CARTESIAN_POINT('',(-1.90335071775611,0.49,13.4768840098246));
#4987=CARTESIAN_POINT('',(-1.90335071775611,1.8,13.4768840098246));
#4988=CARTESIAN_POINT('',(-1.90335071775611,1.8,13.0000077946289));
#4989=CARTESIAN_POINT('',(-1.90335071775612,1.8,13.0000077946289));
#4990=CARTESIAN_POINT('',(-2.10335071775611,1.8,13.0000077946289));
#4991=CARTESIAN_POINT('',(-2.10335071775611,1.8,13.4768840098246));
#4992=CARTESIAN_POINT('',(-2.10335071775611,1.8,13.4768840098246));
#4993=CARTESIAN_POINT('',(-2.10335071775611,0.49,13.0000077946289));
#4994=CARTESIAN_POINT('',(-2.10335071775611,0.49,13.4768840098246));
#4995=CARTESIAN_POINT('',(-1.90335071775611,1.8,13.0000077946289));
#4996=CARTESIAN_POINT('',(-1.90335071775611,1.8,13.4768840098246));
#4997=CARTESIAN_POINT('',(-1.90335071775612,0.49,13.0000077946289));
#4998=CARTESIAN_POINT('',(-1.55,2.945,9.));
#4999=CARTESIAN_POINT('',(-0.55,3.345,9.));
#5000=CARTESIAN_POINT('',(0.55,3.345,9.));
#5001=CARTESIAN_POINT('',(0.55,2.945,9.));
#5002=CARTESIAN_POINT('',(1.55,2.945,8.8));
#5003=CARTESIAN_POINT('',(-0.55,3.345,8.8));
#5004=CARTESIAN_POINT('',(0.55,3.345,8.8));
#5005=CARTESIAN_POINT('',(1.33,3.14,9.52496969476859));
#5006=CARTESIAN_POINT('',(1.33,3.14,10.5249696947686));
#5007=CARTESIAN_POINT('',(1.33,1.14,10.5249696947686));
#5008=CARTESIAN_POINT('',(1.33,1.14,9.52496969476859));
#5009=CARTESIAN_POINT('',(-1.31,3.14,12.5249696947686));
#5010=CARTESIAN_POINT('',(-1.31,3.14,10.5249696947686));
#5011=CARTESIAN_POINT('',(1.33,3.14,10.5249696947686));
#5012=CARTESIAN_POINT('',(0.81,3.14,9.52496969476859));
#5013=CARTESIAN_POINT('',(-1.31,-0.340000000000004,10.5249696947686));
#5014=CARTESIAN_POINT('',(1.33,3.14,10.5249696947686));
#5015=CARTESIAN_POINT('',(-1.31,-0.340000000000004,12.5249696947686));
#5016=CARTESIAN_POINT('',(-1.31,-0.340000000000004,12.5249696947686));
#5017=CARTESIAN_POINT('',(1.33,1.14,9.52496969476859));
#5018=CARTESIAN_POINT('',(1.33,1.14,10.5249696947686));
#5019=CARTESIAN_POINT('',(1.33,-0.86,10.5249696947686));
#5020=CARTESIAN_POINT('',(-1.31,-0.86,10.5249696947686));
#5021=CARTESIAN_POINT('',(-1.31,-0.86,10.5249696947686));
#5022=CARTESIAN_POINT('',(1.33,-0.86,10.5249696947686));
#5023=CARTESIAN_POINT('',(1.33,-0.86,10.5249696947686));
#5024=CARTESIAN_POINT('',(-1.31,-0.86,12.5249696947686));
#5025=CARTESIAN_POINT('',(-1.31,-0.340000000000004,12.5249696947686));
#5026=CARTESIAN_POINT('',(1.33,-0.86,12.5249696947686));
#5027=CARTESIAN_POINT('',(1.33,1.14,9.52496969476859));
#5028=CARTESIAN_POINT('',(0.81,-0.86,12.5249696947686));
#5029=CARTESIAN_POINT('',(1.33,-0.86,12.5249696947686));
#5030=CARTESIAN_POINT('',(1.33,1.14,9.52496969476859));
#5031=CARTESIAN_POINT('',(-1.31,-0.86,12.5249696947686));
#5032=CARTESIAN_POINT('',(-1.31,-0.340000000000004,12.5249696947686));
#5033=CARTESIAN_POINT('',(0.81,-0.86,12.5249696947686));
#5034=CARTESIAN_POINT('',(-0.293751455685256,0.590005699201619,5.87789740604384));
#5035=CARTESIAN_POINT('',(-0.293751455685256,1.24000569920162,5.87789740604384));
#5036=CARTESIAN_POINT('',(-0.293751455685257,-0.0599943007983808,5.87789740604384));
#5037=CARTESIAN_POINT('',(-0.293751455685257,-0.0599943007983811,5.87789740604384));
#5038=CARTESIAN_POINT('',(-0.293751455685256,0.260005699201619,5.87789740604384));
#5039=CARTESIAN_POINT('',(-0.293751455685256,0.590005699201619,5.87789740604384));
#5040=CARTESIAN_POINT('',(-0.293751455685256,0.920005699201619,5.87789740604384));
#5041=CARTESIAN_POINT('',(-0.293751455685256,0.920005699201619,5.87789740604384));
#5042=CARTESIAN_POINT('',(0.306248544314743,0.920005699201619,5.87789740604384));
#5043=CARTESIAN_POINT('',(0.306248544314743,0.590005699201619,5.87789740604384));
#5044=CARTESIAN_POINT('',(0.306248544215276,0.260005699201619,5.87789740604384));
#5045=CARTESIAN_POINT('',(0.306248544215276,-3.58755880700479E-16,5.87789740604384));
#5046=CARTESIAN_POINT('',(0.306248544215276,-0.0599943007983808,5.87789740604384));
#5047=CARTESIAN_POINT('',(0.306248544314743,0.590005699201619,5.87789740604384));
#5048=CARTESIAN_POINT('',(0.306248544314744,1.24000569920162,5.87789740604384));
#5049=CARTESIAN_POINT('',(0.306248544215276,1.24000569920162,5.87789740604384));
#5050=CARTESIAN_POINT('',(-0.293751455685256,0.590005699201619,5.87789740604384));
#5051=CARTESIAN_POINT('',(0.306248544314743,0.590005699201619,2.57789740604384));
#5052=CARTESIAN_POINT('',(0.306248544314744,1.24000569920162,2.57789740604384));
#5053=CARTESIAN_POINT('',(0.306248544215276,-0.0599943007983808,2.57789740604384));
#5054=CARTESIAN_POINT('',(0.306248544215276,-0.0599943007983808,2.57789740604384));
#5055=CARTESIAN_POINT('',(0.306248544215276,0.260005699201619,2.57789740604384));
#5056=CARTESIAN_POINT('',(0.306248544314743,0.590005699201619,2.57789740604384));
#5057=CARTESIAN_POINT('',(0.306248544314743,0.920005699201619,2.57789740604384));
#5058=CARTESIAN_POINT('',(0.306248544215276,0.920005699201619,2.57789740604384));
#5059=CARTESIAN_POINT('',(-0.293751455685256,0.920005699201619,2.57789740604384));
#5060=CARTESIAN_POINT('',(-0.293751455685256,0.590005699201619,2.57789740604384));
#5061=CARTESIAN_POINT('',(-0.293751455685257,0.260005699201619,2.57789740604384));
#5062=CARTESIAN_POINT('',(-0.293751455685257,0.,2.57789740604384));
#5063=CARTESIAN_POINT('',(-0.293751455685257,-0.0599943007983811,2.57789740604384));
#5064=CARTESIAN_POINT('',(-0.293751455685256,0.590005699201619,2.57789740604384));
#5065=CARTESIAN_POINT('',(-0.293751455685256,1.24000569920162,2.57789740604384));
#5066=CARTESIAN_POINT('',(0.306248544215276,1.24000569920162,2.57789740604384));
#5067=CARTESIAN_POINT('',(0.00997762187738831,1.16,2.57789740604384));
#5068=CARTESIAN_POINT('',(-0.293751455685257,-0.0599943007983811,-26.696592855355));
#5069=CARTESIAN_POINT('',(-0.293751455685256,1.24000569920162,-26.696592855355));
#5070=CARTESIAN_POINT('',(-0.293751455685256,0.590005699201619,-26.696592855355));
#5071=CARTESIAN_POINT('',(-0.293751455684673,-0.0599943007983808,2.57789740604384));
#5072=CARTESIAN_POINT('',(0.306248544215276,-0.0599943007983808,-26.696592855355));
#5073=CARTESIAN_POINT('',(-0.293751455684673,-0.0599943007983808,5.87789740604384));
#5074=CARTESIAN_POINT('',(-0.293751455684673,-0.0599943007983808,-26.696592855355));
#5075=CARTESIAN_POINT('',(0.306248544314744,1.24000569920162,-26.696592855355));
#5076=CARTESIAN_POINT('',(0.306248544314743,0.590005699201619,-26.696592855355));
#5077=CARTESIAN_POINT('',(0.306248544215276,1.24000569920162,-26.696592855355));
#5078=CARTESIAN_POINT('',(-0.293751455685256,0.920005699201619,-26.696592855355));
#5079=CARTESIAN_POINT('',(-0.293751455685256,0.260005699201619,-26.696592855355));
#5080=CARTESIAN_POINT('',(-0.293751455685256,0.590005699201619,-26.696592855355));
#5081=CARTESIAN_POINT('',(-0.293751455684673,0.260005699201619,2.57789740604384));
#5082=CARTESIAN_POINT('',(-0.293751455685256,0.260005699201619,5.87789740604384));
#5083=CARTESIAN_POINT('',(0.306248544215276,0.260005699201619,-26.696592855355));
#5084=CARTESIAN_POINT('',(-0.293751455684673,0.260005699201619,-26.696592855355));
#5085=CARTESIAN_POINT('',(0.306248544314743,0.920005699201619,-26.696592855355));
#5086=CARTESIAN_POINT('',(0.306248544314743,0.590005699201619,-26.696592855355));
#5087=CARTESIAN_POINT('',(0.306248544215276,0.920005699201619,-26.696592855355));
#5088=CARTESIAN_POINT('',(1.33,-0.86,10.0249696947686));
#5089=CARTESIAN_POINT('',(-0.972174702717633,-0.594058991107721,8.64638378030159));
#5090=CARTESIAN_POINT('',(-0.3721747028171,-0.594058991107721,8.64638378030159));
#5091=CARTESIAN_POINT('',(-0.972174702717633,-0.274058991107721,8.64638378030159));
#5092=CARTESIAN_POINT('',(-0.972174702717633,-0.594058991107721,8.64638378030159));
#5093=CARTESIAN_POINT('',(0.880810236857038,-0.188982798992024,8.20536552367501));
#5094=CARTESIAN_POINT('',(-0.972174702717633,-0.274058991107721,8.64638378030159));
#5095=CARTESIAN_POINT('',(1.33,-0.86,10.0249696947686));
#5096=CARTESIAN_POINT('',(-0.191586366466556,0.639968311693758,1.57794116862547));
#5097=CARTESIAN_POINT('',(-0.191586366466556,-0.140031688306242,1.57794116862547));
#5098=CARTESIAN_POINT('',(-0.191586366466556,-0.460031688306242,1.57794116862547));
#5099=CARTESIAN_POINT('',(-0.191586366466562,0.639968311693758,1.57794116862547));
#5100=CARTESIAN_POINT('',(-0.191586366466562,1.41996831169376,1.57794116862546));
#5101=CARTESIAN_POINT('',(-0.191586366466556,1.41996831169376,1.57794116862547));
#5102=CARTESIAN_POINT('',(0.208413633533438,1.41996831169376,1.57794116862547));
#5103=CARTESIAN_POINT('',(0.208413633533439,0.639968311693758,1.57794116862547));
#5104=CARTESIAN_POINT('',(0.208413633533439,-0.140031688306242,1.57794116862547));
#5105=CARTESIAN_POINT('',(0.208413633533439,0.639968311693758,1.57794116862547));
#5106=CARTESIAN_POINT('',(0.208413633533439,-0.460031688306242,1.57794116862547));
#5107=CARTESIAN_POINT('',(0.208413633533439,0.639968311693758,1.57794116862547));
#5108=CARTESIAN_POINT('',(0.208413633533438,1.73996831169376,1.57794116862547));
#5109=CARTESIAN_POINT('',(-0.191586366466556,1.73996831169376,1.57794116862547));
#5110=CARTESIAN_POINT('',(-0.191586366466562,1.73996831169376,1.57794116862547));
#5111=CARTESIAN_POINT('',(-0.191586366466562,0.639968311693758,1.57794116862547));
#5112=CARTESIAN_POINT('',(0.208413633533439,0.639968311693758,1.57794116862547));
#5113=CARTESIAN_POINT('',(0.208413633533439,0.639968311693758,0.077941168625471));
#5114=CARTESIAN_POINT('',(0.208413633533439,-0.460031688306242,0.0779411686254675));
#5115=CARTESIAN_POINT('',(1.28895460716502,0.845956671324387,0.077941168625471));
#5116=CARTESIAN_POINT('',(0.208413633533439,0.639968311693758,0.0459280253956793));
#5117=CARTESIAN_POINT('',(0.208413633533438,1.73996831169376,0.120626783060221));
#5118=CARTESIAN_POINT('',(0.208413633533438,1.73996831169376,-13.2225588313745));
#5119=CARTESIAN_POINT('',(0.208413633533439,-0.460031688306242,-13.2225588313745));
#5120=CARTESIAN_POINT('',(0.208413633533439,0.639968311693758,-13.2225588313745));
#5121=CARTESIAN_POINT('',(0.208413633477689,-0.140031688306242,0.077941168625471));
#5122=CARTESIAN_POINT('',(-0.191586366466558,-0.140031688306242,0.0779411686254641));
#5123=CARTESIAN_POINT('',(0.208413633533439,-0.140031688306242,0.0779411686254675));
#5124=CARTESIAN_POINT('',(0.208413633533439,0.639968311693758,0.077941168625471));
#5125=CARTESIAN_POINT('',(0.930908311677024,0.933909530399466,0.0779411686254717));
#5126=CARTESIAN_POINT('',(0.0100371857268206,1.16011840167579,0.0779411686254717));
#5127=CARTESIAN_POINT('',(0.208413633477689,-0.460031688306242,0.077941168625471));
#5128=CARTESIAN_POINT('',(-0.191586366466556,-0.460031688306242,0.0779411686254675));
#5129=CARTESIAN_POINT('',(-0.191586366466562,0.639968311693758,0.077941168625471));
#5130=CARTESIAN_POINT('',(-1.27228287824734,0.845139092812459,0.077941168625471));
#5131=CARTESIAN_POINT('',(0.00996281427317106,1.16011840167578,0.0779411686254717));
#5132=CARTESIAN_POINT('',(-0.914432661675402,0.933043785766315,0.0779411686254717));
#5133=CARTESIAN_POINT('',(-0.191586366466562,0.639968311693758,0.077941168625471));
#5134=CARTESIAN_POINT('',(0.00999999999999535,1.15996702272262,0.0779411686254717));
#5135=CARTESIAN_POINT('',(0.208413633477689,-0.460031688306242,1.57794116862547));
#5136=CARTESIAN_POINT('',(-0.191586366466556,-0.460031688306242,-13.2225588313745));
#5137=CARTESIAN_POINT('',(0.208413633477689,-0.460031688306242,-13.2225588313745));
#5138=CARTESIAN_POINT('',(-0.191586366466562,1.73996831169376,-13.2225588313745));
#5139=CARTESIAN_POINT('',(-0.191586366466562,1.73996831169376,0.12067970856239));
#5140=CARTESIAN_POINT('',(-0.191586366466562,0.639968311693758,0.0459809508978459));
#5141=CARTESIAN_POINT('',(-0.191586366466562,0.639968311693758,-13.2225588313745));
#5142=CARTESIAN_POINT('',(-0.413995660887649,1.73996831169376,0.110244149174814));
#5143=CARTESIAN_POINT('',(0.0084136335327066,1.73996831169376,0.117316973689897));
#5144=CARTESIAN_POINT('',(0.0309350867304278,1.73996831169376,0.116967747958809));
#5145=CARTESIAN_POINT('',(-0.191586366466556,1.73996831169376,-13.2225588313745));
#5146=CARTESIAN_POINT('',(0.208413633533439,0.639968311693758,0.0459280253956793));
#5147=CARTESIAN_POINT('',(0.208413633533438,1.41996831169376,0.0988962353759906));
#5148=CARTESIAN_POINT('',(-0.41363326662819,1.41996831169376,0.0885196467199055));
#5149=CARTESIAN_POINT('',(0.00841363353307267,1.41997010047629,0.0955865474782366));
#5150=CARTESIAN_POINT('',(0.00841363353343827,1.73996831169376,0.117343436440982));
#5151=CARTESIAN_POINT('',(0.00841363353343827,1.63330164502709,0.110099920546239));
#5152=CARTESIAN_POINT('',(0.00841363353343827,1.52663497836042,0.102856404651495));
#5153=CARTESIAN_POINT('',(0.00841363353343827,1.41996831169376,0.0956128887567514));
#5154=CARTESIAN_POINT('',(0.0100371857268207,1.16011840167579,0.0779411686254717));
#5155=CARTESIAN_POINT('',(0.0305726924709691,1.41996831169376,0.0952432455039003));
#5156=CARTESIAN_POINT('',(-0.191586366466562,1.41996831169376,0.0989491608781567));
#5157=CARTESIAN_POINT('',(-0.191586366466562,0.639968311693758,0.0459809508978459));
#5158=CARTESIAN_POINT('',(0.00996281427317079,1.16011840167578,0.0779411686254717));
#5159=CARTESIAN_POINT('',(0.208413633533439,-0.140031688306242,-13.2225588313745));
#5160=CARTESIAN_POINT('',(0.208413633533438,1.41996831169376,-13.2225588313745));
#5161=CARTESIAN_POINT('',(0.208413633533439,0.639968311693758,-13.2225588313745));
#5162=CARTESIAN_POINT('',(0.208413633477689,-0.140031688306242,1.57794116862547));
#5163=CARTESIAN_POINT('',(-0.191586366466558,-0.140031688306242,-13.2225588313745));
#5164=CARTESIAN_POINT('',(0.208413633477689,-0.140031688306242,-13.2225588313745));
#5165=CARTESIAN_POINT('',(-0.191586366466562,1.41996831169376,-13.2225588313745));
#5166=CARTESIAN_POINT('',(-0.191586366466562,0.639968311693758,-13.2225588313745));
#5167=CARTESIAN_POINT('',(-0.191586366466556,1.41996831169376,-13.2225588313745));
#5168=CARTESIAN_POINT('',(-0.191586366466556,-0.460031688306242,1.57794116862547));
#5169=CARTESIAN_POINT('',(0.261014946227932,-0.244950061889471,2.11557145170823));
#5170=CARTESIAN_POINT('',(-0.338985053672601,-0.244950061889471,2.11557145170823));
#5171=CARTESIAN_POINT('',(0.261014946227932,0.0750499381105293,2.11557145170823));
#5172=CARTESIAN_POINT('',(0.261014946227932,-0.244950061889471,2.11557145170823));
#5173=CARTESIAN_POINT('',(-0.241989545901837,0.0573268847403443,2.0712698981109));
#5174=CARTESIAN_POINT('',(0.261014946227932,0.0750499381105293,2.11557145170823));
#5175=CARTESIAN_POINT('',(-0.191586366466556,-0.460031688306242,1.57794116862547));
#5176=CARTESIAN_POINT('',(-1.1497531029776,2.90633713260269,13.9033914171556));
#5177=CARTESIAN_POINT('',(-1.14975307279679,2.90633713260269,13.9029441100574));
#5178=CARTESIAN_POINT('',(-1.14972751258026,2.90633713260269,13.5241184375461));
#5179=CARTESIAN_POINT('',(-1.14975304261597,2.90633713260269,13.9024968029593));
#5180=CARTESIAN_POINT('',(-1.14975306426095,2.30640716507747,13.902944776932));
#5181=CARTESIAN_POINT('',(-1.1497531029776,2.30633713260268,13.9033914171556));
#5182=CARTESIAN_POINT('',(-1.14972751258026,2.40795940067858,13.5241184375461));
#5183=CARTESIAN_POINT('',(-1.149727513492,2.40795940067857,13.5241184375461));
#5184=CARTESIAN_POINT('',(-1.1497531029776,2.90633713260269,13.9033914171556));
#5185=CARTESIAN_POINT('',(1.14972751258026,2.40795940067857,13.5241184375461));
#5186=CARTESIAN_POINT('',(1.14972751258026,2.90633713260268,13.5241184375461));
#5187=CARTESIAN_POINT('',(1.14972751258026,2.40795940067858,13.5241184375461));
#5188=CARTESIAN_POINT('',(1.14972751258026,2.90633713260268,13.5241184375461));
#5189=CARTESIAN_POINT('',(0.38324250419342,2.90633713260268,13.5241184375461));
#5190=CARTESIAN_POINT('',(-0.383242504193419,2.90633713260268,13.5241184375461));
#5191=CARTESIAN_POINT('',(-1.14972751258026,2.90633713260268,13.5241184375461));
#5192=CARTESIAN_POINT('',(1.14972751258026,2.40795940067858,13.5241184375461));
#5193=CARTESIAN_POINT('',(0.38324250419342,2.40795940067858,13.5241184375461));
#5194=CARTESIAN_POINT('',(-0.383242504193419,2.40795940067858,13.5241184375461));
#5195=CARTESIAN_POINT('',(-1.14972751258026,2.40795940067858,13.5241184375461));
#5196=CARTESIAN_POINT('',(-0.15,2.40795940067857,13.5241184375461));
#5197=CARTESIAN_POINT('',(1.14975304261597,2.30642566667508,13.9024968029593));
#5198=CARTESIAN_POINT('',(0.383251014205323,2.30642566667508,13.9024968029593));
#5199=CARTESIAN_POINT('',(-0.383251014205325,2.30642566667508,13.9024968029593));
#5200=CARTESIAN_POINT('',(-1.14975304261597,2.30642566667508,13.9024968029593));
#5201=CARTESIAN_POINT('',(1.14975306426095,2.30640716507747,13.902944776932));
#5202=CARTESIAN_POINT('',(1.1497531029776,2.30633713260268,13.9033914171556));
#5203=CARTESIAN_POINT('',(-0.15,2.30633375482604,13.9033905120831));
#5204=CARTESIAN_POINT('',(1.1497531029776,2.90633713260269,13.9033914171556));
#5205=CARTESIAN_POINT('',(1.14975307279679,2.90633713260269,13.9029441100574));
#5206=CARTESIAN_POINT('',(1.14975304261597,2.90633713260268,13.9024968029593));
#5207=CARTESIAN_POINT('',(0.383251014205325,2.90633713260269,13.9024968029593));
#5208=CARTESIAN_POINT('',(-0.383251014205325,2.90633713260269,13.9024968029593));
#5209=CARTESIAN_POINT('',(-1.14975304261598,2.90633713260269,13.9024968029593));
#5210=CARTESIAN_POINT('',(-0.15,2.90633713260269,8.8));
#5211=CARTESIAN_POINT('',(1.14975304261597,2.90633713260269,13.9024968029593));
#5212=CARTESIAN_POINT('',(-0.15,2.945,13.9024968029593));
#5213=CARTESIAN_POINT('',(1.1497531029776,2.90633713260269,13.9033914171556));
#5214=CARTESIAN_POINT('',(1.14972751258026,-0.616337132602689,13.5241184375461));
#5215=CARTESIAN_POINT('',(0.38324250419342,-0.616337132602688,13.5241184375461));
#5216=CARTESIAN_POINT('',(-0.383242504193419,-0.616337132602687,13.5241184375461));
#5217=CARTESIAN_POINT('',(-1.14972751258026,-0.616337132602686,13.5241184375461));
#5218=CARTESIAN_POINT('',(1.14972751258026,-0.616337132602689,13.5241184467387));
#5219=CARTESIAN_POINT('',(-1.14972751258026,-0.616337132602688,13.5241184467387));
#5220=CARTESIAN_POINT('',(1.149727513492,-0.155,13.5241184559314));
#5221=CARTESIAN_POINT('',(1.14972751258035,-0.117959402976746,13.5241184473545));
#5222=CARTESIAN_POINT('',(1.14972751258034,-0.117959400678584,13.5241184559314));
#5223=CARTESIAN_POINT('',(0.383242504193448,-0.117959400678584,13.5241184559314));
#5224=CARTESIAN_POINT('',(-0.383242504193448,-0.117959400678584,13.5241184559314));
#5225=CARTESIAN_POINT('',(-1.14972751258034,-0.117959400678584,13.5241184559314));
#5226=CARTESIAN_POINT('',(-1.14972751258035,-0.117959402976745,13.5241184473545));
#5227=CARTESIAN_POINT('',(-1.1497275125815,-0.616337132602686,13.5241184559314));
#5228=CARTESIAN_POINT('',(-0.15,-0.155,13.5241184559314));
#5229=CARTESIAN_POINT('',(1.1497531020671,-0.016337132602689,13.9033779227077));
#5230=CARTESIAN_POINT('',(0.383251034022364,-0.0163371326026881,13.9033779227077));
#5231=CARTESIAN_POINT('',(-0.383251034022369,-0.0163371326026873,13.9033779227077));
#5232=CARTESIAN_POINT('',(-1.1497531020671,-0.0163371326026865,13.9033779227077));
#5233=CARTESIAN_POINT('',(1.14975310252235,-0.0163371326026874,13.9033846699316));
#5234=CARTESIAN_POINT('',(-1.14975310252235,-0.0163371326026868,13.9033846699316));
#5235=CARTESIAN_POINT('',(1.1497531020671,2.945,13.9033779227077));
#5236=CARTESIAN_POINT('',(1.14975310252235,-0.616337132602687,13.9033846699316));
#5237=CARTESIAN_POINT('',(1.1497531020671,-0.616337132602685,13.9033779227077));
#5238=CARTESIAN_POINT('',(0.383251034022365,-0.616337132602685,13.9033779227077));
#5239=CARTESIAN_POINT('',(-0.383251034022368,-0.616337132602685,13.9033779227077));
#5240=CARTESIAN_POINT('',(-1.1497531020671,-0.616337132602685,13.9033779227077));
#5241=CARTESIAN_POINT('',(-1.14975310252235,-0.616337132602686,13.9033846699316));
#5242=CARTESIAN_POINT('',(-1.1497531020671,2.945,13.9033779227077));
#5243=CARTESIAN_POINT('',(-0.15,2.945,13.9033779227077));
#5244=CARTESIAN_POINT('',(1.1497531029776,-0.0163371326026866,13.9033914171556));
#5245=CARTESIAN_POINT('',(-1.1497531029776,-0.0163371326026866,13.9033914171556));
#5246=CARTESIAN_POINT('',(-0.15,-0.0163371326026875,13.9033779227077));
#5247=CARTESIAN_POINT('',(1.1497531029776,-0.616337132602686,13.9033914171556));
#5248=CARTESIAN_POINT('',(-1.1497531029776,-0.616337132602686,13.9033914171556));
#5249=CARTESIAN_POINT('',(-0.15,-0.616337132602687,12.9));
#5250=CARTESIAN_POINT('',(-1.1497531029776,-0.616337132602686,13.9033914171556));
#5251=CARTESIAN_POINT('',(1.1497531029776,-0.616337132602686,13.9033914171556));
#5252=MECHANICAL_DESIGN_GEOMETRIC_PRESENTATION_REPRESENTATION('',(#24),
#5253);
#5253=(
GEOMETRIC_REPRESENTATION_CONTEXT(3)
GLOBAL_UNCERTAINTY_ASSIGNED_CONTEXT((#5254))
GLOBAL_UNIT_ASSIGNED_CONTEXT((#5260,#5256,#5255))
REPRESENTATION_CONTEXT('15457848-ENV10-TERM','TOP_LEVEL_ASSEMBLY_PART')
);
#5254=UNCERTAINTY_MEASURE_WITH_UNIT(LENGTH_MEASURE(0.0508),#5260,
'DISTANCE_ACCURACY_VALUE','Maximum Tolerance applied to model');
#5255=(
NAMED_UNIT(*)
SI_UNIT($,.STERADIAN.)
SOLID_ANGLE_UNIT()
);
#5256=(
CONVERSION_BASED_UNIT('DEGREE',#5258)
NAMED_UNIT(#5257)
PLANE_ANGLE_UNIT()
);
#5257=DIMENSIONAL_EXPONENTS(0.,0.,0.,0.,0.,0.,0.);
#5258=PLANE_ANGLE_MEASURE_WITH_UNIT(PLANE_ANGLE_MEASURE(0.0174532925),#5259);
#5259=(
NAMED_UNIT(*)
PLANE_ANGLE_UNIT()
SI_UNIT($,.RADIAN.)
);
#5260=(
LENGTH_UNIT()
NAMED_UNIT(*)
SI_UNIT(.MILLI.,.METRE.)
);
ENDSEC;
END-ISO-10303-21;
