ISO-10303-21;
HEADER;
/* Generated by software containing ST-Developer
 * from STEP Tools, Inc. (www.steptools.com) 
 */
/* OPTION: using custom schema-name function */

FILE_DESCRIPTION(
/* description */ (''),
/* implementation_level */ '2;1');

FILE_NAME(
/* name */ '12147474_3D_STP.stp',
/* time_stamp */ '2024-04-22T18:31:16+05:00',
/* author */ (''),
/* organization */ (''),
/* preprocessor_version */ 'ST-DEVELOPER v16',
/* originating_system */ 'SIEMENS PLM Software NX 11.0',
/* authorisation */ '');

FILE_SCHEMA (('AUTOMOTIVE_DESIGN { 1 0 10303 214 3 1 1 1 }'));
ENDSEC;

DATA;
#10=PROPERTY_DEFINITION_REPRESENTATION(#14,#12);
#11=PROPERTY_DEFINITION_REPRESENTATION(#15,#13);
#12=REPRESENTATION('',(#16),#4217);
#13=REPRESENTATION('',(#17),#4217);
#14=PROPERTY_DEFINITION('pmi validation property','',#21);
#15=PROPERTY_DEFINITION('pmi validation property','',#21);
#16=VALUE_REPRESENTATION_ITEM('number of annotations',COUNT_MEASURE(0.));
#17=VALUE_REPRESENTATION_ITEM('number of views',COUNT_MEASURE(0.));
#18=SHAPE_REPRESENTATION_RELATIONSHIP('None',
'relationship between hy3t598C8991btr4-None and hy3t598C8991btr4-None',
#30,#19);
#19=ADVANCED_BREP_SHAPE_REPRESENTATION('hy3t598C8991btr4-None',(#40),#4217);
#20=SHAPE_DEFINITION_REPRESENTATION(#21,#30);
#21=PRODUCT_DEFINITION_SHAPE('','',#22);
#22=PRODUCT_DEFINITION(' ','',#24,#23);
#23=PRODUCT_DEFINITION_CONTEXT('part definition',#29,'design');
#24=PRODUCT_DEFINITION_FORMATION_WITH_SPECIFIED_SOURCE(' ',' ',#26,
 .NOT_KNOWN.);
#25=PRODUCT_RELATED_PRODUCT_CATEGORY('part','',(#26));
#26=PRODUCT('hy3t598C8991btr4','hy3t598C8991btr4',' ',(#27));
#27=PRODUCT_CONTEXT(' ',#29,'mechanical');
#28=APPLICATION_PROTOCOL_DEFINITION('international standard',
'automotive_design',2010,#29);
#29=APPLICATION_CONTEXT(
'core data for automotive mechanical design processes');
#30=SHAPE_REPRESENTATION('hy3t598C8991btr4-None',(#1614),#4217);
#31=PRESENTATION_LAYER_ASSIGNMENT('1','Layer 1',(#40));
#32=STYLED_ITEM('',(#33),#40);
#33=PRESENTATION_STYLE_ASSIGNMENT((#34));
#34=SURFACE_STYLE_USAGE(.BOTH.,#35);
#35=SURFACE_SIDE_STYLE('',(#36));
#36=SURFACE_STYLE_FILL_AREA(#37);
#37=FILL_AREA_STYLE('',(#38));
#38=FILL_AREA_STYLE_COLOUR('',#39);
#39=DRAUGHTING_PRE_DEFINED_COLOUR('magenta');
#40=MANIFOLD_SOLID_BREP('HEALED_BODY_1  ',#41);
#41=CLOSED_SHELL('',(#196,#197,#198,#199,#200,#201,#202,#203,#204,#205,
#206,#207,#208,#209,#210,#211,#212,#213,#214,#215,#216,#217,#218,#219,#220,
#221,#222,#223,#224,#225,#226,#227,#228,#229,#230,#231,#232,#233,#234,#235,
#236,#237,#238,#239,#240,#241,#242,#243,#244,#245,#246,#247,#248,#249,#250,
#251,#252,#253,#254,#255,#256,#257,#258,#259,#260,#261,#262,#263,#264,#265,
#266,#267,#268,#269,#270,#271,#272,#273,#274,#275,#276,#277,#278,#279,#280,
#281,#282));
#42=SURFACE_OF_LINEAR_EXTRUSION('',#159,#717);
#43=SURFACE_OF_LINEAR_EXTRUSION('',#165,#723);
#44=CIRCLE('',#1660,2.75);
#45=CIRCLE('',#1661,2.75);
#46=CIRCLE('',#1663,2.75);
#47=CIRCLE('',#1664,2.75);
#48=CIRCLE('',#1666,3.15);
#49=CIRCLE('',#1667,3.15);
#50=CIRCLE('',#1669,3.15);
#51=CIRCLE('',#1670,3.15);
#52=CIRCLE('',#1680,1.125);
#53=CIRCLE('',#1681,1.125);
#54=CIRCLE('',#1684,1.125);
#55=CIRCLE('',#1685,1.125);
#56=CIRCLE('',#1687,0.725);
#57=CIRCLE('',#1688,0.725);
#58=CIRCLE('',#1690,0.725);
#59=CIRCLE('',#1691,0.725);
#60=(
BOUNDED_SURFACE()
B_SPLINE_SURFACE(3,2,((#2711,#2712,#2713),(#2714,#2715,#2716),(#2717,#2718,
#2719),(#2720,#2721,#2722)),.UNSPECIFIED.,.F.,.F.,.F.)
B_SPLINE_SURFACE_WITH_KNOTS((4,4),(3,3),(0.,1.),(0.,1.),.UNSPECIFIED.)
GEOMETRIC_REPRESENTATION_ITEM()
RATIONAL_B_SPLINE_SURFACE(((1.,0.988742559867804,1.),(1.,0.987822626051635,
1.),(1.,0.987834576786708,1.),(1.,0.988747857075635,1.)))
REPRESENTATION_ITEM('')
SURFACE()
);
#61=B_SPLINE_SURFACE_WITH_KNOTS('',3,3,((#2399,#2400,#2401,#2402,#2403,
#2404),(#2405,#2406,#2407,#2408,#2409,#2410),(#2411,#2412,#2413,#2414,#2415,
#2416),(#2417,#2418,#2419,#2420,#2421,#2422),(#2423,#2424,#2425,#2426,#2427,
#2428),(#2429,#2430,#2431,#2432,#2433,#2434),(#2435,#2436,#2437,#2438,#2439,
#2440),(#2441,#2442,#2443,#2444,#2445,#2446),(#2447,#2448,#2449,#2450,#2451,
#2452),(#2453,#2454,#2455,#2456,#2457,#2458),(#2459,#2460,#2461,#2462,#2463,
#2464),(#2465,#2466,#2467,#2468,#2469,#2470),(#2471,#2472,#2473,#2474,#2475,
#2476),(#2477,#2478,#2479,#2480,#2481,#2482),(#2483,#2484,#2485,#2486,#2487,
#2488),(#2489,#2490,#2491,#2492,#2493,#2494),(#2495,#2496,#2497,#2498,#2499,
#2500),(#2501,#2502,#2503,#2504,#2505,#2506),(#2507,#2508,#2509,#2510,#2511,
#2512),(#2513,#2514,#2515,#2516,#2517,#2518),(#2519,#2520,#2521,#2522,#2523,
#2524),(#2525,#2526,#2527,#2528,#2529,#2530),(#2531,#2532,#2533,#2534,#2535,
#2536),(#2537,#2538,#2539,#2540,#2541,#2542),(#2543,#2544,#2545,#2546,#2547,
#2548),(#2549,#2550,#2551,#2552,#2553,#2554),(#2555,#2556,#2557,#2558,#2559,
#2560),(#2561,#2562,#2563,#2564,#2565,#2566),(#2567,#2568,#2569,#2570,#2571,
#2572),(#2573,#2574,#2575,#2576,#2577,#2578),(#2579,#2580,#2581,#2582,#2583,
#2584),(#2585,#2586,#2587,#2588,#2589,#2590),(#2591,#2592,#2593,#2594,#2595,
#2596),(#2597,#2598,#2599,#2600,#2601,#2602),(#2603,#2604,#2605,#2606,#2607,
#2608),(#2609,#2610,#2611,#2612,#2613,#2614),(#2615,#2616,#2617,#2618,#2619,
#2620)),.UNSPECIFIED.,.F.,.F.,.F.,(4,3,1,1,1,1,1,1,1,1,1,1,1,1,1,1,1,1,
1,1,1,1,1,1,1,1,1,1,1,3,4),(4,1,1,4),(0.,0.0692219571726656,0.176170940250076,
0.189539563134752,0.19622387457709,0.199566030298259,0.202908186019429,
0.209592497461767,0.216276808904105,0.229645431788781,0.236329743231119,
0.243014054673457,0.256382677558134,0.283119923327486,0.390068906404897,
0.497017889482307,0.603966872559717,0.710915855637128,0.73765310140648,
0.751021724291157,0.757706035733495,0.764390347175833,0.777758970060509,
0.784443281502847,0.791127592945186,0.794469748666355,0.797811904387524,
0.804496215829862,0.817864838714538,0.924813821791949,1.),(0.,0.599954890350111,
0.899932335525167,1.),.UNSPECIFIED.);
#62=B_SPLINE_SURFACE_WITH_KNOTS('',3,3,((#2793,#2794,#2795,#2796,#2797,
#2798,#2799),(#2800,#2801,#2802,#2803,#2804,#2805,#2806),(#2807,#2808,#2809,
#2810,#2811,#2812,#2813),(#2814,#2815,#2816,#2817,#2818,#2819,#2820),(#2821,
#2822,#2823,#2824,#2825,#2826,#2827),(#2828,#2829,#2830,#2831,#2832,#2833,
#2834),(#2835,#2836,#2837,#2838,#2839,#2840,#2841),(#2842,#2843,#2844,#2845,
#2846,#2847,#2848),(#2849,#2850,#2851,#2852,#2853,#2854,#2855),(#2856,#2857,
#2858,#2859,#2860,#2861,#2862),(#2863,#2864,#2865,#2866,#2867,#2868,#2869),
(#2870,#2871,#2872,#2873,#2874,#2875,#2876),(#2877,#2878,#2879,#2880,#2881,
#2882,#2883),(#2884,#2885,#2886,#2887,#2888,#2889,#2890),(#2891,#2892,#2893,
#2894,#2895,#2896,#2897),(#2898,#2899,#2900,#2901,#2902,#2903,#2904),(#2905,
#2906,#2907,#2908,#2909,#2910,#2911),(#2912,#2913,#2914,#2915,#2916,#2917,
#2918),(#2919,#2920,#2921,#2922,#2923,#2924,#2925),(#2926,#2927,#2928,#2929,
#2930,#2931,#2932),(#2933,#2934,#2935,#2936,#2937,#2938,#2939),(#2940,#2941,
#2942,#2943,#2944,#2945,#2946),(#2947,#2948,#2949,#2950,#2951,#2952,#2953),
(#2954,#2955,#2956,#2957,#2958,#2959,#2960),(#2961,#2962,#2963,#2964,#2965,
#2966,#2967),(#2968,#2969,#2970,#2971,#2972,#2973,#2974),(#2975,#2976,#2977,
#2978,#2979,#2980,#2981),(#2982,#2983,#2984,#2985,#2986,#2987,#2988),(#2989,
#2990,#2991,#2992,#2993,#2994,#2995),(#2996,#2997,#2998,#2999,#3000,#3001,
#3002),(#3003,#3004,#3005,#3006,#3007,#3008,#3009),(#3010,#3011,#3012,#3013,
#3014,#3015,#3016),(#3017,#3018,#3019,#3020,#3021,#3022,#3023),(#3024,#3025,
#3026,#3027,#3028,#3029,#3030),(#3031,#3032,#3033,#3034,#3035,#3036,#3037),
(#3038,#3039,#3040,#3041,#3042,#3043,#3044),(#3045,#3046,#3047,#3048,#3049,
#3050,#3051),(#3052,#3053,#3054,#3055,#3056,#3057,#3058),(#3059,#3060,#3061,
#3062,#3063,#3064,#3065),(#3066,#3067,#3068,#3069,#3070,#3071,#3072),(#3073,
#3074,#3075,#3076,#3077,#3078,#3079)),.UNSPECIFIED.,.F.,.F.,.F.,(4,3,1,
1,1,1,1,1,1,1,1,1,1,1,1,1,1,1,1,1,1,1,1,1,1,1,1,1,1,1,1,1,1,3,4),(4,1,1,
1,4),(0.,0.0617865357314036,0.116563218353998,0.143951559665295,0.157645730320944,
0.164492815648768,0.171339900976592,0.178186986304417,0.185034071632241,
0.19872824228789,0.226116583599187,0.253504924910484,0.267199095566133,
0.280893266221781,0.308281607533079,0.335669948844376,0.39044663146697,
0.499999996712159,0.609553361957348,0.664330044579942,0.69171838589124,
0.719106727202537,0.732800897858185,0.746495068513834,0.773883409825131,
0.801271751136429,0.814965921792077,0.821813007119901,0.828660092447726,
0.83550717777555,0.842354263103374,0.856048433759023,0.88343677507032,0.938213457692915,
1.),(0.,0.299975618474369,0.599951236948738,0.899926855423107,1.),
 .UNSPECIFIED.);
#63=B_SPLINE_SURFACE_WITH_KNOTS('',3,3,((#3080,#3081,#3082,#3083),(#3084,
#3085,#3086,#3087),(#3088,#3089,#3090,#3091),(#3092,#3093,#3094,#3095),
(#3096,#3097,#3098,#3099)),.UNSPECIFIED.,.F.,.F.,.F.,(4,1,4),(4,4),(0.,
0.5,1.),(0.,1.),.UNSPECIFIED.);
#64=B_SPLINE_SURFACE_WITH_KNOTS('',3,3,((#3159,#3160,#3161,#3162,#3163,
#3164,#3165,#3166,#3167,#3168,#3169,#3170,#3171,#3172,#3173,#3174,#3175,
#3176,#3177,#3178,#3179,#3180),(#3181,#3182,#3183,#3184,#3185,#3186,#3187,
#3188,#3189,#3190,#3191,#3192,#3193,#3194,#3195,#3196,#3197,#3198,#3199,
#3200,#3201,#3202),(#3203,#3204,#3205,#3206,#3207,#3208,#3209,#3210,#3211,
#3212,#3213,#3214,#3215,#3216,#3217,#3218,#3219,#3220,#3221,#3222,#3223,
#3224),(#3225,#3226,#3227,#3228,#3229,#3230,#3231,#3232,#3233,#3234,#3235,
#3236,#3237,#3238,#3239,#3240,#3241,#3242,#3243,#3244,#3245,#3246),(#3247,
#3248,#3249,#3250,#3251,#3252,#3253,#3254,#3255,#3256,#3257,#3258,#3259,
#3260,#3261,#3262,#3263,#3264,#3265,#3266,#3267,#3268),(#3269,#3270,#3271,
#3272,#3273,#3274,#3275,#3276,#3277,#3278,#3279,#3280,#3281,#3282,#3283,
#3284,#3285,#3286,#3287,#3288,#3289,#3290),(#3291,#3292,#3293,#3294,#3295,
#3296,#3297,#3298,#3299,#3300,#3301,#3302,#3303,#3304,#3305,#3306,#3307,
#3308,#3309,#3310,#3311,#3312),(#3313,#3314,#3315,#3316,#3317,#3318,#3319,
#3320,#3321,#3322,#3323,#3324,#3325,#3326,#3327,#3328,#3329,#3330,#3331,
#3332,#3333,#3334),(#3335,#3336,#3337,#3338,#3339,#3340,#3341,#3342,#3343,
#3344,#3345,#3346,#3347,#3348,#3349,#3350,#3351,#3352,#3353,#3354,#3355,
#3356),(#3357,#3358,#3359,#3360,#3361,#3362,#3363,#3364,#3365,#3366,#3367,
#3368,#3369,#3370,#3371,#3372,#3373,#3374,#3375,#3376,#3377,#3378)),
 .UNSPECIFIED.,.F.,.F.,.F.,(4,3,3,4),(4,3,1,1,1,1,1,1,1,1,1,1,1,1,1,1,1,
4),(0.,0.0099009900990099,0.990197039505931,1.),(0.,0.0099009900990099,
0.133663366336634,0.195544554455446,0.257425742574257,0.288366336633663,
0.319306930693069,0.381188118811881,0.443069306930693,0.504950495049505,
0.566831683168317,0.597772277227723,0.628712871287129,0.659653465346535,
0.690594059405941,0.752475247524752,0.876237623762376,1.),.UNSPECIFIED.);
#65=B_SPLINE_SURFACE_WITH_KNOTS('',3,3,((#3390,#3391,#3392,#3393,#3394,
#3395,#3396),(#3397,#3398,#3399,#3400,#3401,#3402,#3403),(#3404,#3405,#3406,
#3407,#3408,#3409,#3410),(#3411,#3412,#3413,#3414,#3415,#3416,#3417)),
 .UNSPECIFIED.,.F.,.F.,.F.,(4,4),(4,3,4),(0.,1.),(0.,0.0099009900990099,
1.),.UNSPECIFIED.);
#66=B_SPLINE_SURFACE_WITH_KNOTS('',3,3,((#3429,#3430,#3431,#3432),(#3433,
#3434,#3435,#3436),(#3437,#3438,#3439,#3440),(#3441,#3442,#3443,#3444)),
 .UNSPECIFIED.,.F.,.F.,.F.,(4,4),(4,4),(0.,1.),(0.,1.),.UNSPECIFIED.);
#67=B_SPLINE_SURFACE_WITH_KNOTS('',3,3,((#3485,#3486,#3487,#3488,#3489,
#3490,#3491,#3492,#3493,#3494,#3495,#3496,#3497,#3498,#3499,#3500,#3501,
#3502,#3503,#3504,#3505,#3506,#3507,#3508),(#3509,#3510,#3511,#3512,#3513,
#3514,#3515,#3516,#3517,#3518,#3519,#3520,#3521,#3522,#3523,#3524,#3525,
#3526,#3527,#3528,#3529,#3530,#3531,#3532),(#3533,#3534,#3535,#3536,#3537,
#3538,#3539,#3540,#3541,#3542,#3543,#3544,#3545,#3546,#3547,#3548,#3549,
#3550,#3551,#3552,#3553,#3554,#3555,#3556),(#3557,#3558,#3559,#3560,#3561,
#3562,#3563,#3564,#3565,#3566,#3567,#3568,#3569,#3570,#3571,#3572,#3573,
#3574,#3575,#3576,#3577,#3578,#3579,#3580)),.UNSPECIFIED.,.F.,.F.,.F.,(4,
4),(4,3,1,1,1,1,1,1,1,1,1,1,1,1,1,1,1,1,1,4),(0.,1.),(0.,0.0099009900990099,
0.133663366336634,0.257425742574257,0.381188118811881,0.412128712871287,
0.431466584158416,0.443069306930693,0.45467202970297,0.474009900990099,
0.504950495049505,0.535891089108911,0.55522896039604,0.566831683168317,
0.578434405940594,0.597772277227723,0.628712871287129,0.752475247524752,
0.876237623762376,1.),.UNSPECIFIED.);
#68=B_SPLINE_SURFACE_WITH_KNOTS('',3,3,((#3630,#3631,#3632,#3633,#3634,
#3635,#3636,#3637,#3638,#3639,#3640,#3641,#3642,#3643,#3644,#3645,#3646,
#3647,#3648,#3649,#3650,#3651),(#3652,#3653,#3654,#3655,#3656,#3657,#3658,
#3659,#3660,#3661,#3662,#3663,#3664,#3665,#3666,#3667,#3668,#3669,#3670,
#3671,#3672,#3673),(#3674,#3675,#3676,#3677,#3678,#3679,#3680,#3681,#3682,
#3683,#3684,#3685,#3686,#3687,#3688,#3689,#3690,#3691,#3692,#3693,#3694,
#3695),(#3696,#3697,#3698,#3699,#3700,#3701,#3702,#3703,#3704,#3705,#3706,
#3707,#3708,#3709,#3710,#3711,#3712,#3713,#3714,#3715,#3716,#3717)),
 .UNSPECIFIED.,.F.,.F.,.F.,(4,4),(4,3,1,1,1,1,1,1,1,1,1,1,1,1,1,1,1,4),
(0.,1.),(0.,0.0099009900990099,0.133663366336634,0.195544554455446,0.257425742574257,
0.288366336633663,0.319306930693069,0.381188118811881,0.443069306930693,
0.504950495049505,0.566831683168317,0.597772277227723,0.628712871287129,
0.659653465346535,0.690594059405941,0.752475247524752,0.876237623762376,
1.),.UNSPECIFIED.);
#69=B_SPLINE_SURFACE_WITH_KNOTS('',3,3,((#3719,#3720,#3721,#3722),(#3723,
#3724,#3725,#3726),(#3727,#3728,#3729,#3730),(#3731,#3732,#3733,#3734)),
 .UNSPECIFIED.,.F.,.F.,.F.,(4,4),(4,4),(0.,1.),(0.,1.),.UNSPECIFIED.);
#70=B_SPLINE_SURFACE_WITH_KNOTS('',3,3,((#3741,#3742,#3743,#3744),(#3745,
#3746,#3747,#3748),(#3749,#3750,#3751,#3752),(#3753,#3754,#3755,#3756)),
 .UNSPECIFIED.,.F.,.F.,.F.,(4,4),(4,4),(0.,1.),(0.,1.),.UNSPECIFIED.);
#71=B_SPLINE_SURFACE_WITH_KNOTS('',3,3,((#3781,#3782,#3783,#3784,#3785,
#3786,#3787,#3788,#3789,#3790,#3791,#3792,#3793,#3794,#3795,#3796,#3797,
#3798,#3799,#3800,#3801,#3802,#3803,#3804),(#3805,#3806,#3807,#3808,#3809,
#3810,#3811,#3812,#3813,#3814,#3815,#3816,#3817,#3818,#3819,#3820,#3821,
#3822,#3823,#3824,#3825,#3826,#3827,#3828),(#3829,#3830,#3831,#3832,#3833,
#3834,#3835,#3836,#3837,#3838,#3839,#3840,#3841,#3842,#3843,#3844,#3845,
#3846,#3847,#3848,#3849,#3850,#3851,#3852),(#3853,#3854,#3855,#3856,#3857,
#3858,#3859,#3860,#3861,#3862,#3863,#3864,#3865,#3866,#3867,#3868,#3869,
#3870,#3871,#3872,#3873,#3874,#3875,#3876)),.UNSPECIFIED.,.F.,.F.,.F.,(4,
4),(4,3,1,1,1,1,1,1,1,1,1,1,1,1,1,1,1,1,1,4),(0.,1.),(0.,0.0099009900990099,
0.133663366336634,0.257425742574257,0.381188118811881,0.412128712871287,
0.431466584158416,0.443069306930693,0.45467202970297,0.474009900990099,
0.504950495049505,0.535891089108911,0.55522896039604,0.566831683168317,
0.578434405940594,0.597772277227723,0.628712871287129,0.752475247524752,
0.876237623762376,1.),.UNSPECIFIED.);
#72=B_SPLINE_CURVE_WITH_KNOTS('',3,(#2136,#2137,#2138,#2139,#2140,#2141,
#2142,#2143,#2144,#2145,#2146,#2147,#2148,#2149,#2150,#2151,#2152,#2153,
#2154),.UNSPECIFIED.,.F.,.F.,(4,1,1,1,1,1,1,1,1,1,1,1,1,1,1,1,4),(0.,0.142768710765038,
0.223037417049699,0.263171770192029,0.283238946763194,0.303306123334359,
0.323373299905524,0.343440476476689,0.383574829619019,0.463843535903679,
0.544112242188339,0.584246595330669,0.624380948472999,0.704649654757659,
0.784918361042319,0.945455773611639,1.),.UNSPECIFIED.);
#73=B_SPLINE_CURVE_WITH_KNOTS('',3,(#2162,#2163,#2164,#2165,#2166,#2167,
#2168,#2169,#2170,#2171,#2172,#2173,#2174,#2175,#2176,#2177),
 .UNSPECIFIED.,.F.,.F.,(4,1,1,1,1,1,1,1,1,1,1,1,1,4),(0.,0.318629835672611,
0.361318210646568,0.382662398133546,0.393334491877035,0.404006585620524,
0.425350773107503,0.446694960594481,0.489383335568437,0.510727523055416,
0.532071710542394,0.574760085516351,0.660136835464264,1.),.UNSPECIFIED.);
#74=B_SPLINE_CURVE_WITH_KNOTS('',3,(#2185,#2186,#2187,#2188,#2189,#2190,
#2191,#2192,#2193,#2194,#2195,#2196,#2197,#2198,#2199,#2200),
 .UNSPECIFIED.,.F.,.F.,(4,1,1,1,1,1,1,1,1,1,1,1,1,4),(0.,0.332261908008897,
0.415729169507785,0.457462800257229,0.47832961563195,0.499196431006672,
0.540930061756116,0.561796877130838,0.58266369250556,0.593097100192921,
0.603530507880282,0.624397323255004,0.666130954004448,1.),.UNSPECIFIED.);
#75=B_SPLINE_CURVE_WITH_KNOTS('',3,(#2204,#2205,#2206,#2207,#2208,#2209,
#2210,#2211,#2212,#2213,#2214,#2215,#2216,#2217,#2218,#2219,#2220,#2221,
#2222),.UNSPECIFIED.,.F.,.F.,(4,1,1,1,1,1,1,1,1,1,1,1,1,1,1,1,4),(0.,0.0535918635983123,
0.211326552998594,0.290193897698734,0.369061242398875,0.408494914748945,
0.447928587099016,0.526795931799156,0.605663276499297,0.645096948849367,
0.664813785024402,0.684530621199437,0.704247457374473,0.723964293549508,
0.763397965899578,0.842265310599719,1.),.UNSPECIFIED.);
#76=B_SPLINE_CURVE_WITH_KNOTS('',3,(#2234,#2235,#2236,#2237,#2238,#2239,
#2240),.UNSPECIFIED.,.F.,.F.,(4,3,4),(0.,0.615964240268922,1.),
 .UNSPECIFIED.);
#77=B_SPLINE_CURVE_WITH_KNOTS('',3,(#2250,#2251,#2252,#2253,#2254),
 .UNSPECIFIED.,.F.,.F.,(4,1,4),(0.,0.5,1.),.UNSPECIFIED.);
#78=B_SPLINE_CURVE_WITH_KNOTS('',3,(#2260,#2261,#2262,#2263),
 .UNSPECIFIED.,.F.,.F.,(4,4),(0.,1.),.UNSPECIFIED.);
#79=B_SPLINE_CURVE_WITH_KNOTS('',3,(#2271,#2272,#2273,#2274),
 .UNSPECIFIED.,.F.,.F.,(4,4),(0.,1.),.UNSPECIFIED.);
#80=B_SPLINE_CURVE_WITH_KNOTS('',3,(#2276,#2277,#2278,#2279,#2280,#2281,
#2282,#2283,#2284,#2285,#2286,#2287,#2288),.UNSPECIFIED.,.F.,.F.,(4,3,3,
3,4),(0.,0.326233043120467,0.652466093428066,0.978699171213177,1.),
 .UNSPECIFIED.);
#81=B_SPLINE_CURVE_WITH_KNOTS('',3,(#2290,#2291,#2292,#2293),
 .UNSPECIFIED.,.F.,.F.,(4,4),(0.,1.),.UNSPECIFIED.);
#82=B_SPLINE_CURVE_WITH_KNOTS('',3,(#2295,#2296,#2297,#2298),
 .UNSPECIFIED.,.F.,.F.,(4,4),(0.,1.),.UNSPECIFIED.);
#83=B_SPLINE_CURVE_WITH_KNOTS('',3,(#2300,#2301,#2302,#2303,#2304,#2305,
#2306,#2307,#2308,#2309,#2310,#2311,#2312),.UNSPECIFIED.,.F.,.F.,(4,3,3,
3,4),(0.,0.326222155977546,0.652444319140706,0.978666509780643,1.),
 .UNSPECIFIED.);
#84=B_SPLINE_CURVE_WITH_KNOTS('',3,(#2314,#2315,#2316,#2317,#2318,#2319),
 .UNSPECIFIED.,.F.,.F.,(4,2,4),(0.,0.5,1.),.UNSPECIFIED.);
#85=B_SPLINE_CURVE_WITH_KNOTS('',3,(#2321,#2322,#2323,#2324,#2325,#2326,
#2327,#2328,#2329,#2330),.UNSPECIFIED.,.F.,.F.,(4,3,3,4),(0.,0.0364955186166521,
0.179277100797888,1.),.UNSPECIFIED.);
#86=B_SPLINE_CURVE_WITH_KNOTS('',3,(#2331,#2332,#2333,#2334),
 .UNSPECIFIED.,.F.,.F.,(4,4),(0.,1.),.UNSPECIFIED.);
#87=B_SPLINE_CURVE_WITH_KNOTS('',3,(#2336,#2337,#2338,#2339),
 .UNSPECIFIED.,.F.,.F.,(4,4),(0.,1.),.UNSPECIFIED.);
#88=B_SPLINE_CURVE_WITH_KNOTS('',3,(#2341,#2342,#2343,#2344,#2345,#2346,
#2347,#2348,#2349,#2350,#2351,#2352,#2353,#2354,#2355,#2356,#2357,#2358,
#2359,#2360,#2361),.UNSPECIFIED.,.F.,.F.,(4,1,1,1,1,1,1,1,1,1,1,1,1,1,1,
1,1,1,4),(0.,0.125,0.25,0.375,0.40625,0.42578125,0.4375,0.44921875,0.46875,
0.5,0.53125,0.55078125,0.5625,0.57421875,0.59375,0.625,0.75,0.875,1.),
 .UNSPECIFIED.);
#89=B_SPLINE_CURVE_WITH_KNOTS('',3,(#2363,#2364,#2365,#2366),
 .UNSPECIFIED.,.F.,.F.,(4,4),(0.,1.),.UNSPECIFIED.);
#90=B_SPLINE_CURVE_WITH_KNOTS('',3,(#2368,#2369,#2370,#2371),
 .UNSPECIFIED.,.F.,.F.,(4,4),(0.,1.),.UNSPECIFIED.);
#91=B_SPLINE_CURVE_WITH_KNOTS('',3,(#2373,#2374,#2375,#2376,#2377,#2378,
#2379,#2380,#2381,#2382,#2383,#2384,#2385,#2386,#2387,#2388,#2389,#2390,
#2391,#2392,#2393),.UNSPECIFIED.,.F.,.F.,(4,1,1,1,1,1,1,1,1,1,1,1,1,1,1,
1,1,1,4),(0.,0.125,0.25,0.375,0.40625,0.42578125,0.4375,0.44921875,0.46875,
0.5,0.53125,0.55078125,0.5625,0.57421875,0.59375,0.625,0.75,0.875,1.),
 .UNSPECIFIED.);
#92=B_SPLINE_CURVE_WITH_KNOTS('',3,(#2395,#2396,#2397,#2398),
 .UNSPECIFIED.,.F.,.F.,(4,4),(0.,1.),.UNSPECIFIED.);
#93=B_SPLINE_CURVE_WITH_KNOTS('',3,(#2623,#2624,#2625,#2626),
 .UNSPECIFIED.,.F.,.F.,(4,4),(0.,1.),.UNSPECIFIED.);
#94=B_SPLINE_CURVE_WITH_KNOTS('',3,(#2628,#2629,#2630,#2631,#2632,#2633,
#2634,#2635,#2636,#2637,#2638,#2639,#2640,#2641,#2642,#2643),
 .UNSPECIFIED.,.F.,.F.,(4,3,3,3,3,4),(0.,0.0534554993921007,0.162521131918503,
0.269742300657564,0.593852116297371,1.),.UNSPECIFIED.);
#95=B_SPLINE_CURVE_WITH_KNOTS('',3,(#2645,#2646,#2647,#2648,#2649,#2650,
#2651),.UNSPECIFIED.,.F.,.F.,(4,3,4),(0.,0.841112826756006,1.),
 .UNSPECIFIED.);
#96=B_SPLINE_CURVE_WITH_KNOTS('',3,(#2653,#2654,#2655,#2656,#2657,#2658,
#2659,#2660,#2661,#2662),.UNSPECIFIED.,.F.,.F.,(4,3,3,4),(0.,0.47484098849783,
0.949681946349131,1.),.UNSPECIFIED.);
#97=B_SPLINE_CURVE_WITH_KNOTS('',3,(#2666,#2667,#2668,#2669,#2670,#2671,
#2672,#2673,#2674,#2675),.UNSPECIFIED.,.F.,.F.,(4,3,3,4),(0.,0.474841443903784,
0.949682917056697,1.),.UNSPECIFIED.);
#98=B_SPLINE_CURVE_WITH_KNOTS('',3,(#2677,#2678,#2679,#2680,#2681,#2682,
#2683),.UNSPECIFIED.,.F.,.F.,(4,3,4),(0.,0.905740056565838,1.),
 .UNSPECIFIED.);
#99=B_SPLINE_CURVE_WITH_KNOTS('',3,(#2685,#2686,#2687,#2688,#2689,#2690,
#2691,#2692,#2693,#2694,#2695,#2696,#2697,#2698,#2699,#2700),
 .UNSPECIFIED.,.F.,.F.,(4,3,3,3,3,4),(0.,0.392880658222714,0.724230887433129,
0.833847423588252,0.945349620257329,1.),.UNSPECIFIED.);
#100=B_SPLINE_CURVE_WITH_KNOTS('',3,(#2702,#2703,#2704,#2705),
 .UNSPECIFIED.,.F.,.F.,(4,4),(0.,1.),.UNSPECIFIED.);
#101=B_SPLINE_CURVE_WITH_KNOTS('',3,(#2707,#2708,#2709,#2710),
 .UNSPECIFIED.,.F.,.F.,(4,4),(0.,1.),.UNSPECIFIED.);
#102=B_SPLINE_CURVE_WITH_KNOTS('',3,(#2723,#2724,#2725,#2726),
 .UNSPECIFIED.,.F.,.F.,(4,4),(0.,1.),.UNSPECIFIED.);
#103=B_SPLINE_CURVE_WITH_KNOTS('',3,(#2734,#2735,#2736,#2737),
 .UNSPECIFIED.,.F.,.F.,(4,4),(0.,1.),.UNSPECIFIED.);
#104=B_SPLINE_CURVE_WITH_KNOTS('',3,(#2739,#2740,#2741,#2742),
 .UNSPECIFIED.,.F.,.F.,(4,4),(0.,1.),.UNSPECIFIED.);
#105=B_SPLINE_CURVE_WITH_KNOTS('',3,(#2744,#2745,#2746,#2747),
 .UNSPECIFIED.,.F.,.F.,(4,4),(0.,1.),.UNSPECIFIED.);
#106=B_SPLINE_CURVE_WITH_KNOTS('',3,(#2749,#2750,#2751,#2752,#2753,#2754,
#2755,#2756,#2757,#2758),.UNSPECIFIED.,.F.,.F.,(4,3,3,4),(0.,0.448142796367435,
0.836613693872597,1.),.UNSPECIFIED.);
#107=B_SPLINE_CURVE_WITH_KNOTS('',3,(#2760,#2761,#2762,#2763),
 .UNSPECIFIED.,.F.,.F.,(4,4),(0.,1.),.UNSPECIFIED.);
#108=B_SPLINE_CURVE_WITH_KNOTS('',3,(#2765,#2766,#2767,#2768),
 .UNSPECIFIED.,.F.,.F.,(4,4),(0.,1.),.UNSPECIFIED.);
#109=B_SPLINE_CURVE_WITH_KNOTS('',3,(#2770,#2771,#2772,#2773),
 .UNSPECIFIED.,.F.,.F.,(4,4),(0.,1.),.UNSPECIFIED.);
#110=B_SPLINE_CURVE_WITH_KNOTS('',3,(#2775,#2776,#2777,#2778),
 .UNSPECIFIED.,.F.,.F.,(4,4),(0.,1.),.UNSPECIFIED.);
#111=B_SPLINE_CURVE_WITH_KNOTS('',3,(#2780,#2781,#2782,#2783,#2784,#2785,
#2786,#2787),.UNSPECIFIED.,.F.,.F.,(4,2,2,4),(0.,0.25,0.5,1.),
 .UNSPECIFIED.);
#112=B_SPLINE_CURVE_WITH_KNOTS('',3,(#2789,#2790,#2791,#2792),
 .UNSPECIFIED.,.F.,.F.,(4,4),(0.,1.),.UNSPECIFIED.);
#113=B_SPLINE_CURVE_WITH_KNOTS('',3,(#3100,#3101,#3102,#3103),
 .UNSPECIFIED.,.F.,.F.,(4,4),(0.,1.),.UNSPECIFIED.);
#114=B_SPLINE_CURVE_WITH_KNOTS('',3,(#3105,#3106,#3107,#3108),
 .UNSPECIFIED.,.F.,.F.,(4,4),(0.,1.),.UNSPECIFIED.);
#115=B_SPLINE_CURVE_WITH_KNOTS('',3,(#3110,#3111,#3112,#3113),
 .UNSPECIFIED.,.F.,.F.,(4,4),(0.,1.),.UNSPECIFIED.);
#116=B_SPLINE_CURVE_WITH_KNOTS('',3,(#3115,#3116,#3117,#3118),
 .UNSPECIFIED.,.F.,.F.,(4,4),(0.,1.),.UNSPECIFIED.);
#117=B_SPLINE_CURVE_WITH_KNOTS('',3,(#3120,#3121,#3122,#3123),
 .UNSPECIFIED.,.F.,.F.,(4,4),(0.,1.),.UNSPECIFIED.);
#118=B_SPLINE_CURVE_WITH_KNOTS('',3,(#3125,#3126,#3127,#3128),
 .UNSPECIFIED.,.F.,.F.,(4,4),(0.,1.),.UNSPECIFIED.);
#119=B_SPLINE_CURVE_WITH_KNOTS('',3,(#3130,#3131,#3132,#3133),
 .UNSPECIFIED.,.F.,.F.,(4,4),(0.,1.),.UNSPECIFIED.);
#120=B_SPLINE_CURVE_WITH_KNOTS('',3,(#3135,#3136,#3137,#3138),
 .UNSPECIFIED.,.F.,.F.,(4,4),(0.,1.),.UNSPECIFIED.);
#121=B_SPLINE_CURVE_WITH_KNOTS('',3,(#3140,#3141,#3142,#3143),
 .UNSPECIFIED.,.F.,.F.,(4,4),(0.,1.),.UNSPECIFIED.);
#122=B_SPLINE_CURVE_WITH_KNOTS('',3,(#3145,#3146,#3147,#3148),
 .UNSPECIFIED.,.F.,.F.,(4,4),(0.,1.),.UNSPECIFIED.);
#123=B_SPLINE_CURVE_WITH_KNOTS('',3,(#3150,#3151,#3152,#3153),
 .UNSPECIFIED.,.F.,.F.,(4,4),(0.,1.),.UNSPECIFIED.);
#124=B_SPLINE_CURVE_WITH_KNOTS('',3,(#3155,#3156,#3157,#3158),
 .UNSPECIFIED.,.F.,.F.,(4,4),(0.,1.),.UNSPECIFIED.);
#125=B_SPLINE_CURVE_WITH_KNOTS('',3,(#3379,#3380,#3381,#3382),
 .UNSPECIFIED.,.F.,.F.,(4,4),(0.,1.),.UNSPECIFIED.);
#126=B_SPLINE_CURVE_WITH_KNOTS('',3,(#3384,#3385,#3386,#3387),
 .UNSPECIFIED.,.F.,.F.,(4,4),(0.,1.),.UNSPECIFIED.);
#127=B_SPLINE_CURVE_WITH_KNOTS('',3,(#3418,#3419,#3420,#3421),
 .UNSPECIFIED.,.F.,.F.,(4,4),(0.,1.),.UNSPECIFIED.);
#128=B_SPLINE_CURVE_WITH_KNOTS('',3,(#3423,#3424,#3425,#3426),
 .UNSPECIFIED.,.F.,.F.,(4,4),(0.,1.),.UNSPECIFIED.);
#129=B_SPLINE_CURVE_WITH_KNOTS('',3,(#3445,#3446,#3447,#3448),
 .UNSPECIFIED.,.F.,.F.,(4,4),(0.,1.),.UNSPECIFIED.);
#130=B_SPLINE_CURVE_WITH_KNOTS('',3,(#3450,#3451,#3452,#3453,#3454),
 .UNSPECIFIED.,.F.,.F.,(4,1,4),(0.,0.534542930793779,1.),.UNSPECIFIED.);
#131=B_SPLINE_CURVE_WITH_KNOTS('',3,(#3456,#3457,#3458,#3459,#3460,#3461,
#3462,#3463,#3464,#3465,#3466),.UNSPECIFIED.,.F.,.F.,(4,1,1,1,1,1,1,1,4),
(0.,0.0606989790563698,0.530349489528185,0.647762117146139,0.72114500940736,
0.765174744764092,0.809204480120825,0.882587372382046,1.),.UNSPECIFIED.);
#132=B_SPLINE_CURVE_WITH_KNOTS('',3,(#3468,#3469,#3470,#3471,#3472,#3473,
#3474,#3475,#3476,#3477,#3478),.UNSPECIFIED.,.F.,.F.,(4,1,1,1,1,1,1,1,4),
(0.,0.11740253649126,0.190779121798297,0.234805072982519,0.278831024166742,
0.352207609473779,0.469610145965038,0.939220291930077,1.),.UNSPECIFIED.);
#133=B_SPLINE_CURVE_WITH_KNOTS('',3,(#3480,#3481,#3482,#3483,#3484),
 .UNSPECIFIED.,.F.,.F.,(4,1,4),(0.,0.465404770005712,1.),.UNSPECIFIED.);
#134=B_SPLINE_CURVE_WITH_KNOTS('',3,(#3581,#3582,#3583,#3584),
 .UNSPECIFIED.,.F.,.F.,(4,4),(0.,1.),.UNSPECIFIED.);
#135=B_SPLINE_CURVE_WITH_KNOTS('',3,(#3586,#3587,#3588,#3589),
 .UNSPECIFIED.,.F.,.F.,(4,4),(0.,1.),.UNSPECIFIED.);
#136=B_SPLINE_CURVE_WITH_KNOTS('',3,(#3591,#3592,#3593,#3594),
 .UNSPECIFIED.,.F.,.F.,(4,4),(0.,1.),.UNSPECIFIED.);
#137=B_SPLINE_CURVE_WITH_KNOTS('',3,(#3596,#3597,#3598,#3599),
 .UNSPECIFIED.,.F.,.F.,(4,4),(0.,1.),.UNSPECIFIED.);
#138=B_SPLINE_CURVE_WITH_KNOTS('',3,(#3601,#3602,#3603,#3604,#3605),
 .UNSPECIFIED.,.F.,.F.,(4,1,4),(0.,0.606097509998982,1.),.UNSPECIFIED.);
#139=B_SPLINE_CURVE_WITH_KNOTS('',3,(#3607,#3608,#3609,#3610,#3611,#3612,
#3613,#3614,#3615,#3616,#3617,#3618,#3619,#3620,#3621,#3622),
 .UNSPECIFIED.,.F.,.F.,(4,1,1,1,1,1,1,1,1,1,1,1,1,4),(0.,0.0753791174282941,
0.183032669758713,0.236859445923922,0.290686222089131,0.344512998254341,
0.39833977441955,0.505993326749969,0.613646879080387,0.721300431410806,
0.828953983741225,0.882780759906434,0.936607536071643,1.),.UNSPECIFIED.);
#140=B_SPLINE_CURVE_WITH_KNOTS('',3,(#3624,#3625,#3626,#3627,#3628,#3629),
 .UNSPECIFIED.,.F.,.F.,(4,1,1,4),(0.,0.120529595421151,0.413686396947434,
1.),.UNSPECIFIED.);
#141=B_SPLINE_CURVE_WITH_KNOTS('',3,(#3735,#3736,#3737,#3738),
 .UNSPECIFIED.,.F.,.F.,(4,4),(0.,1.),.UNSPECIFIED.);
#142=B_SPLINE_CURVE_WITH_KNOTS('',3,(#3757,#3758,#3759,#3760),
 .UNSPECIFIED.,.F.,.F.,(4,4),(0.,1.),.UNSPECIFIED.);
#143=B_SPLINE_CURVE_WITH_KNOTS('',3,(#3762,#3763,#3764,#3765),
 .UNSPECIFIED.,.F.,.F.,(4,4),(0.,1.),.UNSPECIFIED.);
#144=B_SPLINE_CURVE_WITH_KNOTS('',3,(#3767,#3768,#3769,#3770),
 .UNSPECIFIED.,.F.,.F.,(4,4),(0.,1.),.UNSPECIFIED.);
#145=B_SPLINE_CURVE_WITH_KNOTS('',3,(#3772,#3773,#3774,#3775),
 .UNSPECIFIED.,.F.,.F.,(4,4),(0.,1.),.UNSPECIFIED.);
#146=B_SPLINE_CURVE_WITH_KNOTS('',3,(#3777,#3778,#3779,#3780),
 .UNSPECIFIED.,.F.,.F.,(4,4),(0.,1.),.UNSPECIFIED.);
#147=B_SPLINE_CURVE_WITH_KNOTS('',3,(#3877,#3878,#3879,#3880),
 .UNSPECIFIED.,.F.,.F.,(4,4),(0.,1.),.UNSPECIFIED.);
#148=B_SPLINE_CURVE_WITH_KNOTS('',3,(#3962,#3963,#3964,#3965,#3966,#3967),
 .UNSPECIFIED.,.F.,.F.,(4,2,4),(0.,0.5,1.),.UNSPECIFIED.);
#149=B_SPLINE_CURVE_WITH_KNOTS('',3,(#3974,#3975,#3976,#3977,#3978,#3979),
 .UNSPECIFIED.,.F.,.F.,(4,2,4),(0.,0.5,1.),.UNSPECIFIED.);
#150=B_SPLINE_CURVE_WITH_KNOTS('',3,(#4008,#4009,#4010,#4011,#4012,#4013,
#4014,#4015,#4016,#4017),.UNSPECIFIED.,.F.,.F.,(4,2,2,2,4),(0.,0.500000000000001,
0.750000000000001,0.875,1.),.UNSPECIFIED.);
#151=B_SPLINE_CURVE_WITH_KNOTS('',3,(#4019,#4020,#4021,#4022),
 .UNSPECIFIED.,.F.,.F.,(4,4),(0.,1.),.UNSPECIFIED.);
#152=B_SPLINE_CURVE_WITH_KNOTS('',3,(#4026,#4027,#4028,#4029,#4030,#4031,
#4032,#4033,#4034,#4035,#4036,#4037,#4038,#4039),.UNSPECIFIED.,.F.,.F.,
(4,2,2,2,2,2,4),(0.,0.250000000000001,0.374999999999999,0.437499999999998,
0.499999999999998,0.749999999999999,1.),.UNSPECIFIED.);
#153=B_SPLINE_CURVE_WITH_KNOTS('',3,(#4041,#4042,#4043,#4044),
 .UNSPECIFIED.,.F.,.F.,(4,4),(0.,1.),.UNSPECIFIED.);
#154=B_SPLINE_CURVE_WITH_KNOTS('',3,(#4046,#4047,#4048,#4049,#4050,#4051,
#4052,#4053,#4054,#4055,#4056,#4057,#4058,#4059,#4060,#4061,#4062,#4063,
#4064,#4065,#4066,#4067),.UNSPECIFIED.,.F.,.F.,(4,3,3,3,3,3,3,4),(0.,0.330070722315157,
0.529311463895469,0.657452361151713,0.763544963363136,0.869819152691287,
0.974038856573269,1.),.UNSPECIFIED.);
#155=B_SPLINE_CURVE_WITH_KNOTS('',3,(#4069,#4070,#4071,#4072),
 .UNSPECIFIED.,.F.,.F.,(4,4),(0.,1.),.UNSPECIFIED.);
#156=B_SPLINE_CURVE_WITH_KNOTS('',3,(#4074,#4075,#4076,#4077,#4078,#4079,
#4080),.UNSPECIFIED.,.F.,.F.,(4,3,4),(0.,0.522087090364087,1.),
 .UNSPECIFIED.);
#157=B_SPLINE_CURVE_WITH_KNOTS('',1,(#4090,#4091),.UNSPECIFIED.,.F.,.F.,
(2,2),(0.,1.),.UNSPECIFIED.);
#158=B_SPLINE_CURVE_WITH_KNOTS('',3,(#4095,#4096,#4097,#4098,#4099,#4100,
#4101,#4102,#4103,#4104),.UNSPECIFIED.,.F.,.F.,(4,2,2,2,4),(0.,0.25,0.375,
0.5,1.),.UNSPECIFIED.);
#159=B_SPLINE_CURVE_WITH_KNOTS('',3,(#4105,#4106,#4107,#4108,#4109,#4110,
#4111,#4112,#4113,#4114,#4115,#4116,#4117,#4118,#4119,#4120,#4121,#4122),
 .UNSPECIFIED.,.F.,.F.,(4,3,1,2,2,2,1,3,4),(0.,0.0134874711658464,0.0833333333333333,
0.291666666666667,0.5,0.708333333333333,0.916666666666667,0.971643409793472,
1.),.UNSPECIFIED.);
#160=B_SPLINE_CURVE_WITH_KNOTS('',3,(#4131,#4132,#4133,#4134,#4135,#4136,
#4137,#4138,#4139,#4140,#4141,#4142,#4143,#4144,#4145,#4146,#4147,#4148,
#4149,#4150,#4151,#4152),.UNSPECIFIED.,.F.,.F.,(4,3,3,3,3,3,3,4),(0.,0.3300706519897,
0.529311357799925,0.65745222880104,0.76354480973416,0.869818977682626,0.974038660764981,
1.),.UNSPECIFIED.);
#161=B_SPLINE_CURVE_WITH_KNOTS('',3,(#4154,#4155,#4156,#4157),
 .UNSPECIFIED.,.F.,.F.,(4,4),(0.,1.),.UNSPECIFIED.);
#162=B_SPLINE_CURVE_WITH_KNOTS('',3,(#4159,#4160,#4161,#4162,#4163,#4164,
#4165),.UNSPECIFIED.,.F.,.F.,(4,3,4),(0.,0.522087089490183,1.),
 .UNSPECIFIED.);
#163=B_SPLINE_CURVE_WITH_KNOTS('',3,(#4171,#4172,#4173,#4174),
 .UNSPECIFIED.,.F.,.F.,(4,4),(0.,1.),.UNSPECIFIED.);
#164=B_SPLINE_CURVE_WITH_KNOTS('',3,(#4176,#4177,#4178,#4179),
 .UNSPECIFIED.,.F.,.F.,(4,4),(0.,1.),.UNSPECIFIED.);
#165=B_SPLINE_CURVE_WITH_KNOTS('',3,(#4180,#4181,#4182,#4183,#4184,#4185,
#4186,#4187,#4188,#4189,#4190,#4191,#4192,#4193,#4194,#4195,#4196,#4197),
 .UNSPECIFIED.,.F.,.F.,(4,3,1,2,2,2,1,3,4),(0.,0.0134874711658453,0.0833333333333333,
0.291666666666667,0.5,0.708333333333333,0.916666666666667,0.971643409793482,
1.),.UNSPECIFIED.);
#166=FACE_BOUND('',#423,.T.);
#167=FACE_BOUND('',#424,.T.);
#168=FACE_BOUND('',#426,.T.);
#169=FACE_BOUND('',#427,.T.);
#170=FACE_BOUND('',#467,.T.);
#171=FACE_BOUND('',#468,.T.);
#172=CYLINDRICAL_SURFACE('',#1621,4.3);
#173=CYLINDRICAL_SURFACE('',#1628,4.3);
#174=CYLINDRICAL_SURFACE('',#1636,4.1);
#175=CYLINDRICAL_SURFACE('',#1638,4.1);
#176=CYLINDRICAL_SURFACE('',#1654,0.495936167228694);
#177=CYLINDRICAL_SURFACE('',#1655,0.442171034173352);
#178=CYLINDRICAL_SURFACE('',#1656,0.495990638755806);
#179=CYLINDRICAL_SURFACE('',#1657,0.442171034172556);
#180=CYLINDRICAL_SURFACE('',#1662,2.75);
#181=CYLINDRICAL_SURFACE('',#1665,2.75);
#182=CYLINDRICAL_SURFACE('',#1668,3.15);
#183=CYLINDRICAL_SURFACE('',#1671,3.15);
#184=CYLINDRICAL_SURFACE('',#1682,1.125);
#185=CYLINDRICAL_SURFACE('',#1686,1.125);
#186=CYLINDRICAL_SURFACE('',#1695,0.989634365059926);
#187=CYLINDRICAL_SURFACE('',#1697,0.989634365060161);
#188=CYLINDRICAL_SURFACE('',#1698,0.920391046058848);
#189=CYLINDRICAL_SURFACE('',#1699,0.725);
#190=CYLINDRICAL_SURFACE('',#1706,0.725);
#191=CYLINDRICAL_SURFACE('',#1707,0.920391046044047);
#192=CYLINDRICAL_SURFACE('',#1713,1.);
#193=CYLINDRICAL_SURFACE('',#1715,1.4);
#194=CYLINDRICAL_SURFACE('',#1720,1.4);
#195=CYLINDRICAL_SURFACE('',#1722,1.);
#196=ADVANCED_FACE('',(#332),#283,.T.);
#197=ADVANCED_FACE('',(#333),#284,.T.);
#198=ADVANCED_FACE('',(#334),#172,.T.);
#199=ADVANCED_FACE('',(#335),#285,.T.);
#200=ADVANCED_FACE('',(#336),#286,.T.);
#201=ADVANCED_FACE('',(#337),#173,.T.);
#202=ADVANCED_FACE('',(#338),#287,.T.);
#203=ADVANCED_FACE('',(#166,#167),#288,.T.);
#204=ADVANCED_FACE('',(#339),#289,.T.);
#205=ADVANCED_FACE('',(#168,#169),#290,.T.);
#206=ADVANCED_FACE('',(#340),#291,.T.);
#207=ADVANCED_FACE('',(#341),#292,.T.);
#208=ADVANCED_FACE('',(#342),#293,.T.);
#209=ADVANCED_FACE('',(#343),#174,.F.);
#210=ADVANCED_FACE('',(#344),#294,.T.);
#211=ADVANCED_FACE('',(#345),#175,.F.);
#212=ADVANCED_FACE('',(#346),#295,.F.);
#213=ADVANCED_FACE('',(#347),#296,.F.);
#214=ADVANCED_FACE('',(#348),#297,.F.);
#215=ADVANCED_FACE('',(#349),#298,.T.);
#216=ADVANCED_FACE('',(#350),#299,.T.);
#217=ADVANCED_FACE('',(#351),#300,.F.);
#218=ADVANCED_FACE('',(#352),#61,.F.);
#219=ADVANCED_FACE('',(#353),#301,.T.);
#220=ADVANCED_FACE('',(#354),#302,.T.);
#221=ADVANCED_FACE('',(#355),#303,.T.);
#222=ADVANCED_FACE('',(#356),#304,.T.);
#223=ADVANCED_FACE('',(#357),#60,.T.);
#224=ADVANCED_FACE('',(#358),#305,.F.);
#225=ADVANCED_FACE('',(#359),#62,.T.);
#226=ADVANCED_FACE('',(#360),#63,.T.);
#227=ADVANCED_FACE('',(#361),#64,.F.);
#228=ADVANCED_FACE('',(#362),#176,.F.);
#229=ADVANCED_FACE('',(#363),#65,.F.);
#230=ADVANCED_FACE('',(#364),#66,.F.);
#231=ADVANCED_FACE('',(#365),#67,.F.);
#232=ADVANCED_FACE('',(#366),#177,.T.);
#233=ADVANCED_FACE('',(#367),#178,.F.);
#234=ADVANCED_FACE('',(#368),#68,.T.);
#235=ADVANCED_FACE('',(#369),#69,.T.);
#236=ADVANCED_FACE('',(#370),#70,.T.);
#237=ADVANCED_FACE('',(#371),#71,.T.);
#238=ADVANCED_FACE('',(#372),#179,.T.);
#239=ADVANCED_FACE('',(#373),#306,.T.);
#240=ADVANCED_FACE('',(#374),#307,.F.);
#241=ADVANCED_FACE('',(#375),#180,.F.);
#242=ADVANCED_FACE('',(#376),#181,.F.);
#243=ADVANCED_FACE('',(#377),#182,.T.);
#244=ADVANCED_FACE('',(#378),#183,.T.);
#245=ADVANCED_FACE('',(#170,#171),#308,.F.);
#246=ADVANCED_FACE('',(#379),#309,.T.);
#247=ADVANCED_FACE('',(#380),#310,.F.);
#248=ADVANCED_FACE('',(#381),#311,.T.);
#249=ADVANCED_FACE('',(#382),#312,.F.);
#250=ADVANCED_FACE('',(#383),#313,.T.);
#251=ADVANCED_FACE('',(#384),#314,.T.);
#252=ADVANCED_FACE('',(#385),#315,.T.);
#253=ADVANCED_FACE('',(#386),#184,.T.);
#254=ADVANCED_FACE('',(#387),#316,.T.);
#255=ADVANCED_FACE('',(#388),#185,.T.);
#256=ADVANCED_FACE('',(#389),#317,.T.);
#257=ADVANCED_FACE('',(#390),#318,.T.);
#258=ADVANCED_FACE('',(#391),#319,.F.);
#259=ADVANCED_FACE('',(#392),#320,.F.);
#260=ADVANCED_FACE('',(#393),#186,.T.);
#261=ADVANCED_FACE('',(#394),#321,.T.);
#262=ADVANCED_FACE('',(#395),#187,.T.);
#263=ADVANCED_FACE('',(#396),#188,.F.);
#264=ADVANCED_FACE('',(#397),#189,.F.);
#265=ADVANCED_FACE('',(#398),#322,.F.);
#266=ADVANCED_FACE('',(#399),#323,.F.);
#267=ADVANCED_FACE('',(#400),#42,.F.);
#268=ADVANCED_FACE('',(#401),#324,.F.);
#269=ADVANCED_FACE('',(#402),#190,.F.);
#270=ADVANCED_FACE('',(#403),#191,.F.);
#271=ADVANCED_FACE('',(#404),#325,.T.);
#272=ADVANCED_FACE('',(#405),#326,.T.);
#273=ADVANCED_FACE('',(#406),#43,.F.);
#274=ADVANCED_FACE('',(#407),#327,.F.);
#275=ADVANCED_FACE('',(#408),#192,.F.);
#276=ADVANCED_FACE('',(#409),#193,.T.);
#277=ADVANCED_FACE('',(#410),#328,.F.);
#278=ADVANCED_FACE('',(#411),#329,.F.);
#279=ADVANCED_FACE('',(#412),#330,.F.);
#280=ADVANCED_FACE('',(#413),#194,.T.);
#281=ADVANCED_FACE('',(#414),#195,.F.);
#282=ADVANCED_FACE('',(#415),#331,.T.);
#283=PLANE('',#1617);
#284=PLANE('',#1620);
#285=PLANE('',#1624);
#286=PLANE('',#1627);
#287=PLANE('',#1629);
#288=PLANE('',#1630);
#289=PLANE('',#1631);
#290=PLANE('',#1632);
#291=PLANE('',#1633);
#292=PLANE('',#1634);
#293=PLANE('',#1635);
#294=PLANE('',#1637);
#295=PLANE('',#1639);
#296=PLANE('',#1640);
#297=PLANE('',#1641);
#298=PLANE('',#1644);
#299=PLANE('',#1645);
#300=PLANE('',#1646);
#301=PLANE('',#1647);
#302=PLANE('',#1648);
#303=PLANE('',#1649);
#304=PLANE('',#1650);
#305=PLANE('',#1653);
#306=PLANE('',#1658);
#307=PLANE('',#1659);
#308=PLANE('',#1672);
#309=PLANE('',#1673);
#310=PLANE('',#1674);
#311=PLANE('',#1675);
#312=PLANE('',#1676);
#313=PLANE('',#1677);
#314=PLANE('',#1678);
#315=PLANE('',#1679);
#316=PLANE('',#1683);
#317=PLANE('',#1689);
#318=PLANE('',#1692);
#319=PLANE('',#1693);
#320=PLANE('',#1694);
#321=PLANE('',#1696);
#322=PLANE('',#1701);
#323=PLANE('',#1703);
#324=PLANE('',#1705);
#325=PLANE('',#1708);
#326=PLANE('',#1709);
#327=PLANE('',#1711);
#328=PLANE('',#1716);
#329=PLANE('',#1717);
#330=PLANE('',#1718);
#331=PLANE('',#1723);
#332=FACE_OUTER_BOUND('',#416,.T.);
#333=FACE_OUTER_BOUND('',#417,.T.);
#334=FACE_OUTER_BOUND('',#418,.T.);
#335=FACE_OUTER_BOUND('',#419,.T.);
#336=FACE_OUTER_BOUND('',#420,.T.);
#337=FACE_OUTER_BOUND('',#421,.T.);
#338=FACE_OUTER_BOUND('',#422,.T.);
#339=FACE_OUTER_BOUND('',#425,.T.);
#340=FACE_OUTER_BOUND('',#428,.T.);
#341=FACE_OUTER_BOUND('',#429,.T.);
#342=FACE_OUTER_BOUND('',#430,.T.);
#343=FACE_OUTER_BOUND('',#431,.T.);
#344=FACE_OUTER_BOUND('',#432,.T.);
#345=FACE_OUTER_BOUND('',#433,.T.);
#346=FACE_OUTER_BOUND('',#434,.T.);
#347=FACE_OUTER_BOUND('',#435,.T.);
#348=FACE_OUTER_BOUND('',#436,.T.);
#349=FACE_OUTER_BOUND('',#437,.T.);
#350=FACE_OUTER_BOUND('',#438,.T.);
#351=FACE_OUTER_BOUND('',#439,.T.);
#352=FACE_OUTER_BOUND('',#440,.T.);
#353=FACE_OUTER_BOUND('',#441,.T.);
#354=FACE_OUTER_BOUND('',#442,.T.);
#355=FACE_OUTER_BOUND('',#443,.T.);
#356=FACE_OUTER_BOUND('',#444,.T.);
#357=FACE_OUTER_BOUND('',#445,.T.);
#358=FACE_OUTER_BOUND('',#446,.T.);
#359=FACE_OUTER_BOUND('',#447,.T.);
#360=FACE_OUTER_BOUND('',#448,.T.);
#361=FACE_OUTER_BOUND('',#449,.T.);
#362=FACE_OUTER_BOUND('',#450,.T.);
#363=FACE_OUTER_BOUND('',#451,.T.);
#364=FACE_OUTER_BOUND('',#452,.T.);
#365=FACE_OUTER_BOUND('',#453,.T.);
#366=FACE_OUTER_BOUND('',#454,.T.);
#367=FACE_OUTER_BOUND('',#455,.T.);
#368=FACE_OUTER_BOUND('',#456,.T.);
#369=FACE_OUTER_BOUND('',#457,.T.);
#370=FACE_OUTER_BOUND('',#458,.T.);
#371=FACE_OUTER_BOUND('',#459,.T.);
#372=FACE_OUTER_BOUND('',#460,.T.);
#373=FACE_OUTER_BOUND('',#461,.T.);
#374=FACE_OUTER_BOUND('',#462,.T.);
#375=FACE_OUTER_BOUND('',#463,.T.);
#376=FACE_OUTER_BOUND('',#464,.T.);
#377=FACE_OUTER_BOUND('',#465,.T.);
#378=FACE_OUTER_BOUND('',#466,.T.);
#379=FACE_OUTER_BOUND('',#469,.T.);
#380=FACE_OUTER_BOUND('',#470,.T.);
#381=FACE_OUTER_BOUND('',#471,.T.);
#382=FACE_OUTER_BOUND('',#472,.T.);
#383=FACE_OUTER_BOUND('',#473,.T.);
#384=FACE_OUTER_BOUND('',#474,.T.);
#385=FACE_OUTER_BOUND('',#475,.T.);
#386=FACE_OUTER_BOUND('',#476,.T.);
#387=FACE_OUTER_BOUND('',#477,.T.);
#388=FACE_OUTER_BOUND('',#478,.T.);
#389=FACE_OUTER_BOUND('',#479,.T.);
#390=FACE_OUTER_BOUND('',#480,.T.);
#391=FACE_OUTER_BOUND('',#481,.T.);
#392=FACE_OUTER_BOUND('',#482,.T.);
#393=FACE_OUTER_BOUND('',#483,.T.);
#394=FACE_OUTER_BOUND('',#484,.T.);
#395=FACE_OUTER_BOUND('',#485,.T.);
#396=FACE_OUTER_BOUND('',#486,.T.);
#397=FACE_OUTER_BOUND('',#487,.T.);
#398=FACE_OUTER_BOUND('',#488,.T.);
#399=FACE_OUTER_BOUND('',#489,.T.);
#400=FACE_OUTER_BOUND('',#490,.T.);
#401=FACE_OUTER_BOUND('',#491,.T.);
#402=FACE_OUTER_BOUND('',#492,.T.);
#403=FACE_OUTER_BOUND('',#493,.T.);
#404=FACE_OUTER_BOUND('',#494,.T.);
#405=FACE_OUTER_BOUND('',#495,.T.);
#406=FACE_OUTER_BOUND('',#496,.T.);
#407=FACE_OUTER_BOUND('',#497,.T.);
#408=FACE_OUTER_BOUND('',#498,.T.);
#409=FACE_OUTER_BOUND('',#499,.T.);
#410=FACE_OUTER_BOUND('',#500,.T.);
#411=FACE_OUTER_BOUND('',#501,.T.);
#412=FACE_OUTER_BOUND('',#502,.T.);
#413=FACE_OUTER_BOUND('',#503,.T.);
#414=FACE_OUTER_BOUND('',#504,.T.);
#415=FACE_OUTER_BOUND('',#505,.T.);
#416=EDGE_LOOP('',(#728,#729,#730,#731));
#417=EDGE_LOOP('',(#732,#733,#734,#735));
#418=EDGE_LOOP('',(#736,#737,#738,#739));
#419=EDGE_LOOP('',(#740,#741,#742,#743));
#420=EDGE_LOOP('',(#744,#745,#746,#747));
#421=EDGE_LOOP('',(#748,#749,#750,#751));
#422=EDGE_LOOP('',(#752,#753,#754,#755));
#423=EDGE_LOOP('',(#756,#757,#758,#759));
#424=EDGE_LOOP('',(#760,#761,#762,#763,#764,#765,#766,#767));
#425=EDGE_LOOP('',(#768,#769,#770,#771));
#426=EDGE_LOOP('',(#772,#773,#774,#775));
#427=EDGE_LOOP('',(#776,#777,#778,#779));
#428=EDGE_LOOP('',(#780,#781,#782,#783));
#429=EDGE_LOOP('',(#784,#785,#786,#787,#788,#789,#790,#791,#792,#793,#794,
#795,#796,#797,#798,#799,#800,#801));
#430=EDGE_LOOP('',(#802,#803,#804,#805));
#431=EDGE_LOOP('',(#806,#807,#808,#809));
#432=EDGE_LOOP('',(#810,#811,#812,#813));
#433=EDGE_LOOP('',(#814,#815,#816,#817));
#434=EDGE_LOOP('',(#818,#819,#820,#821));
#435=EDGE_LOOP('',(#822,#823,#824,#825));
#436=EDGE_LOOP('',(#826,#827,#828,#829));
#437=EDGE_LOOP('',(#830,#831,#832,#833,#834,#835));
#438=EDGE_LOOP('',(#836,#837,#838,#839,#840));
#439=EDGE_LOOP('',(#841,#842,#843,#844,#845));
#440=EDGE_LOOP('',(#846,#847,#848,#849,#850,#851,#852,#853,#854,#855,#856,
#857,#858,#859,#860));
#441=EDGE_LOOP('',(#861,#862,#863,#864));
#442=EDGE_LOOP('',(#865,#866,#867,#868,#869));
#443=EDGE_LOOP('',(#870,#871,#872,#873,#874));
#444=EDGE_LOOP('',(#875,#876,#877,#878));
#445=EDGE_LOOP('',(#879,#880,#881,#882,#883,#884));
#446=EDGE_LOOP('',(#885,#886,#887,#888,#889,#890));
#447=EDGE_LOOP('',(#891,#892,#893,#894,#895,#896,#897,#898,#899,#900,#901,
#902,#903,#904,#905,#906,#907,#908,#909,#910));
#448=EDGE_LOOP('',(#911,#912,#913,#914,#915));
#449=EDGE_LOOP('',(#916,#917,#918,#919,#920,#921,#922,#923,#924,#925,#926,
#927,#928,#929,#930,#931,#932));
#450=EDGE_LOOP('',(#933,#934,#935,#936));
#451=EDGE_LOOP('',(#937,#938,#939,#940));
#452=EDGE_LOOP('',(#941,#942,#943,#944));
#453=EDGE_LOOP('',(#945,#946,#947,#948,#949,#950,#951));
#454=EDGE_LOOP('',(#952,#953,#954,#955));
#455=EDGE_LOOP('',(#956,#957,#958,#959));
#456=EDGE_LOOP('',(#960,#961,#962,#963,#964,#965));
#457=EDGE_LOOP('',(#966,#967,#968,#969));
#458=EDGE_LOOP('',(#970,#971,#972,#973));
#459=EDGE_LOOP('',(#974,#975,#976,#977,#978,#979,#980));
#460=EDGE_LOOP('',(#981,#982,#983,#984));
#461=EDGE_LOOP('',(#985,#986,#987,#988));
#462=EDGE_LOOP('',(#989,#990,#991,#992));
#463=EDGE_LOOP('',(#993,#994,#995,#996));
#464=EDGE_LOOP('',(#997,#998,#999,#1000));
#465=EDGE_LOOP('',(#1001,#1002,#1003,#1004));
#466=EDGE_LOOP('',(#1005,#1006,#1007,#1008));
#467=EDGE_LOOP('',(#1009,#1010,#1011,#1012));
#468=EDGE_LOOP('',(#1013,#1014,#1015,#1016));
#469=EDGE_LOOP('',(#1017,#1018,#1019,#1020,#1021,#1022,#1023,#1024));
#470=EDGE_LOOP('',(#1025,#1026,#1027,#1028));
#471=EDGE_LOOP('',(#1029,#1030,#1031,#1032));
#472=EDGE_LOOP('',(#1033,#1034,#1035,#1036));
#473=EDGE_LOOP('',(#1037,#1038,#1039,#1040));
#474=EDGE_LOOP('',(#1041,#1042,#1043,#1044));
#475=EDGE_LOOP('',(#1045,#1046,#1047,#1048));
#476=EDGE_LOOP('',(#1049,#1050,#1051,#1052,#1053));
#477=EDGE_LOOP('',(#1054,#1055,#1056,#1057));
#478=EDGE_LOOP('',(#1058,#1059,#1060,#1061,#1062));
#479=EDGE_LOOP('',(#1063,#1064,#1065,#1066,#1067,#1068,#1069,#1070));
#480=EDGE_LOOP('',(#1071,#1072,#1073,#1074,#1075,#1076,#1077,#1078));
#481=EDGE_LOOP('',(#1079,#1080,#1081,#1082));
#482=EDGE_LOOP('',(#1083,#1084,#1085,#1086));
#483=EDGE_LOOP('',(#1087,#1088,#1089));
#484=EDGE_LOOP('',(#1090,#1091,#1092,#1093));
#485=EDGE_LOOP('',(#1094,#1095,#1096));
#486=EDGE_LOOP('',(#1097,#1098,#1099));
#487=EDGE_LOOP('',(#1100,#1101,#1102,#1103,#1104,#1105));
#488=EDGE_LOOP('',(#1106,#1107,#1108,#1109));
#489=EDGE_LOOP('',(#1110,#1111,#1112));
#490=EDGE_LOOP('',(#1113,#1114,#1115));
#491=EDGE_LOOP('',(#1116,#1117,#1118,#1119));
#492=EDGE_LOOP('',(#1120,#1121,#1122,#1123,#1124,#1125));
#493=EDGE_LOOP('',(#1126,#1127,#1128));
#494=EDGE_LOOP('',(#1129,#1130,#1131,#1132));
#495=EDGE_LOOP('',(#1133,#1134,#1135,#1136));
#496=EDGE_LOOP('',(#1137,#1138,#1139));
#497=EDGE_LOOP('',(#1140,#1141,#1142));
#498=EDGE_LOOP('',(#1143,#1144,#1145,#1146,#1147,#1148,#1149,#1150,#1151,
#1152));
#499=EDGE_LOOP('',(#1153,#1154,#1155,#1156,#1157,#1158,#1159,#1160,#1161,
#1162,#1163,#1164,#1165,#1166,#1167));
#500=EDGE_LOOP('',(#1168,#1169,#1170,#1171,#1172));
#501=EDGE_LOOP('',(#1173,#1174,#1175,#1176));
#502=EDGE_LOOP('',(#1177,#1178,#1179,#1180,#1181));
#503=EDGE_LOOP('',(#1182,#1183,#1184,#1185,#1186,#1187,#1188,#1189));
#504=EDGE_LOOP('',(#1190,#1191,#1192,#1193,#1194,#1195,#1196,#1197,#1198,
#1199));
#505=EDGE_LOOP('',(#1200,#1201,#1202,#1203));
#506=LINE('',#2060,#616);
#507=LINE('',#2064,#617);
#508=LINE('',#2066,#618);
#509=LINE('',#2071,#619);
#510=LINE('',#2075,#620);
#511=LINE('',#2076,#621);
#512=LINE('',#2081,#622);
#513=LINE('',#2085,#623);
#514=LINE('',#2087,#624);
#515=LINE('',#2092,#625);
#516=LINE('',#2096,#626);
#517=LINE('',#2097,#627);
#518=LINE('',#2099,#628);
#519=LINE('',#2102,#629);
#520=LINE('',#2104,#630);
#521=LINE('',#2106,#631);
#522=LINE('',#2108,#632);
#523=LINE('',#2109,#633);
#524=LINE('',#2112,#634);
#525=LINE('',#2114,#635);
#526=LINE('',#2116,#636);
#527=LINE('',#2118,#637);
#528=LINE('',#2119,#638);
#529=LINE('',#2121,#639);
#530=LINE('',#2123,#640);
#531=LINE('',#2125,#641);
#532=LINE('',#2127,#642);
#533=LINE('',#2129,#643);
#534=LINE('',#2130,#644);
#535=LINE('',#2132,#645);
#536=LINE('',#2134,#646);
#537=LINE('',#2156,#647);
#538=LINE('',#2158,#648);
#539=LINE('',#2160,#649);
#540=LINE('',#2179,#650);
#541=LINE('',#2181,#651);
#542=LINE('',#2183,#652);
#543=LINE('',#2202,#653);
#544=LINE('',#2224,#654);
#545=LINE('',#2226,#655);
#546=LINE('',#2229,#656);
#547=LINE('',#2232,#657);
#548=LINE('',#2242,#658);
#549=LINE('',#2244,#659);
#550=LINE('',#2246,#660);
#551=LINE('',#2248,#661);
#552=LINE('',#2257,#662);
#553=LINE('',#2258,#663);
#554=LINE('',#2267,#664);
#555=LINE('',#2621,#665);
#556=LINE('',#2664,#666);
#557=LINE('',#2730,#667);
#558=LINE('',#3389,#668);
#559=LINE('',#3428,#669);
#560=LINE('',#3718,#670);
#561=LINE('',#3740,#671);
#562=LINE('',#3882,#672);
#563=LINE('',#3885,#673);
#564=LINE('',#3887,#674);
#565=LINE('',#3889,#675);
#566=LINE('',#3891,#676);
#567=LINE('',#3894,#677);
#568=LINE('',#3896,#678);
#569=LINE('',#3898,#679);
#570=LINE('',#3902,#680);
#571=LINE('',#3910,#681);
#572=LINE('',#3914,#682);
#573=LINE('',#3922,#683);
#574=LINE('',#3924,#684);
#575=LINE('',#3925,#685);
#576=LINE('',#3927,#686);
#577=LINE('',#3928,#687);
#578=LINE('',#3930,#688);
#579=LINE('',#3932,#689);
#580=LINE('',#3934,#690);
#581=LINE('',#3936,#691);
#582=LINE('',#3938,#692);
#583=LINE('',#3940,#693);
#584=LINE('',#3942,#694);
#585=LINE('',#3944,#695);
#586=LINE('',#3946,#696);
#587=LINE('',#3949,#697);
#588=LINE('',#3951,#698);
#589=LINE('',#3953,#699);
#590=LINE('',#3955,#700);
#591=LINE('',#3957,#701);
#592=LINE('',#3969,#702);
#593=LINE('',#3972,#703);
#594=LINE('',#3985,#704);
#595=LINE('',#3989,#705);
#596=LINE('',#3993,#706);
#597=LINE('',#3997,#707);
#598=LINE('',#3999,#708);
#599=LINE('',#4000,#709);
#600=LINE('',#4002,#710);
#601=LINE('',#4004,#711);
#602=LINE('',#4006,#712);
#603=LINE('',#4024,#713);
#604=LINE('',#4082,#714);
#605=LINE('',#4084,#715);
#606=LINE('',#4087,#716);
#607=LINE('',#4123,#718);
#608=LINE('',#4127,#719);
#609=LINE('',#4129,#720);
#610=LINE('',#4167,#721);
#611=LINE('',#4169,#722);
#612=LINE('',#4201,#724);
#613=LINE('',#4204,#725);
#614=LINE('',#4206,#726);
#615=LINE('',#4209,#727);
#616=VECTOR('',#1728,1.);
#617=VECTOR('',#1731,1.);
#618=VECTOR('',#1734,1.);
#619=VECTOR('',#1737,1.);
#620=VECTOR('',#1742,1.);
#621=VECTOR('',#1743,1.);
#622=VECTOR('',#1748,1.);
#623=VECTOR('',#1751,1.);
#624=VECTOR('',#1754,1.);
#625=VECTOR('',#1757,1.);
#626=VECTOR('',#1762,1.);
#627=VECTOR('',#1763,1.);
#628=VECTOR('',#1766,1.);
#629=VECTOR('',#1767,1.);
#630=VECTOR('',#1768,1.);
#631=VECTOR('',#1769,1.);
#632=VECTOR('',#1772,1.);
#633=VECTOR('',#1773,1.);
#634=VECTOR('',#1774,1.);
#635=VECTOR('',#1775,1.);
#636=VECTOR('',#1776,1.);
#637=VECTOR('',#1777,1.);
#638=VECTOR('',#1778,1.);
#639=VECTOR('',#1779,1.);
#640=VECTOR('',#1782,1.);
#641=VECTOR('',#1783,1.);
#642=VECTOR('',#1786,1.);
#643=VECTOR('',#1787,1.);
#644=VECTOR('',#1788,1.);
#645=VECTOR('',#1791,1.);
#646=VECTOR('',#1794,1.);
#647=VECTOR('',#1795,1.);
#648=VECTOR('',#1796,1.);
#649=VECTOR('',#1797,1.);
#650=VECTOR('',#1798,1.);
#651=VECTOR('',#1799,1.);
#652=VECTOR('',#1800,1.);
#653=VECTOR('',#1801,1.);
#654=VECTOR('',#1802,1.);
#655=VECTOR('',#1805,1.);
#656=VECTOR('',#1810,1.);
#657=VECTOR('',#1815,1.);
#658=VECTOR('',#1816,1.);
#659=VECTOR('',#1819,1.);
#660=VECTOR('',#1820,1.);
#661=VECTOR('',#1821,1.);
#662=VECTOR('',#1824,1.);
#663=VECTOR('',#1825,1.);
#664=VECTOR('',#1830,1.);
#665=VECTOR('',#1839,1.);
#666=VECTOR('',#1844,1.);
#667=VECTOR('',#1851,1.);
#668=VECTOR('',#1858,1.);
#669=VECTOR('',#1859,1.);
#670=VECTOR('',#1864,1.);
#671=VECTOR('',#1865,1.);
#672=VECTOR('',#1868,1.);
#673=VECTOR('',#1869,1.);
#674=VECTOR('',#1870,1.);
#675=VECTOR('',#1871,1.);
#676=VECTOR('',#1874,1.);
#677=VECTOR('',#1875,1.);
#678=VECTOR('',#1876,1.);
#679=VECTOR('',#1877,1.);
#680=VECTOR('',#1882,1.);
#681=VECTOR('',#1891,1.);
#682=VECTOR('',#1896,1.);
#683=VECTOR('',#1905,1.);
#684=VECTOR('',#1908,1.);
#685=VECTOR('',#1909,1.);
#686=VECTOR('',#1912,1.);
#687=VECTOR('',#1913,1.);
#688=VECTOR('',#1916,1.);
#689=VECTOR('',#1919,1.);
#690=VECTOR('',#1922,1.);
#691=VECTOR('',#1923,1.);
#692=VECTOR('',#1924,1.);
#693=VECTOR('',#1927,1.);
#694=VECTOR('',#1928,1.);
#695=VECTOR('',#1929,1.);
#696=VECTOR('',#1932,1.);
#697=VECTOR('',#1933,1.);
#698=VECTOR('',#1934,1.);
#699=VECTOR('',#1935,1.);
#700=VECTOR('',#1938,1.);
#701=VECTOR('',#1941,1.);
#702=VECTOR('',#1948,1.);
#703=VECTOR('',#1953,1.);
#704=VECTOR('',#1960,1.);
#705=VECTOR('',#1965,1.);
#706=VECTOR('',#1968,1.);
#707=VECTOR('',#1971,1.);
#708=VECTOR('',#1974,1.);
#709=VECTOR('',#1975,1.);
#710=VECTOR('',#1978,1.);
#711=VECTOR('',#1979,1.);
#712=VECTOR('',#1980,1.);
#713=VECTOR('',#1985,1.);
#714=VECTOR('',#1992,1.);
#715=VECTOR('',#1995,1.);
#716=VECTOR('',#1996,0.999999999999999);
#717=VECTOR('',#2005,1.);
#718=VECTOR('',#2006,1.);
#719=VECTOR('',#2009,0.999999999999999);
#720=VECTOR('',#2012,1.);
#721=VECTOR('',#2017,1.);
#722=VECTOR('',#2020,1.);
#723=VECTOR('',#2023,1.);
#724=VECTOR('',#2030,1.);
#725=VECTOR('',#2035,1.);
#726=VECTOR('',#2038,1.);
#727=VECTOR('',#2043,1.);
#728=ORIENTED_EDGE('',*,*,#1356,.F.);
#729=ORIENTED_EDGE('',*,*,#1357,.F.);
#730=ORIENTED_EDGE('',*,*,#1358,.T.);
#731=ORIENTED_EDGE('',*,*,#1359,.T.);
#732=ORIENTED_EDGE('',*,*,#1360,.T.);
#733=ORIENTED_EDGE('',*,*,#1361,.T.);
#734=ORIENTED_EDGE('',*,*,#1362,.F.);
#735=ORIENTED_EDGE('',*,*,#1363,.F.);
#736=ORIENTED_EDGE('',*,*,#1364,.F.);
#737=ORIENTED_EDGE('',*,*,#1356,.T.);
#738=ORIENTED_EDGE('',*,*,#1365,.T.);
#739=ORIENTED_EDGE('',*,*,#1361,.F.);
#740=ORIENTED_EDGE('',*,*,#1366,.F.);
#741=ORIENTED_EDGE('',*,*,#1367,.T.);
#742=ORIENTED_EDGE('',*,*,#1368,.T.);
#743=ORIENTED_EDGE('',*,*,#1369,.F.);
#744=ORIENTED_EDGE('',*,*,#1370,.F.);
#745=ORIENTED_EDGE('',*,*,#1371,.T.);
#746=ORIENTED_EDGE('',*,*,#1372,.T.);
#747=ORIENTED_EDGE('',*,*,#1373,.F.);
#748=ORIENTED_EDGE('',*,*,#1374,.F.);
#749=ORIENTED_EDGE('',*,*,#1373,.T.);
#750=ORIENTED_EDGE('',*,*,#1375,.T.);
#751=ORIENTED_EDGE('',*,*,#1368,.F.);
#752=ORIENTED_EDGE('',*,*,#1376,.F.);
#753=ORIENTED_EDGE('',*,*,#1377,.T.);
#754=ORIENTED_EDGE('',*,*,#1378,.F.);
#755=ORIENTED_EDGE('',*,*,#1379,.F.);
#756=ORIENTED_EDGE('',*,*,#1367,.F.);
#757=ORIENTED_EDGE('',*,*,#1380,.T.);
#758=ORIENTED_EDGE('',*,*,#1370,.T.);
#759=ORIENTED_EDGE('',*,*,#1374,.T.);
#760=ORIENTED_EDGE('',*,*,#1381,.T.);
#761=ORIENTED_EDGE('',*,*,#1382,.T.);
#762=ORIENTED_EDGE('',*,*,#1383,.T.);
#763=ORIENTED_EDGE('',*,*,#1384,.F.);
#764=ORIENTED_EDGE('',*,*,#1385,.T.);
#765=ORIENTED_EDGE('',*,*,#1378,.T.);
#766=ORIENTED_EDGE('',*,*,#1386,.F.);
#767=ORIENTED_EDGE('',*,*,#1387,.F.);
#768=ORIENTED_EDGE('',*,*,#1388,.T.);
#769=ORIENTED_EDGE('',*,*,#1389,.T.);
#770=ORIENTED_EDGE('',*,*,#1386,.T.);
#771=ORIENTED_EDGE('',*,*,#1377,.F.);
#772=ORIENTED_EDGE('',*,*,#1376,.T.);
#773=ORIENTED_EDGE('',*,*,#1390,.F.);
#774=ORIENTED_EDGE('',*,*,#1391,.T.);
#775=ORIENTED_EDGE('',*,*,#1388,.F.);
#776=ORIENTED_EDGE('',*,*,#1392,.F.);
#777=ORIENTED_EDGE('',*,*,#1357,.T.);
#778=ORIENTED_EDGE('',*,*,#1364,.T.);
#779=ORIENTED_EDGE('',*,*,#1360,.F.);
#780=ORIENTED_EDGE('',*,*,#1393,.F.);
#781=ORIENTED_EDGE('',*,*,#1387,.T.);
#782=ORIENTED_EDGE('',*,*,#1389,.F.);
#783=ORIENTED_EDGE('',*,*,#1391,.F.);
#784=ORIENTED_EDGE('',*,*,#1394,.F.);
#785=ORIENTED_EDGE('',*,*,#1395,.F.);
#786=ORIENTED_EDGE('',*,*,#1396,.F.);
#787=ORIENTED_EDGE('',*,*,#1397,.F.);
#788=ORIENTED_EDGE('',*,*,#1398,.T.);
#789=ORIENTED_EDGE('',*,*,#1399,.T.);
#790=ORIENTED_EDGE('',*,*,#1400,.T.);
#791=ORIENTED_EDGE('',*,*,#1401,.F.);
#792=ORIENTED_EDGE('',*,*,#1402,.F.);
#793=ORIENTED_EDGE('',*,*,#1403,.T.);
#794=ORIENTED_EDGE('',*,*,#1404,.F.);
#795=ORIENTED_EDGE('',*,*,#1405,.F.);
#796=ORIENTED_EDGE('',*,*,#1406,.T.);
#797=ORIENTED_EDGE('',*,*,#1381,.F.);
#798=ORIENTED_EDGE('',*,*,#1393,.T.);
#799=ORIENTED_EDGE('',*,*,#1390,.T.);
#800=ORIENTED_EDGE('',*,*,#1379,.T.);
#801=ORIENTED_EDGE('',*,*,#1385,.F.);
#802=ORIENTED_EDGE('',*,*,#1362,.T.);
#803=ORIENTED_EDGE('',*,*,#1365,.F.);
#804=ORIENTED_EDGE('',*,*,#1359,.F.);
#805=ORIENTED_EDGE('',*,*,#1407,.T.);
#806=ORIENTED_EDGE('',*,*,#1407,.F.);
#807=ORIENTED_EDGE('',*,*,#1358,.F.);
#808=ORIENTED_EDGE('',*,*,#1392,.T.);
#809=ORIENTED_EDGE('',*,*,#1363,.T.);
#810=ORIENTED_EDGE('',*,*,#1369,.T.);
#811=ORIENTED_EDGE('',*,*,#1375,.F.);
#812=ORIENTED_EDGE('',*,*,#1372,.F.);
#813=ORIENTED_EDGE('',*,*,#1408,.F.);
#814=ORIENTED_EDGE('',*,*,#1408,.T.);
#815=ORIENTED_EDGE('',*,*,#1371,.F.);
#816=ORIENTED_EDGE('',*,*,#1380,.F.);
#817=ORIENTED_EDGE('',*,*,#1366,.T.);
#818=ORIENTED_EDGE('',*,*,#1409,.F.);
#819=ORIENTED_EDGE('',*,*,#1410,.T.);
#820=ORIENTED_EDGE('',*,*,#1411,.F.);
#821=ORIENTED_EDGE('',*,*,#1383,.F.);
#822=ORIENTED_EDGE('',*,*,#1412,.T.);
#823=ORIENTED_EDGE('',*,*,#1413,.F.);
#824=ORIENTED_EDGE('',*,*,#1414,.F.);
#825=ORIENTED_EDGE('',*,*,#1401,.T.);
#826=ORIENTED_EDGE('',*,*,#1415,.F.);
#827=ORIENTED_EDGE('',*,*,#1416,.F.);
#828=ORIENTED_EDGE('',*,*,#1413,.T.);
#829=ORIENTED_EDGE('',*,*,#1417,.T.);
#830=ORIENTED_EDGE('',*,*,#1418,.T.);
#831=ORIENTED_EDGE('',*,*,#1419,.T.);
#832=ORIENTED_EDGE('',*,*,#1420,.T.);
#833=ORIENTED_EDGE('',*,*,#1421,.F.);
#834=ORIENTED_EDGE('',*,*,#1422,.T.);
#835=ORIENTED_EDGE('',*,*,#1404,.T.);
#836=ORIENTED_EDGE('',*,*,#1423,.T.);
#837=ORIENTED_EDGE('',*,*,#1424,.F.);
#838=ORIENTED_EDGE('',*,*,#1417,.F.);
#839=ORIENTED_EDGE('',*,*,#1412,.F.);
#840=ORIENTED_EDGE('',*,*,#1400,.F.);
#841=ORIENTED_EDGE('',*,*,#1402,.T.);
#842=ORIENTED_EDGE('',*,*,#1414,.T.);
#843=ORIENTED_EDGE('',*,*,#1416,.T.);
#844=ORIENTED_EDGE('',*,*,#1425,.T.);
#845=ORIENTED_EDGE('',*,*,#1426,.F.);
#846=ORIENTED_EDGE('',*,*,#1427,.F.);
#847=ORIENTED_EDGE('',*,*,#1428,.T.);
#848=ORIENTED_EDGE('',*,*,#1423,.F.);
#849=ORIENTED_EDGE('',*,*,#1399,.F.);
#850=ORIENTED_EDGE('',*,*,#1398,.F.);
#851=ORIENTED_EDGE('',*,*,#1429,.F.);
#852=ORIENTED_EDGE('',*,*,#1430,.F.);
#853=ORIENTED_EDGE('',*,*,#1431,.F.);
#854=ORIENTED_EDGE('',*,*,#1432,.F.);
#855=ORIENTED_EDGE('',*,*,#1433,.F.);
#856=ORIENTED_EDGE('',*,*,#1434,.F.);
#857=ORIENTED_EDGE('',*,*,#1435,.F.);
#858=ORIENTED_EDGE('',*,*,#1418,.F.);
#859=ORIENTED_EDGE('',*,*,#1403,.F.);
#860=ORIENTED_EDGE('',*,*,#1426,.T.);
#861=ORIENTED_EDGE('',*,*,#1436,.T.);
#862=ORIENTED_EDGE('',*,*,#1437,.T.);
#863=ORIENTED_EDGE('',*,*,#1438,.F.);
#864=ORIENTED_EDGE('',*,*,#1439,.T.);
#865=ORIENTED_EDGE('',*,*,#1411,.T.);
#866=ORIENTED_EDGE('',*,*,#1436,.F.);
#867=ORIENTED_EDGE('',*,*,#1440,.T.);
#868=ORIENTED_EDGE('',*,*,#1394,.T.);
#869=ORIENTED_EDGE('',*,*,#1384,.T.);
#870=ORIENTED_EDGE('',*,*,#1441,.T.);
#871=ORIENTED_EDGE('',*,*,#1409,.T.);
#872=ORIENTED_EDGE('',*,*,#1382,.F.);
#873=ORIENTED_EDGE('',*,*,#1406,.F.);
#874=ORIENTED_EDGE('',*,*,#1442,.T.);
#875=ORIENTED_EDGE('',*,*,#1443,.T.);
#876=ORIENTED_EDGE('',*,*,#1444,.F.);
#877=ORIENTED_EDGE('',*,*,#1445,.F.);
#878=ORIENTED_EDGE('',*,*,#1441,.F.);
#879=ORIENTED_EDGE('',*,*,#1445,.T.);
#880=ORIENTED_EDGE('',*,*,#1444,.T.);
#881=ORIENTED_EDGE('',*,*,#1446,.F.);
#882=ORIENTED_EDGE('',*,*,#1438,.T.);
#883=ORIENTED_EDGE('',*,*,#1437,.F.);
#884=ORIENTED_EDGE('',*,*,#1410,.F.);
#885=ORIENTED_EDGE('',*,*,#1447,.F.);
#886=ORIENTED_EDGE('',*,*,#1448,.T.);
#887=ORIENTED_EDGE('',*,*,#1449,.T.);
#888=ORIENTED_EDGE('',*,*,#1450,.T.);
#889=ORIENTED_EDGE('',*,*,#1429,.T.);
#890=ORIENTED_EDGE('',*,*,#1397,.T.);
#891=ORIENTED_EDGE('',*,*,#1396,.T.);
#892=ORIENTED_EDGE('',*,*,#1395,.T.);
#893=ORIENTED_EDGE('',*,*,#1440,.F.);
#894=ORIENTED_EDGE('',*,*,#1439,.F.);
#895=ORIENTED_EDGE('',*,*,#1446,.T.);
#896=ORIENTED_EDGE('',*,*,#1443,.F.);
#897=ORIENTED_EDGE('',*,*,#1442,.F.);
#898=ORIENTED_EDGE('',*,*,#1405,.T.);
#899=ORIENTED_EDGE('',*,*,#1422,.F.);
#900=ORIENTED_EDGE('',*,*,#1451,.T.);
#901=ORIENTED_EDGE('',*,*,#1452,.T.);
#902=ORIENTED_EDGE('',*,*,#1453,.T.);
#903=ORIENTED_EDGE('',*,*,#1454,.T.);
#904=ORIENTED_EDGE('',*,*,#1455,.T.);
#905=ORIENTED_EDGE('',*,*,#1456,.T.);
#906=ORIENTED_EDGE('',*,*,#1457,.T.);
#907=ORIENTED_EDGE('',*,*,#1458,.T.);
#908=ORIENTED_EDGE('',*,*,#1459,.T.);
#909=ORIENTED_EDGE('',*,*,#1460,.T.);
#910=ORIENTED_EDGE('',*,*,#1447,.T.);
#911=ORIENTED_EDGE('',*,*,#1428,.F.);
#912=ORIENTED_EDGE('',*,*,#1427,.T.);
#913=ORIENTED_EDGE('',*,*,#1425,.F.);
#914=ORIENTED_EDGE('',*,*,#1415,.T.);
#915=ORIENTED_EDGE('',*,*,#1424,.T.);
#916=ORIENTED_EDGE('',*,*,#1455,.F.);
#917=ORIENTED_EDGE('',*,*,#1454,.F.);
#918=ORIENTED_EDGE('',*,*,#1453,.F.);
#919=ORIENTED_EDGE('',*,*,#1452,.F.);
#920=ORIENTED_EDGE('',*,*,#1461,.F.);
#921=ORIENTED_EDGE('',*,*,#1462,.F.);
#922=ORIENTED_EDGE('',*,*,#1463,.F.);
#923=ORIENTED_EDGE('',*,*,#1464,.F.);
#924=ORIENTED_EDGE('',*,*,#1465,.F.);
#925=ORIENTED_EDGE('',*,*,#1466,.F.);
#926=ORIENTED_EDGE('',*,*,#1467,.F.);
#927=ORIENTED_EDGE('',*,*,#1468,.F.);
#928=ORIENTED_EDGE('',*,*,#1469,.F.);
#929=ORIENTED_EDGE('',*,*,#1470,.F.);
#930=ORIENTED_EDGE('',*,*,#1471,.F.);
#931=ORIENTED_EDGE('',*,*,#1472,.T.);
#932=ORIENTED_EDGE('',*,*,#1456,.F.);
#933=ORIENTED_EDGE('',*,*,#1451,.F.);
#934=ORIENTED_EDGE('',*,*,#1421,.T.);
#935=ORIENTED_EDGE('',*,*,#1473,.F.);
#936=ORIENTED_EDGE('',*,*,#1461,.T.);
#937=ORIENTED_EDGE('',*,*,#1474,.F.);
#938=ORIENTED_EDGE('',*,*,#1457,.F.);
#939=ORIENTED_EDGE('',*,*,#1472,.F.);
#940=ORIENTED_EDGE('',*,*,#1475,.T.);
#941=ORIENTED_EDGE('',*,*,#1476,.T.);
#942=ORIENTED_EDGE('',*,*,#1433,.T.);
#943=ORIENTED_EDGE('',*,*,#1477,.F.);
#944=ORIENTED_EDGE('',*,*,#1478,.T.);
#945=ORIENTED_EDGE('',*,*,#1479,.T.);
#946=ORIENTED_EDGE('',*,*,#1434,.T.);
#947=ORIENTED_EDGE('',*,*,#1476,.F.);
#948=ORIENTED_EDGE('',*,*,#1480,.T.);
#949=ORIENTED_EDGE('',*,*,#1481,.T.);
#950=ORIENTED_EDGE('',*,*,#1482,.T.);
#951=ORIENTED_EDGE('',*,*,#1483,.T.);
#952=ORIENTED_EDGE('',*,*,#1484,.T.);
#953=ORIENTED_EDGE('',*,*,#1419,.F.);
#954=ORIENTED_EDGE('',*,*,#1435,.T.);
#955=ORIENTED_EDGE('',*,*,#1479,.F.);
#956=ORIENTED_EDGE('',*,*,#1485,.T.);
#957=ORIENTED_EDGE('',*,*,#1448,.F.);
#958=ORIENTED_EDGE('',*,*,#1460,.F.);
#959=ORIENTED_EDGE('',*,*,#1486,.F.);
#960=ORIENTED_EDGE('',*,*,#1486,.T.);
#961=ORIENTED_EDGE('',*,*,#1459,.F.);
#962=ORIENTED_EDGE('',*,*,#1487,.F.);
#963=ORIENTED_EDGE('',*,*,#1488,.T.);
#964=ORIENTED_EDGE('',*,*,#1489,.T.);
#965=ORIENTED_EDGE('',*,*,#1490,.T.);
#966=ORIENTED_EDGE('',*,*,#1474,.T.);
#967=ORIENTED_EDGE('',*,*,#1491,.F.);
#968=ORIENTED_EDGE('',*,*,#1487,.T.);
#969=ORIENTED_EDGE('',*,*,#1458,.F.);
#970=ORIENTED_EDGE('',*,*,#1492,.F.);
#971=ORIENTED_EDGE('',*,*,#1493,.F.);
#972=ORIENTED_EDGE('',*,*,#1477,.T.);
#973=ORIENTED_EDGE('',*,*,#1432,.T.);
#974=ORIENTED_EDGE('',*,*,#1494,.F.);
#975=ORIENTED_EDGE('',*,*,#1495,.F.);
#976=ORIENTED_EDGE('',*,*,#1496,.F.);
#977=ORIENTED_EDGE('',*,*,#1497,.F.);
#978=ORIENTED_EDGE('',*,*,#1498,.F.);
#979=ORIENTED_EDGE('',*,*,#1492,.T.);
#980=ORIENTED_EDGE('',*,*,#1431,.T.);
#981=ORIENTED_EDGE('',*,*,#1430,.T.);
#982=ORIENTED_EDGE('',*,*,#1450,.F.);
#983=ORIENTED_EDGE('',*,*,#1499,.F.);
#984=ORIENTED_EDGE('',*,*,#1494,.T.);
#985=ORIENTED_EDGE('',*,*,#1500,.F.);
#986=ORIENTED_EDGE('',*,*,#1501,.T.);
#987=ORIENTED_EDGE('',*,*,#1502,.F.);
#988=ORIENTED_EDGE('',*,*,#1503,.F.);
#989=ORIENTED_EDGE('',*,*,#1504,.T.);
#990=ORIENTED_EDGE('',*,*,#1505,.T.);
#991=ORIENTED_EDGE('',*,*,#1506,.T.);
#992=ORIENTED_EDGE('',*,*,#1507,.F.);
#993=ORIENTED_EDGE('',*,*,#1508,.T.);
#994=ORIENTED_EDGE('',*,*,#1509,.T.);
#995=ORIENTED_EDGE('',*,*,#1510,.T.);
#996=ORIENTED_EDGE('',*,*,#1505,.F.);
#997=ORIENTED_EDGE('',*,*,#1511,.T.);
#998=ORIENTED_EDGE('',*,*,#1507,.T.);
#999=ORIENTED_EDGE('',*,*,#1512,.T.);
#1000=ORIENTED_EDGE('',*,*,#1513,.F.);
#1001=ORIENTED_EDGE('',*,*,#1514,.F.);
#1002=ORIENTED_EDGE('',*,*,#1515,.T.);
#1003=ORIENTED_EDGE('',*,*,#1516,.F.);
#1004=ORIENTED_EDGE('',*,*,#1501,.F.);
#1005=ORIENTED_EDGE('',*,*,#1517,.F.);
#1006=ORIENTED_EDGE('',*,*,#1503,.T.);
#1007=ORIENTED_EDGE('',*,*,#1518,.F.);
#1008=ORIENTED_EDGE('',*,*,#1519,.F.);
#1009=ORIENTED_EDGE('',*,*,#1517,.T.);
#1010=ORIENTED_EDGE('',*,*,#1520,.T.);
#1011=ORIENTED_EDGE('',*,*,#1514,.T.);
#1012=ORIENTED_EDGE('',*,*,#1500,.T.);
#1013=ORIENTED_EDGE('',*,*,#1508,.F.);
#1014=ORIENTED_EDGE('',*,*,#1504,.F.);
#1015=ORIENTED_EDGE('',*,*,#1511,.F.);
#1016=ORIENTED_EDGE('',*,*,#1521,.F.);
#1017=ORIENTED_EDGE('',*,*,#1516,.T.);
#1018=ORIENTED_EDGE('',*,*,#1522,.T.);
#1019=ORIENTED_EDGE('',*,*,#1512,.F.);
#1020=ORIENTED_EDGE('',*,*,#1506,.F.);
#1021=ORIENTED_EDGE('',*,*,#1510,.F.);
#1022=ORIENTED_EDGE('',*,*,#1523,.T.);
#1023=ORIENTED_EDGE('',*,*,#1518,.T.);
#1024=ORIENTED_EDGE('',*,*,#1502,.T.);
#1025=ORIENTED_EDGE('',*,*,#1521,.T.);
#1026=ORIENTED_EDGE('',*,*,#1513,.T.);
#1027=ORIENTED_EDGE('',*,*,#1524,.T.);
#1028=ORIENTED_EDGE('',*,*,#1509,.F.);
#1029=ORIENTED_EDGE('',*,*,#1520,.F.);
#1030=ORIENTED_EDGE('',*,*,#1519,.T.);
#1031=ORIENTED_EDGE('',*,*,#1525,.F.);
#1032=ORIENTED_EDGE('',*,*,#1515,.F.);
#1033=ORIENTED_EDGE('',*,*,#1522,.F.);
#1034=ORIENTED_EDGE('',*,*,#1526,.T.);
#1035=ORIENTED_EDGE('',*,*,#1527,.F.);
#1036=ORIENTED_EDGE('',*,*,#1528,.F.);
#1037=ORIENTED_EDGE('',*,*,#1523,.F.);
#1038=ORIENTED_EDGE('',*,*,#1529,.T.);
#1039=ORIENTED_EDGE('',*,*,#1530,.F.);
#1040=ORIENTED_EDGE('',*,*,#1531,.F.);
#1041=ORIENTED_EDGE('',*,*,#1532,.F.);
#1042=ORIENTED_EDGE('',*,*,#1533,.T.);
#1043=ORIENTED_EDGE('',*,*,#1534,.T.);
#1044=ORIENTED_EDGE('',*,*,#1535,.F.);
#1045=ORIENTED_EDGE('',*,*,#1524,.F.);
#1046=ORIENTED_EDGE('',*,*,#1528,.T.);
#1047=ORIENTED_EDGE('',*,*,#1536,.T.);
#1048=ORIENTED_EDGE('',*,*,#1529,.F.);
#1049=ORIENTED_EDGE('',*,*,#1537,.F.);
#1050=ORIENTED_EDGE('',*,*,#1538,.T.);
#1051=ORIENTED_EDGE('',*,*,#1532,.T.);
#1052=ORIENTED_EDGE('',*,*,#1539,.F.);
#1053=ORIENTED_EDGE('',*,*,#1540,.F.);
#1054=ORIENTED_EDGE('',*,*,#1525,.T.);
#1055=ORIENTED_EDGE('',*,*,#1531,.T.);
#1056=ORIENTED_EDGE('',*,*,#1541,.F.);
#1057=ORIENTED_EDGE('',*,*,#1526,.F.);
#1058=ORIENTED_EDGE('',*,*,#1534,.F.);
#1059=ORIENTED_EDGE('',*,*,#1542,.T.);
#1060=ORIENTED_EDGE('',*,*,#1543,.T.);
#1061=ORIENTED_EDGE('',*,*,#1544,.T.);
#1062=ORIENTED_EDGE('',*,*,#1545,.F.);
#1063=ORIENTED_EDGE('',*,*,#1538,.F.);
#1064=ORIENTED_EDGE('',*,*,#1530,.T.);
#1065=ORIENTED_EDGE('',*,*,#1546,.T.);
#1066=ORIENTED_EDGE('',*,*,#1547,.T.);
#1067=ORIENTED_EDGE('',*,*,#1548,.T.);
#1068=ORIENTED_EDGE('',*,*,#1527,.T.);
#1069=ORIENTED_EDGE('',*,*,#1542,.F.);
#1070=ORIENTED_EDGE('',*,*,#1533,.F.);
#1071=ORIENTED_EDGE('',*,*,#1545,.T.);
#1072=ORIENTED_EDGE('',*,*,#1549,.T.);
#1073=ORIENTED_EDGE('',*,*,#1550,.F.);
#1074=ORIENTED_EDGE('',*,*,#1551,.F.);
#1075=ORIENTED_EDGE('',*,*,#1552,.F.);
#1076=ORIENTED_EDGE('',*,*,#1553,.F.);
#1077=ORIENTED_EDGE('',*,*,#1539,.T.);
#1078=ORIENTED_EDGE('',*,*,#1535,.T.);
#1079=ORIENTED_EDGE('',*,*,#1554,.T.);
#1080=ORIENTED_EDGE('',*,*,#1551,.T.);
#1081=ORIENTED_EDGE('',*,*,#1555,.F.);
#1082=ORIENTED_EDGE('',*,*,#1547,.F.);
#1083=ORIENTED_EDGE('',*,*,#1556,.T.);
#1084=ORIENTED_EDGE('',*,*,#1557,.T.);
#1085=ORIENTED_EDGE('',*,*,#1558,.F.);
#1086=ORIENTED_EDGE('',*,*,#1536,.F.);
#1087=ORIENTED_EDGE('',*,*,#1540,.T.);
#1088=ORIENTED_EDGE('',*,*,#1559,.T.);
#1089=ORIENTED_EDGE('',*,*,#1560,.F.);
#1090=ORIENTED_EDGE('',*,*,#1543,.F.);
#1091=ORIENTED_EDGE('',*,*,#1541,.T.);
#1092=ORIENTED_EDGE('',*,*,#1537,.T.);
#1093=ORIENTED_EDGE('',*,*,#1561,.T.);
#1094=ORIENTED_EDGE('',*,*,#1562,.F.);
#1095=ORIENTED_EDGE('',*,*,#1544,.F.);
#1096=ORIENTED_EDGE('',*,*,#1563,.T.);
#1097=ORIENTED_EDGE('',*,*,#1564,.T.);
#1098=ORIENTED_EDGE('',*,*,#1565,.F.);
#1099=ORIENTED_EDGE('',*,*,#1566,.F.);
#1100=ORIENTED_EDGE('',*,*,#1558,.T.);
#1101=ORIENTED_EDGE('',*,*,#1564,.F.);
#1102=ORIENTED_EDGE('',*,*,#1567,.F.);
#1103=ORIENTED_EDGE('',*,*,#1552,.T.);
#1104=ORIENTED_EDGE('',*,*,#1554,.F.);
#1105=ORIENTED_EDGE('',*,*,#1546,.F.);
#1106=ORIENTED_EDGE('',*,*,#1568,.T.);
#1107=ORIENTED_EDGE('',*,*,#1569,.F.);
#1108=ORIENTED_EDGE('',*,*,#1553,.T.);
#1109=ORIENTED_EDGE('',*,*,#1570,.F.);
#1110=ORIENTED_EDGE('',*,*,#1571,.F.);
#1111=ORIENTED_EDGE('',*,*,#1569,.T.);
#1112=ORIENTED_EDGE('',*,*,#1572,.T.);
#1113=ORIENTED_EDGE('',*,*,#1559,.F.);
#1114=ORIENTED_EDGE('',*,*,#1571,.T.);
#1115=ORIENTED_EDGE('',*,*,#1573,.T.);
#1116=ORIENTED_EDGE('',*,*,#1574,.T.);
#1117=ORIENTED_EDGE('',*,*,#1575,.T.);
#1118=ORIENTED_EDGE('',*,*,#1549,.F.);
#1119=ORIENTED_EDGE('',*,*,#1576,.T.);
#1120=ORIENTED_EDGE('',*,*,#1555,.T.);
#1121=ORIENTED_EDGE('',*,*,#1550,.T.);
#1122=ORIENTED_EDGE('',*,*,#1577,.T.);
#1123=ORIENTED_EDGE('',*,*,#1578,.T.);
#1124=ORIENTED_EDGE('',*,*,#1556,.F.);
#1125=ORIENTED_EDGE('',*,*,#1548,.F.);
#1126=ORIENTED_EDGE('',*,*,#1579,.F.);
#1127=ORIENTED_EDGE('',*,*,#1578,.F.);
#1128=ORIENTED_EDGE('',*,*,#1580,.T.);
#1129=ORIENTED_EDGE('',*,*,#1557,.F.);
#1130=ORIENTED_EDGE('',*,*,#1579,.T.);
#1131=ORIENTED_EDGE('',*,*,#1581,.F.);
#1132=ORIENTED_EDGE('',*,*,#1565,.T.);
#1133=ORIENTED_EDGE('',*,*,#1561,.F.);
#1134=ORIENTED_EDGE('',*,*,#1560,.T.);
#1135=ORIENTED_EDGE('',*,*,#1582,.F.);
#1136=ORIENTED_EDGE('',*,*,#1563,.F.);
#1137=ORIENTED_EDGE('',*,*,#1562,.T.);
#1138=ORIENTED_EDGE('',*,*,#1583,.F.);
#1139=ORIENTED_EDGE('',*,*,#1584,.F.);
#1140=ORIENTED_EDGE('',*,*,#1576,.F.);
#1141=ORIENTED_EDGE('',*,*,#1584,.T.);
#1142=ORIENTED_EDGE('',*,*,#1585,.F.);
#1143=ORIENTED_EDGE('',*,*,#1580,.F.);
#1144=ORIENTED_EDGE('',*,*,#1577,.F.);
#1145=ORIENTED_EDGE('',*,*,#1575,.F.);
#1146=ORIENTED_EDGE('',*,*,#1586,.T.);
#1147=ORIENTED_EDGE('',*,*,#1484,.F.);
#1148=ORIENTED_EDGE('',*,*,#1483,.F.);
#1149=ORIENTED_EDGE('',*,*,#1482,.F.);
#1150=ORIENTED_EDGE('',*,*,#1481,.F.);
#1151=ORIENTED_EDGE('',*,*,#1480,.F.);
#1152=ORIENTED_EDGE('',*,*,#1587,.T.);
#1153=ORIENTED_EDGE('',*,*,#1470,.T.);
#1154=ORIENTED_EDGE('',*,*,#1469,.T.);
#1155=ORIENTED_EDGE('',*,*,#1468,.T.);
#1156=ORIENTED_EDGE('',*,*,#1467,.T.);
#1157=ORIENTED_EDGE('',*,*,#1466,.T.);
#1158=ORIENTED_EDGE('',*,*,#1465,.T.);
#1159=ORIENTED_EDGE('',*,*,#1464,.T.);
#1160=ORIENTED_EDGE('',*,*,#1463,.T.);
#1161=ORIENTED_EDGE('',*,*,#1462,.T.);
#1162=ORIENTED_EDGE('',*,*,#1473,.T.);
#1163=ORIENTED_EDGE('',*,*,#1588,.T.);
#1164=ORIENTED_EDGE('',*,*,#1585,.T.);
#1165=ORIENTED_EDGE('',*,*,#1583,.T.);
#1166=ORIENTED_EDGE('',*,*,#1589,.F.);
#1167=ORIENTED_EDGE('',*,*,#1471,.T.);
#1168=ORIENTED_EDGE('',*,*,#1491,.T.);
#1169=ORIENTED_EDGE('',*,*,#1475,.F.);
#1170=ORIENTED_EDGE('',*,*,#1589,.T.);
#1171=ORIENTED_EDGE('',*,*,#1582,.T.);
#1172=ORIENTED_EDGE('',*,*,#1590,.F.);
#1173=ORIENTED_EDGE('',*,*,#1588,.F.);
#1174=ORIENTED_EDGE('',*,*,#1420,.F.);
#1175=ORIENTED_EDGE('',*,*,#1586,.F.);
#1176=ORIENTED_EDGE('',*,*,#1574,.F.);
#1177=ORIENTED_EDGE('',*,*,#1581,.T.);
#1178=ORIENTED_EDGE('',*,*,#1587,.F.);
#1179=ORIENTED_EDGE('',*,*,#1478,.F.);
#1180=ORIENTED_EDGE('',*,*,#1493,.T.);
#1181=ORIENTED_EDGE('',*,*,#1591,.T.);
#1182=ORIENTED_EDGE('',*,*,#1573,.F.);
#1183=ORIENTED_EDGE('',*,*,#1572,.F.);
#1184=ORIENTED_EDGE('',*,*,#1592,.T.);
#1185=ORIENTED_EDGE('',*,*,#1485,.F.);
#1186=ORIENTED_EDGE('',*,*,#1490,.F.);
#1187=ORIENTED_EDGE('',*,*,#1489,.F.);
#1188=ORIENTED_EDGE('',*,*,#1488,.F.);
#1189=ORIENTED_EDGE('',*,*,#1590,.T.);
#1190=ORIENTED_EDGE('',*,*,#1593,.T.);
#1191=ORIENTED_EDGE('',*,*,#1570,.T.);
#1192=ORIENTED_EDGE('',*,*,#1567,.T.);
#1193=ORIENTED_EDGE('',*,*,#1566,.T.);
#1194=ORIENTED_EDGE('',*,*,#1591,.F.);
#1195=ORIENTED_EDGE('',*,*,#1498,.T.);
#1196=ORIENTED_EDGE('',*,*,#1497,.T.);
#1197=ORIENTED_EDGE('',*,*,#1496,.T.);
#1198=ORIENTED_EDGE('',*,*,#1495,.T.);
#1199=ORIENTED_EDGE('',*,*,#1499,.T.);
#1200=ORIENTED_EDGE('',*,*,#1592,.F.);
#1201=ORIENTED_EDGE('',*,*,#1568,.F.);
#1202=ORIENTED_EDGE('',*,*,#1593,.F.);
#1203=ORIENTED_EDGE('',*,*,#1449,.F.);
#1204=VERTEX_POINT('',#2058);
#1205=VERTEX_POINT('',#2059);
#1206=VERTEX_POINT('',#2061);
#1207=VERTEX_POINT('',#2063);
#1208=VERTEX_POINT('',#2067);
#1209=VERTEX_POINT('',#2068);
#1210=VERTEX_POINT('',#2070);
#1211=VERTEX_POINT('',#2072);
#1212=VERTEX_POINT('',#2079);
#1213=VERTEX_POINT('',#2080);
#1214=VERTEX_POINT('',#2082);
#1215=VERTEX_POINT('',#2084);
#1216=VERTEX_POINT('',#2088);
#1217=VERTEX_POINT('',#2089);
#1218=VERTEX_POINT('',#2091);
#1219=VERTEX_POINT('',#2093);
#1220=VERTEX_POINT('',#2100);
#1221=VERTEX_POINT('',#2101);
#1222=VERTEX_POINT('',#2103);
#1223=VERTEX_POINT('',#2105);
#1224=VERTEX_POINT('',#2110);
#1225=VERTEX_POINT('',#2111);
#1226=VERTEX_POINT('',#2113);
#1227=VERTEX_POINT('',#2115);
#1228=VERTEX_POINT('',#2117);
#1229=VERTEX_POINT('',#2120);
#1230=VERTEX_POINT('',#2124);
#1231=VERTEX_POINT('',#2128);
#1232=VERTEX_POINT('',#2135);
#1233=VERTEX_POINT('',#2155);
#1234=VERTEX_POINT('',#2157);
#1235=VERTEX_POINT('',#2159);
#1236=VERTEX_POINT('',#2161);
#1237=VERTEX_POINT('',#2178);
#1238=VERTEX_POINT('',#2180);
#1239=VERTEX_POINT('',#2182);
#1240=VERTEX_POINT('',#2184);
#1241=VERTEX_POINT('',#2201);
#1242=VERTEX_POINT('',#2203);
#1243=VERTEX_POINT('',#2223);
#1244=VERTEX_POINT('',#2233);
#1245=VERTEX_POINT('',#2241);
#1246=VERTEX_POINT('',#2245);
#1247=VERTEX_POINT('',#2247);
#1248=VERTEX_POINT('',#2255);
#1249=VERTEX_POINT('',#2256);
#1250=VERTEX_POINT('',#2264);
#1251=VERTEX_POINT('',#2266);
#1252=VERTEX_POINT('',#2268);
#1253=VERTEX_POINT('',#2270);
#1254=VERTEX_POINT('',#2289);
#1255=VERTEX_POINT('',#2299);
#1256=VERTEX_POINT('',#2320);
#1257=VERTEX_POINT('',#2335);
#1258=VERTEX_POINT('',#2340);
#1259=VERTEX_POINT('',#2362);
#1260=VERTEX_POINT('',#2367);
#1261=VERTEX_POINT('',#2372);
#1262=VERTEX_POINT('',#2394);
#1263=VERTEX_POINT('',#2622);
#1264=VERTEX_POINT('',#2627);
#1265=VERTEX_POINT('',#2644);
#1266=VERTEX_POINT('',#2665);
#1267=VERTEX_POINT('',#2684);
#1268=VERTEX_POINT('',#2701);
#1269=VERTEX_POINT('',#2727);
#1270=VERTEX_POINT('',#2729);
#1271=VERTEX_POINT('',#2731);
#1272=VERTEX_POINT('',#2738);
#1273=VERTEX_POINT('',#2743);
#1274=VERTEX_POINT('',#2748);
#1275=VERTEX_POINT('',#2759);
#1276=VERTEX_POINT('',#2764);
#1277=VERTEX_POINT('',#2769);
#1278=VERTEX_POINT('',#2774);
#1279=VERTEX_POINT('',#2779);
#1280=VERTEX_POINT('',#2788);
#1281=VERTEX_POINT('',#3104);
#1282=VERTEX_POINT('',#3109);
#1283=VERTEX_POINT('',#3114);
#1284=VERTEX_POINT('',#3119);
#1285=VERTEX_POINT('',#3124);
#1286=VERTEX_POINT('',#3129);
#1287=VERTEX_POINT('',#3134);
#1288=VERTEX_POINT('',#3139);
#1289=VERTEX_POINT('',#3144);
#1290=VERTEX_POINT('',#3149);
#1291=VERTEX_POINT('',#3154);
#1292=VERTEX_POINT('',#3388);
#1293=VERTEX_POINT('',#3422);
#1294=VERTEX_POINT('',#3427);
#1295=VERTEX_POINT('',#3449);
#1296=VERTEX_POINT('',#3455);
#1297=VERTEX_POINT('',#3467);
#1298=VERTEX_POINT('',#3479);
#1299=VERTEX_POINT('',#3590);
#1300=VERTEX_POINT('',#3600);
#1301=VERTEX_POINT('',#3606);
#1302=VERTEX_POINT('',#3623);
#1303=VERTEX_POINT('',#3739);
#1304=VERTEX_POINT('',#3761);
#1305=VERTEX_POINT('',#3766);
#1306=VERTEX_POINT('',#3771);
#1307=VERTEX_POINT('',#3776);
#1308=VERTEX_POINT('',#3883);
#1309=VERTEX_POINT('',#3884);
#1310=VERTEX_POINT('',#3886);
#1311=VERTEX_POINT('',#3888);
#1312=VERTEX_POINT('',#3892);
#1313=VERTEX_POINT('',#3893);
#1314=VERTEX_POINT('',#3895);
#1315=VERTEX_POINT('',#3897);
#1316=VERTEX_POINT('',#3901);
#1317=VERTEX_POINT('',#3903);
#1318=VERTEX_POINT('',#3907);
#1319=VERTEX_POINT('',#3909);
#1320=VERTEX_POINT('',#3913);
#1321=VERTEX_POINT('',#3915);
#1322=VERTEX_POINT('',#3919);
#1323=VERTEX_POINT('',#3921);
#1324=VERTEX_POINT('',#3935);
#1325=VERTEX_POINT('',#3937);
#1326=VERTEX_POINT('',#3941);
#1327=VERTEX_POINT('',#3943);
#1328=VERTEX_POINT('',#3947);
#1329=VERTEX_POINT('',#3948);
#1330=VERTEX_POINT('',#3950);
#1331=VERTEX_POINT('',#3952);
#1332=VERTEX_POINT('',#3958);
#1333=VERTEX_POINT('',#3961);
#1334=VERTEX_POINT('',#3973);
#1335=VERTEX_POINT('',#3980);
#1336=VERTEX_POINT('',#3984);
#1337=VERTEX_POINT('',#3986);
#1338=VERTEX_POINT('',#3990);
#1339=VERTEX_POINT('',#3992);
#1340=VERTEX_POINT('',#3994);
#1341=VERTEX_POINT('',#3996);
#1342=VERTEX_POINT('',#4003);
#1343=VERTEX_POINT('',#4005);
#1344=VERTEX_POINT('',#4018);
#1345=VERTEX_POINT('',#4040);
#1346=VERTEX_POINT('',#4068);
#1347=VERTEX_POINT('',#4073);
#1348=VERTEX_POINT('',#4085);
#1349=VERTEX_POINT('',#4086);
#1350=VERTEX_POINT('',#4092);
#1351=VERTEX_POINT('',#4124);
#1352=VERTEX_POINT('',#4125);
#1353=VERTEX_POINT('',#4130);
#1354=VERTEX_POINT('',#4158);
#1355=VERTEX_POINT('',#4175);
#1356=EDGE_CURVE('',#1204,#1205,#1594,.T.);
#1357=EDGE_CURVE('',#1206,#1204,#506,.T.);
#1358=EDGE_CURVE('',#1206,#1207,#1595,.T.);
#1359=EDGE_CURVE('',#1207,#1205,#507,.T.);
#1360=EDGE_CURVE('',#1208,#1209,#508,.T.);
#1361=EDGE_CURVE('',#1209,#1210,#1596,.T.);
#1362=EDGE_CURVE('',#1211,#1210,#509,.T.);
#1363=EDGE_CURVE('',#1208,#1211,#1597,.T.);
#1364=EDGE_CURVE('',#1204,#1209,#510,.T.);
#1365=EDGE_CURVE('',#1205,#1210,#511,.T.);
#1366=EDGE_CURVE('',#1212,#1213,#1598,.T.);
#1367=EDGE_CURVE('',#1212,#1214,#512,.T.);
#1368=EDGE_CURVE('',#1214,#1215,#1599,.T.);
#1369=EDGE_CURVE('',#1213,#1215,#513,.T.);
#1370=EDGE_CURVE('',#1216,#1217,#514,.T.);
#1371=EDGE_CURVE('',#1216,#1218,#1600,.T.);
#1372=EDGE_CURVE('',#1218,#1219,#515,.T.);
#1373=EDGE_CURVE('',#1217,#1219,#1601,.T.);
#1374=EDGE_CURVE('',#1217,#1214,#516,.T.);
#1375=EDGE_CURVE('',#1219,#1215,#517,.T.);
#1376=EDGE_CURVE('',#1220,#1221,#518,.T.);
#1377=EDGE_CURVE('',#1220,#1222,#519,.T.);
#1378=EDGE_CURVE('',#1223,#1222,#520,.T.);
#1379=EDGE_CURVE('',#1221,#1223,#521,.T.);
#1380=EDGE_CURVE('',#1212,#1216,#522,.T.);
#1381=EDGE_CURVE('',#1224,#1225,#523,.T.);
#1382=EDGE_CURVE('',#1225,#1226,#524,.T.);
#1383=EDGE_CURVE('',#1226,#1227,#525,.T.);
#1384=EDGE_CURVE('',#1228,#1227,#526,.T.);
#1385=EDGE_CURVE('',#1228,#1223,#527,.T.);
#1386=EDGE_CURVE('',#1229,#1222,#528,.T.);
#1387=EDGE_CURVE('',#1224,#1229,#529,.T.);
#1388=EDGE_CURVE('',#1220,#1230,#530,.T.);
#1389=EDGE_CURVE('',#1230,#1229,#531,.T.);
#1390=EDGE_CURVE('',#1231,#1221,#532,.T.);
#1391=EDGE_CURVE('',#1231,#1230,#533,.T.);
#1392=EDGE_CURVE('',#1206,#1208,#534,.T.);
#1393=EDGE_CURVE('',#1224,#1231,#535,.T.);
#1394=EDGE_CURVE('',#1232,#1228,#536,.T.);
#1395=EDGE_CURVE('',#1233,#1232,#72,.T.);
#1396=EDGE_CURVE('',#1234,#1233,#537,.T.);
#1397=EDGE_CURVE('',#1235,#1234,#538,.T.);
#1398=EDGE_CURVE('',#1235,#1236,#539,.T.);
#1399=EDGE_CURVE('',#1236,#1237,#73,.T.);
#1400=EDGE_CURVE('',#1237,#1238,#540,.T.);
#1401=EDGE_CURVE('',#1239,#1238,#541,.T.);
#1402=EDGE_CURVE('',#1240,#1239,#542,.T.);
#1403=EDGE_CURVE('',#1240,#1241,#74,.T.);
#1404=EDGE_CURVE('',#1242,#1241,#543,.T.);
#1405=EDGE_CURVE('',#1243,#1242,#75,.T.);
#1406=EDGE_CURVE('',#1243,#1225,#544,.T.);
#1407=EDGE_CURVE('',#1207,#1211,#545,.T.);
#1408=EDGE_CURVE('',#1213,#1218,#546,.T.);
#1409=EDGE_CURVE('',#1244,#1226,#547,.T.);
#1410=EDGE_CURVE('',#1244,#1245,#76,.T.);
#1411=EDGE_CURVE('',#1227,#1245,#548,.T.);
#1412=EDGE_CURVE('',#1238,#1246,#549,.T.);
#1413=EDGE_CURVE('',#1247,#1246,#550,.T.);
#1414=EDGE_CURVE('',#1239,#1247,#551,.T.);
#1415=EDGE_CURVE('',#1248,#1249,#77,.T.);
#1416=EDGE_CURVE('',#1247,#1248,#552,.T.);
#1417=EDGE_CURVE('',#1246,#1249,#553,.T.);
#1418=EDGE_CURVE('',#1241,#1250,#78,.T.);
#1419=EDGE_CURVE('',#1250,#1251,#1602,.T.);
#1420=EDGE_CURVE('',#1251,#1252,#554,.T.);
#1421=EDGE_CURVE('',#1253,#1252,#1603,.T.);
#1422=EDGE_CURVE('',#1253,#1242,#79,.T.);
#1423=EDGE_CURVE('',#1237,#1254,#80,.T.);
#1424=EDGE_CURVE('',#1249,#1254,#81,.T.);
#1425=EDGE_CURVE('',#1248,#1255,#82,.T.);
#1426=EDGE_CURVE('',#1240,#1255,#83,.T.);
#1427=EDGE_CURVE('',#1256,#1255,#84,.T.);
#1428=EDGE_CURVE('',#1256,#1254,#85,.T.);
#1429=EDGE_CURVE('',#1257,#1235,#86,.T.);
#1430=EDGE_CURVE('',#1258,#1257,#87,.T.);
#1431=EDGE_CURVE('',#1259,#1258,#88,.T.);
#1432=EDGE_CURVE('',#1260,#1259,#89,.T.);
#1433=EDGE_CURVE('',#1261,#1260,#90,.T.);
#1434=EDGE_CURVE('',#1262,#1261,#91,.T.);
#1435=EDGE_CURVE('',#1250,#1262,#92,.T.);
#1436=EDGE_CURVE('',#1263,#1245,#555,.T.);
#1437=EDGE_CURVE('',#1245,#1264,#93,.T.);
#1438=EDGE_CURVE('',#1265,#1264,#94,.T.);
#1439=EDGE_CURVE('',#1265,#1263,#95,.T.);
#1440=EDGE_CURVE('',#1263,#1232,#96,.T.);
#1441=EDGE_CURVE('',#1266,#1244,#556,.T.);
#1442=EDGE_CURVE('',#1243,#1266,#97,.T.);
#1443=EDGE_CURVE('',#1266,#1267,#98,.T.);
#1444=EDGE_CURVE('',#1268,#1267,#99,.T.);
#1445=EDGE_CURVE('',#1244,#1268,#100,.T.);
#1446=EDGE_CURVE('',#1265,#1267,#101,.T.);
#1447=EDGE_CURVE('',#1269,#1234,#102,.T.);
#1448=EDGE_CURVE('',#1269,#1270,#1604,.T.);
#1449=EDGE_CURVE('',#1270,#1271,#557,.T.);
#1450=EDGE_CURVE('',#1271,#1257,#1605,.T.);
#1451=EDGE_CURVE('',#1253,#1272,#103,.T.);
#1452=EDGE_CURVE('',#1272,#1273,#104,.T.);
#1453=EDGE_CURVE('',#1273,#1274,#105,.T.);
#1454=EDGE_CURVE('',#1274,#1275,#106,.T.);
#1455=EDGE_CURVE('',#1275,#1276,#107,.T.);
#1456=EDGE_CURVE('',#1276,#1277,#108,.T.);
#1457=EDGE_CURVE('',#1277,#1278,#109,.T.);
#1458=EDGE_CURVE('',#1278,#1279,#110,.T.);
#1459=EDGE_CURVE('',#1279,#1280,#111,.T.);
#1460=EDGE_CURVE('',#1280,#1269,#112,.T.);
#1461=EDGE_CURVE('',#1281,#1272,#113,.T.);
#1462=EDGE_CURVE('',#1282,#1281,#114,.T.);
#1463=EDGE_CURVE('',#1283,#1282,#115,.T.);
#1464=EDGE_CURVE('',#1284,#1283,#116,.T.);
#1465=EDGE_CURVE('',#1285,#1284,#117,.T.);
#1466=EDGE_CURVE('',#1286,#1285,#118,.T.);
#1467=EDGE_CURVE('',#1287,#1286,#119,.T.);
#1468=EDGE_CURVE('',#1288,#1287,#120,.T.);
#1469=EDGE_CURVE('',#1289,#1288,#121,.T.);
#1470=EDGE_CURVE('',#1290,#1289,#122,.T.);
#1471=EDGE_CURVE('',#1291,#1290,#123,.T.);
#1472=EDGE_CURVE('',#1291,#1277,#124,.T.);
#1473=EDGE_CURVE('',#1281,#1252,#125,.T.);
#1474=EDGE_CURVE('',#1278,#1292,#126,.T.);
#1475=EDGE_CURVE('',#1291,#1292,#558,.T.);
#1476=EDGE_CURVE('',#1293,#1261,#127,.T.);
#1477=EDGE_CURVE('',#1294,#1260,#128,.T.);
#1478=EDGE_CURVE('',#1294,#1293,#559,.T.);
#1479=EDGE_CURVE('',#1295,#1262,#129,.T.);
#1480=EDGE_CURVE('',#1293,#1296,#130,.T.);
#1481=EDGE_CURVE('',#1296,#1297,#131,.T.);
#1482=EDGE_CURVE('',#1297,#1298,#132,.T.);
#1483=EDGE_CURVE('',#1298,#1295,#133,.T.);
#1484=EDGE_CURVE('',#1295,#1251,#134,.T.);
#1485=EDGE_CURVE('',#1299,#1270,#135,.T.);
#1486=EDGE_CURVE('',#1299,#1280,#136,.T.);
#1487=EDGE_CURVE('',#1300,#1279,#137,.T.);
#1488=EDGE_CURVE('',#1300,#1301,#138,.T.);
#1489=EDGE_CURVE('',#1301,#1302,#139,.T.);
#1490=EDGE_CURVE('',#1302,#1299,#140,.T.);
#1491=EDGE_CURVE('',#1300,#1292,#560,.T.);
#1492=EDGE_CURVE('',#1303,#1259,#141,.T.);
#1493=EDGE_CURVE('',#1294,#1303,#561,.T.);
#1494=EDGE_CURVE('',#1304,#1258,#142,.T.);
#1495=EDGE_CURVE('',#1305,#1304,#143,.T.);
#1496=EDGE_CURVE('',#1306,#1305,#144,.T.);
#1497=EDGE_CURVE('',#1307,#1306,#145,.T.);
#1498=EDGE_CURVE('',#1303,#1307,#146,.T.);
#1499=EDGE_CURVE('',#1304,#1271,#147,.T.);
#1500=EDGE_CURVE('',#1308,#1309,#562,.T.);
#1501=EDGE_CURVE('',#1308,#1310,#563,.T.);
#1502=EDGE_CURVE('',#1311,#1310,#564,.T.);
#1503=EDGE_CURVE('',#1309,#1311,#565,.T.);
#1504=EDGE_CURVE('',#1312,#1313,#566,.T.);
#1505=EDGE_CURVE('',#1313,#1314,#567,.T.);
#1506=EDGE_CURVE('',#1314,#1315,#568,.T.);
#1507=EDGE_CURVE('',#1312,#1315,#569,.T.);
#1508=EDGE_CURVE('',#1313,#1316,#44,.T.);
#1509=EDGE_CURVE('',#1316,#1317,#570,.T.);
#1510=EDGE_CURVE('',#1317,#1314,#45,.T.);
#1511=EDGE_CURVE('',#1318,#1312,#46,.T.);
#1512=EDGE_CURVE('',#1315,#1319,#47,.T.);
#1513=EDGE_CURVE('',#1318,#1319,#571,.T.);
#1514=EDGE_CURVE('',#1320,#1308,#48,.T.);
#1515=EDGE_CURVE('',#1320,#1321,#572,.T.);
#1516=EDGE_CURVE('',#1310,#1321,#49,.T.);
#1517=EDGE_CURVE('',#1309,#1322,#50,.T.);
#1518=EDGE_CURVE('',#1323,#1311,#51,.T.);
#1519=EDGE_CURVE('',#1322,#1323,#573,.T.);
#1520=EDGE_CURVE('',#1322,#1320,#574,.T.);
#1521=EDGE_CURVE('',#1316,#1318,#575,.T.);
#1522=EDGE_CURVE('',#1321,#1319,#576,.T.);
#1523=EDGE_CURVE('',#1317,#1323,#577,.T.);
#1524=EDGE_CURVE('',#1319,#1317,#578,.T.);
#1525=EDGE_CURVE('',#1321,#1323,#579,.T.);
#1526=EDGE_CURVE('',#1321,#1324,#580,.T.);
#1527=EDGE_CURVE('',#1325,#1324,#581,.T.);
#1528=EDGE_CURVE('',#1319,#1325,#582,.T.);
#1529=EDGE_CURVE('',#1317,#1326,#583,.T.);
#1530=EDGE_CURVE('',#1327,#1326,#584,.T.);
#1531=EDGE_CURVE('',#1323,#1327,#585,.T.);
#1532=EDGE_CURVE('',#1328,#1329,#586,.T.);
#1533=EDGE_CURVE('',#1328,#1330,#587,.T.);
#1534=EDGE_CURVE('',#1330,#1331,#588,.T.);
#1535=EDGE_CURVE('',#1329,#1331,#589,.T.);
#1536=EDGE_CURVE('',#1325,#1326,#590,.T.);
#1537=EDGE_CURVE('',#1327,#1332,#591,.T.);
#1538=EDGE_CURVE('',#1327,#1328,#52,.T.);
#1539=EDGE_CURVE('',#1333,#1329,#53,.T.);
#1540=EDGE_CURVE('',#1332,#1333,#148,.T.);
#1541=EDGE_CURVE('',#1324,#1327,#592,.T.);
#1542=EDGE_CURVE('',#1330,#1324,#54,.T.);
#1543=EDGE_CURVE('',#1324,#1334,#593,.T.);
#1544=EDGE_CURVE('',#1334,#1335,#149,.T.);
#1545=EDGE_CURVE('',#1331,#1335,#55,.T.);
#1546=EDGE_CURVE('',#1326,#1336,#56,.T.);
#1547=EDGE_CURVE('',#1336,#1337,#594,.T.);
#1548=EDGE_CURVE('',#1337,#1325,#57,.T.);
#1549=EDGE_CURVE('',#1335,#1338,#595,.T.);
#1550=EDGE_CURVE('',#1339,#1338,#58,.T.);
#1551=EDGE_CURVE('',#1340,#1339,#596,.T.);
#1552=EDGE_CURVE('',#1341,#1340,#59,.T.);
#1553=EDGE_CURVE('',#1333,#1341,#597,.T.);
#1554=EDGE_CURVE('',#1336,#1340,#598,.T.);
#1555=EDGE_CURVE('',#1337,#1339,#599,.T.);
#1556=EDGE_CURVE('',#1325,#1342,#600,.T.);
#1557=EDGE_CURVE('',#1342,#1343,#601,.T.);
#1558=EDGE_CURVE('',#1326,#1343,#602,.T.);
#1559=EDGE_CURVE('',#1333,#1344,#150,.T.);
#1560=EDGE_CURVE('',#1332,#1344,#151,.T.);
#1561=EDGE_CURVE('',#1332,#1334,#603,.T.);
#1562=EDGE_CURVE('',#1335,#1345,#152,.T.);
#1563=EDGE_CURVE('',#1334,#1345,#153,.T.);
#1564=EDGE_CURVE('',#1346,#1343,#154,.T.);
#1565=EDGE_CURVE('',#1347,#1343,#155,.T.);
#1566=EDGE_CURVE('',#1346,#1347,#156,.T.);
#1567=EDGE_CURVE('',#1341,#1346,#604,.T.);
#1568=EDGE_CURVE('',#1348,#1349,#605,.T.);
#1569=EDGE_CURVE('',#1333,#1349,#606,.T.);
#1570=EDGE_CURVE('',#1348,#1341,#1606,.T.);
#1571=EDGE_CURVE('',#1333,#1350,#157,.T.);
#1572=EDGE_CURVE('',#1349,#1350,#1607,.T.);
#1573=EDGE_CURVE('',#1350,#1344,#158,.T.);
#1574=EDGE_CURVE('',#1351,#1352,#607,.T.);
#1575=EDGE_CURVE('',#1352,#1338,#1608,.T.);
#1576=EDGE_CURVE('',#1335,#1351,#608,.T.);
#1577=EDGE_CURVE('',#1338,#1353,#609,.T.);
#1578=EDGE_CURVE('',#1353,#1342,#160,.T.);
#1579=EDGE_CURVE('',#1342,#1354,#161,.T.);
#1580=EDGE_CURVE('',#1353,#1354,#162,.T.);
#1581=EDGE_CURVE('',#1347,#1354,#610,.T.);
#1582=EDGE_CURVE('',#1345,#1344,#611,.T.);
#1583=EDGE_CURVE('',#1355,#1345,#163,.T.);
#1584=EDGE_CURVE('',#1335,#1355,#164,.T.);
#1585=EDGE_CURVE('',#1351,#1355,#1609,.T.);
#1586=EDGE_CURVE('',#1352,#1251,#1610,.T.);
#1587=EDGE_CURVE('',#1293,#1354,#612,.T.);
#1588=EDGE_CURVE('',#1252,#1351,#1611,.T.);
#1589=EDGE_CURVE('',#1291,#1345,#613,.T.);
#1590=EDGE_CURVE('',#1300,#1344,#614,.T.);
#1591=EDGE_CURVE('',#1303,#1347,#615,.T.);
#1592=EDGE_CURVE('',#1349,#1270,#1612,.T.);
#1593=EDGE_CURVE('',#1271,#1348,#1613,.T.);
#1594=ELLIPSE('',#1615,4.30308156497077,4.3);
#1595=ELLIPSE('',#1616,4.10293823636748,4.1);
#1596=ELLIPSE('',#1618,4.30308156497077,4.3);
#1597=ELLIPSE('',#1619,4.10293823636748,4.1);
#1598=ELLIPSE('',#1622,4.10293823636748,4.1);
#1599=ELLIPSE('',#1623,4.30308156497077,4.3);
#1600=ELLIPSE('',#1625,4.10293823636748,4.1);
#1601=ELLIPSE('',#1626,4.30308156497077,4.3);
#1602=ELLIPSE('',#1642,2.04889793895193,0.442171034173352);
#1603=ELLIPSE('',#1643,2.30146089126059,0.495936167228694);
#1604=ELLIPSE('',#1651,2.30073582418116,0.495990638755806);
#1605=ELLIPSE('',#1652,2.04889793826239,0.442171034172556);
#1606=ELLIPSE('',#1700,2.07973335126213,1.);
#1607=ELLIPSE('',#1702,5.68891988652338,1.4);
#1608=ELLIPSE('',#1704,2.07973335126213,1.);
#1609=ELLIPSE('',#1710,5.68891988652338,1.4);
#1610=ELLIPSE('',#1712,3.48010216963683,1.);
#1611=ELLIPSE('',#1714,4.87214303749155,1.4);
#1612=ELLIPSE('',#1719,4.87214303749155,1.4);
#1613=ELLIPSE('',#1721,3.48010216963683,1.);
#1614=AXIS2_PLACEMENT_3D('',#2056,#1724,#1725);
#1615=AXIS2_PLACEMENT_3D('',#2057,#1726,#1727);
#1616=AXIS2_PLACEMENT_3D('',#2062,#1729,#1730);
#1617=AXIS2_PLACEMENT_3D('',#2065,#1732,#1733);
#1618=AXIS2_PLACEMENT_3D('',#2069,#1735,#1736);
#1619=AXIS2_PLACEMENT_3D('',#2073,#1738,#1739);
#1620=AXIS2_PLACEMENT_3D('',#2074,#1740,#1741);
#1621=AXIS2_PLACEMENT_3D('',#2077,#1744,#1745);
#1622=AXIS2_PLACEMENT_3D('',#2078,#1746,#1747);
#1623=AXIS2_PLACEMENT_3D('',#2083,#1749,#1750);
#1624=AXIS2_PLACEMENT_3D('',#2086,#1752,#1753);
#1625=AXIS2_PLACEMENT_3D('',#2090,#1755,#1756);
#1626=AXIS2_PLACEMENT_3D('',#2094,#1758,#1759);
#1627=AXIS2_PLACEMENT_3D('',#2095,#1760,#1761);
#1628=AXIS2_PLACEMENT_3D('',#2098,#1764,#1765);
#1629=AXIS2_PLACEMENT_3D('',#2107,#1770,#1771);
#1630=AXIS2_PLACEMENT_3D('',#2122,#1780,#1781);
#1631=AXIS2_PLACEMENT_3D('',#2126,#1784,#1785);
#1632=AXIS2_PLACEMENT_3D('',#2131,#1789,#1790);
#1633=AXIS2_PLACEMENT_3D('',#2133,#1792,#1793);
#1634=AXIS2_PLACEMENT_3D('',#2225,#1803,#1804);
#1635=AXIS2_PLACEMENT_3D('',#2227,#1806,#1807);
#1636=AXIS2_PLACEMENT_3D('',#2228,#1808,#1809);
#1637=AXIS2_PLACEMENT_3D('',#2230,#1811,#1812);
#1638=AXIS2_PLACEMENT_3D('',#2231,#1813,#1814);
#1639=AXIS2_PLACEMENT_3D('',#2243,#1817,#1818);
#1640=AXIS2_PLACEMENT_3D('',#2249,#1822,#1823);
#1641=AXIS2_PLACEMENT_3D('',#2259,#1826,#1827);
#1642=AXIS2_PLACEMENT_3D('',#2265,#1828,#1829);
#1643=AXIS2_PLACEMENT_3D('',#2269,#1831,#1832);
#1644=AXIS2_PLACEMENT_3D('',#2275,#1833,#1834);
#1645=AXIS2_PLACEMENT_3D('',#2294,#1835,#1836);
#1646=AXIS2_PLACEMENT_3D('',#2313,#1837,#1838);
#1647=AXIS2_PLACEMENT_3D('',#2652,#1840,#1841);
#1648=AXIS2_PLACEMENT_3D('',#2663,#1842,#1843);
#1649=AXIS2_PLACEMENT_3D('',#2676,#1845,#1846);
#1650=AXIS2_PLACEMENT_3D('',#2706,#1847,#1848);
#1651=AXIS2_PLACEMENT_3D('',#2728,#1849,#1850);
#1652=AXIS2_PLACEMENT_3D('',#2732,#1852,#1853);
#1653=AXIS2_PLACEMENT_3D('',#2733,#1854,#1855);
#1654=AXIS2_PLACEMENT_3D('',#3383,#1856,#1857);
#1655=AXIS2_PLACEMENT_3D('',#3585,#1860,#1861);
#1656=AXIS2_PLACEMENT_3D('',#3595,#1862,#1863);
#1657=AXIS2_PLACEMENT_3D('',#3881,#1866,#1867);
#1658=AXIS2_PLACEMENT_3D('',#3890,#1872,#1873);
#1659=AXIS2_PLACEMENT_3D('',#3899,#1878,#1879);
#1660=AXIS2_PLACEMENT_3D('',#3900,#1880,#1881);
#1661=AXIS2_PLACEMENT_3D('',#3904,#1883,#1884);
#1662=AXIS2_PLACEMENT_3D('',#3905,#1885,#1886);
#1663=AXIS2_PLACEMENT_3D('',#3906,#1887,#1888);
#1664=AXIS2_PLACEMENT_3D('',#3908,#1889,#1890);
#1665=AXIS2_PLACEMENT_3D('',#3911,#1892,#1893);
#1666=AXIS2_PLACEMENT_3D('',#3912,#1894,#1895);
#1667=AXIS2_PLACEMENT_3D('',#3916,#1897,#1898);
#1668=AXIS2_PLACEMENT_3D('',#3917,#1899,#1900);
#1669=AXIS2_PLACEMENT_3D('',#3918,#1901,#1902);
#1670=AXIS2_PLACEMENT_3D('',#3920,#1903,#1904);
#1671=AXIS2_PLACEMENT_3D('',#3923,#1906,#1907);
#1672=AXIS2_PLACEMENT_3D('',#3926,#1910,#1911);
#1673=AXIS2_PLACEMENT_3D('',#3929,#1914,#1915);
#1674=AXIS2_PLACEMENT_3D('',#3931,#1917,#1918);
#1675=AXIS2_PLACEMENT_3D('',#3933,#1920,#1921);
#1676=AXIS2_PLACEMENT_3D('',#3939,#1925,#1926);
#1677=AXIS2_PLACEMENT_3D('',#3945,#1930,#1931);
#1678=AXIS2_PLACEMENT_3D('',#3954,#1936,#1937);
#1679=AXIS2_PLACEMENT_3D('',#3956,#1939,#1940);
#1680=AXIS2_PLACEMENT_3D('',#3959,#1942,#1943);
#1681=AXIS2_PLACEMENT_3D('',#3960,#1944,#1945);
#1682=AXIS2_PLACEMENT_3D('',#3968,#1946,#1947);
#1683=AXIS2_PLACEMENT_3D('',#3970,#1949,#1950);
#1684=AXIS2_PLACEMENT_3D('',#3971,#1951,#1952);
#1685=AXIS2_PLACEMENT_3D('',#3981,#1954,#1955);
#1686=AXIS2_PLACEMENT_3D('',#3982,#1956,#1957);
#1687=AXIS2_PLACEMENT_3D('',#3983,#1958,#1959);
#1688=AXIS2_PLACEMENT_3D('',#3987,#1961,#1962);
#1689=AXIS2_PLACEMENT_3D('',#3988,#1963,#1964);
#1690=AXIS2_PLACEMENT_3D('',#3991,#1966,#1967);
#1691=AXIS2_PLACEMENT_3D('',#3995,#1969,#1970);
#1692=AXIS2_PLACEMENT_3D('',#3998,#1972,#1973);
#1693=AXIS2_PLACEMENT_3D('',#4001,#1976,#1977);
#1694=AXIS2_PLACEMENT_3D('',#4007,#1981,#1982);
#1695=AXIS2_PLACEMENT_3D('',#4023,#1983,#1984);
#1696=AXIS2_PLACEMENT_3D('',#4025,#1986,#1987);
#1697=AXIS2_PLACEMENT_3D('',#4045,#1988,#1989);
#1698=AXIS2_PLACEMENT_3D('',#4081,#1990,#1991);
#1699=AXIS2_PLACEMENT_3D('',#4083,#1993,#1994);
#1700=AXIS2_PLACEMENT_3D('',#4088,#1997,#1998);
#1701=AXIS2_PLACEMENT_3D('',#4089,#1999,#2000);
#1702=AXIS2_PLACEMENT_3D('',#4093,#2001,#2002);
#1703=AXIS2_PLACEMENT_3D('',#4094,#2003,#2004);
#1704=AXIS2_PLACEMENT_3D('',#4126,#2007,#2008);
#1705=AXIS2_PLACEMENT_3D('',#4128,#2010,#2011);
#1706=AXIS2_PLACEMENT_3D('',#4153,#2013,#2014);
#1707=AXIS2_PLACEMENT_3D('',#4166,#2015,#2016);
#1708=AXIS2_PLACEMENT_3D('',#4168,#2018,#2019);
#1709=AXIS2_PLACEMENT_3D('',#4170,#2021,#2022);
#1710=AXIS2_PLACEMENT_3D('',#4198,#2024,#2025);
#1711=AXIS2_PLACEMENT_3D('',#4199,#2026,#2027);
#1712=AXIS2_PLACEMENT_3D('',#4200,#2028,#2029);
#1713=AXIS2_PLACEMENT_3D('',#4202,#2031,#2032);
#1714=AXIS2_PLACEMENT_3D('',#4203,#2033,#2034);
#1715=AXIS2_PLACEMENT_3D('',#4205,#2036,#2037);
#1716=AXIS2_PLACEMENT_3D('',#4207,#2039,#2040);
#1717=AXIS2_PLACEMENT_3D('',#4208,#2041,#2042);
#1718=AXIS2_PLACEMENT_3D('',#4210,#2044,#2045);
#1719=AXIS2_PLACEMENT_3D('',#4211,#2046,#2047);
#1720=AXIS2_PLACEMENT_3D('',#4212,#2048,#2049);
#1721=AXIS2_PLACEMENT_3D('',#4213,#2050,#2051);
#1722=AXIS2_PLACEMENT_3D('',#4214,#2052,#2053);
#1723=AXIS2_PLACEMENT_3D('',#4215,#2054,#2055);
#1724=DIRECTION('',(0.,0.,1.));
#1725=DIRECTION('',(1.,0.,0.));
#1726=DIRECTION('',(-0.0378384298322003,0.,0.999283870192967));
#1727=DIRECTION('',(0.999283870192967,0.,0.0378384298322003));
#1728=DIRECTION('',(0.999283870192967,0.,0.0378384298322003));
#1729=DIRECTION('',(-0.0378384298322003,0.,0.999283870192967));
#1730=DIRECTION('',(0.999283870192967,0.,0.0378384298322003));
#1731=DIRECTION('',(0.643711134459463,-0.764880291546297,0.0243744738807272));
#1732=DIRECTION('',(0.0378384298322003,0.,-0.999283870192966));
#1733=DIRECTION('',(-0.999283870192967,0.,-0.0378384298322003));
#1734=DIRECTION('',(0.999283870192967,0.,-0.0378384298322003));
#1735=DIRECTION('',(0.0378384298322003,0.,0.999283870192967));
#1736=DIRECTION('',(-0.999283870192967,0.,0.0378384298322003));
#1737=DIRECTION('',(0.643711134459463,-0.764880291546297,-0.0243744738807272));
#1738=DIRECTION('',(0.0378384298322003,0.,0.999283870192967));
#1739=DIRECTION('',(-0.999283870192967,0.,0.0378384298322003));
#1740=DIRECTION('',(0.0378384298322003,0.,0.999283870192966));
#1741=DIRECTION('',(0.999283870192967,0.,-0.0378384298322003));
#1742=DIRECTION('',(0.,0.,1.));
#1743=DIRECTION('',(0.,0.,1.));
#1744=DIRECTION('',(0.,0.,1.));
#1745=DIRECTION('',(1.,0.,0.));
#1746=DIRECTION('',(0.0378384298322003,0.,-0.999283870192967));
#1747=DIRECTION('',(0.999283870192967,0.,0.0378384298322003));
#1748=DIRECTION('',(0.999283870192967,0.,0.0378384298322003));
#1749=DIRECTION('',(0.0378384298322003,0.,-0.999283870192967));
#1750=DIRECTION('',(0.999283870192967,0.,0.0378384298322003));
#1751=DIRECTION('',(0.643711134459463,0.764880291546297,0.0243744738807272));
#1752=DIRECTION('',(0.0378384298322003,0.,-0.999283870192966));
#1753=DIRECTION('',(-0.999283870192967,0.,-0.0378384298322003));
#1754=DIRECTION('',(0.999283870192967,0.,-0.0378384298322003));
#1755=DIRECTION('',(-0.0378384298322003,0.,-0.999283870192967));
#1756=DIRECTION('',(-0.999283870192967,0.,0.0378384298322003));
#1757=DIRECTION('',(0.643711134459463,0.764880291546297,-0.0243744738807272));
#1758=DIRECTION('',(-0.0378384298322003,0.,-0.999283870192967));
#1759=DIRECTION('',(-0.999283870192967,0.,0.0378384298322003));
#1760=DIRECTION('',(0.0378384298322003,0.,0.999283870192966));
#1761=DIRECTION('',(0.999283870192967,0.,-0.0378384298322003));
#1762=DIRECTION('',(0.,0.,-1.));
#1763=DIRECTION('',(0.,0.,-1.));
#1764=DIRECTION('',(0.,0.,1.));
#1765=DIRECTION('',(1.,0.,0.));
#1766=DIRECTION('',(1.,0.,0.));
#1767=DIRECTION('',(0.,-1.,0.));
#1768=DIRECTION('',(-1.,0.,0.));
#1769=DIRECTION('',(0.,-1.,0.));
#1770=DIRECTION('',(0.,0.,1.));
#1771=DIRECTION('',(1.,0.,0.));
#1772=DIRECTION('',(0.,0.,1.));
#1773=DIRECTION('',(0.,0.,1.));
#1774=DIRECTION('',(1.,0.,0.));
#1775=DIRECTION('',(0.,0.,1.));
#1776=DIRECTION('',(1.,0.,0.));
#1777=DIRECTION('',(0.,0.,1.));
#1778=DIRECTION('',(0.,0.,1.));
#1779=DIRECTION('',(-1.,0.,0.));
#1780=DIRECTION('',(0.,-1.,0.));
#1781=DIRECTION('',(0.,0.,-1.));
#1782=DIRECTION('',(0.,0.,-1.));
#1783=DIRECTION('',(0.,-1.,0.));
#1784=DIRECTION('',(-1.,0.,0.));
#1785=DIRECTION('',(0.,0.,1.));
#1786=DIRECTION('',(0.,0.,1.));
#1787=DIRECTION('',(-1.,0.,0.));
#1788=DIRECTION('',(0.,0.,1.));
#1789=DIRECTION('',(0.,1.,0.));
#1790=DIRECTION('',(0.,0.,1.));
#1791=DIRECTION('',(0.,1.,0.));
#1792=DIRECTION('',(0.,0.,-1.));
#1793=DIRECTION('',(-1.,0.,0.));
#1794=DIRECTION('',(0.,-1.,0.));
#1795=DIRECTION('',(0.,-1.,0.));
#1796=DIRECTION('',(0.,-2.47464405554914E-6,0.999999999996938));
#1797=DIRECTION('',(0.,-1.,0.));
#1798=DIRECTION('',(0.,-1.,0.));
#1799=DIRECTION('',(0.,0.,1.));
#1800=DIRECTION('',(0.,-1.,0.));
#1801=DIRECTION('',(0.,2.47462114725305E-6,0.999999999996938));
#1802=DIRECTION('',(0.,-1.,0.));
#1803=DIRECTION('',(1.,0.,0.));
#1804=DIRECTION('',(0.,0.,-1.));
#1805=DIRECTION('',(0.,0.,1.));
#1806=DIRECTION('',(0.765107606258015,0.643902438919228,0.));
#1807=DIRECTION('',(0.643902438919228,-0.765107606258015,0.));
#1808=DIRECTION('',(0.,0.,1.));
#1809=DIRECTION('',(1.,0.,0.));
#1810=DIRECTION('',(0.,0.,1.));
#1811=DIRECTION('',(0.765107606258015,-0.643902438919228,0.));
#1812=DIRECTION('',(0.643902438919228,0.765107606258015,0.));
#1813=DIRECTION('',(0.,0.,1.));
#1814=DIRECTION('',(1.,0.,0.));
#1815=DIRECTION('',(-0.952424147199324,-0.304775727103783,0.));
#1816=DIRECTION('',(0.952424147199324,0.304775727103783,0.));
#1817=DIRECTION('',(-0.304775727103783,0.952424147199324,0.));
#1818=DIRECTION('',(-0.952424147199324,-0.304775727103783,0.));
#1819=DIRECTION('',(1.,4.33680868994202E-16,0.));
#1820=DIRECTION('',(0.,0.,1.));
#1821=DIRECTION('',(1.,4.33680868994202E-16,0.));
#1822=DIRECTION('',(4.33680868994202E-16,-1.,0.));
#1823=DIRECTION('',(1.,4.33680868994202E-16,0.));
#1824=DIRECTION('',(0.944827220682954,0.327569111877975,0.));
#1825=DIRECTION('',(0.944827220682954,0.327569111877975,0.));
#1826=DIRECTION('',(0.327569111877975,-0.944827220682954,0.));
#1827=DIRECTION('',(0.944827220682954,0.327569111877975,0.));
#1828=DIRECTION('',(1.19888388589609E-6,0.999999999996219,-2.47462114725128E-6));
#1829=DIRECTION('',(0.999547077052521,-1.27281180039778E-6,-0.0300938657227945));
#1830=DIRECTION('',(8.2487701216214E-6,-2.47463103648644E-6,-0.999999999962917));
#1831=DIRECTION('',(1.19888388589609E-6,0.999999999996218,-2.47462114725127E-6));
#1832=DIRECTION('',(0.999644141072035,-1.26446942245262E-6,-0.0266756671660508));
#1833=DIRECTION('',(1.19888388589609E-6,0.999999999996219,-2.47462114725128E-6));
#1834=DIRECTION('',(0.,2.47462114725313E-6,0.999999999996938));
#1835=DIRECTION('',(0.,0.,-1.));
#1836=DIRECTION('',(1.,0.,0.));
#1837=DIRECTION('',(0.,0.,-1.));
#1838=DIRECTION('',(1.,0.,0.));
#1839=DIRECTION('',(1.,0.,0.));
#1840=DIRECTION('',(0.,1.,0.));
#1841=DIRECTION('',(-1.,0.,0.));
#1842=DIRECTION('',(0.,0.,1.));
#1843=DIRECTION('',(-1.,0.,0.));
#1844=DIRECTION('',(1.,0.,0.));
#1845=DIRECTION('',(0.,0.,-1.));
#1846=DIRECTION('',(1.,0.,0.));
#1847=DIRECTION('',(0.,1.,0.));
#1848=DIRECTION('',(-1.,0.,0.));
#1849=DIRECTION('',(-1.19895744051143E-6,-0.999999999996219,-2.47464405554736E-6));
#1850=DIRECTION('',(-0.999653217071477,1.26370734349722E-6,-0.0263333552182298));
#1851=DIRECTION('',(-8.24884648493598E-6,2.47465394548082E-6,-0.999999999962916));
#1852=DIRECTION('',(1.19895744051143E-6,0.999999999996219,2.47464405554736E-6));
#1853=DIRECTION('',(-0.999547077052659,1.27288601108656E-6,-0.0300938657182121));
#1854=DIRECTION('',(-1.19895744051143E-6,-0.999999999996219,-2.47464405554736E-6));
#1855=DIRECTION('',(0.,2.47464405554905E-6,-0.999999999996938));
#1856=DIRECTION('',(0.976159347601676,0.215486314519586,-0.0260494979728456));
#1857=DIRECTION('',(-0.215559463707486,0.976490715576006,0.));
#1858=DIRECTION('',(0.,0.,1.));
#1859=DIRECTION('',(0.,-5.42105423086137E-17,-1.));
#1860=DIRECTION('',(0.975993560698624,0.215807961615307,-0.0293852544359761));
#1861=DIRECTION('',(-0.215901196351659,0.976415215681281,0.));
#1862=DIRECTION('',(-0.976148002622007,-0.215577900969379,-0.0257146960064327));
#1863=DIRECTION('',(0.215649211304795,-0.976470899547764,0.));
#1864=DIRECTION('',(0.,0.,-1.));
#1865=DIRECTION('',(0.,5.42105423086137E-17,1.));
#1866=DIRECTION('',(-0.975993560698673,-0.215807961615087,-0.0293852544359653));
#1867=DIRECTION('',(0.21590119635144,-0.97641521568133,0.));
#1868=DIRECTION('',(0.,0.,1.));
#1869=DIRECTION('',(-1.,0.,0.));
#1870=DIRECTION('',(0.,0.,-1.));
#1871=DIRECTION('',(-1.,0.,0.));
#1872=DIRECTION('',(0.,1.,0.));
#1873=DIRECTION('',(0.,0.,1.));
#1874=DIRECTION('',(0.,0.,1.));
#1875=DIRECTION('',(-1.,0.,0.));
#1876=DIRECTION('',(0.,0.,-1.));
#1877=DIRECTION('',(-1.,0.,0.));
#1878=DIRECTION('',(0.,1.,0.));
#1879=DIRECTION('',(0.,0.,1.));
#1880=DIRECTION('',(1.,0.,0.));
#1881=DIRECTION('',(0.,0.,1.));
#1882=DIRECTION('',(-1.,0.,0.));
#1883=DIRECTION('',(-1.,0.,0.));
#1884=DIRECTION('',(0.,0.,1.));
#1885=DIRECTION('',(-1.,0.,0.));
#1886=DIRECTION('',(0.,0.,1.));
#1887=DIRECTION('',(1.,0.,0.));
#1888=DIRECTION('',(0.,0.,1.));
#1889=DIRECTION('',(-1.,0.,0.));
#1890=DIRECTION('',(0.,0.,1.));
#1891=DIRECTION('',(-1.,0.,0.));
#1892=DIRECTION('',(-1.,0.,0.));
#1893=DIRECTION('',(0.,0.,1.));
#1894=DIRECTION('',(1.,0.,0.));
#1895=DIRECTION('',(0.,0.,1.));
#1896=DIRECTION('',(-1.,0.,0.));
#1897=DIRECTION('',(-1.,0.,0.));
#1898=DIRECTION('',(0.,-1.,-1.37676466347366E-16));
#1899=DIRECTION('',(-1.,0.,0.));
#1900=DIRECTION('',(0.,0.,1.));
#1901=DIRECTION('',(1.,0.,0.));
#1902=DIRECTION('',(0.,0.,1.));
#1903=DIRECTION('',(-1.,0.,0.));
#1904=DIRECTION('',(0.,-1.,-2.75352932694731E-16));
#1905=DIRECTION('',(-1.,0.,0.));
#1906=DIRECTION('',(-1.,0.,0.));
#1907=DIRECTION('',(0.,0.,1.));
#1908=DIRECTION('',(0.,0.,-1.));
#1909=DIRECTION('',(0.,0.,-1.));
#1910=DIRECTION('',(-1.,0.,0.));
#1911=DIRECTION('',(0.,0.,1.));
#1912=DIRECTION('',(0.,1.,0.));
#1913=DIRECTION('',(0.,-1.,0.));
#1914=DIRECTION('',(-1.,0.,0.));
#1915=DIRECTION('',(0.,0.,1.));
#1916=DIRECTION('',(0.,0.,1.));
#1917=DIRECTION('',(0.,-1.,0.));
#1918=DIRECTION('',(0.,0.,-1.));
#1919=DIRECTION('',(0.,0.,1.));
#1920=DIRECTION('',(0.,-1.,0.));
#1921=DIRECTION('',(0.,0.,-1.));
#1922=DIRECTION('',(-0.89948959268453,0.411195242370071,-0.147773290226744));
#1923=DIRECTION('',(0.,-1.,0.));
#1924=DIRECTION('',(-0.89948959268453,0.411195242370071,-0.147773290226744));
#1925=DIRECTION('',(-0.162112586908358,0.,0.986772268137831));
#1926=DIRECTION('',(0.986772268137831,0.,0.162112586908358));
#1927=DIRECTION('',(-0.89948959268453,0.411195242370071,0.147773290226744));
#1928=DIRECTION('',(0.,1.,0.));
#1929=DIRECTION('',(-0.89948959268453,0.411195242370071,0.147773290226744));
#1930=DIRECTION('',(0.162112586908358,0.,0.986772268137831));
#1931=DIRECTION('',(0.986772268137831,0.,-0.162112586908358));
#1932=DIRECTION('',(-1.,0.,0.));
#1933=DIRECTION('',(0.,0.,-1.));
#1934=DIRECTION('',(-1.,0.,0.));
#1935=DIRECTION('',(0.,0.,-1.));
#1936=DIRECTION('',(0.,1.,0.));
#1937=DIRECTION('',(0.,0.,1.));
#1938=DIRECTION('',(0.,0.,1.));
#1939=DIRECTION('',(0.415759760267794,0.9094744755858,0.));
#1940=DIRECTION('',(-0.9094744755858,0.415759760267794,0.));
#1941=DIRECTION('',(-1.,0.,0.));
#1942=DIRECTION('',(-1.,0.,0.));
#1943=DIRECTION('',(0.,0.,-1.));
#1944=DIRECTION('',(-1.,0.,0.));
#1945=DIRECTION('',(0.,-1.,0.));
#1946=DIRECTION('',(-1.,0.,0.));
#1947=DIRECTION('',(0.,0.,1.));
#1948=DIRECTION('',(0.,0.,1.));
#1949=DIRECTION('',(-0.415759760267794,-0.9094744755858,0.));
#1950=DIRECTION('',(0.9094744755858,-0.415759760267794,0.));
#1951=DIRECTION('',(-1.,0.,0.));
#1952=DIRECTION('',(0.,0.,-1.));
#1953=DIRECTION('',(-1.,0.,0.));
#1954=DIRECTION('',(-1.,0.,0.));
#1955=DIRECTION('',(0.,-1.,0.));
#1956=DIRECTION('',(-1.,0.,0.));
#1957=DIRECTION('',(0.,0.,1.));
#1958=DIRECTION('',(-1.,0.,0.));
#1959=DIRECTION('',(0.,0.,-1.));
#1960=DIRECTION('',(0.,0.,-1.));
#1961=DIRECTION('',(-1.,0.,0.));
#1962=DIRECTION('',(0.,0.,-1.));
#1963=DIRECTION('',(1.,0.,0.));
#1964=DIRECTION('',(0.,0.,-1.));
#1965=DIRECTION('',(0.,0.,1.));
#1966=DIRECTION('',(-1.,0.,0.));
#1967=DIRECTION('',(0.,0.,0.999999999999999));
#1968=DIRECTION('',(0.,0.,-1.));
#1969=DIRECTION('',(-1.,0.,0.));
#1970=DIRECTION('',(0.,0.,1.));
#1971=DIRECTION('',(0.,0.,-1.));
#1972=DIRECTION('',(-1.,0.,0.));
#1973=DIRECTION('',(0.,0.,1.));
#1974=DIRECTION('',(-1.,0.,0.));
#1975=DIRECTION('',(-1.,0.,0.));
#1976=DIRECTION('',(0.,1.,0.));
#1977=DIRECTION('',(0.,0.,1.));
#1978=DIRECTION('',(-1.,0.,0.));
#1979=DIRECTION('',(0.,0.,1.));
#1980=DIRECTION('',(-1.,0.,0.));
#1981=DIRECTION('',(0.,-1.,0.));
#1982=DIRECTION('',(0.,0.,-1.));
#1983=DIRECTION('',(-0.876025460522489,0.480398798285338,0.0423838073132254));
#1984=DIRECTION('',(-0.480830871608194,-0.876813362642532,0.));
#1985=DIRECTION('',(0.,0.,-1.));
#1986=DIRECTION('',(0.,-1.,0.));
#1987=DIRECTION('',(0.,0.,-1.));
#1988=DIRECTION('',(0.876025460522489,-0.480398798285338,0.0423838073132256));
#1989=DIRECTION('',(0.480830871608194,0.876813362642531,0.));
#1990=DIRECTION('',(-0.876025460522393,0.480398798285285,0.0423838073158139));
#1991=DIRECTION('',(-0.480830871141187,-0.876813362636504,0.));
#1992=DIRECTION('',(-1.,0.,0.));
#1993=DIRECTION('',(-1.,0.,0.));
#1994=DIRECTION('',(0.,0.,1.));
#1995=DIRECTION('',(0.,0.,1.));
#1996=DIRECTION('',(-0.855861050686065,0.469340948154162,0.217303788057861));
#1997=DIRECTION('',(0.480830871608194,0.876813362642532,0.));
#1998=DIRECTION('',(0.876813362642532,-0.480830871608194,0.));
#1999=DIRECTION('',(-0.480830871608194,-0.876813362642532,0.));
#2000=DIRECTION('',(0.876813362642532,-0.480830871608194,0.));
#2001=DIRECTION('',(0.246092409090959,-8.62504512255669E-14,0.969246370221633));
#2002=DIRECTION('',(0.969246370221632,2.18990568130045E-14,-0.246092409090959));
#2003=DIRECTION('',(-0.246092409090959,8.62504512255668E-14,-0.969246370221632));
#2004=DIRECTION('',(-0.855861050686066,0.469340948154162,0.217303788057861));
#2005=DIRECTION('',(0.855861050686066,-0.469340948154163,-0.21730378805786));
#2006=DIRECTION('',(0.,0.,1.));
#2007=DIRECTION('',(-0.480830871608194,-0.876813362642532,0.));
#2008=DIRECTION('',(0.876813362642532,-0.480830871608194,0.));
#2009=DIRECTION('',(-0.855861050686065,0.469340948154162,-0.217303788057861));
#2010=DIRECTION('',(-0.480830871608194,-0.876813362642532,0.));
#2011=DIRECTION('',(0.876813362642532,-0.480830871608194,0.));
#2012=DIRECTION('',(-1.,0.,0.));
#2013=DIRECTION('',(-1.,0.,0.));
#2014=DIRECTION('',(0.,0.,0.999999999999999));
#2015=DIRECTION('',(0.876025460522393,-0.480398798285285,0.0423838073158139));
#2016=DIRECTION('',(0.48083087114892,0.876813362650604,0.));
#2017=DIRECTION('',(0.,-5.42105423086137E-17,-1.));
#2018=DIRECTION('',(0.480830871608194,0.876813362642532,0.));
#2019=DIRECTION('',(-0.876813362642532,0.480830871608194,0.));
#2020=DIRECTION('',(0.,0.,1.));
#2021=DIRECTION('',(-0.480830871608194,-0.876813362642532,0.));
#2022=DIRECTION('',(0.876813362642532,-0.480830871608194,0.));
#2023=DIRECTION('',(-0.855861050686066,0.469340948154163,-0.21730378805786));
#2024=DIRECTION('',(-0.246092409090959,8.62504512255669E-14,0.969246370221633));
#2025=DIRECTION('',(0.969246370221632,2.18990568130045E-14,0.246092409090959));
#2026=DIRECTION('',(-0.246092409090959,8.62504512255668E-14,0.969246370221632));
#2027=DIRECTION('',(-0.855861050686066,0.469340948154162,-0.217303788057861));
#2028=DIRECTION('',(0.287347885566348,0.957826285221151,0.));
#2029=DIRECTION('',(0.957826285221151,-0.287347885566348,0.));
#2030=DIRECTION('',(1.,0.,0.));
#2031=DIRECTION('',(1.,0.,0.));
#2032=DIRECTION('',(0.,0.,-1.));
#2033=DIRECTION('',(-0.287347885566348,-0.957826285221151,0.));
#2034=DIRECTION('',(0.957826285221151,-0.287347885566348,0.));
#2035=DIRECTION('',(1.,0.,0.));
#2036=DIRECTION('',(1.,0.,0.));
#2037=DIRECTION('',(0.,0.,-1.));
#2038=DIRECTION('',(1.,0.,0.));
#2039=DIRECTION('',(0.,1.,0.));
#2040=DIRECTION('',(1.,0.,0.));
#2041=DIRECTION('',(-0.287347885566348,-0.957826285221151,0.));
#2042=DIRECTION('',(-0.957826285221151,0.287347885566348,0.));
#2043=DIRECTION('',(1.,0.,0.));
#2044=DIRECTION('',(0.,-1.,5.42105423086137E-17));
#2045=DIRECTION('',(0.,-5.42101086242752E-17,-1.));
#2046=DIRECTION('',(-0.287347885566348,-0.957826285221151,0.));
#2047=DIRECTION('',(0.957826285221151,-0.287347885566348,0.));
#2048=DIRECTION('',(1.,0.,0.));
#2049=DIRECTION('',(0.,0.,-1.));
#2050=DIRECTION('',(0.287347885566348,0.957826285221151,0.));
#2051=DIRECTION('',(0.957826285221151,-0.287347885566348,0.));
#2052=DIRECTION('',(1.,0.,0.));
#2053=DIRECTION('',(0.,0.,-1.));
#2054=DIRECTION('',(0.287347885566348,0.957826285221151,0.));
#2055=DIRECTION('',(0.957826285221151,-0.287347885566348,0.));
#2056=CARTESIAN_POINT('',(0.,0.,0.));
#2057=CARTESIAN_POINT('',(2.80871215252208,6.9,3.225));
#2058=CARTESIAN_POINT('',(4.10486029220365,2.8,3.27407935762639));
#2059=CARTESIAN_POINT('',(5.22948105140027,3.34614604433102,3.31666373725465));
#2060=CARTESIAN_POINT('',(2.80871215252208,2.8,3.225));
#2061=CARTESIAN_POINT('',(2.80871215252208,2.8,3.225));
#2062=CARTESIAN_POINT('',(2.80871215252208,6.9,3.225));
#2063=CARTESIAN_POINT('',(5.1,3.5,3.31176086648474));
#2064=CARTESIAN_POINT('',(4.49386482965106,4.22023120464162,3.28880922701952));
#2065=CARTESIAN_POINT('',(2.80871215252208,2.8,3.225));
#2066=CARTESIAN_POINT('',(2.80871215252208,2.8,5.125));
#2067=CARTESIAN_POINT('',(2.80871215252208,2.8,5.125));
#2068=CARTESIAN_POINT('',(4.10486029220365,2.8,5.07592064237362));
#2069=CARTESIAN_POINT('',(2.80871215252208,6.9,5.125));
#2070=CARTESIAN_POINT('',(5.22948105140027,3.34614604433102,5.03333626274535));
#2071=CARTESIAN_POINT('',(4.49386482965106,4.22023120464162,5.06119077298048));
#2072=CARTESIAN_POINT('',(5.1,3.5,5.03823913351526));
#2073=CARTESIAN_POINT('',(2.80871215252208,6.9,5.125));
#2074=CARTESIAN_POINT('',(2.80871215252208,2.8,5.125));
#2075=CARTESIAN_POINT('',(4.10486029220365,2.8,3.225));
#2076=CARTESIAN_POINT('',(5.22948105140027,3.34614604433102,3.225));
#2077=CARTESIAN_POINT('',(2.80871215252208,6.9,3.225));
#2078=CARTESIAN_POINT('',(2.80871215252208,-4.1,3.225));
#2079=CARTESIAN_POINT('',(2.80871215252208,0.,3.225));
#2080=CARTESIAN_POINT('',(5.1,-0.7,3.31176086648474));
#2081=CARTESIAN_POINT('',(2.80871215252208,-8.13151629364128E-17,3.225));
#2082=CARTESIAN_POINT('',(4.10486029220365,0.,3.27407935762639));
#2083=CARTESIAN_POINT('',(2.80871215252208,-4.1,3.225));
#2084=CARTESIAN_POINT('',(5.22948105140027,-0.546146044331017,3.31666373725465));
#2085=CARTESIAN_POINT('',(5.09863871157328,-0.701617530959102,3.31170932055455));
#2086=CARTESIAN_POINT('',(2.80871215252208,0.,3.225));
#2087=CARTESIAN_POINT('',(2.80871215252208,-8.13151629364128E-17,5.125));
#2088=CARTESIAN_POINT('',(2.80871215252208,0.,5.125));
#2089=CARTESIAN_POINT('',(4.10486029220365,0.,5.07592064237362));
#2090=CARTESIAN_POINT('',(2.80871215252208,-4.1,5.125));
#2091=CARTESIAN_POINT('',(5.1,-0.7,5.03823913351526));
#2092=CARTESIAN_POINT('',(5.12844994001715,-0.666194777051563,5.03716186098922));
#2093=CARTESIAN_POINT('',(5.22948105140027,-0.546146044331012,5.03333626274535));
#2094=CARTESIAN_POINT('',(2.80871215252208,-4.1,5.125));
#2095=CARTESIAN_POINT('',(2.80871215252208,0.,5.125));
#2096=CARTESIAN_POINT('',(4.10486029220365,0.,3.225));
#2097=CARTESIAN_POINT('',(5.22948105140027,-0.546146044331016,3.225));
#2098=CARTESIAN_POINT('',(2.80871215252208,-4.1,3.225));
#2099=CARTESIAN_POINT('',(6.45,2.8,8.35));
#2100=CARTESIAN_POINT('',(0.,2.8,8.35));
#2101=CARTESIAN_POINT('',(12.9,2.8,8.35));
#2102=CARTESIAN_POINT('',(0.,1.4,8.35));
#2103=CARTESIAN_POINT('',(0.,0.,8.35));
#2104=CARTESIAN_POINT('',(6.45,0.,8.35));
#2105=CARTESIAN_POINT('',(12.9,0.,8.35));
#2106=CARTESIAN_POINT('',(12.9,1.4,8.35));
#2107=CARTESIAN_POINT('',(6.45,1.4,8.35));
#2108=CARTESIAN_POINT('',(2.80871215252208,0.,3.225));
#2109=CARTESIAN_POINT('',(12.9,0.,0.));
#2110=CARTESIAN_POINT('',(12.9,0.,0.));
#2111=CARTESIAN_POINT('',(12.9,0.,3.425));
#2112=CARTESIAN_POINT('',(12.9,0.,3.425));
#2113=CARTESIAN_POINT('',(13.4,0.,3.425));
#2114=CARTESIAN_POINT('',(13.4,0.,4.925));
#2115=CARTESIAN_POINT('',(13.4,0.,4.925));
#2116=CARTESIAN_POINT('',(12.9,0.,4.925));
#2117=CARTESIAN_POINT('',(12.9,0.,4.925));
#2118=CARTESIAN_POINT('',(12.9,0.,0.));
#2119=CARTESIAN_POINT('',(0.,0.,0.));
#2120=CARTESIAN_POINT('',(0.,0.,0.));
#2121=CARTESIAN_POINT('',(6.45,0.,0.));
#2122=CARTESIAN_POINT('',(6.45,0.,0.));
#2123=CARTESIAN_POINT('',(0.,2.8,0.));
#2124=CARTESIAN_POINT('',(0.,2.8,0.));
#2125=CARTESIAN_POINT('',(0.,1.4,0.));
#2126=CARTESIAN_POINT('',(0.,1.4,0.));
#2127=CARTESIAN_POINT('',(12.9,2.8,0.));
#2128=CARTESIAN_POINT('',(12.9,2.8,0.));
#2129=CARTESIAN_POINT('',(6.45,2.8,0.));
#2130=CARTESIAN_POINT('',(2.80871215252208,2.8,3.225));
#2131=CARTESIAN_POINT('',(6.45,2.8,0.));
#2132=CARTESIAN_POINT('',(12.9,1.4,0.));
#2133=CARTESIAN_POINT('',(6.45,1.4,0.));
#2134=CARTESIAN_POINT('',(12.9,0.,4.925));
#2135=CARTESIAN_POINT('',(12.9,0.300013844585998,4.92500000101921));
#2136=CARTESIAN_POINT('',(12.9000000000008,1.70000000009009,6.57499776612239));
#2137=CARTESIAN_POINT('',(12.9000000000008,1.56608599950771,6.5749865715323));
#2138=CARTESIAN_POINT('',(12.9000000000008,1.35688200713984,6.57491334687154));
#2139=CARTESIAN_POINT('',(12.9000000000008,1.11003091192073,6.57515439181033));
#2140=CARTESIAN_POINT('',(12.9000000000008,0.978275236639406,6.57474911337685));
#2141=CARTESIAN_POINT('',(12.9000000000008,0.902980980642326,6.57538597916038));
#2142=CARTESIAN_POINT('',(12.9000000000008,0.846512096167251,6.57548377986468));
#2143=CARTESIAN_POINT('',(12.9000000000008,0.790066052703542,6.57237861619599));
#2144=CARTESIAN_POINT('',(12.9000000000008,0.715640205138976,6.5607926692826));
#2145=CARTESIAN_POINT('',(12.9000000000008,0.589643614726121,6.51966920319223));
#2146=CARTESIAN_POINT('',(12.9000000000008,0.433340969489639,6.40776138099594));
#2147=CARTESIAN_POINT('',(12.9000000000008,0.335317932302515,6.24264578714158));
#2148=CARTESIAN_POINT('',(12.9000000000008,0.300024099105202,6.09516811692358));
#2149=CARTESIAN_POINT('',(12.9000000000008,0.299992800431881,5.94419202899862));
#2150=CARTESIAN_POINT('',(12.9000000000008,0.300249685240747,5.75609275606257));
#2151=CARTESIAN_POINT('',(12.9000000000008,0.299837704593595,5.45493985886726));
#2152=CARTESIAN_POINT('',(12.9000000000008,0.299975512885475,5.1779045267549));
#2153=CARTESIAN_POINT('',(12.9000000000008,0.300011132178219,4.97616151786801));
#2154=CARTESIAN_POINT('',(12.9000000000008,0.30001703553565,4.9250000013874));
#2155=CARTESIAN_POINT('',(12.9,1.69999999999672,6.57499888306119));
#2156=CARTESIAN_POINT('',(12.9,1.4,6.575));
#2157=CARTESIAN_POINT('',(12.9,1.75,6.575));
#2158=CARTESIAN_POINT('',(12.9000000000016,1.7500008800084,6.37423246810958));
#2159=CARTESIAN_POINT('',(12.9,1.75,6.175));
#2160=CARTESIAN_POINT('',(12.9,1.4,6.175));
#2161=CARTESIAN_POINT('',(12.9,1.7,6.17500091566547));
#2162=CARTESIAN_POINT('',(12.900000002337,1.70000000006463,6.17500183131897));
#2163=CARTESIAN_POINT('',(12.9000000023124,1.46787253683637,6.17501821494691));
#2164=CARTESIAN_POINT('',(12.9000000022878,1.20469619739074,6.17515147032235));
#2165=CARTESIAN_POINT('',(12.9000000022657,0.925817614618295,6.17493842198693));
#2166=CARTESIAN_POINT('',(12.9000000022615,0.871462184906548,6.17511403241688));
#2167=CARTESIAN_POINT('',(12.9000000022592,0.840247214885965,6.17490192740453));
#2168=CARTESIAN_POINT('',(12.9000000022568,0.809416647421196,6.17109438908091));
#2169=CARTESIAN_POINT('',(12.900000002254,0.772873881684748,6.15627850501153));
#2170=CARTESIAN_POINT('',(12.9000000022495,0.724058621180303,6.11662671641966));
#2171=CARTESIAN_POINT('',(12.9000000022452,0.697774130681728,6.05685385969314));
#2172=CARTESIAN_POINT('',(12.9000000022411,0.700349293292593,5.99432788705395));
#2173=CARTESIAN_POINT('',(12.900000002237,0.699825051025109,5.93217833324286));
#2174=CARTESIAN_POINT('',(12.9000000022302,0.700116633000113,5.82329955661397));
#2175=CARTESIAN_POINT('',(12.9000000022107,0.699845655698543,5.48242116606452));
#2176=CARTESIAN_POINT('',(12.9000000021981,0.699928432161605,5.17260749385231));
#2177=CARTESIAN_POINT('',(12.9000000021914,0.699963180460552,4.92499999935317));
#2178=CARTESIAN_POINT('',(12.9,0.699963184256581,4.9249999993537));
#2179=CARTESIAN_POINT('',(12.9,0.7,4.925));
#2180=CARTESIAN_POINT('',(12.9,0.4,4.925));
#2181=CARTESIAN_POINT('',(12.9,0.4,3.425));
#2182=CARTESIAN_POINT('',(12.9,0.4,3.425));
#2183=CARTESIAN_POINT('',(12.9,0.7,3.425));
#2184=CARTESIAN_POINT('',(12.9000001837431,0.699963184693394,3.42499999999989));
#2185=CARTESIAN_POINT('',(12.8999999999812,0.699963180939165,3.42500000000041));
#2186=CARTESIAN_POINT('',(12.8999999999811,0.69992843296236,3.17739254847085));
#2187=CARTESIAN_POINT('',(12.899999999981,0.699845657272754,2.86757891180382));
#2188=CARTESIAN_POINT('',(12.8999999999808,0.700116631525491,2.52670055178064));
#2189=CARTESIAN_POINT('',(12.8999999999808,0.699825052713052,2.41782175912793));
#2190=CARTESIAN_POINT('',(12.8999999999807,0.700349289222007,2.35567223280843));
#2191=CARTESIAN_POINT('',(12.8999999999807,0.697774090144845,2.29314632234198));
#2192=CARTESIAN_POINT('',(12.8999999999807,0.724058690760909,2.23337333895848));
#2193=CARTESIAN_POINT('',(12.8999999999806,0.77287354135299,2.19372159073555));
#2194=CARTESIAN_POINT('',(12.8999999999806,0.809416491960412,2.17890565060087));
#2195=CARTESIAN_POINT('',(12.8999999999806,0.840247265526472,2.17509804772601));
#2196=CARTESIAN_POINT('',(12.8999999999806,0.871462077351274,2.17488598190599));
#2197=CARTESIAN_POINT('',(12.8999999999805,0.925817631175234,2.17506156926427));
#2198=CARTESIAN_POINT('',(12.8999999999803,1.22136859986362,2.17483581516492));
#2199=CARTESIAN_POINT('',(12.8999999999801,1.50119838397018,2.17499999999949));
#2200=CARTESIAN_POINT('',(12.8999999999799,1.75,2.175));
#2201=CARTESIAN_POINT('',(12.9,1.75,2.175));
#2202=CARTESIAN_POINT('',(12.9000000000005,1.75000087995591,1.975776405532));
#2203=CARTESIAN_POINT('',(12.9,1.75,1.775));
#2204=CARTESIAN_POINT('',(12.9,0.300017034910879,3.42499999514179));
#2205=CARTESIAN_POINT('',(12.9,0.300011131726875,3.37383856469404));
#2206=CARTESIAN_POINT('',(12.9,0.299975513365255,3.17209555651007));
#2207=CARTESIAN_POINT('',(12.9,0.299837708116524,2.89505995528109));
#2208=CARTESIAN_POINT('',(12.9,0.300249679820727,2.59390808488805));
#2209=CARTESIAN_POINT('',(12.9,0.299992816629779,2.40580802778382));
#2210=CARTESIAN_POINT('',(12.9,0.300024068596694,2.25483228012214));
#2211=CARTESIAN_POINT('',(12.9,0.335317860124138,2.10735431523061));
#2212=CARTESIAN_POINT('',(12.9,0.433340814076258,1.942238804494));
#2213=CARTESIAN_POINT('',(12.9,0.589643480494966,1.83033087090002));
#2214=CARTESIAN_POINT('',(12.9,0.715640094913656,1.78920735737434));
#2215=CARTESIAN_POINT('',(12.9,0.790065934815415,1.77762139263528));
#2216=CARTESIAN_POINT('',(12.9,0.846511977199472,1.77451622099883));
#2217=CARTESIAN_POINT('',(12.9,0.902980900070171,1.77461401989565));
#2218=CARTESIAN_POINT('',(12.9,0.978275221330246,1.775250886899));
#2219=CARTESIAN_POINT('',(12.9,1.11003087844418,1.77484560810447));
#2220=CARTESIAN_POINT('',(12.9,1.37354881344691,1.77510292792221));
#2221=CARTESIAN_POINT('',(12.9,1.59941924205982,1.775));
#2222=CARTESIAN_POINT('',(12.9,1.75,1.775));
#2223=CARTESIAN_POINT('',(12.9,0.3000170349106,3.42499999514179));
#2224=CARTESIAN_POINT('',(12.9,0.,3.425));
#2225=CARTESIAN_POINT('',(12.9,1.4,0.));
#2226=CARTESIAN_POINT('',(5.1,3.5,3.225));
#2227=CARTESIAN_POINT('',(5.1,3.5,3.225));
#2228=CARTESIAN_POINT('',(2.80871215252208,6.9,3.225));
#2229=CARTESIAN_POINT('',(5.1,-0.7,3.225));
#2230=CARTESIAN_POINT('',(5.1,-0.7,3.225));
#2231=CARTESIAN_POINT('',(2.80871215252208,-4.1,3.225));
#2232=CARTESIAN_POINT('',(14.4,0.32,3.425));
#2233=CARTESIAN_POINT('',(14.3477359774606,0.311041427808985,3.4205833812326));
#2234=CARTESIAN_POINT('',(14.3440089238061,0.30208285561797,3.425));
#2235=CARTESIAN_POINT('',(14.2640120430457,0.276483853774632,3.72305169232651));
#2236=CARTESIAN_POINT('',(14.2359217647328,0.267494964714474,4.03998910390198));
#2237=CARTESIAN_POINT('',(14.2534468984872,0.273103007515895,4.34910241754003));
#2238=CARTESIAN_POINT('',(14.2644582319789,0.27662663423324,4.5433234620631));
#2239=CARTESIAN_POINT('',(14.2937454624131,0.285998547972188,4.73772915061932));
#2240=CARTESIAN_POINT('',(14.344008815652,0.302082821008654,4.92500000000118));
#2241=CARTESIAN_POINT('',(14.3453090463571,0.311041410504327,4.92500000000059));
#2242=CARTESIAN_POINT('',(13.0393323657474,-0.115413642960815,4.925));
#2243=CARTESIAN_POINT('',(14.4,0.32,4.925));
#2244=CARTESIAN_POINT('',(12.9,0.4,4.925));
#2245=CARTESIAN_POINT('',(13.4127728304472,0.4,4.925));
#2246=CARTESIAN_POINT('',(13.4127728304472,0.4,3.425));
#2247=CARTESIAN_POINT('',(13.4127728304472,0.4,3.425));
#2248=CARTESIAN_POINT('',(12.9,0.4,3.425));
#2249=CARTESIAN_POINT('',(12.9,0.4,3.425));
#2250=CARTESIAN_POINT('',(14.2767891142584,0.699552172651801,3.425));
#2251=CARTESIAN_POINT('',(14.2121232359838,0.677132682768866,3.66857737451837));
#2252=CARTESIAN_POINT('',(14.1524390467076,0.656440331356457,4.17499996036755));
#2253=CARTESIAN_POINT('',(14.2121228372872,0.677132544541784,4.68142267321209));
#2254=CARTESIAN_POINT('',(14.2767888760568,0.699552090067919,4.925));
#2255=CARTESIAN_POINT('',(14.2767891142584,0.699552172651801,3.425));
#2256=CARTESIAN_POINT('',(14.2767888760568,0.699552090067919,4.925));
#2257=CARTESIAN_POINT('',(13.4655138223756,0.418285163157188,3.425));
#2258=CARTESIAN_POINT('',(13.4655138223756,0.418285163157188,4.925));
#2259=CARTESIAN_POINT('',(13.4655138223756,0.418285163157188,3.425));
#2260=CARTESIAN_POINT('',(12.9000000000016,1.75000137295883,2.1749999999966));
#2261=CARTESIAN_POINT('',(13.43333333427,1.7500007334866,2.17497272698028));
#2262=CARTESIAN_POINT('',(13.9666666685383,1.75000009401437,2.17494545396397));
#2263=CARTESIAN_POINT('',(14.5000000028067,1.74999945454214,2.17491818094765));
#2264=CARTESIAN_POINT('',(14.5000000032735,1.7499923909118,2.17495898309659));
#2265=CARTESIAN_POINT('',(14.9723005297095,1.74999778728932,1.72999378109137));
#2266=CARTESIAN_POINT('',(15.0024425730748,1.74921817370192,2.1738568062618));
#2267=CARTESIAN_POINT('',(14.9999921255652,1.74999836233043,1.9757849900672));
#2268=CARTESIAN_POINT('',(15.0021583887489,1.74929261937863,1.77388702281071));
#2269=CARTESIAN_POINT('',(14.9719360657402,1.74999666564549,1.27655840133798));
#2270=CARTESIAN_POINT('',(14.500000000654,1.74999271947139,1.77497225027496));
#2271=CARTESIAN_POINT('',(14.5000000106654,1.74999846473564,1.77493514258545));
#2272=CARTESIAN_POINT('',(13.9666666737771,1.74999910419389,1.77495676172332));
#2273=CARTESIAN_POINT('',(13.4333333368888,1.74999974365213,1.77497838086119));
#2274=CARTESIAN_POINT('',(12.9000000000005,1.75000038311037,1.77499999999905));
#2275=CARTESIAN_POINT('',(13.9592880145769,1.74999960999258,1.97577640553514));
#2276=CARTESIAN_POINT('',(12.9,0.699963184256581,4.9249999993537));
#2277=CARTESIAN_POINT('',(13.0627401062519,0.703287776555536,4.9249999993537));
#2278=CARTESIAN_POINT('',(13.2254782988064,0.706707497608643,4.925));
#2279=CARTESIAN_POINT('',(13.3882143392139,0.710225486995577,4.925));
#2280=CARTESIAN_POINT('',(13.5509503817249,0.713743476427984,4.925));
#2281=CARTESIAN_POINT('',(13.7136843324863,0.717359719648985,4.925));
#2282=CARTESIAN_POINT('',(13.8764159113019,0.721078461096678,4.925));
#2283=CARTESIAN_POINT('',(14.0391474974075,0.72479720271096,4.925));
#2284=CARTESIAN_POINT('',(14.2018769006207,0.728613918986203,4.925));
#2285=CARTESIAN_POINT('',(14.3646029511001,0.732567480799543,4.925));
#2286=CARTESIAN_POINT('',(14.3752278717833,0.73282562189348,4.925));
#2287=CARTESIAN_POINT('',(14.385852778194,0.733084351131569,4.925));
#2288=CARTESIAN_POINT('',(14.3964776699432,0.733343680392056,4.925));
#2289=CARTESIAN_POINT('',(14.3964776699432,0.733343680392056,4.925));
#2290=CARTESIAN_POINT('',(14.2767888757925,0.699552089976294,4.92499999900454));
#2291=CARTESIAN_POINT('',(14.3155003652015,0.714554948205619,4.92499977203615));
#2292=CARTESIAN_POINT('',(14.3556380796768,0.725864562462816,4.92499953836668));
#2293=CARTESIAN_POINT('',(14.3964776790955,0.73334363039431,4.92499930621477));
#2294=CARTESIAN_POINT('',(14.4,0.1,4.925));
#2295=CARTESIAN_POINT('',(14.2767891140948,0.69955217259508,3.42500000061625));
#2296=CARTESIAN_POINT('',(14.3155172749589,0.714558767285995,3.42500000061927));
#2297=CARTESIAN_POINT('',(14.3556716075698,0.725868755357011,3.4250000006223));
#2298=CARTESIAN_POINT('',(14.3965277924926,0.733344960353444,3.42500000062532));
#2299=CARTESIAN_POINT('',(14.3965277924844,0.733344960398517,3.425));
#2300=CARTESIAN_POINT('',(12.9000001837431,0.699963184693217,3.425));
#2301=CARTESIAN_POINT('',(13.0627402898384,0.703287784675848,3.425));
#2302=CARTESIAN_POINT('',(13.2254784821635,0.706707516634767,3.425));
#2303=CARTESIAN_POINT('',(13.3882145224293,0.710225512592663,3.425));
#2304=CARTESIAN_POINT('',(13.550950564798,0.713743508596017,3.425));
#2305=CARTESIAN_POINT('',(13.7136845154236,0.717359757892482,3.425));
#2306=CARTESIAN_POINT('',(13.8764160941087,0.721078505042305,3.425));
#2307=CARTESIAN_POINT('',(14.0391476800837,0.724797252358719,3.425));
#2308=CARTESIAN_POINT('',(14.2018770831712,0.728613973968024,3.425));
#2309=CARTESIAN_POINT('',(14.3646031335265,0.732567540879985,3.425));
#2310=CARTESIAN_POINT('',(14.3752447009599,0.732826086753891,3.425));
#2311=CARTESIAN_POINT('',(14.3858862540762,0.73308522261533,3.425));
#2312=CARTESIAN_POINT('',(14.3965277924844,0.733344960398516,3.425));
#2313=CARTESIAN_POINT('',(14.4,0.1,3.425));
#2314=CARTESIAN_POINT('',(14.4740730321372,0.699890186413329,4.17478927858543));
#2315=CARTESIAN_POINT('',(14.4663147026285,0.699824453575982,4.15006413159559));
#2316=CARTESIAN_POINT('',(14.4111706124971,0.70439898694304,3.89038073606013));
#2317=CARTESIAN_POINT('',(14.3911638754575,0.712073720170301,3.71569880575363));
#2318=CARTESIAN_POINT('',(14.3880023319699,0.72454534983835,3.52217936410443));
#2319=CARTESIAN_POINT('',(14.3965277924844,0.733344960398521,3.425));
#2320=CARTESIAN_POINT('',(14.4737401719942,0.699883994328267,4.17489374090694));
#2321=CARTESIAN_POINT('',(14.473373791511,0.699884007354779,4.17489374049908));
#2322=CARTESIAN_POINT('',(14.4733737811736,0.699883879825086,4.18417679113733));
#2323=CARTESIAN_POINT('',(14.4721632043817,0.699900678678636,4.19346503136454));
#2324=CARTESIAN_POINT('',(14.4704545892062,0.699933003441922,4.20258942824657));
#2325=CARTESIAN_POINT('',(14.4637542118045,0.700059765814487,4.23837098020315));
#2326=CARTESIAN_POINT('',(14.4529390211322,0.700420972044844,4.27325808451429));
#2327=CARTESIAN_POINT('',(14.4442839680652,0.701006161800262,4.30861311521438));
#2328=CARTESIAN_POINT('',(14.3952212346892,0.704323415746844,4.50902949987501));
#2329=CARTESIAN_POINT('',(14.3785157526387,0.714804992234094,4.72025975044308));
#2330=CARTESIAN_POINT('',(14.3964776699432,0.733343680392056,4.925));
#2331=CARTESIAN_POINT('',(14.5000000962203,1.74999945451302,6.17507791073364));
#2332=CARTESIAN_POINT('',(13.9666667308141,1.75000009402129,6.17505194049023));
#2333=CARTESIAN_POINT('',(13.4333333654079,1.75000073352956,6.17502597024681));
#2334=CARTESIAN_POINT('',(12.9000000000017,1.75000137303784,6.17500000000339));
#2335=CARTESIAN_POINT('',(14.5000000965014,1.7499923909102,6.17504101686113));
#2336=CARTESIAN_POINT('',(14.499995024742,1.6997681630285,6.16694835440594));
#2337=CARTESIAN_POINT('',(14.4999981375471,1.71658530755704,6.16903566972929));
#2338=CARTESIAN_POINT('',(14.4999988045504,1.73328799714006,6.17204478667757));
#2339=CARTESIAN_POINT('',(14.5000196742743,1.74977628540567,6.17595747879006));
#2340=CARTESIAN_POINT('',(14.5,1.7,6.16508047594014));
#2341=CARTESIAN_POINT('',(14.5,0.763493518398779,5.17500000000074));
#2342=CARTESIAN_POINT('',(14.5,0.771912474500367,5.2422152299256));
#2343=CARTESIAN_POINT('',(14.5,0.790303778047317,5.37648583086799));
#2344=CARTESIAN_POINT('',(14.5,0.822197096284311,5.57750248672845));
#2345=CARTESIAN_POINT('',(14.5,0.849554529439531,5.72768206996934));
#2346=CARTESIAN_POINT('',(14.5,0.866766315012456,5.82164834778695));
#2347=CARTESIAN_POINT('',(14.5,0.873101423770474,5.85498745568065));
#2348=CARTESIAN_POINT('',(14.5,0.87769677179451,5.87780836822067));
#2349=CARTESIAN_POINT('',(14.5,0.883524221529709,5.90033271209142));
#2350=CARTESIAN_POINT('',(14.5,0.896177648395193,5.93174585433417));
#2351=CARTESIAN_POINT('',(14.5,0.921115107530247,5.96872542902536));
#2352=CARTESIAN_POINT('',(14.5,0.955655669932377,5.9975269322834));
#2353=CARTESIAN_POINT('',(14.5,0.985908830361744,6.01292929456059));
#2354=CARTESIAN_POINT('',(14.5,1.00791237833589,6.02025298598086));
#2355=CARTESIAN_POINT('',(14.5,1.03033305921863,6.02595706601559));
#2356=CARTESIAN_POINT('',(14.5,1.06316344854786,6.03338840720237));
#2357=CARTESIAN_POINT('',(14.5,1.15594687770425,6.05252690953643));
#2358=CARTESIAN_POINT('',(14.5,1.30407310796911,6.08433639685692));
#2359=CARTESIAN_POINT('',(14.5,1.50196187187147,6.1250984586797));
#2360=CARTESIAN_POINT('',(14.5,1.63397024027826,6.15183995658773));
#2361=CARTESIAN_POINT('',(14.5,1.70000000000001,6.16508047594014));
#2362=CARTESIAN_POINT('',(14.5,0.763493518398779,5.17500000000074));
#2363=CARTESIAN_POINT('',(14.5,0.699883297723829,4.17500000000192));
#2364=CARTESIAN_POINT('',(14.5,0.69988328400508,4.50963310588234));
#2365=CARTESIAN_POINT('',(14.5,0.721988897983637,4.84363556829625));
#2366=CARTESIAN_POINT('',(14.5,0.763493518398779,5.17500000000074));
#2367=CARTESIAN_POINT('',(14.5,0.699883297723829,4.175));
#2368=CARTESIAN_POINT('',(14.5,0.763493518398779,3.17499999999925));
#2369=CARTESIAN_POINT('',(14.5,0.721988897983637,3.50636443170376));
#2370=CARTESIAN_POINT('',(14.5,0.69988328400508,3.84036689411766));
#2371=CARTESIAN_POINT('',(14.5,0.699883297723829,4.17499999999808));
#2372=CARTESIAN_POINT('',(14.5,0.763493518398779,3.17499999999925));
#2373=CARTESIAN_POINT('',(14.5,1.7,2.18491952405985));
#2374=CARTESIAN_POINT('',(14.5,1.63397024027826,2.19816004341226));
#2375=CARTESIAN_POINT('',(14.5,1.50196187187147,2.2249015413203));
#2376=CARTESIAN_POINT('',(14.5,1.30407310796911,2.26566360314308));
#2377=CARTESIAN_POINT('',(14.5,1.15594687770425,2.29747309046357));
#2378=CARTESIAN_POINT('',(14.5,1.06316344854786,2.31661159279763));
#2379=CARTESIAN_POINT('',(14.5,1.03033305921863,2.32404293398441));
#2380=CARTESIAN_POINT('',(14.5,1.00791237833589,2.32974701401914));
#2381=CARTESIAN_POINT('',(14.5,0.985908830361744,2.33707070543942));
#2382=CARTESIAN_POINT('',(14.5,0.955655669932377,2.3524730677166));
#2383=CARTESIAN_POINT('',(14.5,0.921115107530247,2.38127457097464));
#2384=CARTESIAN_POINT('',(14.5,0.896177648395193,2.41825414566584));
#2385=CARTESIAN_POINT('',(14.5,0.883524221529709,2.44966728790858));
#2386=CARTESIAN_POINT('',(14.5,0.87769677179451,2.47219163177934));
#2387=CARTESIAN_POINT('',(14.5,0.873101423770474,2.49501254431936));
#2388=CARTESIAN_POINT('',(14.5,0.866766315012456,2.52835165221305));
#2389=CARTESIAN_POINT('',(14.5,0.849554529439531,2.62231793003067));
#2390=CARTESIAN_POINT('',(14.5,0.822197096284311,2.77249751327155));
#2391=CARTESIAN_POINT('',(14.5,0.790303778047317,2.97351416913201));
#2392=CARTESIAN_POINT('',(14.5,0.771912474500367,3.1077847700744));
#2393=CARTESIAN_POINT('',(14.5,0.763493518398779,3.17499999999925));
#2394=CARTESIAN_POINT('',(14.5,1.7,2.18491952405985));
#2395=CARTESIAN_POINT('',(14.5000196742869,1.74977628533283,2.17404252122752));
#2396=CARTESIAN_POINT('',(14.4999988045551,1.7332879969276,2.17795521337005));
#2397=CARTESIAN_POINT('',(14.4999981375441,1.71658530720156,2.18096433033327));
#2398=CARTESIAN_POINT('',(14.4999950247311,1.69976816252908,2.18305164565608));
#2399=CARTESIAN_POINT('',(12.9,2.23310510446395,6.175));
#2400=CARTESIAN_POINT('',(13.2887106330067,2.21231455244044,6.19375559673356));
#2401=CARTESIAN_POINT('',(13.8717765917028,2.18113336215404,6.22196609748162));
#2402=CARTESIAN_POINT('',(14.5196764066357,2.14652108374923,6.25324849065033));
#2403=CARTESIAN_POINT('',(14.7788660868599,2.13265474431329,6.26575187841151));
#2404=CARTESIAN_POINT('',(14.843699989397,2.12918423066939,6.26887577694299));
#2405=CARTESIAN_POINT('',(12.9,2.07207006964264,6.175));
#2406=CARTESIAN_POINT('',(13.2858887126299,2.05820970162696,6.18750373115571));
#2407=CARTESIAN_POINT('',(13.8647217900123,2.03742340938061,6.20633285390597));
#2408=CARTESIAN_POINT('',(14.5079180347177,2.01434887088676,6.2271937259738));
#2409=CARTESIAN_POINT('',(14.7652260374169,2.00510460379349,6.2355285449644));
#2410=CARTESIAN_POINT('',(14.8295892600082,2.00279086161601,6.23760988600893));
#2411=CARTESIAN_POINT('',(12.9,1.91103503482132,6.175));
#2412=CARTESIAN_POINT('',(13.2830667922531,1.90410485081348,6.18125186557786));
#2413=CARTESIAN_POINT('',(13.8576669883217,1.89371345660719,6.19069961033033));
#2414=CARTESIAN_POINT('',(14.4961596627998,1.88217665802428,6.20113896129728));
#2415=CARTESIAN_POINT('',(14.7515859879739,1.87755446327369,6.20530521151729));
#2416=CARTESIAN_POINT('',(14.8154785306194,1.87639749256263,6.20634399507486));
#2417=CARTESIAN_POINT('',(12.9,1.75,6.175));
#2418=CARTESIAN_POINT('',(13.2802448718764,1.75,6.175));
#2419=CARTESIAN_POINT('',(13.8506121866311,1.75000350383378,6.17506636675468));
#2420=CARTESIAN_POINT('',(14.4844012908818,1.75000444516182,6.17508419662076));
#2421=CARTESIAN_POINT('',(14.7379459385309,1.7500043227539,6.17508187807018));
#2422=CARTESIAN_POINT('',(14.8013678012306,1.75000412350924,6.1750781041408));
#2423=CARTESIAN_POINT('',(12.9,1.50119840701678,6.175));
#2424=CARTESIAN_POINT('',(13.2758849617128,1.5119056473557,6.16534077201515));
#2425=CARTESIAN_POINT('',(13.8397124100654,1.52796942772577,6.15091276620787));
#2426=CARTESIAN_POINT('',(14.4662344263401,1.54579635376861,6.13482918650129));
#2427=CARTESIAN_POINT('',(14.7168718534192,1.55293740385783,6.12838636541203));
#2428=CARTESIAN_POINT('',(14.7795665084003,1.55472443422989,6.12677182421193));
#2429=CARTESIAN_POINT('',(12.9,1.22136872932911,6.17516420737231));
#2430=CARTESIAN_POINT('',(13.2715931751112,1.24379937298825,6.15465493264097));
#2431=CARTESIAN_POINT('',(13.8289829424228,1.27744768349113,6.12394563481237));
#2432=CARTESIAN_POINT('',(14.4483514189139,1.3147946508948,6.08977561264397));
#2433=CARTESIAN_POINT('',(14.6961270507216,1.3297544167066,6.07609828476558));
#2434=CARTESIAN_POINT('',(14.7581058605989,1.33349814347246,6.07267439658624));
#2435=CARTESIAN_POINT('',(12.9,0.925817614405916,6.17493842218408));
#2436=CARTESIAN_POINT('',(13.2677910268154,0.960293517304359,6.14293449589786));
#2437=CARTESIAN_POINT('',(13.8194775706747,1.01200920740143,6.09497665318148));
#2438=CARTESIAN_POINT('',(14.4325086353553,1.06941501420852,6.04164567356373));
#2439=CARTESIAN_POINT('',(14.6777489663608,1.09240791908329,6.0203040336526));
#2440=CARTESIAN_POINT('',(14.7390935999628,1.09816187386572,6.01496330323645));
#2441=CARTESIAN_POINT('',(12.9,0.871462184680334,6.17511403262795));
#2442=CARTESIAN_POINT('',(13.2671129841305,0.908183875700179,6.14085024685376));
#2443=CARTESIAN_POINT('',(13.8177824637826,0.963268157161419,6.0895014050928));
#2444=CARTESIAN_POINT('',(14.4296833685154,1.02441399742518,6.03240338477893));
#2445=CARTESIAN_POINT('',(14.6744715756085,1.04890463560236,6.00955493094981));
#2446=CARTESIAN_POINT('',(14.7357031156247,1.05503337943924,6.00383734288945));
#2447=CARTESIAN_POINT('',(12.9,0.840247214651707,6.1749019276236));
#2448=CARTESIAN_POINT('',(13.2667319177545,0.878274634748373,6.13934091163535));
#2449=CARTESIAN_POINT('',(13.8168297977415,0.935317458784309,6.08604553323187));
#2450=CARTESIAN_POINT('',(14.4280955419377,0.99863786353785,6.02678511427207));
#2451=CARTESIAN_POINT('',(14.672629651133,1.02399929739837,6.00307170189112));
#2452=CARTESIAN_POINT('',(14.7337976314887,1.03034594417447,5.99713778554586));
#2453=CARTESIAN_POINT('',(12.9,0.809416647179054,6.17109438930625));
#2454=CARTESIAN_POINT('',(13.266355109103,0.848724026449567,6.13451568308159));
#2455=CARTESIAN_POINT('',(13.8158877760128,0.907686738776023,6.0796930780021));
#2456=CARTESIAN_POINT('',(14.4265254564376,0.97313877522283,6.0187361953894));
#2457=CARTESIAN_POINT('',(14.6708083068176,0.999353819970686,5.99434421947198));
#2458=CARTESIAN_POINT('',(14.7319134376765,1.00591407015664,5.98824059986836));
#2459=CARTESIAN_POINT('',(12.9,0.772873881433702,6.15627850523975));
#2460=CARTESIAN_POINT('',(13.2658920815222,0.813626500445285,6.11923032587044));
#2461=CARTESIAN_POINT('',(13.8147302069379,0.874757010364817,6.06370264692231));
#2462=CARTESIAN_POINT('',(14.4245961140831,0.942615756338907,6.00196301807691));
#2463=CARTESIAN_POINT('',(14.6685702142236,0.969794652765762,5.97725803142144));
#2464=CARTESIAN_POINT('',(14.7295981147685,0.976596100487884,5.971076156602));
#2465=CARTESIAN_POINT('',(12.9,0.724058620919802,6.11662671664479));
#2466=CARTESIAN_POINT('',(13.265168268291,0.766346101753578,6.08008107216459));
#2467=CARTESIAN_POINT('',(13.8129206736677,0.829778807457895,6.02530581290763));
#2468=CARTESIAN_POINT('',(14.4215801306266,0.900192402719852,5.96440343372939));
#2469=CARTESIAN_POINT('',(14.6650715867134,0.928395010030991,5.94003358161183));
#2470=CARTESIAN_POINT('',(14.7259787594111,0.935452684151209,5.93393560420563));
#2471=CARTESIAN_POINT('',(12.9,0.69777413042307,6.05685385990553));
#2472=CARTESIAN_POINT('',(13.2644700014069,0.739762580834682,6.0223752620049));
#2473=CARTESIAN_POINT('',(13.8111750062724,0.802746647378956,5.97069918997508));
#2474=CARTESIAN_POINT('',(14.4186705936361,0.872658496669134,5.91324177600338));
#2475=CARTESIAN_POINT('',(14.6616964401639,0.900661980434497,5.89025026227248));
#2476=CARTESIAN_POINT('',(14.7224871459967,0.907669994535812,5.88449713028313));
#2477=CARTESIAN_POINT('',(12.9,0.700349293050282,5.99432788725288));
#2478=CARTESIAN_POINT('',(13.2637972808701,0.739684036853456,5.96203455062467));
#2479=CARTESIAN_POINT('',(13.8094932047518,0.798687453379986,5.91363498786152));
#2480=CARTESIAN_POINT('',(14.4158675031115,0.864172922940686,5.8598195783985));
#2481=CARTESIAN_POINT('',(14.6584447745748,0.890407194174081,5.83828522766337));
#2482=CARTESIAN_POINT('',(14.7191232745253,0.896972799254321,5.83289665835361));
#2483=CARTESIAN_POINT('',(12.9,0.699825050797336,5.93217833342897));
#2484=CARTESIAN_POINT('',(13.2631415912313,0.736799761404386,5.90196604471672));
#2485=CARTESIAN_POINT('',(13.807853980481,0.792263040312784,5.85668667118571));
#2486=CARTESIAN_POINT('',(14.4131353768976,0.853811703717031,5.80633956424456));
#2487=CARTESIAN_POINT('',(14.6552754296262,0.87847257496932,5.78619288787476));
#2488=CARTESIAN_POINT('',(14.7158445643492,0.884644748133778,5.78115149929242));
#2489=CARTESIAN_POINT('',(12.9,0.7001166327978,5.82329955677875));
#2490=CARTESIAN_POINT('',(13.2620388404711,0.732958317829584,5.79655104197775));
#2491=CARTESIAN_POINT('',(13.8050971032879,0.78222191067117,5.75646490969091));
#2492=CARTESIAN_POINT('',(14.4085404373387,0.836876429973005,5.71189054328031));
#2493=CARTESIAN_POINT('',(14.649945167647,0.858781855435939,5.69405356810846));
#2494=CARTESIAN_POINT('',(14.7103303699415,0.864265013975428,5.68959004682872));
#2495=CARTESIAN_POINT('',(12.9,0.699844703626378,5.48122365807033));
#2496=CARTESIAN_POINT('',(13.2588540621866,0.72047143415658,5.46421445203003));
#2497=CARTESIAN_POINT('',(13.7971351567318,0.7514121686723,5.43872967835858));
#2498=CARTESIAN_POINT('',(14.3952701098506,0.785691736975883,5.41038667068167));
#2499=CARTESIAN_POINT('',(14.6345512062783,0.799453548984161,5.39904405415671));
#2500=CARTESIAN_POINT('',(14.6944052060334,0.802900335589293,5.39620540390515));
#2501=CARTESIAN_POINT('',(12.9,0.69999657565796,4.92140307205502));
#2502=CARTESIAN_POINT('',(13.2551753876432,0.704954039596536,4.91458605330943));
#2503=CARTESIAN_POINT('',(13.7879384693973,0.71239038149806,4.90437711682622));
#2504=CARTESIAN_POINT('',(14.3799418164647,0.720535027664092,4.89301902210113));
#2505=CARTESIAN_POINT('',(14.6167699453077,0.723850107854444,4.88847290905319));
#2506=CARTESIAN_POINT('',(14.6760103634929,0.724684523649607,4.8873349415182));
#2507=CARTESIAN_POINT('',(12.9,0.700001712102226,4.17500008242923));
#2508=CARTESIAN_POINT('',(13.2535404206918,0.697522420803398,4.17499955871505));
#2509=CARTESIAN_POINT('',(13.783851051585,0.693803410858678,4.1749987731401));
#2510=CARTESIAN_POINT('',(14.3731292395946,0.689544748926165,4.17499790021651));
#2511=CARTESIAN_POINT('',(14.6088671602967,0.687901686802116,4.17499755101017));
#2512=CARTESIAN_POINT('',(14.6678348754806,0.687496216884078,4.17499746365937));
#2513=CARTESIAN_POINT('',(12.9,0.699996575933134,3.42859708356196));
#2514=CARTESIAN_POINT('',(13.2551753861802,0.704954104990392,3.43541442263432));
#2515=CARTESIAN_POINT('',(13.7879384657398,0.712390544568534,3.44562383963321));
#2516=CARTESIAN_POINT('',(14.3799418103688,0.720535299273488,3.45698246828325));
#2517=CARTESIAN_POINT('',(14.6167699382354,0.723850422886972,3.46152879491382));
#2518=CARTESIAN_POINT('',(14.6760103561764,0.724684849543892,3.46266681587402));
#2519=CARTESIAN_POINT('',(12.9,0.69984470529914,2.86877647051531));
#2520=CARTESIAN_POINT('',(13.2588540596264,0.72047132049425,2.88578555136966));
#2521=CARTESIAN_POINT('',(13.7971351503312,0.751411882004876,2.91127013736175));
#2522=CARTESIAN_POINT('',(14.3952700991826,0.785691258068194,2.93961293640648));
#2523=CARTESIAN_POINT('',(14.6345511939017,0.799452993176365,2.95095546942089));
#2524=CARTESIAN_POINT('',(14.6944051932294,0.802899760545371,2.95379409878122));
#2525=CARTESIAN_POINT('',(12.9,0.70011663152723,2.52670055178206));
#2526=CARTESIAN_POINT('',(13.2620388372403,0.732958350346404,2.55344910033078));
#2527=CARTESIAN_POINT('',(13.8050970952109,0.782221993865972,2.59353528340286));
#2528=CARTESIAN_POINT('',(14.4085404238767,0.836876569483524,2.63810970610786));
#2529=CARTESIAN_POINT('',(14.6499451520288,0.858782017481177,2.65594670371986));
#2530=CARTESIAN_POINT('',(14.7103303537841,0.864265181657196,2.66041023060989));
#2531=CARTESIAN_POINT('',(12.9,0.69982505271501,2.41782175912953));
#2532=CARTESIAN_POINT('',(13.2631415877872,0.736799762835674,2.44803405022691));
#2533=CARTESIAN_POINT('',(13.8078539718706,0.792263041011186,2.49331342752145));
#2534=CARTESIAN_POINT('',(14.4131353625466,0.853811703603841,2.54366053848803));
#2535=CARTESIAN_POINT('',(14.6552754129766,0.878472574537738,2.563807216377));
#2536=CARTESIAN_POINT('',(14.7158445471249,0.884644747622205,2.56884860533604));
#2537=CARTESIAN_POINT('',(12.9,0.70034928922409,2.35567223281014));
#2538=CARTESIAN_POINT('',(13.263797277304,0.739684036050866,2.38796557239564));
#2539=CARTESIAN_POINT('',(13.8094931958366,0.79868745710937,2.43636513979378));
#2540=CARTESIAN_POINT('',(14.4158674882525,0.864172931708864,2.49018055423945));
#2541=CARTESIAN_POINT('',(14.6584447573359,0.890407204964507,2.51171490687011));
#2542=CARTESIAN_POINT('',(14.7191232566912,0.896972810550233,2.51710347665051));
#2543=CARTESIAN_POINT('',(12.9,0.697774090147068,2.2931463223438));
#2544=CARTESIAN_POINT('',(13.264469997719,0.7397625460415,2.32762491727677));
#2545=CARTESIAN_POINT('',(13.8111749970524,0.802746620806462,2.37930098506767));
#2546=CARTESIAN_POINT('',(14.4186705782691,0.872658479234409,2.43675839414998));
#2547=CARTESIAN_POINT('',(14.6616964223356,0.900661966662018,2.4597499058204));
#2548=CARTESIAN_POINT('',(14.7224871275529,0.907669981679038,2.4655030372906));
#2549=CARTESIAN_POINT('',(12.9,0.724058690763148,2.23337333896041));
#2550=CARTESIAN_POINT('',(13.2651682644811,0.76634616836572,2.26991899107326));
#2551=CARTESIAN_POINT('',(13.812920664143,0.82977886921957,2.32469426200581));
#2552=CARTESIAN_POINT('',(14.4215801147516,0.900192459094798,2.38559665396697));
#2553=CARTESIAN_POINT('',(14.6650715682958,0.928395064257951,2.40996651108679));
#2554=CARTESIAN_POINT('',(14.7259787403576,0.935452737840485,2.41606448974027));
#2555=CARTESIAN_POINT('',(12.9,0.772873541355148,2.19372159073751));
#2556=CARTESIAN_POINT('',(13.2658920775904,0.813626191314312,2.23076977415128));
#2557=CARTESIAN_POINT('',(13.8147301971083,0.874756747651441,2.28629745940731));
#2558=CARTESIAN_POINT('',(14.4245960977002,0.942615545207699,2.34803709505879));
#2559=CARTESIAN_POINT('',(14.6685701952165,0.969794462276919,2.37274208431825));
#2560=CARTESIAN_POINT('',(14.7295980951053,0.976595915162144,2.37892395978481));
#2561=CARTESIAN_POINT('',(12.9,0.809416491962493,2.17890565060281));
#2562=CARTESIAN_POINT('',(13.2663551050951,0.848723886727521,2.21548436544492));
#2563=CARTESIAN_POINT('',(13.8158877659928,0.9076866222919,2.27030698370111));
#2564=CARTESIAN_POINT('',(14.4265254397372,0.973138684563804,2.33126388074461));
#2565=CARTESIAN_POINT('',(14.6708082874423,0.999353739650175,2.35565586231162));
#2566=CARTESIAN_POINT('',(14.7319134176323,1.00591399242181,2.36175948332404));
#2567=CARTESIAN_POINT('',(12.9,0.840247265528485,2.1750980477279));
#2568=CARTESIAN_POINT('',(13.2667319136856,0.878274683562479,2.21065907775615));
#2569=CARTESIAN_POINT('',(13.8168297875691,0.935317504500497,2.26395447747774));
#2570=CARTESIAN_POINT('',(14.4280955249832,0.99863790581494,2.32321491990864));
#2571=CARTESIAN_POINT('',(14.6726296314629,1.02399933830708,2.34692834155193));
#2572=CARTESIAN_POINT('',(14.7337976111396,1.03034598474049,2.35286226020957));
#2573=CARTESIAN_POINT('',(12.9,0.871462077353218,2.17488598190781));
#2574=CARTESIAN_POINT('',(13.2671129800006,0.908183779229274,2.20914977844463));
#2575=CARTESIAN_POINT('',(13.8177824534578,0.963268076970864,2.2604986366153));
#2576=CARTESIAN_POINT('',(14.429683351307,1.02441393532861,2.31759667493963));
#2577=CARTESIAN_POINT('',(14.6744715556437,1.04890458075173,2.34044513584278));
#2578=CARTESIAN_POINT('',(14.7357030949707,1.0550333264007,2.34616272566799));
#2579=CARTESIAN_POINT('',(12.9,0.92581763117706,2.17506156926597));
#2580=CARTESIAN_POINT('',(13.2677910225789,0.960293534170303,2.20706550821102));
#2581=CARTESIAN_POINT('',(13.8194775600832,1.01200922440551,2.25502337019507));
#2582=CARTESIAN_POINT('',(14.4325086177024,1.06941503136952,2.30835437098752));
#2583=CARTESIAN_POINT('',(14.6777489458803,1.09240793631479,2.32969601923172));
#2584=CARTESIAN_POINT('',(14.7390935787753,1.09816189111443,2.33503675172742));
#2585=CARTESIAN_POINT('',(12.9,1.22136859986481,2.17483581516601));
#2586=CARTESIAN_POINT('',(13.2715931702955,1.24379926463513,2.1953450946727));
#2587=CARTESIAN_POINT('',(13.8289829303836,1.27744760680018,2.22605440002025));
#2588=CARTESIAN_POINT('',(14.4483513988479,1.31479460939058,2.26022443024378));
#2589=CARTESIAN_POINT('',(14.6961270274416,1.32975438928743,2.27390176116875));
#2590=CARTESIAN_POINT('',(14.7581058365152,1.33349811957605,2.27732565010396));
#2591=CARTESIAN_POINT('',(12.9,1.50119838397075,2.175));
#2592=CARTESIAN_POINT('',(13.2758849563485,1.51190562715795,2.1846592315092));
#2593=CARTESIAN_POINT('',(13.8397123966546,1.52796941179531,2.19908724304529));
#2594=CARTESIAN_POINT('',(14.4662344039881,1.54579634258427,2.21517082874503));
#2595=CARTESIAN_POINT('',(14.7168718274871,1.55293739458195,2.221613652013));
#2596=CARTESIAN_POINT('',(14.7795664815729,1.55472442543084,2.22322819375042));
#2597=CARTESIAN_POINT('',(12.9,1.75,2.175));
#2598=CARTESIAN_POINT('',(13.2802448660244,1.75,2.175));
#2599=CARTESIAN_POINT('',(13.8506121720011,1.75000350382815,2.17493363377536));
#2600=CARTESIAN_POINT('',(14.4844012664978,1.75000444515468,2.17491580405168));
#2601=CARTESIAN_POINT('',(14.7379459102413,1.75000432275683,2.17491812239675));
#2602=CARTESIAN_POINT('',(14.8013677719644,1.75000412351411,2.17492189626554));
#2603=CARTESIAN_POINT('',(12.9,1.92490996270331,2.175));
#2604=CARTESIAN_POINT('',(13.28330992505,1.91738266631184,2.16820946603973));
#2605=CARTESIAN_POINT('',(13.8582748203784,1.90609563609051,2.1579534108814));
#2606=CARTESIAN_POINT('',(14.4971727480289,1.89356473296288,2.14661612907325));
#2607=CARTESIAN_POINT('',(14.7527611959593,1.88854429531502,2.1420907096414));
#2608=CARTESIAN_POINT('',(14.816694291744,1.88728765588651,2.14096209798826));
#2609=CARTESIAN_POINT('',(12.9,2.09981992540662,2.175));
#2610=CARTESIAN_POINT('',(13.2863749840757,2.08476533262368,2.16141893207946));
#2611=CARTESIAN_POINT('',(13.8659374687557,2.06218776835286,2.14097318798745));
#2612=CARTESIAN_POINT('',(14.50994422956,2.03712502077107,2.11831645409483));
#2613=CARTESIAN_POINT('',(14.7675764816771,2.02708426787322,2.10926329688605));
#2614=CARTESIAN_POINT('',(14.8320208115236,2.0245711882589,2.10700229971099));
#2615=CARTESIAN_POINT('',(12.9,2.27472988810992,2.175));
#2616=CARTESIAN_POINT('',(13.2894400431013,2.25214799893552,2.15462839811919));
#2617=CARTESIAN_POINT('',(13.873600117133,2.21827990061522,2.1239929650935));
#2618=CARTESIAN_POINT('',(14.522715711091,2.18068530857927,2.0900167791164));
#2619=CARTESIAN_POINT('',(14.782391767395,2.16562424043141,2.0764358841307));
#2620=CARTESIAN_POINT('',(14.8473473313031,2.1618547206313,2.07304250143371));
#2621=CARTESIAN_POINT('',(12.9,0.32,4.925));
#2622=CARTESIAN_POINT('',(13.9297190663791,0.32,4.925));
#2623=CARTESIAN_POINT('',(14.3440088156709,0.32,4.925));
#2624=CARTESIAN_POINT('',(14.3669258850275,0.32,4.925));
#2625=CARTESIAN_POINT('',(14.3898429543842,0.32,4.925));
#2626=CARTESIAN_POINT('',(14.4127600237408,0.32,4.925));
#2627=CARTESIAN_POINT('',(14.412760023743,0.32,4.92500000000008));
#2628=CARTESIAN_POINT('',(14.489770995126,0.32,4.76627157815498));
#2629=CARTESIAN_POINT('',(14.4865407465061,0.32,4.76693694408793));
#2630=CARTESIAN_POINT('',(14.4833727916219,0.32,4.76800772988167));
#2631=CARTESIAN_POINT('',(14.48038791206,0.32,4.76941048145333));
#2632=CARTESIAN_POINT('',(14.4743389340823,0.32,4.77225321369396));
#2633=CARTESIAN_POINT('',(14.4689076892166,0.32,4.77652396979688));
#2634=CARTESIAN_POINT('',(14.4642680781481,0.32,4.781334922956));
#2635=CARTESIAN_POINT('',(14.4596723863098,0.32,4.78610033493583));
#2636=CARTESIAN_POINT('',(14.4556988242264,0.32,4.79148627282978));
#2637=CARTESIAN_POINT('',(14.4521814983799,0.32,4.79709501187699));
#2638=CARTESIAN_POINT('',(14.4416358649973,0.32,4.813911112606));
#2639=CARTESIAN_POINT('',(14.4346240588989,0.32,4.83289729859722));
#2640=CARTESIAN_POINT('',(14.4289035542429,0.32,4.85190433554807));
#2641=CARTESIAN_POINT('',(14.4217123312162,0.32,4.87579800402854));
#2642=CARTESIAN_POINT('',(14.4166919699919,0.32,4.90035936525236));
#2643=CARTESIAN_POINT('',(14.4127600237439,0.32,4.92500000000021));
#2644=CARTESIAN_POINT('',(14.489770995126,0.32,4.76627157815499));
#2645=CARTESIAN_POINT('',(14.489770995126,0.32,4.76627157815498));
#2646=CARTESIAN_POINT('',(14.3298376741012,0.32,4.79921461006199));
#2647=CARTESIAN_POINT('',(14.1706849319911,0.320000000000006,4.83897639955535));
#2648=CARTESIAN_POINT('',(14.0165244934366,0.320000000000006,4.89281383736511));
#2649=CARTESIAN_POINT('',(13.9873899086512,0.320000000000006,4.90298850611415));
#2650=CARTESIAN_POINT('',(13.9584324441207,0.320000000000329,4.91369116040207));
#2651=CARTESIAN_POINT('',(13.9297190663747,0.320000000000329,4.92500000000591));
#2652=CARTESIAN_POINT('',(12.9,0.32,3.425));
#2653=CARTESIAN_POINT('',(13.9297190663791,0.32,4.925));
#2654=CARTESIAN_POINT('',(13.7667390768815,0.316621618691216,4.925));
#2655=CARTESIAN_POINT('',(13.603756786885,0.313352765457479,4.925));
#2656=CARTESIAN_POINT('',(13.4407726037768,0.310183145062647,4.925));
#2657=CARTESIAN_POINT('',(13.2777884270274,0.307013524791479,4.925));
#2658=CARTESIAN_POINT('',(13.1148022982864,0.30394302521798,4.925));
#2659=CARTESIAN_POINT('',(12.9518145669141,0.300961786308895,4.925));
#2660=CARTESIAN_POINT('',(12.93454304344,0.30064586966065,4.925));
#2661=CARTESIAN_POINT('',(12.9172715598499,0.300327766225564,4.92500000101921));
#2662=CARTESIAN_POINT('',(12.9,0.300013844585998,4.92500000101921));
#2663=CARTESIAN_POINT('',(12.9,0.32,4.925));
#2664=CARTESIAN_POINT('',(12.9,0.32,3.425));
#2665=CARTESIAN_POINT('',(13.9297180521915,0.32,3.425));
#2666=CARTESIAN_POINT('',(12.9,0.3000170349106,3.42499999514179));
#2667=CARTESIAN_POINT('',(13.0629880721019,0.30297945071282,3.42499999514179));
#2668=CARTESIAN_POINT('',(13.2259745693266,0.306030131502433,3.425));
#2669=CARTESIAN_POINT('',(13.3889591487834,0.30917884777621,3.425));
#2670=CARTESIAN_POINT('',(13.5519437341909,0.312327564164949,3.425));
#2671=CARTESIAN_POINT('',(13.7149264599912,0.315574400978508,3.425));
#2672=CARTESIAN_POINT('',(13.8779069235589,0.31892969390262,3.425));
#2673=CARTESIAN_POINT('',(13.8951773249591,0.319285241152554,3.425));
#2674=CARTESIAN_POINT('',(13.9124477013393,0.319642005853487,3.425));
#2675=CARTESIAN_POINT('',(13.9297180521915,0.32,3.425));
#2676=CARTESIAN_POINT('',(14.4,0.32,3.425));
#2677=CARTESIAN_POINT('',(13.9297180521915,0.32,3.425));
#2678=CARTESIAN_POINT('',(14.0932443287985,0.32,3.48940536851223));
#2679=CARTESIAN_POINT('',(14.2642107557042,0.32,3.53508376053968));
#2680=CARTESIAN_POINT('',(14.4359659302476,0.32,3.57235378404015));
#2681=CARTESIAN_POINT('',(14.4538804576167,0.32,3.57624114788712));
#2682=CARTESIAN_POINT('',(14.4718164773294,0.32,3.58003057697512));
#2683=CARTESIAN_POINT('',(14.4897709949678,0.32,3.58372884480078));
#2684=CARTESIAN_POINT('',(14.4897709949678,0.32,3.58372884480077));
#2685=CARTESIAN_POINT('',(14.4134060353609,0.32,3.42898218568802));
#2686=CARTESIAN_POINT('',(14.4172483166485,0.32,3.45227741866822));
#2687=CARTESIAN_POINT('',(14.4220991699117,0.32,3.47548768506329));
#2688=CARTESIAN_POINT('',(14.4289035051557,0.32,3.49809591425052));
#2689=CARTESIAN_POINT('',(14.4346240012588,0.32,3.51710295642683));
#2690=CARTESIAN_POINT('',(14.4416357963612,0.32,3.53608914630733));
#2691=CARTESIAN_POINT('',(14.4521814076793,0.32,3.55290526387006));
#2692=CARTESIAN_POINT('',(14.455698729559,0.32,3.55851401394159));
#2693=CARTESIAN_POINT('',(14.4596722868013,0.32,3.56389996388452));
#2694=CARTESIAN_POINT('',(14.4642679736934,0.32,3.56866539068178));
#2695=CARTESIAN_POINT('',(14.4689075795424,0.32,3.57347635856548));
#2696=CARTESIAN_POINT('',(14.4743388180419,0.32,3.57774713275317));
#2697=CARTESIAN_POINT('',(14.4803877939056,0.32,3.5805898858927));
#2698=CARTESIAN_POINT('',(14.4833727083896,0.32,3.58199266467901));
#2699=CARTESIAN_POINT('',(14.4865407040566,0.32,3.58306347014772));
#2700=CARTESIAN_POINT('',(14.4897709949678,0.32,3.58372884480078));
#2701=CARTESIAN_POINT('',(14.4116037793422,0.319627656896511,3.42927944713124));
#2702=CARTESIAN_POINT('',(14.3514630311151,0.304445348807868,3.41616676246519));
#2703=CARTESIAN_POINT('',(14.3708303904059,0.310454385548439,3.42197751303251));
#2704=CARTESIAN_POINT('',(14.3905283727331,0.315400194962785,3.42778564082116));
#2705=CARTESIAN_POINT('',(14.4104475984739,0.319255313793021,3.43355889426261));
#2706=CARTESIAN_POINT('',(12.9,0.32,3.425));
#2707=CARTESIAN_POINT('',(14.489770995126,0.320000000000006,4.76627157815505));
#2708=CARTESIAN_POINT('',(14.411809718524,0.293637100270387,4.38861920194683));
#2709=CARTESIAN_POINT('',(14.4119524293183,0.293685357178791,3.96068997647144));
#2710=CARTESIAN_POINT('',(14.489770994968,0.320000000000062,3.58372884479988));
#2711=CARTESIAN_POINT('',(14.5211422058671,0.330557715843704,3.45051321796233));
#2712=CARTESIAN_POINT('',(14.4336857204668,0.33077943054937,3.42610783040397));
#2713=CARTESIAN_POINT('',(14.350701548586,0.304224495547511,3.400558435457));
#2714=CARTESIAN_POINT('',(14.3975569109605,0.289162935824356,3.91512880745873));
#2715=CARTESIAN_POINT('',(14.3019471853022,0.288623099297074,3.90862962403642));
#2716=CARTESIAN_POINT('',(14.2109524682456,0.259504789838584,3.90094183026602));
#2717=CARTESIAN_POINT('',(14.3986215492941,0.289530435369695,4.44164244658376));
#2718=CARTESIAN_POINT('',(14.3030884571647,0.288988306291902,4.44836123817914));
#2719=CARTESIAN_POINT('',(14.2121676474985,0.259893647199505,4.45626628238076));
#2720=CARTESIAN_POINT('',(14.5220277748613,0.330854296047198,4.90280644644429));
#2721=CARTESIAN_POINT('',(14.4346286501418,0.331081168045369,4.92733611714276));
#2722=CARTESIAN_POINT('',(14.3517023358295,0.304544747465433,4.95301505782571));
#2723=CARTESIAN_POINT('',(14.4999999992462,1.74999890963232,6.57506232875576));
#2724=CARTESIAN_POINT('',(13.966666851571,1.75002954363226,6.57519349132881));
#2725=CARTESIAN_POINT('',(13.4333337333407,1.74999467218608,6.57500001934029));
#2726=CARTESIAN_POINT('',(12.9,1.75000038318022,6.575));
#2727=CARTESIAN_POINT('',(14.4999999999038,1.75000594642837,6.57506356693723));
#2728=CARTESIAN_POINT('',(14.9692307422918,1.74999666893414,7.07338540537155));
#2729=CARTESIAN_POINT('',(14.9999585341906,1.7500015535478,6.57607224907634));
#2730=CARTESIAN_POINT('',(14.9999937820105,1.74999786539685,6.57499200005591));
#2731=CARTESIAN_POINT('',(15.0027187274946,1.74896729917759,6.17614587770109));
#2732=CARTESIAN_POINT('',(14.9723005293314,1.74999778720571,6.62000621889646));
#2733=CARTESIAN_POINT('',(13.9592914621013,1.74999960996302,6.37423246810643));
#2734=CARTESIAN_POINT('',(14.5,1.74998682665688,1.77493979738424));
#2735=CARTESIAN_POINT('',(14.4999927843978,1.73332942346703,1.77787080906156));
#2736=CARTESIAN_POINT('',(14.4999927602769,1.71667735104725,1.78080917905189));
#2737=CARTESIAN_POINT('',(14.5,1.70003064686699,1.78375473526181));
#2738=CARTESIAN_POINT('',(14.5,1.70001532343409,1.78375744450375));
#2739=CARTESIAN_POINT('',(14.5,1.70001532379878,1.78375744656481));
#2740=CARTESIAN_POINT('',(14.4999999995137,1.46387960786048,1.82553994100445));
#2741=CARTESIAN_POINT('',(14.5000000000001,1.23561883164659,1.86542120422115));
#2742=CARTESIAN_POINT('',(14.5,1.01741333025079,1.90899547071884));
#2743=CARTESIAN_POINT('',(14.5,1.01741333025079,1.90899547071884));
#2744=CARTESIAN_POINT('',(14.5,1.01741333025079,1.90899547071884));
#2745=CARTESIAN_POINT('',(14.4999236286886,0.968827835968605,1.91869008200981));
#2746=CARTESIAN_POINT('',(14.4999231334107,0.920222134257734,1.93044092600026));
#2747=CARTESIAN_POINT('',(14.5,0.87307315053568,1.94952051203196));
#2748=CARTESIAN_POINT('',(14.5000000142643,0.873072943560896,1.94952059770808));
#2749=CARTESIAN_POINT('',(14.5000000143911,0.873072943574249,1.94952059772011));
#2750=CARTESIAN_POINT('',(14.5052750748839,0.795840854625332,1.98148387821976));
#2751=CARTESIAN_POINT('',(14.5002397814573,0.723146597087679,2.02906447674959));
#2752=CARTESIAN_POINT('',(14.500077180918,0.662983696104598,2.08732829084788));
#2753=CARTESIAN_POINT('',(14.4999355419626,0.610576671598914,2.13808104850001));
#2754=CARTESIAN_POINT('',(14.4996158836338,0.566026682936596,2.19819142817725));
#2755=CARTESIAN_POINT('',(14.5000211481542,0.532244509105388,2.26285176517247));
#2756=CARTESIAN_POINT('',(14.5001923084984,0.517976868565932,2.29016055974612));
#2757=CARTESIAN_POINT('',(14.5013998290013,0.505567963115973,2.31853645478443));
#2758=CARTESIAN_POINT('',(14.5000000183514,0.494914987858689,2.3474141238698));
#2759=CARTESIAN_POINT('',(14.5000000183091,0.494914987834141,2.34741412391455));
#2760=CARTESIAN_POINT('',(14.5000000000009,0.494914848507684,2.34741450159506));
#2761=CARTESIAN_POINT('',(14.4964588326797,0.467966113242831,2.42046619171416));
#2762=CARTESIAN_POINT('',(14.4965623756639,0.463351093166852,2.46619183971205));
#2763=CARTESIAN_POINT('',(14.5000000000001,0.461043851909632,2.48076675358567));
#2764=CARTESIAN_POINT('',(14.5,0.461043851909627,2.48076675358568));
#2765=CARTESIAN_POINT('',(14.5,0.461043851909622,2.48076675358567));
#2766=CARTESIAN_POINT('',(14.5,0.418607781500402,2.70958730604884));
#2767=CARTESIAN_POINT('',(14.5,0.383410173280809,2.94168959118613));
#2768=CARTESIAN_POINT('',(14.5,0.3570412002539,3.17500000395481));
#2769=CARTESIAN_POINT('',(14.5,0.357041185742313,3.17500000197737));
#2770=CARTESIAN_POINT('',(14.5,0.3570412002539,3.17500000395481));
#2771=CARTESIAN_POINT('',(14.5,0.319752754968639,3.50492497115503));
#2772=CARTESIAN_POINT('',(14.5,0.300072055905997,3.84111006799369));
#2773=CARTESIAN_POINT('',(14.5,0.300072048135753,4.17499999999524));
#2774=CARTESIAN_POINT('',(14.5,0.300072048135753,4.17499999999524));
#2775=CARTESIAN_POINT('',(14.5,0.300072048135753,4.17499999999524));
#2776=CARTESIAN_POINT('',(14.5,0.300072040365507,4.50888997070193));
#2777=CARTESIAN_POINT('',(14.5,0.319752728542716,4.84507515139873));
#2778=CARTESIAN_POINT('',(14.5,0.357041171230726,5.17500000000007));
#2779=CARTESIAN_POINT('',(14.5,0.357041171230726,5.17500000000007));
#2780=CARTESIAN_POINT('',(14.5,0.357041171230726,5.17500000000007));
#2781=CARTESIAN_POINT('',(14.5,0.37735634639968,5.35474687621064));
#2782=CARTESIAN_POINT('',(14.4999493029152,0.403371120929113,5.53554359515101));
#2783=CARTESIAN_POINT('',(14.4998647056857,0.464442383715919,5.89615544753484));
#2784=CARTESIAN_POINT('',(14.4998312205454,0.502895178133309,6.0878121927094));
#2785=CARTESIAN_POINT('',(14.4998259730267,0.890019806652679,6.516133993224));
#2786=CARTESIAN_POINT('',(14.5000000000001,1.3157162855315,6.49824356394994));
#2787=CARTESIAN_POINT('',(14.5000000000002,1.70000000000091,6.56623984625425));
#2788=CARTESIAN_POINT('',(14.5000000000002,1.7000000000009,6.56623984625425));
#2789=CARTESIAN_POINT('',(14.5000000000004,1.70000000000062,6.5662398462542));
#2790=CARTESIAN_POINT('',(14.4999927447615,1.71666328268927,6.56918834439948));
#2791=CARTESIAN_POINT('',(14.4999927678943,1.73333194404704,6.57212964215519));
#2792=CARTESIAN_POINT('',(14.4999999968196,1.75000594642946,6.57506356693859));
#2793=CARTESIAN_POINT('',(12.9,2.25955234026649,6.575));
#2794=CARTESIAN_POINT('',(13.0951961253115,2.25107375839975,6.58422027641288));
#2795=CARTESIAN_POINT('',(13.4855883759346,2.23411659466627,6.60266082923861));
#2796=CARTESIAN_POINT('',(14.0711768534761,2.20865840131724,6.63025254621672));
#2797=CARTESIAN_POINT('',(14.5266869991946,2.18891931281089,6.65203782365254));
#2798=CARTESIAN_POINT('',(14.7870018262493,2.17754092499119,6.66401645889305));
#2799=CARTESIAN_POINT('',(14.8521201719708,2.17469921013279,6.66702885185292));
#2800=CARTESIAN_POINT('',(12.9,2.08970156017766,6.575));
#2801=CARTESIAN_POINT('',(13.0938650097246,2.0840491722665,6.58114685094192));
#2802=CARTESIAN_POINT('',(13.4815950291738,2.07274439644418,6.59344055282574));
#2803=CARTESIAN_POINT('',(14.0631901512049,2.05576813312259,6.6118148401962));
#2804=CARTESIAN_POINT('',(14.5155940235791,2.04262482096059,6.62641688666186));
#2805=CARTESIAN_POINT('',(14.7741336371121,2.03502023177938,6.63430986941396));
#2806=CARTESIAN_POINT('',(14.8388079109322,2.03312195469359,6.63629957142871));
#2807=CARTESIAN_POINT('',(12.9,1.91985078008883,6.575));
#2808=CARTESIAN_POINT('',(13.0925338941376,1.91702458613325,6.57807342547096));
#2809=CARTESIAN_POINT('',(13.477601682413,1.91137219822209,6.58422027641287));
#2810=CARTESIAN_POINT('',(14.0552034489336,1.90287786492796,6.59337713417569));
#2811=CARTESIAN_POINT('',(14.5045010479636,1.89633032911029,6.60079594967118));
#2812=CARTESIAN_POINT('',(14.7612654479748,1.89249953856757,6.60460327993488));
#2813=CARTESIAN_POINT('',(14.8254956498936,1.8915446992544,6.6055702910045));
#2814=CARTESIAN_POINT('',(12.9,1.75,6.575));
#2815=CARTESIAN_POINT('',(13.0912027785507,1.75,6.575));
#2816=CARTESIAN_POINT('',(13.4736083356522,1.75,6.575));
#2817=CARTESIAN_POINT('',(14.0472167466623,1.74998759673331,6.57493942815518));
#2818=CARTESIAN_POINT('',(14.493408072348,1.75003583725998,6.5751750126805));
#2819=CARTESIAN_POINT('',(14.7483972588375,1.74997884535576,6.57489669045579));
#2820=CARTESIAN_POINT('',(14.812183388855,1.7499674438152,6.57484101058029));
#2821=CARTESIAN_POINT('',(12.9,1.59941925997322,6.575));
#2822=CARTESIAN_POINT('',(13.0900226817031,1.60192481441971,6.57227526313631));
#2823=CARTESIAN_POINT('',(13.4700680451095,1.60693592331268,6.56682578940894));
#2824=CARTESIAN_POINT('',(14.0401361578198,1.61444315168807,6.55859353080037));
#2825=CARTESIAN_POINT('',(14.4835736254504,1.62033885951787,6.55246084174635));
#2826=CARTESIAN_POINT('',(14.7369890012947,1.62362751837486,6.54856039559101));
#2827=CARTESIAN_POINT('',(14.8003814405945,1.62445251898622,6.54759805188237));
#2828=CARTESIAN_POINT('',(12.9,1.37354877765935,6.57489707211826));
#2829=CARTESIAN_POINT('',(13.0883631705125,1.3798012672454,6.56809294459077));
#2830=CARTESIAN_POINT('',(13.4650895115376,1.39230624641751,6.55448468953579));
#2831=CARTESIAN_POINT('',(14.0301790797676,1.41105845438714,6.53401804467667));
#2832=CARTESIAN_POINT('',(14.4697439345113,1.4256987217958,6.51835094815148));
#2833=CARTESIAN_POINT('',(14.7209461391373,1.43399026151994,6.50902760436547));
#2834=CARTESIAN_POINT('',(14.7837849508656,1.4360660129426,6.50670783854105));
#2835=CARTESIAN_POINT('',(12.9,1.11003091192068,6.57515439181038));
#2836=CARTESIAN_POINT('',(13.0866206837647,1.12064190774181,6.56356268901805));
#2837=CARTESIAN_POINT('',(13.4598620512941,1.14186389938408,6.54037928343338));
#2838=CARTESIAN_POINT('',(14.0197241478269,1.17369600894314,6.50555432947722));
#2839=CARTESIAN_POINT('',(14.4552227590447,1.19850803563404,6.47869774887304));
#2840=CARTESIAN_POINT('',(14.7041011338948,1.21261834765384,6.46300996864414));
#2841=CARTESIAN_POINT('',(14.7663586366738,1.21614891047531,6.45909710730196));
#2842=CARTESIAN_POINT('',(12.9,0.97827523663935,6.57474911337691));
#2843=CARTESIAN_POINT('',(13.0857978428011,0.991054333246985,6.56080364009591));
#2844=CARTESIAN_POINT('',(13.4573935284033,1.01661252646225,6.5329126935339));
#2845=CARTESIAN_POINT('',(14.0147870966365,1.05495100807611,6.49102863646046));
#2846=CARTESIAN_POINT('',(14.448365537302,1.08482286898769,6.45867069799415));
#2847=CARTESIAN_POINT('',(14.6961465480921,1.10182752075322,6.43985406657704));
#2848=CARTESIAN_POINT('',(14.7581295438675,1.10608174672152,6.43515800736561));
#2849=CARTESIAN_POINT('',(12.9,0.902980980642264,6.57538597916045));
#2850=CARTESIAN_POINT('',(13.0853414772248,0.917024711457179,6.55998350081978));
#2851=CARTESIAN_POINT('',(13.4560244316746,0.945112173087009,6.52917854413843));
#2852=CARTESIAN_POINT('',(14.0120489001792,0.98724570522093,6.4829247337995));
#2853=CARTESIAN_POINT('',(14.4445623723035,1.0200689132446,6.44716181410603));
#2854=CARTESIAN_POINT('',(14.6917347610102,1.03876172343222,6.42640791291289));
#2855=CARTESIAN_POINT('',(14.7535655092039,1.04343804501352,6.42122695060247));
#2856=CARTESIAN_POINT('',(12.9,0.846512096167185,6.57548377986475));
#2857=CARTESIAN_POINT('',(13.0850061176727,0.861517568852568,6.55896799227322));
#2858=CARTESIAN_POINT('',(13.4550183530181,0.891528514223335,6.52593641709015));
#2859=CARTESIAN_POINT('',(14.010036740662,0.936548115499927,6.47634362543379));
#2860=CARTESIAN_POINT('',(14.4417676222676,0.971615789054507,6.43797900152001));
#2861=CARTESIAN_POINT('',(14.6884927659585,0.99159238513871,6.41574473515097));
#2862=CARTESIAN_POINT('',(14.7502116352475,0.996589700940268,6.41019323812856));
#2863=CARTESIAN_POINT('',(12.9,0.790066052703472,6.57237861619607));
#2864=CARTESIAN_POINT('',(13.0846776727506,0.806046248422969,6.55484811469314));
#2865=CARTESIAN_POINT('',(13.4540330182518,0.838006639861961,6.51978711168725));
#2866=CARTESIAN_POINT('',(14.0080660689704,0.885951236379756,6.4671511247318));
#2867=CARTESIAN_POINT('',(14.4390304959446,0.92329366546501,6.42641487910203));
#2868=CARTESIAN_POINT('',(14.6853176161667,0.944571334380108,6.40283173472189));
#2869=CARTESIAN_POINT('',(14.7469269133325,0.949893971818086,6.39694259481286));
#2870=CARTESIAN_POINT('',(12.9,0.7156402051389,6.56079266928268));
#2871=CARTESIAN_POINT('',(13.0842489656945,0.732904826845866,6.54217363218788));
#2872=CARTESIAN_POINT('',(13.4527468970836,0.7674340702598,6.50493555799829));
#2873=CARTESIAN_POINT('',(14.005493823816,0.819233023068623,6.44903522618078));
#2874=CARTESIAN_POINT('',(14.4354578257979,0.859572973852432,6.40575386124417));
#2875=CARTESIAN_POINT('',(14.6811732101239,0.882565096388644,6.38072483954029));
#2876=CARTESIAN_POINT('',(14.7426394868343,0.888316419440442,6.37447371951682));
#2877=CARTESIAN_POINT('',(12.9,0.589643614726036,6.51966920319232));
#2878=CARTESIAN_POINT('',(13.0835229295516,0.609033136567258,6.49989534401276));
#2879=CARTESIAN_POINT('',(13.4505687886547,0.6478121802497,6.46034762565363));
#2880=CARTESIAN_POINT('',(14.0011376021858,0.70598765966296,6.40098503593044));
#2881=CARTESIAN_POINT('',(14.4294073360365,0.751286590854819,6.35500018423632));
#2882=CARTESIAN_POINT('',(14.6741544579584,0.777115093351047,6.32844123404421));
#2883=CARTESIAN_POINT('',(14.7353785226072,0.783575623453155,6.32180689044791));
#2884=CARTESIAN_POINT('',(12.9,0.433340969489544,6.40776138099603));
#2885=CARTESIAN_POINT('',(13.082554881362,0.454949149929546,6.38822393855772));
#2886=CARTESIAN_POINT('',(13.4476646440862,0.49816551080955,6.34914905368108));
#2887=CARTESIAN_POINT('',(13.9953293066855,0.562999400954678,6.29049886896529));
#2888=CARTESIAN_POINT('',(14.4213400163639,0.613476209173815,6.24505345035826));
#2889=CARTESIAN_POINT('',(14.6647961217486,0.64226699634646,6.2188242824893));
#2890=CARTESIAN_POINT('',(14.7256972369824,0.649468122159097,6.21227170851889));
#2891=CARTESIAN_POINT('',(12.9,0.33531793230242,6.24264578714166));
#2892=CARTESIAN_POINT('',(13.0816790282398,0.356984734858534,6.22514966585366));
#2893=CARTESIAN_POINT('',(13.4450370847194,0.400318339970766,6.19015742327767));
#2894=CARTESIAN_POINT('',(13.9900741821949,0.465330299501068,6.13763435679643));
#2895=CARTESIAN_POINT('',(14.4140410128639,0.515944275753437,6.09694030389688));
#2896=CARTESIAN_POINT('',(14.6563290556694,0.544816383066979,6.07344794656167));
#2897=CARTESIAN_POINT('',(14.7169379785759,0.552037465143915,6.06757926601898));
#2898=CARTESIAN_POINT('',(12.9,0.300024099105114,6.09516811692365));
#2899=CARTESIAN_POINT('',(13.0810336627823,0.320126659469858,6.07971466963299));
#2900=CARTESIAN_POINT('',(13.4431009883471,0.360331780199348,6.04880777505166));
#2901=CARTESIAN_POINT('',(13.9862019852081,0.4206526364458,6.00241525438925));
#2902=CARTESIAN_POINT('',(14.4086627997674,0.46761656103321,5.96647817821241));
#2903=CARTESIAN_POINT('',(14.6500901648845,0.494404903037704,5.94572153638341));
#2904=CARTESIAN_POINT('',(14.7104837881817,0.501104441752544,5.94053662058523));
#2905=CARTESIAN_POINT('',(12.9,0.299992800431805,5.94419202899868));
#2906=CARTESIAN_POINT('',(13.0804251753518,0.317193908600526,5.9307780076858));
#2907=CARTESIAN_POINT('',(13.4412755260555,0.35159612493797,5.90394996506004));
#2908=CARTESIAN_POINT('',(13.9825510566252,0.403214155127144,5.86367824615775));
#2909=CARTESIAN_POINT('',(14.4035919131401,0.443407493623127,5.83249056711149));
#2910=CARTESIAN_POINT('',(14.6442077821518,0.466328629087098,5.81446530921582));
#2911=CARTESIAN_POINT('',(14.7043984086748,0.47206050865567,5.80996307460895));
#2912=CARTESIAN_POINT('',(12.9,0.300249685240686,5.75609275606262));
#2913=CARTESIAN_POINT('',(13.0797337123641,0.314074730382238,5.74493263226852));
#2914=CARTESIAN_POINT('',(13.4392011370924,0.341724820665344,5.72261238468032));
#2915=CARTESIAN_POINT('',(13.9784022741537,0.38321640101248,5.68910551311779));
#2916=CARTESIAN_POINT('',(14.3978295419853,0.415531634347958,5.66316526889895));
#2917=CARTESIAN_POINT('',(14.637523256334,0.433952917854089,5.64816031428704));
#2918=CARTESIAN_POINT('',(14.697483204705,0.438558843944745,5.64441288949009));
#2919=CARTESIAN_POINT('',(12.9,0.299837704593555,5.4549398588673));
#2920=CARTESIAN_POINT('',(13.0787748836914,0.308900403059906,5.44688533064055));
#2921=CARTESIAN_POINT('',(13.4363246510742,0.327025799992608,5.43077627418704));
#2922=CARTESIAN_POINT('',(13.9726492958148,0.354232752059402,5.40659123697987));
#2923=CARTESIAN_POINT('',(14.3898390540138,0.375434954903542,5.38787859176833));
#2924=CARTESIAN_POINT('',(14.6282540472344,0.387508591635703,5.37703846615543));
#2925=CARTESIAN_POINT('',(14.6878941219026,0.390526216122591,5.37433172126254));
#2926=CARTESIAN_POINT('',(12.9,0.300099874096274,4.92790179565161));
#2927=CARTESIAN_POINT('',(13.0774841527966,0.302490790879634,4.92412138180776));
#2928=CARTESIAN_POINT('',(13.43245245839,0.30727262444635,4.91656055412005));
#2929=CARTESIAN_POINT('',(13.964904901962,0.314467478043904,4.90520669345456));
#2930=CARTESIAN_POINT('',(14.3790826279887,0.320100923882656,4.89643378370732));
#2931=CARTESIAN_POINT('',(14.6157762658591,0.323281673614812,4.89133422390115));
#2932=CARTESIAN_POINT('',(14.6749857413155,0.324074152298749,4.89006146176009));
#2933=CARTESIAN_POINT('',(12.9,0.29993341799181,4.17500006533989));
#2934=CARTESIAN_POINT('',(13.0767465923256,0.29833947306894,4.17500006790197));
#2935=CARTESIAN_POINT('',(13.4302397769769,0.295151583223195,4.17500007302612));
#2936=CARTESIAN_POINT('',(13.9604795342876,0.2903937068889,4.17500008071022));
#2937=CARTESIAN_POINT('',(14.3729360991668,0.286728371710011,4.17500008669742));
#2938=CARTESIAN_POINT('',(14.6086461054622,0.284597538301629,4.17500009010438));
#2939=CARTESIAN_POINT('',(14.6676095242396,0.284060986707939,4.17500009095714));
#2940=CARTESIAN_POINT('',(12.9,0.30009987192829,3.42209872834701));
#2941=CARTESIAN_POINT('',(13.0774841529308,0.302490790107594,3.42587913069156));
#2942=CARTESIAN_POINT('',(13.4324524587925,0.3072726264662,3.43343993538067));
#2943=CARTESIAN_POINT('',(13.964904902767,0.314467484246336,3.4447937615426));
#2944=CARTESIAN_POINT('',(14.3790826291067,0.320100933363078,3.45356664447699));
#2945=CARTESIAN_POINT('',(14.615776267156,0.323281684932758,3.45866618892169));
#2946=CARTESIAN_POINT('',(14.6749857426571,0.324074164077564,3.45993894722135));
#2947=CARTESIAN_POINT('',(12.9,0.299837708116525,2.89505995528109));
#2948=CARTESIAN_POINT('',(13.0787748839195,0.30890040758621,2.90311450179621));
#2949=CARTESIAN_POINT('',(13.4363246517584,0.327025806525578,2.91922359482643));
#2950=CARTESIAN_POINT('',(13.9726492971832,0.354232761593444,2.94340868689063));
#2951=CARTESIAN_POINT('',(14.3898390559145,0.375434966813668,2.96212137481121));
#2952=CARTESIAN_POINT('',(14.6282540494392,0.387508604842878,2.97296152477662));
#2953=CARTESIAN_POINT('',(14.6878941241835,0.39052622965628,2.9756682757632));
#2954=CARTESIAN_POINT('',(12.9,0.300249679820728,2.59390808488805));
#2955=CARTESIAN_POINT('',(13.0797337126459,0.314074726383598,2.60506818397426));
#2956=CARTESIAN_POINT('',(13.4392011379376,0.341724819509338,2.62738838214666));
#2957=CARTESIAN_POINT('',(13.9784022758441,0.383216404109404,2.66089517957569));
#2958=CARTESIAN_POINT('',(14.3978295443332,0.415531640804544,2.68683536617423));
#2959=CARTESIAN_POINT('',(14.6375232590575,0.433952926155506,2.70184028779052));
#2960=CARTESIAN_POINT('',(14.6974832075225,0.438558852710188,2.70558770433579));
#2961=CARTESIAN_POINT('',(12.9,0.29999281662978,2.40580802778382));
#2962=CARTESIAN_POINT('',(13.0804251756671,0.317193925354424,2.41922205690621));
#2963=CARTESIAN_POINT('',(13.4412755270014,0.351596142803708,2.44605011515098));
#2964=CARTESIAN_POINT('',(13.9825510585168,0.40321417464831,2.48632185747069));
#2965=CARTESIAN_POINT('',(14.4035919157675,0.443407514489564,2.51750955478436));
#2966=CARTESIAN_POINT('',(14.6442077851996,0.46632865063824,2.53553482304388));
#2967=CARTESIAN_POINT('',(14.7043984118278,0.472060530380932,2.54003706024583));
#2968=CARTESIAN_POINT('',(12.9,0.300024068596696,2.25483228012215));
#2969=CARTESIAN_POINT('',(13.0810336631245,0.320126631726698,2.27028572067317));
#2970=CARTESIAN_POINT('',(13.4431009893734,0.3603317579867,2.30119260177521));
#2971=CARTESIAN_POINT('',(13.9862019872607,0.420652622515538,2.34758510220649));
#2972=CARTESIAN_POINT('',(14.4086628026185,0.467616553608017,2.38352216270316));
#2973=CARTESIAN_POINT('',(14.6500901681916,0.494404899238774,2.40427879548804));
#2974=CARTESIAN_POINT('',(14.7104837916029,0.501104438863814,2.40946370902662));
#2975=CARTESIAN_POINT('',(12.9,0.33531786012414,2.10735431523061));
#2976=CARTESIAN_POINT('',(13.0816790286087,0.35698466739861,2.1248504416836));
#2977=CARTESIAN_POINT('',(13.4450370858262,0.400318281947548,2.15984269458959));
#2978=CARTESIAN_POINT('',(13.9900741844084,0.465330255618478,2.2123657765524));
#2979=CARTESIAN_POINT('',(14.4140410159385,0.515944242937752,2.25305984155715));
#2980=CARTESIAN_POINT('',(14.656329059236,0.544816356477393,2.27655220571882));
#2981=CARTESIAN_POINT('',(14.7169379822655,0.552037440115125,2.28242088797224));
#2982=CARTESIAN_POINT('',(12.9,0.43334081407626,1.94223880449401));
#2983=CARTESIAN_POINT('',(13.0825548817645,0.45494900301645,1.96177624801433));
#2984=CARTESIAN_POINT('',(13.4476646452936,0.498165380896826,2.00085113505498));
#2985=CARTESIAN_POINT('',(13.9953293091003,0.562999296526766,2.05950132300177));
#2986=CARTESIAN_POINT('',(14.4213400197181,0.61347612464321,2.10494674419222));
#2987=CARTESIAN_POINT('',(14.6647961256394,0.642266923079392,2.1311759134351));
#2988=CARTESIAN_POINT('',(14.7256972410074,0.649468051713253,2.13772848775266));
#2989=CARTESIAN_POINT('',(12.9,0.589643480494968,1.83033087090003));
#2990=CARTESIAN_POINT('',(13.0835229299876,0.609033009822126,1.85010473530042));
#2991=CARTESIAN_POINT('',(13.4505687899628,0.64781206847644,1.88965246410121));
#2992=CARTESIAN_POINT('',(14.0011376048018,0.705987570330454,1.94901506947008));
#2993=CARTESIAN_POINT('',(14.4294073396702,0.751286519057867,1.99499993341294));
#2994=CARTESIAN_POINT('',(14.6741544621734,0.777115031458995,2.0215588904903));
#2995=CARTESIAN_POINT('',(14.7353785269676,0.783575564042763,2.02819323581283));
#2996=CARTESIAN_POINT('',(12.9,0.715640094913658,1.78920735737435));
#2997=CARTESIAN_POINT('',(13.084248966154,0.732904722717198,1.80782640135486));
#2998=CARTESIAN_POINT('',(13.4527468984621,0.767433978324276,1.84506448931587));
#2999=CARTESIAN_POINT('',(14.0054938265729,0.81923294940484,1.90096484177236));
#3000=CARTESIAN_POINT('',(14.4354578296273,0.859572914485549,1.94424622284813));
#3001=CARTESIAN_POINT('',(14.6811732145659,0.882565045069578,1.96927525365137));
#3002=CARTESIAN_POINT('',(14.7426394914295,0.888316370138695,1.97552637595524));
#3003=CARTESIAN_POINT('',(12.9,0.790065934815416,1.77762139263528));
#3004=CARTESIAN_POINT('',(13.0846776732235,0.806046136692917,1.7951519015787));
#3005=CARTESIAN_POINT('',(13.4540330196706,0.838006540447922,1.83021291946554));
#3006=CARTESIAN_POINT('',(14.0080660718079,0.885951155421233,1.88284892872348));
#3007=CARTESIAN_POINT('',(14.4390304998858,0.923293598948792,1.9235851917901));
#3008=CARTESIAN_POINT('',(14.6853176207383,0.944571275991225,1.94716834600579));
#3009=CARTESIAN_POINT('',(14.7469269180618,0.949893915466533,1.95305748837958));
#3010=CARTESIAN_POINT('',(12.9,0.846511977199473,1.77451622099884));
#3011=CARTESIAN_POINT('',(13.0850061181557,0.861517455851625,1.7910320162293));
#3012=CARTESIAN_POINT('',(13.455018354467,0.89152841315593,1.82406360669023));
#3013=CARTESIAN_POINT('',(14.0100367435598,0.936548032313932,1.87365642124382));
#3014=CARTESIAN_POINT('',(14.4417676262926,0.971615719866076,1.91202106305993));
#3015=CARTESIAN_POINT('',(14.6884927706274,0.99159232382077,1.93425533952638));
#3016=CARTESIAN_POINT('',(14.7502116400774,0.9965896415955,1.93980683907919));
#3017=CARTESIAN_POINT('',(12.9,0.902980900070172,1.77461401989566));
#3018=CARTESIAN_POINT('',(13.0853414777179,0.917024634896507,1.79001650585267));
#3019=CARTESIAN_POINT('',(13.4560244331537,0.945112104549176,1.82082147776671));
#3020=CARTESIAN_POINT('',(14.0120489031374,0.987245648698066,1.86707531093448));
#3021=CARTESIAN_POINT('',(14.4445623764124,1.02006886615782,1.90283824847998));
#3022=CARTESIAN_POINT('',(14.6917347657763,1.03876168160645,1.92359215973756));
#3023=CARTESIAN_POINT('',(14.7535655141345,1.04343800450825,1.92877312457027));
#3024=CARTESIAN_POINT('',(12.9,0.978275221330247,1.77525088689901));
#3025=CARTESIAN_POINT('',(13.0857978433075,0.991054319378642,1.78919636735401));
#3026=CARTESIAN_POINT('',(13.4573935299227,1.01661251547543,1.81708732826401));
#3027=CARTESIAN_POINT('',(14.0147870996752,1.05495100139175,1.85897140683843));
#3028=CARTESIAN_POINT('',(14.4483655415227,1.08482286574255,1.8913293621278));
#3029=CARTESIAN_POINT('',(14.696146552988,1.10182751933845,1.91014600301558));
#3030=CARTESIAN_POINT('',(14.7581295489323,1.10608174576918,1.91484206460095));
#3031=CARTESIAN_POINT('',(12.9,1.11003087844418,1.77484560810448));
#3032=CARTESIAN_POINT('',(13.0866206842946,1.12064187958612,1.78643731603895));
#3033=CARTESIAN_POINT('',(13.4598620528839,1.14186388187002,1.80962073190791));
#3034=CARTESIAN_POINT('',(14.0197241510064,1.17369600737078,1.84444570126793));
#3035=CARTESIAN_POINT('',(14.4552227634611,1.19850804655899,1.87130229395953));
#3036=CARTESIAN_POINT('',(14.7041011390176,1.21261836557938,1.8869900809424));
#3037=CARTESIAN_POINT('',(14.7663586419734,1.21614893015685,1.8909029439793));
#3038=CARTESIAN_POINT('',(12.9,1.37354881344691,1.77510292792222));
#3039=CARTESIAN_POINT('',(13.0883631710894,1.37980129972993,1.78190705970751));
#3040=CARTESIAN_POINT('',(13.4650895132682,1.39230627229598,1.7955153232781));
#3041=CARTESIAN_POINT('',(14.0301790832288,1.41105847033395,1.81598198088486));
#3042=CARTESIAN_POINT('',(14.469743939319,1.42569873012241,1.83164908744631));
#3043=CARTESIAN_POINT('',(14.7209461447141,1.43399026533792,1.84097243679213));
#3044=CARTESIAN_POINT('',(14.7837849566348,1.43606601563793,1.84329220401327));
#3045=CARTESIAN_POINT('',(12.9,1.59941924205982,1.775));
#3046=CARTESIAN_POINT('',(13.0900226823203,1.60192479750678,1.77772473826752));
#3047=CARTESIAN_POINT('',(13.4700680469609,1.60693590840068,1.78317421480257));
#3048=CARTESIAN_POINT('',(14.0401361615225,1.61444313975335,1.7914064775938));
#3049=CARTESIAN_POINT('',(14.4835736305936,1.62033885001175,1.79753917003601));
#3050=CARTESIAN_POINT('',(14.7369890072606,1.62362751009204,1.80143961793097));
#3051=CARTESIAN_POINT('',(14.8003814467661,1.62445251101497,1.80240196208143));
#3052=CARTESIAN_POINT('',(12.9,1.75,1.775));
#3053=CARTESIAN_POINT('',(13.0912027791947,1.75,1.775));
#3054=CARTESIAN_POINT('',(13.4736083375841,1.75,1.775));
#3055=CARTESIAN_POINT('',(14.047216750526,1.74998759670812,1.7750605718138));
#3056=CARTESIAN_POINT('',(14.4934080777147,1.75003583733276,1.77482498740915));
#3057=CARTESIAN_POINT('',(14.7483972650627,1.74997884531279,1.77510330949129));
#3058=CARTESIAN_POINT('',(14.812183395295,1.74996744374908,1.77515898933828));
#3059=CARTESIAN_POINT('',(12.9,1.91985081837114,1.775));
#3060=CARTESIAN_POINT('',(13.0925338949535,1.91702462298628,1.77192657261846));
#3061=CARTESIAN_POINT('',(13.4776016848607,1.91137223221656,1.76577971785539));
#3062=CARTESIAN_POINT('',(14.0552034538288,1.90287789460784,1.75662285432765));
#3063=CARTESIAN_POINT('',(14.5045010547631,1.89633035555732,1.7492040345027));
#3064=CARTESIAN_POINT('',(14.7612654558621,1.8924995629868,1.74539670153856));
#3065=CARTESIAN_POINT('',(14.825495658053,1.8915447231725,1.74442968980106));
#3066=CARTESIAN_POINT('',(12.9,2.08970163674229,1.775));
#3067=CARTESIAN_POINT('',(13.0938650107124,2.08404924597256,1.76885314523693));
#3068=CARTESIAN_POINT('',(13.4815950321372,2.07274446443311,1.75655943571078));
#3069=CARTESIAN_POINT('',(14.0631901571317,2.05576819250756,1.7381851368415));
#3070=CARTESIAN_POINT('',(14.5155940318114,2.04262487378186,1.72358308159626));
#3071=CARTESIAN_POINT('',(14.7741336466615,2.03502028066081,1.71569009358583));
#3072=CARTESIAN_POINT('',(14.8388079208111,2.03312200259593,1.71370039026384));
#3073=CARTESIAN_POINT('',(12.9,2.25955245511343,1.775));
#3074=CARTESIAN_POINT('',(13.0951961264712,2.25107386895885,1.76577971785539));
#3075=CARTESIAN_POINT('',(13.4855883794138,2.23411669664966,1.74733915356617));
#3076=CARTESIAN_POINT('',(14.0711768604346,2.20865849040728,1.71974741935536));
#3077=CARTESIAN_POINT('',(14.5266870088598,2.18891939200641,1.6979621286898));
#3078=CARTESIAN_POINT('',(14.7870018374608,2.17754099833481,1.6859834856331));
#3079=CARTESIAN_POINT('',(14.8521201835691,2.17469928201936,1.68297109072661));
#3080=CARTESIAN_POINT('',(14.2767891142584,0.699552172651801,3.425));
#3081=CARTESIAN_POINT('',(14.3398244536573,0.723977442773257,3.425));
#3082=CARTESIAN_POINT('',(14.4066380046238,0.738609669439621,3.425));
#3083=CARTESIAN_POINT('',(14.4741065527065,0.742857357428077,3.425));
#3084=CARTESIAN_POINT('',(14.2121232359838,0.677132682768866,3.66857737451837));
#3085=CARTESIAN_POINT('',(14.2967134931046,0.701255960369761,3.67052318983702));
#3086=CARTESIAN_POINT('',(14.385082484437,0.715586386799666,3.67246900219457));
#3087=CARTESIAN_POINT('',(14.4741063616802,0.719532259026701,3.67441481750444));
#3088=CARTESIAN_POINT('',(14.1524390467076,0.656440331356457,4.17499996036755));
#3089=CARTESIAN_POINT('',(14.2569232835145,0.67436487376778,4.17500010313958));
#3090=CARTESIAN_POINT('',(14.365187299821,0.682496949576319,4.17500023702832));
#3091=CARTESIAN_POINT('',(14.4741059796276,0.680244440132065,4.17500037977397));
#3092=CARTESIAN_POINT('',(14.2121228372872,0.677132544541784,4.68142267321209));
#3093=CARTESIAN_POINT('',(14.2967117271616,0.70125819813284,4.67947647624015));
#3094=CARTESIAN_POINT('',(14.3850814418237,0.715591769689319,4.67753026446275));
#3095=CARTESIAN_POINT('',(14.474105597575,0.719540724943081,4.67558406744686));
#3096=CARTESIAN_POINT('',(14.2767888760568,0.699552090067919,4.925));
#3097=CARTESIAN_POINT('',(14.3398220446384,0.723980953637423,4.92499963043971));
#3098=CARTESIAN_POINT('',(14.4066365606516,0.738617927456454,4.92499924311287));
#3099=CARTESIAN_POINT('',(14.4741054065487,0.742870269447806,4.92499887349983));
#3100=CARTESIAN_POINT('',(14.9995426723799,1.70058071810586,1.76926584902896));
#3101=CARTESIAN_POINT('',(14.8331562577802,1.7002082352567,1.77740684085309));
#3102=CARTESIAN_POINT('',(14.6665809261483,1.70022626817533,1.78169891691453));
#3103=CARTESIAN_POINT('',(14.4999961293567,1.69982174466812,1.78214083697446));
#3104=CARTESIAN_POINT('',(14.9997308407439,1.70022326622581,1.77309544956459));
#3105=CARTESIAN_POINT('',(15.,1.50488742403875,1.78867014666613));
#3106=CARTESIAN_POINT('',(15.,1.56949926127433,1.77957689171175));
#3107=CARTESIAN_POINT('',(15.,1.63474742302991,1.775008));
#3108=CARTESIAN_POINT('',(15.,1.69999600000001,1.775008));
#3109=CARTESIAN_POINT('',(15.,1.50488747656502,1.78867013927376));
#3110=CARTESIAN_POINT('',(15.,1.43313164145781,1.8006778307394));
#3111=CARTESIAN_POINT('',(15.,1.45694083953875,1.79605461390593));
#3112=CARTESIAN_POINT('',(15.,1.48087020219831,1.79205025054237));
#3113=CARTESIAN_POINT('',(15.,1.50488742403875,1.78867014666613));
#3114=CARTESIAN_POINT('',(15.,1.43313164145781,1.8006778307394));
#3115=CARTESIAN_POINT('',(15.,1.25963193113791,1.84606876630449));
#3116=CARTESIAN_POINT('',(15.,1.31641619858563,1.8272524424075));
#3117=CARTESIAN_POINT('',(15.,1.3744078639411,1.81208068252035));
#3118=CARTESIAN_POINT('',(15.,1.43313164145781,1.8006778307394));
#3119=CARTESIAN_POINT('',(15.,1.2596319311379,1.84606876630449));
#3120=CARTESIAN_POINT('',(15.,1.20603699597616,1.86504444999421));
#3121=CARTESIAN_POINT('',(15.,1.22377107377699,1.85835731170877));
#3122=CARTESIAN_POINT('',(15.,1.24164096355501,1.85203034489792));
#3123=CARTESIAN_POINT('',(15.,1.25963193113791,1.84606876630449));
#3124=CARTESIAN_POINT('',(15.,1.19535020104337,1.86917441435293));
#3125=CARTESIAN_POINT('',(15.,0.710046506340013,2.18505850633765));
#3126=CARTESIAN_POINT('',(15.,0.844824546769647,2.05028046590834));
#3127=CARTESIAN_POINT('',(15.,1.00744116960197,1.94346504611801));
#3128=CARTESIAN_POINT('',(15.,1.18466340611057,1.87330437871165));
#3129=CARTESIAN_POINT('',(15.,0.710046506340011,2.18505850633765));
#3130=CARTESIAN_POINT('',(15.,0.398292378514004,2.65967540660982));
#3131=CARTESIAN_POINT('',(15.,0.468453045918684,2.48245316990686));
#3132=CARTESIAN_POINT('',(15.,0.575268465783032,2.31983654689431));
#3133=CARTESIAN_POINT('',(15.,0.710046506340013,2.18505850633765));
#3134=CARTESIAN_POINT('',(15.,0.398292378514004,2.65967540660982));
#3135=CARTESIAN_POINT('',(15.,0.380679745265502,2.70660153122172));
#3136=CARTESIAN_POINT('',(15.,0.386269974319839,2.69085606109977));
#3137=CARTESIAN_POINT('',(15.,0.392142106414368,2.67521067755505));
#3138=CARTESIAN_POINT('',(15.,0.398292378514004,2.65967540660982));
#3139=CARTESIAN_POINT('',(15.0002703054482,0.373271448331548,2.72861997452063));
#3140=CARTESIAN_POINT('',(14.9999999999942,0.325665830659311,2.90814364187027));
#3141=CARTESIAN_POINT('',(15.0005167653929,0.346197080679425,2.80240934106416));
#3142=CARTESIAN_POINT('',(15.000696969027,0.365644626172974,2.75132541729512));
#3143=CARTESIAN_POINT('',(15.0005406108964,0.365863151397594,2.75063841781953));
#3144=CARTESIAN_POINT('',(14.9999999999971,0.325665830659337,2.90814364187013));
#3145=CARTESIAN_POINT('',(15.,0.313658146524102,2.9798994250479));
#3146=CARTESIAN_POINT('',(15.,0.317038250410695,2.95588220300722));
#3147=CARTESIAN_POINT('',(15.,0.321042613794958,2.9319528401484));
#3148=CARTESIAN_POINT('',(15.,0.325665830659362,2.90814364187001));
#3149=CARTESIAN_POINT('',(15.,0.313658146524103,2.97989942504789));
#3150=CARTESIAN_POINT('',(15.,0.299996,3.175008));
#3151=CARTESIAN_POINT('',(15.,0.299996,3.1097594233696));
#3152=CARTESIAN_POINT('',(15.,0.304564891664095,3.04451126195371));
#3153=CARTESIAN_POINT('',(15.,0.313658146524102,2.9798994250479));
#3154=CARTESIAN_POINT('',(15.,0.299996,3.17500800140007));
#3155=CARTESIAN_POINT('',(15.0000000000001,0.299996,3.175008));
#3156=CARTESIAN_POINT('',(14.831263490868,0.299995999999957,3.175008));
#3157=CARTESIAN_POINT('',(14.6681580317612,0.363710338199011,3.17500004081214));
#3158=CARTESIAN_POINT('',(14.5,0.357041171230726,3.17499999999994));
#3159=CARTESIAN_POINT('',(15.0050058713438,1.71977080898772,1.77504211533835));
#3160=CARTESIAN_POINT('',(15.0050210821975,1.71317920599181,1.7750307435589));
#3161=CARTESIAN_POINT('',(15.0050362930513,1.70658760299591,1.77501937177945));
#3162=CARTESIAN_POINT('',(15.0050515039051,1.699996,1.775008));
#3163=CARTESIAN_POINT('',(15.0052416395773,1.61760096255118,1.77486585275689));
#3164=CARTESIAN_POINT('',(15.0055168538558,1.48933285914938,1.78573723148739));
#3165=CARTESIAN_POINT('',(15.0058476964031,1.31502807563137,1.8266123348264));
#3166=CARTESIAN_POINT('',(15.0060359997666,1.206406993577,1.86354994834411));
#3167=CARTESIAN_POINT('',(15.0061741941833,1.12071528818356,1.90018032237354));
#3168=CARTESIAN_POINT('',(15.0063024247295,1.03619601011553,1.94145696476915));
#3169=CARTESIAN_POINT('',(15.0064389707369,0.933432277627353,2.00160783933374));
#3170=CARTESIAN_POINT('',(15.0065377969333,0.816902298444285,2.08687631892252));
#3171=CARTESIAN_POINT('',(15.0065730801805,0.709061834216515,2.18405352119848));
#3172=CARTESIAN_POINT('',(15.0065483365065,0.628063849877818,2.27390472154514));
#3173=CARTESIAN_POINT('',(15.0064972925763,0.569219579812881,2.35013786191588));
#3174=CARTESIAN_POINT('',(15.0064438904429,0.528219892649638,2.40925038032895));
#3175=CARTESIAN_POINT('',(15.0063745495074,0.490494887664172,2.47006199648469));
#3176=CARTESIAN_POINT('',(15.0062649889064,0.444658160145369,2.55304650958156));
#3177=CARTESIAN_POINT('',(15.0060440563333,0.376461515580185,2.70231941494585));
#3178=CARTESIAN_POINT('',(15.0056607597407,0.314396191308562,2.92158202769647));
#3179=CARTESIAN_POINT('',(15.0053007790453,0.299877071632069,3.09261166444994));
#3180=CARTESIAN_POINT('',(15.0051127162267,0.299996,3.175008));
#3181=CARTESIAN_POINT('',(15.0033372475625,1.71977886928289,1.7750307435589));
#3182=CARTESIAN_POINT('',(15.0033473881317,1.71318457952192,1.7750231623726));
#3183=CARTESIAN_POINT('',(15.0033575287009,1.70659028976097,1.7750155811863));
#3184=CARTESIAN_POINT('',(15.0033676692701,1.699996,1.775008));
#3185=CARTESIAN_POINT('',(15.0034944263848,1.61756737798797,1.77491323517126));
#3186=CARTESIAN_POINT('',(15.0036779025705,1.48926268505659,1.78582414979677));
#3187=CARTESIAN_POINT('',(15.0038984642687,1.31491899988555,1.82667692117972));
#3188=CARTESIAN_POINT('',(15.0040239998444,1.20627291811167,1.86356863800711));
#3189=CARTESIAN_POINT('',(15.0041161294555,1.12055734853422,1.90014057676933));
#3190=CARTESIAN_POINT('',(15.0042016164864,1.036011478462,1.94134818571915));
#3191=CARTESIAN_POINT('',(15.004292647158,0.9332107028404,2.0014061996284));
#3192=CARTESIAN_POINT('',(15.0043585312889,0.816643946706231,2.0866284061076));
#3193=CARTESIAN_POINT('',(15.0043820534537,0.708793824004771,2.18379228199275));
#3194=CARTESIAN_POINT('',(15.004365557671,0.62781260580577,2.27365681545965));
#3195=CARTESIAN_POINT('',(15.0043315283842,0.568998303324501,2.34991170736002));
#3196=CARTESIAN_POINT('',(15.004295926962,0.528030356386574,2.4090438348177));
#3197=CARTESIAN_POINT('',(15.0042496996716,0.490352439995642,2.46987615445631));
#3198=CARTESIAN_POINT('',(15.004176659271,0.444587376070225,2.55288792242112));
#3199=CARTESIAN_POINT('',(15.0040293708888,0.376493436941275,2.70219970065514));
#3200=CARTESIAN_POINT('',(15.0037738398271,0.314480565945947,2.92150192275571));
#3201=CARTESIAN_POINT('',(15.0035338526969,0.299916714421379,3.09257851258715));
#3202=CARTESIAN_POINT('',(15.0034084774845,0.299996,3.175008));
#3203=CARTESIAN_POINT('',(15.0016686237812,1.71978692957806,1.77501937177945));
#3204=CARTESIAN_POINT('',(15.0016736940659,1.71318995305203,1.7750155811863));
#3205=CARTESIAN_POINT('',(15.0016787643505,1.70659297652602,1.77501179059315));
#3206=CARTESIAN_POINT('',(15.001683834635,1.699996,1.775008));
#3207=CARTESIAN_POINT('',(15.0017472131924,1.61753379342478,1.77496061758563));
#3208=CARTESIAN_POINT('',(15.0018389512853,1.4891925109638,1.78591106810616));
#3209=CARTESIAN_POINT('',(15.0019492321344,1.31480992413972,1.82674150753304));
#3210=CARTESIAN_POINT('',(15.0020119999222,1.20613884264634,1.86358732767011));
#3211=CARTESIAN_POINT('',(15.0020580647278,1.12039940888487,1.90010083116514));
#3212=CARTESIAN_POINT('',(15.0021008082432,1.03582694680847,1.94123940666915));
#3213=CARTESIAN_POINT('',(15.002146323579,0.932989128053448,2.00120455992306));
#3214=CARTESIAN_POINT('',(15.0021792656445,0.816385594968177,2.08638049329267));
#3215=CARTESIAN_POINT('',(15.0021910267269,0.708525813793026,2.18353104278702));
#3216=CARTESIAN_POINT('',(15.0021827788355,0.627561361733721,2.27340890937415));
#3217=CARTESIAN_POINT('',(15.0021657641921,0.568777026836121,2.34968555280417));
#3218=CARTESIAN_POINT('',(15.0021479634809,0.527840820123511,2.40883728930646));
#3219=CARTESIAN_POINT('',(15.0021248498358,0.490209992327113,2.46969031242793));
#3220=CARTESIAN_POINT('',(15.0020883296355,0.444516591995081,2.55272933526069));
#3221=CARTESIAN_POINT('',(15.0020146854444,0.376525358302364,2.70207998636443));
#3222=CARTESIAN_POINT('',(15.0018869199135,0.314564940583333,2.92142181781493));
#3223=CARTESIAN_POINT('',(15.0017669263484,0.29995635721069,3.09254536072436));
#3224=CARTESIAN_POINT('',(15.0017042387422,0.299996,3.175008));
#3225=CARTESIAN_POINT('',(15.,1.71979498987323,1.775008));
#3226=CARTESIAN_POINT('',(15.,1.71319532658215,1.775008));
#3227=CARTESIAN_POINT('',(15.,1.70659566329108,1.775008));
#3228=CARTESIAN_POINT('',(15.,1.699996,1.775008));
#3229=CARTESIAN_POINT('',(15.,1.61750020886157,1.775008));
#3230=CARTESIAN_POINT('',(15.,1.48912233687101,1.78599798641554));
#3231=CARTESIAN_POINT('',(15.,1.31470084839389,1.82680609388636));
#3232=CARTESIAN_POINT('',(15.,1.20600476718101,1.8636060173331));
#3233=CARTESIAN_POINT('',(15.,1.12024146923553,1.90006108556094));
#3234=CARTESIAN_POINT('',(15.,1.03564241515493,1.94113062761915));
#3235=CARTESIAN_POINT('',(15.,0.932767553266495,2.00100292021773));
#3236=CARTESIAN_POINT('',(15.,0.816127243230123,2.08613258047775));
#3237=CARTESIAN_POINT('',(15.,0.708257803581282,2.18326980358129));
#3238=CARTESIAN_POINT('',(15.,0.627310117661672,2.27316100328865));
#3239=CARTESIAN_POINT('',(15.,0.568555750347741,2.34945939824831));
#3240=CARTESIAN_POINT('',(15.,0.527651283860447,2.40863074379521));
#3241=CARTESIAN_POINT('',(15.,0.490067544658583,2.46950447039955));
#3242=CARTESIAN_POINT('',(15.,0.444445807919937,2.55257074810025));
#3243=CARTESIAN_POINT('',(15.,0.376557279663452,2.70196027207371));
#3244=CARTESIAN_POINT('',(15.,0.314649315220719,2.92134171287416));
#3245=CARTESIAN_POINT('',(15.,0.299996,3.09251220886157));
#3246=CARTESIAN_POINT('',(15.,0.299996,3.175008));
#3247=CARTESIAN_POINT('',(14.834789724628,1.7205930388998,1.77388208124269));
#3248=CARTESIAN_POINT('',(14.8342877162526,1.71372735926653,1.77425738749513));
#3249=CARTESIAN_POINT('',(14.8337857078772,1.70686167963325,1.77463269374756));
#3250=CARTESIAN_POINT('',(14.8332836995017,1.69999599999997,1.775008));
#3251=CARTESIAN_POINT('',(14.8270085948087,1.61417500458402,1.77969932815548));
#3252=CARTESIAN_POINT('',(14.8179256153216,1.48217440689198,1.79460375962184));
#3253=CARTESIAN_POINT('',(14.8070067193706,1.30390126959908,1.83320078233364));
#3254=CARTESIAN_POINT('',(14.800792086911,1.19272996863376,1.86545647901598));
#3255=CARTESIAN_POINT('',(14.7962312150718,1.10460388019157,1.8961258772245));
#3256=CARTESIAN_POINT('',(14.7919991838432,1.01737195440902,1.93036042464895));
#3257=CARTESIAN_POINT('',(14.7874927149538,0.910829455548422,1.98103859295693));
#3258=CARTESIAN_POINT('',(14.7842311243129,0.790547863224765,2.06158675721799));
#3259=CARTESIAN_POINT('',(14.783066660709,0.68172213905214,2.15740453568689));
#3260=CARTESIAN_POINT('',(14.7838832836135,0.602434466963777,2.24861584630862));
#3261=CARTESIAN_POINT('',(14.7855679017719,0.546647187141793,2.32706785806446));
#3262=CARTESIAN_POINT('',(14.7873303484187,0.508885317220494,2.38818069317714));
#3263=CARTESIAN_POINT('',(14.7896188281406,0.475963815101198,2.45110426957025));
#3264=CARTESIAN_POINT('',(14.793234689558,0.437437483648251,2.53686904904742));
#3265=CARTESIAN_POINT('',(14.800526193622,0.379717810464338,2.69010737200315));
#3266=CARTESIAN_POINT('',(14.8131762461829,0.323003239714373,2.91341053061982));
#3267=CARTESIAN_POINT('',(14.8250567971834,0.3039210286446,3.08922984620909));
#3268=CARTESIAN_POINT('',(14.8312634908679,0.299996,3.175008));
#3269=CARTESIAN_POINT('',(14.6676272719029,1.72131584819566,1.78228475920519));
#3270=CARTESIAN_POINT('',(14.6673186373245,1.71424669724273,1.78313978306386));
#3271=CARTESIAN_POINT('',(14.667010002746,1.70717754628981,1.78399480692254));
#3272=CARTESIAN_POINT('',(14.6667013681675,1.70010839533689,1.78484983078121));
#3273=CARTESIAN_POINT('',(14.6628434359365,1.61174400842535,1.79553762901468));
#3274=CARTESIAN_POINT('',(14.6571655814255,1.47772586313359,1.81563769698177));
#3275=CARTESIAN_POINT('',(14.6499689667806,1.29827459733379,1.85210654275489));
#3276=CARTESIAN_POINT('',(14.6456647386261,1.1864250321009,1.8791725462994));
#3277=CARTESIAN_POINT('',(14.64232825675,1.09736610757523,1.90307264450908));
#3278=CARTESIAN_POINT('',(14.6391220052925,1.0089449845945,1.92924364450834));
#3279=CARTESIAN_POINT('',(14.6355585909476,0.900671792421108,1.96896079713414));
#3280=CARTESIAN_POINT('',(14.633135926747,0.780032208247052,2.04373279441356));
#3281=CARTESIAN_POINT('',(14.6324436487051,0.674531739749612,2.13738394695896));
#3282=CARTESIAN_POINT('',(14.6333255861025,0.601265312374652,2.22944828384263));
#3283=CARTESIAN_POINT('',(14.6348657051487,0.552372920546042,2.30976807987785));
#3284=CARTESIAN_POINT('',(14.6364185326904,0.520909777830765,2.37261385436015));
#3285=CARTESIAN_POINT('',(14.6384091323963,0.496096917729392,2.4373414561814));
#3286=CARTESIAN_POINT('',(14.6414760592149,0.469420373578744,2.52541319051315));
#3287=CARTESIAN_POINT('',(14.6472601700273,0.429714836866258,2.68157350304425));
#3288=CARTESIAN_POINT('',(14.6562536809232,0.387405353341086,2.90704283093464));
#3289=CARTESIAN_POINT('',(14.6641113506792,0.369287653317723,3.08633844783436));
#3290=CARTESIAN_POINT('',(14.6681580317611,0.363710338199008,3.17500004081214));
#3291=CARTESIAN_POINT('',(14.5,1.72217672608976,1.77983613908953));
#3292=CARTESIAN_POINT('',(14.5,1.71478448406023,1.78114414397492));
#3293=CARTESIAN_POINT('',(14.5,1.7073922420307,1.78245214886031));
#3294=CARTESIAN_POINT('',(14.5,1.70000000000118,1.7837601537457));
#3295=CARTESIAN_POINT('',(14.5,1.6075969746321,1.80011021481306));
#3296=CARTESIAN_POINT('',(14.5,1.46904332726634,1.82492398476394));
#3297=CARTESIAN_POINT('',(14.5,1.28442680190781,1.85869919305149));
#3298=CARTESIAN_POINT('',(14.5,1.16913895642477,1.88026399499343));
#3299=CARTESIAN_POINT('',(14.5,1.07678202737722,1.89716856797006));
#3300=CARTESIAN_POINT('',(14.5,0.984692129672968,1.91508014071189));
#3301=CARTESIAN_POINT('',(14.5,0.871336440997091,1.94369896343573));
#3302=CARTESIAN_POINT('',(14.5,0.74568651306079,2.01298801306939));
#3303=CARTESIAN_POINT('',(14.5,0.638511989690639,2.10511534110212));
#3304=CARTESIAN_POINT('',(14.5,0.566894043476454,2.19884537717653));
#3305=CARTESIAN_POINT('',(14.5,0.521340058690234,2.28182794151153));
#3306=CARTESIAN_POINT('',(14.5,0.49350346744515,2.3470655199951));
#3307=CARTESIAN_POINT('',(14.5,0.474165345838079,2.41431221862488));
#3308=CARTESIAN_POINT('',(14.5,0.455856478153895,2.50570086713608));
#3309=CARTESIAN_POINT('',(14.5,0.428049075595799,2.66662959028299));
#3310=CARTESIAN_POINT('',(14.5,0.391406835902281,2.89707304214669));
#3311=CARTESIAN_POINT('',(14.5,0.367525507425905,3.08223551903671));
#3312=CARTESIAN_POINT('',(14.5,0.357041171230726,3.17499999999994));
#3313=CARTESIAN_POINT('',(14.498323727281,1.72218533486869,1.77981165288838));
#3314=CARTESIAN_POINT('',(14.4983268136268,1.7147898619284,1.78112418758403));
#3315=CARTESIAN_POINT('',(14.4983298999725,1.70739438898811,1.78243672227969));
#3316=CARTESIAN_POINT('',(14.4983329863183,1.69999891604782,1.78374925697534));
#3317=CARTESIAN_POINT('',(14.4983715656406,1.60755550429416,1.80015594067105));
#3318=CARTESIAN_POINT('',(14.4984283441857,1.46895650190767,1.82501684764176));
#3319=CARTESIAN_POINT('',(14.4985003103322,1.28428832395355,1.85876511955445));
#3320=CARTESIAN_POINT('',(14.4985433526137,1.16896609566801,1.88027490948037));
#3321=CARTESIAN_POINT('',(14.4985767174325,1.07657618657524,1.89710952720467));
#3322=CARTESIAN_POINT('',(14.4986087799471,0.984449601123752,1.91493850567392));
#3323=CARTESIAN_POINT('',(14.4986444140905,0.871043087482851,1.94344634509875));
#3324=CARTESIAN_POINT('',(14.4986686407325,0.745343056108927,2.01268056525596));
#3325=CARTESIAN_POINT('',(14.4986755635129,0.63815179219005,2.10479265504355));
#3326=CARTESIAN_POINT('',(14.498666744139,0.566550330787472,2.19853934810987));
#3327=CARTESIAN_POINT('',(14.4986513429485,0.521029730071675,2.28154854012787));
#3328=CARTESIAN_POINT('',(14.4986358146731,0.493229404341294,2.34681003665145));
#3329=CARTESIAN_POINT('',(14.498615908676,0.473946030119166,2.41408192624931));
#3330=CARTESIAN_POINT('',(14.4985852394078,0.455720839199647,2.50550374390231));
#3331=CARTESIAN_POINT('',(14.4985273982997,0.428032417983095,2.66648015115538));
#3332=CARTESIAN_POINT('',(14.4984374631908,0.391446850727893,2.89697334425881));
#3333=CARTESIAN_POINT('',(14.4983588864932,0.367507885966987,3.08219448974873));
#3334=CARTESIAN_POINT('',(14.4983184196824,0.356974479561043,3.17499999959181));
#3335=CARTESIAN_POINT('',(14.4966474545619,1.72219394364764,1.77978716668722));
#3336=CARTESIAN_POINT('',(14.4966536272535,1.71479523979658,1.78110423119315));
#3337=CARTESIAN_POINT('',(14.4966597999451,1.70739653594552,1.78242129569907));
#3338=CARTESIAN_POINT('',(14.4966659726366,1.69999783209446,1.78373836020499));
#3339=CARTESIAN_POINT('',(14.4967431312813,1.60751403395623,1.80020166652903));
#3340=CARTESIAN_POINT('',(14.4968566883715,1.468869676549,1.82510971051958));
#3341=CARTESIAN_POINT('',(14.4970006206644,1.28414984599929,1.85883104605742));
#3342=CARTESIAN_POINT('',(14.4970867052275,1.16879323491125,1.88028582396731));
#3343=CARTESIAN_POINT('',(14.497153434865,1.07637034577326,1.89705048643928));
#3344=CARTESIAN_POINT('',(14.4972175598942,0.984207072574537,1.91479687063596));
#3345=CARTESIAN_POINT('',(14.497288828181,0.870749733968611,1.94319372676176));
#3346=CARTESIAN_POINT('',(14.4973372814651,0.744999599157065,2.01237311744251));
#3347=CARTESIAN_POINT('',(14.4973511270259,0.63779159468946,2.10446996898499));
#3348=CARTESIAN_POINT('',(14.4973334882779,0.56620661809849,2.19823331904321));
#3349=CARTESIAN_POINT('',(14.497302685897,0.520719401453117,2.28126913874421));
#3350=CARTESIAN_POINT('',(14.4972716293462,0.492955341237438,2.3465545533078));
#3351=CARTESIAN_POINT('',(14.4972318173521,0.473726714400253,2.41385163387375));
#3352=CARTESIAN_POINT('',(14.4971704788157,0.455585200245398,2.50530662066853));
#3353=CARTESIAN_POINT('',(14.4970547965995,0.428015760370391,2.66633071202777));
#3354=CARTESIAN_POINT('',(14.4968749263815,0.391486865553505,2.89687364637093));
#3355=CARTESIAN_POINT('',(14.4967177729864,0.367490264508069,3.08215346046076));
#3356=CARTESIAN_POINT('',(14.4966368393648,0.356907787891361,3.17499999918369));
#3357=CARTESIAN_POINT('',(14.4949711818429,1.72220255242657,1.77976268048606));
#3358=CARTESIAN_POINT('',(14.4949804408802,1.71480061766475,1.78108427480226));
#3359=CARTESIAN_POINT('',(14.4949896999176,1.70739868290293,1.78240586911844));
#3360=CARTESIAN_POINT('',(14.494998958955,1.6999967481411,1.78372746343464));
#3361=CARTESIAN_POINT('',(14.4951146969219,1.60747256361829,1.80024739238702));
#3362=CARTESIAN_POINT('',(14.4952850325572,1.46878285119032,1.82520257339741));
#3363=CARTESIAN_POINT('',(14.4955009309966,1.28401136804503,1.85889697256039));
#3364=CARTESIAN_POINT('',(14.4956300578412,1.16862037415449,1.88029673845424));
#3365=CARTESIAN_POINT('',(14.4957301522975,1.07616450497128,1.89699144567389));
#3366=CARTESIAN_POINT('',(14.4958263398412,0.983964544025322,1.91465523559799));
#3367=CARTESIAN_POINT('',(14.4959332422716,0.870456380454371,1.94294110842478));
#3368=CARTESIAN_POINT('',(14.4960059221976,0.744656142205202,2.01206566962907));
#3369=CARTESIAN_POINT('',(14.4960266905388,0.63743139718887,2.10414728292642));
#3370=CARTESIAN_POINT('',(14.4960002324169,0.565862905409508,2.19792728997655));
#3371=CARTESIAN_POINT('',(14.4959540288455,0.520409072834559,2.28098973736055));
#3372=CARTESIAN_POINT('',(14.4959074440193,0.492681278133582,2.34629906996415));
#3373=CARTESIAN_POINT('',(14.4958477260281,0.47350739868134,2.41362134149818));
#3374=CARTESIAN_POINT('',(14.4957557182235,0.45544956129115,2.50510949743477));
#3375=CARTESIAN_POINT('',(14.4955821948992,0.427999102757686,2.66618127290016));
#3376=CARTESIAN_POINT('',(14.4953123895723,0.391526880379117,2.89677394848305));
#3377=CARTESIAN_POINT('',(14.4950766594796,0.367472643049151,3.08211243117278));
#3378=CARTESIAN_POINT('',(14.4949552590472,0.356841096221677,3.17499999877557));
#3379=CARTESIAN_POINT('',(14.9997329061099,1.70022293229015,1.77500801839224));
#3380=CARTESIAN_POINT('',(14.9997329242977,1.716559605404,1.77501066647702));
#3381=CARTESIAN_POINT('',(14.9997329424855,1.73289623175326,1.7752992940022));
#3382=CARTESIAN_POINT('',(14.9997329606733,1.74922280290136,1.77587372414364));
#3383=CARTESIAN_POINT('',(14.6050478603325,1.66900641808165,1.28634907084959));
#3384=CARTESIAN_POINT('',(14.5,0.300072048135753,4.17499999999524));
#3385=CARTESIAN_POINT('',(14.6666666695497,0.30007373880924,4.17499999995537));
#3386=CARTESIAN_POINT('',(14.8333333303088,0.299995999999933,4.17500000000117));
#3387=CARTESIAN_POINT('',(15.,0.299996,4.175));
#3388=CARTESIAN_POINT('',(15.,0.299996,4.17531254836924));
#3389=CARTESIAN_POINT('',(15.,0.299996,3.175008));
#3390=CARTESIAN_POINT('',(14.5,0.300072048368835,4.1850156079035));
#3391=CARTESIAN_POINT('',(14.5,0.300072048291141,4.18167707193725));
#3392=CARTESIAN_POINT('',(14.5,0.300072048213447,4.178338535971));
#3393=CARTESIAN_POINT('',(14.5,0.300072048135753,4.17500000000476));
#3394=CARTESIAN_POINT('',(14.5,0.300072040366354,3.8411464033801));
#3395=CARTESIAN_POINT('',(14.5,0.319505612692854,3.5071113078223));
#3396=CARTESIAN_POINT('',(14.5,0.357041171230726,3.17499999999994));
#3397=CARTESIAN_POINT('',(14.666709472052,0.299850590016901,4.18501405435296));
#3398=CARTESIAN_POINT('',(14.6666952045513,0.299924972947681,4.18167603625019));
#3399=CARTESIAN_POINT('',(14.6666809370505,0.29999935587846,4.17833801814741));
#3400=CARTESIAN_POINT('',(14.6666666695497,0.30007373880924,4.17500000004463));
#3401=CARTESIAN_POINT('',(14.665239919473,0.307512031887196,3.84119818976686));
#3402=CARTESIAN_POINT('',(14.6657786657983,0.3290496346806,3.50735771141824));
#3403=CARTESIAN_POINT('',(14.6681580317611,0.363710338199009,3.17500004081214));
#3404=CARTESIAN_POINT('',(14.8333704976738,0.300201138430488,4.18499385507752));
#3405=CARTESIAN_POINT('',(14.8333581085521,0.300132758953637,4.18166257005129));
#3406=CARTESIAN_POINT('',(14.8333457194305,0.300064379476785,4.17833128502506));
#3407=CARTESIAN_POINT('',(14.8333333303088,0.299995999999933,4.17499999999883));
#3408=CARTESIAN_POINT('',(14.8320944181425,0.29315805231477,3.84187149737574));
#3409=CARTESIAN_POINT('',(14.8314155971869,0.293303259678379,3.50827949264463));
#3410=CARTESIAN_POINT('',(14.8312634908679,0.299996,3.175008));
#3411=CARTESIAN_POINT('',(15.,0.299996,4.18499992));
#3412=CARTESIAN_POINT('',(15.,0.299996,4.18166661333334));
#3413=CARTESIAN_POINT('',(15.,0.299996,4.17833330666666));
#3414=CARTESIAN_POINT('',(15.,0.299996,4.175));
#3415=CARTESIAN_POINT('',(15.,0.299996,3.84166933333333));
#3416=CARTESIAN_POINT('',(15.,0.299996,3.50833866666667));
#3417=CARTESIAN_POINT('',(15.,0.299996,3.175008));
#3418=CARTESIAN_POINT('',(15.,0.699996,3.175008));
#3419=CARTESIAN_POINT('',(14.830766834366,0.699996000000014,3.17500799999979));
#3420=CARTESIAN_POINT('',(14.6685121492674,0.770954716286913,3.17500003451898));
#3421=CARTESIAN_POINT('',(14.5,0.763493518398779,3.17499999999925));
#3422=CARTESIAN_POINT('',(15.,0.699996,3.175008));
#3423=CARTESIAN_POINT('',(15.,0.699996,4.175));
#3424=CARTESIAN_POINT('',(14.8333333266464,0.699995999999967,4.17500000000052));
#3425=CARTESIAN_POINT('',(14.6666666729928,0.699880426066407,4.17499999956748));
#3426=CARTESIAN_POINT('',(14.5,0.699883297723829,4.17500000000192));
#3427=CARTESIAN_POINT('',(15.,0.699996,4.175));
#3428=CARTESIAN_POINT('',(15.,0.699996,5.174992));
#3429=CARTESIAN_POINT('',(14.5,0.763493518398779,3.17499999999925));
#3430=CARTESIAN_POINT('',(14.5,0.721988897983637,3.50636443170376));
#3431=CARTESIAN_POINT('',(14.5,0.69988328400508,3.84036689411766));
#3432=CARTESIAN_POINT('',(14.5,0.699883297723829,4.17499999999808));
#3433=CARTESIAN_POINT('',(14.6685121492674,0.770954716286913,3.17500003451898));
#3434=CARTESIAN_POINT('',(14.6668389995845,0.73432204738143,3.50700242485124));
#3435=CARTESIAN_POINT('',(14.6661784302694,0.710051896072953,3.84075939595688));
#3436=CARTESIAN_POINT('',(14.6666666729928,0.699880426066407,4.17500000043252));
#3437=CARTESIAN_POINT('',(14.830766834366,0.699996000000014,3.17500799999979));
#3438=CARTESIAN_POINT('',(14.830725084052,0.69449808364282,3.50815641260401));
#3439=CARTESIAN_POINT('',(14.831543343232,0.694266704843202,3.84168289904662));
#3440=CARTESIAN_POINT('',(14.8333333266464,0.699995999999967,4.17499999999948));
#3441=CARTESIAN_POINT('',(15.,0.699996,3.175008));
#3442=CARTESIAN_POINT('',(15.,0.699996,3.50833866666667));
#3443=CARTESIAN_POINT('',(15.,0.699996,3.84166933333333));
#3444=CARTESIAN_POINT('',(15.,0.699996,4.175));
#3445=CARTESIAN_POINT('',(14.9997018008793,1.69999600000428,2.17500801191896));
#3446=CARTESIAN_POINT('',(14.833070596291,1.69999600478702,2.17502132956315));
#3447=CARTESIAN_POINT('',(14.6666115456508,1.70000001600598,2.18619030075869));
#3448=CARTESIAN_POINT('',(14.5,1.7,2.18491952405985));
#3449=CARTESIAN_POINT('',(14.9997015443739,1.70038177692867,2.17179846180648));
#3450=CARTESIAN_POINT('',(15.,0.699996,3.175008));
#3451=CARTESIAN_POINT('',(15.,0.699996,3.11608243490112));
#3452=CARTESIAN_POINT('',(15.,0.710002755882493,3.00141037072985));
#3453=CARTESIAN_POINT('',(15.,0.741384812508761,2.88450676962491));
#3454=CARTESIAN_POINT('',(15.,0.761123659868304,2.83075449084273));
#3455=CARTESIAN_POINT('',(15.,0.761123659868304,2.83075449084273));
#3456=CARTESIAN_POINT('',(15.,0.761123659868304,2.83075449084273));
#3457=CARTESIAN_POINT('',(15.,0.764053415084837,2.82277626312284));
#3458=CARTESIAN_POINT('',(15.,0.79063958325756,2.75319482563999));
#3459=CARTESIAN_POINT('',(15.,0.833805934277994,2.66991645365429));
#3460=CARTESIAN_POINT('',(15.,0.888493029174074,2.59061157377803));
#3461=CARTESIAN_POINT('',(15.,0.909130664051992,2.5631681031039));
#3462=CARTESIAN_POINT('',(15.,0.923813259706368,2.54464772950042));
#3463=CARTESIAN_POINT('',(15.,0.938861728847534,2.52640025515795));
#3464=CARTESIAN_POINT('',(15.,0.961450688988337,2.5004122472092));
#3465=CARTESIAN_POINT('',(15.,0.980708350580906,2.480082087046));
#3466=CARTESIAN_POINT('',(15.,0.99288921881345,2.46790121881345));
#3467=CARTESIAN_POINT('',(15.,0.992889218813453,2.46790121881345));
#3468=CARTESIAN_POINT('',(15.,0.99288921881345,2.46790121881345));
#3469=CARTESIAN_POINT('',(15.,1.005070087046,2.45572035058091));
#3470=CARTESIAN_POINT('',(15.,1.0254002472092,2.43646268898834));
#3471=CARTESIAN_POINT('',(15.,1.05138825515795,2.41387372884754));
#3472=CARTESIAN_POINT('',(15.,1.06963572950042,2.39882525970637));
#3473=CARTESIAN_POINT('',(15.,1.0881561031039,2.38414266405199));
#3474=CARTESIAN_POINT('',(15.,1.11559957377803,2.36350502917408));
#3475=CARTESIAN_POINT('',(15.,1.19490445365429,2.308817934278));
#3476=CARTESIAN_POINT('',(15.,1.27819387606189,2.26564585540314));
#3477=CARTESIAN_POINT('',(15.,1.34778681715123,2.23905679772603));
#3478=CARTESIAN_POINT('',(15.,1.35577638381046,2.23612321444562));
#3479=CARTESIAN_POINT('',(15.,1.35577638381046,2.23612321444562));
#3480=CARTESIAN_POINT('',(15.,1.35577638381045,2.23612321444562));
#3481=CARTESIAN_POINT('',(15.,1.40951764285244,2.21639067252959));
#3482=CARTESIAN_POINT('',(15.,1.52640958904408,2.18501377692626));
#3483=CARTESIAN_POINT('',(15.,1.64107043490112,2.175008));
#3484=CARTESIAN_POINT('',(15.,1.699996,2.175008));
#3485=CARTESIAN_POINT('',(14.5,1.71584714233322,2.18174179941528));
#3486=CARTESIAN_POINT('',(14.5,1.71056476155548,2.18280104096347));
#3487=CARTESIAN_POINT('',(14.5,1.70528238077774,2.18386028251166));
#3488=CARTESIAN_POINT('',(14.5,1.7,2.18491952405985));
#3489=CARTESIAN_POINT('',(14.5,1.63397024027826,2.19816004341227));
#3490=CARTESIAN_POINT('',(14.5,1.50196187187146,2.22490154132031));
#3491=CARTESIAN_POINT('',(14.5,1.30407310796911,2.26566360314308));
#3492=CARTESIAN_POINT('',(14.5,1.15594687770425,2.29747309046357));
#3493=CARTESIAN_POINT('',(14.5,1.06316344854786,2.31661159279763));
#3494=CARTESIAN_POINT('',(14.5,1.03033305921863,2.32404293398441));
#3495=CARTESIAN_POINT('',(14.5,1.00791237833589,2.32974701401914));
#3496=CARTESIAN_POINT('',(14.5,0.985908830361744,2.33707070543942));
#3497=CARTESIAN_POINT('',(14.5,0.955655669932377,2.3524730677166));
#3498=CARTESIAN_POINT('',(14.5,0.921115107530247,2.38127457097464));
#3499=CARTESIAN_POINT('',(14.5,0.896177648395193,2.41825414566584));
#3500=CARTESIAN_POINT('',(14.5,0.883524221529709,2.44966728790858));
#3501=CARTESIAN_POINT('',(14.5,0.87769677179451,2.47219163177934));
#3502=CARTESIAN_POINT('',(14.5,0.873101423770474,2.49501254431936));
#3503=CARTESIAN_POINT('',(14.5,0.866766315012456,2.52835165221305));
#3504=CARTESIAN_POINT('',(14.5,0.849554529439531,2.62231793003067));
#3505=CARTESIAN_POINT('',(14.5,0.822197096284311,2.77249751327155));
#3506=CARTESIAN_POINT('',(14.5,0.790303778047317,2.97351416913201));
#3507=CARTESIAN_POINT('',(14.5,0.771912474500367,3.1077847700744));
#3508=CARTESIAN_POINT('',(14.5,0.763493518398779,3.17499999999925));
#3509=CARTESIAN_POINT('',(14.6673708577787,1.71509900541058,2.18410256708375));
#3510=CARTESIAN_POINT('',(14.6671508830423,1.71006600894556,2.184798730992));
#3511=CARTESIAN_POINT('',(14.6669309083058,1.70503301248055,2.18549489490025));
#3512=CARTESIAN_POINT('',(14.6667109335694,1.70000001601553,2.1861910588085));
#3513=CARTESIAN_POINT('',(14.6639612493641,1.63708756020285,2.19489310766164));
#3514=CARTESIAN_POINT('',(14.6585665331098,1.50982732149794,2.2162319171513));
#3515=CARTESIAN_POINT('',(14.6510038351355,1.3183449152509,2.26152274745868));
#3516=CARTESIAN_POINT('',(14.6459278388271,1.17721801639904,2.30710579727639));
#3517=CARTESIAN_POINT('',(14.642966499633,1.09104146386721,2.33884579973753));
#3518=CARTESIAN_POINT('',(14.6419702604951,1.06079122076131,2.35094866729843));
#3519=CARTESIAN_POINT('',(14.6413240258399,1.04022308660642,2.35982284204631));
#3520=CARTESIAN_POINT('',(14.6407586568172,1.02002978565549,2.36986212570733));
#3521=CARTESIAN_POINT('',(14.6401830099122,0.992002199798624,2.38775142250725));
#3522=CARTESIAN_POINT('',(14.6399515233517,0.959024139093126,2.41723899992751));
#3523=CARTESIAN_POINT('',(14.640398795821,0.932861509411883,2.45256525905579));
#3524=CARTESIAN_POINT('',(14.6411094441712,0.917410637598805,2.48188833035063));
#3525=CARTESIAN_POINT('',(14.6417454610558,0.90880596145376,2.50277331326472));
#3526=CARTESIAN_POINT('',(14.6424451920983,0.901124562508708,2.52394237950582));
#3527=CARTESIAN_POINT('',(14.643498642398,0.890437028502608,2.55500126334758));
#3528=CARTESIAN_POINT('',(14.6465712577297,0.861983133762935,2.64321504221256));
#3529=CARTESIAN_POINT('',(14.6518737856794,0.822729230689749,2.78733990011993));
#3530=CARTESIAN_POINT('',(14.6598352110278,0.787903038866455,2.98217582307407));
#3531=CARTESIAN_POINT('',(14.6655716053457,0.775050088789694,3.11125751651058));
#3532=CARTESIAN_POINT('',(14.6685121492673,0.770954716286907,3.17500003451898));
#3533=CARTESIAN_POINT('',(14.8344689476721,1.71474504818525,2.17412112157797));
#3534=CARTESIAN_POINT('',(14.8340690284947,1.70982869879017,2.17441674771865));
#3535=CARTESIAN_POINT('',(14.8336691093172,1.70491234939508,2.17471237385932));
#3536=CARTESIAN_POINT('',(14.8332691901398,1.699996,2.175008));
#3537=CARTESIAN_POINT('',(14.8282702004215,1.63854163256148,2.17870332675848));
#3538=CARTESIAN_POINT('',(14.8186132347143,1.51225670027272,2.19381021442726));
#3539=CARTESIAN_POINT('',(14.806022337477,1.32012394251735,2.24283181210887));
#3540=CARTESIAN_POINT('',(14.7986819090154,1.17961491116109,2.30202597717395));
#3541=CARTESIAN_POINT('',(14.7950122052141,1.09574992291741,2.34643007466089));
#3542=CARTESIAN_POINT('',(14.7938410909599,1.06650725067091,2.36325311109833));
#3543=CARTESIAN_POINT('',(14.7931044359336,1.04668617486819,2.37534538134684));
#3544=CARTESIAN_POINT('',(14.7924586013576,1.02715884962499,2.38817113474407));
#3545=CARTESIAN_POINT('',(14.7917645069209,0.999594499454724,2.40871289442818));
#3546=CARTESIAN_POINT('',(14.7913801949888,0.965704913457954,2.43922718543576));
#3547=CARTESIAN_POINT('',(14.7916799682674,0.935730370870418,2.47338082399685));
#3548=CARTESIAN_POINT('',(14.7922921736387,0.915486935590373,2.50104989248069));
#3549=CARTESIAN_POINT('',(14.7928682617751,0.902735137247602,2.52062102001045));
#3550=CARTESIAN_POINT('',(14.7935239996991,0.890598591112855,2.54047625092025));
#3551=CARTESIAN_POINT('',(14.7945628039872,0.873558256339041,2.56976009487477));
#3552=CARTESIAN_POINT('',(14.7978265534393,0.828202520657305,2.65369468881344));
#3553=CARTESIAN_POINT('',(14.8045727534095,0.767887029128256,2.79434588197002));
#3554=CARTESIAN_POINT('',(14.816528756721,0.718210201527617,2.98681564395427));
#3555=CARTESIAN_POINT('',(14.8258847054087,0.703370891859467,3.11338963150092));
#3556=CARTESIAN_POINT('',(14.830766834366,0.69999600000004,3.17500799999977));
#3557=CARTESIAN_POINT('',(15.,1.71413813562373,2.175008));
#3558=CARTESIAN_POINT('',(15.,1.70942409041582,2.175008));
#3559=CARTESIAN_POINT('',(15.,1.70471004520791,2.175008));
#3560=CARTESIAN_POINT('',(15.,1.699996,2.175008));
#3561=CARTESIAN_POINT('',(15.,1.64107043490112,2.175008));
#3562=CARTESIAN_POINT('',(15.,1.51847615237655,2.18570608123433));
#3563=CARTESIAN_POINT('',(15.,1.33075894402645,2.23839937926453));
#3564=CARTESIAN_POINT('',(15.,1.19490445365429,2.308817934278));
#3565=CARTESIAN_POINT('',(15.,1.11559957377803,2.36350502917408));
#3566=CARTESIAN_POINT('',(15.,1.0881561031039,2.38414266405199));
#3567=CARTESIAN_POINT('',(15.,1.06963572950042,2.39882525970637));
#3568=CARTESIAN_POINT('',(15.,1.05138825515795,2.41387372884754));
#3569=CARTESIAN_POINT('',(15.,1.0254002472092,2.43646268898833));
#3570=CARTESIAN_POINT('',(15.,0.992559219253258,2.46757121925326));
#3571=CARTESIAN_POINT('',(15.,0.961450688988338,2.5004122472092));
#3572=CARTESIAN_POINT('',(15.,0.938861728847534,2.52640025515795));
#3573=CARTESIAN_POINT('',(15.,0.923813259706368,2.54464772950042));
#3574=CARTESIAN_POINT('',(15.,0.909130664051992,2.5631681031039));
#3575=CARTESIAN_POINT('',(15.,0.888493029174074,2.59061157377803));
#3576=CARTESIAN_POINT('',(15.,0.833805934277994,2.66991645365429));
#3577=CARTESIAN_POINT('',(15.,0.763387379264531,2.80577094402645));
#3578=CARTESIAN_POINT('',(15.,0.710694081234331,2.99348815237656));
#3579=CARTESIAN_POINT('',(15.,0.699996,3.11608243490112));
#3580=CARTESIAN_POINT('',(15.,0.699996,3.175008));
#3581=CARTESIAN_POINT('',(14.9994029560743,1.70074779005259,2.16858668397641));
#3582=CARTESIAN_POINT('',(14.9995110471697,1.71684678483948,2.17041137271999));
#3583=CARTESIAN_POINT('',(14.9995725969448,1.73304154683093,2.17139357416056));
#3584=CARTESIAN_POINT('',(14.9996070269001,1.74924339255474,2.17152704911764));
#3585=CARTESIAN_POINT('',(14.6052105776137,1.6688282617091,1.74104614053061));
#3586=CARTESIAN_POINT('',(14.9997483938728,1.70062318259026,6.58076018002179));
#3587=CARTESIAN_POINT('',(14.9998387959061,1.71702864866837,6.57907443964739));
#3588=CARTESIAN_POINT('',(14.9998909412896,1.73351438204728,6.57816803168538));
#3589=CARTESIAN_POINT('',(14.9999211334865,1.75000599596466,6.57804568296649));
#3590=CARTESIAN_POINT('',(14.9999020136041,1.70022730839151,6.576915567651));
#3591=CARTESIAN_POINT('',(14.9999020580077,1.69999600001293,6.57499199886792));
#3592=CARTESIAN_POINT('',(14.8332184572946,1.69999604401129,6.57498814585244));
#3593=CARTESIAN_POINT('',(14.6666687237557,1.70010837411029,6.56515038260556));
#3594=CARTESIAN_POINT('',(14.5,1.70000000000118,6.5662398462543));
#3595=CARTESIAN_POINT('',(14.606204999408,1.6698240645355,7.0638222073773));
#3596=CARTESIAN_POINT('',(15.,0.299996,5.174992));
#3597=CARTESIAN_POINT('',(14.8312634908679,0.299996,5.174992));
#3598=CARTESIAN_POINT('',(14.6681580317611,0.363710338199009,5.17499995918786));
#3599=CARTESIAN_POINT('',(14.5,0.357041171230726,5.17500000000007));
#3600=CARTESIAN_POINT('',(15.,0.299996,5.17499200021582));
#3601=CARTESIAN_POINT('',(15.,0.299996,5.174992));
#3602=CARTESIAN_POINT('',(15.,0.299996,5.25748779113843));
#3603=CARTESIAN_POINT('',(15.,0.3120842489855,5.39869485201853));
#3604=CARTESIAN_POINT('',(15.,0.347905081624817,5.54285182932245));
#3605=CARTESIAN_POINT('',(15.,0.365871697237538,5.59935902308321));
#3606=CARTESIAN_POINT('',(15.,0.365871697237426,5.59935902308286));
#3607=CARTESIAN_POINT('',(15.,0.365871697237538,5.59935902308321));
#3608=CARTESIAN_POINT('',(15.,0.375550301602864,5.62979941230254));
#3609=CARTESIAN_POINT('',(15.,0.401769121352357,5.70351868917538));
#3610=CARTESIAN_POINT('',(15.,0.444445807919937,5.79742925189974));
#3611=CARTESIAN_POINT('',(15.,0.490067544658583,5.88049552960044));
#3612=CARTESIAN_POINT('',(15.,0.527651283860447,5.94136925620479));
#3613=CARTESIAN_POINT('',(15.,0.568555750347741,6.00054060175169));
#3614=CARTESIAN_POINT('',(15.,0.627310117661672,6.07683899671135));
#3615=CARTESIAN_POINT('',(15.,0.708257803581282,6.16673019641872));
#3616=CARTESIAN_POINT('',(15.,0.816127243230123,6.26386741952225));
#3617=CARTESIAN_POINT('',(15.,0.932767553266495,6.34899707978227));
#3618=CARTESIAN_POINT('',(15.,1.03564241515493,6.40886937238085));
#3619=CARTESIAN_POINT('',(15.,1.12024146923553,6.44993891443906));
#3620=CARTESIAN_POINT('',(15.,1.18837424394307,6.47889984539689));
#3621=CARTESIAN_POINT('',(15.,1.23553789498298,6.49597461173151));
#3622=CARTESIAN_POINT('',(15.,1.26111379763432,6.50441406650638));
#3623=CARTESIAN_POINT('',(15.,1.26111379763433,6.50441406650639));
#3624=CARTESIAN_POINT('',(15.,1.26111379763426,6.50441406650636));
#3625=CARTESIAN_POINT('',(15.,1.27897108252375,6.51030655641303));
#3626=CARTESIAN_POINT('',(15.,1.34037814300529,6.52920143309446));
#3627=CARTESIAN_POINT('',(15.,1.48912233687101,6.56400201358446));
#3628=CARTESIAN_POINT('',(15.,1.61750020886157,6.574992));
#3629=CARTESIAN_POINT('',(15.,1.699996,6.574992));
#3630=CARTESIAN_POINT('',(15.,1.71979498987323,6.574992));
#3631=CARTESIAN_POINT('',(15.,1.71319532658215,6.574992));
#3632=CARTESIAN_POINT('',(15.,1.70659566329108,6.574992));
#3633=CARTESIAN_POINT('',(15.,1.699996,6.574992));
#3634=CARTESIAN_POINT('',(15.,1.61750020886157,6.574992));
#3635=CARTESIAN_POINT('',(15.,1.48912233687101,6.56400201358446));
#3636=CARTESIAN_POINT('',(15.,1.31470084839389,6.52319390611364));
#3637=CARTESIAN_POINT('',(15.,1.20600476718101,6.4863939826669));
#3638=CARTESIAN_POINT('',(15.,1.12024146923553,6.44993891443906));
#3639=CARTESIAN_POINT('',(15.,1.03564241515493,6.40886937238085));
#3640=CARTESIAN_POINT('',(15.,0.932767553266495,6.34899707978227));
#3641=CARTESIAN_POINT('',(15.,0.816127243230123,6.26386741952225));
#3642=CARTESIAN_POINT('',(15.,0.708257803581282,6.16673019641872));
#3643=CARTESIAN_POINT('',(15.,0.627310117661672,6.07683899671135));
#3644=CARTESIAN_POINT('',(15.,0.568555750347741,6.00054060175169));
#3645=CARTESIAN_POINT('',(15.,0.527651283860447,5.94136925620479));
#3646=CARTESIAN_POINT('',(15.,0.490067544658583,5.88049552960044));
#3647=CARTESIAN_POINT('',(15.,0.444445807919937,5.79742925189974));
#3648=CARTESIAN_POINT('',(15.,0.376557279663452,5.64803972792629));
#3649=CARTESIAN_POINT('',(15.,0.314649315220719,5.42865828712584));
#3650=CARTESIAN_POINT('',(15.,0.299996,5.25748779113843));
#3651=CARTESIAN_POINT('',(15.,0.299996,5.174992));
#3652=CARTESIAN_POINT('',(14.834789724628,1.7205930388998,6.57611791875732));
#3653=CARTESIAN_POINT('',(14.8342877162526,1.71372735926653,6.57574261250488));
#3654=CARTESIAN_POINT('',(14.8337857078772,1.70686167963325,6.57536730625244));
#3655=CARTESIAN_POINT('',(14.8332836995017,1.69999599999997,6.574992));
#3656=CARTESIAN_POINT('',(14.8270085948087,1.61417500458402,6.57030067184451));
#3657=CARTESIAN_POINT('',(14.8179256153216,1.48217440689198,6.55539624037816));
#3658=CARTESIAN_POINT('',(14.8070067193706,1.30390126959908,6.51679921766636));
#3659=CARTESIAN_POINT('',(14.800792086911,1.19272996863376,6.48454352098403));
#3660=CARTESIAN_POINT('',(14.7962312150718,1.10460388019157,6.4538741227755));
#3661=CARTESIAN_POINT('',(14.7919991838432,1.01737195440902,6.41963957535106));
#3662=CARTESIAN_POINT('',(14.7874927149538,0.910829455548422,6.36896140704307));
#3663=CARTESIAN_POINT('',(14.7842311243129,0.790547863224765,6.288413242782));
#3664=CARTESIAN_POINT('',(14.783066660709,0.68172213905214,6.19259546431311));
#3665=CARTESIAN_POINT('',(14.7838832836135,0.602434466963777,6.10138415369139));
#3666=CARTESIAN_POINT('',(14.7855679017719,0.546647187141793,6.02293214193555));
#3667=CARTESIAN_POINT('',(14.7873303484187,0.508885317220494,5.96181930682287));
#3668=CARTESIAN_POINT('',(14.7896188281406,0.475963815101198,5.89889573042975));
#3669=CARTESIAN_POINT('',(14.793234689558,0.437437483648251,5.81313095095259));
#3670=CARTESIAN_POINT('',(14.800526193622,0.379717810464338,5.65989262799685));
#3671=CARTESIAN_POINT('',(14.8131762461829,0.323003239714373,5.43658946938018));
#3672=CARTESIAN_POINT('',(14.8250567971834,0.3039210286446,5.26077015379091));
#3673=CARTESIAN_POINT('',(14.8312634908679,0.299996,5.174992));
#3674=CARTESIAN_POINT('',(14.6676272719029,1.72131584819566,6.56771524079482));
#3675=CARTESIAN_POINT('',(14.6673186373245,1.71424669724273,6.56686021693614));
#3676=CARTESIAN_POINT('',(14.667010002746,1.70717754628981,6.56600519307747));
#3677=CARTESIAN_POINT('',(14.6667013681675,1.70010839533689,6.56515016921879));
#3678=CARTESIAN_POINT('',(14.6628434359365,1.61174400842535,6.55446237098532));
#3679=CARTESIAN_POINT('',(14.6571655814255,1.47772586313359,6.53436230301823));
#3680=CARTESIAN_POINT('',(14.6499689667806,1.29827459733379,6.49789345724511));
#3681=CARTESIAN_POINT('',(14.6456647386261,1.1864250321009,6.4708274537006));
#3682=CARTESIAN_POINT('',(14.64232825675,1.09736610757523,6.44692735549092));
#3683=CARTESIAN_POINT('',(14.6391220052925,1.0089449845945,6.42075635549167));
#3684=CARTESIAN_POINT('',(14.6355585909476,0.900671792421108,6.38103920286586));
#3685=CARTESIAN_POINT('',(14.633135926747,0.780032208247052,6.30626720558644));
#3686=CARTESIAN_POINT('',(14.6324436487051,0.674531739749612,6.21261605304104));
#3687=CARTESIAN_POINT('',(14.6333255861025,0.601265312374652,6.12055171615737));
#3688=CARTESIAN_POINT('',(14.6348657051487,0.552372920546042,6.04023192012215));
#3689=CARTESIAN_POINT('',(14.6364185326904,0.520909777830765,5.97738614563985));
#3690=CARTESIAN_POINT('',(14.6384091323963,0.496096917729392,5.9126585438186));
#3691=CARTESIAN_POINT('',(14.6414760592149,0.469420373578744,5.82458680948686));
#3692=CARTESIAN_POINT('',(14.6472601700273,0.429714836866258,5.66842649695575));
#3693=CARTESIAN_POINT('',(14.6562536809232,0.387405353341086,5.44295716906536));
#3694=CARTESIAN_POINT('',(14.6641113506792,0.369287653317723,5.26366155216564));
#3695=CARTESIAN_POINT('',(14.6681580317611,0.363710338199008,5.17499995918786));
#3696=CARTESIAN_POINT('',(14.5,1.72217672608976,6.57016386091047));
#3697=CARTESIAN_POINT('',(14.5,1.71478448406023,6.56885585602508));
#3698=CARTESIAN_POINT('',(14.5,1.7073922420307,6.56754785113969));
#3699=CARTESIAN_POINT('',(14.5,1.70000000000118,6.5662398462543));
#3700=CARTESIAN_POINT('',(14.5,1.6075969746321,6.54988978518694));
#3701=CARTESIAN_POINT('',(14.5,1.46904332726634,6.52507601523606));
#3702=CARTESIAN_POINT('',(14.5,1.28442680190781,6.49130080694851));
#3703=CARTESIAN_POINT('',(14.5,1.16913895642477,6.46973600500657));
#3704=CARTESIAN_POINT('',(14.5,1.07678202737722,6.45283143202994));
#3705=CARTESIAN_POINT('',(14.5,0.984692129672968,6.43491985928812));
#3706=CARTESIAN_POINT('',(14.5,0.871336440997091,6.40630103656427));
#3707=CARTESIAN_POINT('',(14.5,0.74568651306079,6.33701198693061));
#3708=CARTESIAN_POINT('',(14.5,0.638511989690639,6.24488465889788));
#3709=CARTESIAN_POINT('',(14.5,0.566894043476454,6.15115462282347));
#3710=CARTESIAN_POINT('',(14.5,0.521340058690234,6.06817205848847));
#3711=CARTESIAN_POINT('',(14.5,0.49350346744515,6.0029344800049));
#3712=CARTESIAN_POINT('',(14.5,0.474165345838079,5.93568778137512));
#3713=CARTESIAN_POINT('',(14.5,0.455856478153895,5.84429913286392));
#3714=CARTESIAN_POINT('',(14.5,0.428049075595799,5.683370409717));
#3715=CARTESIAN_POINT('',(14.5,0.391406835902281,5.45292695785331));
#3716=CARTESIAN_POINT('',(14.5,0.367525507425905,5.26776448096329));
#3717=CARTESIAN_POINT('',(14.5,0.357041171230726,5.17500000000007));
#3718=CARTESIAN_POINT('',(15.,0.299996,3.175008));
#3719=CARTESIAN_POINT('',(14.5,0.300072048135753,4.17499999999524));
#3720=CARTESIAN_POINT('',(14.5,0.300072040366354,4.5088535966199));
#3721=CARTESIAN_POINT('',(14.5,0.319505612692854,4.8428886921777));
#3722=CARTESIAN_POINT('',(14.5,0.357041171230726,5.17500000000007));
#3723=CARTESIAN_POINT('',(14.6666666695497,0.30007373880924,4.17499999995537));
#3724=CARTESIAN_POINT('',(14.665239919473,0.307512031887196,4.50880181023314));
#3725=CARTESIAN_POINT('',(14.6657786657983,0.3290496346806,4.84264228858176));
#3726=CARTESIAN_POINT('',(14.6681580317611,0.363710338199009,5.17499995918786));
#3727=CARTESIAN_POINT('',(14.8333333303088,0.299995999999933,4.17500000000117));
#3728=CARTESIAN_POINT('',(14.8320944181425,0.29315805231477,4.50812850262426));
#3729=CARTESIAN_POINT('',(14.8314155971869,0.293303259678379,4.84172050735538));
#3730=CARTESIAN_POINT('',(14.8312634908679,0.299996,5.174992));
#3731=CARTESIAN_POINT('',(15.,0.299996,4.175));
#3732=CARTESIAN_POINT('',(15.,0.299996,4.50833066666667));
#3733=CARTESIAN_POINT('',(15.,0.299996,4.84166133333333));
#3734=CARTESIAN_POINT('',(15.,0.299996,5.174992));
#3735=CARTESIAN_POINT('',(15.,0.699996,5.174992));
#3736=CARTESIAN_POINT('',(14.830766834366,0.69999600000004,5.17499200000022));
#3737=CARTESIAN_POINT('',(14.6685121492673,0.770954716286907,5.17499996548103));
#3738=CARTESIAN_POINT('',(14.5,0.763493518398779,5.17500000000074));
#3739=CARTESIAN_POINT('',(15.,0.699996,5.17499200021582));
#3740=CARTESIAN_POINT('',(15.,0.699996,5.174992));
#3741=CARTESIAN_POINT('',(14.5,0.763493518398779,5.17500000000074));
#3742=CARTESIAN_POINT('',(14.5,0.721988897983637,4.84363556829625));
#3743=CARTESIAN_POINT('',(14.5,0.69988328400508,4.50963310588234));
#3744=CARTESIAN_POINT('',(14.5,0.699883297723829,4.17500000000192));
#3745=CARTESIAN_POINT('',(14.6685121492674,0.770954716286913,5.17499996548103));
#3746=CARTESIAN_POINT('',(14.6668389995845,0.73432204738143,4.84299757514876));
#3747=CARTESIAN_POINT('',(14.6661784302694,0.710051896072953,4.50924060404313));
#3748=CARTESIAN_POINT('',(14.6666666729928,0.699880426066407,4.17499999956748));
#3749=CARTESIAN_POINT('',(14.830766834366,0.699996000000014,5.17499200000021));
#3750=CARTESIAN_POINT('',(14.830725084052,0.69449808364282,4.84184358739599));
#3751=CARTESIAN_POINT('',(14.831543343232,0.694266704843202,4.50831710095338));
#3752=CARTESIAN_POINT('',(14.8333333266464,0.699995999999967,4.17500000000052));
#3753=CARTESIAN_POINT('',(15.,0.699996,5.174992));
#3754=CARTESIAN_POINT('',(15.,0.699996,4.84166133333333));
#3755=CARTESIAN_POINT('',(15.,0.699996,4.50833066666667));
#3756=CARTESIAN_POINT('',(15.,0.699996,4.175));
#3757=CARTESIAN_POINT('',(14.9996277332102,1.70072894458893,6.18142788351072));
#3758=CARTESIAN_POINT('',(14.8332463356542,1.70026027641453,6.17228281764352));
#3759=CARTESIAN_POINT('',(14.6666266558153,1.70028126921506,6.16745587796789));
#3760=CARTESIAN_POINT('',(14.499995024742,1.6997681630285,6.16694835440594));
#3761=CARTESIAN_POINT('',(14.9998647995933,1.70028099494979,6.17713767527967));
#3762=CARTESIAN_POINT('',(15.,1.35577512029834,6.11388069733181));
#3763=CARTESIAN_POINT('',(15.,1.46575304534721,6.15420144910533));
#3764=CARTESIAN_POINT('',(15.,1.58285972456989,6.174992));
#3765=CARTESIAN_POINT('',(15.,1.699996,6.174992));
#3766=CARTESIAN_POINT('',(15.,1.35577512029834,6.11388069733181));
#3767=CARTESIAN_POINT('',(15.,0.992886133552173,5.88209569591181));
#3768=CARTESIAN_POINT('',(15.,1.09517898338861,5.98438943840617));
#3769=CARTESIAN_POINT('',(15.,1.21995119364576,6.06408413289371));
#3770=CARTESIAN_POINT('',(15.,1.35577512029834,6.11388069733181));
#3771=CARTESIAN_POINT('',(15.,0.992886133552173,5.88209569591181));
#3772=CARTESIAN_POINT('',(15.,0.761329494353954,5.51981832030958));
#3773=CARTESIAN_POINT('',(15.,0.811138512588176,5.65540558364145));
#3774=CARTESIAN_POINT('',(15.,0.890747350029103,5.77995602107527));
#3775=CARTESIAN_POINT('',(15.,0.992886133552173,5.88209569591181));
#3776=CARTESIAN_POINT('',(15.,0.761329494353954,5.51981832030958));
#3777=CARTESIAN_POINT('',(15.,0.699996,5.174992));
#3778=CARTESIAN_POINT('',(15.,0.699996,5.29234325023208));
#3779=CARTESIAN_POINT('',(15.,0.720863694552698,5.40966463232104));
#3780=CARTESIAN_POINT('',(15.,0.761329494353954,5.51981832030958));
#3781=CARTESIAN_POINT('',(14.5,1.71584714233322,6.16825820058472));
#3782=CARTESIAN_POINT('',(14.5,1.71056476155548,6.16719895903652));
#3783=CARTESIAN_POINT('',(14.5,1.70528238077774,6.16613971748833));
#3784=CARTESIAN_POINT('',(14.5,1.7,6.16508047594014));
#3785=CARTESIAN_POINT('',(14.5,1.63397024027826,6.15183995658773));
#3786=CARTESIAN_POINT('',(14.5,1.50196187187146,6.1250984586797));
#3787=CARTESIAN_POINT('',(14.5,1.30407310796911,6.08433639685692));
#3788=CARTESIAN_POINT('',(14.5,1.15594687770425,6.05252690953643));
#3789=CARTESIAN_POINT('',(14.5,1.06316344854786,6.03338840720237));
#3790=CARTESIAN_POINT('',(14.5,1.03033305921863,6.02595706601559));
#3791=CARTESIAN_POINT('',(14.5,1.00791237833589,6.02025298598086));
#3792=CARTESIAN_POINT('',(14.5,0.985908830361744,6.01292929456059));
#3793=CARTESIAN_POINT('',(14.5,0.955655669932377,5.9975269322834));
#3794=CARTESIAN_POINT('',(14.5,0.921115107530247,5.96872542902536));
#3795=CARTESIAN_POINT('',(14.5,0.896177648395193,5.93174585433417));
#3796=CARTESIAN_POINT('',(14.5,0.883524221529709,5.90033271209142));
#3797=CARTESIAN_POINT('',(14.5,0.87769677179451,5.87780836822067));
#3798=CARTESIAN_POINT('',(14.5,0.873101423770474,5.85498745568065));
#3799=CARTESIAN_POINT('',(14.5,0.866766315012456,5.82164834778695));
#3800=CARTESIAN_POINT('',(14.5,0.849554529439531,5.72768206996934));
#3801=CARTESIAN_POINT('',(14.5,0.822197096284311,5.57750248672845));
#3802=CARTESIAN_POINT('',(14.5,0.790303778047317,5.37648583086799));
#3803=CARTESIAN_POINT('',(14.5,0.771912474500367,5.2422152299256));
#3804=CARTESIAN_POINT('',(14.5,0.763493518398779,5.17500000000074));
#3805=CARTESIAN_POINT('',(14.6673708577787,1.71509900541058,6.16589743291625));
#3806=CARTESIAN_POINT('',(14.6671508830423,1.71006600894556,6.165201269008));
#3807=CARTESIAN_POINT('',(14.6669309083058,1.70503301248055,6.16450510509975));
#3808=CARTESIAN_POINT('',(14.6667109335694,1.70000001601553,6.1638089411915));
#3809=CARTESIAN_POINT('',(14.6639612493641,1.63708756020285,6.15510689233836));
#3810=CARTESIAN_POINT('',(14.6585665331098,1.50982732149794,6.1337680828487));
#3811=CARTESIAN_POINT('',(14.6510038351355,1.3183449152509,6.08847725254132));
#3812=CARTESIAN_POINT('',(14.6459278388271,1.17721801639904,6.04289420272361));
#3813=CARTESIAN_POINT('',(14.642966499633,1.09104146386721,6.01115420026247));
#3814=CARTESIAN_POINT('',(14.6419702604951,1.06079122076131,5.99905133270156));
#3815=CARTESIAN_POINT('',(14.6413240258399,1.04022308660642,5.9901771579537));
#3816=CARTESIAN_POINT('',(14.6407586568172,1.02002978565549,5.98013787429267));
#3817=CARTESIAN_POINT('',(14.6401830099122,0.992002199798624,5.96224857749274));
#3818=CARTESIAN_POINT('',(14.6399515233517,0.959024139093126,5.9327610000725));
#3819=CARTESIAN_POINT('',(14.640398795821,0.932861509411883,5.89743474094422));
#3820=CARTESIAN_POINT('',(14.6411094441712,0.917410637598805,5.86811166964937));
#3821=CARTESIAN_POINT('',(14.6417454610558,0.90880596145376,5.84722668673528));
#3822=CARTESIAN_POINT('',(14.6424451920983,0.901124562508708,5.82605762049418));
#3823=CARTESIAN_POINT('',(14.643498642398,0.890437028502608,5.79499873665243));
#3824=CARTESIAN_POINT('',(14.6465712577297,0.861983133762935,5.70678495778744));
#3825=CARTESIAN_POINT('',(14.6518737856794,0.822729230689749,5.56266009988007));
#3826=CARTESIAN_POINT('',(14.6598352110278,0.787903038866455,5.36782417692593));
#3827=CARTESIAN_POINT('',(14.6655716053457,0.775050088789694,5.23874248348942));
#3828=CARTESIAN_POINT('',(14.6685121492673,0.770954716286907,5.17499996548103));
#3829=CARTESIAN_POINT('',(14.8344689476721,1.71474504818525,6.17587887842204));
#3830=CARTESIAN_POINT('',(14.8340690284947,1.70982869879017,6.17558325228136));
#3831=CARTESIAN_POINT('',(14.8336691093172,1.70491234939508,6.17528762614068));
#3832=CARTESIAN_POINT('',(14.8332691901398,1.699996,6.174992));
#3833=CARTESIAN_POINT('',(14.8282702004215,1.63854163256148,6.17129667324152));
#3834=CARTESIAN_POINT('',(14.8186132347143,1.51225670027272,6.15618978557274));
#3835=CARTESIAN_POINT('',(14.806022337477,1.32012394251735,6.10716818789113));
#3836=CARTESIAN_POINT('',(14.7986819090154,1.17961491116109,6.04797402282605));
#3837=CARTESIAN_POINT('',(14.7950122052141,1.09574992291741,6.00356992533911));
#3838=CARTESIAN_POINT('',(14.7938410909599,1.06650725067091,5.98674688890167));
#3839=CARTESIAN_POINT('',(14.7931044359336,1.04668617486819,5.97465461865316));
#3840=CARTESIAN_POINT('',(14.7924586013576,1.02715884962499,5.96182886525593));
#3841=CARTESIAN_POINT('',(14.7917645069209,0.999594499454724,5.94128710557182));
#3842=CARTESIAN_POINT('',(14.7913801949888,0.965704913457954,5.91077281456424));
#3843=CARTESIAN_POINT('',(14.7916799682674,0.935730370870418,5.87661917600316));
#3844=CARTESIAN_POINT('',(14.7922921736387,0.915486935590373,5.84895010751931));
#3845=CARTESIAN_POINT('',(14.7928682617751,0.902735137247602,5.82937897998955));
#3846=CARTESIAN_POINT('',(14.7935239996991,0.890598591112855,5.80952374907975));
#3847=CARTESIAN_POINT('',(14.7945628039872,0.873558256339041,5.78023990512523));
#3848=CARTESIAN_POINT('',(14.7978265534393,0.828202520657305,5.69630531118656));
#3849=CARTESIAN_POINT('',(14.8045727534095,0.767887029128256,5.55565411802998));
#3850=CARTESIAN_POINT('',(14.816528756721,0.718210201527617,5.36318435604572));
#3851=CARTESIAN_POINT('',(14.8258847054087,0.703370891859467,5.23661036849908));
#3852=CARTESIAN_POINT('',(14.830766834366,0.69999600000004,5.17499200000022));
#3853=CARTESIAN_POINT('',(15.,1.71413813562373,6.174992));
#3854=CARTESIAN_POINT('',(15.,1.70942409041582,6.174992));
#3855=CARTESIAN_POINT('',(15.,1.70471004520791,6.174992));
#3856=CARTESIAN_POINT('',(15.,1.699996,6.174992));
#3857=CARTESIAN_POINT('',(15.,1.64107043490112,6.174992));
#3858=CARTESIAN_POINT('',(15.,1.51847615237655,6.16429391876567));
#3859=CARTESIAN_POINT('',(15.,1.33075894402645,6.11160062073547));
#3860=CARTESIAN_POINT('',(15.,1.19490445365429,6.04118206572201));
#3861=CARTESIAN_POINT('',(15.,1.11559957377803,5.98649497082593));
#3862=CARTESIAN_POINT('',(15.,1.0881561031039,5.96585733594801));
#3863=CARTESIAN_POINT('',(15.,1.06963572950042,5.95117474029363));
#3864=CARTESIAN_POINT('',(15.,1.05138825515795,5.93612627115247));
#3865=CARTESIAN_POINT('',(15.,1.0254002472092,5.91353731101166));
#3866=CARTESIAN_POINT('',(15.,0.992559219253258,5.88242878074674));
#3867=CARTESIAN_POINT('',(15.,0.961450688988338,5.8495877527908));
#3868=CARTESIAN_POINT('',(15.,0.938861728847534,5.82359974484205));
#3869=CARTESIAN_POINT('',(15.,0.923813259706368,5.80535227049958));
#3870=CARTESIAN_POINT('',(15.,0.909130664051992,5.7868318968961));
#3871=CARTESIAN_POINT('',(15.,0.888493029174074,5.75938842622197));
#3872=CARTESIAN_POINT('',(15.,0.833805934277994,5.68008354634571));
#3873=CARTESIAN_POINT('',(15.,0.763387379264531,5.54422905597355));
#3874=CARTESIAN_POINT('',(15.,0.710694081234331,5.35651184762344));
#3875=CARTESIAN_POINT('',(15.,0.699996,5.23391756509888));
#3876=CARTESIAN_POINT('',(15.,0.699996,5.174992));
#3877=CARTESIAN_POINT('',(15.0000067560606,1.70028032669247,6.17499195957916));
#3878=CARTESIAN_POINT('',(15.0000067308577,1.71647751609023,6.17498735428569));
#3879=CARTESIAN_POINT('',(15.0000067056548,1.73267459207195,6.17458914814809));
#3880=CARTESIAN_POINT('',(15.0000066804519,1.74885243962001,6.17379781111028));
#3881=CARTESIAN_POINT('',(14.6052105776137,1.66882826170918,6.60895385946861));
#3882=CARTESIAN_POINT('',(26.6,4.15,4.525));
#3883=CARTESIAN_POINT('',(26.6,4.15,3.82500000000005));
#3884=CARTESIAN_POINT('',(26.6,4.15,4.525));
#3885=CARTESIAN_POINT('',(44.4,4.15,3.82500000000005));
#3886=CARTESIAN_POINT('',(24.6,4.15,3.82500000000005));
#3887=CARTESIAN_POINT('',(24.6,4.15,4.525));
#3888=CARTESIAN_POINT('',(24.6,4.15,4.525));
#3889=CARTESIAN_POINT('',(44.4,4.15,4.525));
#3890=CARTESIAN_POINT('',(44.4,4.15,4.525));
#3891=CARTESIAN_POINT('',(26.6,3.75,4.525));
#3892=CARTESIAN_POINT('',(26.6,3.75,3.82500000000005));
#3893=CARTESIAN_POINT('',(26.6,3.75,4.525));
#3894=CARTESIAN_POINT('',(44.4,3.75,4.525));
#3895=CARTESIAN_POINT('',(24.6,3.75,4.525));
#3896=CARTESIAN_POINT('',(24.6,3.75,4.525));
#3897=CARTESIAN_POINT('',(24.6,3.75,3.82500000000005));
#3898=CARTESIAN_POINT('',(44.4,3.75,3.82500000000005));
#3899=CARTESIAN_POINT('',(44.4,3.75,4.525));
#3900=CARTESIAN_POINT('',(26.6,1.,4.525));
#3901=CARTESIAN_POINT('',(26.6,-1.75,4.525));
#3902=CARTESIAN_POINT('',(44.4,-1.75,4.525));
#3903=CARTESIAN_POINT('',(24.6,-1.75,4.525));
#3904=CARTESIAN_POINT('',(24.6,1.,4.525));
#3905=CARTESIAN_POINT('',(44.4,1.,4.525));
#3906=CARTESIAN_POINT('',(26.6,1.,3.825));
#3907=CARTESIAN_POINT('',(26.6,-1.75,3.825));
#3908=CARTESIAN_POINT('',(24.6,1.,3.825));
#3909=CARTESIAN_POINT('',(24.6,-1.75,3.825));
#3910=CARTESIAN_POINT('',(44.4,-1.75,3.825));
#3911=CARTESIAN_POINT('',(44.4,1.,3.825));
#3912=CARTESIAN_POINT('',(26.6,1.,3.825));
#3913=CARTESIAN_POINT('',(26.6,-2.15,3.825));
#3914=CARTESIAN_POINT('',(44.4,-2.15,3.825));
#3915=CARTESIAN_POINT('',(24.6,-2.15,3.825));
#3916=CARTESIAN_POINT('',(24.6,1.,3.825));
#3917=CARTESIAN_POINT('',(44.4,1.,3.825));
#3918=CARTESIAN_POINT('',(26.6,1.,4.525));
#3919=CARTESIAN_POINT('',(26.6,-2.15,4.525));
#3920=CARTESIAN_POINT('',(24.6,1.,4.525));
#3921=CARTESIAN_POINT('',(24.6,-2.15,4.525));
#3922=CARTESIAN_POINT('',(44.4,-2.15,4.525));
#3923=CARTESIAN_POINT('',(44.4,1.,4.525));
#3924=CARTESIAN_POINT('',(26.6,-2.15,3.82500000000005));
#3925=CARTESIAN_POINT('',(26.6,-1.75,3.82500000000005));
#3926=CARTESIAN_POINT('',(26.6,1.4,4.175));
#3927=CARTESIAN_POINT('',(24.6,-0.55,3.825));
#3928=CARTESIAN_POINT('',(24.6,-17.8108113313012,4.525));
#3929=CARTESIAN_POINT('',(24.6,1.,4.525));
#3930=CARTESIAN_POINT('',(24.6,-1.75,4.525));
#3931=CARTESIAN_POINT('',(44.4,-1.75,3.82500000000005));
#3932=CARTESIAN_POINT('',(24.6,-2.15,3.82500000000005));
#3933=CARTESIAN_POINT('',(44.4,-2.15,3.82500000000005));
#3934=CARTESIAN_POINT('',(21.1,-0.55,3.25));
#3935=CARTESIAN_POINT('',(21.1,-0.55,3.25));
#3936=CARTESIAN_POINT('',(21.1,0.,3.25));
#3937=CARTESIAN_POINT('',(21.1,-0.15,3.25));
#3938=CARTESIAN_POINT('',(57.4548879358332,-16.7693773420952,9.22258873231546));
#3939=CARTESIAN_POINT('',(21.1,-0.55,3.25));
#3940=CARTESIAN_POINT('',(58.8580247872215,-17.4108113313013,-1.10310407218639));
#3941=CARTESIAN_POINT('',(21.1,-0.15,5.1));
#3942=CARTESIAN_POINT('',(21.1,-0.55,5.1));
#3943=CARTESIAN_POINT('',(21.1,-0.55,5.1));
#3944=CARTESIAN_POINT('',(58.8580247872215,-17.8108113313012,-1.10310407218639));
#3945=CARTESIAN_POINT('',(58.8580247872215,-17.8108113313012,-1.10310407218639));
#3946=CARTESIAN_POINT('',(61.0178015849326,1.7,5.1));
#3947=CARTESIAN_POINT('',(21.1,1.7,5.1));
#3948=CARTESIAN_POINT('',(16.6,1.7,5.1));
#3949=CARTESIAN_POINT('',(21.1,1.7,5.1));
#3950=CARTESIAN_POINT('',(21.1,1.7,3.25000000004661));
#3951=CARTESIAN_POINT('',(61.0178015849326,1.7,3.25000000004661));
#3952=CARTESIAN_POINT('',(16.6,1.7,3.25000000004661));
#3953=CARTESIAN_POINT('',(16.6,1.7,5.1));
#3954=CARTESIAN_POINT('',(61.0178015849326,1.7,5.1));
#3955=CARTESIAN_POINT('',(21.1,-0.15,3.25000000004661));
#3956=CARTESIAN_POINT('',(58.8580247872215,-17.4108113313013,-1.10310407218639));
#3957=CARTESIAN_POINT('',(61.0178015849326,-0.55,5.1));
#3958=CARTESIAN_POINT('',(16.601431264262,-0.547415640152388,5.10029611707683));
#3959=CARTESIAN_POINT('',(21.1,0.575,5.1));
#3960=CARTESIAN_POINT('',(16.6,0.575,5.1));
#3961=CARTESIAN_POINT('',(16.5800362151397,0.878759434134333,6.18750489438566));
#3962=CARTESIAN_POINT('',(16.6028629665368,-0.544831520504182,5.10059221296176));
#3963=CARTESIAN_POINT('',(16.5866447499604,-0.574110074325132,5.43452245294051));
#3964=CARTESIAN_POINT('',(16.5951145816623,-0.415096314947888,5.77867393825616));
#3965=CARTESIAN_POINT('',(16.6048008387074,0.198433086268716,6.2085602019461));
#3966=CARTESIAN_POINT('',(16.6218030433555,0.534491654670987,6.2562425084156));
#3967=CARTESIAN_POINT('',(16.6005199698314,0.879193866831614,6.18356675371487));
#3968=CARTESIAN_POINT('',(61.0178015849326,0.575,5.1));
#3969=CARTESIAN_POINT('',(21.1,-0.55,3.25000000004661));
#3970=CARTESIAN_POINT('',(58.8580247872215,-17.8108113313012,-2.95310407218639));
#3971=CARTESIAN_POINT('',(21.1,0.575,3.25));
#3972=CARTESIAN_POINT('',(61.0178015849326,-0.55,3.25));
#3973=CARTESIAN_POINT('',(16.601431264254,-0.547415640166759,3.24970388292582));
#3974=CARTESIAN_POINT('',(16.6,-0.549999960849079,3.24970320112715));
#3975=CARTESIAN_POINT('',(16.6,-0.549908805959218,2.90418555633062));
#3976=CARTESIAN_POINT('',(16.6,-0.380313286646111,2.56269804631999));
#3977=CARTESIAN_POINT('',(16.5999999999999,0.170163134416906,2.14495947429978));
#3978=CARTESIAN_POINT('',(16.6,0.544694498360917,2.07352686909332));
#3979=CARTESIAN_POINT('',(16.6,0.877488169701982,2.16642909452572));
#3980=CARTESIAN_POINT('',(16.5800023405192,0.878598003773445,2.16245345504558));
#3981=CARTESIAN_POINT('',(16.6,0.575,3.25));
#3982=CARTESIAN_POINT('',(61.0178015849326,0.575,3.25));
#3983=CARTESIAN_POINT('',(21.1,0.575,5.1));
#3984=CARTESIAN_POINT('',(21.1,1.3,5.1));
#3985=CARTESIAN_POINT('',(21.1,1.3,5.1));
#3986=CARTESIAN_POINT('',(21.1,1.3,3.25000000004661));
#3987=CARTESIAN_POINT('',(21.1,0.575,3.25));
#3988=CARTESIAN_POINT('',(21.1,0.72687038768811,5.15912961231189));
#3989=CARTESIAN_POINT('',(16.6,0.885,3.06536882323952));
#3990=CARTESIAN_POINT('',(16.5995520486394,0.885245649590135,2.594893136759));
#3991=CARTESIAN_POINT('',(16.6,0.575,3.25));
#3992=CARTESIAN_POINT('',(16.6,1.3,3.25000000002331));
#3993=CARTESIAN_POINT('',(16.6,1.3,3.25));
#3994=CARTESIAN_POINT('',(16.6,1.3,5.1));
#3995=CARTESIAN_POINT('',(16.6,0.575,5.1));
#3996=CARTESIAN_POINT('',(16.5995520486394,0.885245649590135,5.75510686357458));
#3997=CARTESIAN_POINT('',(16.6,0.885,5.28463117709407));
#3998=CARTESIAN_POINT('',(16.6,0.575,3.25));
#3999=CARTESIAN_POINT('',(61.0178015849326,1.3,5.1));
#4000=CARTESIAN_POINT('',(61.0178015849326,1.3,3.25000000004661));
#4001=CARTESIAN_POINT('',(61.0178015849326,1.3,5.1));
#4002=CARTESIAN_POINT('',(61.0178015849326,-0.15,3.25));
#4003=CARTESIAN_POINT('',(16.6015845485586,-0.149935704586263,3.24317284531752));
#4004=CARTESIAN_POINT('',(16.6,-0.15,3.31816742218002));
#4005=CARTESIAN_POINT('',(16.601584316059,-0.149935700314236,5.10682738146944));
#4006=CARTESIAN_POINT('',(61.0178015849326,-0.15,5.1));
#4007=CARTESIAN_POINT('',(61.0178015849326,-0.15,3.25000000004661));
#4008=CARTESIAN_POINT('',(16.5539728958431,0.874941723194815,6.19202724348449));
#4009=CARTESIAN_POINT('',(16.2704128938351,0.797391272570034,6.2513679977162));
#4010=CARTESIAN_POINT('',(15.9459501286629,0.585988610353491,6.26651717267924));
#4011=CARTESIAN_POINT('',(15.5099780183429,0.300046464570017,5.91051850591116));
#4012=CARTESIAN_POINT('',(15.3541633689556,0.237825813668174,5.70517540623914));
#4013=CARTESIAN_POINT('',(15.2196380488374,0.232033495430119,5.48451172698343));
#4014=CARTESIAN_POINT('',(15.183203108974,0.239015953706774,5.41792824294903));
#4015=CARTESIAN_POINT('',(15.1217134683149,0.260428008446376,5.30404493525981));
#4016=CARTESIAN_POINT('',(15.1030271006043,0.266343926280581,5.27196823225739));
#4017=CARTESIAN_POINT('',(15.0529093691666,0.305128564640062,5.17567337245801));
#4018=CARTESIAN_POINT('',(15.0514780804965,0.30254419402097,5.17537738979482));
#4019=CARTESIAN_POINT('',(16.5999997809937,-0.549999879900297,5.10000001059595));
#4020=CARTESIAN_POINT('',(16.0833490587249,-0.266676623561221,5.12499657250845));
#4021=CARTESIAN_POINT('',(15.5666983364561,0.0166466327778553,5.14999313442096));
#4022=CARTESIAN_POINT('',(15.0500476141873,0.299969889116932,5.17498969633346));
#4023=CARTESIAN_POINT('',(15.3059008196686,1.28943675431547,5.28512482642488));
#4024=CARTESIAN_POINT('',(16.6,-0.55,3.31816742218002));
#4025=CARTESIAN_POINT('',(61.0178015849326,-0.55,3.25000000004661));
#4026=CARTESIAN_POINT('',(16.5789529541964,0.881736047719799,2.1632113747082));
#4027=CARTESIAN_POINT('',(16.4250657161612,0.839676921646824,2.12428406046939));
#4028=CARTESIAN_POINT('',(16.2712869909761,0.769032542455792,2.0996410421655));
#4029=CARTESIAN_POINT('',(16.0410690368808,0.638871194126112,2.12332362753815));
#4030=CARTESIAN_POINT('',(15.9644295480442,0.591822492551512,2.14202900751307));
#4031=CARTESIAN_POINT('',(15.8512090623517,0.520288190031834,2.18983199156351));
#4032=CARTESIAN_POINT('',(15.8137764564561,0.496306040222137,2.20903647191773));
#4033=CARTESIAN_POINT('',(15.7399962194653,0.449129086660518,2.25442914769919));
#4034=CARTESIAN_POINT('',(15.7285352478701,0.441468911635431,2.25969269907653));
#4035=CARTESIAN_POINT('',(15.4265803771448,0.252969705151433,2.51357593305042));
#4036=CARTESIAN_POINT('',(15.2779156913542,0.244961002619676,2.75831473380456));
#4037=CARTESIAN_POINT('',(15.0965119656835,0.266882933785568,3.07138738778704));
#4038=CARTESIAN_POINT('',(15.0578372540028,0.295705853039459,3.16070667618505));
#4039=CARTESIAN_POINT('',(15.0500733962809,0.299955919880424,3.17432414146772));
#4040=CARTESIAN_POINT('',(15.0514780793038,0.302544202651815,3.17462261023844));
#4041=CARTESIAN_POINT('',(16.6028627475143,-0.544831400433225,3.24940777644759));
#4042=CARTESIAN_POINT('',(16.0862120237301,-0.261508143263107,3.22441121446177));
#4043=CARTESIAN_POINT('',(15.5695612999459,0.0218151139070107,3.19941465247594));
#4044=CARTESIAN_POINT('',(15.0529105761617,0.305138371077128,3.17441809049012));
#4045=CARTESIAN_POINT('',(15.3059008196692,1.28943675431543,3.0648751739089));
#4046=CARTESIAN_POINT('',(15.0466318298494,0.878223067044771,5.75854443404524));
#4047=CARTESIAN_POINT('',(15.2754660118974,0.791052486828418,5.79868163561099));
#4048=CARTESIAN_POINT('',(15.5067515246948,0.698633658441734,5.82271598152985));
#4049=CARTESIAN_POINT('',(15.7294533801467,0.589207558669778,5.82486077647939));
#4050=CARTESIAN_POINT('',(15.863813593366,0.523188736925858,5.82615477156599));
#4051=CARTESIAN_POINT('',(15.9967096905141,0.449734172231458,5.81960129768654));
#4052=CARTESIAN_POINT('',(16.117209777259,0.364713238293612,5.79383317724881));
#4053=CARTESIAN_POINT('',(16.1946841624863,0.310049837077741,5.77726580918042));
#4054=CARTESIAN_POINT('',(16.2678691170929,0.249216305821556,5.7518822995489));
#4055=CARTESIAN_POINT('',(16.3295481056211,0.186806117459278,5.71231569435871));
#4056=CARTESIAN_POINT('',(16.3806031251699,0.135145844440543,5.67956428501053));
#4057=CARTESIAN_POINT('',(16.4245762330974,0.0815183105908256,5.63594014882437));
#4058=CARTESIAN_POINT('',(16.4594622294251,0.0338491579498722,5.58247359114094));
#4059=CARTESIAN_POINT('',(16.494397930017,-0.0138879119189911,5.52893085630347));
#4060=CARTESIAN_POINT('',(16.5214790363884,-0.0565902249952227,5.46418340754479));
#4061=CARTESIAN_POINT('',(16.5428188777406,-0.0877566528649705,5.39390239720564));
#4062=CARTESIAN_POINT('',(16.5637715130454,-0.118357573749548,5.32489661810048));
#4063=CARTESIAN_POINT('',(16.5800087053491,-0.138746197668343,5.2488199857209));
#4064=CARTESIAN_POINT('',(16.5934699088289,-0.146413322560951,5.17202650922799));
#4065=CARTESIAN_POINT('',(16.5968648621638,-0.148346992998549,5.15265897871627));
#4066=CARTESIAN_POINT('',(16.6000928156631,-0.149503826497377,5.1331680178047));
#4067=CARTESIAN_POINT('',(16.6031691448765,-0.149871400628472,5.11365476293888));
#4068=CARTESIAN_POINT('',(15.038770291505,0.882139263663085,5.75684669448284));
#4069=CARTESIAN_POINT('',(15.0500000949839,0.699995947912341,5.17499199540449));
#4070=CARTESIAN_POINT('',(15.5666665590697,0.416664059004539,5.14999467187242));
#4071=CARTESIAN_POINT('',(16.0833330231555,0.133332170096737,5.12499734834034));
#4072=CARTESIAN_POINT('',(16.5999994872413,-0.149999718811064,5.10000002480826));
#4073=CARTESIAN_POINT('',(15.0525872500041,0.699996132032437,5.17538958574126));
#4074=CARTESIAN_POINT('',(15.0275597024109,0.886055460281399,5.75594018857317));
#4075=CARTESIAN_POINT('',(15.0229004417116,0.823694773855857,5.66856941822773));
#4076=CARTESIAN_POINT('',(15.0219977608409,0.774855069902629,5.5694994853777));
#4077=CARTESIAN_POINT('',(15.0267220461858,0.743528912746948,5.46683221484652));
#4078=CARTESIAN_POINT('',(15.0310553104177,0.714795568672289,5.37266254077134));
#4079=CARTESIAN_POINT('',(15.0402052044757,0.700073947818298,5.27319651986642));
#4080=CARTESIAN_POINT('',(15.0551742256388,0.699996317575061,5.17578896299835));
#4081=CARTESIAN_POINT('',(5256169.77864648,-2882392.11787205,-254297.673904681));
#4082=CARTESIAN_POINT('',(61.0178015849326,0.885491299180268,5.75514895492044));
#4083=CARTESIAN_POINT('',(61.0178015849326,0.575,5.1));
#4084=CARTESIAN_POINT('',(15.05,1.734996,6.374992));
#4085=CARTESIAN_POINT('',(15.05,1.734996,6.1743793123069));
#4086=CARTESIAN_POINT('',(15.0508740285951,1.73454738197552,6.57457201479673));
#4087=CARTESIAN_POINT('',(15.8320295861478,1.30614308380175,6.37643407835254));
#4088=CARTESIAN_POINT('',(15.1138238297592,1.699996,5.174992));
#4089=CARTESIAN_POINT('',(37.5865275696636,-10.6236867665185,5.28463117709407));
#4090=CARTESIAN_POINT('',(16.5726614724784,0.864974429501364,6.18823250315664));
#4091=CARTESIAN_POINT('',(15.0499641862872,1.69999804400037,6.57484653132109));
#4092=CARTESIAN_POINT('',(15.05,1.699996,6.574992));
#4093=CARTESIAN_POINT('',(20.5639649504945,1.699996,5.174992));
#4094=CARTESIAN_POINT('',(15.825,1.292498,6.37821889575622));
#4095=CARTESIAN_POINT('',(15.0499641862871,1.69999804400036,6.57484653132109));
#4096=CARTESIAN_POINT('',(15.0495449576844,1.57146458991746,6.57314370226049));
#4097=CARTESIAN_POINT('',(15.049909204385,1.40822410498522,6.5687104845187));
#4098=CARTESIAN_POINT('',(15.0500227137301,1.04272776130582,6.41749581863178));
#4099=CARTESIAN_POINT('',(15.049442808459,0.947045714327374,6.35800189632287));
#4100=CARTESIAN_POINT('',(15.0495338132107,0.799020156429108,6.2499839882648));
#4101=CARTESIAN_POINT('',(15.050022452219,0.783187441536561,6.237892400798));
#4102=CARTESIAN_POINT('',(15.0499299190644,0.418232459744719,5.8737530586889));
#4103=CARTESIAN_POINT('',(15.0499984843186,0.300083914375022,5.50399239532909));
#4104=CARTESIAN_POINT('',(15.0499999991095,0.299996051614367,5.17537809252249));
#4105=CARTESIAN_POINT('',(15.4369309867463,0.0965088857279223,4.87130763364773));
#4106=CARTESIAN_POINT('',(15.4387326585422,0.0948695515300823,4.88194429766364));
#4107=CARTESIAN_POINT('',(15.4405343303381,0.0932302173322424,4.89258096167956));
#4108=CARTESIAN_POINT('',(15.4423360021339,0.0915908831344024,4.90321762569548));
#4109=CARTESIAN_POINT('',(15.4516660921396,0.08310147032893,4.95830037320555));
#4110=CARTESIAN_POINT('',(15.4888255866488,0.0492901900151767,5.17768164953059));
#4111=CARTESIAN_POINT('',(15.5469012512538,0.0575115451487288,5.38865855483147));
#4112=CARTESIAN_POINT('',(15.6612187952694,0.124747001835143,5.69368582073751));
#4113=CARTESIAN_POINT('',(15.7305820393933,0.185728675781163,5.83516564766423));
#4114=CARTESIAN_POINT('',(15.8865168622427,0.362105904716819,6.06837596541307));
#4115=CARTESIAN_POINT('',(15.9727697950387,0.477752461504525,6.15830933127249));
#4116=CARTESIAN_POINT('',(16.1432080392192,0.739986794757314,6.26320462250376));
#4117=CARTESIAN_POINT('',(16.2494417655323,0.926171028531775,6.27948332542564));
#4118=CARTESIAN_POINT('',(16.3427440089418,1.1125638637247,6.24438023775759));
#4119=CARTESIAN_POINT('',(16.3622246666441,1.15148098819954,6.23705103311936));
#4120=CARTESIAN_POINT('',(16.3722726432247,1.17155414801193,6.23327068454566));
#4121=CARTESIAN_POINT('',(16.3823206198053,1.19162730782433,6.22949033597196));
#4122=CARTESIAN_POINT('',(16.3923685963859,1.21170046763673,6.22570998739826));
#4123=CARTESIAN_POINT('',(15.05,1.734996,6.374992));
#4124=CARTESIAN_POINT('',(15.050818072012,1.73454738197552,1.77543449347885));
#4125=CARTESIAN_POINT('',(15.05,1.734996,2.1756206876931));
#4126=CARTESIAN_POINT('',(15.1138238297592,1.699996,3.17500800033359));
#4127=CARTESIAN_POINT('',(15.8320295861478,1.30614308380175,1.97356592198105));
#4128=CARTESIAN_POINT('',(37.5865275696636,-10.6236867665185,3.06536882323952));
#4129=CARTESIAN_POINT('',(61.0178015849326,0.885491299180268,2.59485104541315));
#4130=CARTESIAN_POINT('',(15.038770293609,0.88213926323795,2.59315330543625));
#4131=CARTESIAN_POINT('',(15.0466318331639,0.878223065968806,2.59145556545934));
#4132=CARTESIAN_POINT('',(15.2754660122207,0.791052487108898,2.55131836469078));
#4133=CARTESIAN_POINT('',(15.5067515215868,0.698633659500282,2.52728401893831));
#4134=CARTESIAN_POINT('',(15.7294533742221,0.589207561632405,2.52513922357867));
#4135=CARTESIAN_POINT('',(15.8638135901791,0.523188738857119,2.52384522820192));
#4136=CARTESIAN_POINT('',(15.9967096898321,0.449734172365804,2.5303987020379));
#4137=CARTESIAN_POINT('',(16.1172097786919,0.364713236538413,2.55616682328316));
#4138=CARTESIAN_POINT('',(16.194684163366,0.310049835457345,2.57273419146168));
#4139=CARTESIAN_POINT('',(16.267869118011,0.249216304963774,2.59811770089702));
#4140=CARTESIAN_POINT('',(16.3295481059366,0.186806116774217,2.6376843060756));
#4141=CARTESIAN_POINT('',(16.3806031252433,0.135145843638795,2.67043571557878));
#4142=CARTESIAN_POINT('',(16.424576233341,0.0815183099443433,2.71405985175588));
#4143=CARTESIAN_POINT('',(16.459462229402,0.0338491573005993,2.76752640958729));
#4144=CARTESIAN_POINT('',(16.4943979297224,-0.0138879125646864,2.8210691445658));
#4145=CARTESIAN_POINT('',(16.5214790361533,-0.0565902255035587,2.88581659333486));
#4146=CARTESIAN_POINT('',(16.5428188773737,-0.0877566532782091,2.95609760372623));
#4147=CARTESIAN_POINT('',(16.5637715125829,-0.118357574118858,3.02510338299414));
#4148=CARTESIAN_POINT('',(16.5800087047742,-0.138746197940737,3.10118001553417));
#4149=CARTESIAN_POINT('',(16.5934699082722,-0.146413322697545,3.17797349214013));
#4150=CARTESIAN_POINT('',(16.5968648878172,-0.14834700802683,3.19734117217767));
#4151=CARTESIAN_POINT('',(16.6000928656546,-0.149503844415154,3.21683228453047));
#4152=CARTESIAN_POINT('',(16.603169216325,-0.149871409172527,3.23634569063504));
#4153=CARTESIAN_POINT('',(61.0178015849326,0.575,3.25));
#4154=CARTESIAN_POINT('',(16.5999999027893,-0.14999994669114,3.24999999529676));
#4155=CARTESIAN_POINT('',(16.0833333001909,0.133332018174789,3.22500266506317));
#4156=CARTESIAN_POINT('',(15.5666666975926,0.416663983040717,3.20000533482959));
#4157=CARTESIAN_POINT('',(15.0500000949942,0.699995947906646,3.175008004596));
#4158=CARTESIAN_POINT('',(15.0525872495301,0.699996132029448,3.17461041444497));
#4159=CARTESIAN_POINT('',(15.0275597019152,0.886055460507094,2.59405981111061));
#4160=CARTESIAN_POINT('',(15.022900440611,0.823694774087205,2.68143058137636));
#4161=CARTESIAN_POINT('',(15.0219977603277,0.774855070097135,2.78050051417478));
#4162=CARTESIAN_POINT('',(15.0267220454388,0.743528912897661,2.88316778465954));
#4163=CARTESIAN_POINT('',(15.0310553094701,0.714795568690303,2.97733745899541));
#4164=CARTESIAN_POINT('',(15.0402052035516,0.700073947785338,3.07680348020979));
#4165=CARTESIAN_POINT('',(15.0551742248496,0.699996317574792,3.1742110373394));
#4166=CARTESIAN_POINT('',(5256169.77864648,-2882392.11787205,254306.023904681));
#4167=CARTESIAN_POINT('',(15.05,0.699996,5.174992));
#4168=CARTESIAN_POINT('',(32.7597623162603,-9.01176343856252,3.31816742218002));
#4169=CARTESIAN_POINT('',(15.05,0.299996,3.175008));
#4170=CARTESIAN_POINT('',(32.7597623162603,-9.41176343856252,3.31816742218002));
#4171=CARTESIAN_POINT('',(15.05,1.69999600000001,1.775008));
#4172=CARTESIAN_POINT('',(15.05,0.967086411661059,1.775008));
#4173=CARTESIAN_POINT('',(15.05,0.300198175301743,2.44171234704057));
#4174=CARTESIAN_POINT('',(15.05,0.299996053238362,3.17462190750887));
#4175=CARTESIAN_POINT('',(15.05,1.699996,1.775008));
#4176=CARTESIAN_POINT('',(16.5727295718475,0.864954680547037,2.16163022585132));
#4177=CARTESIAN_POINT('',(16.0651530478983,1.14330178703136,2.03275615067874));
#4178=CARTESIAN_POINT('',(15.5575765239492,1.42164889351568,1.90388207550616));
#4179=CARTESIAN_POINT('',(15.05,1.699996,1.77500800033359));
#4180=CARTESIAN_POINT('',(15.4369309867463,0.0965088857279233,3.47869236668586));
#4181=CARTESIAN_POINT('',(15.4387326585422,0.0948695515300834,3.46805570266995));
#4182=CARTESIAN_POINT('',(15.4405343303381,0.0932302173322435,3.45741903865403));
#4183=CARTESIAN_POINT('',(15.4423360021339,0.0915908831344036,3.44678237463811));
#4184=CARTESIAN_POINT('',(15.4516660921396,0.0831014703289307,3.39169962712804));
#4185=CARTESIAN_POINT('',(15.4888255866488,0.0492901900151759,3.172318350803));
#4186=CARTESIAN_POINT('',(15.5469012512538,0.0575115451487309,2.96134144550211));
#4187=CARTESIAN_POINT('',(15.6612187952694,0.124747001835145,2.65631417959608));
#4188=CARTESIAN_POINT('',(15.7305820393933,0.185728675781165,2.51483435266937));
#4189=CARTESIAN_POINT('',(15.8865168622427,0.362105904716819,2.28162403492052));
#4190=CARTESIAN_POINT('',(15.9727697950387,0.477752461504524,2.1916906690611));
#4191=CARTESIAN_POINT('',(16.1432080392192,0.739986794757314,2.08679537782983));
#4192=CARTESIAN_POINT('',(16.2494417655324,0.926171028531782,2.07051667490796));
#4193=CARTESIAN_POINT('',(16.3427440089418,1.11256386372471,2.105619762576));
#4194=CARTESIAN_POINT('',(16.3622246666441,1.15148098819956,2.11294896721423));
#4195=CARTESIAN_POINT('',(16.3722726432247,1.17155414801194,2.11672931578793));
#4196=CARTESIAN_POINT('',(16.3823206198053,1.19162730782433,2.12050966436163));
#4197=CARTESIAN_POINT('',(16.3923685963859,1.21170046763672,2.12429001293533));
#4198=CARTESIAN_POINT('',(20.5639649504945,1.699996,3.17500800033359));
#4199=CARTESIAN_POINT('',(15.825,1.292498,1.97178110457737));
#4200=CARTESIAN_POINT('',(15.1666666666667,1.699996,3.175008));
#4201=CARTESIAN_POINT('',(15.,0.699996,3.175008));
#4202=CARTESIAN_POINT('',(15.,1.699996,3.175008));
#4203=CARTESIAN_POINT('',(15.1666666666667,1.699996,3.175008));
#4204=CARTESIAN_POINT('',(15.,0.299996,3.175008));
#4205=CARTESIAN_POINT('',(15.,1.699996,3.175008));
#4206=CARTESIAN_POINT('',(15.,0.299996,5.174992));
#4207=CARTESIAN_POINT('',(15.,0.299996,3.175008));
#4208=CARTESIAN_POINT('',(15.05,1.734996,5.174992));
#4209=CARTESIAN_POINT('',(15.,0.699996,5.174992));
#4210=CARTESIAN_POINT('',(15.,0.699996,5.174992));
#4211=CARTESIAN_POINT('',(15.1666666666667,1.699996,5.174992));
#4212=CARTESIAN_POINT('',(15.,1.699996,5.174992));
#4213=CARTESIAN_POINT('',(15.1666666666667,1.699996,5.174992));
#4214=CARTESIAN_POINT('',(15.,1.699996,5.174992));
#4215=CARTESIAN_POINT('',(15.,1.749996,6.574992));
#4216=MECHANICAL_DESIGN_GEOMETRIC_PRESENTATION_REPRESENTATION('',(#32),
#4217);
#4217=(
GEOMETRIC_REPRESENTATION_CONTEXT(3)
GLOBAL_UNCERTAINTY_ASSIGNED_CONTEXT((#4218))
GLOBAL_UNIT_ASSIGNED_CONTEXT((#4224,#4220,#4219))
REPRESENTATION_CONTEXT('12147474_3D_STP','TOP_LEVEL_ASSEMBLY_PART')
);
#4218=UNCERTAINTY_MEASURE_WITH_UNIT(LENGTH_MEASURE(0.053675977819936),#4224,
'DISTANCE_ACCURACY_VALUE','Maximum Tolerance applied to model');
#4219=(
NAMED_UNIT(*)
SI_UNIT($,.STERADIAN.)
SOLID_ANGLE_UNIT()
);
#4220=(
CONVERSION_BASED_UNIT('DEGREE',#4222)
NAMED_UNIT(#4221)
PLANE_ANGLE_UNIT()
);
#4221=DIMENSIONAL_EXPONENTS(0.,0.,0.,0.,0.,0.,0.);
#4222=PLANE_ANGLE_MEASURE_WITH_UNIT(PLANE_ANGLE_MEASURE(0.0174532925),#4223);
#4223=(
NAMED_UNIT(*)
PLANE_ANGLE_UNIT()
SI_UNIT($,.RADIAN.)
);
#4224=(
LENGTH_UNIT()
NAMED_UNIT(*)
SI_UNIT(.MILLI.,.METRE.)
);
ENDSEC;
END-ISO-10303-21;
