ISO-10303-21;
HEADER;
/* Generated by software containing ST-Developer
 * from STEP Tools, Inc. (www.steptools.com) 
 */
/* OPTION: using custom schema-name function */

FILE_DESCRIPTION(
/* description */ (''),
/* implementation_level */ '2;1');

FILE_NAME(
/* name */ '12124580.stp',
/* time_stamp */ '2024-02-19T11:42:17-07:00',
/* author */ (''),
/* organization */ (''),
/* preprocessor_version */ 'ST-DEVELOPER v16.7',
/* originating_system */ 'SIEMENS PLM Software NX 1892',
/* authorisation */ '');

FILE_SCHEMA (('AUTOMOTIVE_DESIGN { 1 0 10303 214 3 1 1 1 }'));
ENDSEC;

DATA;
#10=SHAPE_REPRESENTATION_RELATIONSHIP('None',
'relationship between model2-None and model2-None',#22,#11);
#11=ADVANCED_BREP_SHAPE_REPRESENTATION('model2-None',(#32),#2771);
#12=SHAPE_DEFINITION_REPRESENTATION(#13,#22);
#13=PRODUCT_DEFINITION_SHAPE('','',#14);
#14=PRODUCT_DEFINITION(' ','',#16,#15);
#15=PRODUCT_DEFINITION_CONTEXT('part definition',#21,'design');
#16=PRODUCT_DEFINITION_FORMATION_WITH_SPECIFIED_SOURCE(' ',' ',#18,
 .NOT_KNOWN.);
#17=PRODUCT_RELATED_PRODUCT_CATEGORY('part','',(#18));
#18=PRODUCT('model2','model2',' ',(#19));
#19=PRODUCT_CONTEXT(' ',#21,'mechanical');
#20=APPLICATION_PROTOCOL_DEFINITION('international standard',
'automotive_design',2010,#21);
#21=APPLICATION_CONTEXT(
'core data for automotive mechanical design processes');
#22=SHAPE_REPRESENTATION('model2-None',(#1424),#2771);
#23=PRESENTATION_LAYER_ASSIGNMENT('1','Layer 1',(#32));
#24=STYLED_ITEM('',(#25),#32);
#25=PRESENTATION_STYLE_ASSIGNMENT((#26));
#26=SURFACE_STYLE_USAGE(.BOTH.,#27);
#27=SURFACE_SIDE_STYLE('',(#28));
#28=SURFACE_STYLE_FILL_AREA(#29);
#29=FILL_AREA_STYLE('',(#30));
#30=FILL_AREA_STYLE_COLOUR('',#31);
#31=DRAUGHTING_PRE_DEFINED_COLOUR('magenta');
#32=MANIFOLD_SOLID_BREP('',#33);
#33=CLOSED_SHELL('',(#117,#118,#119,#120,#121,#122,#123,#124,#125,#126,
#127,#128,#129,#130,#131,#132,#133,#134,#135,#136,#137,#138,#139,#140,#141,
#142,#143,#144,#145,#146,#147,#148,#149,#150,#151,#152,#153,#154,#155,#156,
#157,#158,#159,#160,#161,#162,#163,#164,#165,#166,#167,#168,#169,#170,#171,
#172,#173,#174,#175,#176,#177,#178,#179,#180,#181,#182,#183,#184,#185,#186,
#187,#188,#189,#190,#191,#192,#193,#194,#195,#196,#197,#198,#199));
#34=B_SPLINE_SURFACE_WITH_KNOTS('',3,1,((#2309,#2310),(#2311,#2312),(#2313,
#2314),(#2315,#2316),(#2317,#2318),(#2319,#2320),(#2321,#2322)),
 .UNSPECIFIED.,.F.,.F.,.F.,(4,3,4),(2,2),(0.,0.0099009900990099,1.),(0.,
1.),.UNSPECIFIED.);
#35=B_SPLINE_SURFACE_WITH_KNOTS('',3,1,((#2325,#2326),(#2327,#2328),(#2329,
#2330),(#2331,#2332),(#2333,#2334),(#2335,#2336),(#2337,#2338)),
 .UNSPECIFIED.,.F.,.F.,.F.,(4,3,4),(2,2),(0.,0.0099009900990099,1.),(0.,
1.),.UNSPECIFIED.);
#36=B_SPLINE_SURFACE_WITH_KNOTS('',3,3,((#2528,#2529,#2530,#2531),(#2532,
#2533,#2534,#2535),(#2536,#2537,#2538,#2539),(#2540,#2541,#2542,#2543)),
 .UNSPECIFIED.,.F.,.F.,.F.,(4,4),(4,4),(0.,1.),(0.,1.),.UNSPECIFIED.);
#37=B_SPLINE_SURFACE_WITH_KNOTS('',3,1,((#2711,#2712),(#2713,#2714),(#2715,
#2716),(#2717,#2718),(#2719,#2720),(#2721,#2722)),.UNSPECIFIED.,.F.,.F.,
 .F.,(4,2,4),(2,2),(0.,0.5,1.),(0.,1.),.UNSPECIFIED.);
#38=B_SPLINE_SURFACE_WITH_KNOTS('',3,1,((#2724,#2725),(#2726,#2727),(#2728,
#2729),(#2730,#2731),(#2732,#2733),(#2734,#2735)),.UNSPECIFIED.,.F.,.F.,
 .F.,(4,2,4),(2,2),(0.,0.5,1.),(0.,1.),.UNSPECIFIED.);
#39=B_SPLINE_SURFACE_WITH_KNOTS('',3,1,((#2748,#2749),(#2750,#2751),(#2752,
#2753),(#2754,#2755),(#2756,#2757),(#2758,#2759)),.UNSPECIFIED.,.F.,.F.,
 .F.,(4,2,4),(2,2),(0.,0.5,1.),(0.,1.),.UNSPECIFIED.);
#40=B_SPLINE_SURFACE_WITH_KNOTS('',3,1,((#2761,#2762),(#2763,#2764),(#2765,
#2766),(#2767,#2768)),.UNSPECIFIED.,.F.,.F.,.F.,(4,4),(2,2),(0.,1.),(0.,
1.),.UNSPECIFIED.);
#41=FACE_BOUND('',#358,.T.);
#42=FACE_BOUND('',#359,.T.);
#43=FACE_BOUND('',#360,.T.);
#44=FACE_BOUND('',#361,.T.);
#45=FACE_BOUND('',#384,.T.);
#46=FACE_BOUND('',#385,.T.);
#47=ELLIPSE('',#1452,5.11580668667683,1.485);
#48=ELLIPSE('',#1453,5.11580668667683,1.485);
#49=ELLIPSE('',#1470,2.4047453710337,2.29927347372718);
#50=ELLIPSE('',#1516,7.49775809920425,2.29927347372718);
#51=ELLIPSE('',#1518,7.49786616864961,2.29927347372718);
#52=ELLIPSE('',#1520,2.40474537103375,2.29927347372718);
#53=CIRCLE('',#1443,1.175);
#54=CIRCLE('',#1444,1.175);
#55=CIRCLE('',#1446,1.485);
#56=CIRCLE('',#1449,1.485);
#57=CIRCLE('',#1455,1.485);
#58=CIRCLE('',#1459,0.7);
#59=CIRCLE('',#1460,0.7);
#60=CIRCLE('',#1461,0.38);
#61=CIRCLE('',#1462,0.38);
#62=CIRCLE('',#1464,0.7);
#63=CIRCLE('',#1467,0.7);
#64=CIRCLE('',#1471,0.38);
#65=CIRCLE('',#1472,0.38);
#66=CIRCLE('',#1478,2.26257917162974);
#67=CIRCLE('',#1479,2.26257917162974);
#68=CIRCLE('',#1482,2.26257917162974);
#69=CIRCLE('',#1483,2.26257917162974);
#70=CIRCLE('',#1486,2.26257917162974);
#71=CIRCLE('',#1487,2.26257917162974);
#72=CIRCLE('',#1490,2.26257917162974);
#73=CIRCLE('',#1491,2.26257917162974);
#74=CIRCLE('',#1494,1.94257917162974);
#75=CIRCLE('',#1495,1.94257917162974);
#76=CIRCLE('',#1496,1.94257917162974);
#77=CIRCLE('',#1497,1.94257917162974);
#78=CIRCLE('',#1499,1.94257917162974);
#79=CIRCLE('',#1500,1.94257917162974);
#80=CIRCLE('',#1501,1.94257917162974);
#81=CIRCLE('',#1502,1.94257917162974);
#82=CIRCLE('',#1522,0.985);
#83=CIRCLE('',#1523,0.985);
#84=CIRCLE('',#1524,0.665);
#85=CIRCLE('',#1525,0.665);
#86=CIRCLE('',#1527,0.665);
#87=CIRCLE('',#1528,0.665);
#88=CIRCLE('',#1529,0.985);
#89=CIRCLE('',#1530,0.985);
#90=CYLINDRICAL_SURFACE('',#1437,5.11155248459263);
#91=CYLINDRICAL_SURFACE('',#1439,4.45823754847664);
#92=CYLINDRICAL_SURFACE('',#1441,5.11155248459263);
#93=CYLINDRICAL_SURFACE('',#1442,4.45823754847664);
#94=CYLINDRICAL_SURFACE('',#1445,1.175);
#95=CYLINDRICAL_SURFACE('',#1456,1.485);
#96=CYLINDRICAL_SURFACE('',#1465,0.7);
#97=CYLINDRICAL_SURFACE('',#1468,0.7);
#98=CYLINDRICAL_SURFACE('',#1474,0.38);
#99=CYLINDRICAL_SURFACE('',#1476,0.38);
#100=CYLINDRICAL_SURFACE('',#1480,2.26257917162974);
#101=CYLINDRICAL_SURFACE('',#1484,2.26257917162974);
#102=CYLINDRICAL_SURFACE('',#1488,2.26257917162974);
#103=CYLINDRICAL_SURFACE('',#1492,2.26257917162974);
#104=CYLINDRICAL_SURFACE('',#1504,1.94257917162974);
#105=CYLINDRICAL_SURFACE('',#1506,1.94257917162974);
#106=CYLINDRICAL_SURFACE('',#1508,1.94257917162974);
#107=CYLINDRICAL_SURFACE('',#1510,1.94257917162974);
#108=CYLINDRICAL_SURFACE('',#1521,2.29927347372718);
#109=CYLINDRICAL_SURFACE('',#1532,0.985);
#110=CYLINDRICAL_SURFACE('',#1534,0.985);
#111=CYLINDRICAL_SURFACE('',#1536,0.665);
#112=CYLINDRICAL_SURFACE('',#1538,0.665);
#113=(
BOUNDED_SURFACE()
B_SPLINE_SURFACE(3,2,((#1962,#1963,#1964),(#1965,#1966,#1967),(#1968,#1969,
#1970),(#1971,#1972,#1973),(#1974,#1975,#1976),(#1977,#1978,#1979),(#1980,
#1981,#1982),(#1983,#1984,#1985),(#1986,#1987,#1988)),.UNSPECIFIED.,.F.,
 .F.,.F.)
B_SPLINE_SURFACE_WITH_KNOTS((4,1,1,1,1,1,4),(3,3),(0.,0.25,0.5,0.5625,0.625,
0.75,1.),(0.,1.),.UNSPECIFIED.)
GEOMETRIC_REPRESENTATION_ITEM()
RATIONAL_B_SPLINE_SURFACE(((1.,0.889329552600403,1.),(1.,0.900754386069707,
1.),(1.,0.91691154046855,1.),(1.,0.934049202600512,1.),(1.,0.948040713749735,
1.),(1.,0.959463775011287,1.),(1.,0.974580785185964,1.),(1.,0.98857822081768,
1.),(1.,1.,1.)))
REPRESENTATION_ITEM('')
SURFACE()
);
#114=(
BOUNDED_SURFACE()
B_SPLINE_SURFACE(3,2,((#2033,#2034,#2035),(#2036,#2037,#2038),(#2039,#2040,
#2041),(#2042,#2043,#2044),(#2045,#2046,#2047),(#2048,#2049,#2050),(#2051,
#2052,#2053),(#2054,#2055,#2056),(#2057,#2058,#2059)),.UNSPECIFIED.,.F.,
 .F.,.F.)
B_SPLINE_SURFACE_WITH_KNOTS((4,1,1,1,1,1,4),(3,3),(0.,0.25,0.5,0.5625,0.625,
0.75,1.),(0.,1.),.UNSPECIFIED.)
GEOMETRIC_REPRESENTATION_ITEM()
RATIONAL_B_SPLINE_SURFACE(((1.,0.889329552600403,1.),(1.,0.900754386069707,
1.),(1.,0.91691154046855,1.),(1.,0.934049202600512,1.),(1.,0.948040713749735,
1.),(1.,0.959463775011287,1.),(1.,0.974580785185964,1.),(1.,0.98857822081768,
1.),(1.,1.,1.)))
REPRESENTATION_ITEM('')
SURFACE()
);
#115=(
BOUNDED_SURFACE()
B_SPLINE_SURFACE(3,2,((#2147,#2148,#2149),(#2150,#2151,#2152),(#2153,#2154,
#2155),(#2156,#2157,#2158),(#2159,#2160,#2161),(#2162,#2163,#2164),(#2165,
#2166,#2167),(#2168,#2169,#2170),(#2171,#2172,#2173)),.UNSPECIFIED.,.F.,
 .F.,.F.)
B_SPLINE_SURFACE_WITH_KNOTS((4,1,1,1,1,1,4),(3,3),(0.,0.25,0.5,0.5625,0.625,
0.75,1.),(0.,1.),.UNSPECIFIED.)
GEOMETRIC_REPRESENTATION_ITEM()
RATIONAL_B_SPLINE_SURFACE(((1.,0.947835837945192,1.),(1.,0.953220896725971,
1.),(1.,0.960836519868459,1.),(1.,0.968914302200578,1.),(1.,0.9755091563114,
1.),(1.,0.980893379767713,1.),(1.,0.988018734250909,1.),(1.,0.994616380847639,
1.),(1.,1.,1.)))
REPRESENTATION_ITEM('')
SURFACE()
);
#116=(
BOUNDED_SURFACE()
B_SPLINE_SURFACE(3,2,((#2178,#2179,#2180),(#2181,#2182,#2183),(#2184,#2185,
#2186),(#2187,#2188,#2189),(#2190,#2191,#2192),(#2193,#2194,#2195),(#2196,
#2197,#2198),(#2199,#2200,#2201),(#2202,#2203,#2204)),.UNSPECIFIED.,.F.,
 .F.,.F.)
B_SPLINE_SURFACE_WITH_KNOTS((4,1,1,1,1,1,4),(3,3),(0.,0.25,0.5,0.5625,0.625,
0.75,1.),(0.,1.),.UNSPECIFIED.)
GEOMETRIC_REPRESENTATION_ITEM()
RATIONAL_B_SPLINE_SURFACE(((1.,0.947835837945192,1.),(1.,0.953220896725971,
1.),(1.,0.960836519868459,1.),(1.,0.968914302200578,1.),(1.,0.9755091563114,
1.),(1.,0.980893379767713,1.),(1.,0.988018734250909,1.),(1.,0.994616380847639,
1.),(1.,1.,1.)))
REPRESENTATION_ITEM('')
SURFACE()
);
#117=ADVANCED_FACE('',(#249),#200,.T.);
#118=ADVANCED_FACE('',(#250),#201,.T.);
#119=ADVANCED_FACE('',(#251),#202,.F.);
#120=ADVANCED_FACE('',(#252),#203,.T.);
#121=ADVANCED_FACE('',(#253),#204,.F.);
#122=ADVANCED_FACE('',(#254),#205,.T.);
#123=ADVANCED_FACE('',(#255),#206,.T.);
#124=ADVANCED_FACE('',(#256),#113,.T.);
#125=ADVANCED_FACE('',(#257),#207,.F.);
#126=ADVANCED_FACE('',(#258),#208,.T.);
#127=ADVANCED_FACE('',(#259),#209,.T.);
#128=ADVANCED_FACE('',(#260),#210,.T.);
#129=ADVANCED_FACE('',(#261),#211,.F.);
#130=ADVANCED_FACE('',(#262),#114,.F.);
#131=ADVANCED_FACE('',(#263),#90,.T.);
#132=ADVANCED_FACE('',(#264),#212,.T.);
#133=ADVANCED_FACE('',(#265),#91,.F.);
#134=ADVANCED_FACE('',(#266),#213,.F.);
#135=ADVANCED_FACE('',(#267),#92,.T.);
#136=ADVANCED_FACE('',(#268),#93,.F.);
#137=ADVANCED_FACE('',(#269),#94,.F.);
#138=ADVANCED_FACE('',(#270),#115,.T.);
#139=ADVANCED_FACE('',(#271),#116,.F.);
#140=ADVANCED_FACE('',(#272),#214,.T.);
#141=ADVANCED_FACE('',(#273),#215,.F.);
#142=ADVANCED_FACE('',(#274),#216,.T.);
#143=ADVANCED_FACE('',(#275),#217,.F.);
#144=ADVANCED_FACE('',(#276),#218,.F.);
#145=ADVANCED_FACE('',(#41,#42,#43,#44),#95,.T.);
#146=ADVANCED_FACE('',(#277),#219,.T.);
#147=ADVANCED_FACE('',(#278),#220,.T.);
#148=ADVANCED_FACE('',(#279),#34,.T.);
#149=ADVANCED_FACE('',(#280),#35,.T.);
#150=ADVANCED_FACE('',(#281),#221,.F.);
#151=ADVANCED_FACE('',(#282),#96,.T.);
#152=ADVANCED_FACE('',(#283),#222,.T.);
#153=ADVANCED_FACE('',(#284),#97,.T.);
#154=ADVANCED_FACE('',(#285),#223,.T.);
#155=ADVANCED_FACE('',(#286),#224,.T.);
#156=ADVANCED_FACE('',(#287),#98,.F.);
#157=ADVANCED_FACE('',(#288),#225,.F.);
#158=ADVANCED_FACE('',(#289),#99,.F.);
#159=ADVANCED_FACE('',(#290),#226,.F.);
#160=ADVANCED_FACE('',(#291),#100,.T.);
#161=ADVANCED_FACE('',(#292),#227,.F.);
#162=ADVANCED_FACE('',(#293),#101,.T.);
#163=ADVANCED_FACE('',(#294),#228,.F.);
#164=ADVANCED_FACE('',(#295),#102,.T.);
#165=ADVANCED_FACE('',(#296),#229,.F.);
#166=ADVANCED_FACE('',(#297),#103,.T.);
#167=ADVANCED_FACE('',(#298),#230,.F.);
#168=ADVANCED_FACE('',(#45,#46),#231,.T.);
#169=ADVANCED_FACE('',(#299),#232,.F.);
#170=ADVANCED_FACE('',(#300),#104,.F.);
#171=ADVANCED_FACE('',(#301),#233,.T.);
#172=ADVANCED_FACE('',(#302),#105,.F.);
#173=ADVANCED_FACE('',(#303),#234,.T.);
#174=ADVANCED_FACE('',(#304),#106,.F.);
#175=ADVANCED_FACE('',(#305),#235,.T.);
#176=ADVANCED_FACE('',(#306),#107,.F.);
#177=ADVANCED_FACE('',(#307),#236,.T.);
#178=ADVANCED_FACE('',(#308),#237,.T.);
#179=ADVANCED_FACE('',(#309),#238,.F.);
#180=ADVANCED_FACE('',(#310),#239,.F.);
#181=ADVANCED_FACE('',(#311),#240,.F.);
#182=ADVANCED_FACE('',(#312),#36,.T.);
#183=ADVANCED_FACE('',(#313),#241,.T.);
#184=ADVANCED_FACE('',(#314),#242,.T.);
#185=ADVANCED_FACE('',(#315),#108,.T.);
#186=ADVANCED_FACE('',(#316),#243,.F.);
#187=ADVANCED_FACE('',(#317),#244,.T.);
#188=ADVANCED_FACE('',(#318),#109,.T.);
#189=ADVANCED_FACE('',(#319),#245,.T.);
#190=ADVANCED_FACE('',(#320),#110,.T.);
#191=ADVANCED_FACE('',(#321),#37,.T.);
#192=ADVANCED_FACE('',(#322),#38,.T.);
#193=ADVANCED_FACE('',(#323),#246,.T.);
#194=ADVANCED_FACE('',(#324),#111,.F.);
#195=ADVANCED_FACE('',(#325),#247,.F.);
#196=ADVANCED_FACE('',(#326),#112,.F.);
#197=ADVANCED_FACE('',(#327),#39,.T.);
#198=ADVANCED_FACE('',(#328),#40,.T.);
#199=ADVANCED_FACE('',(#329),#248,.F.);
#200=PLANE('',#1425);
#201=PLANE('',#1426);
#202=PLANE('',#1427);
#203=PLANE('',#1428);
#204=PLANE('',#1429);
#205=PLANE('',#1430);
#206=PLANE('',#1431);
#207=PLANE('',#1432);
#208=PLANE('',#1433);
#209=PLANE('',#1434);
#210=PLANE('',#1435);
#211=PLANE('',#1436);
#212=PLANE('',#1438);
#213=PLANE('',#1440);
#214=PLANE('',#1447);
#215=PLANE('',#1448);
#216=PLANE('',#1450);
#217=PLANE('',#1451);
#218=PLANE('',#1454);
#219=PLANE('',#1457);
#220=PLANE('',#1458);
#221=PLANE('',#1463);
#222=PLANE('',#1466);
#223=PLANE('',#1469);
#224=PLANE('',#1473);
#225=PLANE('',#1475);
#226=PLANE('',#1477);
#227=PLANE('',#1481);
#228=PLANE('',#1485);
#229=PLANE('',#1489);
#230=PLANE('',#1493);
#231=PLANE('',#1498);
#232=PLANE('',#1503);
#233=PLANE('',#1505);
#234=PLANE('',#1507);
#235=PLANE('',#1509);
#236=PLANE('',#1511);
#237=PLANE('',#1512);
#238=PLANE('',#1513);
#239=PLANE('',#1514);
#240=PLANE('',#1515);
#241=PLANE('',#1517);
#242=PLANE('',#1519);
#243=PLANE('',#1526);
#244=PLANE('',#1531);
#245=PLANE('',#1533);
#246=PLANE('',#1535);
#247=PLANE('',#1537);
#248=PLANE('',#1539);
#249=FACE_OUTER_BOUND('',#330,.T.);
#250=FACE_OUTER_BOUND('',#331,.T.);
#251=FACE_OUTER_BOUND('',#332,.T.);
#252=FACE_OUTER_BOUND('',#333,.T.);
#253=FACE_OUTER_BOUND('',#334,.T.);
#254=FACE_OUTER_BOUND('',#335,.T.);
#255=FACE_OUTER_BOUND('',#336,.T.);
#256=FACE_OUTER_BOUND('',#337,.T.);
#257=FACE_OUTER_BOUND('',#338,.T.);
#258=FACE_OUTER_BOUND('',#339,.T.);
#259=FACE_OUTER_BOUND('',#340,.T.);
#260=FACE_OUTER_BOUND('',#341,.T.);
#261=FACE_OUTER_BOUND('',#342,.T.);
#262=FACE_OUTER_BOUND('',#343,.T.);
#263=FACE_OUTER_BOUND('',#344,.T.);
#264=FACE_OUTER_BOUND('',#345,.T.);
#265=FACE_OUTER_BOUND('',#346,.T.);
#266=FACE_OUTER_BOUND('',#347,.T.);
#267=FACE_OUTER_BOUND('',#348,.T.);
#268=FACE_OUTER_BOUND('',#349,.T.);
#269=FACE_OUTER_BOUND('',#350,.T.);
#270=FACE_OUTER_BOUND('',#351,.T.);
#271=FACE_OUTER_BOUND('',#352,.T.);
#272=FACE_OUTER_BOUND('',#353,.T.);
#273=FACE_OUTER_BOUND('',#354,.T.);
#274=FACE_OUTER_BOUND('',#355,.T.);
#275=FACE_OUTER_BOUND('',#356,.T.);
#276=FACE_OUTER_BOUND('',#357,.T.);
#277=FACE_OUTER_BOUND('',#362,.T.);
#278=FACE_OUTER_BOUND('',#363,.T.);
#279=FACE_OUTER_BOUND('',#364,.T.);
#280=FACE_OUTER_BOUND('',#365,.T.);
#281=FACE_OUTER_BOUND('',#366,.T.);
#282=FACE_OUTER_BOUND('',#367,.T.);
#283=FACE_OUTER_BOUND('',#368,.T.);
#284=FACE_OUTER_BOUND('',#369,.T.);
#285=FACE_OUTER_BOUND('',#370,.T.);
#286=FACE_OUTER_BOUND('',#371,.T.);
#287=FACE_OUTER_BOUND('',#372,.T.);
#288=FACE_OUTER_BOUND('',#373,.T.);
#289=FACE_OUTER_BOUND('',#374,.T.);
#290=FACE_OUTER_BOUND('',#375,.T.);
#291=FACE_OUTER_BOUND('',#376,.T.);
#292=FACE_OUTER_BOUND('',#377,.T.);
#293=FACE_OUTER_BOUND('',#378,.T.);
#294=FACE_OUTER_BOUND('',#379,.T.);
#295=FACE_OUTER_BOUND('',#380,.T.);
#296=FACE_OUTER_BOUND('',#381,.T.);
#297=FACE_OUTER_BOUND('',#382,.T.);
#298=FACE_OUTER_BOUND('',#383,.T.);
#299=FACE_OUTER_BOUND('',#386,.T.);
#300=FACE_OUTER_BOUND('',#387,.T.);
#301=FACE_OUTER_BOUND('',#388,.T.);
#302=FACE_OUTER_BOUND('',#389,.T.);
#303=FACE_OUTER_BOUND('',#390,.T.);
#304=FACE_OUTER_BOUND('',#391,.T.);
#305=FACE_OUTER_BOUND('',#392,.T.);
#306=FACE_OUTER_BOUND('',#393,.T.);
#307=FACE_OUTER_BOUND('',#394,.T.);
#308=FACE_OUTER_BOUND('',#395,.T.);
#309=FACE_OUTER_BOUND('',#396,.T.);
#310=FACE_OUTER_BOUND('',#397,.T.);
#311=FACE_OUTER_BOUND('',#398,.T.);
#312=FACE_OUTER_BOUND('',#399,.T.);
#313=FACE_OUTER_BOUND('',#400,.T.);
#314=FACE_OUTER_BOUND('',#401,.T.);
#315=FACE_OUTER_BOUND('',#402,.T.);
#316=FACE_OUTER_BOUND('',#403,.T.);
#317=FACE_OUTER_BOUND('',#404,.T.);
#318=FACE_OUTER_BOUND('',#405,.T.);
#319=FACE_OUTER_BOUND('',#406,.T.);
#320=FACE_OUTER_BOUND('',#407,.T.);
#321=FACE_OUTER_BOUND('',#408,.T.);
#322=FACE_OUTER_BOUND('',#409,.T.);
#323=FACE_OUTER_BOUND('',#410,.T.);
#324=FACE_OUTER_BOUND('',#411,.T.);
#325=FACE_OUTER_BOUND('',#412,.T.);
#326=FACE_OUTER_BOUND('',#413,.T.);
#327=FACE_OUTER_BOUND('',#414,.T.);
#328=FACE_OUTER_BOUND('',#415,.T.);
#329=FACE_OUTER_BOUND('',#416,.T.);
#330=EDGE_LOOP('',(#465,#466,#467,#468,#469,#470));
#331=EDGE_LOOP('',(#471,#472,#473,#474,#475,#476));
#332=EDGE_LOOP('',(#477,#478,#479,#480));
#333=EDGE_LOOP('',(#481,#482,#483,#484));
#334=EDGE_LOOP('',(#485,#486,#487,#488));
#335=EDGE_LOOP('',(#489,#490,#491,#492));
#336=EDGE_LOOP('',(#493,#494,#495,#496));
#337=EDGE_LOOP('',(#497,#498,#499,#500));
#338=EDGE_LOOP('',(#501,#502,#503,#504));
#339=EDGE_LOOP('',(#505,#506,#507,#508));
#340=EDGE_LOOP('',(#509,#510,#511,#512));
#341=EDGE_LOOP('',(#513,#514,#515,#516));
#342=EDGE_LOOP('',(#517,#518,#519,#520));
#343=EDGE_LOOP('',(#521,#522,#523,#524));
#344=EDGE_LOOP('',(#525,#526,#527,#528));
#345=EDGE_LOOP('',(#529,#530,#531,#532,#533,#534));
#346=EDGE_LOOP('',(#535,#536,#537,#538));
#347=EDGE_LOOP('',(#539,#540,#541,#542,#543,#544));
#348=EDGE_LOOP('',(#545,#546,#547,#548));
#349=EDGE_LOOP('',(#549,#550,#551,#552));
#350=EDGE_LOOP('',(#553,#554,#555,#556));
#351=EDGE_LOOP('',(#557,#558,#559,#560));
#352=EDGE_LOOP('',(#561,#562,#563,#564));
#353=EDGE_LOOP('',(#565,#566,#567,#568));
#354=EDGE_LOOP('',(#569,#570,#571,#572));
#355=EDGE_LOOP('',(#573,#574,#575,#576));
#356=EDGE_LOOP('',(#577,#578,#579,#580));
#357=EDGE_LOOP('',(#581,#582,#583,#584,#585));
#358=EDGE_LOOP('',(#586,#587,#588,#589));
#359=EDGE_LOOP('',(#590,#591,#592,#593));
#360=EDGE_LOOP('',(#594,#595,#596,#597,#598));
#361=EDGE_LOOP('',(#599,#600,#601,#602));
#362=EDGE_LOOP('',(#603,#604,#605,#606,#607,#608));
#363=EDGE_LOOP('',(#609,#610,#611,#612));
#364=EDGE_LOOP('',(#613,#614,#615,#616));
#365=EDGE_LOOP('',(#617,#618,#619,#620));
#366=EDGE_LOOP('',(#621,#622,#623,#624,#625,#626,#627,#628));
#367=EDGE_LOOP('',(#629,#630,#631,#632));
#368=EDGE_LOOP('',(#633,#634,#635,#636));
#369=EDGE_LOOP('',(#637,#638,#639,#640));
#370=EDGE_LOOP('',(#641,#642,#643,#644));
#371=EDGE_LOOP('',(#645,#646,#647,#648,#649,#650,#651,#652));
#372=EDGE_LOOP('',(#653,#654,#655,#656));
#373=EDGE_LOOP('',(#657,#658,#659,#660));
#374=EDGE_LOOP('',(#661,#662,#663,#664));
#375=EDGE_LOOP('',(#665,#666,#667,#668));
#376=EDGE_LOOP('',(#669,#670,#671,#672));
#377=EDGE_LOOP('',(#673,#674,#675,#676));
#378=EDGE_LOOP('',(#677,#678,#679,#680));
#379=EDGE_LOOP('',(#681,#682,#683,#684));
#380=EDGE_LOOP('',(#685,#686,#687,#688));
#381=EDGE_LOOP('',(#689,#690,#691,#692,#693,#694));
#382=EDGE_LOOP('',(#695,#696,#697,#698));
#383=EDGE_LOOP('',(#699,#700,#701,#702));
#384=EDGE_LOOP('',(#703,#704,#705,#706,#707,#708,#709,#710));
#385=EDGE_LOOP('',(#711,#712,#713,#714,#715,#716,#717,#718));
#386=EDGE_LOOP('',(#719,#720,#721,#722,#723,#724,#725,#726,#727,#728,#729,
#730,#731,#732,#733,#734,#735,#736));
#387=EDGE_LOOP('',(#737,#738,#739,#740));
#388=EDGE_LOOP('',(#741,#742,#743,#744));
#389=EDGE_LOOP('',(#745,#746,#747,#748));
#390=EDGE_LOOP('',(#749,#750,#751,#752));
#391=EDGE_LOOP('',(#753,#754,#755,#756));
#392=EDGE_LOOP('',(#757,#758,#759,#760));
#393=EDGE_LOOP('',(#761,#762,#763,#764));
#394=EDGE_LOOP('',(#765,#766,#767,#768));
#395=EDGE_LOOP('',(#769,#770,#771,#772));
#396=EDGE_LOOP('',(#773,#774,#775,#776));
#397=EDGE_LOOP('',(#777,#778,#779,#780));
#398=EDGE_LOOP('',(#781,#782,#783,#784));
#399=EDGE_LOOP('',(#785,#786,#787,#788));
#400=EDGE_LOOP('',(#789,#790,#791,#792));
#401=EDGE_LOOP('',(#793,#794,#795,#796));
#402=EDGE_LOOP('',(#797,#798,#799,#800));
#403=EDGE_LOOP('',(#801,#802,#803,#804,#805,#806,#807,#808,#809,#810,#811,
#812));
#404=EDGE_LOOP('',(#813,#814,#815,#816,#817,#818,#819,#820,#821,#822,#823,
#824));
#405=EDGE_LOOP('',(#825,#826,#827,#828));
#406=EDGE_LOOP('',(#829,#830,#831,#832));
#407=EDGE_LOOP('',(#833,#834,#835,#836));
#408=EDGE_LOOP('',(#837,#838,#839,#840));
#409=EDGE_LOOP('',(#841,#842,#843,#844));
#410=EDGE_LOOP('',(#845,#846,#847,#848));
#411=EDGE_LOOP('',(#849,#850,#851,#852));
#412=EDGE_LOOP('',(#853,#854,#855,#856));
#413=EDGE_LOOP('',(#857,#858,#859,#860));
#414=EDGE_LOOP('',(#861,#862,#863,#864));
#415=EDGE_LOOP('',(#865,#866,#867,#868));
#416=EDGE_LOOP('',(#869,#870,#871,#872));
#417=B_SPLINE_CURVE_WITH_KNOTS('',3,(#1891,#1892,#1893,#1894),
 .UNSPECIFIED.,.F.,.F.,(4,4),(0.,1.),.UNSPECIFIED.);
#418=B_SPLINE_CURVE_WITH_KNOTS('',3,(#1902,#1903,#1904,#1905),
 .UNSPECIFIED.,.F.,.F.,(4,4),(0.,1.),.UNSPECIFIED.);
#419=B_SPLINE_CURVE_WITH_KNOTS('',3,(#1922,#1923,#1924,#1925),
 .UNSPECIFIED.,.F.,.F.,(4,4),(0.,1.),.UNSPECIFIED.);
#420=B_SPLINE_CURVE_WITH_KNOTS('',3,(#1941,#1942,#1943,#1944),
 .UNSPECIFIED.,.F.,.F.,(4,4),(0.,1.),.UNSPECIFIED.);
#421=B_SPLINE_CURVE_WITH_KNOTS('',3,(#1946,#1947,#1948,#1949),
 .UNSPECIFIED.,.F.,.F.,(4,4),(0.,1.),.UNSPECIFIED.);
#422=B_SPLINE_CURVE_WITH_KNOTS('',3,(#1951,#1952,#1953,#1954),
 .UNSPECIFIED.,.F.,.F.,(4,4),(0.,1.),.UNSPECIFIED.);
#423=B_SPLINE_CURVE_WITH_KNOTS('',3,(#1956,#1957,#1958,#1959,#1960,#1961),
 .UNSPECIFIED.,.F.,.F.,(4,2,4),(0.,0.5,1.),.UNSPECIFIED.);
#424=B_SPLINE_CURVE_WITH_KNOTS('',3,(#2005,#2006,#2007,#2008),
 .UNSPECIFIED.,.F.,.F.,(4,4),(0.,1.),.UNSPECIFIED.);
#425=B_SPLINE_CURVE_WITH_KNOTS('',3,(#2012,#2013,#2014,#2015),
 .UNSPECIFIED.,.F.,.F.,(4,4),(0.,1.),.UNSPECIFIED.);
#426=B_SPLINE_CURVE_WITH_KNOTS('',3,(#2017,#2018,#2019,#2020),
 .UNSPECIFIED.,.F.,.F.,(4,4),(0.,1.),.UNSPECIFIED.);
#427=B_SPLINE_CURVE_WITH_KNOTS('',3,(#2022,#2023,#2024,#2025,#2026,#2027),
 .UNSPECIFIED.,.F.,.F.,(4,2,4),(0.,0.5,1.),.UNSPECIFIED.);
#428=B_SPLINE_CURVE_WITH_KNOTS('',3,(#2029,#2030,#2031,#2032),
 .UNSPECIFIED.,.F.,.F.,(4,4),(0.,1.),.UNSPECIFIED.);
#429=B_SPLINE_CURVE_WITH_KNOTS('',3,(#2060,#2061,#2062,#2063,#2064,#2065,
#2066,#2067,#2068,#2069),.UNSPECIFIED.,.F.,.F.,(4,3,3,4),(0.,0.361314356536288,
0.680632502488989,1.),.UNSPECIFIED.);
#430=B_SPLINE_CURVE_WITH_KNOTS('',3,(#2071,#2072,#2073,#2074),
 .UNSPECIFIED.,.F.,.F.,(4,4),(0.,1.),.UNSPECIFIED.);
#431=B_SPLINE_CURVE_WITH_KNOTS('',3,(#2076,#2077,#2078,#2079),
 .UNSPECIFIED.,.F.,.F.,(4,4),(0.,1.),.UNSPECIFIED.);
#432=B_SPLINE_CURVE_WITH_KNOTS('',3,(#2081,#2082,#2083,#2084,#2085,#2086,
#2087,#2088,#2089,#2090),.UNSPECIFIED.,.F.,.F.,(4,3,3,4),(0.,0.360683227425552,
0.679808177590931,1.),.UNSPECIFIED.);
#433=B_SPLINE_CURVE_WITH_KNOTS('',3,(#2092,#2093,#2094,#2095),
 .UNSPECIFIED.,.F.,.F.,(4,4),(0.,1.),.UNSPECIFIED.);
#434=B_SPLINE_CURVE_WITH_KNOTS('',3,(#2097,#2098,#2099,#2100),
 .UNSPECIFIED.,.F.,.F.,(4,4),(0.,1.),.UNSPECIFIED.);
#435=B_SPLINE_CURVE_WITH_KNOTS('',3,(#2102,#2103,#2104,#2105,#2106,#2107,
#2108,#2109,#2110,#2111),.UNSPECIFIED.,.F.,.F.,(4,3,3,4),(0.,0.361314356618701,
0.680632502530295,1.),.UNSPECIFIED.);
#436=B_SPLINE_CURVE_WITH_KNOTS('',3,(#2113,#2114,#2115,#2116),
 .UNSPECIFIED.,.F.,.F.,(4,4),(0.,1.),.UNSPECIFIED.);
#437=B_SPLINE_CURVE_WITH_KNOTS('',3,(#2118,#2119,#2120,#2121),
 .UNSPECIFIED.,.F.,.F.,(4,4),(0.,1.),.UNSPECIFIED.);
#438=B_SPLINE_CURVE_WITH_KNOTS('',3,(#2123,#2124,#2125,#2126,#2127,#2128,
#2129,#2130,#2131,#2132),.UNSPECIFIED.,.F.,.F.,(4,3,3,4),(0.,0.3606832280192,
0.679808177892607,1.),.UNSPECIFIED.);
#439=B_SPLINE_CURVE_WITH_KNOTS('',3,(#2143,#2144,#2145,#2146),
 .UNSPECIFIED.,.F.,.F.,(4,4),(0.,1.),.UNSPECIFIED.);
#440=B_SPLINE_CURVE_WITH_KNOTS('',3,(#2174,#2175,#2176,#2177),
 .UNSPECIFIED.,.F.,.F.,(4,4),(0.,1.),.UNSPECIFIED.);
#441=B_SPLINE_CURVE_WITH_KNOTS('',3,(#2224,#2225,#2226,#2227,#2228,#2229,
#2230),.UNSPECIFIED.,.F.,.F.,(4,3,4),(0.,0.999026241958853,1.),
 .UNSPECIFIED.);
#442=B_SPLINE_CURVE_WITH_KNOTS('',3,(#2234,#2235,#2236,#2237),
 .UNSPECIFIED.,.F.,.F.,(4,4),(0.,1.),.UNSPECIFIED.);
#443=B_SPLINE_CURVE_WITH_KNOTS('',3,(#2244,#2245,#2246,#2247,#2248,#2249),
 .UNSPECIFIED.,.F.,.F.,(4,2,4),(0.,0.5,1.),.UNSPECIFIED.);
#444=B_SPLINE_CURVE_WITH_KNOTS('',3,(#2250,#2251,#2252,#2253,#2254,#2255),
 .UNSPECIFIED.,.F.,.F.,(4,2,4),(0.,0.5,1.),.UNSPECIFIED.);
#445=B_SPLINE_CURVE_WITH_KNOTS('',3,(#2257,#2258,#2259,#2260,#2261,#2262,
#2263,#2264,#2265,#2266),.UNSPECIFIED.,.F.,.F.,(4,3,3,4),(0.,0.250113495246227,
0.62528374265452,1.),.UNSPECIFIED.);
#446=B_SPLINE_CURVE_WITH_KNOTS('',3,(#2270,#2271,#2272,#2273,#2274,#2275,
#2276,#2277,#2278,#2279),.UNSPECIFIED.,.F.,.F.,(4,3,3,4),(0.,0.499839998370922,
0.749919998620542,1.),.UNSPECIFIED.);
#447=B_SPLINE_CURVE_WITH_KNOTS('',3,(#2284,#2285,#2286,#2287,#2288,#2289,
#2290,#2291,#2292,#2293),.UNSPECIFIED.,.F.,.F.,(4,3,3,4),(0.,0.318915613647174,
0.659391445753219,1.),.UNSPECIFIED.);
#448=B_SPLINE_CURVE_WITH_KNOTS('',3,(#2294,#2295,#2296,#2297,#2298,#2299,
#2300,#2301,#2302,#2303),.UNSPECIFIED.,.F.,.F.,(4,3,3,4),(0.,0.318971381221021,
0.659461504257597,1.),.UNSPECIFIED.);
#449=B_SPLINE_CURVE_WITH_KNOTS('',3,(#2305,#2306,#2307,#2308),
 .UNSPECIFIED.,.F.,.F.,(4,4),(0.,1.),.UNSPECIFIED.);
#450=B_SPLINE_CURVE_WITH_KNOTS('',1,(#2323,#2324),.UNSPECIFIED.,.F.,.F.,
(2,2),(0.,1.),.UNSPECIFIED.);
#451=B_SPLINE_CURVE_WITH_KNOTS('',3,(#2373,#2374,#2375,#2376),
 .UNSPECIFIED.,.F.,.F.,(4,4),(0.,1.),.UNSPECIFIED.);
#452=B_SPLINE_CURVE_WITH_KNOTS('',3,(#2508,#2509,#2510,#2511),
 .UNSPECIFIED.,.F.,.F.,(4,4),(0.,1.),.UNSPECIFIED.);
#453=B_SPLINE_CURVE_WITH_KNOTS('',3,(#2513,#2514,#2515,#2516,#2517,#2518,
#2519,#2520,#2521,#2522),.UNSPECIFIED.,.F.,.F.,(4,3,3,4),(0.,0.307914372633376,
0.615828745755272,1.),.UNSPECIFIED.);
#454=B_SPLINE_CURVE_WITH_KNOTS('',3,(#2524,#2525,#2526,#2527),
 .UNSPECIFIED.,.F.,.F.,(4,4),(0.,1.),.UNSPECIFIED.);
#455=B_SPLINE_CURVE_WITH_KNOTS('',3,(#2554,#2555,#2556,#2557,#2558,#2559,
#2560,#2561,#2562,#2563,#2564,#2565,#2566),.UNSPECIFIED.,.F.,.F.,(4,3,3,
3,4),(0.,0.244775012353279,0.489550024706526,0.734325037059845,1.),
 .UNSPECIFIED.);
#456=B_SPLINE_CURVE_WITH_KNOTS('',3,(#2568,#2569,#2570,#2571,#2572,#2573,
#2574,#2575,#2576,#2577,#2578,#2579,#2580,#2581,#2582,#2583),
 .UNSPECIFIED.,.F.,.F.,(4,3,3,3,3,4),(0.,0.154542154912101,0.382832074907897,
0.611121994903627,0.83941191489949,1.),.UNSPECIFIED.);
#457=B_SPLINE_CURVE_WITH_KNOTS('',3,(#2591,#2592,#2593,#2594,#2595,#2596,
#2597,#2598,#2599,#2600,#2601,#2602,#2603,#2604,#2605,#2606),
 .UNSPECIFIED.,.F.,.F.,(4,3,3,3,3,4),(0.,0.228660622590559,0.457587737866491,
0.68403471896034,0.911332265409328,1.),.UNSPECIFIED.);
#458=B_SPLINE_CURVE_WITH_KNOTS('',3,(#2607,#2608,#2609,#2610,#2611,#2612,
#2613,#2614,#2615,#2616,#2617,#2618,#2619),.UNSPECIFIED.,.F.,.F.,(4,3,3,
3,4),(0.,0.245726152390591,0.491877214099075,0.733908253528432,1.),
 .UNSPECIFIED.);
#459=B_SPLINE_CURVE_WITH_KNOTS('',3,(#2627,#2628,#2629,#2630,#2631,#2632,
#2633,#2634,#2635,#2636,#2637,#2638,#2639,#2640,#2641,#2642),
 .UNSPECIFIED.,.F.,.F.,(4,3,3,3,3,4),(0.,0.154101002761384,0.382510042344007,
0.610919081926571,0.839328121509268,1.),.UNSPECIFIED.);
#460=B_SPLINE_CURVE_WITH_KNOTS('',3,(#2644,#2645,#2646,#2647,#2648,#2649,
#2650,#2651,#2652,#2653,#2654,#2655,#2656),.UNSPECIFIED.,.F.,.F.,(4,3,3,
3,4),(0.,0.244775012353269,0.489550024706512,0.734325037059812,1.),
 .UNSPECIFIED.);
#461=B_SPLINE_CURVE_WITH_KNOTS('',3,(#2664,#2665,#2666,#2667,#2668,#2669,
#2670,#2671,#2672,#2673,#2674,#2675,#2676),.UNSPECIFIED.,.F.,.F.,(4,3,3,
3,4),(0.,0.245726152390591,0.491877214099075,0.733908253528431,1.),
 .UNSPECIFIED.);
#462=B_SPLINE_CURVE_WITH_KNOTS('',3,(#2677,#2678,#2679,#2680,#2681,#2682,
#2683,#2684,#2685,#2686,#2687,#2688,#2689,#2690,#2691,#2692),
 .UNSPECIFIED.,.F.,.F.,(4,3,3,3,3,4),(0.,0.228660622590723,0.457587737866819,
0.684034718960829,0.911332265409979,1.),.UNSPECIFIED.);
#463=B_SPLINE_CURVE_WITH_KNOTS('',3,(#2705,#2706,#2707,#2708),
 .UNSPECIFIED.,.F.,.F.,(4,4),(0.,1.),.UNSPECIFIED.);
#464=B_SPLINE_CURVE_WITH_KNOTS('',3,(#2742,#2743,#2744,#2745),
 .UNSPECIFIED.,.F.,.F.,(4,4),(0.,1.),.UNSPECIFIED.);
#465=ORIENTED_EDGE('',*,*,#994,.T.);
#466=ORIENTED_EDGE('',*,*,#995,.T.);
#467=ORIENTED_EDGE('',*,*,#996,.F.);
#468=ORIENTED_EDGE('',*,*,#997,.T.);
#469=ORIENTED_EDGE('',*,*,#998,.T.);
#470=ORIENTED_EDGE('',*,*,#999,.T.);
#471=ORIENTED_EDGE('',*,*,#1000,.T.);
#472=ORIENTED_EDGE('',*,*,#1001,.T.);
#473=ORIENTED_EDGE('',*,*,#1002,.T.);
#474=ORIENTED_EDGE('',*,*,#1003,.F.);
#475=ORIENTED_EDGE('',*,*,#1004,.T.);
#476=ORIENTED_EDGE('',*,*,#1005,.T.);
#477=ORIENTED_EDGE('',*,*,#1006,.F.);
#478=ORIENTED_EDGE('',*,*,#1007,.T.);
#479=ORIENTED_EDGE('',*,*,#997,.F.);
#480=ORIENTED_EDGE('',*,*,#1008,.F.);
#481=ORIENTED_EDGE('',*,*,#998,.F.);
#482=ORIENTED_EDGE('',*,*,#1007,.F.);
#483=ORIENTED_EDGE('',*,*,#1009,.F.);
#484=ORIENTED_EDGE('',*,*,#1010,.F.);
#485=ORIENTED_EDGE('',*,*,#1011,.T.);
#486=ORIENTED_EDGE('',*,*,#999,.F.);
#487=ORIENTED_EDGE('',*,*,#1010,.T.);
#488=ORIENTED_EDGE('',*,*,#1012,.F.);
#489=ORIENTED_EDGE('',*,*,#994,.F.);
#490=ORIENTED_EDGE('',*,*,#1011,.F.);
#491=ORIENTED_EDGE('',*,*,#1013,.F.);
#492=ORIENTED_EDGE('',*,*,#1014,.F.);
#493=ORIENTED_EDGE('',*,*,#995,.F.);
#494=ORIENTED_EDGE('',*,*,#1014,.T.);
#495=ORIENTED_EDGE('',*,*,#1015,.F.);
#496=ORIENTED_EDGE('',*,*,#1016,.F.);
#497=ORIENTED_EDGE('',*,*,#1017,.F.);
#498=ORIENTED_EDGE('',*,*,#996,.T.);
#499=ORIENTED_EDGE('',*,*,#1018,.T.);
#500=ORIENTED_EDGE('',*,*,#1019,.T.);
#501=ORIENTED_EDGE('',*,*,#1020,.T.);
#502=ORIENTED_EDGE('',*,*,#1021,.T.);
#503=ORIENTED_EDGE('',*,*,#1022,.T.);
#504=ORIENTED_EDGE('',*,*,#1003,.T.);
#505=ORIENTED_EDGE('',*,*,#1004,.F.);
#506=ORIENTED_EDGE('',*,*,#1022,.F.);
#507=ORIENTED_EDGE('',*,*,#1023,.F.);
#508=ORIENTED_EDGE('',*,*,#1024,.F.);
#509=ORIENTED_EDGE('',*,*,#1002,.F.);
#510=ORIENTED_EDGE('',*,*,#1025,.F.);
#511=ORIENTED_EDGE('',*,*,#1026,.F.);
#512=ORIENTED_EDGE('',*,*,#1020,.F.);
#513=ORIENTED_EDGE('',*,*,#1005,.F.);
#514=ORIENTED_EDGE('',*,*,#1024,.T.);
#515=ORIENTED_EDGE('',*,*,#1027,.F.);
#516=ORIENTED_EDGE('',*,*,#1028,.F.);
#517=ORIENTED_EDGE('',*,*,#1029,.F.);
#518=ORIENTED_EDGE('',*,*,#1025,.T.);
#519=ORIENTED_EDGE('',*,*,#1001,.F.);
#520=ORIENTED_EDGE('',*,*,#1030,.T.);
#521=ORIENTED_EDGE('',*,*,#1031,.T.);
#522=ORIENTED_EDGE('',*,*,#1032,.T.);
#523=ORIENTED_EDGE('',*,*,#1033,.F.);
#524=ORIENTED_EDGE('',*,*,#1000,.F.);
#525=ORIENTED_EDGE('',*,*,#1034,.F.);
#526=ORIENTED_EDGE('',*,*,#1008,.T.);
#527=ORIENTED_EDGE('',*,*,#1017,.T.);
#528=ORIENTED_EDGE('',*,*,#1035,.T.);
#529=ORIENTED_EDGE('',*,*,#1036,.F.);
#530=ORIENTED_EDGE('',*,*,#1015,.T.);
#531=ORIENTED_EDGE('',*,*,#1013,.T.);
#532=ORIENTED_EDGE('',*,*,#1012,.T.);
#533=ORIENTED_EDGE('',*,*,#1009,.T.);
#534=ORIENTED_EDGE('',*,*,#1006,.T.);
#535=ORIENTED_EDGE('',*,*,#1018,.F.);
#536=ORIENTED_EDGE('',*,*,#1016,.T.);
#537=ORIENTED_EDGE('',*,*,#1037,.F.);
#538=ORIENTED_EDGE('',*,*,#1038,.T.);
#539=ORIENTED_EDGE('',*,*,#1026,.T.);
#540=ORIENTED_EDGE('',*,*,#1029,.T.);
#541=ORIENTED_EDGE('',*,*,#1039,.T.);
#542=ORIENTED_EDGE('',*,*,#1027,.T.);
#543=ORIENTED_EDGE('',*,*,#1023,.T.);
#544=ORIENTED_EDGE('',*,*,#1021,.F.);
#545=ORIENTED_EDGE('',*,*,#1040,.T.);
#546=ORIENTED_EDGE('',*,*,#1041,.T.);
#547=ORIENTED_EDGE('',*,*,#1031,.F.);
#548=ORIENTED_EDGE('',*,*,#1028,.T.);
#549=ORIENTED_EDGE('',*,*,#1033,.T.);
#550=ORIENTED_EDGE('',*,*,#1042,.T.);
#551=ORIENTED_EDGE('',*,*,#1043,.T.);
#552=ORIENTED_EDGE('',*,*,#1030,.F.);
#553=ORIENTED_EDGE('',*,*,#1044,.T.);
#554=ORIENTED_EDGE('',*,*,#1045,.F.);
#555=ORIENTED_EDGE('',*,*,#1046,.F.);
#556=ORIENTED_EDGE('',*,*,#1047,.T.);
#557=ORIENTED_EDGE('',*,*,#1037,.T.);
#558=ORIENTED_EDGE('',*,*,#1036,.T.);
#559=ORIENTED_EDGE('',*,*,#1034,.T.);
#560=ORIENTED_EDGE('',*,*,#1048,.F.);
#561=ORIENTED_EDGE('',*,*,#1043,.F.);
#562=ORIENTED_EDGE('',*,*,#1049,.F.);
#563=ORIENTED_EDGE('',*,*,#1040,.F.);
#564=ORIENTED_EDGE('',*,*,#1039,.F.);
#565=ORIENTED_EDGE('',*,*,#1047,.F.);
#566=ORIENTED_EDGE('',*,*,#1050,.T.);
#567=ORIENTED_EDGE('',*,*,#1051,.T.);
#568=ORIENTED_EDGE('',*,*,#1052,.T.);
#569=ORIENTED_EDGE('',*,*,#1053,.T.);
#570=ORIENTED_EDGE('',*,*,#1054,.T.);
#571=ORIENTED_EDGE('',*,*,#1044,.F.);
#572=ORIENTED_EDGE('',*,*,#1052,.F.);
#573=ORIENTED_EDGE('',*,*,#1055,.T.);
#574=ORIENTED_EDGE('',*,*,#1056,.F.);
#575=ORIENTED_EDGE('',*,*,#1045,.T.);
#576=ORIENTED_EDGE('',*,*,#1054,.F.);
#577=ORIENTED_EDGE('',*,*,#1050,.F.);
#578=ORIENTED_EDGE('',*,*,#1046,.T.);
#579=ORIENTED_EDGE('',*,*,#1056,.T.);
#580=ORIENTED_EDGE('',*,*,#1057,.F.);
#581=ORIENTED_EDGE('',*,*,#1058,.T.);
#582=ORIENTED_EDGE('',*,*,#1059,.F.);
#583=ORIENTED_EDGE('',*,*,#1060,.F.);
#584=ORIENTED_EDGE('',*,*,#1061,.T.);
#585=ORIENTED_EDGE('',*,*,#1062,.T.);
#586=ORIENTED_EDGE('',*,*,#1041,.F.);
#587=ORIENTED_EDGE('',*,*,#1049,.T.);
#588=ORIENTED_EDGE('',*,*,#1042,.F.);
#589=ORIENTED_EDGE('',*,*,#1032,.F.);
#590=ORIENTED_EDGE('',*,*,#1038,.F.);
#591=ORIENTED_EDGE('',*,*,#1048,.T.);
#592=ORIENTED_EDGE('',*,*,#1035,.F.);
#593=ORIENTED_EDGE('',*,*,#1019,.F.);
#594=ORIENTED_EDGE('',*,*,#1063,.F.);
#595=ORIENTED_EDGE('',*,*,#1064,.F.);
#596=ORIENTED_EDGE('',*,*,#1058,.F.);
#597=ORIENTED_EDGE('',*,*,#1062,.F.);
#598=ORIENTED_EDGE('',*,*,#1065,.F.);
#599=ORIENTED_EDGE('',*,*,#1057,.T.);
#600=ORIENTED_EDGE('',*,*,#1055,.F.);
#601=ORIENTED_EDGE('',*,*,#1053,.F.);
#602=ORIENTED_EDGE('',*,*,#1051,.F.);
#603=ORIENTED_EDGE('',*,*,#1066,.F.);
#604=ORIENTED_EDGE('',*,*,#1067,.F.);
#605=ORIENTED_EDGE('',*,*,#1068,.F.);
#606=ORIENTED_EDGE('',*,*,#1064,.T.);
#607=ORIENTED_EDGE('',*,*,#1063,.T.);
#608=ORIENTED_EDGE('',*,*,#1065,.T.);
#609=ORIENTED_EDGE('',*,*,#1069,.F.);
#610=ORIENTED_EDGE('',*,*,#1070,.F.);
#611=ORIENTED_EDGE('',*,*,#1067,.T.);
#612=ORIENTED_EDGE('',*,*,#1071,.F.);
#613=ORIENTED_EDGE('',*,*,#1061,.F.);
#614=ORIENTED_EDGE('',*,*,#1072,.F.);
#615=ORIENTED_EDGE('',*,*,#1071,.T.);
#616=ORIENTED_EDGE('',*,*,#1066,.T.);
#617=ORIENTED_EDGE('',*,*,#1070,.T.);
#618=ORIENTED_EDGE('',*,*,#1073,.T.);
#619=ORIENTED_EDGE('',*,*,#1059,.T.);
#620=ORIENTED_EDGE('',*,*,#1068,.T.);
#621=ORIENTED_EDGE('',*,*,#1074,.F.);
#622=ORIENTED_EDGE('',*,*,#1075,.F.);
#623=ORIENTED_EDGE('',*,*,#1076,.F.);
#624=ORIENTED_EDGE('',*,*,#1077,.F.);
#625=ORIENTED_EDGE('',*,*,#1078,.F.);
#626=ORIENTED_EDGE('',*,*,#1079,.T.);
#627=ORIENTED_EDGE('',*,*,#1080,.T.);
#628=ORIENTED_EDGE('',*,*,#1081,.T.);
#629=ORIENTED_EDGE('',*,*,#1082,.F.);
#630=ORIENTED_EDGE('',*,*,#1083,.F.);
#631=ORIENTED_EDGE('',*,*,#1075,.T.);
#632=ORIENTED_EDGE('',*,*,#1084,.T.);
#633=ORIENTED_EDGE('',*,*,#1085,.F.);
#634=ORIENTED_EDGE('',*,*,#1084,.F.);
#635=ORIENTED_EDGE('',*,*,#1086,.T.);
#636=ORIENTED_EDGE('',*,*,#1087,.T.);
#637=ORIENTED_EDGE('',*,*,#1088,.F.);
#638=ORIENTED_EDGE('',*,*,#1087,.F.);
#639=ORIENTED_EDGE('',*,*,#1077,.T.);
#640=ORIENTED_EDGE('',*,*,#1089,.T.);
#641=ORIENTED_EDGE('',*,*,#1090,.F.);
#642=ORIENTED_EDGE('',*,*,#1089,.F.);
#643=ORIENTED_EDGE('',*,*,#1076,.T.);
#644=ORIENTED_EDGE('',*,*,#1083,.T.);
#645=ORIENTED_EDGE('',*,*,#1091,.F.);
#646=ORIENTED_EDGE('',*,*,#1088,.T.);
#647=ORIENTED_EDGE('',*,*,#1090,.T.);
#648=ORIENTED_EDGE('',*,*,#1082,.T.);
#649=ORIENTED_EDGE('',*,*,#1092,.F.);
#650=ORIENTED_EDGE('',*,*,#1093,.F.);
#651=ORIENTED_EDGE('',*,*,#1094,.F.);
#652=ORIENTED_EDGE('',*,*,#1095,.F.);
#653=ORIENTED_EDGE('',*,*,#1093,.T.);
#654=ORIENTED_EDGE('',*,*,#1096,.F.);
#655=ORIENTED_EDGE('',*,*,#1081,.F.);
#656=ORIENTED_EDGE('',*,*,#1097,.T.);
#657=ORIENTED_EDGE('',*,*,#1098,.T.);
#658=ORIENTED_EDGE('',*,*,#1099,.F.);
#659=ORIENTED_EDGE('',*,*,#1100,.F.);
#660=ORIENTED_EDGE('',*,*,#1096,.T.);
#661=ORIENTED_EDGE('',*,*,#1095,.T.);
#662=ORIENTED_EDGE('',*,*,#1101,.F.);
#663=ORIENTED_EDGE('',*,*,#1079,.F.);
#664=ORIENTED_EDGE('',*,*,#1099,.T.);
#665=ORIENTED_EDGE('',*,*,#1094,.T.);
#666=ORIENTED_EDGE('',*,*,#1097,.F.);
#667=ORIENTED_EDGE('',*,*,#1080,.F.);
#668=ORIENTED_EDGE('',*,*,#1101,.T.);
#669=ORIENTED_EDGE('',*,*,#1102,.T.);
#670=ORIENTED_EDGE('',*,*,#1103,.F.);
#671=ORIENTED_EDGE('',*,*,#1104,.F.);
#672=ORIENTED_EDGE('',*,*,#1105,.T.);
#673=ORIENTED_EDGE('',*,*,#1106,.T.);
#674=ORIENTED_EDGE('',*,*,#1107,.F.);
#675=ORIENTED_EDGE('',*,*,#1108,.F.);
#676=ORIENTED_EDGE('',*,*,#1103,.T.);
#677=ORIENTED_EDGE('',*,*,#1109,.T.);
#678=ORIENTED_EDGE('',*,*,#1110,.F.);
#679=ORIENTED_EDGE('',*,*,#1111,.F.);
#680=ORIENTED_EDGE('',*,*,#1107,.T.);
#681=ORIENTED_EDGE('',*,*,#1112,.T.);
#682=ORIENTED_EDGE('',*,*,#1113,.F.);
#683=ORIENTED_EDGE('',*,*,#1114,.F.);
#684=ORIENTED_EDGE('',*,*,#1110,.T.);
#685=ORIENTED_EDGE('',*,*,#1115,.T.);
#686=ORIENTED_EDGE('',*,*,#1116,.F.);
#687=ORIENTED_EDGE('',*,*,#1117,.F.);
#688=ORIENTED_EDGE('',*,*,#1113,.T.);
#689=ORIENTED_EDGE('',*,*,#1118,.T.);
#690=ORIENTED_EDGE('',*,*,#1119,.T.);
#691=ORIENTED_EDGE('',*,*,#1120,.T.);
#692=ORIENTED_EDGE('',*,*,#1121,.F.);
#693=ORIENTED_EDGE('',*,*,#1122,.F.);
#694=ORIENTED_EDGE('',*,*,#1116,.T.);
#695=ORIENTED_EDGE('',*,*,#1123,.T.);
#696=ORIENTED_EDGE('',*,*,#1124,.F.);
#697=ORIENTED_EDGE('',*,*,#1125,.F.);
#698=ORIENTED_EDGE('',*,*,#1121,.T.);
#699=ORIENTED_EDGE('',*,*,#1126,.T.);
#700=ORIENTED_EDGE('',*,*,#1105,.F.);
#701=ORIENTED_EDGE('',*,*,#1127,.F.);
#702=ORIENTED_EDGE('',*,*,#1124,.T.);
#703=ORIENTED_EDGE('',*,*,#1128,.F.);
#704=ORIENTED_EDGE('',*,*,#1129,.F.);
#705=ORIENTED_EDGE('',*,*,#1130,.F.);
#706=ORIENTED_EDGE('',*,*,#1131,.F.);
#707=ORIENTED_EDGE('',*,*,#1132,.F.);
#708=ORIENTED_EDGE('',*,*,#1133,.F.);
#709=ORIENTED_EDGE('',*,*,#1134,.F.);
#710=ORIENTED_EDGE('',*,*,#1135,.F.);
#711=ORIENTED_EDGE('',*,*,#1104,.T.);
#712=ORIENTED_EDGE('',*,*,#1108,.T.);
#713=ORIENTED_EDGE('',*,*,#1111,.T.);
#714=ORIENTED_EDGE('',*,*,#1114,.T.);
#715=ORIENTED_EDGE('',*,*,#1117,.T.);
#716=ORIENTED_EDGE('',*,*,#1122,.T.);
#717=ORIENTED_EDGE('',*,*,#1125,.T.);
#718=ORIENTED_EDGE('',*,*,#1127,.T.);
#719=ORIENTED_EDGE('',*,*,#1120,.F.);
#720=ORIENTED_EDGE('',*,*,#1136,.T.);
#721=ORIENTED_EDGE('',*,*,#1137,.T.);
#722=ORIENTED_EDGE('',*,*,#1138,.T.);
#723=ORIENTED_EDGE('',*,*,#1139,.T.);
#724=ORIENTED_EDGE('',*,*,#1140,.T.);
#725=ORIENTED_EDGE('',*,*,#1141,.T.);
#726=ORIENTED_EDGE('',*,*,#1142,.T.);
#727=ORIENTED_EDGE('',*,*,#1143,.T.);
#728=ORIENTED_EDGE('',*,*,#1144,.T.);
#729=ORIENTED_EDGE('',*,*,#1118,.F.);
#730=ORIENTED_EDGE('',*,*,#1115,.F.);
#731=ORIENTED_EDGE('',*,*,#1112,.F.);
#732=ORIENTED_EDGE('',*,*,#1109,.F.);
#733=ORIENTED_EDGE('',*,*,#1106,.F.);
#734=ORIENTED_EDGE('',*,*,#1102,.F.);
#735=ORIENTED_EDGE('',*,*,#1126,.F.);
#736=ORIENTED_EDGE('',*,*,#1123,.F.);
#737=ORIENTED_EDGE('',*,*,#1139,.F.);
#738=ORIENTED_EDGE('',*,*,#1145,.F.);
#739=ORIENTED_EDGE('',*,*,#1128,.T.);
#740=ORIENTED_EDGE('',*,*,#1146,.T.);
#741=ORIENTED_EDGE('',*,*,#1140,.F.);
#742=ORIENTED_EDGE('',*,*,#1146,.F.);
#743=ORIENTED_EDGE('',*,*,#1135,.T.);
#744=ORIENTED_EDGE('',*,*,#1147,.T.);
#745=ORIENTED_EDGE('',*,*,#1141,.F.);
#746=ORIENTED_EDGE('',*,*,#1147,.F.);
#747=ORIENTED_EDGE('',*,*,#1134,.T.);
#748=ORIENTED_EDGE('',*,*,#1148,.T.);
#749=ORIENTED_EDGE('',*,*,#1142,.F.);
#750=ORIENTED_EDGE('',*,*,#1148,.F.);
#751=ORIENTED_EDGE('',*,*,#1133,.T.);
#752=ORIENTED_EDGE('',*,*,#1149,.T.);
#753=ORIENTED_EDGE('',*,*,#1143,.F.);
#754=ORIENTED_EDGE('',*,*,#1149,.F.);
#755=ORIENTED_EDGE('',*,*,#1132,.T.);
#756=ORIENTED_EDGE('',*,*,#1150,.T.);
#757=ORIENTED_EDGE('',*,*,#1151,.F.);
#758=ORIENTED_EDGE('',*,*,#1150,.F.);
#759=ORIENTED_EDGE('',*,*,#1131,.T.);
#760=ORIENTED_EDGE('',*,*,#1152,.T.);
#761=ORIENTED_EDGE('',*,*,#1137,.F.);
#762=ORIENTED_EDGE('',*,*,#1152,.F.);
#763=ORIENTED_EDGE('',*,*,#1130,.T.);
#764=ORIENTED_EDGE('',*,*,#1153,.T.);
#765=ORIENTED_EDGE('',*,*,#1138,.F.);
#766=ORIENTED_EDGE('',*,*,#1153,.F.);
#767=ORIENTED_EDGE('',*,*,#1129,.T.);
#768=ORIENTED_EDGE('',*,*,#1145,.T.);
#769=ORIENTED_EDGE('',*,*,#1074,.T.);
#770=ORIENTED_EDGE('',*,*,#1154,.F.);
#771=ORIENTED_EDGE('',*,*,#1136,.F.);
#772=ORIENTED_EDGE('',*,*,#1155,.T.);
#773=ORIENTED_EDGE('',*,*,#1100,.T.);
#774=ORIENTED_EDGE('',*,*,#1156,.F.);
#775=ORIENTED_EDGE('',*,*,#1151,.T.);
#776=ORIENTED_EDGE('',*,*,#1154,.T.);
#777=ORIENTED_EDGE('',*,*,#1078,.T.);
#778=ORIENTED_EDGE('',*,*,#1157,.F.);
#779=ORIENTED_EDGE('',*,*,#1144,.F.);
#780=ORIENTED_EDGE('',*,*,#1156,.T.);
#781=ORIENTED_EDGE('',*,*,#1086,.F.);
#782=ORIENTED_EDGE('',*,*,#1155,.F.);
#783=ORIENTED_EDGE('',*,*,#1119,.F.);
#784=ORIENTED_EDGE('',*,*,#1157,.T.);
#785=ORIENTED_EDGE('',*,*,#1158,.T.);
#786=ORIENTED_EDGE('',*,*,#1091,.T.);
#787=ORIENTED_EDGE('',*,*,#1159,.T.);
#788=ORIENTED_EDGE('',*,*,#1160,.T.);
#789=ORIENTED_EDGE('',*,*,#1161,.F.);
#790=ORIENTED_EDGE('',*,*,#1162,.T.);
#791=ORIENTED_EDGE('',*,*,#1085,.T.);
#792=ORIENTED_EDGE('',*,*,#1158,.F.);
#793=ORIENTED_EDGE('',*,*,#1163,.F.);
#794=ORIENTED_EDGE('',*,*,#1159,.F.);
#795=ORIENTED_EDGE('',*,*,#1098,.F.);
#796=ORIENTED_EDGE('',*,*,#1164,.F.);
#797=ORIENTED_EDGE('',*,*,#1164,.T.);
#798=ORIENTED_EDGE('',*,*,#1092,.T.);
#799=ORIENTED_EDGE('',*,*,#1162,.F.);
#800=ORIENTED_EDGE('',*,*,#1165,.F.);
#801=ORIENTED_EDGE('',*,*,#1166,.F.);
#802=ORIENTED_EDGE('',*,*,#1165,.T.);
#803=ORIENTED_EDGE('',*,*,#1167,.T.);
#804=ORIENTED_EDGE('',*,*,#1168,.T.);
#805=ORIENTED_EDGE('',*,*,#1169,.F.);
#806=ORIENTED_EDGE('',*,*,#1170,.T.);
#807=ORIENTED_EDGE('',*,*,#1171,.T.);
#808=ORIENTED_EDGE('',*,*,#1160,.F.);
#809=ORIENTED_EDGE('',*,*,#1172,.F.);
#810=ORIENTED_EDGE('',*,*,#1173,.F.);
#811=ORIENTED_EDGE('',*,*,#1174,.T.);
#812=ORIENTED_EDGE('',*,*,#1175,.F.);
#813=ORIENTED_EDGE('',*,*,#1176,.F.);
#814=ORIENTED_EDGE('',*,*,#1073,.F.);
#815=ORIENTED_EDGE('',*,*,#1177,.T.);
#816=ORIENTED_EDGE('',*,*,#1178,.T.);
#817=ORIENTED_EDGE('',*,*,#1179,.F.);
#818=ORIENTED_EDGE('',*,*,#1180,.T.);
#819=ORIENTED_EDGE('',*,*,#1181,.T.);
#820=ORIENTED_EDGE('',*,*,#1072,.T.);
#821=ORIENTED_EDGE('',*,*,#1182,.F.);
#822=ORIENTED_EDGE('',*,*,#1183,.F.);
#823=ORIENTED_EDGE('',*,*,#1184,.T.);
#824=ORIENTED_EDGE('',*,*,#1185,.F.);
#825=ORIENTED_EDGE('',*,*,#1186,.F.);
#826=ORIENTED_EDGE('',*,*,#1168,.F.);
#827=ORIENTED_EDGE('',*,*,#1187,.T.);
#828=ORIENTED_EDGE('',*,*,#1185,.T.);
#829=ORIENTED_EDGE('',*,*,#1186,.T.);
#830=ORIENTED_EDGE('',*,*,#1184,.F.);
#831=ORIENTED_EDGE('',*,*,#1188,.T.);
#832=ORIENTED_EDGE('',*,*,#1169,.T.);
#833=ORIENTED_EDGE('',*,*,#1188,.F.);
#834=ORIENTED_EDGE('',*,*,#1183,.T.);
#835=ORIENTED_EDGE('',*,*,#1189,.F.);
#836=ORIENTED_EDGE('',*,*,#1170,.F.);
#837=ORIENTED_EDGE('',*,*,#1190,.F.);
#838=ORIENTED_EDGE('',*,*,#1176,.T.);
#839=ORIENTED_EDGE('',*,*,#1187,.F.);
#840=ORIENTED_EDGE('',*,*,#1167,.F.);
#841=ORIENTED_EDGE('',*,*,#1191,.F.);
#842=ORIENTED_EDGE('',*,*,#1171,.F.);
#843=ORIENTED_EDGE('',*,*,#1189,.T.);
#844=ORIENTED_EDGE('',*,*,#1182,.T.);
#845=ORIENTED_EDGE('',*,*,#1191,.T.);
#846=ORIENTED_EDGE('',*,*,#1060,.T.);
#847=ORIENTED_EDGE('',*,*,#1190,.T.);
#848=ORIENTED_EDGE('',*,*,#1161,.T.);
#849=ORIENTED_EDGE('',*,*,#1192,.T.);
#850=ORIENTED_EDGE('',*,*,#1178,.F.);
#851=ORIENTED_EDGE('',*,*,#1193,.F.);
#852=ORIENTED_EDGE('',*,*,#1175,.T.);
#853=ORIENTED_EDGE('',*,*,#1192,.F.);
#854=ORIENTED_EDGE('',*,*,#1174,.F.);
#855=ORIENTED_EDGE('',*,*,#1194,.F.);
#856=ORIENTED_EDGE('',*,*,#1179,.T.);
#857=ORIENTED_EDGE('',*,*,#1194,.T.);
#858=ORIENTED_EDGE('',*,*,#1173,.T.);
#859=ORIENTED_EDGE('',*,*,#1195,.T.);
#860=ORIENTED_EDGE('',*,*,#1180,.F.);
#861=ORIENTED_EDGE('',*,*,#1196,.T.);
#862=ORIENTED_EDGE('',*,*,#1166,.T.);
#863=ORIENTED_EDGE('',*,*,#1193,.T.);
#864=ORIENTED_EDGE('',*,*,#1177,.F.);
#865=ORIENTED_EDGE('',*,*,#1197,.T.);
#866=ORIENTED_EDGE('',*,*,#1181,.F.);
#867=ORIENTED_EDGE('',*,*,#1195,.F.);
#868=ORIENTED_EDGE('',*,*,#1172,.T.);
#869=ORIENTED_EDGE('',*,*,#1197,.F.);
#870=ORIENTED_EDGE('',*,*,#1163,.T.);
#871=ORIENTED_EDGE('',*,*,#1196,.F.);
#872=ORIENTED_EDGE('',*,*,#1069,.T.);
#873=VERTEX_POINT('',#1887);
#874=VERTEX_POINT('',#1888);
#875=VERTEX_POINT('',#1890);
#876=VERTEX_POINT('',#1895);
#877=VERTEX_POINT('',#1897);
#878=VERTEX_POINT('',#1899);
#879=VERTEX_POINT('',#1906);
#880=VERTEX_POINT('',#1907);
#881=VERTEX_POINT('',#1909);
#882=VERTEX_POINT('',#1911);
#883=VERTEX_POINT('',#1913);
#884=VERTEX_POINT('',#1915);
#885=VERTEX_POINT('',#1919);
#886=VERTEX_POINT('',#1920);
#887=VERTEX_POINT('',#1928);
#888=VERTEX_POINT('',#1932);
#889=VERTEX_POINT('',#1936);
#890=VERTEX_POINT('',#1940);
#891=VERTEX_POINT('',#1950);
#892=VERTEX_POINT('',#1955);
#893=VERTEX_POINT('',#1990);
#894=VERTEX_POINT('',#1992);
#895=VERTEX_POINT('',#1996);
#896=VERTEX_POINT('',#2000);
#897=VERTEX_POINT('',#2004);
#898=VERTEX_POINT('',#2011);
#899=VERTEX_POINT('',#2021);
#900=VERTEX_POINT('',#2028);
#901=VERTEX_POINT('',#2070);
#902=VERTEX_POINT('',#2091);
#903=VERTEX_POINT('',#2112);
#904=VERTEX_POINT('',#2122);
#905=VERTEX_POINT('',#2135);
#906=VERTEX_POINT('',#2136);
#907=VERTEX_POINT('',#2138);
#908=VERTEX_POINT('',#2140);
#909=VERTEX_POINT('',#2206);
#910=VERTEX_POINT('',#2208);
#911=VERTEX_POINT('',#2212);
#912=VERTEX_POINT('',#2216);
#913=VERTEX_POINT('',#2222);
#914=VERTEX_POINT('',#2223);
#915=VERTEX_POINT('',#2231);
#916=VERTEX_POINT('',#2233);
#917=VERTEX_POINT('',#2238);
#918=VERTEX_POINT('',#2242);
#919=VERTEX_POINT('',#2243);
#920=VERTEX_POINT('',#2267);
#921=VERTEX_POINT('',#2269);
#922=VERTEX_POINT('',#2282);
#923=VERTEX_POINT('',#2283);
#924=VERTEX_POINT('',#2340);
#925=VERTEX_POINT('',#2341);
#926=VERTEX_POINT('',#2343);
#927=VERTEX_POINT('',#2345);
#928=VERTEX_POINT('',#2347);
#929=VERTEX_POINT('',#2349);
#930=VERTEX_POINT('',#2351);
#931=VERTEX_POINT('',#2353);
#932=VERTEX_POINT('',#2357);
#933=VERTEX_POINT('',#2358);
#934=VERTEX_POINT('',#2363);
#935=VERTEX_POINT('',#2368);
#936=VERTEX_POINT('',#2377);
#937=VERTEX_POINT('',#2379);
#938=VERTEX_POINT('',#2381);
#939=VERTEX_POINT('',#2383);
#940=VERTEX_POINT('',#2397);
#941=VERTEX_POINT('',#2398);
#942=VERTEX_POINT('',#2400);
#943=VERTEX_POINT('',#2402);
#944=VERTEX_POINT('',#2406);
#945=VERTEX_POINT('',#2408);
#946=VERTEX_POINT('',#2412);
#947=VERTEX_POINT('',#2414);
#948=VERTEX_POINT('',#2418);
#949=VERTEX_POINT('',#2420);
#950=VERTEX_POINT('',#2424);
#951=VERTEX_POINT('',#2426);
#952=VERTEX_POINT('',#2430);
#953=VERTEX_POINT('',#2432);
#954=VERTEX_POINT('',#2434);
#955=VERTEX_POINT('',#2436);
#956=VERTEX_POINT('',#2440);
#957=VERTEX_POINT('',#2442);
#958=VERTEX_POINT('',#2449);
#959=VERTEX_POINT('',#2450);
#960=VERTEX_POINT('',#2452);
#961=VERTEX_POINT('',#2454);
#962=VERTEX_POINT('',#2456);
#963=VERTEX_POINT('',#2458);
#964=VERTEX_POINT('',#2460);
#965=VERTEX_POINT('',#2462);
#966=VERTEX_POINT('',#2466);
#967=VERTEX_POINT('',#2468);
#968=VERTEX_POINT('',#2470);
#969=VERTEX_POINT('',#2472);
#970=VERTEX_POINT('',#2474);
#971=VERTEX_POINT('',#2476);
#972=VERTEX_POINT('',#2478);
#973=VERTEX_POINT('',#2480);
#974=VERTEX_POINT('',#2512);
#975=VERTEX_POINT('',#2523);
#976=VERTEX_POINT('',#2545);
#977=VERTEX_POINT('',#2549);
#978=VERTEX_POINT('',#2567);
#979=VERTEX_POINT('',#2584);
#980=VERTEX_POINT('',#2586);
#981=VERTEX_POINT('',#2588);
#982=VERTEX_POINT('',#2590);
#983=VERTEX_POINT('',#2620);
#984=VERTEX_POINT('',#2622);
#985=VERTEX_POINT('',#2624);
#986=VERTEX_POINT('',#2643);
#987=VERTEX_POINT('',#2657);
#988=VERTEX_POINT('',#2659);
#989=VERTEX_POINT('',#2661);
#990=VERTEX_POINT('',#2663);
#991=VERTEX_POINT('',#2693);
#992=VERTEX_POINT('',#2695);
#993=VERTEX_POINT('',#2697);
#994=EDGE_CURVE('',#873,#874,#1198,.T.);
#995=EDGE_CURVE('',#874,#875,#1199,.T.);
#996=EDGE_CURVE('',#876,#875,#417,.T.);
#997=EDGE_CURVE('',#876,#877,#1200,.T.);
#998=EDGE_CURVE('',#877,#878,#1201,.T.);
#999=EDGE_CURVE('',#878,#873,#1202,.T.);
#1000=EDGE_CURVE('',#879,#880,#418,.T.);
#1001=EDGE_CURVE('',#880,#881,#1203,.T.);
#1002=EDGE_CURVE('',#881,#882,#1204,.T.);
#1003=EDGE_CURVE('',#883,#882,#1205,.T.);
#1004=EDGE_CURVE('',#883,#884,#1206,.T.);
#1005=EDGE_CURVE('',#884,#879,#1207,.T.);
#1006=EDGE_CURVE('',#885,#886,#1208,.T.);
#1007=EDGE_CURVE('',#885,#877,#1209,.T.);
#1008=EDGE_CURVE('',#886,#876,#419,.T.);
#1009=EDGE_CURVE('',#887,#885,#1210,.T.);
#1010=EDGE_CURVE('',#878,#887,#1211,.T.);
#1011=EDGE_CURVE('',#888,#873,#1212,.T.);
#1012=EDGE_CURVE('',#888,#887,#1213,.T.);
#1013=EDGE_CURVE('',#889,#888,#1214,.T.);
#1014=EDGE_CURVE('',#874,#889,#1215,.T.);
#1015=EDGE_CURVE('',#890,#889,#1216,.T.);
#1016=EDGE_CURVE('',#875,#890,#420,.T.);
#1017=EDGE_CURVE('',#876,#891,#421,.T.);
#1018=EDGE_CURVE('',#875,#892,#422,.T.);
#1019=EDGE_CURVE('',#892,#891,#423,.T.);
#1020=EDGE_CURVE('',#882,#893,#1217,.T.);
#1021=EDGE_CURVE('',#893,#894,#1218,.T.);
#1022=EDGE_CURVE('',#894,#883,#1219,.T.);
#1023=EDGE_CURVE('',#895,#894,#1220,.T.);
#1024=EDGE_CURVE('',#884,#895,#1221,.T.);
#1025=EDGE_CURVE('',#896,#881,#1222,.T.);
#1026=EDGE_CURVE('',#893,#896,#1223,.T.);
#1027=EDGE_CURVE('',#897,#895,#1224,.T.);
#1028=EDGE_CURVE('',#879,#897,#424,.T.);
#1029=EDGE_CURVE('',#896,#898,#1225,.T.);
#1030=EDGE_CURVE('',#880,#898,#425,.T.);
#1031=EDGE_CURVE('',#879,#899,#426,.T.);
#1032=EDGE_CURVE('',#899,#900,#427,.T.);
#1033=EDGE_CURVE('',#880,#900,#428,.T.);
#1034=EDGE_CURVE('',#886,#901,#429,.T.);
#1035=EDGE_CURVE('',#891,#901,#430,.T.);
#1036=EDGE_CURVE('',#890,#886,#431,.T.);
#1037=EDGE_CURVE('',#902,#890,#432,.T.);
#1038=EDGE_CURVE('',#902,#892,#433,.T.);
#1039=EDGE_CURVE('',#898,#897,#434,.T.);
#1040=EDGE_CURVE('',#897,#903,#435,.T.);
#1041=EDGE_CURVE('',#903,#899,#436,.T.);
#1042=EDGE_CURVE('',#900,#904,#437,.T.);
#1043=EDGE_CURVE('',#904,#898,#438,.T.);
#1044=EDGE_CURVE('',#905,#906,#1226,.T.);
#1045=EDGE_CURVE('',#907,#906,#53,.T.);
#1046=EDGE_CURVE('',#908,#907,#1227,.T.);
#1047=EDGE_CURVE('',#908,#905,#54,.T.);
#1048=EDGE_CURVE('',#902,#901,#439,.T.);
#1049=EDGE_CURVE('',#903,#904,#440,.T.);
#1050=EDGE_CURVE('',#908,#909,#1228,.T.);
#1051=EDGE_CURVE('',#909,#910,#55,.T.);
#1052=EDGE_CURVE('',#910,#905,#1229,.T.);
#1053=EDGE_CURVE('',#910,#911,#1230,.T.);
#1054=EDGE_CURVE('',#911,#906,#1231,.T.);
#1055=EDGE_CURVE('',#911,#912,#56,.T.);
#1056=EDGE_CURVE('',#907,#912,#1232,.T.);
#1057=EDGE_CURVE('',#909,#912,#1233,.T.);
#1058=EDGE_CURVE('',#913,#914,#47,.T.);
#1059=EDGE_CURVE('',#915,#914,#441,.T.);
#1060=EDGE_CURVE('',#916,#915,#1234,.T.);
#1061=EDGE_CURVE('',#916,#917,#442,.T.);
#1062=EDGE_CURVE('',#917,#913,#48,.T.);
#1063=EDGE_CURVE('',#918,#919,#57,.T.);
#1064=EDGE_CURVE('',#914,#918,#443,.T.);
#1065=EDGE_CURVE('',#919,#917,#444,.T.);
#1066=EDGE_CURVE('',#920,#917,#445,.T.);
#1067=EDGE_CURVE('',#921,#920,#1235,.T.);
#1068=EDGE_CURVE('',#914,#921,#446,.T.);
#1069=EDGE_CURVE('',#922,#923,#1236,.T.);
#1070=EDGE_CURVE('',#921,#922,#447,.T.);
#1071=EDGE_CURVE('',#923,#920,#448,.T.);
#1072=EDGE_CURVE('',#923,#916,#449,.T.);
#1073=EDGE_CURVE('',#922,#915,#450,.T.);
#1074=EDGE_CURVE('',#924,#925,#1237,.T.);
#1075=EDGE_CURVE('',#926,#924,#58,.T.);
#1076=EDGE_CURVE('',#927,#926,#1238,.T.);
#1077=EDGE_CURVE('',#928,#927,#59,.T.);
#1078=EDGE_CURVE('',#929,#928,#1239,.T.);
#1079=EDGE_CURVE('',#929,#930,#60,.T.);
#1080=EDGE_CURVE('',#930,#931,#1240,.T.);
#1081=EDGE_CURVE('',#931,#925,#61,.T.);
#1082=EDGE_CURVE('',#932,#933,#62,.T.);
#1083=EDGE_CURVE('',#926,#932,#1241,.T.);
#1084=EDGE_CURVE('',#924,#933,#1242,.T.);
#1085=EDGE_CURVE('',#933,#934,#1243,.T.);
#1086=EDGE_CURVE('',#924,#928,#1244,.T.);
#1087=EDGE_CURVE('',#928,#934,#1245,.T.);
#1088=EDGE_CURVE('',#934,#935,#63,.T.);
#1089=EDGE_CURVE('',#927,#935,#1246,.T.);
#1090=EDGE_CURVE('',#935,#932,#1247,.T.);
#1091=EDGE_CURVE('',#934,#936,#451,.T.);
#1092=EDGE_CURVE('',#937,#933,#49,.T.);
#1093=EDGE_CURVE('',#938,#937,#64,.T.);
#1094=EDGE_CURVE('',#939,#938,#1248,.T.);
#1095=EDGE_CURVE('',#936,#939,#65,.T.);
#1096=EDGE_CURVE('',#925,#937,#1249,.T.);
#1097=EDGE_CURVE('',#931,#938,#1250,.T.);
#1098=EDGE_CURVE('',#937,#936,#1251,.T.);
#1099=EDGE_CURVE('',#929,#936,#1252,.T.);
#1100=EDGE_CURVE('',#925,#929,#1253,.T.);
#1101=EDGE_CURVE('',#930,#939,#1254,.T.);
#1102=EDGE_CURVE('',#940,#941,#66,.T.);
#1103=EDGE_CURVE('',#942,#941,#1255,.T.);
#1104=EDGE_CURVE('',#943,#942,#67,.T.);
#1105=EDGE_CURVE('',#943,#940,#1256,.T.);
#1106=EDGE_CURVE('',#941,#944,#1257,.T.);
#1107=EDGE_CURVE('',#945,#944,#1258,.T.);
#1108=EDGE_CURVE('',#942,#945,#1259,.T.);
#1109=EDGE_CURVE('',#944,#946,#68,.T.);
#1110=EDGE_CURVE('',#947,#946,#1260,.T.);
#1111=EDGE_CURVE('',#945,#947,#69,.T.);
#1112=EDGE_CURVE('',#946,#948,#1261,.T.);
#1113=EDGE_CURVE('',#949,#948,#1262,.T.);
#1114=EDGE_CURVE('',#947,#949,#1263,.T.);
#1115=EDGE_CURVE('',#948,#950,#70,.T.);
#1116=EDGE_CURVE('',#951,#950,#1264,.T.);
#1117=EDGE_CURVE('',#949,#951,#71,.T.);
#1118=EDGE_CURVE('',#950,#952,#1265,.T.);
#1119=EDGE_CURVE('',#952,#953,#1266,.T.);
#1120=EDGE_CURVE('',#953,#954,#1267,.T.);
#1121=EDGE_CURVE('',#955,#954,#1268,.T.);
#1122=EDGE_CURVE('',#951,#955,#1269,.T.);
#1123=EDGE_CURVE('',#954,#956,#72,.T.);
#1124=EDGE_CURVE('',#957,#956,#1270,.T.);
#1125=EDGE_CURVE('',#955,#957,#73,.T.);
#1126=EDGE_CURVE('',#956,#940,#1271,.T.);
#1127=EDGE_CURVE('',#957,#943,#1272,.T.);
#1128=EDGE_CURVE('',#958,#959,#74,.T.);
#1129=EDGE_CURVE('',#960,#958,#1273,.T.);
#1130=EDGE_CURVE('',#961,#960,#75,.T.);
#1131=EDGE_CURVE('',#962,#961,#1274,.T.);
#1132=EDGE_CURVE('',#963,#962,#76,.T.);
#1133=EDGE_CURVE('',#964,#963,#1275,.T.);
#1134=EDGE_CURVE('',#965,#964,#77,.T.);
#1135=EDGE_CURVE('',#959,#965,#1276,.T.);
#1136=EDGE_CURVE('',#953,#966,#1277,.T.);
#1137=EDGE_CURVE('',#966,#967,#78,.T.);
#1138=EDGE_CURVE('',#967,#968,#1278,.T.);
#1139=EDGE_CURVE('',#968,#969,#79,.T.);
#1140=EDGE_CURVE('',#969,#970,#1279,.T.);
#1141=EDGE_CURVE('',#970,#971,#80,.T.);
#1142=EDGE_CURVE('',#971,#972,#1280,.T.);
#1143=EDGE_CURVE('',#972,#973,#81,.T.);
#1144=EDGE_CURVE('',#973,#952,#1281,.T.);
#1145=EDGE_CURVE('',#958,#968,#1282,.T.);
#1146=EDGE_CURVE('',#959,#969,#1283,.T.);
#1147=EDGE_CURVE('',#965,#970,#1284,.T.);
#1148=EDGE_CURVE('',#964,#971,#1285,.T.);
#1149=EDGE_CURVE('',#963,#972,#1286,.T.);
#1150=EDGE_CURVE('',#962,#973,#1287,.T.);
#1151=EDGE_CURVE('',#973,#966,#1288,.T.);
#1152=EDGE_CURVE('',#961,#966,#1289,.T.);
#1153=EDGE_CURVE('',#960,#967,#1290,.T.);
#1154=EDGE_CURVE('',#966,#925,#1291,.T.);
#1155=EDGE_CURVE('',#953,#924,#1292,.T.);
#1156=EDGE_CURVE('',#973,#929,#1293,.T.);
#1157=EDGE_CURVE('',#952,#928,#1294,.T.);
#1158=EDGE_CURVE('',#974,#934,#452,.T.);
#1159=EDGE_CURVE('',#936,#975,#453,.T.);
#1160=EDGE_CURVE('',#975,#974,#454,.T.);
#1161=EDGE_CURVE('',#976,#974,#1295,.T.);
#1162=EDGE_CURVE('',#976,#933,#50,.T.);
#1163=EDGE_CURVE('',#975,#977,#1296,.T.);
#1164=EDGE_CURVE('',#977,#937,#51,.T.);
#1165=EDGE_CURVE('',#977,#976,#52,.T.);
#1166=EDGE_CURVE('',#977,#978,#455,.T.);
#1167=EDGE_CURVE('',#976,#979,#456,.T.);
#1168=EDGE_CURVE('',#979,#980,#82,.T.);
#1169=EDGE_CURVE('',#981,#980,#1297,.T.);
#1170=EDGE_CURVE('',#981,#982,#83,.T.);
#1171=EDGE_CURVE('',#982,#974,#457,.T.);
#1172=EDGE_CURVE('',#983,#975,#458,.T.);
#1173=EDGE_CURVE('',#984,#983,#84,.T.);
#1174=EDGE_CURVE('',#984,#985,#1298,.T.);
#1175=EDGE_CURVE('',#978,#985,#85,.T.);
#1176=EDGE_CURVE('',#915,#986,#459,.T.);
#1177=EDGE_CURVE('',#922,#987,#460,.T.);
#1178=EDGE_CURVE('',#987,#988,#86,.T.);
#1179=EDGE_CURVE('',#989,#988,#1299,.T.);
#1180=EDGE_CURVE('',#989,#990,#87,.T.);
#1181=EDGE_CURVE('',#990,#923,#461,.T.);
#1182=EDGE_CURVE('',#991,#916,#462,.T.);
#1183=EDGE_CURVE('',#992,#991,#88,.T.);
#1184=EDGE_CURVE('',#992,#993,#1300,.T.);
#1185=EDGE_CURVE('',#986,#993,#89,.T.);
#1186=EDGE_CURVE('',#980,#993,#1301,.T.);
#1187=EDGE_CURVE('',#979,#986,#1302,.T.);
#1188=EDGE_CURVE('',#992,#981,#1303,.T.);
#1189=EDGE_CURVE('',#982,#991,#463,.T.);
#1190=EDGE_CURVE('',#915,#976,#1304,.T.);
#1191=EDGE_CURVE('',#974,#916,#1305,.T.);
#1192=EDGE_CURVE('',#985,#988,#1306,.T.);
#1193=EDGE_CURVE('',#978,#987,#1307,.T.);
#1194=EDGE_CURVE('',#989,#984,#1308,.T.);
#1195=EDGE_CURVE('',#983,#990,#464,.T.);
#1196=EDGE_CURVE('',#922,#977,#1309,.T.);
#1197=EDGE_CURVE('',#975,#923,#1310,.T.);
#1198=LINE('',#1886,#1311);
#1199=LINE('',#1889,#1312);
#1200=LINE('',#1896,#1313);
#1201=LINE('',#1898,#1314);
#1202=LINE('',#1900,#1315);
#1203=LINE('',#1908,#1316);
#1204=LINE('',#1910,#1317);
#1205=LINE('',#1912,#1318);
#1206=LINE('',#1914,#1319);
#1207=LINE('',#1916,#1320);
#1208=LINE('',#1918,#1321);
#1209=LINE('',#1921,#1322);
#1210=LINE('',#1927,#1323);
#1211=LINE('',#1929,#1324);
#1212=LINE('',#1931,#1325);
#1213=LINE('',#1933,#1326);
#1214=LINE('',#1935,#1327);
#1215=LINE('',#1937,#1328);
#1216=LINE('',#1939,#1329);
#1217=LINE('',#1989,#1330);
#1218=LINE('',#1991,#1331);
#1219=LINE('',#1993,#1332);
#1220=LINE('',#1995,#1333);
#1221=LINE('',#1997,#1334);
#1222=LINE('',#1999,#1335);
#1223=LINE('',#2001,#1336);
#1224=LINE('',#2003,#1337);
#1225=LINE('',#2010,#1338);
#1226=LINE('',#2134,#1339);
#1227=LINE('',#2139,#1340);
#1228=LINE('',#2205,#1341);
#1229=LINE('',#2209,#1342);
#1230=LINE('',#2211,#1343);
#1231=LINE('',#2213,#1344);
#1232=LINE('',#2217,#1345);
#1233=LINE('',#2219,#1346);
#1234=LINE('',#2232,#1347);
#1235=LINE('',#2268,#1348);
#1236=LINE('',#2281,#1349);
#1237=LINE('',#2339,#1350);
#1238=LINE('',#2344,#1351);
#1239=LINE('',#2348,#1352);
#1240=LINE('',#2352,#1353);
#1241=LINE('',#2359,#1354);
#1242=LINE('',#2360,#1355);
#1243=LINE('',#2362,#1356);
#1244=LINE('',#2364,#1357);
#1245=LINE('',#2365,#1358);
#1246=LINE('',#2369,#1359);
#1247=LINE('',#2371,#1360);
#1248=LINE('',#2382,#1361);
#1249=LINE('',#2386,#1362);
#1250=LINE('',#2387,#1363);
#1251=LINE('',#2389,#1364);
#1252=LINE('',#2390,#1365);
#1253=LINE('',#2391,#1366);
#1254=LINE('',#2393,#1367);
#1255=LINE('',#2399,#1368);
#1256=LINE('',#2403,#1369);
#1257=LINE('',#2405,#1370);
#1258=LINE('',#2407,#1371);
#1259=LINE('',#2409,#1372);
#1260=LINE('',#2413,#1373);
#1261=LINE('',#2417,#1374);
#1262=LINE('',#2419,#1375);
#1263=LINE('',#2421,#1376);
#1264=LINE('',#2425,#1377);
#1265=LINE('',#2429,#1378);
#1266=LINE('',#2431,#1379);
#1267=LINE('',#2433,#1380);
#1268=LINE('',#2435,#1381);
#1269=LINE('',#2437,#1382);
#1270=LINE('',#2441,#1383);
#1271=LINE('',#2445,#1384);
#1272=LINE('',#2446,#1385);
#1273=LINE('',#2451,#1386);
#1274=LINE('',#2455,#1387);
#1275=LINE('',#2459,#1388);
#1276=LINE('',#2463,#1389);
#1277=LINE('',#2465,#1390);
#1278=LINE('',#2469,#1391);
#1279=LINE('',#2473,#1392);
#1280=LINE('',#2477,#1393);
#1281=LINE('',#2481,#1394);
#1282=LINE('',#2483,#1395);
#1283=LINE('',#2484,#1396);
#1284=LINE('',#2486,#1397);
#1285=LINE('',#2488,#1398);
#1286=LINE('',#2490,#1399);
#1287=LINE('',#2492,#1400);
#1288=LINE('',#2494,#1401);
#1289=LINE('',#2495,#1402);
#1290=LINE('',#2497,#1403);
#1291=LINE('',#2500,#1404);
#1292=LINE('',#2501,#1405);
#1293=LINE('',#2503,#1406);
#1294=LINE('',#2505,#1407);
#1295=LINE('',#2544,#1408);
#1296=LINE('',#2548,#1409);
#1297=LINE('',#2587,#1410);
#1298=LINE('',#2623,#1411);
#1299=LINE('',#2660,#1412);
#1300=LINE('',#2696,#1413);
#1301=LINE('',#2700,#1414);
#1302=LINE('',#2701,#1415);
#1303=LINE('',#2703,#1416);
#1304=LINE('',#2710,#1417);
#1305=LINE('',#2723,#1418);
#1306=LINE('',#2737,#1419);
#1307=LINE('',#2738,#1420);
#1308=LINE('',#2740,#1421);
#1309=LINE('',#2747,#1422);
#1310=LINE('',#2760,#1423);
#1311=VECTOR('',#1542,1.);
#1312=VECTOR('',#1543,1.);
#1313=VECTOR('',#1544,1.);
#1314=VECTOR('',#1545,1.);
#1315=VECTOR('',#1546,1.);
#1316=VECTOR('',#1549,1.);
#1317=VECTOR('',#1550,1.);
#1318=VECTOR('',#1551,1.);
#1319=VECTOR('',#1552,1.);
#1320=VECTOR('',#1553,1.);
#1321=VECTOR('',#1556,1.);
#1322=VECTOR('',#1557,1.);
#1323=VECTOR('',#1560,1.);
#1324=VECTOR('',#1561,1.);
#1325=VECTOR('',#1564,1.);
#1326=VECTOR('',#1565,1.);
#1327=VECTOR('',#1568,1.);
#1328=VECTOR('',#1569,1.);
#1329=VECTOR('',#1572,1.);
#1330=VECTOR('',#1575,1.);
#1331=VECTOR('',#1576,1.);
#1332=VECTOR('',#1577,1.);
#1333=VECTOR('',#1580,1.);
#1334=VECTOR('',#1581,1.);
#1335=VECTOR('',#1584,1.);
#1336=VECTOR('',#1585,1.);
#1337=VECTOR('',#1588,1.);
#1338=VECTOR('',#1591,1.);
#1339=VECTOR('',#1606,1.);
#1340=VECTOR('',#1609,1.);
#1341=VECTOR('',#1614,1.);
#1342=VECTOR('',#1617,1.);
#1343=VECTOR('',#1620,1.);
#1344=VECTOR('',#1621,1.);
#1345=VECTOR('',#1626,1.);
#1346=VECTOR('',#1629,1.);
#1347=VECTOR('',#1634,1.);
#1348=VECTOR('',#1643,1.);
#1349=VECTOR('',#1646,1.);
#1350=VECTOR('',#1649,1.);
#1351=VECTOR('',#1652,1.);
#1352=VECTOR('',#1655,1.);
#1353=VECTOR('',#1658,1.);
#1354=VECTOR('',#1665,1.);
#1355=VECTOR('',#1666,1.);
#1356=VECTOR('',#1669,1.);
#1357=VECTOR('',#1670,1.);
#1358=VECTOR('',#1671,1.);
#1359=VECTOR('',#1676,1.);
#1360=VECTOR('',#1679,1.);
#1361=VECTOR('',#1686,1.);
#1362=VECTOR('',#1691,1.);
#1363=VECTOR('',#1692,1.);
#1364=VECTOR('',#1695,1.);
#1365=VECTOR('',#1696,1.);
#1366=VECTOR('',#1697,1.);
#1367=VECTOR('',#1700,1.);
#1368=VECTOR('',#1707,1.);
#1369=VECTOR('',#1710,1.);
#1370=VECTOR('',#1713,1.);
#1371=VECTOR('',#1714,1.);
#1372=VECTOR('',#1715,1.);
#1373=VECTOR('',#1720,1.);
#1374=VECTOR('',#1725,1.);
#1375=VECTOR('',#1726,1.);
#1376=VECTOR('',#1727,1.);
#1377=VECTOR('',#1732,1.);
#1378=VECTOR('',#1737,1.);
#1379=VECTOR('',#1738,1.);
#1380=VECTOR('',#1739,1.);
#1381=VECTOR('',#1740,1.);
#1382=VECTOR('',#1741,1.);
#1383=VECTOR('',#1746,1.);
#1384=VECTOR('',#1751,1.);
#1385=VECTOR('',#1752,1.);
#1386=VECTOR('',#1757,1.);
#1387=VECTOR('',#1760,1.);
#1388=VECTOR('',#1763,1.);
#1389=VECTOR('',#1766,1.);
#1390=VECTOR('',#1769,1.);
#1391=VECTOR('',#1772,1.);
#1392=VECTOR('',#1775,1.);
#1393=VECTOR('',#1778,1.);
#1394=VECTOR('',#1781,1.);
#1395=VECTOR('',#1784,1.);
#1396=VECTOR('',#1785,1.);
#1397=VECTOR('',#1788,1.);
#1398=VECTOR('',#1791,1.);
#1399=VECTOR('',#1794,1.);
#1400=VECTOR('',#1797,1.);
#1401=VECTOR('',#1800,1.);
#1402=VECTOR('',#1801,1.);
#1403=VECTOR('',#1804,1.);
#1404=VECTOR('',#1809,1.);
#1405=VECTOR('',#1810,1.);
#1406=VECTOR('',#1813,1.);
#1407=VECTOR('',#1816,1.);
#1408=VECTOR('',#1821,1.);
#1409=VECTOR('',#1826,1.);
#1410=VECTOR('',#1837,1.);
#1411=VECTOR('',#1842,1.);
#1412=VECTOR('',#1849,1.);
#1413=VECTOR('',#1854,1.);
#1414=VECTOR('',#1859,1.);
#1415=VECTOR('',#1860,1.);
#1416=VECTOR('',#1863,1.);
#1417=VECTOR('',#1868,1.);
#1418=VECTOR('',#1869,1.);
#1419=VECTOR('',#1872,1.);
#1420=VECTOR('',#1873,1.);
#1421=VECTOR('',#1876,1.);
#1422=VECTOR('',#1881,1.);
#1423=VECTOR('',#1882,1.);
#1424=AXIS2_PLACEMENT_3D('',#1885,#1540,#1541);
#1425=AXIS2_PLACEMENT_3D('',#1901,#1547,#1548);
#1426=AXIS2_PLACEMENT_3D('',#1917,#1554,#1555);
#1427=AXIS2_PLACEMENT_3D('',#1926,#1558,#1559);
#1428=AXIS2_PLACEMENT_3D('',#1930,#1562,#1563);
#1429=AXIS2_PLACEMENT_3D('',#1934,#1566,#1567);
#1430=AXIS2_PLACEMENT_3D('',#1938,#1570,#1571);
#1431=AXIS2_PLACEMENT_3D('',#1945,#1573,#1574);
#1432=AXIS2_PLACEMENT_3D('',#1994,#1578,#1579);
#1433=AXIS2_PLACEMENT_3D('',#1998,#1582,#1583);
#1434=AXIS2_PLACEMENT_3D('',#2002,#1586,#1587);
#1435=AXIS2_PLACEMENT_3D('',#2009,#1589,#1590);
#1436=AXIS2_PLACEMENT_3D('',#2016,#1592,#1593);
#1437=AXIS2_PLACEMENT_3D('',#2075,#1594,#1595);
#1438=AXIS2_PLACEMENT_3D('',#2080,#1596,#1597);
#1439=AXIS2_PLACEMENT_3D('',#2096,#1598,#1599);
#1440=AXIS2_PLACEMENT_3D('',#2101,#1600,#1601);
#1441=AXIS2_PLACEMENT_3D('',#2117,#1602,#1603);
#1442=AXIS2_PLACEMENT_3D('',#2133,#1604,#1605);
#1443=AXIS2_PLACEMENT_3D('',#2137,#1607,#1608);
#1444=AXIS2_PLACEMENT_3D('',#2141,#1610,#1611);
#1445=AXIS2_PLACEMENT_3D('',#2142,#1612,#1613);
#1446=AXIS2_PLACEMENT_3D('',#2207,#1615,#1616);
#1447=AXIS2_PLACEMENT_3D('',#2210,#1618,#1619);
#1448=AXIS2_PLACEMENT_3D('',#2214,#1622,#1623);
#1449=AXIS2_PLACEMENT_3D('',#2215,#1624,#1625);
#1450=AXIS2_PLACEMENT_3D('',#2218,#1627,#1628);
#1451=AXIS2_PLACEMENT_3D('',#2220,#1630,#1631);
#1452=AXIS2_PLACEMENT_3D('',#2221,#1632,#1633);
#1453=AXIS2_PLACEMENT_3D('',#2239,#1635,#1636);
#1454=AXIS2_PLACEMENT_3D('',#2240,#1637,#1638);
#1455=AXIS2_PLACEMENT_3D('',#2241,#1639,#1640);
#1456=AXIS2_PLACEMENT_3D('',#2256,#1641,#1642);
#1457=AXIS2_PLACEMENT_3D('',#2280,#1644,#1645);
#1458=AXIS2_PLACEMENT_3D('',#2304,#1647,#1648);
#1459=AXIS2_PLACEMENT_3D('',#2342,#1650,#1651);
#1460=AXIS2_PLACEMENT_3D('',#2346,#1653,#1654);
#1461=AXIS2_PLACEMENT_3D('',#2350,#1656,#1657);
#1462=AXIS2_PLACEMENT_3D('',#2354,#1659,#1660);
#1463=AXIS2_PLACEMENT_3D('',#2355,#1661,#1662);
#1464=AXIS2_PLACEMENT_3D('',#2356,#1663,#1664);
#1465=AXIS2_PLACEMENT_3D('',#2361,#1667,#1668);
#1466=AXIS2_PLACEMENT_3D('',#2366,#1672,#1673);
#1467=AXIS2_PLACEMENT_3D('',#2367,#1674,#1675);
#1468=AXIS2_PLACEMENT_3D('',#2370,#1677,#1678);
#1469=AXIS2_PLACEMENT_3D('',#2372,#1680,#1681);
#1470=AXIS2_PLACEMENT_3D('',#2378,#1682,#1683);
#1471=AXIS2_PLACEMENT_3D('',#2380,#1684,#1685);
#1472=AXIS2_PLACEMENT_3D('',#2384,#1687,#1688);
#1473=AXIS2_PLACEMENT_3D('',#2385,#1689,#1690);
#1474=AXIS2_PLACEMENT_3D('',#2388,#1693,#1694);
#1475=AXIS2_PLACEMENT_3D('',#2392,#1698,#1699);
#1476=AXIS2_PLACEMENT_3D('',#2394,#1701,#1702);
#1477=AXIS2_PLACEMENT_3D('',#2395,#1703,#1704);
#1478=AXIS2_PLACEMENT_3D('',#2396,#1705,#1706);
#1479=AXIS2_PLACEMENT_3D('',#2401,#1708,#1709);
#1480=AXIS2_PLACEMENT_3D('',#2404,#1711,#1712);
#1481=AXIS2_PLACEMENT_3D('',#2410,#1716,#1717);
#1482=AXIS2_PLACEMENT_3D('',#2411,#1718,#1719);
#1483=AXIS2_PLACEMENT_3D('',#2415,#1721,#1722);
#1484=AXIS2_PLACEMENT_3D('',#2416,#1723,#1724);
#1485=AXIS2_PLACEMENT_3D('',#2422,#1728,#1729);
#1486=AXIS2_PLACEMENT_3D('',#2423,#1730,#1731);
#1487=AXIS2_PLACEMENT_3D('',#2427,#1733,#1734);
#1488=AXIS2_PLACEMENT_3D('',#2428,#1735,#1736);
#1489=AXIS2_PLACEMENT_3D('',#2438,#1742,#1743);
#1490=AXIS2_PLACEMENT_3D('',#2439,#1744,#1745);
#1491=AXIS2_PLACEMENT_3D('',#2443,#1747,#1748);
#1492=AXIS2_PLACEMENT_3D('',#2444,#1749,#1750);
#1493=AXIS2_PLACEMENT_3D('',#2447,#1753,#1754);
#1494=AXIS2_PLACEMENT_3D('',#2448,#1755,#1756);
#1495=AXIS2_PLACEMENT_3D('',#2453,#1758,#1759);
#1496=AXIS2_PLACEMENT_3D('',#2457,#1761,#1762);
#1497=AXIS2_PLACEMENT_3D('',#2461,#1764,#1765);
#1498=AXIS2_PLACEMENT_3D('',#2464,#1767,#1768);
#1499=AXIS2_PLACEMENT_3D('',#2467,#1770,#1771);
#1500=AXIS2_PLACEMENT_3D('',#2471,#1773,#1774);
#1501=AXIS2_PLACEMENT_3D('',#2475,#1776,#1777);
#1502=AXIS2_PLACEMENT_3D('',#2479,#1779,#1780);
#1503=AXIS2_PLACEMENT_3D('',#2482,#1782,#1783);
#1504=AXIS2_PLACEMENT_3D('',#2485,#1786,#1787);
#1505=AXIS2_PLACEMENT_3D('',#2487,#1789,#1790);
#1506=AXIS2_PLACEMENT_3D('',#2489,#1792,#1793);
#1507=AXIS2_PLACEMENT_3D('',#2491,#1795,#1796);
#1508=AXIS2_PLACEMENT_3D('',#2493,#1798,#1799);
#1509=AXIS2_PLACEMENT_3D('',#2496,#1802,#1803);
#1510=AXIS2_PLACEMENT_3D('',#2498,#1805,#1806);
#1511=AXIS2_PLACEMENT_3D('',#2499,#1807,#1808);
#1512=AXIS2_PLACEMENT_3D('',#2502,#1811,#1812);
#1513=AXIS2_PLACEMENT_3D('',#2504,#1814,#1815);
#1514=AXIS2_PLACEMENT_3D('',#2506,#1817,#1818);
#1515=AXIS2_PLACEMENT_3D('',#2507,#1819,#1820);
#1516=AXIS2_PLACEMENT_3D('',#2546,#1822,#1823);
#1517=AXIS2_PLACEMENT_3D('',#2547,#1824,#1825);
#1518=AXIS2_PLACEMENT_3D('',#2550,#1827,#1828);
#1519=AXIS2_PLACEMENT_3D('',#2551,#1829,#1830);
#1520=AXIS2_PLACEMENT_3D('',#2552,#1831,#1832);
#1521=AXIS2_PLACEMENT_3D('',#2553,#1833,#1834);
#1522=AXIS2_PLACEMENT_3D('',#2585,#1835,#1836);
#1523=AXIS2_PLACEMENT_3D('',#2589,#1838,#1839);
#1524=AXIS2_PLACEMENT_3D('',#2621,#1840,#1841);
#1525=AXIS2_PLACEMENT_3D('',#2625,#1843,#1844);
#1526=AXIS2_PLACEMENT_3D('',#2626,#1845,#1846);
#1527=AXIS2_PLACEMENT_3D('',#2658,#1847,#1848);
#1528=AXIS2_PLACEMENT_3D('',#2662,#1850,#1851);
#1529=AXIS2_PLACEMENT_3D('',#2694,#1852,#1853);
#1530=AXIS2_PLACEMENT_3D('',#2698,#1855,#1856);
#1531=AXIS2_PLACEMENT_3D('',#2699,#1857,#1858);
#1532=AXIS2_PLACEMENT_3D('',#2702,#1861,#1862);
#1533=AXIS2_PLACEMENT_3D('',#2704,#1864,#1865);
#1534=AXIS2_PLACEMENT_3D('',#2709,#1866,#1867);
#1535=AXIS2_PLACEMENT_3D('',#2736,#1870,#1871);
#1536=AXIS2_PLACEMENT_3D('',#2739,#1874,#1875);
#1537=AXIS2_PLACEMENT_3D('',#2741,#1877,#1878);
#1538=AXIS2_PLACEMENT_3D('',#2746,#1879,#1880);
#1539=AXIS2_PLACEMENT_3D('',#2769,#1883,#1884);
#1540=DIRECTION('',(0.,0.,1.));
#1541=DIRECTION('',(1.,0.,0.));
#1542=DIRECTION('',(-0.784304523895757,0.372261488521009,-0.496273914245724));
#1543=DIRECTION('',(-0.903323604607124,0.428752581965096,-0.0133299969188577));
#1544=DIRECTION('',(0.903323604607124,-0.428752581965096,-0.0133299969188559));
#1545=DIRECTION('',(0.784304523896669,-0.372261488521441,-0.496273914243959));
#1546=DIRECTION('',(-2.52389184094984E-15,1.19793741455314E-15,-1.));
#1547=DIRECTION('',(0.428790679311996,0.903403870555775,0.));
#1548=DIRECTION('',(-0.903403870555776,0.428790679311996,0.));
#1549=DIRECTION('',(0.903323604607124,0.428752581965096,0.0133299969188577));
#1550=DIRECTION('',(0.78430452389576,0.37226148852101,0.496273914245719));
#1551=DIRECTION('',(-2.52389184094984E-15,-1.19793741455314E-15,-1.));
#1552=DIRECTION('',(-0.784304523896667,-0.372261488521441,0.496273914243962));
#1553=DIRECTION('',(-0.903323604607124,-0.428752581965096,0.0133299969188559));
#1554=DIRECTION('',(0.428790679311996,-0.903403870555775,0.));
#1555=DIRECTION('',(-0.903403870555776,-0.428790679311996,0.));
#1556=DIRECTION('',(-0.963478035251373,0.267444315952487,0.0135504041585483));
#1557=DIRECTION('',(0.297865500016016,0.954607693447788,-0.000543608776686274));
#1558=DIRECTION('',(-0.013087278206668,0.00351420780075353,-0.999908182531113));
#1559=DIRECTION('',(-0.999914356849578,0.,0.0130873590191115));
#1560=DIRECTION('',(-0.834547538397277,0.231655509902606,0.49986611296107));
#1561=DIRECTION('',(-0.29794515330615,-0.954582806989881,0.000591794470514877));
#1562=DIRECTION('',(0.477485379288803,-0.148496242847213,0.86600033396396));
#1563=DIRECTION('',(0.875709348172955,0.,-0.482838624721033));
#1564=DIRECTION('',(0.29794515330615,0.95458280698988,0.000591794471160505));
#1565=DIRECTION('',(-2.25544131128635E-13,-7.31902267171627E-13,1.));
#1566=DIRECTION('',(-0.954582974147252,0.297945205479442,2.76618388909043E-15));
#1567=DIRECTION('',(-0.297945205479442,-0.954582974147252,0.));
#1568=DIRECTION('',(0.834547538396043,-0.231655509903058,0.499866112962922));
#1569=DIRECTION('',(-0.297865500014924,-0.954607693448129,-0.000543608776670867));
#1570=DIRECTION('',(0.477485379290715,-0.148496242847224,-0.866000333962904));
#1571=DIRECTION('',(-0.875709348171889,0.,-0.482838624722967));
#1572=DIRECTION('',(0.963478035251368,-0.267444315952507,0.01355040415855));
#1573=DIRECTION('',(0.0130872782066697,-0.00351420780075398,-0.999908182531113));
#1574=DIRECTION('',(-0.999914356849578,0.,-0.0130873590191132));
#1575=DIRECTION('',(-0.29794515330615,0.95458280698988,-0.000591794471147375));
#1576=DIRECTION('',(-2.25544131128635E-13,7.31902267171627E-13,1.));
#1577=DIRECTION('',(0.29794515330615,-0.954582806989881,-0.000591794470464324));
#1578=DIRECTION('',(-0.954582974147252,-0.297945205479442,2.76618388909043E-15));
#1579=DIRECTION('',(-0.297945205479442,0.954582974147252,0.));
#1580=DIRECTION('',(0.834547538397279,0.231655509902606,-0.499866112961067));
#1581=DIRECTION('',(-0.297865500016102,0.954607693447762,0.000543608776687521));
#1582=DIRECTION('',(0.477485379288788,0.148496242847254,0.866000333963961));
#1583=DIRECTION('',(0.875709348172961,0.,-0.482838624721021));
#1584=DIRECTION('',(0.297865500014946,-0.954607693448122,0.000543608776671227));
#1585=DIRECTION('',(-0.834547538396046,-0.231655509903059,-0.499866112962915));
#1586=DIRECTION('',(0.477485379290705,0.148496242847233,-0.866000333962907));
#1587=DIRECTION('',(-0.875709348171893,0.,-0.482838624722958));
#1588=DIRECTION('',(0.963478035251373,0.267444315952487,-0.0135504041585483));
#1589=DIRECTION('',(0.0130872782066681,0.00351420780075351,0.999908182531114));
#1590=DIRECTION('',(0.999914356849578,0.,-0.0130873590191115));
#1591=DIRECTION('',(-0.963478035251368,-0.267444315952507,-0.0135504041585501));
#1592=DIRECTION('',(-0.0130872782066698,-0.00351420780075396,0.999908182531114));
#1593=DIRECTION('',(0.999914356849578,0.,0.0130873590191132));
#1594=DIRECTION('',(-0.955377302013073,0.293642092587457,0.0320707383619394));
#1595=DIRECTION('',(-0.293793219358949,-0.955868999528023,0.));
#1596=DIRECTION('',(-0.267468872521386,-0.963566501198614,-7.65562541254689E-13));
#1597=DIRECTION('',(0.963566501198614,-0.267468872521386,0.));
#1598=DIRECTION('',(0.998047341707021,-0.0618680225835682,0.00859368914657433));
#1599=DIRECTION('',(0.0618703072330355,0.998084197391628,0.));
#1600=DIRECTION('',(0.267468872521386,-0.963566501198614,7.65562541254689E-13));
#1601=DIRECTION('',(0.963566501198614,0.267468872521386,0.));
#1602=DIRECTION('',(0.955377302013073,0.293642092587457,-0.0320707383619394));
#1603=DIRECTION('',(-0.293793219358949,0.955868999528023,0.));
#1604=DIRECTION('',(-0.998047341707021,-0.0618680225835682,-0.00859368914657433));
#1605=DIRECTION('',(0.0618703072330355,-0.998084197391628,0.));
#1606=DIRECTION('',(1.,0.,0.));
#1607=DIRECTION('',(-1.,0.,1.17145536458252E-15));
#1608=DIRECTION('',(1.15340656647394E-15,0.,1.));
#1609=DIRECTION('',(1.,0.,0.));
#1610=DIRECTION('',(-1.,0.,1.17145536458252E-15));
#1611=DIRECTION('',(1.17145536458252E-15,0.,1.));
#1612=DIRECTION('',(-1.,0.,0.));
#1613=DIRECTION('',(0.,0.,1.));
#1614=DIRECTION('',(6.99485272571292E-16,0.367146904428465,-0.930162969897531));
#1615=DIRECTION('',(-1.,0.,1.17145536458252E-15));
#1616=DIRECTION('',(1.17145536458252E-15,0.,1.));
#1617=DIRECTION('',(-1.22409922699976E-15,0.367146904428567,0.930162969897491));
#1618=DIRECTION('',(-1.,0.,1.17145536458252E-15));
#1619=DIRECTION('',(1.17145536458252E-15,0.,1.));
#1620=DIRECTION('',(1.,0.,0.));
#1621=DIRECTION('',(-1.22409922699976E-15,0.367146904428567,0.930162969897491));
#1622=DIRECTION('',(0.,0.930162969897491,-0.367146904428567));
#1623=DIRECTION('',(0.,0.367146904428567,0.930162969897491));
#1624=DIRECTION('',(-1.,0.,1.17145536458252E-15));
#1625=DIRECTION('',(1.16816395688674E-15,0.,1.));
#1626=DIRECTION('',(-1.08964440102248E-15,0.367146904428465,-0.930162969897531));
#1627=DIRECTION('',(-1.,0.,1.17145536458252E-15));
#1628=DIRECTION('',(1.17148044737059E-15,0.,1.));
#1629=DIRECTION('',(1.,0.,0.));
#1630=DIRECTION('',(0.,-0.930162969897531,-0.367146904428465));
#1631=DIRECTION('',(0.,0.367146904428465,-0.930162969897531));
#1632=DIRECTION('',(0.290276801089339,-6.63584812904802E-16,-0.956942724905384));
#1633=DIRECTION('',(-0.956942724905384,-2.01290288047823E-16,-0.290276801089339));
#1634=DIRECTION('',(0.,1.,-6.2496620953825E-17));
#1635=DIRECTION('',(0.290276801089339,-6.63584812904802E-16,-0.956942724905384));
#1636=DIRECTION('',(-0.956942724905384,-2.01290288047823E-16,-0.290276801089339));
#1637=DIRECTION('',(-0.290276801089339,6.63584812904801E-16,0.956942724905383));
#1638=DIRECTION('',(-0.956942724905384,0.,-0.290276801089339));
#1639=DIRECTION('',(1.,0.,0.));
#1640=DIRECTION('',(0.,0.,-1.));
#1641=DIRECTION('',(-1.,0.,0.));
#1642=DIRECTION('',(0.,0.,1.));
#1643=DIRECTION('',(0.,-1.,-7.20381673417149E-13));
#1644=DIRECTION('',(1.,0.,0.));
#1645=DIRECTION('',(0.,0.,-1.));
#1646=DIRECTION('',(-5.62273304490978E-14,-1.,-7.16633184709233E-13));
#1647=DIRECTION('',(0.0665190107235837,-7.18786141717942E-13,0.997785157843288));
#1648=DIRECTION('',(-1.09452689966982E-11,-1.,9.29811783123569E-15));
#1649=DIRECTION('',(0.,-1.68119129334149E-15,1.));
#1650=DIRECTION('',(-1.,0.,0.));
#1651=DIRECTION('',(0.,0.,1.));
#1652=DIRECTION('',(0.,1.,0.));
#1653=DIRECTION('',(-1.,0.,0.));
#1654=DIRECTION('',(0.,0.,1.));
#1655=DIRECTION('',(0.,1.07992930977072E-13,-1.));
#1656=DIRECTION('',(-1.,0.,0.));
#1657=DIRECTION('',(0.,0.,1.));
#1658=DIRECTION('',(0.,1.,0.));
#1659=DIRECTION('',(-1.,0.,0.));
#1660=DIRECTION('',(0.,0.,1.));
#1661=DIRECTION('',(-1.,0.,0.));
#1662=DIRECTION('',(0.,0.,1.));
#1663=DIRECTION('',(-1.,0.,0.));
#1664=DIRECTION('',(0.,-1.,-1.54886024640786E-16));
#1665=DIRECTION('',(-1.,0.,0.));
#1666=DIRECTION('',(-1.,0.,0.));
#1667=DIRECTION('',(-1.,0.,0.));
#1668=DIRECTION('',(0.,0.,1.));
#1669=DIRECTION('',(0.,-1.,0.));
#1670=DIRECTION('',(0.,-1.,0.));
#1671=DIRECTION('',(-1.,0.,0.));
#1672=DIRECTION('',(0.,0.,-1.));
#1673=DIRECTION('',(-1.,0.,0.));
#1674=DIRECTION('',(-1.,0.,0.));
#1675=DIRECTION('',(0.,-1.,-1.54886024640786E-16));
#1676=DIRECTION('',(-1.,0.,0.));
#1677=DIRECTION('',(-1.,0.,0.));
#1678=DIRECTION('',(0.,0.,1.));
#1679=DIRECTION('',(0.,1.,0.));
#1680=DIRECTION('',(0.,0.,1.));
#1681=DIRECTION('',(1.,0.,0.));
#1682=DIRECTION('',(-1.,0.,0.));
#1683=DIRECTION('',(0.,-0.999956743040724,-0.00930118526788126));
#1684=DIRECTION('',(-1.,0.,0.));
#1685=DIRECTION('',(0.,0.,1.));
#1686=DIRECTION('',(0.,1.,0.));
#1687=DIRECTION('',(-1.,0.,0.));
#1688=DIRECTION('',(0.,0.,1.));
#1689=DIRECTION('',(-1.,0.,0.));
#1690=DIRECTION('',(0.,0.,1.));
#1691=DIRECTION('',(-1.,0.,0.));
#1692=DIRECTION('',(-1.,0.,0.));
#1693=DIRECTION('',(-1.,0.,0.));
#1694=DIRECTION('',(0.,0.,1.));
#1695=DIRECTION('',(-2.26508488445478E-5,-0.99999999974347,0.));
#1696=DIRECTION('',(-1.,0.,0.));
#1697=DIRECTION('',(0.,-1.,0.));
#1698=DIRECTION('',(0.,0.,-1.));
#1699=DIRECTION('',(-1.,0.,0.));
#1700=DIRECTION('',(-1.,0.,0.));
#1701=DIRECTION('',(-1.,0.,0.));
#1702=DIRECTION('',(0.,0.,1.));
#1703=DIRECTION('',(0.,0.,1.));
#1704=DIRECTION('',(1.,0.,0.));
#1705=DIRECTION('',(1.,0.,0.));
#1706=DIRECTION('',(0.,-0.755218729871843,-0.655472859888769));
#1707=DIRECTION('',(-1.,0.,0.));
#1708=DIRECTION('',(1.,0.,0.));
#1709=DIRECTION('',(0.,0.,-1.));
#1710=DIRECTION('',(-1.,0.,0.));
#1711=DIRECTION('',(-1.,0.,0.));
#1712=DIRECTION('',(0.,0.,1.));
#1713=DIRECTION('',(0.,-1.,0.));
#1714=DIRECTION('',(-1.,0.,0.));
#1715=DIRECTION('',(0.,-1.,0.));
#1716=DIRECTION('',(0.,0.,-1.));
#1717=DIRECTION('',(-1.,0.,0.));
#1718=DIRECTION('',(1.,0.,0.));
#1719=DIRECTION('',(0.,0.996072640692687,-0.0885397902837944));
#1720=DIRECTION('',(-1.,0.,0.));
#1721=DIRECTION('',(1.,0.,0.));
#1722=DIRECTION('',(0.,0.,-1.));
#1723=DIRECTION('',(-1.,0.,0.));
#1724=DIRECTION('',(0.,0.,1.));
#1725=DIRECTION('',(0.,0.,-1.));
#1726=DIRECTION('',(-1.,0.,0.));
#1727=DIRECTION('',(0.,0.,-1.));
#1728=DIRECTION('',(0.,1.,0.));
#1729=DIRECTION('',(0.,0.,1.));
#1730=DIRECTION('',(1.,0.,0.));
#1731=DIRECTION('',(0.,0.755218729871842,0.655472859888769));
#1732=DIRECTION('',(-1.,0.,0.));
#1733=DIRECTION('',(1.,0.,0.));
#1734=DIRECTION('',(0.,0.,-1.));
#1735=DIRECTION('',(-1.,0.,0.));
#1736=DIRECTION('',(0.,0.,1.));
#1737=DIRECTION('',(0.,1.,0.));
#1738=DIRECTION('',(0.,1.,0.));
#1739=DIRECTION('',(0.,1.,0.));
#1740=DIRECTION('',(-1.,0.,0.));
#1741=DIRECTION('',(0.,1.,0.));
#1742=DIRECTION('',(0.,0.,1.));
#1743=DIRECTION('',(1.,0.,0.));
#1744=DIRECTION('',(1.,0.,0.));
#1745=DIRECTION('',(0.,-0.755218729871842,0.655472859888769));
#1746=DIRECTION('',(-1.,0.,0.));
#1747=DIRECTION('',(1.,0.,0.));
#1748=DIRECTION('',(0.,0.,-1.));
#1749=DIRECTION('',(-1.,0.,0.));
#1750=DIRECTION('',(0.,0.,1.));
#1751=DIRECTION('',(0.,0.,1.));
#1752=DIRECTION('',(0.,0.,1.));
#1753=DIRECTION('',(0.,-1.,0.));
#1754=DIRECTION('',(0.,0.,-1.));
#1755=DIRECTION('',(1.,0.,0.));
#1756=DIRECTION('',(0.,0.,-1.));
#1757=DIRECTION('',(0.,0.,1.));
#1758=DIRECTION('',(1.,0.,0.));
#1759=DIRECTION('',(0.,0.,-1.));
#1760=DIRECTION('',(0.,1.,0.));
#1761=DIRECTION('',(1.,0.,0.));
#1762=DIRECTION('',(0.,0.,-1.));
#1763=DIRECTION('',(0.,0.,-1.));
#1764=DIRECTION('',(1.,0.,0.));
#1765=DIRECTION('',(0.,0.,-1.));
#1766=DIRECTION('',(0.,-1.,0.));
#1767=DIRECTION('',(1.,0.,0.));
#1768=DIRECTION('',(0.,0.,-1.));
#1769=DIRECTION('',(0.,-1.68119129334149E-15,1.));
#1770=DIRECTION('',(1.,0.,0.));
#1771=DIRECTION('',(0.,0.,-1.));
#1772=DIRECTION('',(0.,0.,1.));
#1773=DIRECTION('',(1.,0.,0.));
#1774=DIRECTION('',(0.,0.,-1.));
#1775=DIRECTION('',(0.,-1.,0.));
#1776=DIRECTION('',(1.,0.,0.));
#1777=DIRECTION('',(0.,0.,-1.));
#1778=DIRECTION('',(0.,0.,-1.));
#1779=DIRECTION('',(1.,0.,0.));
#1780=DIRECTION('',(0.,0.,-1.));
#1781=DIRECTION('',(0.,1.07992930977072E-13,-1.));
#1782=DIRECTION('',(1.,0.,0.));
#1783=DIRECTION('',(0.,0.,-1.));
#1784=DIRECTION('',(-1.,0.,0.));
#1785=DIRECTION('',(-1.,0.,0.));
#1786=DIRECTION('',(-1.,0.,0.));
#1787=DIRECTION('',(0.,0.,1.));
#1788=DIRECTION('',(-1.,0.,0.));
#1789=DIRECTION('',(0.,0.,-1.));
#1790=DIRECTION('',(-1.,0.,0.));
#1791=DIRECTION('',(-1.,0.,0.));
#1792=DIRECTION('',(-1.,0.,0.));
#1793=DIRECTION('',(0.,0.,1.));
#1794=DIRECTION('',(-1.,0.,0.));
#1795=DIRECTION('',(0.,1.,0.));
#1796=DIRECTION('',(0.,0.,1.));
#1797=DIRECTION('',(-1.,0.,0.));
#1798=DIRECTION('',(-1.,0.,0.));
#1799=DIRECTION('',(0.,0.,1.));
#1800=DIRECTION('',(0.,1.,0.));
#1801=DIRECTION('',(-1.,0.,0.));
#1802=DIRECTION('',(0.,0.,1.));
#1803=DIRECTION('',(1.,0.,0.));
#1804=DIRECTION('',(-1.,0.,0.));
#1805=DIRECTION('',(-1.,0.,0.));
#1806=DIRECTION('',(0.,0.,1.));
#1807=DIRECTION('',(0.,-1.,0.));
#1808=DIRECTION('',(0.,0.,-1.));
#1809=DIRECTION('',(-0.885912121053197,0.1808711540313,0.427136207093722));
#1810=DIRECTION('',(-0.885912121053197,0.1808711540313,0.427136207093722));
#1811=DIRECTION('',(0.200037266014844,0.979788289481614,1.64721154159444E-15));
#1812=DIRECTION('',(-0.885912121053286,0.180871154031319,0.42713620709353));
#1813=DIRECTION('',(-0.885912040688375,-0.180871639163575,0.427136168346397));
#1814=DIRECTION('',(-0.434299190504058,0.,-0.900768679033369));
#1815=DIRECTION('',(-0.900768679033369,0.,0.434299190504058));
#1816=DIRECTION('',(-0.885912040688375,-0.180871639163575,0.427136168346397));
#1817=DIRECTION('',(-0.200037798504862,0.979788180766296,1.05810197377645E-13));
#1818=DIRECTION('',(-0.885912040688375,-0.180871639163575,0.427136168346397));
#1819=DIRECTION('',(0.434299190504058,0.,0.900768679033369));
#1820=DIRECTION('',(0.900768679033369,0.,-0.434299190504058));
#1821=DIRECTION('',(-3.60481396961676E-14,-1.,6.25835758614022E-17));
#1822=DIRECTION('',(-0.318027142342358,0.,-0.948081608688595));
#1823=DIRECTION('',(-0.902076699830064,-0.307723604214506,0.302595127245855));
#1824=DIRECTION('',(-0.318027142342357,0.,-0.948081608688595));
#1825=DIRECTION('',(-0.948081608688595,0.,0.318027142342357));
#1826=DIRECTION('',(2.26508602215359E-5,0.999999999743469,-3.81629638820163E-12));
#1827=DIRECTION('',(-0.318024723931714,7.2035299525236E-6,-0.948082419896218));
#1828=DIRECTION('',(-0.902077606204243,-0.307725464648737,0.302590533215338));
#1829=DIRECTION('',(0.318024723931714,-7.20352995245421E-6,0.948082419896217));
#1830=DIRECTION('',(0.893699101811696,-0.333812695488719,-0.299784922488647));
#1831=DIRECTION('',(-1.,5.62273304491131E-14,-2.1300676141054E-14));
#1832=DIRECTION('',(-5.60267766906521E-14,-0.999956743040725,-0.00930118526781002));
#1833=DIRECTION('',(-0.956140097584974,-0.292897066207113,-0.00272440772680533));
#1834=DIRECTION('',(0.292898153212385,-0.956143646030644,0.));
#1835=DIRECTION('',(1.,-5.62273304491131E-14,2.1300676141054E-14));
#1836=DIRECTION('',(-5.63564987119369E-14,-1.,0.));
#1837=DIRECTION('',(0.,1.,0.));
#1838=DIRECTION('',(1.,-5.62273304491131E-14,2.1300676141054E-14));
#1839=DIRECTION('',(-5.63564987119369E-14,-1.,0.));
#1840=DIRECTION('',(1.,-5.62273304491131E-14,2.1300676141054E-14));
#1841=DIRECTION('',(-5.73893480774282E-14,-1.,0.));
#1842=DIRECTION('',(5.62273304491131E-14,1.,0.));
#1843=DIRECTION('',(1.,-5.62273304491131E-14,2.1300676141054E-14));
#1844=DIRECTION('',(-5.73893480774282E-14,-1.,0.));
#1845=DIRECTION('',(-1.,5.62273304491131E-14,-2.1300676141054E-14));
#1846=DIRECTION('',(-5.62258573033603E-14,-1.,0.));
#1847=DIRECTION('',(1.,-5.62273304491131E-14,2.1300676141054E-14));
#1848=DIRECTION('',(-5.73893480774282E-14,-1.,0.));
#1849=DIRECTION('',(5.62273304491131E-14,1.,0.));
#1850=DIRECTION('',(1.,-5.62273304491131E-14,2.1300676141054E-14));
#1851=DIRECTION('',(-5.73893480774282E-14,-1.,0.));
#1852=DIRECTION('',(1.,-5.62273304491131E-14,2.1300676141054E-14));
#1853=DIRECTION('',(-5.63564987119369E-14,-1.,0.));
#1854=DIRECTION('',(5.62273304491131E-14,1.,0.));
#1855=DIRECTION('',(1.,-5.62273304491131E-14,2.1300676141054E-14));
#1856=DIRECTION('',(-5.63564987119369E-14,-1.,0.));
#1857=DIRECTION('',(-1.,5.62273304491131E-14,-2.1300676141054E-14));
#1858=DIRECTION('',(-5.62258573033603E-14,-1.,0.));
#1859=DIRECTION('',(-1.,0.,0.));
#1860=DIRECTION('',(-1.,0.,0.));
#1861=DIRECTION('',(-1.,0.,0.));
#1862=DIRECTION('',(0.,0.,1.));
#1863=DIRECTION('',(1.,0.,0.));
#1864=DIRECTION('',(0.,0.,1.));
#1865=DIRECTION('',(0.,-1.,0.));
#1866=DIRECTION('',(-1.,0.,0.));
#1867=DIRECTION('',(0.,0.,1.));
#1868=DIRECTION('',(1.,0.,0.));
#1869=DIRECTION('',(-1.,0.,0.));
#1870=DIRECTION('',(0.,-3.81629638918063E-12,-1.));
#1871=DIRECTION('',(0.,1.,-3.81629639998812E-12));
#1872=DIRECTION('',(-1.,0.,0.));
#1873=DIRECTION('',(-1.,0.,0.));
#1874=DIRECTION('',(-1.,0.,0.));
#1875=DIRECTION('',(0.,0.,1.));
#1876=DIRECTION('',(1.,0.,0.));
#1877=DIRECTION('',(0.,0.,1.));
#1878=DIRECTION('',(0.,-1.,0.));
#1879=DIRECTION('',(-1.,0.,0.));
#1880=DIRECTION('',(0.,0.,1.));
#1881=DIRECTION('',(1.,0.,0.));
#1882=DIRECTION('',(-1.,0.,0.));
#1883=DIRECTION('',(0.,-3.81629638918063E-12,-1.));
#1884=DIRECTION('',(0.,1.,-3.81629634577801E-12));
#1885=CARTESIAN_POINT('',(0.,0.,0.));
#1886=CARTESIAN_POINT('',(13.4323468056135,-1.9909920190581,1.3837211056147));
#1887=CARTESIAN_POINT('',(13.3,-1.92817506804275,1.29997778237912));
#1888=CARTESIAN_POINT('',(12.9768923196251,-1.77485560546043,1.09539068918631));
#1889=CARTESIAN_POINT('',(13.3065017208253,-1.93126103809473,1.10014424732827));
#1890=CARTESIAN_POINT('',(12.6158078092237,-1.60364761371649,1.08464031718383));
#1891=CARTESIAN_POINT('',(12.6156930426145,-1.60337632112709,1.99));
#1892=CARTESIAN_POINT('',(12.6156930426145,-1.60337632112709,1.69));
#1893=CARTESIAN_POINT('',(12.6156930426145,-1.60337632112708,1.39));
#1894=CARTESIAN_POINT('',(12.6156930426145,-1.60337632112708,1.09));
#1895=CARTESIAN_POINT('',(12.6157439855879,-1.60343372708276,1.99172700076871));
#1896=CARTESIAN_POINT('',(13.3040934432512,-1.9301179757163,1.97988984559324));
#1897=CARTESIAN_POINT('',(12.9768924033922,-1.77485564432977,1.98460781181666));
#1898=CARTESIAN_POINT('',(13.3545002679311,-1.95404301887903,1.74553536478948));
#1899=CARTESIAN_POINT('',(13.3,-1.92817506804275,1.78002077252259));
#1900=CARTESIAN_POINT('',(13.3,-1.92817506804275,1.54));
#1901=CARTESIAN_POINT('',(13.3,-1.92817506804275,1.64));
#1902=CARTESIAN_POINT('',(12.6156930426145,1.60337632112709,1.99));
#1903=CARTESIAN_POINT('',(12.6156930426145,1.60337632112709,1.69));
#1904=CARTESIAN_POINT('',(12.6156930426145,1.60337632112709,1.39));
#1905=CARTESIAN_POINT('',(12.6156930426145,1.60337632112709,1.09));
#1906=CARTESIAN_POINT('',(12.6157439855798,1.60343372707531,1.99172700076848));
#1907=CARTESIAN_POINT('',(12.6157730819355,1.60363827863954,1.0872931042261));
#1908=CARTESIAN_POINT('',(13.3065017208253,1.93126103809472,1.10014424733089));
#1909=CARTESIAN_POINT('',(12.97689240318,1.77485564414482,1.09539074307472));
#1910=CARTESIAN_POINT('',(13.4323468055639,1.99099201903456,1.38372110571074));
#1911=CARTESIAN_POINT('',(13.3,1.92817506804275,1.29997778250654));
#1912=CARTESIAN_POINT('',(13.3,1.92817506804275,1.54));
#1913=CARTESIAN_POINT('',(13.3,1.92817506804275,1.78002077239518));
#1914=CARTESIAN_POINT('',(13.3545002678815,1.9540430188555,1.74553536469346));
#1915=CARTESIAN_POINT('',(12.9768923194124,1.7748556052753,1.98460786572444));
#1916=CARTESIAN_POINT('',(13.3040934432512,1.93011797571628,1.97988984559064));
#1917=CARTESIAN_POINT('',(13.3,1.92817506804275,1.64));
#1918=CARTESIAN_POINT('',(12.9017013290182,-1.99830351939837,1.98491690654289));
#1919=CARTESIAN_POINT('',(12.9063003587253,-1.99957996199086,1.98485222613833));
#1920=CARTESIAN_POINT('',(12.5426279180014,-1.901870222587,1.97745006408012));
#1921=CARTESIAN_POINT('',(12.9409094565899,-1.8886524593044,1.98478910374561));
#1922=CARTESIAN_POINT('',(12.5429809988546,-1.89964004171903,1.9700976937458));
#1923=CARTESIAN_POINT('',(12.5672557420332,-1.80121907262154,1.98090029621287));
#1924=CARTESIAN_POINT('',(12.5915309468005,-1.70246657356204,1.98868113599463));
#1925=CARTESIAN_POINT('',(12.61575302596,-1.60355541572613,1.9934266887854));
#1926=CARTESIAN_POINT('',(12.9260929911104,-1.88402916935914,1.98499927745058));
#1927=CARTESIAN_POINT('',(13.084067084005,-2.04892499992105,1.8783739667956));
#1928=CARTESIAN_POINT('',(13.2475083117844,-2.09630087402684,1.78006293639362));
#1929=CARTESIAN_POINT('',(13.2798133282613,-1.99285089699404,1.78006086836097));
#1930=CARTESIAN_POINT('',(13.1106040998979,-1.93997371610887,1.88242456477238));
#1931=CARTESIAN_POINT('',(13.2798133259517,-1.99285090439371,1.29993768653611));
#1932=CARTESIAN_POINT('',(13.2475084283061,-2.09630090635094,1.29993596761109));
#1933=CARTESIAN_POINT('',(13.2480997780953,-2.09445754976599,1.54));
#1934=CARTESIAN_POINT('',(13.2463698630136,-2.10000000338961,1.54));
#1935=CARTESIAN_POINT('',(13.0840676868462,-2.04892516725848,1.20162494918719));
#1936=CARTESIAN_POINT('',(12.9062997227193,-1.99957981624752,1.09514785052141));
#1937=CARTESIAN_POINT('',(12.9409094565907,-1.88865245930464,1.09520945115557));
#1938=CARTESIAN_POINT('',(13.1106040975892,-1.93997372350874,1.19757399012471));
#1939=CARTESIAN_POINT('',(12.9017013478849,-1.99830352463472,1.09508164862362));
#1940=CARTESIAN_POINT('',(12.5428368655385,-1.90244251417792,1.09302642291594));
#1941=CARTESIAN_POINT('',(12.6157265366884,-1.6043086916427,1.07934086853876));
#1942=CARTESIAN_POINT('',(12.5914529843896,-1.70321633705722,1.0878896911883));
#1943=CARTESIAN_POINT('',(12.5671903059722,-1.80241990371283,1.09304524350648));
#1944=CARTESIAN_POINT('',(12.5429528444665,-1.90168970053231,1.09479536650713));
#1945=CARTESIAN_POINT('',(12.9260929911104,-1.88402916935914,1.09499927745058));
#1946=CARTESIAN_POINT('',(12.6157979473096,-1.60340839455877,1.99343358413416));
#1947=CARTESIAN_POINT('',(12.3667320354494,-1.52725924182084,2.00177334015498));
#1948=CARTESIAN_POINT('',(12.1140107599718,-1.46254026189514,2.00960744136262));
#1949=CARTESIAN_POINT('',(11.8596632955744,-1.40635415418526,2.01685741370548));
#1950=CARTESIAN_POINT('',(11.8596632955744,-1.40635415418526,2.01685741370548));
#1951=CARTESIAN_POINT('',(12.6159879645112,-1.60346710916674,1.07926822128629));
#1952=CARTESIAN_POINT('',(12.3648826238872,-1.52616723403613,1.07170974595746));
#1953=CARTESIAN_POINT('',(12.1108452140189,-1.46094049606269,1.06398701753835));
#1954=CARTESIAN_POINT('',(11.8547315599353,-1.40418630885805,1.05679630587539));
#1955=CARTESIAN_POINT('',(11.8547315599353,-1.40418630885807,1.05679630587552));
#1956=CARTESIAN_POINT('',(11.8547315599353,-1.40418630885808,1.05679630587553));
#1957=CARTESIAN_POINT('',(11.9623949377634,-1.45135651208267,1.19387256245102));
#1958=CARTESIAN_POINT('',(12.0669468253735,-1.48465886138071,1.354720019488));
#1959=CARTESIAN_POINT('',(12.0690522899931,-1.48533602873408,1.71977065277532));
#1960=CARTESIAN_POINT('',(11.9656471013015,-1.45305915170274,1.87911442095346));
#1961=CARTESIAN_POINT('',(11.8596632955746,-1.40635415418529,2.01685741370564));
#1962=CARTESIAN_POINT('',(9.82,-1.04496222430547,2.07728851632485));
#1963=CARTESIAN_POINT('',(9.82,-1.32122000957271,1.54));
#1964=CARTESIAN_POINT('',(9.82,-1.04496222430548,1.00271148367515));
#1965=CARTESIAN_POINT('',(10.0563323838032,-1.08791149414727,2.06827746788124));
#1966=CARTESIAN_POINT('',(10.0514054113256,-1.33533911667569,1.53999999999999));
#1967=CARTESIAN_POINT('',(10.0563323838019,-1.08791149415099,1.01172253211877));
#1968=CARTESIAN_POINT('',(10.5278644551234,-1.16587481674663,2.05553392099365));
#1969=CARTESIAN_POINT('',(10.5154898755476,-1.3725000755337,1.54));
#1970=CARTESIAN_POINT('',(10.5278644735155,-1.16587472990739,1.02446607900635));
#1971=CARTESIAN_POINT('',(11.0567367069607,-1.25186612736928,2.04201702343044));
#1972=CARTESIAN_POINT('',(11.0395379536932,-1.41547584674928,1.54));
#1973=CARTESIAN_POINT('',(11.0567368722042,-1.25186501693403,1.03798297656956));
#1974=CARTESIAN_POINT('',(11.4077093794003,-1.31315531069116,2.03098157288285));
#1975=CARTESIAN_POINT('',(11.3903057535458,-1.44170292774805,1.54));
#1976=CARTESIAN_POINT('',(11.4077094428942,-1.31315481690034,1.04901842711715));
#1977=CARTESIAN_POINT('',(11.6403286586153,-1.35939092980782,2.02197192222327));
#1978=CARTESIAN_POINT('',(11.6247628916009,-1.45937529336471,1.54));
#1979=CARTESIAN_POINT('',(11.6403287330989,-1.35939047068696,1.05802807777672));
#1980=CARTESIAN_POINT('',(12.0459527728163,-1.44487384242368,2.01004876278532));
#1981=CARTESIAN_POINT('',(12.0340090520286,-1.50721637091958,1.54));
#1982=CARTESIAN_POINT('',(12.0459529746804,-1.4448730813291,1.06995123721468));
#1983=CARTESIAN_POINT('',(12.3895889669342,-1.53447206169439,1.999008639452));
#1984=CARTESIAN_POINT('',(12.3833896719668,-1.56230829925939,1.54));
#1985=CARTESIAN_POINT('',(12.3895882887995,-1.53447456326456,1.080991360548));
#1986=CARTESIAN_POINT('',(12.6156930426145,-1.60337632112709,1.99));
#1987=CARTESIAN_POINT('',(12.6156930426145,-1.60337632112708,1.54));
#1988=CARTESIAN_POINT('',(12.6156930426145,-1.60337632112708,1.09));
#1989=CARTESIAN_POINT('',(13.279813326163,1.99285090371695,1.29993768666395));
#1990=CARTESIAN_POINT('',(13.2475082782327,2.09630086480739,1.29993551823616));
#1991=CARTESIAN_POINT('',(13.2480997780953,2.09445754976599,1.54));
#1992=CARTESIAN_POINT('',(13.2475084283302,2.09630090625128,1.78006258718794));
#1993=CARTESIAN_POINT('',(13.2798133284727,1.99285089631671,1.78006086823313));
#1994=CARTESIAN_POINT('',(13.2463698630136,2.10000000338961,1.54));
#1995=CARTESIAN_POINT('',(13.0840670839518,2.04892499990629,1.87837396670002));
#1996=CARTESIAN_POINT('',(12.9062997225796,1.99957981620563,1.984850704336));
#1997=CARTESIAN_POINT('',(12.9409094565899,1.88865245856132,1.98478910374561));
#1998=CARTESIAN_POINT('',(13.110604099898,1.93997371536551,1.88242456477238));
#1999=CARTESIAN_POINT('',(12.9409094565907,1.88865245856157,1.09520945115557));
#2000=CARTESIAN_POINT('',(12.9063003584202,1.99957996191017,1.09514632876118));
#2001=CARTESIAN_POINT('',(13.084067686793,2.04892516724373,1.20162494928277));
#2002=CARTESIAN_POINT('',(13.1106040975891,1.93997372276595,1.19757399012471));
#2003=CARTESIAN_POINT('',(12.9017013290182,1.99830351939836,1.98491690654027));
#2004=CARTESIAN_POINT('',(12.5430159629511,1.9004722751383,1.97745006409168));
#2005=CARTESIAN_POINT('',(12.6157530259638,1.60355541571048,1.99342668878615));
#2006=CARTESIAN_POINT('',(12.5915309468051,1.70246657354298,1.98868113599587));
#2007=CARTESIAN_POINT('',(12.5672557420387,1.80121907259909,1.98090029621481));
#2008=CARTESIAN_POINT('',(12.5429809988609,1.89964004169323,1.97009769374863));
#2009=CARTESIAN_POINT('',(12.9260929911104,1.88402916861606,1.98499927745058));
#2010=CARTESIAN_POINT('',(12.9017013478849,1.99830352463471,1.09508164862623));
#2011=CARTESIAN_POINT('',(12.5432381221002,1.90105846718962,1.09183945899609));
#2012=CARTESIAN_POINT('',(12.6155876448975,1.6042713581405,1.08995201709347));
#2013=CARTESIAN_POINT('',(12.5913936627633,1.70342934024763,1.08998384839525));
#2014=CARTESIAN_POINT('',(12.5671996806291,1.80258732235477,1.09001567969703));
#2015=CARTESIAN_POINT('',(12.5430056984949,1.9017453044619,1.09004751099881));
#2016=CARTESIAN_POINT('',(12.9260929911104,1.88402916861606,1.09499927745058));
#2017=CARTESIAN_POINT('',(12.6157979472908,1.60340839455302,1.99343358413478));
#2018=CARTESIAN_POINT('',(12.3667320354368,1.52725924181702,2.0017733401554));
#2019=CARTESIAN_POINT('',(12.1140107599654,1.46254026189373,2.0096074413628));
#2020=CARTESIAN_POINT('',(11.8596632955744,1.40635415418526,2.01685741370548));
#2021=CARTESIAN_POINT('',(11.8596632955744,1.40635415418526,2.01685741370544));
#2022=CARTESIAN_POINT('',(11.8596632955744,1.40635415418526,2.01685741370544));
#2023=CARTESIAN_POINT('',(11.9659186908234,1.4531788359117,1.87876144671047));
#2024=CARTESIAN_POINT('',(12.0701289842563,1.48568243051616,1.7165464399626));
#2025=CARTESIAN_POINT('',(12.0658191920892,1.48429607472391,1.35215407279618));
#2026=CARTESIAN_POINT('',(11.9618686576775,1.4511259347117,1.19320250634093));
#2027=CARTESIAN_POINT('',(11.8547315599353,1.40418630885806,1.05679630587516));
#2028=CARTESIAN_POINT('',(11.8547315599351,1.40418630885802,1.05679630587538));
#2029=CARTESIAN_POINT('',(12.6159879559077,1.60346710651825,1.07926822102732));
#2030=CARTESIAN_POINT('',(12.3648826181404,1.52616723227976,1.07170974575608));
#2031=CARTESIAN_POINT('',(12.1108452110858,1.4609404954127,1.06398701745599));
#2032=CARTESIAN_POINT('',(11.8547315599351,1.40418630885802,1.05679630587538));
#2033=CARTESIAN_POINT('',(9.82,1.04496222430547,2.07728851632485));
#2034=CARTESIAN_POINT('',(9.82,1.32122000957271,1.54));
#2035=CARTESIAN_POINT('',(9.82,1.04496222430548,1.00271148367515));
#2036=CARTESIAN_POINT('',(10.0563323838032,1.08791149414727,2.06827746788124));
#2037=CARTESIAN_POINT('',(10.0514054113256,1.33533911667569,1.53999999999999));
#2038=CARTESIAN_POINT('',(10.0563323838019,1.08791149415099,1.01172253211877));
#2039=CARTESIAN_POINT('',(10.5278644551234,1.16587481674663,2.05553392099365));
#2040=CARTESIAN_POINT('',(10.5154898755476,1.3725000755337,1.54));
#2041=CARTESIAN_POINT('',(10.5278644735155,1.16587472990739,1.02446607900635));
#2042=CARTESIAN_POINT('',(11.0567367069607,1.25186612736928,2.04201702343044));
#2043=CARTESIAN_POINT('',(11.0395379536932,1.41547584674928,1.54));
#2044=CARTESIAN_POINT('',(11.0567368722042,1.25186501693403,1.03798297656956));
#2045=CARTESIAN_POINT('',(11.4077093794003,1.31315531069116,2.03098157288285));
#2046=CARTESIAN_POINT('',(11.3903057535458,1.44170292774805,1.54));
#2047=CARTESIAN_POINT('',(11.4077094428942,1.31315481690034,1.04901842711715));
#2048=CARTESIAN_POINT('',(11.6403286586153,1.35939092980782,2.02197192222327));
#2049=CARTESIAN_POINT('',(11.6247628916009,1.45937529336471,1.54));
#2050=CARTESIAN_POINT('',(11.6403287330989,1.35939047068696,1.05802807777672));
#2051=CARTESIAN_POINT('',(12.0459527728163,1.44487384242368,2.01004876278532));
#2052=CARTESIAN_POINT('',(12.0340090520286,1.50721637091958,1.54));
#2053=CARTESIAN_POINT('',(12.0459529746804,1.4448730813291,1.06995123721468));
#2054=CARTESIAN_POINT('',(12.3895889669342,1.53447206169439,1.999008639452));
#2055=CARTESIAN_POINT('',(12.3833896719668,1.56230829925939,1.54));
#2056=CARTESIAN_POINT('',(12.3895882887995,1.53447456326456,1.080991360548));
#2057=CARTESIAN_POINT('',(12.6156930426145,1.60337632112709,1.99));
#2058=CARTESIAN_POINT('',(12.6156930426145,1.60337632112708,1.54));
#2059=CARTESIAN_POINT('',(12.6156930426145,1.60337632112708,1.09));
#2060=CARTESIAN_POINT('',(12.5416223982651,-1.904374804655,1.96957556728964));
#2061=CARTESIAN_POINT('',(12.2205827450853,-1.8153311169161,1.97928678670043));
#2062=CARTESIAN_POINT('',(11.8947442491693,-1.74254561218004,1.9872203000121));
#2063=CARTESIAN_POINT('',(11.5670268406532,-1.68208809869963,1.99319811246432));
#2064=CARTESIAN_POINT('',(11.2772269562885,-1.62862563390433,1.99848428070681));
#2065=CARTESIAN_POINT('',(10.9854103119978,-1.5864436332574,2.00191136097513));
#2066=CARTESIAN_POINT('',(10.6940109517992,-1.54231526798847,2.00495306264184));
#2067=CARTESIAN_POINT('',(10.4025560605149,-1.49817849331178,2.00799534395633));
#2068=CARTESIAN_POINT('',(10.1110067659904,-1.45455483431942,2.01035661186584));
#2069=CARTESIAN_POINT('',(9.81996425804243,-1.40773774452591,2.01274044882673));
#2070=CARTESIAN_POINT('',(9.82,-1.40753621935002,2.01335693849521));
#2071=CARTESIAN_POINT('',(11.8596632955744,-1.40635415418526,2.01685741370548));
#2072=CARTESIAN_POINT('',(11.1798743157036,-1.40269402429786,2.02765191689252));
#2073=CARTESIAN_POINT('',(10.4997338439723,-1.40297503684992,2.02693983782381));
#2074=CARTESIAN_POINT('',(9.82001433173238,-1.40774339343721,2.01274045546567));
#2075=CARTESIAN_POINT('',(10.4278000255114,-0.691783388622323,-3.03993137304686));
#2076=CARTESIAN_POINT('',(12.5423090592774,-1.90456528339095,1.0924169031136));
#2077=CARTESIAN_POINT('',(12.5423090592774,-1.90456528339096,1.3883358428693));
#2078=CARTESIAN_POINT('',(12.5423090592774,-1.90456528339096,1.684254782625));
#2079=CARTESIAN_POINT('',(12.5423090592774,-1.90456528339096,1.9801737223807));
#2080=CARTESIAN_POINT('',(12.8958916421445,-1.99669085395575,1.54));
#2081=CARTESIAN_POINT('',(9.8210037984395,-1.40302202907626,1.05274198788427));
#2082=CARTESIAN_POINT('',(10.1493912145961,-1.45763962187784,1.05877509977531));
#2083=CARTESIAN_POINT('',(10.4785959169383,-1.50733399003808,1.06399594172226));
#2084=CARTESIAN_POINT('',(10.8076478315615,-1.55790505427907,1.06901390115541));
#2085=CARTESIAN_POINT('',(11.0987672717328,-1.60264638309815,1.0734533998365));
#2086=CARTESIAN_POINT('',(11.3901793398826,-1.64653978143595,1.07768456126993));
#2087=CARTESIAN_POINT('',(11.6793541722725,-1.7024858987816,1.08215360646612));
#2088=CARTESIAN_POINT('',(11.9693797216462,-1.75859660276093,1.08663579904661));
#2089=CARTESIAN_POINT('',(12.2577590598023,-1.82489263907932,1.09122981754239));
#2090=CARTESIAN_POINT('',(12.5422338051864,-1.90454421226899,1.09484458834433));
#2091=CARTESIAN_POINT('',(9.82012758002439,-1.40692752381246,1.06489759449116));
#2092=CARTESIAN_POINT('',(9.82004522169519,-1.4027756540809,1.05271623840118));
#2093=CARTESIAN_POINT('',(10.498272326223,-1.40345946202292,1.05468476107466));
#2094=CARTESIAN_POINT('',(11.1765017098223,-1.40393042620866,1.05605271281661));
#2095=CARTESIAN_POINT('',(11.8547315599353,-1.40418630885803,1.05679630587538));
#2096=CARTESIAN_POINT('',(10.3812141046854,-1.85228022602921,-3.38137587390157));
#2097=CARTESIAN_POINT('',(12.5438612402775,1.89897349395636,1.09241690305745));
#2098=CARTESIAN_POINT('',(12.5438612402774,1.89897349395658,1.3883358428383));
#2099=CARTESIAN_POINT('',(12.5438612402773,1.8989734939568,1.68425478261914));
#2100=CARTESIAN_POINT('',(12.5438612402773,1.89897349395702,1.98017372239998));
#2101=CARTESIAN_POINT('',(12.8958916421445,1.99669085395575,1.54));
#2102=CARTESIAN_POINT('',(12.5416223976615,1.90437480448759,1.9695755673079));
#2103=CARTESIAN_POINT('',(12.2205827444762,1.81533111676866,1.97928678671644));
#2104=CARTESIAN_POINT('',(11.8947442485561,1.74254561205213,1.98722030002565));
#2105=CARTESIAN_POINT('',(11.5670268400375,1.68208809858604,1.99319811247552));
#2106=CARTESIAN_POINT('',(11.2772269557739,1.62862563382246,1.99848428071404));
#2107=CARTESIAN_POINT('',(10.9854103115869,1.58644363319487,2.00191136097973));
#2108=CARTESIAN_POINT('',(10.6940109514924,1.54231526794198,2.00495306264491));
#2109=CARTESIAN_POINT('',(10.4025560603123,1.49817849328137,2.00799534395787));
#2110=CARTESIAN_POINT('',(10.1110067658922,1.45455483430363,2.01035661186664));
#2111=CARTESIAN_POINT('',(9.81996425804841,1.40773774452687,2.01274044882668));
#2112=CARTESIAN_POINT('',(9.82,1.40753621934859,2.01335693849549));
#2113=CARTESIAN_POINT('',(9.82001433173245,1.40774339343721,2.01274045546567));
#2114=CARTESIAN_POINT('',(10.4997338439724,1.40297503684991,2.02693983782381));
#2115=CARTESIAN_POINT('',(11.1798743157036,1.40269402429785,2.02765191689252));
#2116=CARTESIAN_POINT('',(11.8596632955744,1.40635415418525,2.01685741370548));
#2117=CARTESIAN_POINT('',(10.4278000255114,0.691783388622323,-3.03993137304686));
#2118=CARTESIAN_POINT('',(11.8547315599351,1.40418630885802,1.05679630587538));
#2119=CARTESIAN_POINT('',(11.1765017098221,1.40393042620865,1.05605271281661));
#2120=CARTESIAN_POINT('',(10.4982723262229,1.40345946202292,1.05468476107466));
#2121=CARTESIAN_POINT('',(9.82004522169514,1.4027756540809,1.05271623840118));
#2122=CARTESIAN_POINT('',(9.8202551600444,1.40631882827428,1.06315212747272));
#2123=CARTESIAN_POINT('',(9.82100379843748,1.40302202907592,1.05274198788423));
#2124=CARTESIAN_POINT('',(10.149391214594,1.45763962187753,1.05877509977528));
#2125=CARTESIAN_POINT('',(10.4785959169363,1.50733399003777,1.06399594172223));
#2126=CARTESIAN_POINT('',(10.8076478315594,1.55790505427876,1.06901390115538));
#2127=CARTESIAN_POINT('',(11.0987672709855,1.6026463829833,1.0734533998251));
#2128=CARTESIAN_POINT('',(11.3901793383898,1.64653978119802,1.07768456124702));
#2129=CARTESIAN_POINT('',(11.6793541700488,1.70248589835139,1.08215360643176));
#2130=CARTESIAN_POINT('',(11.9693797186826,1.75859660213652,1.08663579900065));
#2131=CARTESIAN_POINT('',(12.2577590561104,1.82489263819334,1.09122981748499));
#2132=CARTESIAN_POINT('',(12.5422338007976,1.90454421104014,1.09484458828856));
#2133=CARTESIAN_POINT('',(10.3812141046854,1.85228022602921,-3.38137587390157));
#2134=CARTESIAN_POINT('',(3.36102673470506E-15,-0.431397612703569,0.447058510370448));
#2135=CARTESIAN_POINT('',(3.36102673470506E-15,-0.431397612703569,0.447058510370448));
#2136=CARTESIAN_POINT('',(0.25,-0.431397612703569,0.447058510370448));
#2137=CARTESIAN_POINT('',(0.25,-3.16399331306411E-15,1.54));
#2138=CARTESIAN_POINT('',(0.25,0.431397612703444,0.447058510370402));
#2139=CARTESIAN_POINT('',(2.87313575708659E-15,0.431397612703444,0.447058510370402));
#2140=CARTESIAN_POINT('',(2.87313575708659E-15,0.431397612703444,0.447058510370402));
#2141=CARTESIAN_POINT('',(2.00577401909819E-15,-3.16399331306411E-15,1.54));
#2142=CARTESIAN_POINT('',(30.25,-3.16399331306411E-15,1.54));
#2143=CARTESIAN_POINT('',(9.82,-1.40753621934861,1.06664306150452));
#2144=CARTESIAN_POINT('',(9.82,-1.50988704080738,1.37098525355346));
#2145=CARTESIAN_POINT('',(9.82,-1.50991566862577,1.70875880466758));
#2146=CARTESIAN_POINT('',(9.82,-1.40761643735961,2.01311834172334));
#2147=CARTESIAN_POINT('',(9.82,-1.40753621934861,1.06664306150452));
#2148=CARTESIAN_POINT('',(9.82000000000001,-1.56672700118548,1.54));
#2149=CARTESIAN_POINT('',(9.82,-1.40753621934861,2.01335693849549));
#2150=CARTESIAN_POINT('',(10.0492295360205,-1.44460939492996,1.06905426647327));
#2151=CARTESIAN_POINT('',(10.0463904174784,-1.58718708424098,1.54));
#2152=CARTESIAN_POINT('',(10.0492295360217,-1.44460939492664,2.01094573352674));
#2153=CARTESIAN_POINT('',(10.5070138722861,-1.51402865508091,1.07246422523302));
#2154=CARTESIAN_POINT('',(10.499883131107,-1.63309445535138,1.54));
#2155=CARTESIAN_POINT('',(10.5070138556064,-1.5140287338351,2.00753577476699));
#2156=CARTESIAN_POINT('',(11.0210777552723,-1.5910855112466,1.07608111962333));
#2157=CARTESIAN_POINT('',(11.0111670219985,-1.68536480638923,1.54));
#2158=CARTESIAN_POINT('',(11.0210776025692,-1.59108653741076,2.00391888037668));
#2159=CARTESIAN_POINT('',(11.3628009478927,-1.64486044172673,1.07903402053816));
#2160=CARTESIAN_POINT('',(11.3527722347041,-1.7189350926303,1.54));
#2161=CARTESIAN_POINT('',(11.3628008882804,-1.64486090533022,2.00096597946184));
#2162=CARTESIAN_POINT('',(11.5896786591853,-1.68473357156045,1.08144485148341));
#2163=CARTESIAN_POINT('',(11.5807089849532,-1.74234891033279,1.54));
#2164=CARTESIAN_POINT('',(11.5896785883205,-1.68473400837478,1.99855514851659));
#2165=CARTESIAN_POINT('',(11.985327396256,-1.7613191030044,1.0846352883632));
#2166=CARTESIAN_POINT('',(11.9784447908371,-1.79724394859001,1.54));
#2167=CARTESIAN_POINT('',(11.9853272006981,-1.76131984032283,1.9953647116368));
#2168=CARTESIAN_POINT('',(12.3210080063997,-1.84241856366694,1.08758943963688));
#2169=CARTESIAN_POINT('',(12.3174362543428,-1.85845696320564,1.54));
#2170=CARTESIAN_POINT('',(12.3210086747865,-1.84241609805591,1.99241056036312));
#2171=CARTESIAN_POINT('',(12.5423090592774,-1.90456528339095,1.09));
#2172=CARTESIAN_POINT('',(12.5423090592774,-1.90456528339096,1.54));
#2173=CARTESIAN_POINT('',(12.5423090592774,-1.90456528339096,1.99));
#2174=CARTESIAN_POINT('',(9.82,1.40761643735964,2.01311834172324));
#2175=CARTESIAN_POINT('',(9.82,1.50991566862577,1.70875880466751));
#2176=CARTESIAN_POINT('',(9.82,1.50988704080736,1.37098525355343));
#2177=CARTESIAN_POINT('',(9.82,1.40753621934861,1.06664306150451));
#2178=CARTESIAN_POINT('',(9.82,1.40753621934861,1.06664306150452));
#2179=CARTESIAN_POINT('',(9.82000000000001,1.56672700118548,1.54));
#2180=CARTESIAN_POINT('',(9.82,1.40753621934861,2.01335693849549));
#2181=CARTESIAN_POINT('',(10.0492295360205,1.44460939492996,1.06905426647327));
#2182=CARTESIAN_POINT('',(10.0463904174784,1.58718708424098,1.54));
#2183=CARTESIAN_POINT('',(10.0492295360217,1.44460939492664,2.01094573352674));
#2184=CARTESIAN_POINT('',(10.5070138722861,1.51402865508091,1.07246422523302));
#2185=CARTESIAN_POINT('',(10.499883131107,1.63309445535138,1.54));
#2186=CARTESIAN_POINT('',(10.5070138556064,1.5140287338351,2.00753577476699));
#2187=CARTESIAN_POINT('',(11.0210777552723,1.5910855112466,1.07608111962333));
#2188=CARTESIAN_POINT('',(11.0111670219985,1.68536480638923,1.54));
#2189=CARTESIAN_POINT('',(11.0210776025692,1.59108653741076,2.00391888037668));
#2190=CARTESIAN_POINT('',(11.3628009478927,1.64486044172673,1.07903402053816));
#2191=CARTESIAN_POINT('',(11.3527722347041,1.7189350926303,1.54));
#2192=CARTESIAN_POINT('',(11.3628008882804,1.64486090533022,2.00096597946184));
#2193=CARTESIAN_POINT('',(11.5896786591853,1.68473357156045,1.08144485148341));
#2194=CARTESIAN_POINT('',(11.5807089849532,1.74234891033279,1.54));
#2195=CARTESIAN_POINT('',(11.5896785883205,1.68473400837478,1.99855514851659));
#2196=CARTESIAN_POINT('',(11.985327396256,1.7613191030044,1.0846352883632));
#2197=CARTESIAN_POINT('',(11.9784447908371,1.79724394859001,1.54));
#2198=CARTESIAN_POINT('',(11.9853272006981,1.76131984032283,1.9953647116368));
#2199=CARTESIAN_POINT('',(12.3210080063997,1.84241856366694,1.08758943963688));
#2200=CARTESIAN_POINT('',(12.3174362543428,1.85845696320564,1.54));
#2201=CARTESIAN_POINT('',(12.3210086747865,1.84241609805591,1.99241056036312));
#2202=CARTESIAN_POINT('',(12.5423090592774,1.90456528339095,1.09));
#2203=CARTESIAN_POINT('',(12.5423090592774,1.90456528339096,1.54));
#2204=CARTESIAN_POINT('',(12.5423090592774,1.90456528339096,1.99));
#2205=CARTESIAN_POINT('',(2.87313575708659E-15,0.431397612703444,0.447058510370402));
#2206=CARTESIAN_POINT('',(3.08997619158369E-15,0.545213153076269,0.158707989702167));
#2207=CARTESIAN_POINT('',(3.68628738645072E-15,-3.16399331306411E-15,1.54));
#2208=CARTESIAN_POINT('',(2.05998412772246E-15,-0.545213153076424,0.158707989702225));
#2209=CARTESIAN_POINT('',(3.74049749507499E-15,-0.545213153076424,0.158707989702225));
#2210=CARTESIAN_POINT('',(2.00577401909819E-15,-3.16399331306411E-15,1.54));
#2211=CARTESIAN_POINT('',(2.05998412772246E-15,-0.545213153076424,0.158707989702225));
#2212=CARTESIAN_POINT('',(0.25,-0.545213153076424,0.158707989702225));
#2213=CARTESIAN_POINT('',(0.250000000000004,-0.545213153076424,0.158707989702225));
#2214=CARTESIAN_POINT('',(3.74049749507499E-15,-0.545213153076424,0.158707989702225));
#2215=CARTESIAN_POINT('',(0.250000000000004,-3.16399331306411E-15,1.54));
#2216=CARTESIAN_POINT('',(0.25,0.545213153076269,0.158707989702167));
#2217=CARTESIAN_POINT('',(0.25,0.431397612703444,0.447058510370402));
#2218=CARTESIAN_POINT('',(0.25,-3.16399331306411E-15,1.54));
#2219=CARTESIAN_POINT('',(3.08997619158369E-15,0.545213153076269,0.158707989702167));
#2220=CARTESIAN_POINT('',(2.87313575708659E-15,0.431397612703444,0.447058510370402));
#2221=CARTESIAN_POINT('',(20.326768282957,-3.16399331306411E-15,1.54));
#2222=CARTESIAN_POINT('',(15.4312376434197,-0.00173759284558122,0.0550010165757337));
#2223=CARTESIAN_POINT('',(15.5502781363772,0.326919817628584,0.0912700279694255));
#2224=CARTESIAN_POINT('',(16.75,0.432499121710616,0.45503135099624));
#2225=CARTESIAN_POINT('',(16.3503895032164,0.397229612701097,0.333814423724502));
#2226=CARTESIAN_POINT('',(15.9507790064328,0.361960103691577,0.212597496452765));
#2227=CARTESIAN_POINT('',(15.5511685096491,0.326690594682057,0.0913805691810277));
#2228=CARTESIAN_POINT('',(15.5507790064326,0.32665621723874,0.0912624181728795));
#2229=CARTESIAN_POINT('',(15.5503895032162,0.326621839795423,0.0911442671647313));
#2230=CARTESIAN_POINT('',(15.5499999999997,0.326587462352106,0.0910261161565831));
#2231=CARTESIAN_POINT('',(16.75,0.432688473943878,0.455053114552807));
#2232=CARTESIAN_POINT('',(16.75,0.,0.45503135099624));
#2233=CARTESIAN_POINT('',(16.75,-0.433704317104824,0.45503135099624));
#2234=CARTESIAN_POINT('',(16.75,-0.433704317104824,0.45503135099624));
#2235=CARTESIAN_POINT('',(16.35,-0.397998585077735,0.333696272716382));
#2236=CARTESIAN_POINT('',(15.95,-0.362292853050646,0.212361194436523));
#2237=CARTESIAN_POINT('',(15.55,-0.326587121023556,0.0910261161566646));
#2238=CARTESIAN_POINT('',(15.5499999999872,-0.326547004279015,0.0913728966202473));
#2239=CARTESIAN_POINT('',(20.326768282957,-3.16399331306411E-15,1.54));
#2240=CARTESIAN_POINT('',(16.1499999999936,-0.38088160974073,0.273028733574496));
#2241=CARTESIAN_POINT('',(15.55,-3.16399331306411E-15,1.54));
#2242=CARTESIAN_POINT('',(15.55,1.3885017516436,2.06658131915465));
#2243=CARTESIAN_POINT('',(15.55,-1.3885017516436,2.06658131915466));
#2244=CARTESIAN_POINT('',(15.55,0.326820267049368,0.0908014402757518));
#2245=CARTESIAN_POINT('',(15.55,0.74307630987329,0.184320522966686));
#2246=CARTESIAN_POINT('',(15.55,1.09363429709736,0.446035254589947));
#2247=CARTESIAN_POINT('',(15.55,1.51396477539964,1.21069718381627));
#2248=CARTESIAN_POINT('',(15.55,1.54028337612084,1.66592382363313));
#2249=CARTESIAN_POINT('',(15.55,1.3885017516436,2.06658131915466));
#2250=CARTESIAN_POINT('',(15.55,-1.3885017516436,2.06658131915466));
#2251=CARTESIAN_POINT('',(15.55,-1.54004812720733,1.66654480947953));
#2252=CARTESIAN_POINT('',(15.55,-1.51437464383863,1.21167485959046));
#2253=CARTESIAN_POINT('',(15.55,-1.09332811416873,0.445482349775668));
#2254=CARTESIAN_POINT('',(15.55,-0.743187974416099,0.184177995482958));
#2255=CARTESIAN_POINT('',(15.55,-0.326831615817417,0.090750158836739));
#2256=CARTESIAN_POINT('',(17.5,-3.16399331306411E-15,1.54));
#2257=CARTESIAN_POINT('',(15.55,-0.328058902844258,0.855031351038504));
#2258=CARTESIAN_POINT('',(15.55,-0.327944898527996,0.791364232685321));
#2259=CARTESIAN_POINT('',(15.55,-0.327828733268145,0.727697118164914));
#2260=CARTESIAN_POINT('',(15.55,-0.327710406990919,0.664030007697464));
#2261=CARTESIAN_POINT('',(15.55,-0.327532917573059,0.568529340909657));
#2262=CARTESIAN_POINT('',(15.55,-0.327350565865495,0.473028683034696));
#2263=CARTESIAN_POINT('',(15.55,-0.327163351620936,0.377528034815765));
#2264=CARTESIAN_POINT('',(15.55,-0.326976363922611,0.282142951052136));
#2265=CARTESIAN_POINT('',(15.55,-0.32678452544791,0.186757876674347));
#2266=CARTESIAN_POINT('',(15.55,-0.326587835952585,0.0913728124229851));
#2267=CARTESIAN_POINT('',(15.5499999999816,-0.328058902844751,0.855031351038503));
#2268=CARTESIAN_POINT('',(15.55,-0.613379680750876,0.855031351037074));
#2269=CARTESIAN_POINT('',(15.5500000000027,0.327606963001116,0.855031351037568));
#2270=CARTESIAN_POINT('',(15.55,0.32658782132878,0.0912705155950527));
#2271=CARTESIAN_POINT('',(15.55,0.326774726076641,0.218523230081466));
#2272=CARTESIAN_POINT('',(15.55,0.326953082096065,0.345775957411089));
#2273=CARTESIAN_POINT('',(15.55,0.327122889964954,0.473028695860338));
#2274=CARTESIAN_POINT('',(15.55,0.327207848255816,0.536695799375052));
#2275=CARTESIAN_POINT('',(15.55,0.327290666772112,0.600362905781066));
#2276=CARTESIAN_POINT('',(15.55,0.327371345586848,0.664030014862548));
#2277=CARTESIAN_POINT('',(15.55,0.32745202440195,0.727697124231674));
#2278=CARTESIAN_POINT('',(15.55,0.327530563515563,0.791364236348177));
#2279=CARTESIAN_POINT('',(15.55,0.327606963001116,0.855031350996243));
#2280=CARTESIAN_POINT('',(15.55,-0.613379680752091,2.54219277947946));
#2281=CARTESIAN_POINT('',(16.75,-0.0120857219233302,0.77503135079613));
#2282=CARTESIAN_POINT('',(16.75,0.34967472726627,0.77503135099325));
#2283=CARTESIAN_POINT('',(16.75,-0.35048319642289,0.775031350995923));
#2284=CARTESIAN_POINT('',(15.5500000000027,0.327606963001165,0.855031351037568));
#2285=CARTESIAN_POINT('',(15.6775993115052,0.327596755196779,0.846524730245074));
#2286=CARTESIAN_POINT('',(15.8051999811532,0.327948946975221,0.838018018909537));
#2287=CARTESIAN_POINT('',(15.9327957591756,0.328900702523992,0.829511633682379));
#2288=CARTESIAN_POINT('',(16.0690160167784,0.329916789325906,0.820430283148129));
#2289=CARTESIAN_POINT('',(16.2052368360449,0.331593459767009,0.811348895169635));
#2290=CARTESIAN_POINT('',(16.3414290685201,0.334543164462855,0.802269412977223));
#2291=CARTESIAN_POINT('',(16.4776676274324,0.337493872514811,0.793186842355669));
#2292=CARTESIAN_POINT('',(16.6139058410034,0.341642320800056,0.784104294756869));
#2293=CARTESIAN_POINT('',(16.75,0.348585394795422,0.775031350796395));
#2294=CARTESIAN_POINT('',(16.75,-0.349187985816781,0.775031350795889));
#2295=CARTESIAN_POINT('',(16.622552980931,-0.342629926228613,0.783527818759463));
#2296=CARTESIAN_POINT('',(16.4949760334484,-0.338559476437867,0.792032948617303));
#2297=CARTESIAN_POINT('',(16.3673950172424,-0.335612742845501,0.800538349723367));
#2298=CARTESIAN_POINT('',(16.2312012644664,-0.332467081223497,0.809617933269166));
#2299=CARTESIAN_POINT('',(16.0949753984022,-0.330664825125493,0.818699657700846));
#2300=CARTESIAN_POINT('',(15.9587500000292,-0.329553067322719,0.827781350953115));
#2301=CARTESIAN_POINT('',(15.8225036109038,-0.328441138210976,0.836864443588881));
#2302=CARTESIAN_POINT('',(15.6862509053069,-0.328042637842156,0.845947957322748));
#2303=CARTESIAN_POINT('',(15.5499999999816,-0.328058902844258,0.855031351038503));
#2304=CARTESIAN_POINT('',(16.1500000000037,-0.0120857219233252,0.815031350916576));
#2305=CARTESIAN_POINT('',(16.75,-0.349187985816781,0.775031350795889));
#2306=CARTESIAN_POINT('',(16.75,-0.377360096246129,0.668364684196006));
#2307=CARTESIAN_POINT('',(16.75,-0.405532206675476,0.561698017596123));
#2308=CARTESIAN_POINT('',(16.75,-0.433704317104824,0.45503135099624));
#2309=CARTESIAN_POINT('',(15.5391808643565,-0.325621358128432,0.0877442644811194));
#2310=CARTESIAN_POINT('',(15.5379999999934,-0.328058902844751,0.855031351313811));
#2311=CARTESIAN_POINT('',(15.5431769671144,-0.325978067563997,0.0889564330834795));
#2312=CARTESIAN_POINT('',(15.5419999999934,-0.328058902844751,0.855031351313811));
#2313=CARTESIAN_POINT('',(15.5471730698724,-0.326334776999563,0.0901686016858397));
#2314=CARTESIAN_POINT('',(15.5459999999934,-0.328058902844751,0.855031351313811));
#2315=CARTESIAN_POINT('',(15.5511691726303,-0.326691486435129,0.0913807702881998));
#2316=CARTESIAN_POINT('',(15.5499999999934,-0.328058902844751,0.855031351313811));
#2317=CARTESIAN_POINT('',(15.9507794484201,-0.362362429991694,0.212597630524213));
#2318=CARTESIAN_POINT('',(15.9499999999956,-0.328058902844751,0.855031351313811));
#2319=CARTESIAN_POINT('',(16.3503897242101,-0.398033373548259,0.333814490760227));
#2320=CARTESIAN_POINT('',(16.3499999999978,-0.328058902844751,0.855031351313811));
#2321=CARTESIAN_POINT('',(16.75,-0.433704317104824,0.45503135099624));
#2322=CARTESIAN_POINT('',(16.75,-0.328058902844751,0.855031351313811));
#2323=CARTESIAN_POINT('',(16.75,0.348585394795422,0.775031350796395));
#2324=CARTESIAN_POINT('',(16.75,0.432499121710616,0.45503135099624));
#2325=CARTESIAN_POINT('',(15.5380000000078,0.327606963001116,0.855031350996243));
#2326=CARTESIAN_POINT('',(15.5391801947456,0.325632509411772,0.0877440613628756));
#2327=CARTESIAN_POINT('',(15.5420000000078,0.327606963001116,0.855031350996243));
#2328=CARTESIAN_POINT('',(15.5431762997135,0.325985204501867,0.088956230635593));
#2329=CARTESIAN_POINT('',(15.5460000000078,0.327606963001116,0.855031350996243));
#2330=CARTESIAN_POINT('',(15.5471724046813,0.326337899591963,0.0901683999083103));
#2331=CARTESIAN_POINT('',(15.5500000000078,0.327606963001116,0.855031350996243));
#2332=CARTESIAN_POINT('',(15.5511685096491,0.326690594682057,0.0913805691810277));
#2333=CARTESIAN_POINT('',(15.9500000000052,0.327606963001116,0.855031350996243));
#2334=CARTESIAN_POINT('',(15.9507790064328,0.361960103691577,0.212597496452765));
#2335=CARTESIAN_POINT('',(16.3500000000026,0.327606963001116,0.855031350996243));
#2336=CARTESIAN_POINT('',(16.3503895032164,0.397229612701097,0.333814423724502));
#2337=CARTESIAN_POINT('',(16.75,0.327606963001116,0.855031350996243));
#2338=CARTESIAN_POINT('',(16.75,0.432499121710616,0.45503135099624));
#2339=CARTESIAN_POINT('',(22.3,0.80000000000014,-0.293750006963994));
#2340=CARTESIAN_POINT('',(22.3,0.800000000000135,0.0524999999949091));
#2341=CARTESIAN_POINT('',(22.3,0.800000000000135,0.372499999994909));
#2342=CARTESIAN_POINT('',(22.3,0.800000000000135,0.752499999994909));
#2343=CARTESIAN_POINT('',(22.3,0.800000000000135,1.45249999999491));
#2344=CARTESIAN_POINT('',(22.3,-0.399999999999864,1.45249999999491));
#2345=CARTESIAN_POINT('',(22.3,-0.799999999999865,1.45249999999491));
#2346=CARTESIAN_POINT('',(22.3,-0.799999999999865,0.752499999994909));
#2347=CARTESIAN_POINT('',(22.3,-0.799999999999792,0.0524999999949089));
#2348=CARTESIAN_POINT('',(22.3,-0.799999999999755,-0.293750006964302));
#2349=CARTESIAN_POINT('',(22.3,-0.799999999999825,0.372499999994909));
#2350=CARTESIAN_POINT('',(22.3,-0.799999999999865,0.752499999994909));
#2351=CARTESIAN_POINT('',(22.3,-0.799999999999865,1.13249999999491));
#2352=CARTESIAN_POINT('',(22.3,-0.399999999999864,1.13249999999491));
#2353=CARTESIAN_POINT('',(22.3,0.800000000000135,1.13249999999491));
#2354=CARTESIAN_POINT('',(22.3,0.800000000000135,0.752499999994909));
#2355=CARTESIAN_POINT('',(22.3,-0.399999999999864,0.872499999994909));
#2356=CARTESIAN_POINT('',(18.7,0.800000000000135,0.752499999994909));
#2357=CARTESIAN_POINT('',(18.7,0.800000000000135,1.45249999999491));
#2358=CARTESIAN_POINT('',(18.7,0.800000000000122,0.0524999999887176));
#2359=CARTESIAN_POINT('',(21.45,0.800000000000135,1.45249999999491));
#2360=CARTESIAN_POINT('',(21.45,0.800000000000135,0.0524999999949091));
#2361=CARTESIAN_POINT('',(21.45,0.800000000000135,0.752499999994909));
#2362=CARTESIAN_POINT('',(18.7,0.800000000000135,0.052499999994909));
#2363=CARTESIAN_POINT('',(18.7,-0.799999999999791,0.052499999994909));
#2364=CARTESIAN_POINT('',(22.3,-0.399999999999864,0.0524999999949089));
#2365=CARTESIAN_POINT('',(21.45,-0.799999999999791,0.052499999994909));
#2366=CARTESIAN_POINT('',(21.45,0.800000000000135,0.052499999994909));
#2367=CARTESIAN_POINT('',(18.7,-0.799999999999865,0.752499999994909));
#2368=CARTESIAN_POINT('',(18.7,-0.799999999999865,1.45249999999491));
#2369=CARTESIAN_POINT('',(21.45,-0.799999999999865,1.45249999999491));
#2370=CARTESIAN_POINT('',(21.45,-0.799999999999865,0.752499999994909));
#2371=CARTESIAN_POINT('',(18.7,-0.799999999999791,1.45249999999491));
#2372=CARTESIAN_POINT('',(21.45,-0.799999999999791,1.45249999999491));
#2373=CARTESIAN_POINT('',(18.7,-0.799999999999793,0.0524999999949115));
#2374=CARTESIAN_POINT('',(18.7,-0.799999999999793,0.15919123391929));
#2375=CARTESIAN_POINT('',(18.7,-0.799999999999793,0.265882467843669));
#2376=CARTESIAN_POINT('',(18.7,-0.799999999999793,0.372573701768048));
#2377=CARTESIAN_POINT('',(18.7,-0.799999999999791,0.372536850881479));
#2378=CARTESIAN_POINT('',(18.7,-1.6056803598693,0.171536961565082));
#2379=CARTESIAN_POINT('',(18.6999999999992,0.799999999999807,0.372542929281912));
#2380=CARTESIAN_POINT('',(18.7,0.800000000000135,0.752499999994909));
#2381=CARTESIAN_POINT('',(18.7,0.800000000000135,1.13249999999491));
#2382=CARTESIAN_POINT('',(18.7,0.800000000000135,1.13249999999491));
#2383=CARTESIAN_POINT('',(18.7,-0.799999999999865,1.13249999999491));
#2384=CARTESIAN_POINT('',(18.7,-0.799999999999865,0.752499999994909));
#2385=CARTESIAN_POINT('',(18.7,0.800000000000135,0.752499999994909));
#2386=CARTESIAN_POINT('',(21.45,0.800000000000135,0.372499999994909));
#2387=CARTESIAN_POINT('',(21.45,0.800000000000135,1.13249999999491));
#2388=CARTESIAN_POINT('',(21.45,0.800000000000135,0.752499999994909));
#2389=CARTESIAN_POINT('',(18.7002559595085,0.800062284036774,0.372499999994909));
#2390=CARTESIAN_POINT('',(21.45,-0.799999999999791,0.372499999994909));
#2391=CARTESIAN_POINT('',(22.3,-0.399999999999864,0.372499999994909));
#2392=CARTESIAN_POINT('',(21.45,0.800000000000135,0.372499999994909));
#2393=CARTESIAN_POINT('',(21.45,-0.799999999999865,1.13249999999491));
#2394=CARTESIAN_POINT('',(21.45,-0.799999999999865,0.752499999994909));
#2395=CARTESIAN_POINT('',(21.45,-0.799999999999791,1.13249999999491));
#2396=CARTESIAN_POINT('',(24.4,0.0114645341550304,1.41103066422508));
#2397=CARTESIAN_POINT('',(24.4,2.25000059443427,1.73999998608082));
#2398=CARTESIAN_POINT('',(24.4,0.400000594434908,3.63999998607653));
#2399=CARTESIAN_POINT('',(25.9,0.400000594434908,3.63999998607653));
#2400=CARTESIAN_POINT('',(26.4,0.400000594434908,3.63999998607653));
#2401=CARTESIAN_POINT('',(26.4,0.0114645341550304,1.41103066422508));
#2402=CARTESIAN_POINT('',(26.4,2.25000059443427,1.73999998608082));
#2403=CARTESIAN_POINT('',(25.9,2.25000059443427,1.73999998608082));
#2404=CARTESIAN_POINT('',(25.9,0.0114645341550304,1.41103066422508));
#2405=CARTESIAN_POINT('',(24.4,0.400000594434901,3.63999998607653));
#2406=CARTESIAN_POINT('',(24.4,-0.399999405565099,3.63999998607653));
#2407=CARTESIAN_POINT('',(25.9,-0.399999405565099,3.63999998607653));
#2408=CARTESIAN_POINT('',(26.4,-0.399999405565099,3.63999998607653));
#2409=CARTESIAN_POINT('',(26.4,0.400000594434901,3.63999998607653));
#2410=CARTESIAN_POINT('',(25.9,0.400000594434901,3.63999998607653));
#2411=CARTESIAN_POINT('',(24.4,-0.0114633452852283,1.41103066422508));
#2412=CARTESIAN_POINT('',(24.4,-2.2499994055651,1.73999998607653));
#2413=CARTESIAN_POINT('',(25.9,-2.2499994055651,1.73999998607653));
#2414=CARTESIAN_POINT('',(26.4,-2.2499994055651,1.73999998607653));
#2415=CARTESIAN_POINT('',(26.4,-0.0114633452852283,1.41103066422508));
#2416=CARTESIAN_POINT('',(25.9,-0.0114633452852283,1.41103066422508));
#2417=CARTESIAN_POINT('',(24.4,-2.2499994055651,1.73999998607653));
#2418=CARTESIAN_POINT('',(24.4,-2.2499994055651,0.939999986076532));
#2419=CARTESIAN_POINT('',(25.9,-2.2499994055651,0.939999986076532));
#2420=CARTESIAN_POINT('',(26.4,-2.2499994055651,0.939999986076532));
#2421=CARTESIAN_POINT('',(26.4,-2.2499994055651,1.73999998607653));
#2422=CARTESIAN_POINT('',(25.9,-2.2499994055651,1.73999998607653));
#2423=CARTESIAN_POINT('',(24.4,-0.0114633452852277,1.26896930792799));
#2424=CARTESIAN_POINT('',(24.4,-0.399999405565097,-0.960000013923469));
#2425=CARTESIAN_POINT('',(25.9,-0.399999405565097,-0.960000013923469));
#2426=CARTESIAN_POINT('',(26.4,-0.399999405565097,-0.960000013923469));
#2427=CARTESIAN_POINT('',(26.4,-0.0114633452852277,1.26896930792799));
#2428=CARTESIAN_POINT('',(25.9,-0.0114633452852277,1.26896930792799));
#2429=CARTESIAN_POINT('',(24.4,-0.399999405565099,-0.960000013923468));
#2430=CARTESIAN_POINT('',(24.4,-0.371254904777522,-0.960000013923468));
#2431=CARTESIAN_POINT('',(24.4,-0.546343633754652,-0.960000013923468));
#2432=CARTESIAN_POINT('',(24.4,0.371256093647238,-0.960000013923468));
#2433=CARTESIAN_POINT('',(24.4,-0.399999405565099,-0.960000013923468));
#2434=CARTESIAN_POINT('',(24.4,0.400000594434901,-0.960000013923468));
#2435=CARTESIAN_POINT('',(25.9,0.400000594434901,-0.960000013923468));
#2436=CARTESIAN_POINT('',(26.4,0.400000594434901,-0.960000013923468));
#2437=CARTESIAN_POINT('',(26.4,-0.399999405565099,-0.960000013923468));
#2438=CARTESIAN_POINT('',(25.9,-0.399999405565099,-0.960000013923468));
#2439=CARTESIAN_POINT('',(24.4,0.011464534155031,1.26896930792799));
#2440=CARTESIAN_POINT('',(24.4,2.25000059443428,0.939999986072245));
#2441=CARTESIAN_POINT('',(25.9,2.25000059443428,0.939999986072245));
#2442=CARTESIAN_POINT('',(26.4,2.25000059443428,0.939999986072245));
#2443=CARTESIAN_POINT('',(26.4,0.011464534155031,1.26896930792799));
#2444=CARTESIAN_POINT('',(25.9,0.011464534155031,1.26896930792799));
#2445=CARTESIAN_POINT('',(24.4,2.2500005944349,0.939999986076532));
#2446=CARTESIAN_POINT('',(26.4,2.2500005944349,0.939999986076532));
#2447=CARTESIAN_POINT('',(25.9,2.2500005944349,0.939999986076532));
#2448=CARTESIAN_POINT('',(26.4,0.0114645341550304,1.41103066422508));
#2449=CARTESIAN_POINT('',(26.4,1.9300005944349,1.71571611425033));
#2450=CARTESIAN_POINT('',(26.4,0.371256093647344,3.31999998607653));
#2451=CARTESIAN_POINT('',(26.4,1.9300005944349,0.939999986076532));
#2452=CARTESIAN_POINT('',(26.4,1.9300005944349,0.964283857902724));
#2453=CARTESIAN_POINT('',(26.4,0.011464534155031,1.26896930792799));
#2454=CARTESIAN_POINT('',(26.4,0.371256093647339,-0.640000013923468));
#2455=CARTESIAN_POINT('',(26.4,-0.399999405565099,-0.640000013923468));
#2456=CARTESIAN_POINT('',(26.4,-0.371254904777537,-0.640000013923468));
#2457=CARTESIAN_POINT('',(26.4,-0.0114633452852277,1.26896930792799));
#2458=CARTESIAN_POINT('',(26.4,-1.9299994055651,0.964283857902734));
#2459=CARTESIAN_POINT('',(26.4,-1.9299994055651,1.73999998607653));
#2460=CARTESIAN_POINT('',(26.4,-1.9299994055651,1.71571611425034));
#2461=CARTESIAN_POINT('',(26.4,-0.0114633452852283,1.41103066422508));
#2462=CARTESIAN_POINT('',(26.4,-0.371254904777549,3.31999998607653));
#2463=CARTESIAN_POINT('',(26.4,0.400000594434901,3.31999998607653));
#2464=CARTESIAN_POINT('',(26.4,-6.72205346941013E-15,1.60999997331886));
#2465=CARTESIAN_POINT('',(24.4,0.371256093647237,-0.293750006963995));
#2466=CARTESIAN_POINT('',(24.4,0.371256093647237,-0.640000013923468));
#2467=CARTESIAN_POINT('',(24.4,0.011464534155031,1.26896930792799));
#2468=CARTESIAN_POINT('',(24.4,1.9300005944349,0.964283857902724));
#2469=CARTESIAN_POINT('',(24.4,1.9300005944349,0.939999986076532));
#2470=CARTESIAN_POINT('',(24.4,1.9300005944349,1.71571611425033));
#2471=CARTESIAN_POINT('',(24.4,0.0114645341550304,1.41103066422508));
#2472=CARTESIAN_POINT('',(24.4,0.371256093647344,3.31999998607653));
#2473=CARTESIAN_POINT('',(24.4,0.400000594434901,3.31999998607653));
#2474=CARTESIAN_POINT('',(24.4,-0.371254904777549,3.31999998607653));
#2475=CARTESIAN_POINT('',(24.4,-0.0114633452852283,1.41103066422508));
#2476=CARTESIAN_POINT('',(24.4,-1.9299994055651,1.71571611425034));
#2477=CARTESIAN_POINT('',(24.4,-1.9299994055651,1.73999998607653));
#2478=CARTESIAN_POINT('',(24.4,-1.9299994055651,0.964283857902734));
#2479=CARTESIAN_POINT('',(24.4,-0.0114633452852277,1.26896930792799));
#2480=CARTESIAN_POINT('',(24.4,-0.371254904777539,-0.640000013923468));
#2481=CARTESIAN_POINT('',(24.4,-0.371254904777577,-0.293750006964255));
#2482=CARTESIAN_POINT('',(24.4,0.0114645341550304,1.41103066422508));
#2483=CARTESIAN_POINT('',(26.4,1.9300005944349,1.71571611425033));
#2484=CARTESIAN_POINT('',(26.4,0.371256093647344,3.31999998607653));
#2485=CARTESIAN_POINT('',(25.9,0.0114645341550304,1.41103066422508));
#2486=CARTESIAN_POINT('',(26.4,-0.371254904777549,3.31999998607653));
#2487=CARTESIAN_POINT('',(25.9,0.400000594434901,3.31999998607653));
#2488=CARTESIAN_POINT('',(26.4,-1.9299994055651,1.71571611425034));
#2489=CARTESIAN_POINT('',(25.9,-0.0114633452852283,1.41103066422508));
#2490=CARTESIAN_POINT('',(26.4,-1.9299994055651,0.964283857902734));
#2491=CARTESIAN_POINT('',(25.9,-1.9299994055651,1.73999998607653));
#2492=CARTESIAN_POINT('',(26.4,-0.371254904777537,-0.640000013923468));
#2493=CARTESIAN_POINT('',(25.9,-0.0114633452852277,1.26896930792799));
#2494=CARTESIAN_POINT('',(24.4,-0.399999405565099,-0.640000013923468));
#2495=CARTESIAN_POINT('',(26.4,0.371256093647339,-0.640000013923468));
#2496=CARTESIAN_POINT('',(25.9,-0.399999405565099,-0.640000013923468));
#2497=CARTESIAN_POINT('',(26.4,1.9300005944349,0.964283857902724));
#2498=CARTESIAN_POINT('',(25.9,0.011464534155031,1.26896930792799));
#2499=CARTESIAN_POINT('',(25.9,1.9300005944349,0.939999986076532));
#2500=CARTESIAN_POINT('',(23.5474835413271,0.545309063514641,-0.228965287127313));
#2501=CARTESIAN_POINT('',(23.2894551770871,0.597989105816604,-0.424558752658565));
#2502=CARTESIAN_POINT('',(23.35,0.585628046823686,-0.293750006963995));
#2503=CARTESIAN_POINT('',(23.4105448119282,-0.573266361362302,-0.162941255973829));
#2504=CARTESIAN_POINT('',(23.6316939437743,1.05365636624527,-0.269566731722458));
#2505=CARTESIAN_POINT('',(23.628773149428,-0.528711918818676,-0.588158491571879));
#2506=CARTESIAN_POINT('',(23.35,-0.585627452388662,-0.293750006964278));
#2507=CARTESIAN_POINT('',(23.6316939437743,-0.546343633754652,-0.589566731722458));
#2508=CARTESIAN_POINT('',(17.5,-0.433704317104821,0.455031350996246));
#2509=CARTESIAN_POINT('',(17.9,-0.555802878069811,0.320854233995801));
#2510=CARTESIAN_POINT('',(18.3,-0.677901439034801,0.186677116995357));
#2511=CARTESIAN_POINT('',(18.7,-0.799999999999792,0.0524999999949121));
#2512=CARTESIAN_POINT('',(17.4999999999919,-0.433704317102332,0.45503135099898));
#2513=CARTESIAN_POINT('',(18.7,-0.799999999999792,0.372573701768049));
#2514=CARTESIAN_POINT('',(18.5767958445829,-0.753841339062923,0.413901648786976));
#2515=CARTESIAN_POINT('',(18.4536033238483,-0.707648114451174,0.455225693331225));
#2516=CARTESIAN_POINT('',(18.3304226180705,-0.661419879823233,0.496545774932865));
#2517=CARTESIAN_POINT('',(18.2072419121755,-0.615191645151362,0.537865856573771));
#2518=CARTESIAN_POINT('',(18.0840730122859,-0.568928397115899,0.579181978274787));
#2519=CARTESIAN_POINT('',(17.9609161022601,-0.52262968189163,0.620494078365941));
#2520=CARTESIAN_POINT('',(17.8072586322101,-0.464864807420223,0.6720373720482));
#2521=CARTESIAN_POINT('',(17.6536198097527,-0.407044717621339,0.723574411002353));
#2522=CARTESIAN_POINT('',(17.5,-0.349168514405972,0.775105072762072));
#2523=CARTESIAN_POINT('',(17.5,-0.350473460743232,0.775031350995255));
#2524=CARTESIAN_POINT('',(17.5,-0.349168514405961,0.77510507276207));
#2525=CARTESIAN_POINT('',(17.5,-0.377347115305582,0.66841383217346));
#2526=CARTESIAN_POINT('',(17.5,-0.405525716205204,0.56172259158485));
#2527=CARTESIAN_POINT('',(17.5,-0.433704317104825,0.455031350996241));
#2528=CARTESIAN_POINT('',(17.5,-0.433704317104821,0.455031350996246));
#2529=CARTESIAN_POINT('',(17.5,-0.398489178862091,0.588364684329582));
#2530=CARTESIAN_POINT('',(17.5,-0.36327404061936,0.721698017662919));
#2531=CARTESIAN_POINT('',(17.5,-0.328058902376629,0.855031350996255));
#2532=CARTESIAN_POINT('',(17.9,-0.555802878069811,0.320854233995801));
#2533=CARTESIAN_POINT('',(17.9,-0.532326119241324,0.454854233995804));
#2534=CARTESIAN_POINT('',(17.9,-0.508849360412837,0.588854233995805));
#2535=CARTESIAN_POINT('',(17.9,-0.48537260158435,0.722854233995808));
#2536=CARTESIAN_POINT('',(18.3,-0.677901439034801,0.186677116995357));
#2537=CARTESIAN_POINT('',(18.3,-0.666163059620558,0.321343783662025));
#2538=CARTESIAN_POINT('',(18.3,-0.654424680206314,0.456010450328693));
#2539=CARTESIAN_POINT('',(18.3,-0.64268630079207,0.59067711699536));
#2540=CARTESIAN_POINT('',(18.7,-0.799999999999792,0.0524999999949121));
#2541=CARTESIAN_POINT('',(18.7,-0.799999999999792,0.187833333328246));
#2542=CARTESIAN_POINT('',(18.7,-0.799999999999792,0.323166666661579));
#2543=CARTESIAN_POINT('',(18.7,-0.799999999999792,0.458499999994913));
#2544=CARTESIAN_POINT('',(17.5,-0.000602597699007955,0.45503135099624));
#2545=CARTESIAN_POINT('',(17.4999999999912,0.432499121698397,0.455031350995104));
#2546=CARTESIAN_POINT('',(18.3481238089773,-1.71347157611365,0.170534332121842));
#2547=CARTESIAN_POINT('',(18.7,-4.77851092028914E-12,0.0524999999887176));
#2548=CARTESIAN_POINT('',(17.5002314941837,0.16815584499618,0.775031350993943));
#2549=CARTESIAN_POINT('',(17.5000411166173,0.349540024285911,0.774832841999295));
#2550=CARTESIAN_POINT('',(19.2942605350664,-1.42363887063225,0.173230236428839));
#2551=CARTESIAN_POINT('',(18.2398333080435,0.168139092377924,0.526939351968612));
#2552=CARTESIAN_POINT('',(17.5,-1.97327971098564,0.168117703989311));
#2553=CARTESIAN_POINT('',(18.3875043677894,-1.70140801955874,0.170646542350223));
#2554=CARTESIAN_POINT('',(17.5,0.350764059788743,0.775031350993245));
#2555=CARTESIAN_POINT('',(17.5,0.413997492589415,0.814290194191953));
#2556=CARTESIAN_POINT('',(17.5,0.471324856593877,0.865007786011375));
#2557=CARTESIAN_POINT('',(17.5,0.51799884786373,0.922984180621592));
#2558=CARTESIAN_POINT('',(17.5,0.564672839133577,0.980960575231801));
#2559=CARTESIAN_POINT('',(17.5,0.601980783975707,1.04779483317873));
#2560=CARTESIAN_POINT('',(17.5,0.626833195256736,1.11795238050313));
#2561=CARTESIAN_POINT('',(17.5,0.651685606537772,1.18810992782754));
#2562=CARTESIAN_POINT('',(17.5,0.664767944445724,1.2635257963071));
#2563=CARTESIAN_POINT('',(17.5,0.664996854890406,1.33795476508316));
#2564=CARTESIAN_POINT('',(17.5,0.665244689574002,1.41853684578563));
#2565=CARTESIAN_POINT('',(17.5,0.650361537970984,1.50046308946414));
#2566=CARTESIAN_POINT('',(17.5,0.621786979692236,1.57580914292114));
#2567=CARTESIAN_POINT('',(17.5,0.621786979692236,1.57580914292114));
#2568=CARTESIAN_POINT('',(17.5,0.432499121700301,0.455031350991197));
#2569=CARTESIAN_POINT('',(17.5,0.499651065203897,0.487849639659731));
#2570=CARTESIAN_POINT('',(17.5,0.563449780511381,0.52862106976511));
#2571=CARTESIAN_POINT('',(17.5,0.621439528431481,0.575776268032159));
#2572=CARTESIAN_POINT('',(17.5,0.70697434542535,0.645330135719926));
#2573=CARTESIAN_POINT('',(17.5,0.781680163057611,0.730610905815732));
#2574=CARTESIAN_POINT('',(17.5,0.839370560089018,0.824556440668969));
#2575=CARTESIAN_POINT('',(17.5,0.897060957120409,0.91850197552218));
#2576=CARTESIAN_POINT('',(17.5,0.939327105930541,1.0237034089772));
#2577=CARTESIAN_POINT('',(17.5,0.962668928359673,1.1314489645894));
#2578=CARTESIAN_POINT('',(17.5,0.986010750788819,1.23919452020166));
#2579=CARTESIAN_POINT('',(17.5,0.991072043119338,1.35245595342671));
#2580=CARTESIAN_POINT('',(17.5,0.977433677532747,1.46185403573456));
#2581=CARTESIAN_POINT('',(17.5,0.967770877097933,1.53936272477656));
#2582=CARTESIAN_POINT('',(17.5,0.948690100655411,1.61624818462329));
#2583=CARTESIAN_POINT('',(17.5,0.920992744356182,1.68928121169519));
#2584=CARTESIAN_POINT('',(17.5,0.920992744356181,1.6892812116952));
#2585=CARTESIAN_POINT('',(17.5,-3.16399331306411E-15,1.34));
#2586=CARTESIAN_POINT('',(17.5,0.432434966208789,2.225));
#2587=CARTESIAN_POINT('',(17.5,-0.4499999999676,2.225));
#2588=CARTESIAN_POINT('',(17.5,-0.432434966208795,2.225));
#2589=CARTESIAN_POINT('',(17.5,-3.16399331306411E-15,1.34));
#2590=CARTESIAN_POINT('',(17.5,-0.920928764254322,1.68945000779536));
#2591=CARTESIAN_POINT('',(17.5,-0.920928764254321,1.68945000779536));
#2592=CARTESIAN_POINT('',(17.5,-0.960066717943699,1.58613766969763));
#2593=CARTESIAN_POINT('',(17.5,-0.9819686589207,1.47470209423265));
#2594=CARTESIAN_POINT('',(17.5,-0.984977375672697,1.36426584001458));
#2595=CARTESIAN_POINT('',(17.5,-0.987987738553171,1.25376916393629));
#2596=CARTESIAN_POINT('',(17.5,-0.9716053752486,1.14121657151222));
#2597=CARTESIAN_POINT('',(17.5,-0.937515592096079,1.03606684781484));
#2598=CARTESIAN_POINT('',(17.5,-0.903775765455287,0.931996562797067));
#2599=CARTESIAN_POINT('',(17.5,-0.852113952801526,0.83207826384511));
#2600=CARTESIAN_POINT('',(17.5,-0.785949014340905,0.744950765063537));
#2601=CARTESIAN_POINT('',(17.5,-0.719511798230237,0.657464724867513));
#2602=CARTESIAN_POINT('',(17.5,-0.637126082312424,0.580264682574833));
#2603=CARTESIAN_POINT('',(17.5,-0.545700458155099,0.519362579481758));
#2604=CARTESIAN_POINT('',(17.5,-0.509869894845139,0.49549447159954));
#2605=CARTESIAN_POINT('',(17.5,-0.472385737998609,0.473932766777468));
#2606=CARTESIAN_POINT('',(17.5,-0.433704317103894,0.455031350995785));
#2607=CARTESIAN_POINT('',(17.5,-0.621734415999935,1.57594769751202));
#2608=CARTESIAN_POINT('',(17.5,-0.648191323462929,1.50606219460145));
#2609=CARTESIAN_POINT('',(17.5,-0.662998328694521,1.43069806326019));
#2610=CARTESIAN_POINT('',(17.5,-0.665083646960095,1.35600132359037));
#2611=CARTESIAN_POINT('',(17.5,-0.66717065847523,1.28124393120208));
#2612=CARTESIAN_POINT('',(17.5,-0.65600884023797,1.20508117541635));
#2613=CARTESIAN_POINT('',(17.5,-0.632857861751026,1.13396819819799));
#2614=CARTESIAN_POINT('',(17.5,-0.610074729985281,1.06398513760581));
#2615=CARTESIAN_POINT('',(17.5,-0.575400341488207,0.996733600474841));
#2616=CARTESIAN_POINT('',(17.5,-0.530851775149626,0.938149258709471));
#2617=CARTESIAN_POINT('',(17.5,-0.48197859320273,0.87387775841972));
#2618=CARTESIAN_POINT('',(17.5,-0.420273896745697,0.817783913010582));
#2619=CARTESIAN_POINT('',(17.5,-0.35177840708183,0.775031350995927));
#2620=CARTESIAN_POINT('',(17.5,-0.621734415999935,1.57594769751202));
#2621=CARTESIAN_POINT('',(17.5,-3.16399331306411E-15,1.34));
#2622=CARTESIAN_POINT('',(17.5,-0.350713558335007,1.905));
#2623=CARTESIAN_POINT('',(17.5,-1.22555386280332,1.905));
#2624=CARTESIAN_POINT('',(17.5,0.350713558335,1.905));
#2625=CARTESIAN_POINT('',(17.5,-3.16399331306411E-15,1.34));
#2626=CARTESIAN_POINT('',(17.5,-1.22555386280332,0.499916382334221));
#2627=CARTESIAN_POINT('',(16.75,0.433179000002587,0.455363942653954));
#2628=CARTESIAN_POINT('',(16.75,0.500080590311102,0.488123588553272));
#2629=CARTESIAN_POINT('',(16.75,0.563644254775621,0.528779209312478));
#2630=CARTESIAN_POINT('',(16.75,0.621439528431482,0.57577626803216));
#2631=CARTESIAN_POINT('',(16.75,0.706974345425348,0.645330135719927));
#2632=CARTESIAN_POINT('',(16.75,0.781680163057609,0.730610905815728));
#2633=CARTESIAN_POINT('',(16.75,0.839370560089015,0.824556440668962));
#2634=CARTESIAN_POINT('',(16.75,0.897060957120406,0.918501975522172));
#2635=CARTESIAN_POINT('',(16.75,0.939327105930539,1.02370340897719));
#2636=CARTESIAN_POINT('',(16.75,0.962668928359672,1.13144896458939));
#2637=CARTESIAN_POINT('',(16.75,0.986010750788818,1.23919452020166));
#2638=CARTESIAN_POINT('',(16.75,0.99107204311934,1.3524559534267));
#2639=CARTESIAN_POINT('',(16.75,0.977433677532749,1.46185403573455));
#2640=CARTESIAN_POINT('',(16.75,0.967770877097934,1.53936272477656));
#2641=CARTESIAN_POINT('',(16.75,0.948690100655412,1.61624818462329));
#2642=CARTESIAN_POINT('',(16.75,0.920992744356181,1.6892812116952));
#2643=CARTESIAN_POINT('',(16.75,0.920992744356181,1.6892812116952));
#2644=CARTESIAN_POINT('',(16.75,0.350764059788741,0.775031350993245));
#2645=CARTESIAN_POINT('',(16.75,0.413997492589412,0.814290194191953));
#2646=CARTESIAN_POINT('',(16.75,0.471324856593876,0.865007786011373));
#2647=CARTESIAN_POINT('',(16.75,0.517998847863728,0.922984180621589));
#2648=CARTESIAN_POINT('',(16.75,0.564672839133575,0.980960575231799));
#2649=CARTESIAN_POINT('',(16.75,0.601980783975707,1.04779483317873));
#2650=CARTESIAN_POINT('',(16.75,0.626833195256736,1.11795238050313));
#2651=CARTESIAN_POINT('',(16.75,0.651685606537771,1.18810992782754));
#2652=CARTESIAN_POINT('',(16.75,0.664767944445726,1.26352579630709));
#2653=CARTESIAN_POINT('',(16.75,0.664996854890406,1.33795476508315));
#2654=CARTESIAN_POINT('',(16.75,0.665244689574001,1.41853684578564));
#2655=CARTESIAN_POINT('',(16.75,0.650361537970976,1.50046308946416));
#2656=CARTESIAN_POINT('',(16.75,0.621786979692226,1.57580914292117));
#2657=CARTESIAN_POINT('',(16.75,0.621786979692236,1.57580914292114));
#2658=CARTESIAN_POINT('',(16.75,-3.16399331306411E-15,1.34));
#2659=CARTESIAN_POINT('',(16.75,0.350713558335,1.905));
#2660=CARTESIAN_POINT('',(16.75,-1.22555386280332,1.905));
#2661=CARTESIAN_POINT('',(16.75,-0.350713558335007,1.905));
#2662=CARTESIAN_POINT('',(16.75,-3.16399331306411E-15,1.34));
#2663=CARTESIAN_POINT('',(16.75,-0.621734415999937,1.57594769751202));
#2664=CARTESIAN_POINT('',(16.75,-0.621734415999935,1.57594769751202));
#2665=CARTESIAN_POINT('',(16.75,-0.648191323462929,1.50606219460145));
#2666=CARTESIAN_POINT('',(16.75,-0.662998328694521,1.43069806326019));
#2667=CARTESIAN_POINT('',(16.75,-0.665083646960095,1.35600132359037));
#2668=CARTESIAN_POINT('',(16.75,-0.66717065847523,1.28124393120208));
#2669=CARTESIAN_POINT('',(16.75,-0.65600884023797,1.20508117541635));
#2670=CARTESIAN_POINT('',(16.75,-0.632857861751026,1.13396819819799));
#2671=CARTESIAN_POINT('',(16.75,-0.610074729985281,1.06398513760581));
#2672=CARTESIAN_POINT('',(16.75,-0.575400341488207,0.996733600474841));
#2673=CARTESIAN_POINT('',(16.75,-0.530851775149626,0.938149258709471));
#2674=CARTESIAN_POINT('',(16.75,-0.48197859320273,0.87387775841972));
#2675=CARTESIAN_POINT('',(16.75,-0.420273896745697,0.817783913010582));
#2676=CARTESIAN_POINT('',(16.75,-0.35177840708183,0.775031350995927));
#2677=CARTESIAN_POINT('',(16.75,-0.920928764254322,1.68945000779536));
#2678=CARTESIAN_POINT('',(16.75,-0.9600667179437,1.58613766969763));
#2679=CARTESIAN_POINT('',(16.75,-0.9819686589207,1.47470209423265));
#2680=CARTESIAN_POINT('',(16.75,-0.984977375672697,1.36426584001458));
#2681=CARTESIAN_POINT('',(16.75,-0.987987738553171,1.25376916393629));
#2682=CARTESIAN_POINT('',(16.75,-0.9716053752486,1.14121657151222));
#2683=CARTESIAN_POINT('',(16.75,-0.937515592096079,1.03606684781484));
#2684=CARTESIAN_POINT('',(16.75,-0.903775765455287,0.931996562797067));
#2685=CARTESIAN_POINT('',(16.75,-0.852113952801526,0.83207826384511));
#2686=CARTESIAN_POINT('',(16.75,-0.785949014340905,0.744950765063537));
#2687=CARTESIAN_POINT('',(16.75,-0.719511798230237,0.657464724867513));
#2688=CARTESIAN_POINT('',(16.75,-0.637126082312424,0.580264682574833));
#2689=CARTESIAN_POINT('',(16.75,-0.545700458155099,0.519362579481758));
#2690=CARTESIAN_POINT('',(16.75,-0.509869894845426,0.495494471599731));
#2691=CARTESIAN_POINT('',(16.75,-0.47238573799921,0.473932766777813));
#2692=CARTESIAN_POINT('',(16.75,-0.433704317104824,0.45503135099624));
#2693=CARTESIAN_POINT('',(16.75,-0.920928764254322,1.68945000779536));
#2694=CARTESIAN_POINT('',(16.75,-3.16399331306411E-15,1.34));
#2695=CARTESIAN_POINT('',(16.75,-0.432434966208795,2.225));
#2696=CARTESIAN_POINT('',(16.75,-1.22555386280332,2.225));
#2697=CARTESIAN_POINT('',(16.75,0.432434966208789,2.225));
#2698=CARTESIAN_POINT('',(16.75,-3.16399331306411E-15,1.34));
#2699=CARTESIAN_POINT('',(16.75,-1.22555386280332,0.499916382334221));
#2700=CARTESIAN_POINT('',(17.5,0.432434966208789,2.225));
#2701=CARTESIAN_POINT('',(17.5,0.920992744356189,1.68928121169517));
#2702=CARTESIAN_POINT('',(17.5,-3.16399331306411E-15,1.34));
#2703=CARTESIAN_POINT('',(17.5,-0.432434966208795,2.225));
#2704=CARTESIAN_POINT('',(18.705,-0.4499999999676,2.225));
#2705=CARTESIAN_POINT('',(17.5,-0.920928764254321,1.68945000779536));
#2706=CARTESIAN_POINT('',(17.25,-0.920928764254321,1.68945000779536));
#2707=CARTESIAN_POINT('',(17.,-0.920928764254321,1.68945000779536));
#2708=CARTESIAN_POINT('',(16.75,-0.920928764254321,1.68945000779536));
#2709=CARTESIAN_POINT('',(17.5,-3.16399331306411E-15,1.34));
#2710=CARTESIAN_POINT('',(17.125,0.432499121706808,0.455031350994377));
#2711=CARTESIAN_POINT('',(17.5,0.920992744356182,1.6892812116952));
#2712=CARTESIAN_POINT('',(16.75,0.920992744356182,1.6892812116952));
#2713=CARTESIAN_POINT('',(17.5,1.00167875066378,1.47652649173837));
#2714=CARTESIAN_POINT('',(16.75,1.00167875066378,1.47652649173837));
#2715=CARTESIAN_POINT('',(17.5,1.00770650359003,1.20443979021658));
#2716=CARTESIAN_POINT('',(16.75,1.00770650359003,1.20443979021658));
#2717=CARTESIAN_POINT('',(17.5,0.818520630048306,0.736781178974419));
#2718=CARTESIAN_POINT('',(16.75,0.818520630048306,0.736781178974419));
#2719=CARTESIAN_POINT('',(17.5,0.648179529860481,0.560438008281778));
#2720=CARTESIAN_POINT('',(16.75,0.648179529860481,0.560438008281778));
#2721=CARTESIAN_POINT('',(17.5,0.432499121706808,0.455031350994377));
#2722=CARTESIAN_POINT('',(16.75,0.432499121706808,0.455031350994377));
#2723=CARTESIAN_POINT('',(17.125,-0.433704317104825,0.45503135099624));
#2724=CARTESIAN_POINT('',(17.5,-0.433704317104825,0.45503135099624));
#2725=CARTESIAN_POINT('',(16.75,-0.433704317104825,0.45503135099624));
#2726=CARTESIAN_POINT('',(17.5,-0.650345025657141,0.560891374048192));
#2727=CARTESIAN_POINT('',(16.75,-0.650345025657141,0.560891374048192));
#2728=CARTESIAN_POINT('',(17.5,-0.826868789227194,0.750493368672643));
#2729=CARTESIAN_POINT('',(16.75,-0.826868789227194,0.750493368672643));
#2730=CARTESIAN_POINT('',(17.5,-1.00598842235935,1.20419938333555));
#2731=CARTESIAN_POINT('',(16.75,-1.00598842235935,1.20419938333555));
#2732=CARTESIAN_POINT('',(17.5,-1.00677299744108,1.46284724483236));
#2733=CARTESIAN_POINT('',(16.75,-1.00677299744108,1.46284724483236));
#2734=CARTESIAN_POINT('',(17.5,-0.920928764254321,1.68945000779536));
#2735=CARTESIAN_POINT('',(16.75,-0.920928764254321,1.68945000779536));
#2736=CARTESIAN_POINT('',(16.1499999999923,-0.433704317104825,0.45503135099624));
#2737=CARTESIAN_POINT('',(17.5,0.350713558335,1.905));
#2738=CARTESIAN_POINT('',(17.5,0.621786979692249,1.57580914292111));
#2739=CARTESIAN_POINT('',(17.5,-3.16399331306411E-15,1.34));
#2740=CARTESIAN_POINT('',(16.75,-0.350713558335007,1.905));
#2741=CARTESIAN_POINT('',(18.705,-0.4499999999676,1.905));
#2742=CARTESIAN_POINT('',(17.5,-0.621786979692255,1.57580914292111));
#2743=CARTESIAN_POINT('',(17.25,-0.621786979692255,1.57580914292111));
#2744=CARTESIAN_POINT('',(17.,-0.621786979692255,1.57580914292111));
#2745=CARTESIAN_POINT('',(16.75,-0.621786979692255,1.57580914292111));
#2746=CARTESIAN_POINT('',(17.5,-3.16399331306411E-15,1.34));
#2747=CARTESIAN_POINT('',(16.75,0.350764059788745,0.775031350993247));
#2748=CARTESIAN_POINT('',(17.5,0.350764059788745,0.775031350993247));
#2749=CARTESIAN_POINT('',(16.75,0.350764059788745,0.775031350993247));
#2750=CARTESIAN_POINT('',(17.5,0.475525015288518,0.852489913218175));
#2751=CARTESIAN_POINT('',(16.75,0.475525015288518,0.852489913218175));
#2752=CARTESIAN_POINT('',(17.5,0.577473700501152,0.974029007849765));
#2753=CARTESIAN_POINT('',(16.75,0.577473700501152,0.974029007849765));
#2754=CARTESIAN_POINT('',(17.5,0.680504512254473,1.27424096512854));
#2755=CARTESIAN_POINT('',(16.75,0.680504512254473,1.27424096512854));
#2756=CARTESIAN_POINT('',(17.5,0.672448808779178,1.44222286503794));
#2757=CARTESIAN_POINT('',(16.75,0.672448808779178,1.44222286503794));
#2758=CARTESIAN_POINT('',(17.5,0.621786979692236,1.57580914292114));
#2759=CARTESIAN_POINT('',(16.75,0.621786979692236,1.57580914292114));
#2760=CARTESIAN_POINT('',(17.5,-0.35177840708183,0.775031350995928));
#2761=CARTESIAN_POINT('',(17.5,-0.621682052325182,1.57608596852541));
#2762=CARTESIAN_POINT('',(16.75,-0.621682052325182,1.57608596852541));
#2763=CARTESIAN_POINT('',(17.5,-0.729285037982851,1.29204669240947));
#2764=CARTESIAN_POINT('',(16.75,-0.729285037982851,1.29204669240947));
#2765=CARTESIAN_POINT('',(17.5,-0.609351578372166,0.935799790391579));
#2766=CARTESIAN_POINT('',(16.75,-0.609351578372166,0.935799790391579));
#2767=CARTESIAN_POINT('',(17.5,-0.35177840708183,0.775031350995927));
#2768=CARTESIAN_POINT('',(16.75,-0.35177840708183,0.775031350995927));
#2769=CARTESIAN_POINT('',(16.1499999999923,-0.433704317103604,0.77503135099624));
#2770=MECHANICAL_DESIGN_GEOMETRIC_PRESENTATION_REPRESENTATION('',(#24),
#2771);
#2771=(
GEOMETRIC_REPRESENTATION_CONTEXT(3)
GLOBAL_UNCERTAINTY_ASSIGNED_CONTEXT((#2772))
GLOBAL_UNIT_ASSIGNED_CONTEXT((#2778,#2774,#2773))
REPRESENTATION_CONTEXT('12124580','TOP_LEVEL_ASSEMBLY_PART')
);
#2772=UNCERTAINTY_MEASURE_WITH_UNIT(LENGTH_MEASURE(0.055752249020961),#2778,
'DISTANCE_ACCURACY_VALUE','Maximum Tolerance applied to model');
#2773=(
NAMED_UNIT(*)
SI_UNIT($,.STERADIAN.)
SOLID_ANGLE_UNIT()
);
#2774=(
CONVERSION_BASED_UNIT('DEGREE',#2776)
NAMED_UNIT(#2775)
PLANE_ANGLE_UNIT()
);
#2775=DIMENSIONAL_EXPONENTS(0.,0.,0.,0.,0.,0.,0.);
#2776=PLANE_ANGLE_MEASURE_WITH_UNIT(PLANE_ANGLE_MEASURE(0.0174532925),#2777);
#2777=(
NAMED_UNIT(*)
PLANE_ANGLE_UNIT()
SI_UNIT($,.RADIAN.)
);
#2778=(
LENGTH_UNIT()
NAMED_UNIT(*)
SI_UNIT(.MILLI.,.METRE.)
);
ENDSEC;
END-ISO-10303-21;
