ISO-10303-21;
HEADER;
/* Generated by software containing ST-Developer
 * from STEP Tools, Inc. (www.steptools.com) 
 */
/* OPTION: using custom schema-name function */

FILE_DESCRIPTION(
/* description */ (''),
/* implementation_level */ '2;1');

FILE_NAME(
/* name */ '13675579_Rev_01AB.stp',
/* time_stamp */ '2026-01-23T12:34:09+05:30',
/* author */ (''),
/* organization */ (''),
/* preprocessor_version */ 'ST-DEVELOPER v20',
/* originating_system */ 'SIEMENS PLM Software NX2312.4001',
/* authorisation */ '');

FILE_SCHEMA (('AP203_CONFIGURATION_CONTROLLED_3D_DESIGN_OF_MECHANICAL_PARTS_AND_ASSEMBLIES_MIM_LF { 1 0 10303 403 2 1 2}'));
ENDSEC;

DATA;
#10=PROPERTY_DEFINITION_REPRESENTATION(#14,#12);
#11=PROPERTY_DEFINITION_REPRESENTATION(#15,#13);
#12=REPRESENTATION('',(#16),#2543);
#13=REPRESENTATION('',(#17),#2543);
#14=PROPERTY_DEFINITION('pmi validation property','',#73);
#15=PROPERTY_DEFINITION('pmi validation property','',#73);
#16=VALUE_REPRESENTATION_ITEM('number of annotations',COUNT_MEASURE(0.));
#17=VALUE_REPRESENTATION_ITEM('number of views',COUNT_MEASURE(0.));
#18=SHAPE_REPRESENTATION_RELATIONSHIP('None',
'relationship between 13675579_objects-None and 13675579_objects-None',
#84,#19);
#19=ADVANCED_BREP_SHAPE_REPRESENTATION('13675579_objects-None',(#94),#2543);
#20=APPLIED_APPROVAL_ASSIGNMENT(#32,(#74));
#21=APPLIED_APPROVAL_ASSIGNMENT(#33,(#76));
#22=APPLIED_APPROVAL_ASSIGNMENT(#34,(#46));
#23=APPROVAL_PERSON_ORGANIZATION(#38,#32,#26);
#24=APPROVAL_PERSON_ORGANIZATION(#39,#33,#27);
#25=APPROVAL_PERSON_ORGANIZATION(#40,#34,#28);
#26=APPROVAL_ROLE('approver');
#27=APPROVAL_ROLE('approver');
#28=APPROVAL_ROLE('approver');
#29=APPROVAL_DATE_TIME(#54,#32);
#30=APPROVAL_DATE_TIME(#55,#33);
#31=APPROVAL_DATE_TIME(#56,#34);
#32=APPROVAL(#35,' ');
#33=APPROVAL(#36,' ');
#34=APPROVAL(#37,' ');
#35=APPROVAL_STATUS('not_yet_approved');
#36=APPROVAL_STATUS('not_yet_approved');
#37=APPROVAL_STATUS('not_yet_approved');
#38=PERSON_AND_ORGANIZATION(#44,#41);
#39=PERSON_AND_ORGANIZATION(#44,#42);
#40=PERSON_AND_ORGANIZATION(#44,#43);
#41=ORGANIZATION(' ',' ',' ');
#42=ORGANIZATION(' ',' ',' ');
#43=ORGANIZATION(' ',' ',' ');
#44=PERSON(' ',' ',' ',(' '),$,$);
#45=APPLIED_SECURITY_CLASSIFICATION_ASSIGNMENT(#46,(#76));
#46=SECURITY_CLASSIFICATION(' ',' ',#47);
#47=SECURITY_CLASSIFICATION_LEVEL('confidential');
#48=APPLIED_DATE_AND_TIME_ASSIGNMENT(#52,#50,(#74));
#49=APPLIED_DATE_AND_TIME_ASSIGNMENT(#53,#51,(#46));
#50=DATE_TIME_ROLE('creation_date');
#51=DATE_TIME_ROLE('classification_date');
#52=DATE_AND_TIME(#67,#57);
#53=DATE_AND_TIME(#68,#58);
#54=DATE_AND_TIME(#69,#59);
#55=DATE_AND_TIME(#70,#60);
#56=DATE_AND_TIME(#71,#61);
#57=LOCAL_TIME(0,0,0.,#62);
#58=LOCAL_TIME(0,0,0.,#63);
#59=LOCAL_TIME(0,0,0.,#64);
#60=LOCAL_TIME(0,0,0.,#65);
#61=LOCAL_TIME(0,0,0.,#66);
#62=COORDINATED_UNIVERSAL_TIME_OFFSET(0,0,.BEHIND.);
#63=COORDINATED_UNIVERSAL_TIME_OFFSET(0,0,.BEHIND.);
#64=COORDINATED_UNIVERSAL_TIME_OFFSET(0,0,.BEHIND.);
#65=COORDINATED_UNIVERSAL_TIME_OFFSET(0,0,.BEHIND.);
#66=COORDINATED_UNIVERSAL_TIME_OFFSET(0,0,.BEHIND.);
#67=CALENDAR_DATE(0,1,1);
#68=CALENDAR_DATE(0,1,1);
#69=CALENDAR_DATE(0,1,1);
#70=CALENDAR_DATE(0,1,1);
#71=CALENDAR_DATE(0,1,1);
#72=SHAPE_DEFINITION_REPRESENTATION(#73,#84);
#73=PRODUCT_DEFINITION_SHAPE('','',#74);
#74=PRODUCT_DEFINITION(' ','',#76,#75);
#75=PRODUCT_DEFINITION_CONTEXT('part definition',#83,'design');
#76=PRODUCT_DEFINITION_FORMATION_WITH_SPECIFIED_SOURCE(' ',' ',#78,
 .NOT_KNOWN.);
#77=PRODUCT_RELATED_PRODUCT_CATEGORY('detail','',(#78));
#78=PRODUCT('13675579_objects','13675579_objects',' ',(#81));
#79=PRODUCT_CATEGORY('part',' ');
#80=PRODUCT_CATEGORY(' ','');
#81=PRODUCT_CONTEXT(' ',#83,'mechanical');
#82=APPLICATION_PROTOCOL_DEFINITION('international standard',
'config_control_design',2010,#83);
#83=APPLICATION_CONTEXT(
'configuration controlled 3D designs of mechanical parts and assemblie
s');
#84=SHAPE_REPRESENTATION('13675579_objects-None',(#1451),#2543);
#85=PRESENTATION_LAYER_ASSIGNMENT('1','Layer 1',(#94));
#86=STYLED_ITEM('',(#87),#94);
#87=PRESENTATION_STYLE_ASSIGNMENT((#88));
#88=SURFACE_STYLE_USAGE(.BOTH.,#89);
#89=SURFACE_SIDE_STYLE('',(#90));
#90=SURFACE_STYLE_FILL_AREA(#91);
#91=FILL_AREA_STYLE('',(#92));
#92=FILL_AREA_STYLE_COLOUR('',#93);
#93=DRAUGHTING_PRE_DEFINED_COLOUR('white');
#94=BREP_WITH_VOIDS('',#96,(#95));
#95=ORIENTED_CLOSED_SHELL('',*,#97,.F.);
#96=CLOSED_SHELL('',(#177,#178,#179,#180,#181,#182,#183,#184,#185,#186,
#187,#188,#189,#190,#191,#192,#193,#194,#195,#196,#197,#198,#199,#200,#201,
#202,#203,#204,#205,#206,#207,#208,#209,#210,#211,#212,#213,#214,#215,#216,
#217,#218,#219,#220,#221,#222,#223,#224,#225,#226,#227,#228,#229,#230,#231,
#232,#233,#234,#235,#236,#237,#238,#239,#240,#241,#242,#243,#244,#245,#246));
#97=CLOSED_SHELL('',(#247,#248,#249,#250));
#98=(
BOUNDED_SURFACE()
B_SPLINE_SURFACE(3,3,((#2416,#2417,#2418,#2419),(#2420,#2421,#2422,#2423),
(#2424,#2425,#2426,#2427),(#2428,#2429,#2430,#2431)),.UNSPECIFIED.,.F.,
 .F.,.F.)
B_SPLINE_SURFACE_WITH_KNOTS((4,4),(4,4),(0.,1.),(0.,1.),.UNSPECIFIED.)
GEOMETRIC_REPRESENTATION_ITEM()
RATIONAL_B_SPLINE_SURFACE(((1.,0.847034500247415,0.847034500247415,1.),
(0.80392156862745,0.68094930412047,0.68094930412047,0.80392156862745),(0.80392156862745,
0.68094930412047,0.68094930412047,0.80392156862745),(1.,0.847034500247415,
0.847034500247415,1.)))
REPRESENTATION_ITEM('')
SURFACE()
);
#99=(
BOUNDED_SURFACE()
B_SPLINE_SURFACE(3,3,((#2523,#2524,#2525,#2526),(#2527,#2528,#2529,#2530),
(#2531,#2532,#2533,#2534),(#2535,#2536,#2537,#2538)),.UNSPECIFIED.,.F.,
 .F.,.F.)
B_SPLINE_SURFACE_WITH_KNOTS((4,4),(4,4),(0.,1.),(0.,1.),.UNSPECIFIED.)
GEOMETRIC_REPRESENTATION_ITEM()
RATIONAL_B_SPLINE_SURFACE(((1.,0.93841001766986,0.93841001766986,1.),(0.862005444809852,
0.808914544695529,0.808914544695529,0.862005444809852),(0.862005444809852,
0.808914544695529,0.808914544695529,0.862005444809852),(1.,0.93841001766986,
0.93841001766986,1.)))
REPRESENTATION_ITEM('')
SURFACE()
);
#100=SPHERICAL_SURFACE('',#1551,1.7);
#101=SPHERICAL_SURFACE('',#1553,1.7);
#102=TOROIDAL_SURFACE('',#1550,2.2,1.7);
#103=TOROIDAL_SURFACE('',#1557,2.2,1.7);
#104=B_SPLINE_SURFACE_WITH_KNOTS('',1,3,((#2265,#2266,#2267,#2268),(#2269,
#2270,#2271,#2272)),.UNSPECIFIED.,.F.,.F.,.F.,(2,2),(4,4),(0.,1.),(0.,1.),
 .UNSPECIFIED.);
#105=B_SPLINE_SURFACE_WITH_KNOTS('',1,3,((#2295,#2296,#2297,#2298,#2299,
#2300),(#2301,#2302,#2303,#2304,#2305,#2306)),.UNSPECIFIED.,.F.,.F.,.F.,
(2,2),(4,1,1,4),(0.,1.),(0.,0.490344990250721,0.607385883141614,1.),
 .UNSPECIFIED.);
#106=FACE_BOUND('',#374,.T.);
#107=FACE_BOUND('',#375,.T.);
#108=FACE_BOUND('',#377,.T.);
#109=FACE_BOUND('',#378,.T.);
#110=FACE_BOUND('',#388,.T.);
#111=FACE_BOUND('',#389,.T.);
#112=B_SPLINE_CURVE_WITH_KNOTS('',3,(#1942,#1943,#1944,#1945,#1946,#1947,
#1948,#1949,#1950,#1951,#1952,#1953,#1954,#1955,#1956,#1957),
 .UNSPECIFIED.,.F.,.F.,(4,3,3,3,3,4),(0.,0.19276167702748,0.434474124489782,
0.675873280576293,0.917189565810002,1.),.UNSPECIFIED.);
#113=B_SPLINE_CURVE_WITH_KNOTS('',3,(#1961,#1962,#1963,#1964,#1965,#1966,
#1967,#1968,#1969,#1970,#1971,#1972,#1973,#1974,#1975,#1976),
 .UNSPECIFIED.,.F.,.F.,(4,3,3,3,3,4),(0.,0.214302029510213,0.429105731531327,
0.635943367291221,0.835007265902873,1.),.UNSPECIFIED.);
#114=B_SPLINE_CURVE_WITH_KNOTS('',3,(#1978,#1979,#1980,#1981),
 .UNSPECIFIED.,.F.,.F.,(4,4),(0.,1.),.UNSPECIFIED.);
#115=B_SPLINE_CURVE_WITH_KNOTS('',3,(#1986,#1987,#1988,#1989),
 .UNSPECIFIED.,.F.,.F.,(4,4),(0.,1.),.UNSPECIFIED.);
#116=B_SPLINE_CURVE_WITH_KNOTS('',3,(#1997,#1998,#1999,#2000,#2001,#2002,
#2003,#2004,#2005,#2006,#2007,#2008,#2009,#2010,#2011,#2012),
 .UNSPECIFIED.,.F.,.F.,(4,3,3,3,3,4),(0.,0.139117436475812,0.381018116876205,
0.622535963325107,0.863907210839907,1.),.UNSPECIFIED.);
#117=B_SPLINE_CURVE_WITH_KNOTS('',3,(#2016,#2017,#2018,#2019,#2020,#2021,
#2022,#2023,#2024,#2025,#2026,#2027,#2028,#2029,#2030,#2031),
 .UNSPECIFIED.,.F.,.F.,(4,3,3,3,3,4),(0.,0.237123238081171,0.47689303150839,
0.683128746349719,0.883762927409616,1.),.UNSPECIFIED.);
#118=B_SPLINE_CURVE_WITH_KNOTS('',3,(#2047,#2048,#2049,#2050),
 .UNSPECIFIED.,.F.,.F.,(4,4),(0.,1.),.UNSPECIFIED.);
#119=B_SPLINE_CURVE_WITH_KNOTS('',3,(#2065,#2066,#2067,#2068),
 .UNSPECIFIED.,.F.,.F.,(4,4),(0.,1.),.UNSPECIFIED.);
#120=B_SPLINE_CURVE_WITH_KNOTS('',3,(#2254,#2255,#2256,#2257),
 .UNSPECIFIED.,.F.,.F.,(4,4),(0.,1.),.UNSPECIFIED.);
#121=B_SPLINE_CURVE_WITH_KNOTS('',3,(#2261,#2262,#2263,#2264),
 .UNSPECIFIED.,.F.,.F.,(4,4),(0.,1.),.UNSPECIFIED.);
#122=B_SPLINE_CURVE_WITH_KNOTS('',3,(#2273,#2274,#2275,#2276,#2277,#2278),
 .UNSPECIFIED.,.F.,.F.,(4,1,1,4),(0.,0.605848623418574,0.75045918384333,
1.),.UNSPECIFIED.);
#123=B_SPLINE_CURVE_WITH_KNOTS('',3,(#2280,#2281,#2282,#2283),
 .UNSPECIFIED.,.F.,.F.,(4,4),(0.,1.),.UNSPECIFIED.);
#124=B_SPLINE_CURVE_WITH_KNOTS('',3,(#2284,#2285,#2286,#2287),
 .UNSPECIFIED.,.F.,.F.,(4,4),(0.,1.),.UNSPECIFIED.);
#125=B_SPLINE_CURVE_WITH_KNOTS('',3,(#2289,#2290,#2291,#2292,#2293,#2294),
 .UNSPECIFIED.,.F.,.F.,(4,1,1,4),(0.,0.60584862341857,0.750459183843325,
1.),.UNSPECIFIED.);
#126=B_SPLINE_CURVE_WITH_KNOTS('',3,(#2311,#2312,#2313,#2314),
 .UNSPECIFIED.,.F.,.F.,(4,4),(0.,1.),.UNSPECIFIED.);
#127=B_SPLINE_CURVE_WITH_KNOTS('',3,(#2317,#2318,#2319,#2320),
 .UNSPECIFIED.,.F.,.F.,(4,4),(0.,1.),.UNSPECIFIED.);
#128=B_SPLINE_CURVE_WITH_KNOTS('',3,(#2435,#2436,#2437,#2438,#2439,#2440,
#2441,#2442,#2443,#2444,#2445,#2446,#2447,#2448,#2449,#2450,#2451,#2452,
#2453),.UNSPECIFIED.,.F.,.F.,(4,3,3,3,3,3,4),(0.,0.208304239245675,0.396379053288971,
0.540593702091481,0.684136303809559,0.923699717515555,1.),.UNSPECIFIED.);
#129=B_SPLINE_CURVE_WITH_KNOTS('',3,(#2455,#2456,#2457,#2458,#2459,#2460,
#2461,#2462,#2463,#2464,#2465,#2466,#2467,#2468,#2469,#2470,#2471,#2472,
#2473,#2474,#2475,#2476,#2477,#2478,#2479,#2480,#2481,#2482,#2483,#2484,
#2485,#2486,#2487,#2488),.UNSPECIFIED.,.F.,.F.,(4,3,3,3,3,3,3,3,3,3,3,4),
(0.,0.194138449495571,0.404844906132154,0.44304790534001,0.482060279889807,
0.502511353028405,0.52297876515062,0.552377267867821,0.625702926446574,
0.784615969958577,0.974251331906804,1.),.UNSPECIFIED.);
#130=B_SPLINE_CURVE_WITH_KNOTS('',3,(#2491,#2492,#2493,#2494,#2495,#2496,
#2497,#2498,#2499,#2500,#2501,#2502,#2503,#2504,#2505,#2506),
 .UNSPECIFIED.,.F.,.F.,(4,3,3,3,3,4),(0.,0.136736287544147,0.388615137143144,
0.620402050971678,0.867520354505634,1.),.UNSPECIFIED.);
#131=B_SPLINE_CURVE_WITH_KNOTS('',3,(#2507,#2508,#2509,#2510,#2511,#2512,
#2513,#2514,#2515,#2516,#2517,#2518,#2519,#2520,#2521,#2522),
 .UNSPECIFIED.,.F.,.F.,(4,3,3,3,3,4),(0.,0.0905926849272611,0.423529532016535,
0.663837099164218,0.904849450308078,1.),.UNSPECIFIED.);
#132=PLANE('',#1458);
#133=PLANE('',#1464);
#134=PLANE('',#1470);
#135=PLANE('',#1475);
#136=PLANE('',#1476);
#137=PLANE('',#1477);
#138=PLANE('',#1478);
#139=PLANE('',#1479);
#140=PLANE('',#1480);
#141=PLANE('',#1481);
#142=PLANE('',#1482);
#143=PLANE('',#1483);
#144=PLANE('',#1484);
#145=PLANE('',#1485);
#146=PLANE('',#1486);
#147=PLANE('',#1487);
#148=PLANE('',#1488);
#149=PLANE('',#1489);
#150=PLANE('',#1490);
#151=PLANE('',#1491);
#152=PLANE('',#1492);
#153=PLANE('',#1493);
#154=PLANE('',#1494);
#155=PLANE('',#1495);
#156=PLANE('',#1496);
#157=PLANE('',#1497);
#158=PLANE('',#1499);
#159=PLANE('',#1500);
#160=PLANE('',#1501);
#161=PLANE('',#1506);
#162=PLANE('',#1509);
#163=PLANE('',#1512);
#164=PLANE('',#1515);
#165=PLANE('',#1522);
#166=PLANE('',#1525);
#167=PLANE('',#1528);
#168=PLANE('',#1531);
#169=PLANE('',#1532);
#170=PLANE('',#1535);
#171=PLANE('',#1538);
#172=PLANE('',#1539);
#173=PLANE('',#1540);
#174=PLANE('',#1541);
#175=PLANE('',#1542);
#176=PLANE('',#1543);
#177=ADVANCED_FACE('',(#272),#251,.F.);
#178=ADVANCED_FACE('',(#273),#252,.F.);
#179=ADVANCED_FACE('',(#274),#132,.T.);
#180=ADVANCED_FACE('',(#275),#253,.F.);
#181=ADVANCED_FACE('',(#276),#254,.T.);
#182=ADVANCED_FACE('',(#277),#255,.F.);
#183=ADVANCED_FACE('',(#278),#133,.F.);
#184=ADVANCED_FACE('',(#279),#134,.T.);
#185=ADVANCED_FACE('',(#280),#135,.F.);
#186=ADVANCED_FACE('',(#281),#136,.F.);
#187=ADVANCED_FACE('',(#282),#137,.F.);
#188=ADVANCED_FACE('',(#283),#138,.F.);
#189=ADVANCED_FACE('',(#284),#139,.F.);
#190=ADVANCED_FACE('',(#285),#140,.F.);
#191=ADVANCED_FACE('',(#286),#141,.F.);
#192=ADVANCED_FACE('',(#287),#142,.F.);
#193=ADVANCED_FACE('',(#288),#143,.F.);
#194=ADVANCED_FACE('',(#289),#144,.F.);
#195=ADVANCED_FACE('',(#290),#145,.F.);
#196=ADVANCED_FACE('',(#291),#146,.F.);
#197=ADVANCED_FACE('',(#292),#147,.F.);
#198=ADVANCED_FACE('',(#293),#148,.F.);
#199=ADVANCED_FACE('',(#294),#149,.T.);
#200=ADVANCED_FACE('',(#295),#150,.T.);
#201=ADVANCED_FACE('',(#296),#151,.F.);
#202=ADVANCED_FACE('',(#297),#152,.F.);
#203=ADVANCED_FACE('',(#298),#153,.F.);
#204=ADVANCED_FACE('',(#299),#154,.T.);
#205=ADVANCED_FACE('',(#300),#155,.F.);
#206=ADVANCED_FACE('',(#301),#156,.F.);
#207=ADVANCED_FACE('',(#302),#157,.F.);
#208=ADVANCED_FACE('',(#106,#107),#158,.T.);
#209=ADVANCED_FACE('',(#303),#159,.F.);
#210=ADVANCED_FACE('',(#108,#109),#160,.T.);
#211=ADVANCED_FACE('',(#304),#256,.F.);
#212=ADVANCED_FACE('',(#305),#104,.T.);
#213=ADVANCED_FACE('',(#306),#105,.T.);
#214=ADVANCED_FACE('',(#307),#161,.T.);
#215=ADVANCED_FACE('',(#308),#257,.T.);
#216=ADVANCED_FACE('',(#309),#162,.F.);
#217=ADVANCED_FACE('',(#310),#258,.T.);
#218=ADVANCED_FACE('',(#311),#259,.T.);
#219=ADVANCED_FACE('',(#312),#163,.F.);
#220=ADVANCED_FACE('',(#110,#111),#164,.T.);
#221=ADVANCED_FACE('',(#313),#260,.T.);
#222=ADVANCED_FACE('',(#314),#261,.T.);
#223=ADVANCED_FACE('',(#315),#165,.F.);
#224=ADVANCED_FACE('',(#316),#166,.T.);
#225=ADVANCED_FACE('',(#317),#167,.F.);
#226=ADVANCED_FACE('',(#318),#262,.F.);
#227=ADVANCED_FACE('',(#319),#263,.F.);
#228=ADVANCED_FACE('',(#320),#168,.T.);
#229=ADVANCED_FACE('',(#321),#169,.F.);
#230=ADVANCED_FACE('',(#322),#264,.T.);
#231=ADVANCED_FACE('',(#323),#170,.F.);
#232=ADVANCED_FACE('',(#324),#265,.T.);
#233=ADVANCED_FACE('',(#325),#171,.F.);
#234=ADVANCED_FACE('',(#326),#172,.T.);
#235=ADVANCED_FACE('',(#327),#173,.T.);
#236=ADVANCED_FACE('',(#328),#174,.F.);
#237=ADVANCED_FACE('',(#329),#175,.F.);
#238=ADVANCED_FACE('',(#330),#176,.F.);
#239=ADVANCED_FACE('',(#331),#266,.F.);
#240=ADVANCED_FACE('',(#332),#267,.F.);
#241=ADVANCED_FACE('',(#333),#268,.T.);
#242=ADVANCED_FACE('',(#334),#102,.T.);
#243=ADVANCED_FACE('',(#335),#100,.T.);
#244=ADVANCED_FACE('',(#336),#101,.T.);
#245=ADVANCED_FACE('',(#337),#269,.T.);
#246=ADVANCED_FACE('',(#338),#98,.T.);
#247=ADVANCED_FACE('',(#339),#103,.T.);
#248=ADVANCED_FACE('',(#340),#99,.F.);
#249=ADVANCED_FACE('',(#341),#270,.T.);
#250=ADVANCED_FACE('',(#342),#271,.F.);
#251=CYLINDRICAL_SURFACE('',#1454,3.15);
#252=CYLINDRICAL_SURFACE('',#1457,3.15);
#253=CYLINDRICAL_SURFACE('',#1459,0.95);
#254=CYLINDRICAL_SURFACE('',#1462,2.2);
#255=CYLINDRICAL_SURFACE('',#1463,0.95);
#256=CYLINDRICAL_SURFACE('',#1504,1.);
#257=CYLINDRICAL_SURFACE('',#1508,2.2);
#258=CYLINDRICAL_SURFACE('',#1510,1.5);
#259=CYLINDRICAL_SURFACE('',#1511,1.5);
#260=CYLINDRICAL_SURFACE('',#1518,2.8);
#261=CYLINDRICAL_SURFACE('',#1521,2.8);
#262=CYLINDRICAL_SURFACE('',#1529,1.6);
#263=CYLINDRICAL_SURFACE('',#1530,1.6);
#264=CYLINDRICAL_SURFACE('',#1534,4.35);
#265=CYLINDRICAL_SURFACE('',#1537,4.35);
#266=CYLINDRICAL_SURFACE('',#1544,1.5);
#267=CYLINDRICAL_SURFACE('',#1545,1.5);
#268=CYLINDRICAL_SURFACE('',#1548,1.7);
#269=CYLINDRICAL_SURFACE('',#1555,1.7);
#270=CYLINDRICAL_SURFACE('',#1558,0.95);
#271=CYLINDRICAL_SURFACE('',#1559,2.2);
#272=FACE_OUTER_BOUND('',#343,.T.);
#273=FACE_OUTER_BOUND('',#344,.T.);
#274=FACE_OUTER_BOUND('',#345,.T.);
#275=FACE_OUTER_BOUND('',#346,.T.);
#276=FACE_OUTER_BOUND('',#347,.T.);
#277=FACE_OUTER_BOUND('',#348,.T.);
#278=FACE_OUTER_BOUND('',#349,.T.);
#279=FACE_OUTER_BOUND('',#350,.T.);
#280=FACE_OUTER_BOUND('',#351,.T.);
#281=FACE_OUTER_BOUND('',#352,.T.);
#282=FACE_OUTER_BOUND('',#353,.T.);
#283=FACE_OUTER_BOUND('',#354,.T.);
#284=FACE_OUTER_BOUND('',#355,.T.);
#285=FACE_OUTER_BOUND('',#356,.T.);
#286=FACE_OUTER_BOUND('',#357,.T.);
#287=FACE_OUTER_BOUND('',#358,.T.);
#288=FACE_OUTER_BOUND('',#359,.T.);
#289=FACE_OUTER_BOUND('',#360,.T.);
#290=FACE_OUTER_BOUND('',#361,.T.);
#291=FACE_OUTER_BOUND('',#362,.T.);
#292=FACE_OUTER_BOUND('',#363,.T.);
#293=FACE_OUTER_BOUND('',#364,.T.);
#294=FACE_OUTER_BOUND('',#365,.T.);
#295=FACE_OUTER_BOUND('',#366,.T.);
#296=FACE_OUTER_BOUND('',#367,.T.);
#297=FACE_OUTER_BOUND('',#368,.T.);
#298=FACE_OUTER_BOUND('',#369,.T.);
#299=FACE_OUTER_BOUND('',#370,.T.);
#300=FACE_OUTER_BOUND('',#371,.T.);
#301=FACE_OUTER_BOUND('',#372,.T.);
#302=FACE_OUTER_BOUND('',#373,.T.);
#303=FACE_OUTER_BOUND('',#376,.T.);
#304=FACE_OUTER_BOUND('',#379,.T.);
#305=FACE_OUTER_BOUND('',#380,.T.);
#306=FACE_OUTER_BOUND('',#381,.T.);
#307=FACE_OUTER_BOUND('',#382,.T.);
#308=FACE_OUTER_BOUND('',#383,.T.);
#309=FACE_OUTER_BOUND('',#384,.T.);
#310=FACE_OUTER_BOUND('',#385,.T.);
#311=FACE_OUTER_BOUND('',#386,.T.);
#312=FACE_OUTER_BOUND('',#387,.T.);
#313=FACE_OUTER_BOUND('',#390,.T.);
#314=FACE_OUTER_BOUND('',#391,.T.);
#315=FACE_OUTER_BOUND('',#392,.T.);
#316=FACE_OUTER_BOUND('',#393,.T.);
#317=FACE_OUTER_BOUND('',#394,.T.);
#318=FACE_OUTER_BOUND('',#395,.T.);
#319=FACE_OUTER_BOUND('',#396,.T.);
#320=FACE_OUTER_BOUND('',#397,.T.);
#321=FACE_OUTER_BOUND('',#398,.T.);
#322=FACE_OUTER_BOUND('',#399,.T.);
#323=FACE_OUTER_BOUND('',#400,.T.);
#324=FACE_OUTER_BOUND('',#401,.T.);
#325=FACE_OUTER_BOUND('',#402,.T.);
#326=FACE_OUTER_BOUND('',#403,.T.);
#327=FACE_OUTER_BOUND('',#404,.T.);
#328=FACE_OUTER_BOUND('',#405,.T.);
#329=FACE_OUTER_BOUND('',#406,.T.);
#330=FACE_OUTER_BOUND('',#407,.T.);
#331=FACE_OUTER_BOUND('',#408,.T.);
#332=FACE_OUTER_BOUND('',#409,.T.);
#333=FACE_OUTER_BOUND('',#410,.T.);
#334=FACE_OUTER_BOUND('',#411,.T.);
#335=FACE_OUTER_BOUND('',#412,.T.);
#336=FACE_OUTER_BOUND('',#413,.T.);
#337=FACE_OUTER_BOUND('',#414,.T.);
#338=FACE_OUTER_BOUND('',#415,.T.);
#339=FACE_OUTER_BOUND('',#416,.F.);
#340=FACE_OUTER_BOUND('',#417,.F.);
#341=FACE_OUTER_BOUND('',#418,.F.);
#342=FACE_OUTER_BOUND('',#419,.F.);
#343=EDGE_LOOP('',(#458,#459,#460,#461));
#344=EDGE_LOOP('',(#462,#463,#464,#465));
#345=EDGE_LOOP('',(#466,#467,#468,#469));
#346=EDGE_LOOP('',(#470,#471,#472,#473));
#347=EDGE_LOOP('',(#474,#475,#476,#477,#478,#479));
#348=EDGE_LOOP('',(#480,#481,#482,#483));
#349=EDGE_LOOP('',(#484,#485,#486,#487));
#350=EDGE_LOOP('',(#488,#489,#490,#491,#492,#493,#494,#495,#496,#497,#498,
#499,#500,#501,#502,#503));
#351=EDGE_LOOP('',(#504,#505,#506,#507,#508,#509,#510,#511,#512,#513));
#352=EDGE_LOOP('',(#514,#515,#516,#517));
#353=EDGE_LOOP('',(#518,#519,#520,#521));
#354=EDGE_LOOP('',(#522,#523,#524,#525));
#355=EDGE_LOOP('',(#526,#527,#528,#529));
#356=EDGE_LOOP('',(#530,#531,#532,#533));
#357=EDGE_LOOP('',(#534,#535,#536,#537));
#358=EDGE_LOOP('',(#538,#539,#540,#541));
#359=EDGE_LOOP('',(#542,#543,#544,#545));
#360=EDGE_LOOP('',(#546,#547,#548,#549));
#361=EDGE_LOOP('',(#550,#551,#552,#553));
#362=EDGE_LOOP('',(#554,#555,#556,#557));
#363=EDGE_LOOP('',(#558,#559,#560,#561));
#364=EDGE_LOOP('',(#562,#563,#564,#565));
#365=EDGE_LOOP('',(#566,#567,#568,#569));
#366=EDGE_LOOP('',(#570,#571,#572,#573));
#367=EDGE_LOOP('',(#574,#575,#576,#577));
#368=EDGE_LOOP('',(#578,#579,#580,#581));
#369=EDGE_LOOP('',(#582,#583,#584,#585));
#370=EDGE_LOOP('',(#586,#587,#588,#589));
#371=EDGE_LOOP('',(#590,#591,#592,#593));
#372=EDGE_LOOP('',(#594,#595,#596,#597));
#373=EDGE_LOOP('',(#598,#599,#600,#601));
#374=EDGE_LOOP('',(#602,#603,#604,#605,#606,#607,#608,#609,#610,#611,#612,
#613,#614,#615,#616,#617,#618,#619,#620,#621,#622,#623,#624,#625,#626,#627));
#375=EDGE_LOOP('',(#628,#629,#630,#631));
#376=EDGE_LOOP('',(#632,#633,#634,#635));
#377=EDGE_LOOP('',(#636,#637,#638,#639,#640,#641,#642,#643,#644,#645,#646,
#647,#648,#649,#650,#651,#652,#653,#654,#655,#656,#657));
#378=EDGE_LOOP('',(#658,#659,#660,#661));
#379=EDGE_LOOP('',(#662,#663,#664,#665));
#380=EDGE_LOOP('',(#666,#667,#668,#669));
#381=EDGE_LOOP('',(#670,#671,#672,#673,#674,#675));
#382=EDGE_LOOP('',(#676,#677,#678,#679,#680,#681,#682,#683));
#383=EDGE_LOOP('',(#684,#685,#686,#687,#688,#689));
#384=EDGE_LOOP('',(#690,#691,#692,#693,#694,#695,#696,#697));
#385=EDGE_LOOP('',(#698,#699,#700,#701,#702,#703,#704));
#386=EDGE_LOOP('',(#705,#706,#707,#708,#709,#710,#711));
#387=EDGE_LOOP('',(#712,#713,#714,#715));
#388=EDGE_LOOP('',(#716,#717,#718,#719));
#389=EDGE_LOOP('',(#720,#721,#722,#723));
#390=EDGE_LOOP('',(#724,#725,#726,#727));
#391=EDGE_LOOP('',(#728,#729,#730,#731));
#392=EDGE_LOOP('',(#732,#733,#734,#735));
#393=EDGE_LOOP('',(#736,#737,#738,#739,#740,#741,#742,#743));
#394=EDGE_LOOP('',(#744,#745,#746,#747,#748,#749,#750,#751));
#395=EDGE_LOOP('',(#752,#753,#754,#755));
#396=EDGE_LOOP('',(#756,#757,#758,#759));
#397=EDGE_LOOP('',(#760,#761,#762,#763));
#398=EDGE_LOOP('',(#764,#765,#766,#767));
#399=EDGE_LOOP('',(#768,#769,#770,#771));
#400=EDGE_LOOP('',(#772,#773,#774,#775));
#401=EDGE_LOOP('',(#776,#777,#778,#779));
#402=EDGE_LOOP('',(#780,#781,#782,#783,#784,#785,#786,#787));
#403=EDGE_LOOP('',(#788,#789,#790,#791));
#404=EDGE_LOOP('',(#792,#793,#794,#795));
#405=EDGE_LOOP('',(#796,#797,#798,#799));
#406=EDGE_LOOP('',(#800,#801,#802,#803));
#407=EDGE_LOOP('',(#804,#805,#806,#807));
#408=EDGE_LOOP('',(#808,#809,#810,#811));
#409=EDGE_LOOP('',(#812,#813,#814,#815));
#410=EDGE_LOOP('',(#816,#817,#818,#819));
#411=EDGE_LOOP('',(#820,#821,#822,#823,#824,#825,#826,#827));
#412=EDGE_LOOP('',(#828,#829));
#413=EDGE_LOOP('',(#830,#831));
#414=EDGE_LOOP('',(#832,#833,#834,#835));
#415=EDGE_LOOP('',(#836,#837,#838,#839));
#416=EDGE_LOOP('',(#840,#841));
#417=EDGE_LOOP('',(#842,#843,#844,#845));
#418=EDGE_LOOP('',(#846,#847,#848,#849));
#419=EDGE_LOOP('',(#850,#851));
#420=CIRCLE('',#1452,3.15);
#421=CIRCLE('',#1453,3.15);
#422=CIRCLE('',#1455,3.15);
#423=CIRCLE('',#1456,3.15);
#424=CIRCLE('',#1460,2.2);
#425=CIRCLE('',#1461,2.2);
#426=CIRCLE('',#1465,1.20415945787923);
#427=CIRCLE('',#1466,1.5);
#428=CIRCLE('',#1467,1.5);
#429=CIRCLE('',#1468,1.5);
#430=CIRCLE('',#1469,1.5);
#431=CIRCLE('',#1471,1.5);
#432=CIRCLE('',#1472,1.5);
#433=CIRCLE('',#1473,1.5);
#434=CIRCLE('',#1474,1.5);
#435=CIRCLE('',#1498,1.20415945787923);
#436=CIRCLE('',#1502,1.);
#437=CIRCLE('',#1503,1.);
#438=CIRCLE('',#1505,2.2);
#439=CIRCLE('',#1507,2.2);
#440=CIRCLE('',#1513,4.35);
#441=CIRCLE('',#1514,4.35);
#442=CIRCLE('',#1516,2.8);
#443=CIRCLE('',#1517,2.8);
#444=CIRCLE('',#1519,2.8);
#445=CIRCLE('',#1520,2.8);
#446=CIRCLE('',#1523,1.6);
#447=CIRCLE('',#1524,1.6);
#448=CIRCLE('',#1526,1.6);
#449=CIRCLE('',#1527,1.6);
#450=CIRCLE('',#1533,4.35);
#451=CIRCLE('',#1536,4.35);
#452=CIRCLE('',#1546,1.7);
#453=CIRCLE('',#1547,1.7);
#454=CIRCLE('',#1549,1.7);
#455=CIRCLE('',#1552,1.7);
#456=CIRCLE('',#1554,1.7);
#457=CIRCLE('',#1556,1.7);
#458=ORIENTED_EDGE('',*,*,#976,.F.);
#459=ORIENTED_EDGE('',*,*,#977,.T.);
#460=ORIENTED_EDGE('',*,*,#978,.T.);
#461=ORIENTED_EDGE('',*,*,#979,.F.);
#462=ORIENTED_EDGE('',*,*,#980,.T.);
#463=ORIENTED_EDGE('',*,*,#981,.F.);
#464=ORIENTED_EDGE('',*,*,#982,.F.);
#465=ORIENTED_EDGE('',*,*,#983,.F.);
#466=ORIENTED_EDGE('',*,*,#981,.T.);
#467=ORIENTED_EDGE('',*,*,#984,.T.);
#468=ORIENTED_EDGE('',*,*,#976,.T.);
#469=ORIENTED_EDGE('',*,*,#985,.F.);
#470=ORIENTED_EDGE('',*,*,#986,.F.);
#471=ORIENTED_EDGE('',*,*,#987,.T.);
#472=ORIENTED_EDGE('',*,*,#988,.F.);
#473=ORIENTED_EDGE('',*,*,#989,.T.);
#474=ORIENTED_EDGE('',*,*,#990,.F.);
#475=ORIENTED_EDGE('',*,*,#991,.T.);
#476=ORIENTED_EDGE('',*,*,#992,.T.);
#477=ORIENTED_EDGE('',*,*,#993,.T.);
#478=ORIENTED_EDGE('',*,*,#994,.F.);
#479=ORIENTED_EDGE('',*,*,#995,.F.);
#480=ORIENTED_EDGE('',*,*,#991,.F.);
#481=ORIENTED_EDGE('',*,*,#996,.T.);
#482=ORIENTED_EDGE('',*,*,#997,.F.);
#483=ORIENTED_EDGE('',*,*,#998,.T.);
#484=ORIENTED_EDGE('',*,*,#999,.F.);
#485=ORIENTED_EDGE('',*,*,#1000,.T.);
#486=ORIENTED_EDGE('',*,*,#1001,.F.);
#487=ORIENTED_EDGE('',*,*,#1002,.T.);
#488=ORIENTED_EDGE('',*,*,#1003,.T.);
#489=ORIENTED_EDGE('',*,*,#1004,.F.);
#490=ORIENTED_EDGE('',*,*,#1005,.F.);
#491=ORIENTED_EDGE('',*,*,#986,.T.);
#492=ORIENTED_EDGE('',*,*,#1006,.T.);
#493=ORIENTED_EDGE('',*,*,#1007,.T.);
#494=ORIENTED_EDGE('',*,*,#1008,.T.);
#495=ORIENTED_EDGE('',*,*,#1009,.F.);
#496=ORIENTED_EDGE('',*,*,#1010,.T.);
#497=ORIENTED_EDGE('',*,*,#1011,.T.);
#498=ORIENTED_EDGE('',*,*,#1012,.T.);
#499=ORIENTED_EDGE('',*,*,#999,.T.);
#500=ORIENTED_EDGE('',*,*,#1013,.T.);
#501=ORIENTED_EDGE('',*,*,#997,.T.);
#502=ORIENTED_EDGE('',*,*,#1014,.F.);
#503=ORIENTED_EDGE('',*,*,#1015,.F.);
#504=ORIENTED_EDGE('',*,*,#1001,.T.);
#505=ORIENTED_EDGE('',*,*,#1016,.T.);
#506=ORIENTED_EDGE('',*,*,#1017,.F.);
#507=ORIENTED_EDGE('',*,*,#1018,.F.);
#508=ORIENTED_EDGE('',*,*,#1019,.T.);
#509=ORIENTED_EDGE('',*,*,#1020,.T.);
#510=ORIENTED_EDGE('',*,*,#1021,.T.);
#511=ORIENTED_EDGE('',*,*,#1022,.T.);
#512=ORIENTED_EDGE('',*,*,#1023,.F.);
#513=ORIENTED_EDGE('',*,*,#1024,.T.);
#514=ORIENTED_EDGE('',*,*,#1025,.T.);
#515=ORIENTED_EDGE('',*,*,#1026,.T.);
#516=ORIENTED_EDGE('',*,*,#1027,.T.);
#517=ORIENTED_EDGE('',*,*,#1028,.F.);
#518=ORIENTED_EDGE('',*,*,#1029,.T.);
#519=ORIENTED_EDGE('',*,*,#1028,.T.);
#520=ORIENTED_EDGE('',*,*,#1030,.T.);
#521=ORIENTED_EDGE('',*,*,#1031,.F.);
#522=ORIENTED_EDGE('',*,*,#1032,.T.);
#523=ORIENTED_EDGE('',*,*,#1031,.T.);
#524=ORIENTED_EDGE('',*,*,#1033,.T.);
#525=ORIENTED_EDGE('',*,*,#1034,.F.);
#526=ORIENTED_EDGE('',*,*,#1035,.T.);
#527=ORIENTED_EDGE('',*,*,#1034,.T.);
#528=ORIENTED_EDGE('',*,*,#1036,.T.);
#529=ORIENTED_EDGE('',*,*,#1026,.F.);
#530=ORIENTED_EDGE('',*,*,#1037,.T.);
#531=ORIENTED_EDGE('',*,*,#1038,.F.);
#532=ORIENTED_EDGE('',*,*,#1039,.F.);
#533=ORIENTED_EDGE('',*,*,#1040,.T.);
#534=ORIENTED_EDGE('',*,*,#1041,.T.);
#535=ORIENTED_EDGE('',*,*,#1042,.F.);
#536=ORIENTED_EDGE('',*,*,#1043,.F.);
#537=ORIENTED_EDGE('',*,*,#1038,.T.);
#538=ORIENTED_EDGE('',*,*,#1044,.F.);
#539=ORIENTED_EDGE('',*,*,#1045,.T.);
#540=ORIENTED_EDGE('',*,*,#1042,.T.);
#541=ORIENTED_EDGE('',*,*,#1046,.T.);
#542=ORIENTED_EDGE('',*,*,#1047,.T.);
#543=ORIENTED_EDGE('',*,*,#1048,.F.);
#544=ORIENTED_EDGE('',*,*,#1049,.F.);
#545=ORIENTED_EDGE('',*,*,#1044,.T.);
#546=ORIENTED_EDGE('',*,*,#1050,.T.);
#547=ORIENTED_EDGE('',*,*,#1051,.F.);
#548=ORIENTED_EDGE('',*,*,#1052,.F.);
#549=ORIENTED_EDGE('',*,*,#1048,.T.);
#550=ORIENTED_EDGE('',*,*,#1053,.T.);
#551=ORIENTED_EDGE('',*,*,#1054,.F.);
#552=ORIENTED_EDGE('',*,*,#1055,.F.);
#553=ORIENTED_EDGE('',*,*,#1051,.T.);
#554=ORIENTED_EDGE('',*,*,#1056,.T.);
#555=ORIENTED_EDGE('',*,*,#1054,.T.);
#556=ORIENTED_EDGE('',*,*,#1057,.T.);
#557=ORIENTED_EDGE('',*,*,#1058,.F.);
#558=ORIENTED_EDGE('',*,*,#1058,.T.);
#559=ORIENTED_EDGE('',*,*,#1059,.T.);
#560=ORIENTED_EDGE('',*,*,#1060,.F.);
#561=ORIENTED_EDGE('',*,*,#1061,.F.);
#562=ORIENTED_EDGE('',*,*,#1062,.F.);
#563=ORIENTED_EDGE('',*,*,#1063,.T.);
#564=ORIENTED_EDGE('',*,*,#1060,.T.);
#565=ORIENTED_EDGE('',*,*,#1064,.F.);
#566=ORIENTED_EDGE('',*,*,#1065,.F.);
#567=ORIENTED_EDGE('',*,*,#1066,.F.);
#568=ORIENTED_EDGE('',*,*,#1067,.T.);
#569=ORIENTED_EDGE('',*,*,#1062,.T.);
#570=ORIENTED_EDGE('',*,*,#1068,.F.);
#571=ORIENTED_EDGE('',*,*,#1069,.F.);
#572=ORIENTED_EDGE('',*,*,#1066,.T.);
#573=ORIENTED_EDGE('',*,*,#1070,.F.);
#574=ORIENTED_EDGE('',*,*,#1071,.T.);
#575=ORIENTED_EDGE('',*,*,#1072,.F.);
#576=ORIENTED_EDGE('',*,*,#1073,.F.);
#577=ORIENTED_EDGE('',*,*,#1068,.T.);
#578=ORIENTED_EDGE('',*,*,#1074,.T.);
#579=ORIENTED_EDGE('',*,*,#1075,.F.);
#580=ORIENTED_EDGE('',*,*,#1076,.F.);
#581=ORIENTED_EDGE('',*,*,#1072,.T.);
#582=ORIENTED_EDGE('',*,*,#1077,.T.);
#583=ORIENTED_EDGE('',*,*,#1078,.F.);
#584=ORIENTED_EDGE('',*,*,#1079,.F.);
#585=ORIENTED_EDGE('',*,*,#1075,.T.);
#586=ORIENTED_EDGE('',*,*,#1080,.F.);
#587=ORIENTED_EDGE('',*,*,#1078,.T.);
#588=ORIENTED_EDGE('',*,*,#1081,.F.);
#589=ORIENTED_EDGE('',*,*,#1082,.F.);
#590=ORIENTED_EDGE('',*,*,#1083,.T.);
#591=ORIENTED_EDGE('',*,*,#1084,.F.);
#592=ORIENTED_EDGE('',*,*,#1085,.F.);
#593=ORIENTED_EDGE('',*,*,#1082,.T.);
#594=ORIENTED_EDGE('',*,*,#1086,.T.);
#595=ORIENTED_EDGE('',*,*,#1087,.F.);
#596=ORIENTED_EDGE('',*,*,#1088,.F.);
#597=ORIENTED_EDGE('',*,*,#1084,.T.);
#598=ORIENTED_EDGE('',*,*,#1089,.T.);
#599=ORIENTED_EDGE('',*,*,#1090,.F.);
#600=ORIENTED_EDGE('',*,*,#1091,.F.);
#601=ORIENTED_EDGE('',*,*,#1087,.T.);
#602=ORIENTED_EDGE('',*,*,#1092,.T.);
#603=ORIENTED_EDGE('',*,*,#994,.T.);
#604=ORIENTED_EDGE('',*,*,#1093,.T.);
#605=ORIENTED_EDGE('',*,*,#1094,.T.);
#606=ORIENTED_EDGE('',*,*,#1039,.T.);
#607=ORIENTED_EDGE('',*,*,#1043,.T.);
#608=ORIENTED_EDGE('',*,*,#1045,.F.);
#609=ORIENTED_EDGE('',*,*,#1049,.T.);
#610=ORIENTED_EDGE('',*,*,#1052,.T.);
#611=ORIENTED_EDGE('',*,*,#1055,.T.);
#612=ORIENTED_EDGE('',*,*,#1056,.F.);
#613=ORIENTED_EDGE('',*,*,#1061,.T.);
#614=ORIENTED_EDGE('',*,*,#1063,.F.);
#615=ORIENTED_EDGE('',*,*,#1067,.F.);
#616=ORIENTED_EDGE('',*,*,#1069,.T.);
#617=ORIENTED_EDGE('',*,*,#1073,.T.);
#618=ORIENTED_EDGE('',*,*,#1076,.T.);
#619=ORIENTED_EDGE('',*,*,#1079,.T.);
#620=ORIENTED_EDGE('',*,*,#1080,.T.);
#621=ORIENTED_EDGE('',*,*,#1085,.T.);
#622=ORIENTED_EDGE('',*,*,#1088,.T.);
#623=ORIENTED_EDGE('',*,*,#1091,.T.);
#624=ORIENTED_EDGE('',*,*,#1095,.T.);
#625=ORIENTED_EDGE('',*,*,#1096,.T.);
#626=ORIENTED_EDGE('',*,*,#1097,.T.);
#627=ORIENTED_EDGE('',*,*,#1098,.F.);
#628=ORIENTED_EDGE('',*,*,#1035,.F.);
#629=ORIENTED_EDGE('',*,*,#1025,.F.);
#630=ORIENTED_EDGE('',*,*,#1029,.F.);
#631=ORIENTED_EDGE('',*,*,#1032,.F.);
#632=ORIENTED_EDGE('',*,*,#1099,.T.);
#633=ORIENTED_EDGE('',*,*,#1040,.F.);
#634=ORIENTED_EDGE('',*,*,#1094,.F.);
#635=ORIENTED_EDGE('',*,*,#1100,.T.);
#636=ORIENTED_EDGE('',*,*,#1101,.F.);
#637=ORIENTED_EDGE('',*,*,#1102,.F.);
#638=ORIENTED_EDGE('',*,*,#1103,.F.);
#639=ORIENTED_EDGE('',*,*,#1089,.F.);
#640=ORIENTED_EDGE('',*,*,#1086,.F.);
#641=ORIENTED_EDGE('',*,*,#1083,.F.);
#642=ORIENTED_EDGE('',*,*,#1081,.T.);
#643=ORIENTED_EDGE('',*,*,#1077,.F.);
#644=ORIENTED_EDGE('',*,*,#1074,.F.);
#645=ORIENTED_EDGE('',*,*,#1071,.F.);
#646=ORIENTED_EDGE('',*,*,#1070,.T.);
#647=ORIENTED_EDGE('',*,*,#1065,.T.);
#648=ORIENTED_EDGE('',*,*,#1064,.T.);
#649=ORIENTED_EDGE('',*,*,#1059,.F.);
#650=ORIENTED_EDGE('',*,*,#1057,.F.);
#651=ORIENTED_EDGE('',*,*,#1053,.F.);
#652=ORIENTED_EDGE('',*,*,#1050,.F.);
#653=ORIENTED_EDGE('',*,*,#1047,.F.);
#654=ORIENTED_EDGE('',*,*,#1046,.F.);
#655=ORIENTED_EDGE('',*,*,#1041,.F.);
#656=ORIENTED_EDGE('',*,*,#1037,.F.);
#657=ORIENTED_EDGE('',*,*,#1099,.F.);
#658=ORIENTED_EDGE('',*,*,#1036,.F.);
#659=ORIENTED_EDGE('',*,*,#1033,.F.);
#660=ORIENTED_EDGE('',*,*,#1030,.F.);
#661=ORIENTED_EDGE('',*,*,#1027,.F.);
#662=ORIENTED_EDGE('',*,*,#1104,.F.);
#663=ORIENTED_EDGE('',*,*,#1105,.T.);
#664=ORIENTED_EDGE('',*,*,#1102,.T.);
#665=ORIENTED_EDGE('',*,*,#1106,.F.);
#666=ORIENTED_EDGE('',*,*,#1104,.T.);
#667=ORIENTED_EDGE('',*,*,#1107,.T.);
#668=ORIENTED_EDGE('',*,*,#1108,.T.);
#669=ORIENTED_EDGE('',*,*,#1109,.F.);
#670=ORIENTED_EDGE('',*,*,#1110,.T.);
#671=ORIENTED_EDGE('',*,*,#1111,.F.);
#672=ORIENTED_EDGE('',*,*,#1023,.T.);
#673=ORIENTED_EDGE('',*,*,#1112,.F.);
#674=ORIENTED_EDGE('',*,*,#1113,.F.);
#675=ORIENTED_EDGE('',*,*,#1108,.F.);
#676=ORIENTED_EDGE('',*,*,#1113,.T.);
#677=ORIENTED_EDGE('',*,*,#1114,.T.);
#678=ORIENTED_EDGE('',*,*,#1115,.T.);
#679=ORIENTED_EDGE('',*,*,#1095,.F.);
#680=ORIENTED_EDGE('',*,*,#1090,.T.);
#681=ORIENTED_EDGE('',*,*,#1103,.T.);
#682=ORIENTED_EDGE('',*,*,#1105,.F.);
#683=ORIENTED_EDGE('',*,*,#1109,.T.);
#684=ORIENTED_EDGE('',*,*,#1116,.F.);
#685=ORIENTED_EDGE('',*,*,#1117,.F.);
#686=ORIENTED_EDGE('',*,*,#1096,.F.);
#687=ORIENTED_EDGE('',*,*,#1115,.F.);
#688=ORIENTED_EDGE('',*,*,#1118,.T.);
#689=ORIENTED_EDGE('',*,*,#988,.T.);
#690=ORIENTED_EDGE('',*,*,#993,.F.);
#691=ORIENTED_EDGE('',*,*,#1119,.T.);
#692=ORIENTED_EDGE('',*,*,#1110,.F.);
#693=ORIENTED_EDGE('',*,*,#1107,.F.);
#694=ORIENTED_EDGE('',*,*,#1106,.T.);
#695=ORIENTED_EDGE('',*,*,#1101,.T.);
#696=ORIENTED_EDGE('',*,*,#1100,.F.);
#697=ORIENTED_EDGE('',*,*,#1093,.F.);
#698=ORIENTED_EDGE('',*,*,#1022,.F.);
#699=ORIENTED_EDGE('',*,*,#1120,.F.);
#700=ORIENTED_EDGE('',*,*,#1006,.F.);
#701=ORIENTED_EDGE('',*,*,#989,.F.);
#702=ORIENTED_EDGE('',*,*,#1118,.F.);
#703=ORIENTED_EDGE('',*,*,#1114,.F.);
#704=ORIENTED_EDGE('',*,*,#1112,.T.);
#705=ORIENTED_EDGE('',*,*,#1013,.F.);
#706=ORIENTED_EDGE('',*,*,#1002,.F.);
#707=ORIENTED_EDGE('',*,*,#1024,.F.);
#708=ORIENTED_EDGE('',*,*,#1111,.T.);
#709=ORIENTED_EDGE('',*,*,#1119,.F.);
#710=ORIENTED_EDGE('',*,*,#992,.F.);
#711=ORIENTED_EDGE('',*,*,#998,.F.);
#712=ORIENTED_EDGE('',*,*,#1021,.F.);
#713=ORIENTED_EDGE('',*,*,#1121,.T.);
#714=ORIENTED_EDGE('',*,*,#1007,.F.);
#715=ORIENTED_EDGE('',*,*,#1120,.T.);
#716=ORIENTED_EDGE('',*,*,#977,.F.);
#717=ORIENTED_EDGE('',*,*,#984,.F.);
#718=ORIENTED_EDGE('',*,*,#980,.F.);
#719=ORIENTED_EDGE('',*,*,#1122,.F.);
#720=ORIENTED_EDGE('',*,*,#1123,.T.);
#721=ORIENTED_EDGE('',*,*,#1124,.T.);
#722=ORIENTED_EDGE('',*,*,#1125,.T.);
#723=ORIENTED_EDGE('',*,*,#1126,.T.);
#724=ORIENTED_EDGE('',*,*,#1127,.T.);
#725=ORIENTED_EDGE('',*,*,#1019,.F.);
#726=ORIENTED_EDGE('',*,*,#1128,.F.);
#727=ORIENTED_EDGE('',*,*,#1129,.T.);
#728=ORIENTED_EDGE('',*,*,#1130,.T.);
#729=ORIENTED_EDGE('',*,*,#1131,.F.);
#730=ORIENTED_EDGE('',*,*,#1132,.F.);
#731=ORIENTED_EDGE('',*,*,#1017,.T.);
#732=ORIENTED_EDGE('',*,*,#1133,.T.);
#733=ORIENTED_EDGE('',*,*,#1129,.F.);
#734=ORIENTED_EDGE('',*,*,#1134,.F.);
#735=ORIENTED_EDGE('',*,*,#1131,.T.);
#736=ORIENTED_EDGE('',*,*,#1135,.F.);
#737=ORIENTED_EDGE('',*,*,#1136,.F.);
#738=ORIENTED_EDGE('',*,*,#1137,.F.);
#739=ORIENTED_EDGE('',*,*,#1138,.F.);
#740=ORIENTED_EDGE('',*,*,#1139,.F.);
#741=ORIENTED_EDGE('',*,*,#1132,.T.);
#742=ORIENTED_EDGE('',*,*,#1134,.T.);
#743=ORIENTED_EDGE('',*,*,#1128,.T.);
#744=ORIENTED_EDGE('',*,*,#1130,.F.);
#745=ORIENTED_EDGE('',*,*,#1140,.T.);
#746=ORIENTED_EDGE('',*,*,#1141,.T.);
#747=ORIENTED_EDGE('',*,*,#1142,.T.);
#748=ORIENTED_EDGE('',*,*,#1143,.T.);
#749=ORIENTED_EDGE('',*,*,#1144,.T.);
#750=ORIENTED_EDGE('',*,*,#1127,.F.);
#751=ORIENTED_EDGE('',*,*,#1133,.F.);
#752=ORIENTED_EDGE('',*,*,#1143,.F.);
#753=ORIENTED_EDGE('',*,*,#1145,.F.);
#754=ORIENTED_EDGE('',*,*,#1136,.T.);
#755=ORIENTED_EDGE('',*,*,#1009,.T.);
#756=ORIENTED_EDGE('',*,*,#1141,.F.);
#757=ORIENTED_EDGE('',*,*,#1011,.F.);
#758=ORIENTED_EDGE('',*,*,#1138,.T.);
#759=ORIENTED_EDGE('',*,*,#1146,.T.);
#760=ORIENTED_EDGE('',*,*,#1142,.F.);
#761=ORIENTED_EDGE('',*,*,#1146,.F.);
#762=ORIENTED_EDGE('',*,*,#1137,.T.);
#763=ORIENTED_EDGE('',*,*,#1145,.T.);
#764=ORIENTED_EDGE('',*,*,#1147,.T.);
#765=ORIENTED_EDGE('',*,*,#1148,.F.);
#766=ORIENTED_EDGE('',*,*,#1123,.F.);
#767=ORIENTED_EDGE('',*,*,#1149,.T.);
#768=ORIENTED_EDGE('',*,*,#1150,.T.);
#769=ORIENTED_EDGE('',*,*,#1151,.F.);
#770=ORIENTED_EDGE('',*,*,#1124,.F.);
#771=ORIENTED_EDGE('',*,*,#1148,.T.);
#772=ORIENTED_EDGE('',*,*,#1152,.T.);
#773=ORIENTED_EDGE('',*,*,#1153,.F.);
#774=ORIENTED_EDGE('',*,*,#1125,.F.);
#775=ORIENTED_EDGE('',*,*,#1151,.T.);
#776=ORIENTED_EDGE('',*,*,#1154,.T.);
#777=ORIENTED_EDGE('',*,*,#1149,.F.);
#778=ORIENTED_EDGE('',*,*,#1126,.F.);
#779=ORIENTED_EDGE('',*,*,#1153,.T.);
#780=ORIENTED_EDGE('',*,*,#982,.T.);
#781=ORIENTED_EDGE('',*,*,#1155,.T.);
#782=ORIENTED_EDGE('',*,*,#1154,.F.);
#783=ORIENTED_EDGE('',*,*,#1152,.F.);
#784=ORIENTED_EDGE('',*,*,#1150,.F.);
#785=ORIENTED_EDGE('',*,*,#1156,.T.);
#786=ORIENTED_EDGE('',*,*,#979,.T.);
#787=ORIENTED_EDGE('',*,*,#1157,.T.);
#788=ORIENTED_EDGE('',*,*,#1157,.F.);
#789=ORIENTED_EDGE('',*,*,#978,.F.);
#790=ORIENTED_EDGE('',*,*,#1122,.T.);
#791=ORIENTED_EDGE('',*,*,#983,.T.);
#792=ORIENTED_EDGE('',*,*,#1135,.T.);
#793=ORIENTED_EDGE('',*,*,#1158,.F.);
#794=ORIENTED_EDGE('',*,*,#1155,.F.);
#795=ORIENTED_EDGE('',*,*,#1159,.T.);
#796=ORIENTED_EDGE('',*,*,#1018,.T.);
#797=ORIENTED_EDGE('',*,*,#1160,.F.);
#798=ORIENTED_EDGE('',*,*,#1147,.F.);
#799=ORIENTED_EDGE('',*,*,#1158,.T.);
#800=ORIENTED_EDGE('',*,*,#1139,.T.);
#801=ORIENTED_EDGE('',*,*,#1161,.F.);
#802=ORIENTED_EDGE('',*,*,#1156,.F.);
#803=ORIENTED_EDGE('',*,*,#1160,.T.);
#804=ORIENTED_EDGE('',*,*,#1010,.F.);
#805=ORIENTED_EDGE('',*,*,#1159,.F.);
#806=ORIENTED_EDGE('',*,*,#985,.T.);
#807=ORIENTED_EDGE('',*,*,#1161,.T.);
#808=ORIENTED_EDGE('',*,*,#1016,.F.);
#809=ORIENTED_EDGE('',*,*,#1000,.F.);
#810=ORIENTED_EDGE('',*,*,#1012,.F.);
#811=ORIENTED_EDGE('',*,*,#1140,.F.);
#812=ORIENTED_EDGE('',*,*,#1008,.F.);
#813=ORIENTED_EDGE('',*,*,#1121,.F.);
#814=ORIENTED_EDGE('',*,*,#1020,.F.);
#815=ORIENTED_EDGE('',*,*,#1144,.F.);
#816=ORIENTED_EDGE('',*,*,#1162,.F.);
#817=ORIENTED_EDGE('',*,*,#1015,.T.);
#818=ORIENTED_EDGE('',*,*,#1163,.T.);
#819=ORIENTED_EDGE('',*,*,#1004,.T.);
#820=ORIENTED_EDGE('',*,*,#1163,.F.);
#821=ORIENTED_EDGE('',*,*,#1014,.T.);
#822=ORIENTED_EDGE('',*,*,#996,.F.);
#823=ORIENTED_EDGE('',*,*,#990,.T.);
#824=ORIENTED_EDGE('',*,*,#1164,.T.);
#825=ORIENTED_EDGE('',*,*,#1116,.T.);
#826=ORIENTED_EDGE('',*,*,#987,.F.);
#827=ORIENTED_EDGE('',*,*,#1005,.T.);
#828=ORIENTED_EDGE('',*,*,#1003,.F.);
#829=ORIENTED_EDGE('',*,*,#1162,.T.);
#830=ORIENTED_EDGE('',*,*,#1165,.F.);
#831=ORIENTED_EDGE('',*,*,#1098,.T.);
#832=ORIENTED_EDGE('',*,*,#1165,.T.);
#833=ORIENTED_EDGE('',*,*,#1097,.F.);
#834=ORIENTED_EDGE('',*,*,#1166,.F.);
#835=ORIENTED_EDGE('',*,*,#1092,.F.);
#836=ORIENTED_EDGE('',*,*,#1166,.T.);
#837=ORIENTED_EDGE('',*,*,#1117,.T.);
#838=ORIENTED_EDGE('',*,*,#1164,.F.);
#839=ORIENTED_EDGE('',*,*,#995,.T.);
#840=ORIENTED_EDGE('',*,*,#1167,.F.);
#841=ORIENTED_EDGE('',*,*,#1168,.T.);
#842=ORIENTED_EDGE('',*,*,#1169,.F.);
#843=ORIENTED_EDGE('',*,*,#1170,.T.);
#844=ORIENTED_EDGE('',*,*,#1167,.T.);
#845=ORIENTED_EDGE('',*,*,#1171,.T.);
#846=ORIENTED_EDGE('',*,*,#1170,.F.);
#847=ORIENTED_EDGE('',*,*,#1172,.F.);
#848=ORIENTED_EDGE('',*,*,#1171,.F.);
#849=ORIENTED_EDGE('',*,*,#1168,.F.);
#850=ORIENTED_EDGE('',*,*,#1172,.T.);
#851=ORIENTED_EDGE('',*,*,#1169,.T.);
#852=VERTEX_POINT('',#1919);
#853=VERTEX_POINT('',#1920);
#854=VERTEX_POINT('',#1922);
#855=VERTEX_POINT('',#1924);
#856=VERTEX_POINT('',#1928);
#857=VERTEX_POINT('',#1929);
#858=VERTEX_POINT('',#1931);
#859=VERTEX_POINT('',#1933);
#860=VERTEX_POINT('',#1940);
#861=VERTEX_POINT('',#1941);
#862=VERTEX_POINT('',#1958);
#863=VERTEX_POINT('',#1960);
#864=VERTEX_POINT('',#1982);
#865=VERTEX_POINT('',#1983);
#866=VERTEX_POINT('',#1985);
#867=VERTEX_POINT('',#1990);
#868=VERTEX_POINT('',#1992);
#869=VERTEX_POINT('',#1994);
#870=VERTEX_POINT('',#2013);
#871=VERTEX_POINT('',#2015);
#872=VERTEX_POINT('',#2034);
#873=VERTEX_POINT('',#2035);
#874=VERTEX_POINT('',#2037);
#875=VERTEX_POINT('',#2039);
#876=VERTEX_POINT('',#2043);
#877=VERTEX_POINT('',#2044);
#878=VERTEX_POINT('',#2046);
#879=VERTEX_POINT('',#2052);
#880=VERTEX_POINT('',#2054);
#881=VERTEX_POINT('',#2056);
#882=VERTEX_POINT('',#2058);
#883=VERTEX_POINT('',#2060);
#884=VERTEX_POINT('',#2062);
#885=VERTEX_POINT('',#2069);
#886=VERTEX_POINT('',#2073);
#887=VERTEX_POINT('',#2075);
#888=VERTEX_POINT('',#2077);
#889=VERTEX_POINT('',#2079);
#890=VERTEX_POINT('',#2081);
#891=VERTEX_POINT('',#2083);
#892=VERTEX_POINT('',#2085);
#893=VERTEX_POINT('',#2087);
#894=VERTEX_POINT('',#2091);
#895=VERTEX_POINT('',#2092);
#896=VERTEX_POINT('',#2094);
#897=VERTEX_POINT('',#2096);
#898=VERTEX_POINT('',#2100);
#899=VERTEX_POINT('',#2102);
#900=VERTEX_POINT('',#2106);
#901=VERTEX_POINT('',#2108);
#902=VERTEX_POINT('',#2115);
#903=VERTEX_POINT('',#2116);
#904=VERTEX_POINT('',#2118);
#905=VERTEX_POINT('',#2120);
#906=VERTEX_POINT('',#2124);
#907=VERTEX_POINT('',#2126);
#908=VERTEX_POINT('',#2130);
#909=VERTEX_POINT('',#2131);
#910=VERTEX_POINT('',#2136);
#911=VERTEX_POINT('',#2138);
#912=VERTEX_POINT('',#2142);
#913=VERTEX_POINT('',#2144);
#914=VERTEX_POINT('',#2148);
#915=VERTEX_POINT('',#2150);
#916=VERTEX_POINT('',#2154);
#917=VERTEX_POINT('',#2156);
#918=VERTEX_POINT('',#2160);
#919=VERTEX_POINT('',#2162);
#920=VERTEX_POINT('',#2166);
#921=VERTEX_POINT('',#2167);
#922=VERTEX_POINT('',#2172);
#923=VERTEX_POINT('',#2174);
#924=VERTEX_POINT('',#2178);
#925=VERTEX_POINT('',#2179);
#926=VERTEX_POINT('',#2184);
#927=VERTEX_POINT('',#2186);
#928=VERTEX_POINT('',#2190);
#929=VERTEX_POINT('',#2192);
#930=VERTEX_POINT('',#2196);
#931=VERTEX_POINT('',#2198);
#932=VERTEX_POINT('',#2202);
#933=VERTEX_POINT('',#2204);
#934=VERTEX_POINT('',#2208);
#935=VERTEX_POINT('',#2210);
#936=VERTEX_POINT('',#2214);
#937=VERTEX_POINT('',#2216);
#938=VERTEX_POINT('',#2220);
#939=VERTEX_POINT('',#2222);
#940=VERTEX_POINT('',#2226);
#941=VERTEX_POINT('',#2228);
#942=VERTEX_POINT('',#2231);
#943=VERTEX_POINT('',#2233);
#944=VERTEX_POINT('',#2235);
#945=VERTEX_POINT('',#2239);
#946=VERTEX_POINT('',#2243);
#947=VERTEX_POINT('',#2245);
#948=VERTEX_POINT('',#2249);
#949=VERTEX_POINT('',#2250);
#950=VERTEX_POINT('',#2258);
#951=VERTEX_POINT('',#2260);
#952=VERTEX_POINT('',#2279);
#953=VERTEX_POINT('',#2288);
#954=VERTEX_POINT('',#2308);
#955=VERTEX_POINT('',#2315);
#956=VERTEX_POINT('',#2331);
#957=VERTEX_POINT('',#2332);
#958=VERTEX_POINT('',#2334);
#959=VERTEX_POINT('',#2336);
#960=VERTEX_POINT('',#2340);
#961=VERTEX_POINT('',#2342);
#962=VERTEX_POINT('',#2346);
#963=VERTEX_POINT('',#2348);
#964=VERTEX_POINT('',#2356);
#965=VERTEX_POINT('',#2358);
#966=VERTEX_POINT('',#2364);
#967=VERTEX_POINT('',#2366);
#968=VERTEX_POINT('',#2376);
#969=VERTEX_POINT('',#2377);
#970=VERTEX_POINT('',#2382);
#971=VERTEX_POINT('',#2386);
#972=VERTEX_POINT('',#2433);
#973=VERTEX_POINT('',#2434);
#974=VERTEX_POINT('',#2489);
#975=VERTEX_POINT('',#2490);
#976=EDGE_CURVE('',#852,#853,#1173,.T.);
#977=EDGE_CURVE('',#852,#854,#420,.T.);
#978=EDGE_CURVE('',#854,#855,#1174,.T.);
#979=EDGE_CURVE('',#853,#855,#421,.T.);
#980=EDGE_CURVE('',#856,#857,#422,.T.);
#981=EDGE_CURVE('',#858,#857,#1175,.T.);
#982=EDGE_CURVE('',#859,#858,#423,.T.);
#983=EDGE_CURVE('',#856,#859,#1176,.T.);
#984=EDGE_CURVE('',#857,#852,#1177,.T.);
#985=EDGE_CURVE('',#858,#853,#1178,.T.);
#986=EDGE_CURVE('',#860,#861,#1179,.T.);
#987=EDGE_CURVE('',#860,#862,#112,.T.);
#988=EDGE_CURVE('',#863,#862,#1180,.T.);
#989=EDGE_CURVE('',#863,#861,#113,.T.);
#990=EDGE_CURVE('',#864,#865,#114,.T.);
#991=EDGE_CURVE('',#864,#866,#1181,.T.);
#992=EDGE_CURVE('',#866,#867,#115,.T.);
#993=EDGE_CURVE('',#867,#868,#424,.T.);
#994=EDGE_CURVE('',#869,#868,#1182,.T.);
#995=EDGE_CURVE('',#865,#869,#425,.T.);
#996=EDGE_CURVE('',#864,#870,#116,.T.);
#997=EDGE_CURVE('',#871,#870,#1183,.T.);
#998=EDGE_CURVE('',#871,#866,#117,.T.);
#999=EDGE_CURVE('',#872,#873,#1184,.T.);
#1000=EDGE_CURVE('',#872,#874,#1185,.T.);
#1001=EDGE_CURVE('',#875,#874,#1186,.T.);
#1002=EDGE_CURVE('',#875,#873,#1187,.T.);
#1003=EDGE_CURVE('',#876,#877,#426,.T.);
#1004=EDGE_CURVE('',#878,#877,#1188,.T.);
#1005=EDGE_CURVE('',#860,#878,#118,.T.);
#1006=EDGE_CURVE('',#861,#879,#427,.T.);
#1007=EDGE_CURVE('',#879,#880,#1189,.T.);
#1008=EDGE_CURVE('',#880,#881,#428,.T.);
#1009=EDGE_CURVE('',#882,#881,#1190,.T.);
#1010=EDGE_CURVE('',#882,#883,#1191,.T.);
#1011=EDGE_CURVE('',#883,#884,#1192,.T.);
#1012=EDGE_CURVE('',#884,#872,#429,.T.);
#1013=EDGE_CURVE('',#873,#871,#430,.T.);
#1014=EDGE_CURVE('',#885,#870,#119,.T.);
#1015=EDGE_CURVE('',#876,#885,#1193,.T.);
#1016=EDGE_CURVE('',#874,#886,#431,.T.);
#1017=EDGE_CURVE('',#887,#886,#1194,.T.);
#1018=EDGE_CURVE('',#888,#887,#1195,.T.);
#1019=EDGE_CURVE('',#888,#889,#1196,.T.);
#1020=EDGE_CURVE('',#889,#890,#432,.T.);
#1021=EDGE_CURVE('',#890,#891,#1197,.T.);
#1022=EDGE_CURVE('',#891,#892,#433,.T.);
#1023=EDGE_CURVE('',#893,#892,#1198,.T.);
#1024=EDGE_CURVE('',#893,#875,#434,.T.);
#1025=EDGE_CURVE('',#894,#895,#1199,.T.);
#1026=EDGE_CURVE('',#895,#896,#1200,.T.);
#1027=EDGE_CURVE('',#896,#897,#1201,.T.);
#1028=EDGE_CURVE('',#894,#897,#1202,.T.);
#1029=EDGE_CURVE('',#898,#894,#1203,.T.);
#1030=EDGE_CURVE('',#897,#899,#1204,.T.);
#1031=EDGE_CURVE('',#898,#899,#1205,.T.);
#1032=EDGE_CURVE('',#900,#898,#1206,.T.);
#1033=EDGE_CURVE('',#899,#901,#1207,.T.);
#1034=EDGE_CURVE('',#900,#901,#1208,.T.);
#1035=EDGE_CURVE('',#895,#900,#1209,.T.);
#1036=EDGE_CURVE('',#901,#896,#1210,.T.);
#1037=EDGE_CURVE('',#902,#903,#1211,.T.);
#1038=EDGE_CURVE('',#904,#903,#1212,.T.);
#1039=EDGE_CURVE('',#905,#904,#1213,.T.);
#1040=EDGE_CURVE('',#905,#902,#1214,.T.);
#1041=EDGE_CURVE('',#903,#906,#1215,.T.);
#1042=EDGE_CURVE('',#907,#906,#1216,.T.);
#1043=EDGE_CURVE('',#904,#907,#1217,.T.);
#1044=EDGE_CURVE('',#908,#909,#1218,.T.);
#1045=EDGE_CURVE('',#908,#907,#1219,.T.);
#1046=EDGE_CURVE('',#906,#909,#1220,.T.);
#1047=EDGE_CURVE('',#909,#910,#1221,.T.);
#1048=EDGE_CURVE('',#911,#910,#1222,.T.);
#1049=EDGE_CURVE('',#908,#911,#1223,.T.);
#1050=EDGE_CURVE('',#910,#912,#1224,.T.);
#1051=EDGE_CURVE('',#913,#912,#1225,.T.);
#1052=EDGE_CURVE('',#911,#913,#1226,.T.);
#1053=EDGE_CURVE('',#912,#914,#1227,.T.);
#1054=EDGE_CURVE('',#915,#914,#1228,.T.);
#1055=EDGE_CURVE('',#913,#915,#1229,.T.);
#1056=EDGE_CURVE('',#916,#915,#1230,.T.);
#1057=EDGE_CURVE('',#914,#917,#1231,.T.);
#1058=EDGE_CURVE('',#916,#917,#1232,.T.);
#1059=EDGE_CURVE('',#917,#918,#1233,.T.);
#1060=EDGE_CURVE('',#919,#918,#1234,.T.);
#1061=EDGE_CURVE('',#916,#919,#1235,.T.);
#1062=EDGE_CURVE('',#920,#921,#1236,.T.);
#1063=EDGE_CURVE('',#920,#919,#1237,.T.);
#1064=EDGE_CURVE('',#921,#918,#1238,.T.);
#1065=EDGE_CURVE('',#922,#921,#1239,.T.);
#1066=EDGE_CURVE('',#923,#922,#1240,.T.);
#1067=EDGE_CURVE('',#923,#920,#1241,.T.);
#1068=EDGE_CURVE('',#924,#925,#1242,.T.);
#1069=EDGE_CURVE('',#923,#924,#1243,.T.);
#1070=EDGE_CURVE('',#925,#922,#1244,.T.);
#1071=EDGE_CURVE('',#925,#926,#1245,.T.);
#1072=EDGE_CURVE('',#927,#926,#1246,.T.);
#1073=EDGE_CURVE('',#924,#927,#1247,.T.);
#1074=EDGE_CURVE('',#926,#928,#1248,.T.);
#1075=EDGE_CURVE('',#929,#928,#1249,.T.);
#1076=EDGE_CURVE('',#927,#929,#1250,.T.);
#1077=EDGE_CURVE('',#928,#930,#1251,.T.);
#1078=EDGE_CURVE('',#931,#930,#1252,.T.);
#1079=EDGE_CURVE('',#929,#931,#1253,.T.);
#1080=EDGE_CURVE('',#931,#932,#1254,.T.);
#1081=EDGE_CURVE('',#933,#930,#1255,.T.);
#1082=EDGE_CURVE('',#932,#933,#1256,.T.);
#1083=EDGE_CURVE('',#933,#934,#1257,.T.);
#1084=EDGE_CURVE('',#935,#934,#1258,.T.);
#1085=EDGE_CURVE('',#932,#935,#1259,.T.);
#1086=EDGE_CURVE('',#934,#936,#1260,.T.);
#1087=EDGE_CURVE('',#937,#936,#1261,.T.);
#1088=EDGE_CURVE('',#935,#937,#1262,.T.);
#1089=EDGE_CURVE('',#936,#938,#1263,.T.);
#1090=EDGE_CURVE('',#939,#938,#1264,.T.);
#1091=EDGE_CURVE('',#937,#939,#1265,.T.);
#1092=EDGE_CURVE('',#940,#869,#1266,.T.);
#1093=EDGE_CURVE('',#868,#941,#1267,.T.);
#1094=EDGE_CURVE('',#941,#905,#1268,.T.);
#1095=EDGE_CURVE('',#939,#942,#1269,.T.);
#1096=EDGE_CURVE('',#942,#943,#1270,.T.);
#1097=EDGE_CURVE('',#943,#944,#1271,.T.);
#1098=EDGE_CURVE('',#940,#944,#435,.T.);
#1099=EDGE_CURVE('',#945,#902,#1272,.T.);
#1100=EDGE_CURVE('',#941,#945,#1273,.T.);
#1101=EDGE_CURVE('',#946,#945,#1274,.T.);
#1102=EDGE_CURVE('',#947,#946,#1275,.T.);
#1103=EDGE_CURVE('',#938,#947,#1276,.T.);
#1104=EDGE_CURVE('',#948,#949,#1277,.T.);
#1105=EDGE_CURVE('',#948,#947,#436,.T.);
#1106=EDGE_CURVE('',#949,#946,#437,.T.);
#1107=EDGE_CURVE('',#949,#950,#120,.T.);
#1108=EDGE_CURVE('',#950,#951,#1278,.T.);
#1109=EDGE_CURVE('',#948,#951,#121,.T.);
#1110=EDGE_CURVE('',#950,#952,#122,.T.);
#1111=EDGE_CURVE('',#893,#952,#123,.T.);
#1112=EDGE_CURVE('',#953,#892,#124,.T.);
#1113=EDGE_CURVE('',#951,#953,#125,.T.);
#1114=EDGE_CURVE('',#953,#954,#1279,.T.);
#1115=EDGE_CURVE('',#954,#942,#438,.T.);
#1116=EDGE_CURVE('',#955,#862,#126,.T.);
#1117=EDGE_CURVE('',#943,#955,#439,.T.);
#1118=EDGE_CURVE('',#954,#863,#127,.T.);
#1119=EDGE_CURVE('',#867,#952,#1280,.T.);
#1120=EDGE_CURVE('',#879,#891,#1281,.T.);
#1121=EDGE_CURVE('',#890,#880,#1282,.T.);
#1122=EDGE_CURVE('',#854,#856,#1283,.T.);
#1123=EDGE_CURVE('',#956,#957,#1284,.T.);
#1124=EDGE_CURVE('',#957,#958,#440,.T.);
#1125=EDGE_CURVE('',#958,#959,#1285,.T.);
#1126=EDGE_CURVE('',#959,#956,#441,.T.);
#1127=EDGE_CURVE('',#960,#889,#442,.T.);
#1128=EDGE_CURVE('',#961,#888,#443,.T.);
#1129=EDGE_CURVE('',#961,#960,#1286,.T.);
#1130=EDGE_CURVE('',#886,#962,#444,.T.);
#1131=EDGE_CURVE('',#963,#962,#1287,.T.);
#1132=EDGE_CURVE('',#887,#963,#445,.T.);
#1133=EDGE_CURVE('',#962,#960,#1288,.T.);
#1134=EDGE_CURVE('',#963,#961,#1289,.T.);
#1135=EDGE_CURVE('',#882,#888,#1290,.T.);
#1136=EDGE_CURVE('',#964,#882,#446,.T.);
#1137=EDGE_CURVE('',#965,#964,#1291,.T.);
#1138=EDGE_CURVE('',#883,#965,#447,.T.);
#1139=EDGE_CURVE('',#887,#883,#1292,.T.);
#1140=EDGE_CURVE('',#886,#884,#1293,.T.);
#1141=EDGE_CURVE('',#884,#966,#448,.T.);
#1142=EDGE_CURVE('',#966,#967,#1294,.T.);
#1143=EDGE_CURVE('',#967,#881,#449,.T.);
#1144=EDGE_CURVE('',#881,#889,#1295,.T.);
#1145=EDGE_CURVE('',#964,#967,#1296,.T.);
#1146=EDGE_CURVE('',#965,#966,#1297,.T.);
#1147=EDGE_CURVE('',#968,#969,#1298,.T.);
#1148=EDGE_CURVE('',#957,#969,#1299,.T.);
#1149=EDGE_CURVE('',#956,#968,#1300,.T.);
#1150=EDGE_CURVE('',#969,#970,#450,.T.);
#1151=EDGE_CURVE('',#958,#970,#1301,.T.);
#1152=EDGE_CURVE('',#970,#971,#1302,.T.);
#1153=EDGE_CURVE('',#959,#971,#1303,.T.);
#1154=EDGE_CURVE('',#971,#968,#451,.T.);
#1155=EDGE_CURVE('',#858,#968,#1304,.T.);
#1156=EDGE_CURVE('',#969,#853,#1305,.T.);
#1157=EDGE_CURVE('',#855,#859,#1306,.T.);
#1158=EDGE_CURVE('',#968,#888,#1307,.T.);
#1159=EDGE_CURVE('',#858,#882,#1308,.T.);
#1160=EDGE_CURVE('',#969,#887,#1309,.T.);
#1161=EDGE_CURVE('',#853,#883,#1310,.T.);
#1162=EDGE_CURVE('',#876,#877,#452,.T.);
#1163=EDGE_CURVE('',#885,#878,#453,.T.);
#1164=EDGE_CURVE('',#865,#955,#454,.T.);
#1165=EDGE_CURVE('',#940,#944,#455,.T.);
#1166=EDGE_CURVE('',#869,#943,#456,.T.);
#1167=EDGE_CURVE('',#972,#973,#457,.T.);
#1168=EDGE_CURVE('',#972,#973,#128,.T.);
#1169=EDGE_CURVE('',#974,#975,#129,.T.);
#1170=EDGE_CURVE('',#974,#972,#130,.T.);
#1171=EDGE_CURVE('',#973,#975,#131,.T.);
#1172=EDGE_CURVE('',#975,#974,#1311,.T.);
#1173=LINE('',#1918,#1312);
#1174=LINE('',#1923,#1313);
#1175=LINE('',#1930,#1314);
#1176=LINE('',#1934,#1315);
#1177=LINE('',#1936,#1316);
#1178=LINE('',#1937,#1317);
#1179=LINE('',#1939,#1318);
#1180=LINE('',#1959,#1319);
#1181=LINE('',#1984,#1320);
#1182=LINE('',#1993,#1321);
#1183=LINE('',#2014,#1322);
#1184=LINE('',#2033,#1323);
#1185=LINE('',#2036,#1324);
#1186=LINE('',#2038,#1325);
#1187=LINE('',#2040,#1326);
#1188=LINE('',#2045,#1327);
#1189=LINE('',#2053,#1328);
#1190=LINE('',#2057,#1329);
#1191=LINE('',#2059,#1330);
#1192=LINE('',#2061,#1331);
#1193=LINE('',#2070,#1332);
#1194=LINE('',#2074,#1333);
#1195=LINE('',#2076,#1334);
#1196=LINE('',#2078,#1335);
#1197=LINE('',#2082,#1336);
#1198=LINE('',#2086,#1337);
#1199=LINE('',#2090,#1338);
#1200=LINE('',#2093,#1339);
#1201=LINE('',#2095,#1340);
#1202=LINE('',#2097,#1341);
#1203=LINE('',#2099,#1342);
#1204=LINE('',#2101,#1343);
#1205=LINE('',#2103,#1344);
#1206=LINE('',#2105,#1345);
#1207=LINE('',#2107,#1346);
#1208=LINE('',#2109,#1347);
#1209=LINE('',#2111,#1348);
#1210=LINE('',#2112,#1349);
#1211=LINE('',#2114,#1350);
#1212=LINE('',#2117,#1351);
#1213=LINE('',#2119,#1352);
#1214=LINE('',#2121,#1353);
#1215=LINE('',#2123,#1354);
#1216=LINE('',#2125,#1355);
#1217=LINE('',#2127,#1356);
#1218=LINE('',#2129,#1357);
#1219=LINE('',#2132,#1358);
#1220=LINE('',#2133,#1359);
#1221=LINE('',#2135,#1360);
#1222=LINE('',#2137,#1361);
#1223=LINE('',#2139,#1362);
#1224=LINE('',#2141,#1363);
#1225=LINE('',#2143,#1364);
#1226=LINE('',#2145,#1365);
#1227=LINE('',#2147,#1366);
#1228=LINE('',#2149,#1367);
#1229=LINE('',#2151,#1368);
#1230=LINE('',#2153,#1369);
#1231=LINE('',#2155,#1370);
#1232=LINE('',#2157,#1371);
#1233=LINE('',#2159,#1372);
#1234=LINE('',#2161,#1373);
#1235=LINE('',#2163,#1374);
#1236=LINE('',#2165,#1375);
#1237=LINE('',#2168,#1376);
#1238=LINE('',#2169,#1377);
#1239=LINE('',#2171,#1378);
#1240=LINE('',#2173,#1379);
#1241=LINE('',#2175,#1380);
#1242=LINE('',#2177,#1381);
#1243=LINE('',#2180,#1382);
#1244=LINE('',#2181,#1383);
#1245=LINE('',#2183,#1384);
#1246=LINE('',#2185,#1385);
#1247=LINE('',#2187,#1386);
#1248=LINE('',#2189,#1387);
#1249=LINE('',#2191,#1388);
#1250=LINE('',#2193,#1389);
#1251=LINE('',#2195,#1390);
#1252=LINE('',#2197,#1391);
#1253=LINE('',#2199,#1392);
#1254=LINE('',#2201,#1393);
#1255=LINE('',#2203,#1394);
#1256=LINE('',#2205,#1395);
#1257=LINE('',#2207,#1396);
#1258=LINE('',#2209,#1397);
#1259=LINE('',#2211,#1398);
#1260=LINE('',#2213,#1399);
#1261=LINE('',#2215,#1400);
#1262=LINE('',#2217,#1401);
#1263=LINE('',#2219,#1402);
#1264=LINE('',#2221,#1403);
#1265=LINE('',#2223,#1404);
#1266=LINE('',#2225,#1405);
#1267=LINE('',#2227,#1406);
#1268=LINE('',#2229,#1407);
#1269=LINE('',#2230,#1408);
#1270=LINE('',#2232,#1409);
#1271=LINE('',#2234,#1410);
#1272=LINE('',#2238,#1411);
#1273=LINE('',#2240,#1412);
#1274=LINE('',#2242,#1413);
#1275=LINE('',#2244,#1414);
#1276=LINE('',#2246,#1415);
#1277=LINE('',#2248,#1416);
#1278=LINE('',#2259,#1417);
#1279=LINE('',#2307,#1418);
#1280=LINE('',#2322,#1419);
#1281=LINE('',#2324,#1420);
#1282=LINE('',#2327,#1421);
#1283=LINE('',#2329,#1422);
#1284=LINE('',#2330,#1423);
#1285=LINE('',#2335,#1424);
#1286=LINE('',#2343,#1425);
#1287=LINE('',#2347,#1426);
#1288=LINE('',#2351,#1427);
#1289=LINE('',#2352,#1428);
#1290=LINE('',#2354,#1429);
#1291=LINE('',#2357,#1430);
#1292=LINE('',#2360,#1431);
#1293=LINE('',#2362,#1432);
#1294=LINE('',#2365,#1433);
#1295=LINE('',#2368,#1434);
#1296=LINE('',#2370,#1435);
#1297=LINE('',#2372,#1436);
#1298=LINE('',#2375,#1437);
#1299=LINE('',#2378,#1438);
#1300=LINE('',#2379,#1439);
#1301=LINE('',#2383,#1440);
#1302=LINE('',#2385,#1441);
#1303=LINE('',#2387,#1442);
#1304=LINE('',#2391,#1443);
#1305=LINE('',#2392,#1444);
#1306=LINE('',#2393,#1445);
#1307=LINE('',#2396,#1446);
#1308=LINE('',#2397,#1447);
#1309=LINE('',#2399,#1448);
#1310=LINE('',#2401,#1449);
#1311=LINE('',#2539,#1450);
#1312=VECTOR('',#1562,1.);
#1313=VECTOR('',#1565,1.);
#1314=VECTOR('',#1572,1.);
#1315=VECTOR('',#1575,1.);
#1316=VECTOR('',#1578,1.);
#1317=VECTOR('',#1579,1.);
#1318=VECTOR('',#1582,1.);
#1319=VECTOR('',#1583,1.);
#1320=VECTOR('',#1586,1.);
#1321=VECTOR('',#1589,1.);
#1322=VECTOR('',#1594,1.);
#1323=VECTOR('',#1597,1.);
#1324=VECTOR('',#1598,1.);
#1325=VECTOR('',#1599,1.);
#1326=VECTOR('',#1600,1.);
#1327=VECTOR('',#1605,1.);
#1328=VECTOR('',#1608,1.);
#1329=VECTOR('',#1611,1.);
#1330=VECTOR('',#1612,1.);
#1331=VECTOR('',#1613,1.);
#1332=VECTOR('',#1618,1.);
#1333=VECTOR('',#1623,1.);
#1334=VECTOR('',#1624,1.);
#1335=VECTOR('',#1625,1.);
#1336=VECTOR('',#1628,1.);
#1337=VECTOR('',#1631,1.);
#1338=VECTOR('',#1636,1.);
#1339=VECTOR('',#1637,1.);
#1340=VECTOR('',#1638,1.);
#1341=VECTOR('',#1639,1.);
#1342=VECTOR('',#1642,1.);
#1343=VECTOR('',#1643,1.);
#1344=VECTOR('',#1644,1.);
#1345=VECTOR('',#1647,1.);
#1346=VECTOR('',#1648,1.);
#1347=VECTOR('',#1649,1.);
#1348=VECTOR('',#1652,1.);
#1349=VECTOR('',#1653,1.);
#1350=VECTOR('',#1656,1.);
#1351=VECTOR('',#1657,1.);
#1352=VECTOR('',#1658,1.);
#1353=VECTOR('',#1659,1.);
#1354=VECTOR('',#1662,1.);
#1355=VECTOR('',#1663,1.);
#1356=VECTOR('',#1664,1.);
#1357=VECTOR('',#1667,1.);
#1358=VECTOR('',#1668,1.);
#1359=VECTOR('',#1669,1.);
#1360=VECTOR('',#1672,1.);
#1361=VECTOR('',#1673,1.);
#1362=VECTOR('',#1674,1.);
#1363=VECTOR('',#1677,1.);
#1364=VECTOR('',#1678,1.);
#1365=VECTOR('',#1679,1.);
#1366=VECTOR('',#1682,1.);
#1367=VECTOR('',#1683,1.);
#1368=VECTOR('',#1684,1.);
#1369=VECTOR('',#1687,1.);
#1370=VECTOR('',#1688,1.);
#1371=VECTOR('',#1689,1.);
#1372=VECTOR('',#1692,1.);
#1373=VECTOR('',#1693,1.);
#1374=VECTOR('',#1694,1.);
#1375=VECTOR('',#1697,1.);
#1376=VECTOR('',#1698,1.);
#1377=VECTOR('',#1699,1.);
#1378=VECTOR('',#1702,1.);
#1379=VECTOR('',#1703,1.);
#1380=VECTOR('',#1704,1.);
#1381=VECTOR('',#1707,1.);
#1382=VECTOR('',#1708,1.);
#1383=VECTOR('',#1709,1.);
#1384=VECTOR('',#1712,1.);
#1385=VECTOR('',#1713,1.);
#1386=VECTOR('',#1714,1.);
#1387=VECTOR('',#1717,1.);
#1388=VECTOR('',#1718,1.);
#1389=VECTOR('',#1719,1.);
#1390=VECTOR('',#1722,1.);
#1391=VECTOR('',#1723,1.);
#1392=VECTOR('',#1724,1.);
#1393=VECTOR('',#1727,1.);
#1394=VECTOR('',#1728,1.);
#1395=VECTOR('',#1729,1.);
#1396=VECTOR('',#1732,1.);
#1397=VECTOR('',#1733,1.);
#1398=VECTOR('',#1734,1.);
#1399=VECTOR('',#1737,1.);
#1400=VECTOR('',#1738,1.);
#1401=VECTOR('',#1739,1.);
#1402=VECTOR('',#1742,1.);
#1403=VECTOR('',#1743,1.);
#1404=VECTOR('',#1744,1.);
#1405=VECTOR('',#1747,1.);
#1406=VECTOR('',#1748,1.);
#1407=VECTOR('',#1749,1.);
#1408=VECTOR('',#1750,1.);
#1409=VECTOR('',#1751,1.);
#1410=VECTOR('',#1752,1.);
#1411=VECTOR('',#1757,1.);
#1412=VECTOR('',#1758,1.);
#1413=VECTOR('',#1761,1.);
#1414=VECTOR('',#1762,1.);
#1415=VECTOR('',#1763,1.);
#1416=VECTOR('',#1766,1.);
#1417=VECTOR('',#1773,1.);
#1418=VECTOR('',#1774,1.);
#1419=VECTOR('',#1783,1.);
#1420=VECTOR('',#1786,1.);
#1421=VECTOR('',#1791,1.);
#1422=VECTOR('',#1794,1.);
#1423=VECTOR('',#1795,1.);
#1424=VECTOR('',#1798,1.);
#1425=VECTOR('',#1807,1.);
#1426=VECTOR('',#1812,1.);
#1427=VECTOR('',#1817,1.);
#1428=VECTOR('',#1818,1.);
#1429=VECTOR('',#1821,1.);
#1430=VECTOR('',#1824,1.);
#1431=VECTOR('',#1827,1.);
#1432=VECTOR('',#1830,1.);
#1433=VECTOR('',#1833,1.);
#1434=VECTOR('',#1836,1.);
#1435=VECTOR('',#1839,1.);
#1436=VECTOR('',#1842,1.);
#1437=VECTOR('',#1847,1.);
#1438=VECTOR('',#1848,1.);
#1439=VECTOR('',#1849,1.);
#1440=VECTOR('',#1854,1.);
#1441=VECTOR('',#1857,1.);
#1442=VECTOR('',#1858,1.);
#1443=VECTOR('',#1865,1.);
#1444=VECTOR('',#1866,1.);
#1445=VECTOR('',#1867,1.);
#1446=VECTOR('',#1872,1.);
#1447=VECTOR('',#1873,1.);
#1448=VECTOR('',#1876,1.);
#1449=VECTOR('',#1879,1.);
#1450=VECTOR('',#1912,1.);
#1451=AXIS2_PLACEMENT_3D('',#1917,#1560,#1561);
#1452=AXIS2_PLACEMENT_3D('',#1921,#1563,#1564);
#1453=AXIS2_PLACEMENT_3D('',#1925,#1566,#1567);
#1454=AXIS2_PLACEMENT_3D('',#1926,#1568,#1569);
#1455=AXIS2_PLACEMENT_3D('',#1927,#1570,#1571);
#1456=AXIS2_PLACEMENT_3D('',#1932,#1573,#1574);
#1457=AXIS2_PLACEMENT_3D('',#1935,#1576,#1577);
#1458=AXIS2_PLACEMENT_3D('',#1938,#1580,#1581);
#1459=AXIS2_PLACEMENT_3D('',#1977,#1584,#1585);
#1460=AXIS2_PLACEMENT_3D('',#1991,#1587,#1588);
#1461=AXIS2_PLACEMENT_3D('',#1995,#1590,#1591);
#1462=AXIS2_PLACEMENT_3D('',#1996,#1592,#1593);
#1463=AXIS2_PLACEMENT_3D('',#2032,#1595,#1596);
#1464=AXIS2_PLACEMENT_3D('',#2041,#1601,#1602);
#1465=AXIS2_PLACEMENT_3D('',#2042,#1603,#1604);
#1466=AXIS2_PLACEMENT_3D('',#2051,#1606,#1607);
#1467=AXIS2_PLACEMENT_3D('',#2055,#1609,#1610);
#1468=AXIS2_PLACEMENT_3D('',#2063,#1614,#1615);
#1469=AXIS2_PLACEMENT_3D('',#2064,#1616,#1617);
#1470=AXIS2_PLACEMENT_3D('',#2071,#1619,#1620);
#1471=AXIS2_PLACEMENT_3D('',#2072,#1621,#1622);
#1472=AXIS2_PLACEMENT_3D('',#2080,#1626,#1627);
#1473=AXIS2_PLACEMENT_3D('',#2084,#1629,#1630);
#1474=AXIS2_PLACEMENT_3D('',#2088,#1632,#1633);
#1475=AXIS2_PLACEMENT_3D('',#2089,#1634,#1635);
#1476=AXIS2_PLACEMENT_3D('',#2098,#1640,#1641);
#1477=AXIS2_PLACEMENT_3D('',#2104,#1645,#1646);
#1478=AXIS2_PLACEMENT_3D('',#2110,#1650,#1651);
#1479=AXIS2_PLACEMENT_3D('',#2113,#1654,#1655);
#1480=AXIS2_PLACEMENT_3D('',#2122,#1660,#1661);
#1481=AXIS2_PLACEMENT_3D('',#2128,#1665,#1666);
#1482=AXIS2_PLACEMENT_3D('',#2134,#1670,#1671);
#1483=AXIS2_PLACEMENT_3D('',#2140,#1675,#1676);
#1484=AXIS2_PLACEMENT_3D('',#2146,#1680,#1681);
#1485=AXIS2_PLACEMENT_3D('',#2152,#1685,#1686);
#1486=AXIS2_PLACEMENT_3D('',#2158,#1690,#1691);
#1487=AXIS2_PLACEMENT_3D('',#2164,#1695,#1696);
#1488=AXIS2_PLACEMENT_3D('',#2170,#1700,#1701);
#1489=AXIS2_PLACEMENT_3D('',#2176,#1705,#1706);
#1490=AXIS2_PLACEMENT_3D('',#2182,#1710,#1711);
#1491=AXIS2_PLACEMENT_3D('',#2188,#1715,#1716);
#1492=AXIS2_PLACEMENT_3D('',#2194,#1720,#1721);
#1493=AXIS2_PLACEMENT_3D('',#2200,#1725,#1726);
#1494=AXIS2_PLACEMENT_3D('',#2206,#1730,#1731);
#1495=AXIS2_PLACEMENT_3D('',#2212,#1735,#1736);
#1496=AXIS2_PLACEMENT_3D('',#2218,#1740,#1741);
#1497=AXIS2_PLACEMENT_3D('',#2224,#1745,#1746);
#1498=AXIS2_PLACEMENT_3D('',#2236,#1753,#1754);
#1499=AXIS2_PLACEMENT_3D('',#2237,#1755,#1756);
#1500=AXIS2_PLACEMENT_3D('',#2241,#1759,#1760);
#1501=AXIS2_PLACEMENT_3D('',#2247,#1764,#1765);
#1502=AXIS2_PLACEMENT_3D('',#2251,#1767,#1768);
#1503=AXIS2_PLACEMENT_3D('',#2252,#1769,#1770);
#1504=AXIS2_PLACEMENT_3D('',#2253,#1771,#1772);
#1505=AXIS2_PLACEMENT_3D('',#2309,#1775,#1776);
#1506=AXIS2_PLACEMENT_3D('',#2310,#1777,#1778);
#1507=AXIS2_PLACEMENT_3D('',#2316,#1779,#1780);
#1508=AXIS2_PLACEMENT_3D('',#2321,#1781,#1782);
#1509=AXIS2_PLACEMENT_3D('',#2323,#1784,#1785);
#1510=AXIS2_PLACEMENT_3D('',#2325,#1787,#1788);
#1511=AXIS2_PLACEMENT_3D('',#2326,#1789,#1790);
#1512=AXIS2_PLACEMENT_3D('',#2328,#1792,#1793);
#1513=AXIS2_PLACEMENT_3D('',#2333,#1796,#1797);
#1514=AXIS2_PLACEMENT_3D('',#2337,#1799,#1800);
#1515=AXIS2_PLACEMENT_3D('',#2338,#1801,#1802);
#1516=AXIS2_PLACEMENT_3D('',#2339,#1803,#1804);
#1517=AXIS2_PLACEMENT_3D('',#2341,#1805,#1806);
#1518=AXIS2_PLACEMENT_3D('',#2344,#1808,#1809);
#1519=AXIS2_PLACEMENT_3D('',#2345,#1810,#1811);
#1520=AXIS2_PLACEMENT_3D('',#2349,#1813,#1814);
#1521=AXIS2_PLACEMENT_3D('',#2350,#1815,#1816);
#1522=AXIS2_PLACEMENT_3D('',#2353,#1819,#1820);
#1523=AXIS2_PLACEMENT_3D('',#2355,#1822,#1823);
#1524=AXIS2_PLACEMENT_3D('',#2359,#1825,#1826);
#1525=AXIS2_PLACEMENT_3D('',#2361,#1828,#1829);
#1526=AXIS2_PLACEMENT_3D('',#2363,#1831,#1832);
#1527=AXIS2_PLACEMENT_3D('',#2367,#1834,#1835);
#1528=AXIS2_PLACEMENT_3D('',#2369,#1837,#1838);
#1529=AXIS2_PLACEMENT_3D('',#2371,#1840,#1841);
#1530=AXIS2_PLACEMENT_3D('',#2373,#1843,#1844);
#1531=AXIS2_PLACEMENT_3D('',#2374,#1845,#1846);
#1532=AXIS2_PLACEMENT_3D('',#2380,#1850,#1851);
#1533=AXIS2_PLACEMENT_3D('',#2381,#1852,#1853);
#1534=AXIS2_PLACEMENT_3D('',#2384,#1855,#1856);
#1535=AXIS2_PLACEMENT_3D('',#2388,#1859,#1860);
#1536=AXIS2_PLACEMENT_3D('',#2389,#1861,#1862);
#1537=AXIS2_PLACEMENT_3D('',#2390,#1863,#1864);
#1538=AXIS2_PLACEMENT_3D('',#2394,#1868,#1869);
#1539=AXIS2_PLACEMENT_3D('',#2395,#1870,#1871);
#1540=AXIS2_PLACEMENT_3D('',#2398,#1874,#1875);
#1541=AXIS2_PLACEMENT_3D('',#2400,#1877,#1878);
#1542=AXIS2_PLACEMENT_3D('',#2402,#1880,#1881);
#1543=AXIS2_PLACEMENT_3D('',#2403,#1882,#1883);
#1544=AXIS2_PLACEMENT_3D('',#2404,#1884,#1885);
#1545=AXIS2_PLACEMENT_3D('',#2405,#1886,#1887);
#1546=AXIS2_PLACEMENT_3D('',#2406,#1888,#1889);
#1547=AXIS2_PLACEMENT_3D('',#2407,#1890,#1891);
#1548=AXIS2_PLACEMENT_3D('',#2408,#1892,#1893);
#1549=AXIS2_PLACEMENT_3D('',#2409,#1894,#1895);
#1550=AXIS2_PLACEMENT_3D('',#2410,#1896,#1897);
#1551=AXIS2_PLACEMENT_3D('',#2411,#1898,#1899);
#1552=AXIS2_PLACEMENT_3D('',#2412,#1900,#1901);
#1553=AXIS2_PLACEMENT_3D('',#2413,#1902,#1903);
#1554=AXIS2_PLACEMENT_3D('',#2414,#1904,#1905);
#1555=AXIS2_PLACEMENT_3D('',#2415,#1906,#1907);
#1556=AXIS2_PLACEMENT_3D('',#2432,#1908,#1909);
#1557=AXIS2_PLACEMENT_3D('',#2454,#1910,#1911);
#1558=AXIS2_PLACEMENT_3D('',#2540,#1913,#1914);
#1559=AXIS2_PLACEMENT_3D('',#2541,#1915,#1916);
#1560=DIRECTION('',(0.,0.,1.));
#1561=DIRECTION('',(1.,0.,0.));
#1562=DIRECTION('',(0.,-1.,0.));
#1563=DIRECTION('',(0.,1.,0.));
#1564=DIRECTION('',(0.,0.,1.));
#1565=DIRECTION('',(0.,-1.,0.));
#1566=DIRECTION('',(0.,1.,0.));
#1567=DIRECTION('',(0.,0.,1.));
#1568=DIRECTION('',(0.,-1.,0.));
#1569=DIRECTION('',(0.,0.,-1.));
#1570=DIRECTION('',(0.,1.,0.));
#1571=DIRECTION('',(0.,0.,1.));
#1572=DIRECTION('',(0.,1.,0.));
#1573=DIRECTION('',(0.,1.,0.));
#1574=DIRECTION('',(0.,0.,1.));
#1575=DIRECTION('',(0.,-1.,0.));
#1576=DIRECTION('',(0.,-1.,0.));
#1577=DIRECTION('',(0.,0.,-1.));
#1578=DIRECTION('',(-1.,0.,0.));
#1579=DIRECTION('',(-1.,0.,0.));
#1580=DIRECTION('',(0.,0.,1.));
#1581=DIRECTION('',(1.,0.,0.));
#1582=DIRECTION('',(1.,0.,-1.35525271560692E-16));
#1583=DIRECTION('',(-1.,0.,0.));
#1584=DIRECTION('',(1.,0.,0.));
#1585=DIRECTION('',(0.,0.,-1.));
#1586=DIRECTION('',(-1.,0.,0.));
#1587=DIRECTION('',(1.,0.,0.));
#1588=DIRECTION('',(0.,0.,-1.));
#1589=DIRECTION('',(-1.,0.,0.));
#1590=DIRECTION('',(1.,0.,0.));
#1591=DIRECTION('',(0.,0.,1.));
#1592=DIRECTION('',(1.,0.,0.));
#1593=DIRECTION('',(0.,0.,-1.));
#1594=DIRECTION('',(1.,0.,-1.35525271560692E-16));
#1595=DIRECTION('',(1.,0.,0.));
#1596=DIRECTION('',(0.,0.,-1.));
#1597=DIRECTION('',(-1.,0.,1.35525271560692E-16));
#1598=DIRECTION('',(-2.66963100931105E-11,0.,-1.));
#1599=DIRECTION('',(1.,0.,-1.35525271560692E-16));
#1600=DIRECTION('',(0.,0.,1.));
#1601=DIRECTION('',(0.,-1.,0.));
#1602=DIRECTION('',(0.,0.,-1.));
#1603=DIRECTION('',(-1.35525271560692E-16,0.,-1.));
#1604=DIRECTION('',(1.,0.,0.));
#1605=DIRECTION('',(0.,1.,0.));
#1606=DIRECTION('',(1.35525271560692E-16,0.,1.));
#1607=DIRECTION('',(1.,0.,0.));
#1608=DIRECTION('',(-1.,0.,1.35525271560692E-16));
#1609=DIRECTION('',(-1.35525271560692E-16,0.,-1.));
#1610=DIRECTION('',(1.,0.,0.));
#1611=DIRECTION('',(0.,-1.,0.));
#1612=DIRECTION('',(-1.,0.,1.03257349761345E-16));
#1613=DIRECTION('',(0.,-1.,0.));
#1614=DIRECTION('',(-1.35525271560692E-16,0.,-1.));
#1615=DIRECTION('',(1.,0.,0.));
#1616=DIRECTION('',(1.35525271560692E-16,0.,1.));
#1617=DIRECTION('',(1.,0.,0.));
#1618=DIRECTION('',(0.,-1.,0.));
#1619=DIRECTION('',(1.35525271560692E-16,0.,1.));
#1620=DIRECTION('',(1.,0.,-1.35742111995185E-16));
#1621=DIRECTION('',(1.35525271560692E-16,0.,1.));
#1622=DIRECTION('',(1.,0.,0.));
#1623=DIRECTION('',(0.,-1.,0.));
#1624=DIRECTION('',(-1.,0.,1.03257349761345E-16));
#1625=DIRECTION('',(0.,-1.,0.));
#1626=DIRECTION('',(1.35525271560692E-16,0.,1.));
#1627=DIRECTION('',(1.,0.,0.));
#1628=DIRECTION('',(1.,0.,-1.35525271560692E-16));
#1629=DIRECTION('',(-1.35525271560692E-16,0.,-1.));
#1630=DIRECTION('',(1.,0.,0.));
#1631=DIRECTION('',(1.,0.,-1.89993523559365E-15));
#1632=DIRECTION('',(-1.35525271560692E-16,0.,-1.));
#1633=DIRECTION('',(1.,0.,0.));
#1634=DIRECTION('',(1.35525271560692E-16,0.,1.));
#1635=DIRECTION('',(1.,0.,-1.35742111995185E-16));
#1636=DIRECTION('',(0.,1.,0.));
#1637=DIRECTION('',(0.,0.,-1.));
#1638=DIRECTION('',(0.,-1.,0.));
#1639=DIRECTION('',(0.,0.,-1.));
#1640=DIRECTION('',(1.,0.,0.));
#1641=DIRECTION('',(0.,0.,-1.));
#1642=DIRECTION('',(1.,0.,0.));
#1643=DIRECTION('',(-1.,0.,0.));
#1644=DIRECTION('',(0.,0.,-1.));
#1645=DIRECTION('',(0.,-1.,0.));
#1646=DIRECTION('',(0.,0.,-1.));
#1647=DIRECTION('',(0.,-1.,0.));
#1648=DIRECTION('',(0.,1.,0.));
#1649=DIRECTION('',(0.,0.,-1.));
#1650=DIRECTION('',(-1.,0.,0.));
#1651=DIRECTION('',(0.,0.,1.));
#1652=DIRECTION('',(-1.,0.,0.));
#1653=DIRECTION('',(1.,0.,0.));
#1654=DIRECTION('',(0.,1.,0.));
#1655=DIRECTION('',(0.,0.,1.));
#1656=DIRECTION('',(0.,-1.,0.));
#1657=DIRECTION('',(0.,0.,-1.));
#1658=DIRECTION('',(0.,-1.,0.));
#1659=DIRECTION('',(0.,0.,-1.));
#1660=DIRECTION('',(1.,0.,0.));
#1661=DIRECTION('',(0.,0.,-1.));
#1662=DIRECTION('',(1.,2.60208521396355E-13,0.));
#1663=DIRECTION('',(0.,0.,-1.));
#1664=DIRECTION('',(1.,2.60208521396355E-13,0.));
#1665=DIRECTION('',(-2.60208521396355E-13,1.,0.));
#1666=DIRECTION('',(-1.,-2.60208521396521E-13,0.));
#1667=DIRECTION('',(0.,0.,-1.));
#1668=DIRECTION('',(0.,1.,0.));
#1669=DIRECTION('',(0.,-1.,0.));
#1670=DIRECTION('',(1.,0.,0.));
#1671=DIRECTION('',(0.,0.,-1.));
#1672=DIRECTION('',(-1.,3.03576608295843E-13,0.));
#1673=DIRECTION('',(0.,0.,-1.));
#1674=DIRECTION('',(-1.,3.03576608295843E-13,0.));
#1675=DIRECTION('',(-3.03576608295843E-13,-1.,0.));
#1676=DIRECTION('',(1.,-3.03576608295941E-13,0.));
#1677=DIRECTION('',(-1.37676466347368E-16,-1.,0.));
#1678=DIRECTION('',(0.,0.,-1.));
#1679=DIRECTION('',(-1.37676466347368E-16,-1.,0.));
#1680=DIRECTION('',(1.,-1.37676466347368E-16,0.));
#1681=DIRECTION('',(1.37910516340156E-16,1.,0.));
#1682=DIRECTION('',(1.,0.,0.));
#1683=DIRECTION('',(0.,0.,-1.));
#1684=DIRECTION('',(1.,0.,0.));
#1685=DIRECTION('',(0.,1.,0.));
#1686=DIRECTION('',(0.,0.,1.));
#1687=DIRECTION('',(0.,1.,0.));
#1688=DIRECTION('',(0.,-1.,0.));
#1689=DIRECTION('',(0.,0.,-1.));
#1690=DIRECTION('',(1.,0.,0.));
#1691=DIRECTION('',(0.,0.,-1.));
#1692=DIRECTION('',(0.601815023152048,-0.798635510047293,0.));
#1693=DIRECTION('',(0.,0.,-1.));
#1694=DIRECTION('',(0.601815023152048,-0.798635510047293,0.));
#1695=DIRECTION('',(0.798635510047293,0.601815023152048,0.));
#1696=DIRECTION('',(-0.601815023152048,0.798635510047293,0.));
#1697=DIRECTION('',(0.,0.,-1.));
#1698=DIRECTION('',(-1.,0.,0.));
#1699=DIRECTION('',(-1.,0.,0.));
#1700=DIRECTION('',(0.,1.,0.));
#1701=DIRECTION('',(0.,0.,1.));
#1702=DIRECTION('',(-0.601815023152048,-0.798635510047293,0.));
#1703=DIRECTION('',(0.,0.,-1.));
#1704=DIRECTION('',(-0.601815023152048,-0.798635510047293,0.));
#1705=DIRECTION('',(0.798635510047293,-0.601815023152048,0.));
#1706=DIRECTION('',(0.601815023152048,0.798635510047293,0.));
#1707=DIRECTION('',(0.,0.,-1.));
#1708=DIRECTION('',(0.,1.,0.));
#1709=DIRECTION('',(0.,-1.,0.));
#1710=DIRECTION('',(1.,0.,0.));
#1711=DIRECTION('',(0.,0.,-1.));
#1712=DIRECTION('',(1.,7.80625564189563E-14,0.));
#1713=DIRECTION('',(0.,0.,-1.));
#1714=DIRECTION('',(1.,7.80625564189563E-14,0.));
#1715=DIRECTION('',(-7.80625564189563E-14,1.,0.));
#1716=DIRECTION('',(-1.,-7.80625564189563E-14,0.));
#1717=DIRECTION('',(-1.37676466347368E-16,1.,0.));
#1718=DIRECTION('',(0.,0.,-1.));
#1719=DIRECTION('',(-1.37676466347368E-16,1.,0.));
#1720=DIRECTION('',(-1.,-1.37676466347368E-16,0.));
#1721=DIRECTION('',(1.37910516340156E-16,-1.,0.));
#1722=DIRECTION('',(-1.,0.,0.));
#1723=DIRECTION('',(0.,0.,-1.));
#1724=DIRECTION('',(-1.,0.,0.));
#1725=DIRECTION('',(0.,-1.,0.));
#1726=DIRECTION('',(0.,0.,-1.));
#1727=DIRECTION('',(0.,1.,0.));
#1728=DIRECTION('',(0.,-1.,0.));
#1729=DIRECTION('',(0.,0.,-1.));
#1730=DIRECTION('',(1.,0.,0.));
#1731=DIRECTION('',(0.,0.,-1.));
#1732=DIRECTION('',(1.,-1.56125112837913E-13,0.));
#1733=DIRECTION('',(0.,0.,-1.));
#1734=DIRECTION('',(1.,-1.56125112837913E-13,0.));
#1735=DIRECTION('',(1.56125112837913E-13,1.,0.));
#1736=DIRECTION('',(-1.,1.56125112837913E-13,0.));
#1737=DIRECTION('',(0.,1.,0.));
#1738=DIRECTION('',(0.,0.,-1.));
#1739=DIRECTION('',(0.,1.,0.));
#1740=DIRECTION('',(-1.,0.,0.));
#1741=DIRECTION('',(0.,0.,1.));
#1742=DIRECTION('',(-1.,-2.77555756156318E-13,0.));
#1743=DIRECTION('',(0.,0.,-1.));
#1744=DIRECTION('',(-1.,-2.77555756156318E-13,0.));
#1745=DIRECTION('',(2.77555756156318E-13,-1.,0.));
#1746=DIRECTION('',(1.,2.77555756156289E-13,0.));
#1747=DIRECTION('',(0.,1.,0.));
#1748=DIRECTION('',(0.,-1.,0.));
#1749=DIRECTION('',(-1.,6.41847686111217E-13,0.));
#1750=DIRECTION('',(0.,1.,0.));
#1751=DIRECTION('',(-1.,0.,0.));
#1752=DIRECTION('',(0.,-1.,0.));
#1753=DIRECTION('',(0.,0.,1.));
#1754=DIRECTION('',(1.,0.,0.));
#1755=DIRECTION('',(0.,0.,1.));
#1756=DIRECTION('',(1.,0.,0.));
#1757=DIRECTION('',(-1.,6.41847686111217E-13,0.));
#1758=DIRECTION('',(0.,0.,-1.));
#1759=DIRECTION('',(-6.41847686111216E-13,-1.,0.));
#1760=DIRECTION('',(1.,-6.41847686111419E-13,0.));
#1761=DIRECTION('',(0.,-1.,0.));
#1762=DIRECTION('',(-1.,0.,0.));
#1763=DIRECTION('',(0.,1.,0.));
#1764=DIRECTION('',(0.,0.,-1.));
#1765=DIRECTION('',(-1.,0.,0.));
#1766=DIRECTION('',(-1.,0.,0.));
#1767=DIRECTION('',(1.,0.,0.));
#1768=DIRECTION('',(0.,0.,-1.));
#1769=DIRECTION('',(1.,0.,0.));
#1770=DIRECTION('',(0.,0.,-1.));
#1771=DIRECTION('',(1.,0.,0.));
#1772=DIRECTION('',(0.,0.,-1.));
#1773=DIRECTION('',(1.,9.91270557701034E-16,-2.18905581492311E-15));
#1774=DIRECTION('',(0.,0.,1.));
#1775=DIRECTION('',(1.,0.,0.));
#1776=DIRECTION('',(0.,0.,-1.));
#1777=DIRECTION('',(1.,0.,0.));
#1778=DIRECTION('',(0.,0.,-1.));
#1779=DIRECTION('',(-1.,0.,0.));
#1780=DIRECTION('',(0.,0.,1.));
#1781=DIRECTION('',(1.,0.,0.));
#1782=DIRECTION('',(0.,0.,-1.));
#1783=DIRECTION('',(0.,0.,-1.));
#1784=DIRECTION('',(1.,0.,0.));
#1785=DIRECTION('',(0.,0.,-1.));
#1786=DIRECTION('',(0.,0.,-1.));
#1787=DIRECTION('',(0.,0.,-1.));
#1788=DIRECTION('',(-1.,0.,0.));
#1789=DIRECTION('',(0.,0.,-1.));
#1790=DIRECTION('',(-1.,0.,0.));
#1791=DIRECTION('',(1.13949648328226E-12,0.,1.));
#1792=DIRECTION('',(0.,-1.,0.));
#1793=DIRECTION('',(0.,0.,-1.));
#1794=DIRECTION('',(1.,0.,0.));
#1795=DIRECTION('',(-1.,0.,0.));
#1796=DIRECTION('',(0.,1.,0.));
#1797=DIRECTION('',(0.,0.,1.));
#1798=DIRECTION('',(1.,0.,0.));
#1799=DIRECTION('',(0.,1.,0.));
#1800=DIRECTION('',(0.,0.,1.));
#1801=DIRECTION('',(0.,1.,0.));
#1802=DIRECTION('',(0.,0.,1.));
#1803=DIRECTION('',(0.,1.,0.));
#1804=DIRECTION('',(1.,0.,5.80822592402949E-17));
#1805=DIRECTION('',(0.,1.,0.));
#1806=DIRECTION('',(0.,0.,1.));
#1807=DIRECTION('',(0.,-1.,0.));
#1808=DIRECTION('',(0.,-1.,0.));
#1809=DIRECTION('',(0.,0.,-1.));
#1810=DIRECTION('',(0.,1.,0.));
#1811=DIRECTION('',(1.,0.,5.80822592402949E-17));
#1812=DIRECTION('',(0.,-1.,0.));
#1813=DIRECTION('',(0.,1.,0.));
#1814=DIRECTION('',(0.,0.,1.));
#1815=DIRECTION('',(0.,-1.,0.));
#1816=DIRECTION('',(0.,0.,-1.));
#1817=DIRECTION('',(1.,0.,0.));
#1818=DIRECTION('',(1.,0.,0.));
#1819=DIRECTION('',(0.,0.,-1.));
#1820=DIRECTION('',(-1.,0.,0.));
#1821=DIRECTION('',(0.,0.,-1.));
#1822=DIRECTION('',(0.,1.,0.));
#1823=DIRECTION('',(0.,0.,1.));
#1824=DIRECTION('',(1.,0.,0.));
#1825=DIRECTION('',(0.,1.,0.));
#1826=DIRECTION('',(0.,0.,1.));
#1827=DIRECTION('',(0.,0.,1.));
#1828=DIRECTION('',(0.,1.,0.));
#1829=DIRECTION('',(0.,0.,1.));
#1830=DIRECTION('',(2.66963100931106E-11,1.15648231731787E-14,1.));
#1831=DIRECTION('',(0.,1.,0.));
#1832=DIRECTION('',(0.,0.,1.));
#1833=DIRECTION('',(1.,0.,0.));
#1834=DIRECTION('',(0.,1.,0.));
#1835=DIRECTION('',(0.,0.,1.));
#1836=DIRECTION('',(-1.13949648328226E-12,0.,-1.));
#1837=DIRECTION('',(0.,1.,0.));
#1838=DIRECTION('',(0.,0.,1.));
#1839=DIRECTION('',(0.,-1.,0.));
#1840=DIRECTION('',(0.,-1.,0.));
#1841=DIRECTION('',(0.,0.,-1.));
#1842=DIRECTION('',(0.,-1.,0.));
#1843=DIRECTION('',(0.,-1.,0.));
#1844=DIRECTION('',(0.,0.,-1.));
#1845=DIRECTION('',(0.,0.,-1.));
#1846=DIRECTION('',(-1.,0.,0.));
#1847=DIRECTION('',(-1.,0.,0.));
#1848=DIRECTION('',(0.,-1.,0.));
#1849=DIRECTION('',(0.,-1.,0.));
#1850=DIRECTION('',(0.,0.,1.));
#1851=DIRECTION('',(1.,0.,0.));
#1852=DIRECTION('',(0.,1.,0.));
#1853=DIRECTION('',(1.,0.,6.2310469683075E-17));
#1854=DIRECTION('',(0.,-1.,0.));
#1855=DIRECTION('',(0.,-1.,0.));
#1856=DIRECTION('',(0.,0.,-1.));
#1857=DIRECTION('',(1.,0.,0.));
#1858=DIRECTION('',(0.,-1.,0.));
#1859=DIRECTION('',(0.,0.,-1.));
#1860=DIRECTION('',(-1.,0.,0.));
#1861=DIRECTION('',(0.,1.,0.));
#1862=DIRECTION('',(1.,0.,6.2310469683075E-17));
#1863=DIRECTION('',(0.,-1.,0.));
#1864=DIRECTION('',(0.,0.,-1.));
#1865=DIRECTION('',(0.,0.,-1.));
#1866=DIRECTION('',(0.,0.,1.));
#1867=DIRECTION('',(1.,0.,0.));
#1868=DIRECTION('',(0.,1.,0.));
#1869=DIRECTION('',(0.,0.,1.));
#1870=DIRECTION('',(0.,0.,-1.));
#1871=DIRECTION('',(-1.,0.,0.));
#1872=DIRECTION('',(0.118046326905219,-0.944384523109226,0.3069249700105));
#1873=DIRECTION('',(0.118046326905219,-0.944384523109226,0.3069249700105));
#1874=DIRECTION('',(0.992278101530376,0.124032936042301,0.));
#1875=DIRECTION('',(-0.124032936042301,0.992278101530376,0.));
#1876=DIRECTION('',(-0.118049755411212,-0.944384135488424,0.306924844033739));
#1877=DIRECTION('',(9.82012574698749E-17,0.309086072337559,0.951034068730948));
#1878=DIRECTION('',(0.,-0.951034068730948,0.309086072337559));
#1879=DIRECTION('',(-0.118049755411212,-0.944384135488424,0.306924844033739));
#1880=DIRECTION('',(0.992277651894779,-0.124036533127072,0.));
#1881=DIRECTION('',(0.124036533127072,0.992277651894779,0.));
#1882=DIRECTION('',(-9.82012574698749E-17,-0.309086072337559,-0.951034068730948));
#1883=DIRECTION('',(0.,0.951034068730948,-0.309086072337559));
#1884=DIRECTION('',(2.66963100931105E-11,0.,1.));
#1885=DIRECTION('',(1.,0.,-2.66962378129657E-11));
#1886=DIRECTION('',(-1.13949648328226E-12,0.,-1.));
#1887=DIRECTION('',(-1.,0.,1.13942420313743E-12));
#1888=DIRECTION('',(0.,1.,1.24344978758017E-14));
#1889=DIRECTION('',(1.,0.,0.));
#1890=DIRECTION('',(0.,1.,0.));
#1891=DIRECTION('',(0.,0.,1.));
#1892=DIRECTION('',(0.,1.,0.));
#1893=DIRECTION('',(0.,0.,1.));
#1894=DIRECTION('',(0.,0.187500000000012,-0.982264602843855));
#1895=DIRECTION('',(1.,0.,0.));
#1896=DIRECTION('',(1.,0.,0.));
#1897=DIRECTION('',(0.,0.,-1.));
#1898=DIRECTION('',(1.7667259389088E-16,0.,-1.));
#1899=DIRECTION('',(-1.,2.04085114820801E-15,-2.55106393526001E-16));
#1900=DIRECTION('',(0.,1.,0.));
#1901=DIRECTION('',(1.,0.,6.37765983815003E-17));
#1902=DIRECTION('',(-2.00010218035512E-16,0.,1.));
#1903=DIRECTION('',(-1.,-2.04085114820801E-15,-1.27553196763001E-16));
#1904=DIRECTION('',(0.,1.,0.));
#1905=DIRECTION('',(1.,0.,6.37765983815003E-17));
#1906=DIRECTION('',(0.,-1.,0.));
#1907=DIRECTION('',(0.,0.,-1.));
#1908=DIRECTION('',(0.,0.187500000000012,-0.982264602843855));
#1909=DIRECTION('',(1.,0.,0.));
#1910=DIRECTION('',(1.,0.,0.));
#1911=DIRECTION('',(0.,0.,-1.));
#1912=DIRECTION('',(-1.,0.,0.));
#1913=DIRECTION('',(1.,0.,0.));
#1914=DIRECTION('',(0.,0.,-1.));
#1915=DIRECTION('',(1.,0.,0.));
#1916=DIRECTION('',(0.,0.,-1.));
#1917=CARTESIAN_POINT('',(0.,0.,0.));
#1918=CARTESIAN_POINT('',(-1.59999263654416,46.7,-3.3));
#1919=CARTESIAN_POINT('',(-1.59999263654416,47.,-3.3));
#1920=CARTESIAN_POINT('',(-1.59999263654416,43.4,-3.3));
#1921=CARTESIAN_POINT('',(-1.59999263654416,47.,-0.15));
#1922=CARTESIAN_POINT('',(-1.59999263654416,47.,3.));
#1923=CARTESIAN_POINT('',(-1.59999263654416,46.7,3.));
#1924=CARTESIAN_POINT('',(-1.59999263654416,43.4,3.));
#1925=CARTESIAN_POINT('',(-1.59999263654416,43.4,-0.15));
#1926=CARTESIAN_POINT('',(-1.59999263654416,46.7,-0.15));
#1927=CARTESIAN_POINT('',(1.60000736345584,47.,-0.15));
#1928=CARTESIAN_POINT('',(1.60000736341404,47.,3.));
#1929=CARTESIAN_POINT('',(1.60000736345584,47.,-3.3));
#1930=CARTESIAN_POINT('',(1.60000736345584,46.7,-3.3));
#1931=CARTESIAN_POINT('',(1.60000736345584,43.4,-3.3));
#1932=CARTESIAN_POINT('',(1.60000736345584,43.4,-0.15));
#1933=CARTESIAN_POINT('',(1.60000736341404,43.4,3.));
#1934=CARTESIAN_POINT('',(1.60000736342557,46.7,3.));
#1935=CARTESIAN_POINT('',(1.60000736345584,46.7,-0.15));
#1936=CARTESIAN_POINT('',(1.60000736341404,47.,-3.3));
#1937=CARTESIAN_POINT('',(1.60000736341404,43.4,-3.3));
#1938=CARTESIAN_POINT('',(1.60000736341404,46.7,-3.3));
#1939=CARTESIAN_POINT('',(-4.98299318474339E-16,29.5016124838541,-2.));
#1940=CARTESIAN_POINT('',(1.20502217460597,29.501612483854,-2.));
#1941=CARTESIAN_POINT('',(4.76805908756424,29.5016150390413,-2.));
#1942=CARTESIAN_POINT('',(1.20502217460597,29.501612483854,-2.));
#1943=CARTESIAN_POINT('',(1.20853613001129,29.4167239426731,-1.99999999999999));
#1944=CARTESIAN_POINT('',(1.21145751189942,29.3310544591137,-1.98841540070161));
#1945=CARTESIAN_POINT('',(1.21367296424511,29.2491754800083,-1.9658469081071));
#1946=CARTESIAN_POINT('',(1.21644475088905,29.1467354247548,-1.93761111848649));
#1947=CARTESIAN_POINT('',(1.21817292942491,29.0477234789215,-1.89129860225025));
#1948=CARTESIAN_POINT('',(1.21875653033325,28.9603672224174,-1.83073911582059));
#1949=CARTESIAN_POINT('',(1.21933939298998,28.8731214710484,-1.77025623677417));
#1950=CARTESIAN_POINT('',(1.2187972771889,28.7950943416236,-1.69389422926471));
#1951=CARTESIAN_POINT('',(1.21716150909019,28.7327473798375,-1.60798427560774));
#1952=CARTESIAN_POINT('',(1.21552626213268,28.6704202812399,-1.5221016920993));
#1953=CARTESIAN_POINT('',(1.21275149584716,28.6220448170185,-1.4243124563402));
#1954=CARTESIAN_POINT('',(1.20900131077246,28.5915978561684,-1.32271482797619));
#1955=CARTESIAN_POINT('',(1.20770647392923,28.5810853492154,-1.28763593192969));
#1956=CARTESIAN_POINT('',(1.20628954412308,28.5725916398726,-1.25189267746157));
#1957=CARTESIAN_POINT('',(1.2047609539657,28.5662003358715,-1.21584364144082));
#1958=CARTESIAN_POINT('',(1.20442566871466,28.5665350781119,-1.21579851053399));
#1959=CARTESIAN_POINT('',(5.24075709653157,28.5662055442791,-1.21587301587302));
#1960=CARTESIAN_POINT('',(5.24075709653157,28.566262760663,-1.21619535290188));
#1961=CARTESIAN_POINT('',(5.24075709653157,28.566262760663,-1.21619535290188));
#1962=CARTESIAN_POINT('',(5.23874392017118,28.5843134470214,-1.31778486304149));
#1963=CARTESIAN_POINT('',(5.23468481166092,28.6196517673903,-1.4177144703058));
#1964=CARTESIAN_POINT('',(5.22564757371346,28.6691918241582,-1.50779454486835));
#1965=CARTESIAN_POINT('',(5.21659849461393,28.7187967913941,-1.59799264795552));
#1966=CARTESIAN_POINT('',(5.20204518793183,28.7841914464408,-1.68081050889218));
#1967=CARTESIAN_POINT('',(5.17830927936492,28.8581840268713,-1.74892762196435));
#1968=CARTESIAN_POINT('',(5.15544448993738,28.92946104439,-1.81454480457257));
#1969=CARTESIAN_POINT('',(5.12313619823335,29.0106518375774,-1.86827818346617));
#1970=CARTESIAN_POINT('',(5.08085990764167,29.0919623589705,-1.90713871408471));
#1971=CARTESIAN_POINT('',(5.04006808329335,29.170417787768,-1.94463471756298));
#1972=CARTESIAN_POINT('',(4.98903849918446,29.2507701916081,-1.96943832732877));
#1973=CARTESIAN_POINT('',(4.93041696578669,29.3255354055264,-1.98353996298367));
#1974=CARTESIAN_POINT('',(4.88157513960612,29.387827695934,-1.9952890523984));
#1975=CARTESIAN_POINT('',(4.82682976306449,29.4473020366205,-2.00000014608051));
#1976=CARTESIAN_POINT('',(4.76805908756009,29.5016150390388,-1.99999999999656));
#1977=CARTESIAN_POINT('',(-3.69550310491682E-16,29.5016124838541,-1.05));
#1978=CARTESIAN_POINT('',(-1.20408913852929,28.5668646208614,-1.21572405006168));
#1979=CARTESIAN_POINT('',(-1.20411218831642,28.5648142990987,-1.20655134936198));
#1980=CARTESIAN_POINT('',(-1.20413562812272,28.5628472326836,-1.1971432835641));
#1981=CARTESIAN_POINT('',(-1.20415945787923,28.5609821262565,-1.18749999999999));
#1982=CARTESIAN_POINT('',(-1.20442566676202,28.5665352834057,-1.21579851064631));
#1983=CARTESIAN_POINT('',(-1.20415945787923,28.5609821262565,-1.1875));
#1984=CARTESIAN_POINT('',(5.24075709653157,28.5662055442791,-1.21587301587302));
#1985=CARTESIAN_POINT('',(-5.24075709653157,28.566262760663,-1.21619535290188));
#1986=CARTESIAN_POINT('',(-5.24075709653157,28.5662626811427,-1.21619536703124));
#1987=CARTESIAN_POINT('',(-5.2443762534629,28.5338123210153,-1.03303967245289));
#1988=CARTESIAN_POINT('',(-5.25,28.4775052536285,-0.852615190298877));
#1989=CARTESIAN_POINT('',(-5.25,28.4,-0.683484861008821));
#1990=CARTESIAN_POINT('',(-5.25,28.4,-0.683484861008821));
#1991=CARTESIAN_POINT('',(-5.25,26.4,-1.6));
#1992=CARTESIAN_POINT('',(-5.25,26.4,0.6));
#1993=CARTESIAN_POINT('',(0.,26.4,0.6));
#1994=CARTESIAN_POINT('',(-1.20415945787923,26.4,0.6));
#1995=CARTESIAN_POINT('',(-1.20415945787923,26.4,-1.6));
#1996=CARTESIAN_POINT('',(-4.44089209850063E-16,26.4,-1.6));
#1997=CARTESIAN_POINT('',(-1.2047609554612,28.5662003421244,-1.21584367670945));
#1998=CARTESIAN_POINT('',(-1.20731897219792,28.5768958623055,-1.27616988050601));
#1999=CARTESIAN_POINT('',(-1.20956735412775,28.5935344110733,-1.33574607512593));
#2000=CARTESIAN_POINT('',(-1.21146016971978,28.6156576296617,-1.39290522937526));
#2001=CARTESIAN_POINT('',(-1.21474299822791,28.6540273118322,-1.49203992683862));
#2002=CARTESIAN_POINT('',(-1.21701232662576,28.7100551134438,-1.58595369927459));
#2003=CARTESIAN_POINT('',(-1.21813451064225,28.7791052813083,-1.66683331806041));
#2004=CARTESIAN_POINT('',(-1.21925495714312,28.8480485364529,-1.74758770818561));
#2005=CARTESIAN_POINT('',(-1.21926388260841,28.9318764792486,-1.81757759709154));
#2006=CARTESIAN_POINT('',(-1.2181607715142,29.0236395960276,-1.87100055938027));
#2007=CARTESIAN_POINT('',(-1.21705829986495,29.1153495201027,-1.92439255376044));
#2008=CARTESIAN_POINT('',(-1.21481368781975,29.2175119750586,-1.96270966661538));
#2009=CARTESIAN_POINT('',(-1.21155853030943,29.3216672889789,-1.98280208342462));
#2010=CARTESIAN_POINT('',(-1.20970913698419,29.3808423493998,-1.99421743933817));
#2011=CARTESIAN_POINT('',(-1.20751592282413,29.4413696452594,-2.));
#2012=CARTESIAN_POINT('',(-1.20502217460597,29.5016124838541,-2.));
#2013=CARTESIAN_POINT('',(-1.20502217460596,29.5016124838541,-2.));
#2014=CARTESIAN_POINT('',(-4.98299318474339E-16,29.5016124838541,-2.));
#2015=CARTESIAN_POINT('',(-4.76805908722983,29.5016150393504,-2.));
#2016=CARTESIAN_POINT('',(-4.76805908722983,29.5016150393504,-2.));
#2017=CARTESIAN_POINT('',(-4.85194088326855,29.4240955596229,-2.00000020852709));
#2018=CARTESIAN_POINT('',(-4.92790066625422,29.3353718976701,-1.99021202958374));
#2019=CARTESIAN_POINT('',(-4.99043731451051,29.2433950846252,-1.96423398248776));
#2020=CARTESIAN_POINT('',(-5.05339070794534,29.1508053366943,-1.93808281728941));
#2021=CARTESIAN_POINT('',(-5.10427142326063,29.0521766218113,-1.89404270647581));
#2022=CARTESIAN_POINT('',(-5.14059208078302,28.9623643524118,-1.83211984550702));
#2023=CARTESIAN_POINT('',(-5.17198213125333,28.8847442909478,-1.77860314554426));
#2024=CARTESIAN_POINT('',(-5.19374695979787,28.8116329934253,-1.71037224454443));
#2025=CARTESIAN_POINT('',(-5.20827444437044,28.7513340929886,-1.63273693567517));
#2026=CARTESIAN_POINT('',(-5.22243242597341,28.6925688801398,-1.55707626164578));
#2027=CARTESIAN_POINT('',(-5.23035593209172,28.6443304452765,-1.47062230415848));
#2028=CARTESIAN_POINT('',(-5.23512246704038,28.6107397871592,-1.37991792658697));
#2029=CARTESIAN_POINT('',(-5.23790748634905,28.5911132382185,-1.32692063491952));
#2030=CARTESIAN_POINT('',(-5.23965329106584,28.5761597008702,-1.27189546813824));
#2031=CARTESIAN_POINT('',(-5.24075708767141,28.5662627605853,-1.21619535246502));
#2032=CARTESIAN_POINT('',(-3.69550310491682E-16,29.5016124838541,-1.05));
#2033=CARTESIAN_POINT('',(1.59999999999989,29.9,-2.));
#2034=CARTESIAN_POINT('',(-3.59999999996797,29.9,-2.));
#2035=CARTESIAN_POINT('',(-3.75,29.9,-2.));
#2036=CARTESIAN_POINT('',(-3.6,29.9,-3.19999999995996));
#2037=CARTESIAN_POINT('',(-3.6,29.9,-3.2));
#2038=CARTESIAN_POINT('',(1.59999999999989,29.9,-3.2));
#2039=CARTESIAN_POINT('',(-3.75,29.9,-3.2));
#2040=CARTESIAN_POINT('',(-3.75,29.9,-2.00046154824927));
#2041=CARTESIAN_POINT('',(0.,29.9,0.));
#2042=CARTESIAN_POINT('',(4.26803929500161E-16,29.9519941048666,-2.));
#2043=CARTESIAN_POINT('',(-1.20415945787923,29.9519941048666,-2.));
#2044=CARTESIAN_POINT('',(1.20415945787923,29.9519941048666,-2.));
#2045=CARTESIAN_POINT('',(1.20415945787923,29.5432467291004,-2.));
#2046=CARTESIAN_POINT('',(1.20415945787923,29.5432467291004,-2.));
#2047=CARTESIAN_POINT('',(1.20502217460597,29.501612483854,-2.));
#2048=CARTESIAN_POINT('',(1.20444806070586,29.515481667105,-2.));
#2049=CARTESIAN_POINT('',(1.20415945787923,29.5293656682324,-2.));
#2050=CARTESIAN_POINT('',(1.20415945787923,29.5432467291004,-2.));
#2051=CARTESIAN_POINT('',(3.75,28.4,-2.));
#2052=CARTESIAN_POINT('',(3.75,29.9,-2.));
#2053=CARTESIAN_POINT('',(1.59999999999989,29.9,-2.));
#2054=CARTESIAN_POINT('',(3.6,29.9,-2.));
#2055=CARTESIAN_POINT('',(3.6,31.4,-2.));
#2056=CARTESIAN_POINT('',(2.1,31.4,-2.));
#2057=CARTESIAN_POINT('',(2.1,34.7,-2.));
#2058=CARTESIAN_POINT('',(2.1,39.4,-2.));
#2059=CARTESIAN_POINT('',(2.09999999999862,39.4,-2.));
#2060=CARTESIAN_POINT('',(-2.09999999996797,39.4,-2.));
#2061=CARTESIAN_POINT('',(-2.0999999999817,34.7,-2.));
#2062=CARTESIAN_POINT('',(-2.09999999996797,31.4,-2.));
#2063=CARTESIAN_POINT('',(-3.59999999996797,31.4,-2.));
#2064=CARTESIAN_POINT('',(-3.75,28.4,-2.));
#2065=CARTESIAN_POINT('',(-1.20415945787923,29.5432467291004,-2.));
#2066=CARTESIAN_POINT('',(-1.20415945787923,29.5293656682324,-2.));
#2067=CARTESIAN_POINT('',(-1.20444806070585,29.5154816671051,-2.));
#2068=CARTESIAN_POINT('',(-1.20502217460596,29.5016124838541,-2.));
#2069=CARTESIAN_POINT('',(-1.20415945787923,29.5432467291004,-2.));
#2070=CARTESIAN_POINT('',(-1.20415945787923,29.569299419835,-2.));
#2071=CARTESIAN_POINT('',(1.59999999999989,34.3,-2.));
#2072=CARTESIAN_POINT('',(-3.6,31.4,-3.2));
#2073=CARTESIAN_POINT('',(-2.1,31.4,-3.2));
#2074=CARTESIAN_POINT('',(-2.09999999996797,34.7,-3.2));
#2075=CARTESIAN_POINT('',(-2.09999999996797,39.4,-3.2));
#2076=CARTESIAN_POINT('',(2.09999999999862,39.4,-3.2));
#2077=CARTESIAN_POINT('',(2.1,39.4,-3.2));
#2078=CARTESIAN_POINT('',(2.1,34.7,-3.2));
#2079=CARTESIAN_POINT('',(2.1,31.4,-3.2));
#2080=CARTESIAN_POINT('',(3.59999999999863,31.4,-3.2));
#2081=CARTESIAN_POINT('',(3.59999999999863,29.9,-3.2));
#2082=CARTESIAN_POINT('',(1.59999999999989,29.9,-3.2));
#2083=CARTESIAN_POINT('',(3.75,29.9,-3.2));
#2084=CARTESIAN_POINT('',(3.75,28.4,-3.2));
#2085=CARTESIAN_POINT('',(5.22588602889593,28.6678813724577,-3.2));
#2086=CARTESIAN_POINT('',(5.02944092466856,28.6678813724577,-3.2));
#2087=CARTESIAN_POINT('',(-5.22588602889394,28.6678813724687,-3.2));
#2088=CARTESIAN_POINT('',(-3.75,28.4,-3.2));
#2089=CARTESIAN_POINT('',(1.59999999999989,34.3,-3.2));
#2090=CARTESIAN_POINT('',(1.4,1.,0.6));
#2091=CARTESIAN_POINT('',(1.4,14.5000000000002,0.6));
#2092=CARTESIAN_POINT('',(1.4,18.5000000000002,0.6));
#2093=CARTESIAN_POINT('',(1.4,18.5000000000002,25.));
#2094=CARTESIAN_POINT('',(1.4,18.5000000000002,-0.6));
#2095=CARTESIAN_POINT('',(1.4,26.4,-0.6));
#2096=CARTESIAN_POINT('',(1.4,14.5000000000002,-0.6));
#2097=CARTESIAN_POINT('',(1.4,14.5000000000002,25.));
#2098=CARTESIAN_POINT('',(1.4,17.9000000000002,25.));
#2099=CARTESIAN_POINT('',(25.,14.5000000000002,0.6));
#2100=CARTESIAN_POINT('',(-1.4,14.5000000000002,0.6));
#2101=CARTESIAN_POINT('',(25.,14.5000000000002,-0.6));
#2102=CARTESIAN_POINT('',(-1.4,14.5000000000002,-0.6));
#2103=CARTESIAN_POINT('',(-1.4,14.5000000000002,25.));
#2104=CARTESIAN_POINT('',(0.8,14.5000000000002,25.));
#2105=CARTESIAN_POINT('',(-1.4,1.,0.6));
#2106=CARTESIAN_POINT('',(-1.4,18.5000000000002,0.6));
#2107=CARTESIAN_POINT('',(-1.4,26.4,-0.6));
#2108=CARTESIAN_POINT('',(-1.4,18.5000000000002,-0.6));
#2109=CARTESIAN_POINT('',(-1.4,18.5000000000002,25.));
#2110=CARTESIAN_POINT('',(-1.4,15.1000000000003,25.));
#2111=CARTESIAN_POINT('',(25.,18.5000000000002,0.6));
#2112=CARTESIAN_POINT('',(25.,18.5000000000002,-0.6));
#2113=CARTESIAN_POINT('',(-0.8,18.5000000000002,25.));
#2114=CARTESIAN_POINT('',(-6.05,25.3,-0.6));
#2115=CARTESIAN_POINT('',(-6.05,25.3,-0.6));
#2116=CARTESIAN_POINT('',(-6.05,22.3,-0.6));
#2117=CARTESIAN_POINT('',(-6.05,22.3,0.6));
#2118=CARTESIAN_POINT('',(-6.05,22.3,0.6));
#2119=CARTESIAN_POINT('',(-6.05,25.3,0.6));
#2120=CARTESIAN_POINT('',(-6.05,25.3,0.6));
#2121=CARTESIAN_POINT('',(-6.05,25.3,0.6));
#2122=CARTESIAN_POINT('',(-6.05,25.3,0.6));
#2123=CARTESIAN_POINT('',(-6.05,22.3,-0.6));
#2124=CARTESIAN_POINT('',(-5.25,22.3,-0.6));
#2125=CARTESIAN_POINT('',(-5.25,22.3,0.6));
#2126=CARTESIAN_POINT('',(-5.25,22.3,0.6));
#2127=CARTESIAN_POINT('',(-6.05,22.3,0.6));
#2128=CARTESIAN_POINT('',(-6.05,22.3,0.6));
#2129=CARTESIAN_POINT('',(-5.25,20.8,25.));
#2130=CARTESIAN_POINT('',(-5.25,20.8,0.6));
#2131=CARTESIAN_POINT('',(-5.25,20.8,-0.6));
#2132=CARTESIAN_POINT('',(-5.25,1.,0.6));
#2133=CARTESIAN_POINT('',(-5.25,26.4,-0.6));
#2134=CARTESIAN_POINT('',(-5.25,26.4,25.));
#2135=CARTESIAN_POINT('',(-5.84999999999987,20.8,-0.6));
#2136=CARTESIAN_POINT('',(-6.25,20.8,-0.6));
#2137=CARTESIAN_POINT('',(-6.25,20.8,0.6));
#2138=CARTESIAN_POINT('',(-6.25,20.8,0.6));
#2139=CARTESIAN_POINT('',(-5.84999999999987,20.8,0.6));
#2140=CARTESIAN_POINT('',(-5.84999999999987,20.8,0.6));
#2141=CARTESIAN_POINT('',(-6.25,20.8,-0.6));
#2142=CARTESIAN_POINT('',(-6.25,14.5000000000002,-0.6));
#2143=CARTESIAN_POINT('',(-6.25,14.5000000000002,0.6));
#2144=CARTESIAN_POINT('',(-6.25,14.5000000000002,0.6));
#2145=CARTESIAN_POINT('',(-6.25,20.8,0.6));
#2146=CARTESIAN_POINT('',(-6.25,20.8,0.6));
#2147=CARTESIAN_POINT('',(-6.25,14.5000000000002,-0.6));
#2148=CARTESIAN_POINT('',(-5.25,14.5000000000002,-0.6));
#2149=CARTESIAN_POINT('',(-5.25,14.5000000000002,0.6));
#2150=CARTESIAN_POINT('',(-5.25,14.5000000000002,0.6));
#2151=CARTESIAN_POINT('',(-6.25,14.5000000000002,0.6));
#2152=CARTESIAN_POINT('',(-6.25,14.5000000000002,0.6));
#2153=CARTESIAN_POINT('',(-5.25,1.,0.6));
#2154=CARTESIAN_POINT('',(-5.25,1.33080936099585,0.6));
#2155=CARTESIAN_POINT('',(-5.25,26.4,-0.6));
#2156=CARTESIAN_POINT('',(-5.25,1.33080936099585,-0.6));
#2157=CARTESIAN_POINT('',(-5.25,1.33080936099585,25.));
#2158=CARTESIAN_POINT('',(-5.25,26.4,25.));
#2159=CARTESIAN_POINT('',(-6.3430413614572,2.78132423953454,-0.6));
#2160=CARTESIAN_POINT('',(-4.24716321610687,-4.33680868994202E-16,-0.6));
#2161=CARTESIAN_POINT('',(-4.24716321610687,-4.33680868994202E-16,25.));
#2162=CARTESIAN_POINT('',(-4.24716321610687,-4.33680868994202E-16,0.6));
#2163=CARTESIAN_POINT('',(5.86498217695945,-13.4192701793413,0.6));
#2164=CARTESIAN_POINT('',(-4.84727102009459,0.796369953695903,25.));
#2165=CARTESIAN_POINT('',(4.24716321610687,-4.99600361081321E-16,25.));
#2166=CARTESIAN_POINT('',(4.24716321610687,-4.99600361081321E-16,0.6));
#2167=CARTESIAN_POINT('',(4.24716321610687,-4.99600361081321E-16,-0.6));
#2168=CARTESIAN_POINT('',(25.,0.,0.6));
#2169=CARTESIAN_POINT('',(25.,3.67381906146713E-17,-0.6));
#2170=CARTESIAN_POINT('',(25.,3.67381906146713E-17,0.3));
#2171=CARTESIAN_POINT('',(24.4521074660322,26.8128666379925,-0.6));
#2172=CARTESIAN_POINT('',(5.25,1.33080936099585,-0.6));
#2173=CARTESIAN_POINT('',(5.25,1.33080936099585,25.));
#2174=CARTESIAN_POINT('',(5.25,1.33080936099585,0.6));
#2175=CARTESIAN_POINT('',(12.2440839276156,10.6122722191166,0.6));
#2176=CARTESIAN_POINT('',(4.84727102009459,0.796369953695903,25.));
#2177=CARTESIAN_POINT('',(5.25,14.5000000000001,0.6));
#2178=CARTESIAN_POINT('',(5.25,14.5000000000001,0.6));
#2179=CARTESIAN_POINT('',(5.25,14.5000000000001,-0.6));
#2180=CARTESIAN_POINT('',(5.25,1.,0.6));
#2181=CARTESIAN_POINT('',(5.25,26.4,-0.6));
#2182=CARTESIAN_POINT('',(5.25,26.4,25.));
#2183=CARTESIAN_POINT('',(5.45,14.5000000000002,-0.6));
#2184=CARTESIAN_POINT('',(6.25,14.5000000000002,-0.6));
#2185=CARTESIAN_POINT('',(6.25,14.5000000000002,0.6));
#2186=CARTESIAN_POINT('',(6.25,14.5000000000002,0.6));
#2187=CARTESIAN_POINT('',(5.45,14.5000000000002,0.6));
#2188=CARTESIAN_POINT('',(5.45,14.5000000000002,0.6));
#2189=CARTESIAN_POINT('',(6.25,14.5000000000002,-0.6));
#2190=CARTESIAN_POINT('',(6.25,20.8,-0.6));
#2191=CARTESIAN_POINT('',(6.25,20.8,0.6));
#2192=CARTESIAN_POINT('',(6.25,20.8,0.6));
#2193=CARTESIAN_POINT('',(6.25,14.5000000000002,0.6));
#2194=CARTESIAN_POINT('',(6.25,14.5000000000002,0.6));
#2195=CARTESIAN_POINT('',(6.25,20.8,-0.6));
#2196=CARTESIAN_POINT('',(5.25,20.8,-0.6));
#2197=CARTESIAN_POINT('',(5.25,20.8,25.));
#2198=CARTESIAN_POINT('',(5.25,20.8,0.6));
#2199=CARTESIAN_POINT('',(6.25,20.8,0.6));
#2200=CARTESIAN_POINT('',(6.25,20.8,0.6));
#2201=CARTESIAN_POINT('',(5.25,1.,0.6));
#2202=CARTESIAN_POINT('',(5.25,22.3,0.6));
#2203=CARTESIAN_POINT('',(5.25,26.4,-0.6));
#2204=CARTESIAN_POINT('',(5.25,22.3,-0.6));
#2205=CARTESIAN_POINT('',(5.25,22.3,0.6));
#2206=CARTESIAN_POINT('',(5.25,26.4,25.));
#2207=CARTESIAN_POINT('',(5.8499999999999,22.3,-0.6));
#2208=CARTESIAN_POINT('',(6.0499999999999,22.3,-0.6));
#2209=CARTESIAN_POINT('',(6.0499999999999,22.3,0.6));
#2210=CARTESIAN_POINT('',(6.0499999999999,22.3,0.6));
#2211=CARTESIAN_POINT('',(5.8499999999999,22.3,0.6));
#2212=CARTESIAN_POINT('',(5.8499999999999,22.3,0.6));
#2213=CARTESIAN_POINT('',(6.0499999999999,22.3,-0.6));
#2214=CARTESIAN_POINT('',(6.0499999999999,25.3,-0.6));
#2215=CARTESIAN_POINT('',(6.0499999999999,25.3,0.6));
#2216=CARTESIAN_POINT('',(6.0499999999999,25.3,0.6));
#2217=CARTESIAN_POINT('',(6.0499999999999,22.3,0.6));
#2218=CARTESIAN_POINT('',(6.0499999999999,22.3,0.6));
#2219=CARTESIAN_POINT('',(6.04999999999988,25.3,-0.6));
#2220=CARTESIAN_POINT('',(5.25,25.3,-0.6));
#2221=CARTESIAN_POINT('',(5.25,25.3,0.6));
#2222=CARTESIAN_POINT('',(5.25,25.3,0.6));
#2223=CARTESIAN_POINT('',(6.04999999999988,25.3,0.6));
#2224=CARTESIAN_POINT('',(6.04999999999988,25.3,0.6));
#2225=CARTESIAN_POINT('',(-1.20415945787923,26.4,0.6));
#2226=CARTESIAN_POINT('',(-1.20415945787923,25.9,0.6));
#2227=CARTESIAN_POINT('',(-5.25,26.4,0.6));
#2228=CARTESIAN_POINT('',(-5.25,25.2999999999996,0.6));
#2229=CARTESIAN_POINT('',(-5.85,25.3,0.6));
#2230=CARTESIAN_POINT('',(5.25,26.4,0.6));
#2231=CARTESIAN_POINT('',(5.25,26.4,0.6));
#2232=CARTESIAN_POINT('',(0.,26.4,0.6));
#2233=CARTESIAN_POINT('',(1.20415945787923,26.4,0.6));
#2234=CARTESIAN_POINT('',(1.20415945787923,26.4,0.6));
#2235=CARTESIAN_POINT('',(1.20415945787923,25.9,0.6));
#2236=CARTESIAN_POINT('',(-4.4408920985006E-16,25.9,0.6));
#2237=CARTESIAN_POINT('',(25.,1.,0.6));
#2238=CARTESIAN_POINT('',(-5.85,25.3,-0.6));
#2239=CARTESIAN_POINT('',(-5.25,25.2999999999996,-0.6));
#2240=CARTESIAN_POINT('',(-5.25,25.2999999999996,25.));
#2241=CARTESIAN_POINT('',(-5.85,25.3,0.6));
#2242=CARTESIAN_POINT('',(-5.25,26.4,-0.6));
#2243=CARTESIAN_POINT('',(-5.25,26.4,-0.600000000000011));
#2244=CARTESIAN_POINT('',(-4.44089209850063E-16,26.4,-0.6));
#2245=CARTESIAN_POINT('',(5.25,26.4,-0.6));
#2246=CARTESIAN_POINT('',(5.25,26.4,-0.6));
#2247=CARTESIAN_POINT('',(25.,26.4,-0.6));
#2248=CARTESIAN_POINT('',(-4.44089209850142E-16,27.3822646028439,-1.41250000000001));
#2249=CARTESIAN_POINT('',(5.25,27.3822646028439,-1.41250000000001));
#2250=CARTESIAN_POINT('',(-5.25,27.3822646028439,-1.4125));
#2251=CARTESIAN_POINT('',(5.25,26.4,-1.6));
#2252=CARTESIAN_POINT('',(-5.25,26.4,-1.6));
#2253=CARTESIAN_POINT('',(-4.44089209850063E-16,26.4,-1.6));
#2254=CARTESIAN_POINT('',(-5.25,27.3822646028439,-1.41250000000001));
#2255=CARTESIAN_POINT('',(-5.25,27.4016817535116,-1.51402852606108));
#2256=CARTESIAN_POINT('',(-5.25,27.4282440920009,-1.61418783489269));
#2257=CARTESIAN_POINT('',(-5.25,27.461650585383,-1.71200947638423));
#2258=CARTESIAN_POINT('',(-5.25,27.461650585383,-1.71200947638423));
#2259=CARTESIAN_POINT('',(7.80625564189563E-15,27.461650585383,-1.71200947638424));
#2260=CARTESIAN_POINT('',(5.25,27.461650585383,-1.71200947638425));
#2261=CARTESIAN_POINT('',(5.25,27.3822646028439,-1.41250000000001));
#2262=CARTESIAN_POINT('',(5.25,27.4016817535116,-1.51402852606107));
#2263=CARTESIAN_POINT('',(5.25,27.4282440920009,-1.6141878348927));
#2264=CARTESIAN_POINT('',(5.25,27.461650585383,-1.71200947638425));
#2265=CARTESIAN_POINT('',(5.25,27.3822646028439,-1.41250000000001));
#2266=CARTESIAN_POINT('',(5.25,27.4016817535116,-1.51402852606108));
#2267=CARTESIAN_POINT('',(5.25,27.4282440920009,-1.6141878348927));
#2268=CARTESIAN_POINT('',(5.25,27.461650585383,-1.71200947638425));
#2269=CARTESIAN_POINT('',(-5.25,27.3822646028439,-1.41250000000001));
#2270=CARTESIAN_POINT('',(-5.25,27.4016817535116,-1.51402852606108));
#2271=CARTESIAN_POINT('',(-5.25,27.4282440920009,-1.61418783489269));
#2272=CARTESIAN_POINT('',(-5.25,27.461650585383,-1.71200947638423));
#2273=CARTESIAN_POINT('',(-5.25,27.461650585383,-1.71200947638423));
#2274=CARTESIAN_POINT('',(-5.25,27.5643147241977,-2.01215334039572));
#2275=CARTESIAN_POINT('',(-5.25,27.7730520495546,-2.3557982556833));
#2276=CARTESIAN_POINT('',(-5.25,28.1544786653257,-2.71564454829034));
#2277=CARTESIAN_POINT('',(-5.25,28.3048184909966,-2.85747845987912));
#2278=CARTESIAN_POINT('',(-5.25,28.4,-2.94727479742723));
#2279=CARTESIAN_POINT('',(-5.25,28.4,-2.94727479742722));
#2280=CARTESIAN_POINT('',(-5.22588602889394,28.6678813724687,-3.2));
#2281=CARTESIAN_POINT('',(-5.24198831646361,28.5791662033668,-3.11630415031534));
#2282=CARTESIAN_POINT('',(-5.25,28.4894849991354,-3.03169692176624));
#2283=CARTESIAN_POINT('',(-5.25,28.4,-2.94727479742722));
#2284=CARTESIAN_POINT('',(5.25,28.4,-2.94727479742723));
#2285=CARTESIAN_POINT('',(5.25,28.4894849991335,-3.03169692176439));
#2286=CARTESIAN_POINT('',(5.24198831646489,28.5791662033578,-3.11630415031714));
#2287=CARTESIAN_POINT('',(5.22588602889593,28.6678813724577,-3.2));
#2288=CARTESIAN_POINT('',(5.25,28.4,-2.94727479742723));
#2289=CARTESIAN_POINT('',(5.25,27.461650585383,-1.71200947638425));
#2290=CARTESIAN_POINT('',(5.25,27.5643147241977,-2.01215334039572));
#2291=CARTESIAN_POINT('',(5.25,27.7730520495546,-2.3557982556833));
#2292=CARTESIAN_POINT('',(5.25,28.1544786653257,-2.71564454829033));
#2293=CARTESIAN_POINT('',(5.25,28.3048184909966,-2.85747845987912));
#2294=CARTESIAN_POINT('',(5.25,28.4,-2.94727479742724));
#2295=CARTESIAN_POINT('',(5.25,27.461650585383,-1.71200947638425));
#2296=CARTESIAN_POINT('',(5.25,27.5643147241977,-2.01215334039572));
#2297=CARTESIAN_POINT('',(5.25,27.7730520495546,-2.3557982556833));
#2298=CARTESIAN_POINT('',(5.25,28.2443259377245,-2.80040844922637));
#2299=CARTESIAN_POINT('',(5.25,28.4845130357944,-3.0270062617512));
#2300=CARTESIAN_POINT('',(5.25,28.6695418171966,-3.20156650023536));
#2301=CARTESIAN_POINT('',(-5.25,27.461650585383,-1.71200947638423));
#2302=CARTESIAN_POINT('',(-5.25,27.5643147241977,-2.01215334039572));
#2303=CARTESIAN_POINT('',(-5.25,27.7730520495546,-2.3557982556833));
#2304=CARTESIAN_POINT('',(-5.25,28.2443259377245,-2.80040844922637));
#2305=CARTESIAN_POINT('',(-5.25,28.4845130357944,-3.0270062617512));
#2306=CARTESIAN_POINT('',(-5.25,28.6695418171966,-3.20156650023534));
#2307=CARTESIAN_POINT('',(5.25,28.4,-2.00046154824927));
#2308=CARTESIAN_POINT('',(5.25,28.4,-0.683484861008821));
#2309=CARTESIAN_POINT('',(5.25,26.4,-1.6));
#2310=CARTESIAN_POINT('',(5.25,26.4,25.));
#2311=CARTESIAN_POINT('',(1.20415945787923,28.5609821262565,-1.18749999999998));
#2312=CARTESIAN_POINT('',(1.2041356282395,28.5628472234743,-1.19714323594393));
#2313=CARTESIAN_POINT('',(1.20411218823008,28.5648142859032,-1.20655128727933));
#2314=CARTESIAN_POINT('',(1.20408913791987,28.5668646117675,-1.21572400606785));
#2315=CARTESIAN_POINT('',(1.20415945787923,28.5609821262565,-1.1875));
#2316=CARTESIAN_POINT('',(1.20415945787923,26.4,-1.6));
#2317=CARTESIAN_POINT('',(5.25,28.4,-0.683484861008821));
#2318=CARTESIAN_POINT('',(5.25,28.4775052536285,-0.852615190298877));
#2319=CARTESIAN_POINT('',(5.2443762534629,28.5338123210153,-1.03303967245289));
#2320=CARTESIAN_POINT('',(5.24075709653157,28.5662626811427,-1.21619536703124));
#2321=CARTESIAN_POINT('',(-4.44089209850063E-16,26.4,-1.6));
#2322=CARTESIAN_POINT('',(-5.25,28.4,-3.20046154824927));
#2323=CARTESIAN_POINT('',(-5.25,26.4,25.));
#2324=CARTESIAN_POINT('',(3.75,29.9,-3.20046154824927));
#2325=CARTESIAN_POINT('',(3.75,28.4,25.));
#2326=CARTESIAN_POINT('',(-3.75,28.4,25.));
#2327=CARTESIAN_POINT('',(3.6,29.9,-2.00000000000171));
#2328=CARTESIAN_POINT('',(0.,29.9,0.));
#2329=CARTESIAN_POINT('',(-1.59999263654416,47.,3.));
#2330=CARTESIAN_POINT('',(1.60000736341404,47.,-4.5));
#2331=CARTESIAN_POINT('',(1.60000736341404,47.,-4.5));
#2332=CARTESIAN_POINT('',(-1.59999263654416,47.,-4.5));
#2333=CARTESIAN_POINT('',(-1.59999263654416,47.,-0.15));
#2334=CARTESIAN_POINT('',(-1.59999263654416,47.,4.2));
#2335=CARTESIAN_POINT('',(-1.59999263654416,47.,4.2));
#2336=CARTESIAN_POINT('',(1.60000736341404,47.,4.2));
#2337=CARTESIAN_POINT('',(1.60000736345584,47.,-0.15));
#2338=CARTESIAN_POINT('',(-5.05220123165712,47.,-1.45325285889275));
#2339=CARTESIAN_POINT('',(2.1,31.4,-0.4));
#2340=CARTESIAN_POINT('',(2.1,31.4,2.4));
#2341=CARTESIAN_POINT('',(2.1,39.4,-0.4));
#2342=CARTESIAN_POINT('',(2.1,39.4,2.4));
#2343=CARTESIAN_POINT('',(2.1,34.7,2.4));
#2344=CARTESIAN_POINT('',(2.1,34.7,-0.4));
#2345=CARTESIAN_POINT('',(-2.1,31.4,-0.4));
#2346=CARTESIAN_POINT('',(-2.1,31.4,2.4));
#2347=CARTESIAN_POINT('',(-2.1,34.7,2.4));
#2348=CARTESIAN_POINT('',(-2.1,39.4,2.4));
#2349=CARTESIAN_POINT('',(-2.1,39.4,-0.4));
#2350=CARTESIAN_POINT('',(-2.1,34.7,-0.4));
#2351=CARTESIAN_POINT('',(-2.09999999996797,31.4,2.4));
#2352=CARTESIAN_POINT('',(-2.09999999996797,39.4,2.4));
#2353=CARTESIAN_POINT('',(-2.09999999996797,34.7,2.4));
#2354=CARTESIAN_POINT('',(2.1,39.4,-4.5));
#2355=CARTESIAN_POINT('',(2.1,39.4,-0.4));
#2356=CARTESIAN_POINT('',(2.1,39.4,1.2));
#2357=CARTESIAN_POINT('',(-2.09999999996797,39.4,1.2));
#2358=CARTESIAN_POINT('',(-2.1,39.4,1.2));
#2359=CARTESIAN_POINT('',(-2.1,39.4,-0.4));
#2360=CARTESIAN_POINT('',(-2.09999999996797,39.4,-4.5));
#2361=CARTESIAN_POINT('',(-4.44089209850063E-16,39.4,0.9));
#2362=CARTESIAN_POINT('',(-2.1,31.4,-3.2));
#2363=CARTESIAN_POINT('',(-2.1,31.4,-0.4));
#2364=CARTESIAN_POINT('',(-2.1,31.4,1.2));
#2365=CARTESIAN_POINT('',(-2.09999999996797,31.4,1.2));
#2366=CARTESIAN_POINT('',(2.1,31.4,1.2));
#2367=CARTESIAN_POINT('',(2.1,31.4,-0.4));
#2368=CARTESIAN_POINT('',(2.1,31.4,-2.));
#2369=CARTESIAN_POINT('',(2.1,31.4,-0.4));
#2370=CARTESIAN_POINT('',(2.1,34.7,1.2));
#2371=CARTESIAN_POINT('',(2.1,34.7,-0.4));
#2372=CARTESIAN_POINT('',(-2.1,34.7,1.2));
#2373=CARTESIAN_POINT('',(-2.1,34.7,-0.4));
#2374=CARTESIAN_POINT('',(-2.09999999996797,34.7,1.2));
#2375=CARTESIAN_POINT('',(1.60000736341404,43.4,-4.5));
#2376=CARTESIAN_POINT('',(1.60000736345584,43.4,-4.5));
#2377=CARTESIAN_POINT('',(-1.59999263654416,43.4,-4.5));
#2378=CARTESIAN_POINT('',(-1.59999263654416,46.7,-4.5));
#2379=CARTESIAN_POINT('',(1.60000736341404,46.7,-4.5));
#2380=CARTESIAN_POINT('',(1.60000736341404,46.7,-4.5));
#2381=CARTESIAN_POINT('',(-1.59999263654416,43.4,-0.15));
#2382=CARTESIAN_POINT('',(-1.59999263654416,43.4,4.2));
#2383=CARTESIAN_POINT('',(-1.59999263654416,46.7,4.2));
#2384=CARTESIAN_POINT('',(-1.59999263654416,46.7,-0.15));
#2385=CARTESIAN_POINT('',(-1.59999263654416,43.4,4.2));
#2386=CARTESIAN_POINT('',(1.60000736341404,43.4,4.2));
#2387=CARTESIAN_POINT('',(1.60000736341404,46.7,4.2));
#2388=CARTESIAN_POINT('',(-1.59999263654416,46.7,4.2));
#2389=CARTESIAN_POINT('',(1.60000736345584,43.4,-0.15));
#2390=CARTESIAN_POINT('',(1.60000736345584,46.7,-0.15));
#2391=CARTESIAN_POINT('',(1.60000736345584,43.4,-4.5));
#2392=CARTESIAN_POINT('',(-1.59999263654416,43.4,-4.5));
#2393=CARTESIAN_POINT('',(-1.59999263654416,43.4,3.));
#2394=CARTESIAN_POINT('',(-1.59999263654416,43.4,-0.15));
#2395=CARTESIAN_POINT('',(-1.59999263654416,46.7,3.));
#2396=CARTESIAN_POINT('',(1.7131709208014,42.4946782086414,-4.20577041780848));
#2397=CARTESIAN_POINT('',(1.55652972504156,43.7478262297204,-3.41304352465913));
#2398=CARTESIAN_POINT('',(1.60000736345584,43.4,-4.5));
#2399=CARTESIAN_POINT('',(-1.59999263654416,43.4,-4.5));
#2400=CARTESIAN_POINT('',(2.10000577736137,42.5384124268073,-4.21998403871239));
#2401=CARTESIAN_POINT('',(-1.71315968356547,42.494676956384,-3.0057700108248));
#2402=CARTESIAN_POINT('',(-1.59999263654416,43.4,-4.5));
#2403=CARTESIAN_POINT('',(-2.0999942226066,42.5384124268073,-3.01998403871239));
#2404=CARTESIAN_POINT('',(-3.6,31.4,-3.19999999995996));
#2405=CARTESIAN_POINT('',(3.6,31.4,-2.00000000000171));
#2406=CARTESIAN_POINT('',(-4.44089209850063E-16,29.9519941048666,-3.2));
#2407=CARTESIAN_POINT('',(-4.44089209850063E-16,29.5432467291004,-3.2));
#2408=CARTESIAN_POINT('',(-4.44089209850063E-16,29.5432467291004,-3.2));
#2409=CARTESIAN_POINT('',(-4.44089209850063E-16,27.3822646028439,-1.41250000000002));
#2410=CARTESIAN_POINT('',(-4.44089209850063E-16,29.5432467291004,-1.));
#2411=CARTESIAN_POINT('',(2.6417360362733E-16,29.9519941048666,-3.2));
#2412=CARTESIAN_POINT('',(-4.44089209850063E-16,25.9,-0.600000000000011));
#2413=CARTESIAN_POINT('',(-4.4408920985006E-16,25.9,-0.600000000000011));
#2414=CARTESIAN_POINT('',(-4.44089209850063E-16,26.4,-0.600000000000011));
#2415=CARTESIAN_POINT('',(-4.44089209850063E-16,26.4,-0.600000000000011));
#2416=CARTESIAN_POINT('',(-1.20415945787923,26.4,0.599999999999998));
#2417=CARTESIAN_POINT('',(-1.20415945787923,27.5036389236632,0.599999999999998));
#2418=CARTESIAN_POINT('',(-1.20415945787923,28.3540498280696,-0.103434550964922));
#2419=CARTESIAN_POINT('',(-1.20415945787923,28.5609821262565,-1.1875));
#2420=CARTESIAN_POINT('',(-0.499285628876755,26.4,1.30731707317073));
#2421=CARTESIAN_POINT('',(-0.499285628876755,27.8584674024463,1.30731707317073));
#2422=CARTESIAN_POINT('',(-0.499285628876755,28.9822920122605,0.377722855044142));
#2423=CARTESIAN_POINT('',(-0.499285628876755,29.2557546502192,-1.05487804878049));
#2424=CARTESIAN_POINT('',(0.499285628876755,26.4,1.30731707317073));
#2425=CARTESIAN_POINT('',(0.499285628876755,27.8584674024463,1.30731707317073));
#2426=CARTESIAN_POINT('',(0.499285628876755,28.9822920122605,0.377722855044142));
#2427=CARTESIAN_POINT('',(0.499285628876755,29.2557546502192,-1.05487804878049));
#2428=CARTESIAN_POINT('',(1.20415945787923,26.4,0.599999999999997));
#2429=CARTESIAN_POINT('',(1.20415945787923,27.5036389236632,0.599999999999997));
#2430=CARTESIAN_POINT('',(1.20415945787923,28.3540498280696,-0.103434550964922));
#2431=CARTESIAN_POINT('',(1.20415945787923,28.5609821262565,-1.1875));
#2432=CARTESIAN_POINT('',(-4.44089209850063E-16,27.3822646028439,-2.0125));
#2433=CARTESIAN_POINT('',(-0.825258834562685,28.842158274629,-1.73382757032412));
#2434=CARTESIAN_POINT('',(0.825258834561119,28.8421582746285,-1.73382757032359));
#2435=CARTESIAN_POINT('',(-0.825258834562685,28.842158274629,-1.73382757032412));
#2436=CARTESIAN_POINT('',(-0.731875135729386,28.9068566535691,-1.79621993379935));
#2437=CARTESIAN_POINT('',(-0.62841772781804,28.9742355215644,-1.84300024527581));
#2438=CARTESIAN_POINT('',(-0.517407128757247,29.0324078953415,-1.87604300984802));
#2439=CARTESIAN_POINT('',(-0.416894845340827,29.0850788850449,-1.90596090728883));
#2440=CARTESIAN_POINT('',(-0.307796319348915,29.1315794092652,-1.92542281027554));
#2441=CARTESIAN_POINT('',(-0.193855721575223,29.1577737037921,-1.93559296142516));
#2442=CARTESIAN_POINT('',(-0.106497377775908,29.1778568895185,-1.94339042412045));
#2443=CARTESIAN_POINT('',(-0.0142570755606352,29.1852239695916,-1.94580981686907));
#2444=CARTESIAN_POINT('',(0.0752900910563741,29.1769815194946,-1.94281282303719));
#2445=CARTESIAN_POINT('',(0.164689773086067,29.16875264475,-1.93982076526765));
#2446=CARTESIAN_POINT('',(0.253093677076343,29.145587908076,-1.93142527622686));
#2447=CARTESIAN_POINT('',(0.336189728769854,29.1144323481667,-1.91752034127706));
#2448=CARTESIAN_POINT('',(0.474184142955123,29.0626935091886,-1.89442895108974));
#2449=CARTESIAN_POINT('',(0.602655301839304,28.9888523633388,-1.8553381245638));
#2450=CARTESIAN_POINT('',(0.717807991954254,28.9143157494652,-1.79671450084874));
#2451=CARTESIAN_POINT('',(0.754835359690433,28.8903484881798,-1.77786406434433));
#2452=CARTESIAN_POINT('',(0.79069947720718,28.8661017939573,-1.75691768147184));
#2453=CARTESIAN_POINT('',(0.825258834561119,28.8421582746285,-1.73382757032359));
#2454=CARTESIAN_POINT('',(-4.44089209850063E-16,29.5432467291004,-1.6));
#2455=CARTESIAN_POINT('',(-0.99378006577435,28.5662055442791,-1.21587301587302));
#2456=CARTESIAN_POINT('',(-0.911540973371354,28.5245391239906,-0.980903762556099));
#2457=CARTESIAN_POINT('',(-0.819630586339777,28.4435476372309,-0.753215987244884));
#2458=CARTESIAN_POINT('',(-0.716772436378015,28.3336021616103,-0.550627482437166));
#2459=CARTESIAN_POINT('',(-0.605484185789364,28.2146457187177,-0.33143512580035));
#2460=CARTESIAN_POINT('',(-0.485124940233521,28.0517865282225,-0.131571815456105));
#2461=CARTESIAN_POINT('',(-0.3122060828098,27.896881208631,0.0122489408424076));
#2462=CARTESIAN_POINT('',(-0.280215194517268,27.868222918559,0.0388565290340122));
#2463=CARTESIAN_POINT('',(-0.245722439262441,27.8400103596043,0.0635652376026912));
#2464=CARTESIAN_POINT('',(-0.207335687052642,27.8148546973304,0.0846917182209499));
#2465=CARTESIAN_POINT('',(-0.168509731123369,27.7894112154363,0.106059918399545));
#2466=CARTESIAN_POINT('',(-0.124240185450972,27.7663242233745,0.124357361492036));
#2467=CARTESIAN_POINT('',(-0.0756476747946884,27.7538564960207,0.134091286000414));
#2468=CARTESIAN_POINT('',(-0.0498734381446611,27.7472434161249,0.139254313603311));
#2469=CARTESIAN_POINT('',(-0.0223677857079636,27.7436957547022,0.141976471557022));
#2470=CARTESIAN_POINT('',(0.00473188756718415,27.7441355770186,0.141637031816063));
#2471=CARTESIAN_POINT('',(0.0318644917943065,27.7445759337977,0.141297179595084));
#2472=CARTESIAN_POINT('',(0.0591701996502289,27.7490033124117,0.137894160979746));
#2473=CARTESIAN_POINT('',(0.0846738456742469,27.7563071108945,0.132175228127007));
#2474=CARTESIAN_POINT('',(0.121229413518156,27.7667759866273,0.123978014375837));
#2475=CARTESIAN_POINT('',(0.155205781213488,27.7831056035744,0.111019043789686));
#2476=CARTESIAN_POINT('',(0.185960006338207,27.8014651589223,0.0958465167363492));
#2477=CARTESIAN_POINT('',(0.262110685929489,27.8469253391438,0.0582777520692769));
#2478=CARTESIAN_POINT('',(0.323557354588916,27.9048151664116,0.00678367793471742));
#2479=CARTESIAN_POINT('',(0.378824825371691,27.9604214692735,-0.0491664053708681));
#2480=CARTESIAN_POINT('',(0.498201202517986,28.0805297153744,-0.170017208772133));
#2481=CARTESIAN_POINT('',(0.593368133456567,28.1984119037239,-0.318838354127827));
#2482=CARTESIAN_POINT('',(0.680666979811682,28.2944242591333,-0.481448827094847));
#2483=CARTESIAN_POINT('',(0.78455393875329,28.4086804267774,-0.674957770613783));
#2484=CARTESIAN_POINT('',(0.876983852384015,28.4965954686592,-0.89382671294654));
#2485=CARTESIAN_POINT('',(0.960046556136255,28.5473251885387,-1.12146626590471));
#2486=CARTESIAN_POINT('',(0.971455471352653,28.5542930699935,-1.15273325147438));
#2487=CARTESIAN_POINT('',(0.982700635642123,28.5605921531417,-1.18421744491182));
#2488=CARTESIAN_POINT('',(0.993780065774354,28.5662055442791,-1.21587301587302));
#2489=CARTESIAN_POINT('',(-0.99378006577435,28.5662055442791,-1.21587301587302));
#2490=CARTESIAN_POINT('',(0.993780065774354,28.5662055442791,-1.21587301587302));
#2491=CARTESIAN_POINT('',(-0.99378006577435,28.5662055442791,-1.21587301587302));
#2492=CARTESIAN_POINT('',(-1.00350818615274,28.5711342945907,-1.24366769495687));
#2493=CARTESIAN_POINT('',(-1.01096506975717,28.5774839067612,-1.27215787417643));
#2494=CARTESIAN_POINT('',(-1.01583590465836,28.5852536428789,-1.30057229409187));
#2495=CARTESIAN_POINT('',(-1.02476610081082,28.5994986889524,-1.35266733499366));
#2496=CARTESIAN_POINT('',(-1.02493945648627,28.6190721378542,-1.40573160975415));
#2497=CARTESIAN_POINT('',(-1.01633001216127,28.6420982351404,-1.45464213356753));
#2498=CARTESIAN_POINT('',(-1.00837721496317,28.6633681191269,-1.4998222244139));
#2499=CARTESIAN_POINT('',(-0.992831670637526,28.68804364122,-1.54265102757605));
#2500=CARTESIAN_POINT('',(-0.97144010968105,28.7136368862844,-1.58065474428737));
#2501=CARTESIAN_POINT('',(-0.948604415245901,28.7409579184001,-1.6212240727242));
#2502=CARTESIAN_POINT('',(-0.918694913207467,28.7698648203716,-1.65727247344038));
#2503=CARTESIAN_POINT('',(-0.884354293885715,28.7978397859183,-1.68812537141237));
#2504=CARTESIAN_POINT('',(-0.865934239047065,28.812845351038,-1.70467463825146));
#2505=CARTESIAN_POINT('',(-0.846119962001398,28.8277052047142,-1.71988964473412));
#2506=CARTESIAN_POINT('',(-0.825258834562685,28.842158274629,-1.73382757032412));
#2507=CARTESIAN_POINT('',(0.825258834561119,28.8421582746285,-1.73382757032359));
#2508=CARTESIAN_POINT('',(0.839564940844186,28.8322466744561,-1.7242692448955));
#2509=CARTESIAN_POINT('',(0.853371973164586,28.8221499250709,-1.7141164703024));
#2510=CARTESIAN_POINT('',(0.866570880872583,28.8119479073943,-1.70334735935524));
#2511=CARTESIAN_POINT('',(0.914555850472525,28.7748582088452,-1.66419597858566));
#2512=CARTESIAN_POINT('',(0.955362606017218,28.7353903791801,-1.61556901710761));
#2513=CARTESIAN_POINT('',(0.982683053656573,28.6995789366062,-1.55915831436697));
#2514=CARTESIAN_POINT('',(1.00252271357891,28.6735732557559,-1.51819378943941));
#2515=CARTESIAN_POINT('',(1.01569718117587,28.6489448432786,-1.47211658138542));
#2516=CARTESIAN_POINT('',(1.02054344568515,28.6283881719417,-1.42413807756637));
#2517=CARTESIAN_POINT('',(1.02539936337473,28.6077905541698,-1.37606400629595));
#2518=CARTESIAN_POINT('',(1.02197908221327,28.5907781119807,-1.32479755576569));
#2519=CARTESIAN_POINT('',(1.01075373223223,28.5786282034768,-1.27494447798562));
#2520=CARTESIAN_POINT('',(1.00628684071763,28.5737934033777,-1.25510649605286));
#2521=CARTESIAN_POINT('',(1.00059015631427,28.5696558753364,-1.2353304520196));
#2522=CARTESIAN_POINT('',(0.993780065774354,28.5662055442791,-1.21587301587302));
#2523=CARTESIAN_POINT('',(1.03589415575591,27.5579145816547,-0.157446924936124));
#2524=CARTESIAN_POINT('',(1.03589415575591,28.1670803530719,-0.502780389206945));
#2525=CARTESIAN_POINT('',(1.03589415575591,28.5749961700232,-1.07194014260875));
#2526=CARTESIAN_POINT('',(1.03589415575591,28.7062914486341,-1.75976256767642));
#2527=CARTESIAN_POINT('',(0.400804896828825,27.7986126926921,0.26714282861789));
#2528=CARTESIAN_POINT('',(0.400804896828825,28.5344070192822,-0.149975820713111));
#2529=CARTESIAN_POINT('',(0.400804896828825,29.0271171450349,-0.837447995162868));
#2530=CARTESIAN_POINT('',(0.400804896828825,29.1857050461332,-1.66824949750091));
#2531=CARTESIAN_POINT('',(-0.400163508735756,27.7986816860456,0.267264532402075));
#2532=CARTESIAN_POINT('',(-0.400163508735756,28.534512309259,-0.14987469332908));
#2533=CARTESIAN_POINT('',(-0.400163508735756,29.027246740328,-0.837380780677672));
#2534=CARTESIAN_POINT('',(-0.400163508735756,29.1858424645436,-1.66822326632871));
#2535=CARTESIAN_POINT('',(-1.03542322439609,27.5580929995939,-0.15713219696226));
#2536=CARTESIAN_POINT('',(-1.03542322439609,28.1673526346718,-0.502518872139982));
#2537=CARTESIAN_POINT('',(-1.03542322439609,28.5753313055681,-1.07176632485212));
#2538=CARTESIAN_POINT('',(-1.03542322439609,28.706646814888,-1.75969473343662));
#2539=CARTESIAN_POINT('',(5.24075709653157,28.5662055442791,-1.21587301587302));
#2540=CARTESIAN_POINT('',(-3.69550310491682E-16,29.5016124838541,-1.05));
#2541=CARTESIAN_POINT('',(-4.44089209850063E-16,26.4,-1.6));
#2542=MECHANICAL_DESIGN_GEOMETRIC_PRESENTATION_REPRESENTATION('',(#86),
#2543);
#2543=(
GEOMETRIC_REPRESENTATION_CONTEXT(3)
GLOBAL_UNCERTAINTY_ASSIGNED_CONTEXT((#2544))
GLOBAL_UNIT_ASSIGNED_CONTEXT((#2550,#2546,#2545))
REPRESENTATION_CONTEXT('13675579_Rev_01AB','TOP_LEVEL_ASSEMBLY_PART')
);
#2544=UNCERTAINTY_MEASURE_WITH_UNIT(LENGTH_MEASURE(0.0508),#2550,
'DISTANCE_ACCURACY_VALUE','Maximum Tolerance applied to model');
#2545=(
NAMED_UNIT(*)
SI_UNIT($,.STERADIAN.)
SOLID_ANGLE_UNIT()
);
#2546=(
CONVERSION_BASED_UNIT('DEGREE',#2548)
NAMED_UNIT(#2547)
PLANE_ANGLE_UNIT()
);
#2547=DIMENSIONAL_EXPONENTS(0.,0.,0.,0.,0.,0.,0.);
#2548=PLANE_ANGLE_MEASURE_WITH_UNIT(PLANE_ANGLE_MEASURE(0.0174532925),#2549);
#2549=(
NAMED_UNIT(*)
PLANE_ANGLE_UNIT()
SI_UNIT($,.RADIAN.)
);
#2550=(
LENGTH_UNIT()
NAMED_UNIT(*)
SI_UNIT(.MILLI.,.METRE.)
);
ENDSEC;
END-ISO-10303-21;
