ISO-10303-21;
HEADER;
/* Generated by software containing ST-Developer
 * from STEP Tools, Inc. (www.steptools.com) 
 */
/* OPTION: using custom schema-name function */

FILE_DESCRIPTION(
/* description */ (''),
/* implementation_level */ '2;1');

FILE_NAME(
/* name */ '35091062_3D_STP.stp',
/* time_stamp */ '2024-04-22T18:41:34+05:00',
/* author */ (''),
/* organization */ (''),
/* preprocessor_version */ 'ST-DEVELOPER v16',
/* originating_system */ 'SIEMENS PLM Software NX 11.0',
/* authorisation */ '');

FILE_SCHEMA (('AUTOMOTIVE_DESIGN { 1 0 10303 214 3 1 1 1 }'));
ENDSEC;

DATA;
#10=PROPERTY_DEFINITION_REPRESENTATION(#14,#12);
#11=PROPERTY_DEFINITION_REPRESENTATION(#15,#13);
#12=REPRESENTATION('',(#16),#2746);
#13=REPRESENTATION('',(#17),#2746);
#14=PROPERTY_DEFINITION('pmi validation property','',#21);
#15=PROPERTY_DEFINITION('pmi validation property','',#21);
#16=VALUE_REPRESENTATION_ITEM('number of annotations',COUNT_MEASURE(0.));
#17=VALUE_REPRESENTATION_ITEM('number of views',COUNT_MEASURE(0.));
#18=SHAPE_REPRESENTATION_RELATIONSHIP('None',
'relationship between hy3t598C8991btto-None and hy3t598C8991btto-None',
#30,#19);
#19=ADVANCED_BREP_SHAPE_REPRESENTATION('hy3t598C8991btto-None',(#40),#2746);
#20=SHAPE_DEFINITION_REPRESENTATION(#21,#30);
#21=PRODUCT_DEFINITION_SHAPE('','',#22);
#22=PRODUCT_DEFINITION(' ','',#24,#23);
#23=PRODUCT_DEFINITION_CONTEXT('part definition',#29,'design');
#24=PRODUCT_DEFINITION_FORMATION_WITH_SPECIFIED_SOURCE(' ',' ',#26,
 .NOT_KNOWN.);
#25=PRODUCT_RELATED_PRODUCT_CATEGORY('part','',(#26));
#26=PRODUCT('hy3t598C8991btto','hy3t598C8991btto',' ',(#27));
#27=PRODUCT_CONTEXT(' ',#29,'mechanical');
#28=APPLICATION_PROTOCOL_DEFINITION('international standard',
'automotive_design',2010,#29);
#29=APPLICATION_CONTEXT(
'core data for automotive mechanical design processes');
#30=SHAPE_REPRESENTATION('hy3t598C8991btto-None',(#1538),#2746);
#31=PRESENTATION_LAYER_ASSIGNMENT('1','Layer 1',(#40));
#32=STYLED_ITEM('',(#33),#40);
#33=PRESENTATION_STYLE_ASSIGNMENT((#34));
#34=SURFACE_STYLE_USAGE(.BOTH.,#35);
#35=SURFACE_SIDE_STYLE('',(#36));
#36=SURFACE_STYLE_FILL_AREA(#37);
#37=FILL_AREA_STYLE('',(#38));
#38=FILL_AREA_STYLE_COLOUR('',#39);
#39=DRAUGHTING_PRE_DEFINED_COLOUR('magenta');
#40=MANIFOLD_SOLID_BREP('HEALED_BODY_1  ',#41);
#41=CLOSED_SHELL('',(#117,#118,#119,#120,#121,#122,#123,#124,#125,#126,
#127,#128,#129,#130,#131,#132,#133,#134,#135,#136,#137,#138,#139,#140,#141,
#142,#143,#144,#145,#146,#147,#148,#149,#150,#151,#152,#153,#154,#155,#156,
#157,#158,#159,#160,#161,#162,#163,#164,#165,#166,#167,#168,#169,#170,#171,
#172,#173,#174,#175,#176,#177,#178,#179,#180,#181,#182,#183,#184,#185,#186,
#187,#188,#189,#190,#191,#192,#193,#194,#195,#196,#197,#198));
#42=B_SPLINE_SURFACE_WITH_KNOTS('',1,3,((#2476,#2477,#2478,#2479,#2480,
#2481,#2482,#2483,#2484,#2485),(#2486,#2487,#2488,#2489,#2490,#2491,#2492,
#2493,#2494,#2495),(#2496,#2497,#2498,#2499,#2500,#2501,#2502,#2503,#2504,
#2505),(#2506,#2507,#2508,#2509,#2510,#2511,#2512,#2513,#2514,#2515)),
 .UNSPECIFIED.,.F.,.F.,.F.,(2,1,1,2),(4,3,3,4),(0.,0.29474662960833,0.739407576648191,
1.),(0.,0.0668535470398421,0.989184964870227,1.),.UNSPECIFIED.);
#43=B_SPLINE_SURFACE_WITH_KNOTS('',1,3,((#2586,#2587,#2588,#2589,#2590,
#2591,#2592,#2593,#2594,#2595),(#2596,#2597,#2598,#2599,#2600,#2601,#2602,
#2603,#2604,#2605),(#2606,#2607,#2608,#2609,#2610,#2611,#2612,#2613,#2614,
#2615),(#2616,#2617,#2618,#2619,#2620,#2621,#2622,#2623,#2624,#2625),(#2626,
#2627,#2628,#2629,#2630,#2631,#2632,#2633,#2634,#2635)),.UNSPECIFIED.,.F.,
 .F.,.F.,(2,1,1,1,2),(4,3,3,4),(0.,0.287029470219691,0.290973725754843,
0.685399279270083,1.),(0.,0.0833333333333421,0.871068377126676,1.),
 .UNSPECIFIED.);
#44=B_SPLINE_SURFACE_WITH_KNOTS('',1,3,((#2664,#2665,#2666,#2667,#2668,
#2669,#2670,#2671,#2672,#2673),(#2674,#2675,#2676,#2677,#2678,#2679,#2680,
#2681,#2682,#2683),(#2684,#2685,#2686,#2687,#2688,#2689,#2690,#2691,#2692,
#2693),(#2694,#2695,#2696,#2697,#2698,#2699,#2700,#2701,#2702,#2703)),
 .UNSPECIFIED.,.F.,.F.,.F.,(2,1,1,2),(4,3,3,4),(0.,0.303752953179133,0.723044678793419,
1.),(0.,0.128931625824041,0.916666666666258,1.),.UNSPECIFIED.);
#45=B_SPLINE_SURFACE_WITH_KNOTS('',1,3,((#2705,#2706,#2707,#2708,#2709,
#2710,#2711,#2712,#2713,#2714),(#2715,#2716,#2717,#2718,#2719,#2720,#2721,
#2722,#2723,#2724),(#2725,#2726,#2727,#2728,#2729,#2730,#2731,#2732,#2733,
#2734),(#2735,#2736,#2737,#2738,#2739,#2740,#2741,#2742,#2743,#2744)),
 .UNSPECIFIED.,.F.,.F.,.F.,(2,1,1,2),(4,3,3,4),(0.,0.297830765164851,0.705599169305051,
1.),(0.,0.0833333333333418,0.871068377126678,1.),.UNSPECIFIED.);
#46=FACE_BOUND('',#398,.T.);
#47=FACE_BOUND('',#399,.T.);
#48=CYLINDRICAL_SURFACE('',#1578,0.7);
#49=CYLINDRICAL_SURFACE('',#1581,0.7);
#50=CYLINDRICAL_SURFACE('',#1583,1.25);
#51=CYLINDRICAL_SURFACE('',#1585,1.25);
#52=CYLINDRICAL_SURFACE('',#1586,1.25);
#53=CYLINDRICAL_SURFACE('',#1591,0.35);
#54=CYLINDRICAL_SURFACE('',#1606,0.45);
#55=CYLINDRICAL_SURFACE('',#1609,0.45);
#56=CYLINDRICAL_SURFACE('',#1614,0.25);
#57=CYLINDRICAL_SURFACE('',#1616,0.25);
#58=CYLINDRICAL_SURFACE('',#1628,0.775);
#59=CYLINDRICAL_SURFACE('',#1629,0.775);
#60=CYLINDRICAL_SURFACE('',#1631,0.575);
#61=CYLINDRICAL_SURFACE('',#1632,0.575);
#62=CYLINDRICAL_SURFACE('',#1641,1.);
#63=CYLINDRICAL_SURFACE('',#1648,1.);
#64=ELLIPSE('',#1576,0.754013571891524,0.7);
#65=ELLIPSE('',#1577,0.749156118801053,0.7);
#66=ELLIPSE('',#1579,0.749156118801053,0.7);
#67=ELLIPSE('',#1580,0.754013571891524,0.7);
#68=ELLIPSE('',#1623,0.575789098948805,0.575);
#69=ELLIPSE('',#1624,0.575789098948805,0.575);
#70=ELLIPSE('',#1625,0.776063568148389,0.775);
#71=ELLIPSE('',#1626,0.776063568148389,0.775);
#72=B_SPLINE_CURVE_WITH_KNOTS('',3,(#2214,#2215,#2216,#2217),
 .UNSPECIFIED.,.F.,.F.,(4,4),(0.,1.),.UNSPECIFIED.);
#73=B_SPLINE_CURVE_WITH_KNOTS('',3,(#2229,#2230,#2231,#2232),
 .UNSPECIFIED.,.F.,.F.,(4,4),(0.,1.),.UNSPECIFIED.);
#74=B_SPLINE_CURVE_WITH_KNOTS('',3,(#2418,#2419,#2420,#2421),
 .UNSPECIFIED.,.F.,.F.,(4,4),(0.,1.),.UNSPECIFIED.);
#75=B_SPLINE_CURVE_WITH_KNOTS('',3,(#2423,#2424,#2425,#2426,#2427,#2428,
#2429,#2430,#2431,#2432,#2433,#2434,#2435),.UNSPECIFIED.,.F.,.F.,(4,3,3,
3,4),(0.,0.144678864490185,0.429785909661332,0.714892954831265,1.),
 .UNSPECIFIED.);
#76=B_SPLINE_CURVE_WITH_KNOTS('',3,(#2437,#2438,#2439,#2440,#2441,#2442,
#2443,#2444,#2445,#2446),.UNSPECIFIED.,.F.,.F.,(4,3,3,4),(0.,0.144057894950849,
0.978382569581992,1.),.UNSPECIFIED.);
#77=B_SPLINE_CURVE_WITH_KNOTS('',3,(#2448,#2449,#2450,#2451),
 .UNSPECIFIED.,.F.,.F.,(4,4),(0.,1.),.UNSPECIFIED.);
#78=B_SPLINE_CURVE_WITH_KNOTS('',3,(#2455,#2456,#2457,#2458,#2459,#2460,
#2461),.UNSPECIFIED.,.F.,.F.,(4,3,4),(0.,0.553483634822748,1.),
 .UNSPECIFIED.);
#79=B_SPLINE_CURVE_WITH_KNOTS('',3,(#2463,#2464,#2465,#2466,#2467,#2468,
#2469,#2470,#2471,#2472,#2473,#2474,#2475),.UNSPECIFIED.,.F.,.F.,(4,3,3,
3,4),(0.,0.226071975844724,0.370270588311589,0.774911626382225,1.),
 .UNSPECIFIED.);
#80=B_SPLINE_CURVE_WITH_KNOTS('',3,(#2516,#2517,#2518,#2519),
 .UNSPECIFIED.,.F.,.F.,(4,4),(0.,1.),.UNSPECIFIED.);
#81=B_SPLINE_CURVE_WITH_KNOTS('',3,(#2521,#2522,#2523,#2524,#2525,#2526,
#2527),.UNSPECIFIED.,.F.,.F.,(4,3,4),(0.,0.975189478099159,1.),
 .UNSPECIFIED.);
#82=B_SPLINE_CURVE_WITH_KNOTS('',3,(#2533,#2534,#2535,#2536,#2537,#2538,
#2539),.UNSPECIFIED.,.F.,.F.,(4,3,4),(0.,0.83451298194127,1.),
 .UNSPECIFIED.);
#83=B_SPLINE_CURVE_WITH_KNOTS('',3,(#2543,#2544,#2545,#2546),
 .UNSPECIFIED.,.F.,.F.,(4,4),(0.,1.),.UNSPECIFIED.);
#84=B_SPLINE_CURVE_WITH_KNOTS('',1,(#2551,#2552,#2553),.UNSPECIFIED.,.F.,
 .F.,(2,1,2),(0.,0.083333333333361,1.),.UNSPECIFIED.);
#85=B_SPLINE_CURVE_WITH_KNOTS('',3,(#2558,#2559,#2560,#2561,#2562,#2563,
#2564,#2565,#2566,#2567,#2568,#2569,#2570),.UNSPECIFIED.,.F.,.F.,(4,3,3,
3,4),(0.,0.302191941946177,0.624528975715459,0.946866009480277,1.),
 .UNSPECIFIED.);
#86=B_SPLINE_CURVE_WITH_KNOTS('',3,(#2572,#2573,#2574,#2575),
 .UNSPECIFIED.,.F.,.F.,(4,4),(0.,1.),.UNSPECIFIED.);
#87=B_SPLINE_CURVE_WITH_KNOTS('',3,(#2577,#2578,#2579,#2580),
 .UNSPECIFIED.,.F.,.F.,(4,4),(0.,1.),.UNSPECIFIED.);
#88=B_SPLINE_CURVE_WITH_KNOTS('',3,(#2582,#2583,#2584,#2585),
 .UNSPECIFIED.,.F.,.F.,(4,4),(0.,1.),.UNSPECIFIED.);
#89=B_SPLINE_CURVE_WITH_KNOTS('',3,(#2639,#2640,#2641,#2642),
 .UNSPECIFIED.,.F.,.F.,(4,4),(0.,1.),.UNSPECIFIED.);
#90=B_SPLINE_CURVE_WITH_KNOTS('',3,(#2643,#2644,#2645,#2646),
 .UNSPECIFIED.,.F.,.F.,(4,4),(0.,1.),.UNSPECIFIED.);
#91=B_SPLINE_CURVE_WITH_KNOTS('',3,(#2649,#2650,#2651,#2652,#2653,#2654,
#2655),.UNSPECIFIED.,.F.,.F.,(4,3,4),(0.,0.805057694308398,1.),
 .UNSPECIFIED.);
#92=B_SPLINE_CURVE_WITH_KNOTS('',3,(#2656,#2657,#2658,#2659,#2660,#2661,
#2662),.UNSPECIFIED.,.F.,.F.,(4,3,4),(0.,0.806062124868647,1.),
 .UNSPECIFIED.);
#93=CIRCLE('',#1547,0.35);
#94=CIRCLE('',#1550,0.35);
#95=CIRCLE('',#1560,1.25);
#96=CIRCLE('',#1561,1.25);
#97=CIRCLE('',#1564,1.25);
#98=CIRCLE('',#1565,1.25);
#99=CIRCLE('',#1571,1.25);
#100=CIRCLE('',#1573,1.25);
#101=CIRCLE('',#1594,1.);
#102=CIRCLE('',#1595,1.);
#103=CIRCLE('',#1597,1.);
#104=CIRCLE('',#1598,1.);
#105=CIRCLE('',#1600,0.45);
#106=CIRCLE('',#1601,0.25);
#107=CIRCLE('',#1602,0.25);
#108=CIRCLE('',#1603,0.45);
#109=CIRCLE('',#1605,0.45);
#110=CIRCLE('',#1608,0.45);
#111=CIRCLE('',#1611,0.25);
#112=CIRCLE('',#1612,0.25);
#113=CIRCLE('',#1618,0.775);
#114=CIRCLE('',#1619,0.775);
#115=CIRCLE('',#1620,0.575);
#116=CIRCLE('',#1621,0.575);
#117=ADVANCED_FACE('',(#261),#199,.F.);
#118=ADVANCED_FACE('',(#262),#200,.F.);
#119=ADVANCED_FACE('',(#263),#201,.F.);
#120=ADVANCED_FACE('',(#264),#202,.T.);
#121=ADVANCED_FACE('',(#265),#203,.F.);
#122=ADVANCED_FACE('',(#266),#204,.F.);
#123=ADVANCED_FACE('',(#267),#205,.F.);
#124=ADVANCED_FACE('',(#268),#206,.F.);
#125=ADVANCED_FACE('',(#269),#207,.F.);
#126=ADVANCED_FACE('',(#270),#208,.F.);
#127=ADVANCED_FACE('',(#271),#209,.F.);
#128=ADVANCED_FACE('',(#272),#210,.F.);
#129=ADVANCED_FACE('',(#273),#211,.F.);
#130=ADVANCED_FACE('',(#274),#212,.F.);
#131=ADVANCED_FACE('',(#275),#213,.F.);
#132=ADVANCED_FACE('',(#276),#214,.F.);
#133=ADVANCED_FACE('',(#277),#215,.F.);
#134=ADVANCED_FACE('',(#278),#216,.F.);
#135=ADVANCED_FACE('',(#279),#217,.F.);
#136=ADVANCED_FACE('',(#280),#218,.F.);
#137=ADVANCED_FACE('',(#281),#219,.T.);
#138=ADVANCED_FACE('',(#282),#220,.F.);
#139=ADVANCED_FACE('',(#283),#221,.T.);
#140=ADVANCED_FACE('',(#284),#222,.F.);
#141=ADVANCED_FACE('',(#285),#223,.T.);
#142=ADVANCED_FACE('',(#286),#224,.F.);
#143=ADVANCED_FACE('',(#287),#225,.F.);
#144=ADVANCED_FACE('',(#288),#226,.F.);
#145=ADVANCED_FACE('',(#289),#227,.F.);
#146=ADVANCED_FACE('',(#290),#48,.T.);
#147=ADVANCED_FACE('',(#291),#49,.T.);
#148=ADVANCED_FACE('',(#292),#228,.F.);
#149=ADVANCED_FACE('',(#293),#50,.T.);
#150=ADVANCED_FACE('',(#294),#229,.T.);
#151=ADVANCED_FACE('',(#295),#51,.T.);
#152=ADVANCED_FACE('',(#296),#52,.T.);
#153=ADVANCED_FACE('',(#297),#230,.F.);
#154=ADVANCED_FACE('',(#298),#231,.F.);
#155=ADVANCED_FACE('',(#299),#232,.T.);
#156=ADVANCED_FACE('',(#300),#233,.F.);
#157=ADVANCED_FACE('',(#301),#53,.T.);
#158=ADVANCED_FACE('',(#302),#234,.F.);
#159=ADVANCED_FACE('',(#303),#235,.F.);
#160=ADVANCED_FACE('',(#304),#236,.F.);
#161=ADVANCED_FACE('',(#305),#237,.F.);
#162=ADVANCED_FACE('',(#306),#238,.T.);
#163=ADVANCED_FACE('',(#307),#54,.T.);
#164=ADVANCED_FACE('',(#308),#239,.T.);
#165=ADVANCED_FACE('',(#309),#55,.T.);
#166=ADVANCED_FACE('',(#310),#240,.T.);
#167=ADVANCED_FACE('',(#311),#241,.T.);
#168=ADVANCED_FACE('',(#312),#56,.F.);
#169=ADVANCED_FACE('',(#313),#242,.F.);
#170=ADVANCED_FACE('',(#314),#57,.F.);
#171=ADVANCED_FACE('',(#315),#243,.F.);
#172=ADVANCED_FACE('',(#316),#244,.F.);
#173=ADVANCED_FACE('',(#46,#47),#245,.F.);
#174=ADVANCED_FACE('',(#317),#58,.T.);
#175=ADVANCED_FACE('',(#318),#59,.T.);
#176=ADVANCED_FACE('',(#319),#246,.F.);
#177=ADVANCED_FACE('',(#320),#60,.F.);
#178=ADVANCED_FACE('',(#321),#61,.F.);
#179=ADVANCED_FACE('',(#322),#247,.T.);
#180=ADVANCED_FACE('',(#323),#248,.F.);
#181=ADVANCED_FACE('',(#324),#249,.F.);
#182=ADVANCED_FACE('',(#325),#250,.T.);
#183=ADVANCED_FACE('',(#326),#251,.T.);
#184=ADVANCED_FACE('',(#327),#252,.T.);
#185=ADVANCED_FACE('',(#328),#253,.T.);
#186=ADVANCED_FACE('',(#329),#42,.T.);
#187=ADVANCED_FACE('',(#330),#254,.T.);
#188=ADVANCED_FACE('',(#331),#62,.T.);
#189=ADVANCED_FACE('',(#332),#255,.F.);
#190=ADVANCED_FACE('',(#333),#256,.F.);
#191=ADVANCED_FACE('',(#334),#257,.F.);
#192=ADVANCED_FACE('',(#335),#258,.T.);
#193=ADVANCED_FACE('',(#336),#43,.T.);
#194=ADVANCED_FACE('',(#337),#259,.F.);
#195=ADVANCED_FACE('',(#338),#260,.F.);
#196=ADVANCED_FACE('',(#339),#44,.T.);
#197=ADVANCED_FACE('',(#340),#63,.T.);
#198=ADVANCED_FACE('',(#341),#45,.T.);
#199=PLANE('',#1539);
#200=PLANE('',#1540);
#201=PLANE('',#1541);
#202=PLANE('',#1542);
#203=PLANE('',#1543);
#204=PLANE('',#1544);
#205=PLANE('',#1545);
#206=PLANE('',#1546);
#207=PLANE('',#1548);
#208=PLANE('',#1549);
#209=PLANE('',#1551);
#210=PLANE('',#1552);
#211=PLANE('',#1553);
#212=PLANE('',#1554);
#213=PLANE('',#1555);
#214=PLANE('',#1556);
#215=PLANE('',#1557);
#216=PLANE('',#1558);
#217=PLANE('',#1559);
#218=PLANE('',#1562);
#219=PLANE('',#1563);
#220=PLANE('',#1566);
#221=PLANE('',#1567);
#222=PLANE('',#1568);
#223=PLANE('',#1569);
#224=PLANE('',#1570);
#225=PLANE('',#1572);
#226=PLANE('',#1574);
#227=PLANE('',#1575);
#228=PLANE('',#1582);
#229=PLANE('',#1584);
#230=PLANE('',#1587);
#231=PLANE('',#1588);
#232=PLANE('',#1589);
#233=PLANE('',#1590);
#234=PLANE('',#1592);
#235=PLANE('',#1593);
#236=PLANE('',#1596);
#237=PLANE('',#1599);
#238=PLANE('',#1604);
#239=PLANE('',#1607);
#240=PLANE('',#1610);
#241=PLANE('',#1613);
#242=PLANE('',#1615);
#243=PLANE('',#1617);
#244=PLANE('',#1622);
#245=PLANE('',#1627);
#246=PLANE('',#1630);
#247=PLANE('',#1633);
#248=PLANE('',#1634);
#249=PLANE('',#1635);
#250=PLANE('',#1636);
#251=PLANE('',#1637);
#252=PLANE('',#1638);
#253=PLANE('',#1639);
#254=PLANE('',#1640);
#255=PLANE('',#1642);
#256=PLANE('',#1643);
#257=PLANE('',#1644);
#258=PLANE('',#1645);
#259=PLANE('',#1646);
#260=PLANE('',#1647);
#261=FACE_OUTER_BOUND('',#342,.T.);
#262=FACE_OUTER_BOUND('',#343,.T.);
#263=FACE_OUTER_BOUND('',#344,.T.);
#264=FACE_OUTER_BOUND('',#345,.T.);
#265=FACE_OUTER_BOUND('',#346,.T.);
#266=FACE_OUTER_BOUND('',#347,.T.);
#267=FACE_OUTER_BOUND('',#348,.T.);
#268=FACE_OUTER_BOUND('',#349,.T.);
#269=FACE_OUTER_BOUND('',#350,.T.);
#270=FACE_OUTER_BOUND('',#351,.T.);
#271=FACE_OUTER_BOUND('',#352,.T.);
#272=FACE_OUTER_BOUND('',#353,.T.);
#273=FACE_OUTER_BOUND('',#354,.T.);
#274=FACE_OUTER_BOUND('',#355,.T.);
#275=FACE_OUTER_BOUND('',#356,.T.);
#276=FACE_OUTER_BOUND('',#357,.T.);
#277=FACE_OUTER_BOUND('',#358,.T.);
#278=FACE_OUTER_BOUND('',#359,.T.);
#279=FACE_OUTER_BOUND('',#360,.T.);
#280=FACE_OUTER_BOUND('',#361,.T.);
#281=FACE_OUTER_BOUND('',#362,.T.);
#282=FACE_OUTER_BOUND('',#363,.T.);
#283=FACE_OUTER_BOUND('',#364,.T.);
#284=FACE_OUTER_BOUND('',#365,.T.);
#285=FACE_OUTER_BOUND('',#366,.T.);
#286=FACE_OUTER_BOUND('',#367,.T.);
#287=FACE_OUTER_BOUND('',#368,.T.);
#288=FACE_OUTER_BOUND('',#369,.T.);
#289=FACE_OUTER_BOUND('',#370,.T.);
#290=FACE_OUTER_BOUND('',#371,.T.);
#291=FACE_OUTER_BOUND('',#372,.T.);
#292=FACE_OUTER_BOUND('',#373,.T.);
#293=FACE_OUTER_BOUND('',#374,.T.);
#294=FACE_OUTER_BOUND('',#375,.T.);
#295=FACE_OUTER_BOUND('',#376,.T.);
#296=FACE_OUTER_BOUND('',#377,.T.);
#297=FACE_OUTER_BOUND('',#378,.T.);
#298=FACE_OUTER_BOUND('',#379,.T.);
#299=FACE_OUTER_BOUND('',#380,.T.);
#300=FACE_OUTER_BOUND('',#381,.T.);
#301=FACE_OUTER_BOUND('',#382,.T.);
#302=FACE_OUTER_BOUND('',#383,.T.);
#303=FACE_OUTER_BOUND('',#384,.T.);
#304=FACE_OUTER_BOUND('',#385,.T.);
#305=FACE_OUTER_BOUND('',#386,.T.);
#306=FACE_OUTER_BOUND('',#387,.T.);
#307=FACE_OUTER_BOUND('',#388,.T.);
#308=FACE_OUTER_BOUND('',#389,.T.);
#309=FACE_OUTER_BOUND('',#390,.T.);
#310=FACE_OUTER_BOUND('',#391,.T.);
#311=FACE_OUTER_BOUND('',#392,.T.);
#312=FACE_OUTER_BOUND('',#393,.T.);
#313=FACE_OUTER_BOUND('',#394,.T.);
#314=FACE_OUTER_BOUND('',#395,.T.);
#315=FACE_OUTER_BOUND('',#396,.T.);
#316=FACE_OUTER_BOUND('',#397,.T.);
#317=FACE_OUTER_BOUND('',#400,.T.);
#318=FACE_OUTER_BOUND('',#401,.T.);
#319=FACE_OUTER_BOUND('',#402,.T.);
#320=FACE_OUTER_BOUND('',#403,.T.);
#321=FACE_OUTER_BOUND('',#404,.T.);
#322=FACE_OUTER_BOUND('',#405,.T.);
#323=FACE_OUTER_BOUND('',#406,.T.);
#324=FACE_OUTER_BOUND('',#407,.T.);
#325=FACE_OUTER_BOUND('',#408,.T.);
#326=FACE_OUTER_BOUND('',#409,.T.);
#327=FACE_OUTER_BOUND('',#410,.T.);
#328=FACE_OUTER_BOUND('',#411,.T.);
#329=FACE_OUTER_BOUND('',#412,.T.);
#330=FACE_OUTER_BOUND('',#413,.T.);
#331=FACE_OUTER_BOUND('',#414,.T.);
#332=FACE_OUTER_BOUND('',#415,.T.);
#333=FACE_OUTER_BOUND('',#416,.T.);
#334=FACE_OUTER_BOUND('',#417,.T.);
#335=FACE_OUTER_BOUND('',#418,.T.);
#336=FACE_OUTER_BOUND('',#419,.T.);
#337=FACE_OUTER_BOUND('',#420,.T.);
#338=FACE_OUTER_BOUND('',#421,.T.);
#339=FACE_OUTER_BOUND('',#422,.T.);
#340=FACE_OUTER_BOUND('',#423,.T.);
#341=FACE_OUTER_BOUND('',#424,.T.);
#342=EDGE_LOOP('',(#425,#426,#427,#428));
#343=EDGE_LOOP('',(#429,#430,#431,#432));
#344=EDGE_LOOP('',(#433,#434,#435,#436));
#345=EDGE_LOOP('',(#437,#438,#439,#440,#441,#442));
#346=EDGE_LOOP('',(#443,#444,#445,#446));
#347=EDGE_LOOP('',(#447,#448,#449,#450));
#348=EDGE_LOOP('',(#451,#452,#453,#454));
#349=EDGE_LOOP('',(#455,#456,#457,#458));
#350=EDGE_LOOP('',(#459,#460,#461,#462,#463,#464,#465));
#351=EDGE_LOOP('',(#466,#467,#468,#469,#470,#471,#472,#473));
#352=EDGE_LOOP('',(#474,#475,#476,#477,#478,#479,#480));
#353=EDGE_LOOP('',(#481,#482,#483,#484));
#354=EDGE_LOOP('',(#485,#486,#487,#488,#489,#490));
#355=EDGE_LOOP('',(#491,#492,#493,#494,#495,#496));
#356=EDGE_LOOP('',(#497,#498,#499,#500));
#357=EDGE_LOOP('',(#501,#502,#503,#504));
#358=EDGE_LOOP('',(#505,#506,#507,#508));
#359=EDGE_LOOP('',(#509,#510,#511,#512,#513,#514,#515,#516,#517,#518));
#360=EDGE_LOOP('',(#519,#520,#521,#522));
#361=EDGE_LOOP('',(#523,#524,#525,#526,#527,#528,#529,#530,#531,#532,#533,
#534,#535,#536));
#362=EDGE_LOOP('',(#537,#538,#539,#540,#541,#542,#543,#544));
#363=EDGE_LOOP('',(#545,#546,#547,#548,#549,#550,#551,#552,#553,#554,#555,
#556,#557,#558,#559,#560,#561,#562));
#364=EDGE_LOOP('',(#563,#564,#565,#566,#567,#568));
#365=EDGE_LOOP('',(#569,#570,#571,#572));
#366=EDGE_LOOP('',(#573,#574,#575,#576,#577,#578));
#367=EDGE_LOOP('',(#579,#580,#581,#582));
#368=EDGE_LOOP('',(#583,#584,#585,#586));
#369=EDGE_LOOP('',(#587,#588,#589,#590));
#370=EDGE_LOOP('',(#591,#592,#593,#594));
#371=EDGE_LOOP('',(#595,#596,#597,#598));
#372=EDGE_LOOP('',(#599,#600,#601,#602));
#373=EDGE_LOOP('',(#603,#604,#605,#606));
#374=EDGE_LOOP('',(#607,#608,#609,#610));
#375=EDGE_LOOP('',(#611,#612,#613,#614,#615,#616));
#376=EDGE_LOOP('',(#617,#618,#619,#620));
#377=EDGE_LOOP('',(#621,#622,#623,#624));
#378=EDGE_LOOP('',(#625,#626,#627,#628,#629,#630));
#379=EDGE_LOOP('',(#631,#632,#633,#634,#635,#636));
#380=EDGE_LOOP('',(#637,#638,#639,#640,#641,#642,#643,#644,#645,#646));
#381=EDGE_LOOP('',(#647,#648,#649,#650));
#382=EDGE_LOOP('',(#651,#652,#653,#654));
#383=EDGE_LOOP('',(#655,#656,#657,#658));
#384=EDGE_LOOP('',(#659,#660,#661,#662));
#385=EDGE_LOOP('',(#663,#664,#665,#666,#667,#668));
#386=EDGE_LOOP('',(#669,#670,#671,#672,#673,#674));
#387=EDGE_LOOP('',(#675,#676,#677,#678,#679,#680,#681,#682));
#388=EDGE_LOOP('',(#683,#684,#685,#686));
#389=EDGE_LOOP('',(#687,#688,#689,#690,#691,#692,#693,#694));
#390=EDGE_LOOP('',(#695,#696,#697,#698));
#391=EDGE_LOOP('',(#699,#700,#701,#702));
#392=EDGE_LOOP('',(#703,#704,#705,#706,#707,#708,#709,#710));
#393=EDGE_LOOP('',(#711,#712,#713,#714));
#394=EDGE_LOOP('',(#715,#716,#717,#718,#719,#720,#721,#722));
#395=EDGE_LOOP('',(#723,#724,#725,#726));
#396=EDGE_LOOP('',(#727,#728,#729,#730));
#397=EDGE_LOOP('',(#731,#732,#733,#734,#735,#736,#737,#738));
#398=EDGE_LOOP('',(#739,#740,#741,#742));
#399=EDGE_LOOP('',(#743,#744,#745,#746));
#400=EDGE_LOOP('',(#747,#748,#749,#750));
#401=EDGE_LOOP('',(#751,#752,#753,#754));
#402=EDGE_LOOP('',(#755,#756,#757,#758));
#403=EDGE_LOOP('',(#759,#760,#761,#762));
#404=EDGE_LOOP('',(#763,#764,#765,#766));
#405=EDGE_LOOP('',(#767,#768,#769,#770));
#406=EDGE_LOOP('',(#771,#772,#773,#774));
#407=EDGE_LOOP('',(#775,#776,#777,#778));
#408=EDGE_LOOP('',(#779,#780,#781,#782));
#409=EDGE_LOOP('',(#783,#784,#785,#786));
#410=EDGE_LOOP('',(#787,#788,#789,#790));
#411=EDGE_LOOP('',(#791,#792,#793,#794));
#412=EDGE_LOOP('',(#795,#796,#797,#798,#799,#800,#801));
#413=EDGE_LOOP('',(#802,#803,#804,#805,#806));
#414=EDGE_LOOP('',(#807,#808,#809,#810,#811));
#415=EDGE_LOOP('',(#812,#813,#814,#815));
#416=EDGE_LOOP('',(#816,#817,#818,#819));
#417=EDGE_LOOP('',(#820,#821,#822,#823,#824,#825));
#418=EDGE_LOOP('',(#826,#827,#828,#829));
#419=EDGE_LOOP('',(#830,#831,#832,#833,#834));
#420=EDGE_LOOP('',(#835,#836,#837,#838));
#421=EDGE_LOOP('',(#839,#840,#841,#842));
#422=EDGE_LOOP('',(#843,#844,#845,#846,#847,#848));
#423=EDGE_LOOP('',(#849,#850,#851,#852));
#424=EDGE_LOOP('',(#853,#854,#855,#856,#857,#858));
#425=ORIENTED_EDGE('',*,*,#993,.F.);
#426=ORIENTED_EDGE('',*,*,#994,.T.);
#427=ORIENTED_EDGE('',*,*,#995,.F.);
#428=ORIENTED_EDGE('',*,*,#996,.T.);
#429=ORIENTED_EDGE('',*,*,#997,.T.);
#430=ORIENTED_EDGE('',*,*,#998,.T.);
#431=ORIENTED_EDGE('',*,*,#999,.T.);
#432=ORIENTED_EDGE('',*,*,#1000,.T.);
#433=ORIENTED_EDGE('',*,*,#1001,.F.);
#434=ORIENTED_EDGE('',*,*,#1002,.T.);
#435=ORIENTED_EDGE('',*,*,#1003,.F.);
#436=ORIENTED_EDGE('',*,*,#1004,.F.);
#437=ORIENTED_EDGE('',*,*,#1005,.T.);
#438=ORIENTED_EDGE('',*,*,#1006,.F.);
#439=ORIENTED_EDGE('',*,*,#1007,.T.);
#440=ORIENTED_EDGE('',*,*,#1008,.F.);
#441=ORIENTED_EDGE('',*,*,#1009,.F.);
#442=ORIENTED_EDGE('',*,*,#1010,.F.);
#443=ORIENTED_EDGE('',*,*,#1011,.T.);
#444=ORIENTED_EDGE('',*,*,#1012,.F.);
#445=ORIENTED_EDGE('',*,*,#1013,.T.);
#446=ORIENTED_EDGE('',*,*,#1014,.F.);
#447=ORIENTED_EDGE('',*,*,#1015,.T.);
#448=ORIENTED_EDGE('',*,*,#1016,.F.);
#449=ORIENTED_EDGE('',*,*,#1017,.F.);
#450=ORIENTED_EDGE('',*,*,#1012,.T.);
#451=ORIENTED_EDGE('',*,*,#1018,.F.);
#452=ORIENTED_EDGE('',*,*,#1019,.T.);
#453=ORIENTED_EDGE('',*,*,#1013,.F.);
#454=ORIENTED_EDGE('',*,*,#1017,.T.);
#455=ORIENTED_EDGE('',*,*,#1020,.T.);
#456=ORIENTED_EDGE('',*,*,#1021,.T.);
#457=ORIENTED_EDGE('',*,*,#1022,.F.);
#458=ORIENTED_EDGE('',*,*,#998,.F.);
#459=ORIENTED_EDGE('',*,*,#1023,.T.);
#460=ORIENTED_EDGE('',*,*,#1003,.T.);
#461=ORIENTED_EDGE('',*,*,#1024,.T.);
#462=ORIENTED_EDGE('',*,*,#1025,.T.);
#463=ORIENTED_EDGE('',*,*,#1026,.F.);
#464=ORIENTED_EDGE('',*,*,#1014,.T.);
#465=ORIENTED_EDGE('',*,*,#1019,.F.);
#466=ORIENTED_EDGE('',*,*,#1027,.T.);
#467=ORIENTED_EDGE('',*,*,#1028,.T.);
#468=ORIENTED_EDGE('',*,*,#1005,.F.);
#469=ORIENTED_EDGE('',*,*,#1029,.F.);
#470=ORIENTED_EDGE('',*,*,#1015,.F.);
#471=ORIENTED_EDGE('',*,*,#1011,.F.);
#472=ORIENTED_EDGE('',*,*,#1026,.T.);
#473=ORIENTED_EDGE('',*,*,#1030,.T.);
#474=ORIENTED_EDGE('',*,*,#1031,.T.);
#475=ORIENTED_EDGE('',*,*,#1032,.T.);
#476=ORIENTED_EDGE('',*,*,#1001,.T.);
#477=ORIENTED_EDGE('',*,*,#1033,.F.);
#478=ORIENTED_EDGE('',*,*,#1020,.F.);
#479=ORIENTED_EDGE('',*,*,#997,.F.);
#480=ORIENTED_EDGE('',*,*,#1034,.F.);
#481=ORIENTED_EDGE('',*,*,#1027,.F.);
#482=ORIENTED_EDGE('',*,*,#1035,.T.);
#483=ORIENTED_EDGE('',*,*,#1036,.T.);
#484=ORIENTED_EDGE('',*,*,#1037,.F.);
#485=ORIENTED_EDGE('',*,*,#1025,.F.);
#486=ORIENTED_EDGE('',*,*,#1038,.T.);
#487=ORIENTED_EDGE('',*,*,#1031,.F.);
#488=ORIENTED_EDGE('',*,*,#1039,.T.);
#489=ORIENTED_EDGE('',*,*,#1035,.F.);
#490=ORIENTED_EDGE('',*,*,#1030,.F.);
#491=ORIENTED_EDGE('',*,*,#1040,.F.);
#492=ORIENTED_EDGE('',*,*,#1041,.F.);
#493=ORIENTED_EDGE('',*,*,#1042,.T.);
#494=ORIENTED_EDGE('',*,*,#999,.F.);
#495=ORIENTED_EDGE('',*,*,#1022,.T.);
#496=ORIENTED_EDGE('',*,*,#1043,.T.);
#497=ORIENTED_EDGE('',*,*,#1041,.T.);
#498=ORIENTED_EDGE('',*,*,#1044,.F.);
#499=ORIENTED_EDGE('',*,*,#1045,.F.);
#500=ORIENTED_EDGE('',*,*,#1046,.F.);
#501=ORIENTED_EDGE('',*,*,#1047,.F.);
#502=ORIENTED_EDGE('',*,*,#1045,.T.);
#503=ORIENTED_EDGE('',*,*,#1048,.T.);
#504=ORIENTED_EDGE('',*,*,#1049,.F.);
#505=ORIENTED_EDGE('',*,*,#1050,.T.);
#506=ORIENTED_EDGE('',*,*,#1049,.T.);
#507=ORIENTED_EDGE('',*,*,#1051,.T.);
#508=ORIENTED_EDGE('',*,*,#995,.T.);
#509=ORIENTED_EDGE('',*,*,#1033,.T.);
#510=ORIENTED_EDGE('',*,*,#1004,.T.);
#511=ORIENTED_EDGE('',*,*,#1023,.F.);
#512=ORIENTED_EDGE('',*,*,#1018,.T.);
#513=ORIENTED_EDGE('',*,*,#1016,.T.);
#514=ORIENTED_EDGE('',*,*,#1029,.T.);
#515=ORIENTED_EDGE('',*,*,#1010,.T.);
#516=ORIENTED_EDGE('',*,*,#1052,.T.);
#517=ORIENTED_EDGE('',*,*,#1043,.F.);
#518=ORIENTED_EDGE('',*,*,#1021,.F.);
#519=ORIENTED_EDGE('',*,*,#1037,.T.);
#520=ORIENTED_EDGE('',*,*,#1053,.F.);
#521=ORIENTED_EDGE('',*,*,#1006,.T.);
#522=ORIENTED_EDGE('',*,*,#1028,.F.);
#523=ORIENTED_EDGE('',*,*,#1009,.T.);
#524=ORIENTED_EDGE('',*,*,#1054,.F.);
#525=ORIENTED_EDGE('',*,*,#1055,.F.);
#526=ORIENTED_EDGE('',*,*,#1056,.T.);
#527=ORIENTED_EDGE('',*,*,#1057,.T.);
#528=ORIENTED_EDGE('',*,*,#1058,.F.);
#529=ORIENTED_EDGE('',*,*,#1059,.T.);
#530=ORIENTED_EDGE('',*,*,#1060,.F.);
#531=ORIENTED_EDGE('',*,*,#996,.F.);
#532=ORIENTED_EDGE('',*,*,#1051,.F.);
#533=ORIENTED_EDGE('',*,*,#1048,.F.);
#534=ORIENTED_EDGE('',*,*,#1044,.T.);
#535=ORIENTED_EDGE('',*,*,#1040,.T.);
#536=ORIENTED_EDGE('',*,*,#1052,.F.);
#537=ORIENTED_EDGE('',*,*,#1059,.F.);
#538=ORIENTED_EDGE('',*,*,#1061,.T.);
#539=ORIENTED_EDGE('',*,*,#1062,.T.);
#540=ORIENTED_EDGE('',*,*,#1063,.T.);
#541=ORIENTED_EDGE('',*,*,#1064,.T.);
#542=ORIENTED_EDGE('',*,*,#1065,.F.);
#543=ORIENTED_EDGE('',*,*,#1066,.T.);
#544=ORIENTED_EDGE('',*,*,#1067,.F.);
#545=ORIENTED_EDGE('',*,*,#1034,.T.);
#546=ORIENTED_EDGE('',*,*,#1000,.F.);
#547=ORIENTED_EDGE('',*,*,#1042,.F.);
#548=ORIENTED_EDGE('',*,*,#1046,.T.);
#549=ORIENTED_EDGE('',*,*,#1047,.T.);
#550=ORIENTED_EDGE('',*,*,#1050,.F.);
#551=ORIENTED_EDGE('',*,*,#994,.F.);
#552=ORIENTED_EDGE('',*,*,#1068,.F.);
#553=ORIENTED_EDGE('',*,*,#1066,.F.);
#554=ORIENTED_EDGE('',*,*,#1069,.T.);
#555=ORIENTED_EDGE('',*,*,#1070,.F.);
#556=ORIENTED_EDGE('',*,*,#1071,.F.);
#557=ORIENTED_EDGE('',*,*,#1072,.F.);
#558=ORIENTED_EDGE('',*,*,#1073,.T.);
#559=ORIENTED_EDGE('',*,*,#1007,.F.);
#560=ORIENTED_EDGE('',*,*,#1053,.T.);
#561=ORIENTED_EDGE('',*,*,#1036,.F.);
#562=ORIENTED_EDGE('',*,*,#1039,.F.);
#563=ORIENTED_EDGE('',*,*,#1074,.F.);
#564=ORIENTED_EDGE('',*,*,#1075,.T.);
#565=ORIENTED_EDGE('',*,*,#1076,.T.);
#566=ORIENTED_EDGE('',*,*,#1077,.T.);
#567=ORIENTED_EDGE('',*,*,#1078,.F.);
#568=ORIENTED_EDGE('',*,*,#1079,.F.);
#569=ORIENTED_EDGE('',*,*,#1080,.F.);
#570=ORIENTED_EDGE('',*,*,#1081,.F.);
#571=ORIENTED_EDGE('',*,*,#1075,.F.);
#572=ORIENTED_EDGE('',*,*,#1082,.F.);
#573=ORIENTED_EDGE('',*,*,#1083,.T.);
#574=ORIENTED_EDGE('',*,*,#1080,.T.);
#575=ORIENTED_EDGE('',*,*,#1084,.T.);
#576=ORIENTED_EDGE('',*,*,#1085,.T.);
#577=ORIENTED_EDGE('',*,*,#1086,.T.);
#578=ORIENTED_EDGE('',*,*,#1087,.F.);
#579=ORIENTED_EDGE('',*,*,#1088,.T.);
#580=ORIENTED_EDGE('',*,*,#1079,.T.);
#581=ORIENTED_EDGE('',*,*,#1089,.T.);
#582=ORIENTED_EDGE('',*,*,#1085,.F.);
#583=ORIENTED_EDGE('',*,*,#1064,.F.);
#584=ORIENTED_EDGE('',*,*,#1090,.F.);
#585=ORIENTED_EDGE('',*,*,#1091,.F.);
#586=ORIENTED_EDGE('',*,*,#1092,.F.);
#587=ORIENTED_EDGE('',*,*,#1093,.F.);
#588=ORIENTED_EDGE('',*,*,#1062,.F.);
#589=ORIENTED_EDGE('',*,*,#1094,.F.);
#590=ORIENTED_EDGE('',*,*,#1095,.F.);
#591=ORIENTED_EDGE('',*,*,#1093,.T.);
#592=ORIENTED_EDGE('',*,*,#1096,.T.);
#593=ORIENTED_EDGE('',*,*,#1090,.T.);
#594=ORIENTED_EDGE('',*,*,#1063,.F.);
#595=ORIENTED_EDGE('',*,*,#1057,.F.);
#596=ORIENTED_EDGE('',*,*,#1097,.F.);
#597=ORIENTED_EDGE('',*,*,#1098,.T.);
#598=ORIENTED_EDGE('',*,*,#1099,.F.);
#599=ORIENTED_EDGE('',*,*,#1070,.T.);
#600=ORIENTED_EDGE('',*,*,#1100,.F.);
#601=ORIENTED_EDGE('',*,*,#1101,.F.);
#602=ORIENTED_EDGE('',*,*,#1102,.T.);
#603=ORIENTED_EDGE('',*,*,#1103,.T.);
#604=ORIENTED_EDGE('',*,*,#1055,.T.);
#605=ORIENTED_EDGE('',*,*,#1104,.T.);
#606=ORIENTED_EDGE('',*,*,#1072,.T.);
#607=ORIENTED_EDGE('',*,*,#1056,.F.);
#608=ORIENTED_EDGE('',*,*,#1103,.F.);
#609=ORIENTED_EDGE('',*,*,#1071,.T.);
#610=ORIENTED_EDGE('',*,*,#1105,.F.);
#611=ORIENTED_EDGE('',*,*,#1105,.T.);
#612=ORIENTED_EDGE('',*,*,#1102,.F.);
#613=ORIENTED_EDGE('',*,*,#1106,.F.);
#614=ORIENTED_EDGE('',*,*,#1077,.F.);
#615=ORIENTED_EDGE('',*,*,#1107,.T.);
#616=ORIENTED_EDGE('',*,*,#1097,.T.);
#617=ORIENTED_EDGE('',*,*,#1065,.T.);
#618=ORIENTED_EDGE('',*,*,#1092,.T.);
#619=ORIENTED_EDGE('',*,*,#1108,.T.);
#620=ORIENTED_EDGE('',*,*,#1069,.F.);
#621=ORIENTED_EDGE('',*,*,#1109,.T.);
#622=ORIENTED_EDGE('',*,*,#1094,.T.);
#623=ORIENTED_EDGE('',*,*,#1061,.F.);
#624=ORIENTED_EDGE('',*,*,#1058,.T.);
#625=ORIENTED_EDGE('',*,*,#1107,.F.);
#626=ORIENTED_EDGE('',*,*,#1076,.F.);
#627=ORIENTED_EDGE('',*,*,#1081,.T.);
#628=ORIENTED_EDGE('',*,*,#1083,.F.);
#629=ORIENTED_EDGE('',*,*,#1110,.F.);
#630=ORIENTED_EDGE('',*,*,#1098,.F.);
#631=ORIENTED_EDGE('',*,*,#1111,.F.);
#632=ORIENTED_EDGE('',*,*,#1086,.F.);
#633=ORIENTED_EDGE('',*,*,#1089,.F.);
#634=ORIENTED_EDGE('',*,*,#1078,.T.);
#635=ORIENTED_EDGE('',*,*,#1106,.T.);
#636=ORIENTED_EDGE('',*,*,#1101,.T.);
#637=ORIENTED_EDGE('',*,*,#1095,.T.);
#638=ORIENTED_EDGE('',*,*,#1109,.F.);
#639=ORIENTED_EDGE('',*,*,#1099,.T.);
#640=ORIENTED_EDGE('',*,*,#1110,.T.);
#641=ORIENTED_EDGE('',*,*,#1087,.T.);
#642=ORIENTED_EDGE('',*,*,#1111,.T.);
#643=ORIENTED_EDGE('',*,*,#1100,.T.);
#644=ORIENTED_EDGE('',*,*,#1108,.F.);
#645=ORIENTED_EDGE('',*,*,#1091,.T.);
#646=ORIENTED_EDGE('',*,*,#1096,.F.);
#647=ORIENTED_EDGE('',*,*,#1054,.T.);
#648=ORIENTED_EDGE('',*,*,#1008,.T.);
#649=ORIENTED_EDGE('',*,*,#1073,.F.);
#650=ORIENTED_EDGE('',*,*,#1104,.F.);
#651=ORIENTED_EDGE('',*,*,#1024,.F.);
#652=ORIENTED_EDGE('',*,*,#1002,.F.);
#653=ORIENTED_EDGE('',*,*,#1032,.F.);
#654=ORIENTED_EDGE('',*,*,#1038,.F.);
#655=ORIENTED_EDGE('',*,*,#1112,.F.);
#656=ORIENTED_EDGE('',*,*,#1113,.F.);
#657=ORIENTED_EDGE('',*,*,#1114,.T.);
#658=ORIENTED_EDGE('',*,*,#1074,.T.);
#659=ORIENTED_EDGE('',*,*,#1084,.F.);
#660=ORIENTED_EDGE('',*,*,#1115,.F.);
#661=ORIENTED_EDGE('',*,*,#1116,.T.);
#662=ORIENTED_EDGE('',*,*,#1117,.T.);
#663=ORIENTED_EDGE('',*,*,#1114,.F.);
#664=ORIENTED_EDGE('',*,*,#1118,.F.);
#665=ORIENTED_EDGE('',*,*,#1119,.F.);
#666=ORIENTED_EDGE('',*,*,#1120,.F.);
#667=ORIENTED_EDGE('',*,*,#1115,.T.);
#668=ORIENTED_EDGE('',*,*,#1082,.T.);
#669=ORIENTED_EDGE('',*,*,#1117,.F.);
#670=ORIENTED_EDGE('',*,*,#1121,.F.);
#671=ORIENTED_EDGE('',*,*,#1122,.T.);
#672=ORIENTED_EDGE('',*,*,#1123,.F.);
#673=ORIENTED_EDGE('',*,*,#1112,.T.);
#674=ORIENTED_EDGE('',*,*,#1088,.F.);
#675=ORIENTED_EDGE('',*,*,#1124,.T.);
#676=ORIENTED_EDGE('',*,*,#1125,.T.);
#677=ORIENTED_EDGE('',*,*,#1126,.F.);
#678=ORIENTED_EDGE('',*,*,#1127,.F.);
#679=ORIENTED_EDGE('',*,*,#1128,.F.);
#680=ORIENTED_EDGE('',*,*,#1129,.T.);
#681=ORIENTED_EDGE('',*,*,#1130,.T.);
#682=ORIENTED_EDGE('',*,*,#1131,.T.);
#683=ORIENTED_EDGE('',*,*,#1124,.F.);
#684=ORIENTED_EDGE('',*,*,#1132,.F.);
#685=ORIENTED_EDGE('',*,*,#1133,.T.);
#686=ORIENTED_EDGE('',*,*,#1134,.T.);
#687=ORIENTED_EDGE('',*,*,#1135,.F.);
#688=ORIENTED_EDGE('',*,*,#1134,.F.);
#689=ORIENTED_EDGE('',*,*,#1136,.T.);
#690=ORIENTED_EDGE('',*,*,#1137,.F.);
#691=ORIENTED_EDGE('',*,*,#1138,.T.);
#692=ORIENTED_EDGE('',*,*,#1139,.T.);
#693=ORIENTED_EDGE('',*,*,#1140,.F.);
#694=ORIENTED_EDGE('',*,*,#1141,.T.);
#695=ORIENTED_EDGE('',*,*,#1130,.F.);
#696=ORIENTED_EDGE('',*,*,#1141,.F.);
#697=ORIENTED_EDGE('',*,*,#1142,.T.);
#698=ORIENTED_EDGE('',*,*,#1143,.T.);
#699=ORIENTED_EDGE('',*,*,#1131,.F.);
#700=ORIENTED_EDGE('',*,*,#1143,.F.);
#701=ORIENTED_EDGE('',*,*,#1144,.T.);
#702=ORIENTED_EDGE('',*,*,#1132,.T.);
#703=ORIENTED_EDGE('',*,*,#1145,.T.);
#704=ORIENTED_EDGE('',*,*,#1146,.T.);
#705=ORIENTED_EDGE('',*,*,#1133,.F.);
#706=ORIENTED_EDGE('',*,*,#1144,.F.);
#707=ORIENTED_EDGE('',*,*,#1142,.F.);
#708=ORIENTED_EDGE('',*,*,#1147,.T.);
#709=ORIENTED_EDGE('',*,*,#1148,.T.);
#710=ORIENTED_EDGE('',*,*,#1149,.T.);
#711=ORIENTED_EDGE('',*,*,#1126,.T.);
#712=ORIENTED_EDGE('',*,*,#1150,.F.);
#713=ORIENTED_EDGE('',*,*,#1145,.F.);
#714=ORIENTED_EDGE('',*,*,#1151,.T.);
#715=ORIENTED_EDGE('',*,*,#1152,.T.);
#716=ORIENTED_EDGE('',*,*,#1153,.F.);
#717=ORIENTED_EDGE('',*,*,#1154,.T.);
#718=ORIENTED_EDGE('',*,*,#1155,.F.);
#719=ORIENTED_EDGE('',*,*,#1156,.F.);
#720=ORIENTED_EDGE('',*,*,#1157,.T.);
#721=ORIENTED_EDGE('',*,*,#1158,.F.);
#722=ORIENTED_EDGE('',*,*,#1150,.T.);
#723=ORIENTED_EDGE('',*,*,#1128,.T.);
#724=ORIENTED_EDGE('',*,*,#1159,.F.);
#725=ORIENTED_EDGE('',*,*,#1148,.F.);
#726=ORIENTED_EDGE('',*,*,#1153,.T.);
#727=ORIENTED_EDGE('',*,*,#1127,.T.);
#728=ORIENTED_EDGE('',*,*,#1151,.F.);
#729=ORIENTED_EDGE('',*,*,#1149,.F.);
#730=ORIENTED_EDGE('',*,*,#1159,.T.);
#731=ORIENTED_EDGE('',*,*,#1160,.F.);
#732=ORIENTED_EDGE('',*,*,#1161,.F.);
#733=ORIENTED_EDGE('',*,*,#1162,.F.);
#734=ORIENTED_EDGE('',*,*,#1163,.F.);
#735=ORIENTED_EDGE('',*,*,#1164,.F.);
#736=ORIENTED_EDGE('',*,*,#1165,.T.);
#737=ORIENTED_EDGE('',*,*,#1166,.T.);
#738=ORIENTED_EDGE('',*,*,#1167,.T.);
#739=ORIENTED_EDGE('',*,*,#1168,.T.);
#740=ORIENTED_EDGE('',*,*,#1156,.T.);
#741=ORIENTED_EDGE('',*,*,#1169,.T.);
#742=ORIENTED_EDGE('',*,*,#1170,.T.);
#743=ORIENTED_EDGE('',*,*,#1138,.F.);
#744=ORIENTED_EDGE('',*,*,#1171,.F.);
#745=ORIENTED_EDGE('',*,*,#1172,.F.);
#746=ORIENTED_EDGE('',*,*,#1173,.F.);
#747=ORIENTED_EDGE('',*,*,#1174,.F.);
#748=ORIENTED_EDGE('',*,*,#1171,.T.);
#749=ORIENTED_EDGE('',*,*,#1137,.T.);
#750=ORIENTED_EDGE('',*,*,#1163,.T.);
#751=ORIENTED_EDGE('',*,*,#1139,.F.);
#752=ORIENTED_EDGE('',*,*,#1173,.T.);
#753=ORIENTED_EDGE('',*,*,#1175,.T.);
#754=ORIENTED_EDGE('',*,*,#1161,.T.);
#755=ORIENTED_EDGE('',*,*,#1175,.F.);
#756=ORIENTED_EDGE('',*,*,#1172,.T.);
#757=ORIENTED_EDGE('',*,*,#1174,.T.);
#758=ORIENTED_EDGE('',*,*,#1162,.T.);
#759=ORIENTED_EDGE('',*,*,#1176,.T.);
#760=ORIENTED_EDGE('',*,*,#1165,.F.);
#761=ORIENTED_EDGE('',*,*,#1157,.F.);
#762=ORIENTED_EDGE('',*,*,#1168,.F.);
#763=ORIENTED_EDGE('',*,*,#1155,.T.);
#764=ORIENTED_EDGE('',*,*,#1167,.F.);
#765=ORIENTED_EDGE('',*,*,#1177,.F.);
#766=ORIENTED_EDGE('',*,*,#1169,.F.);
#767=ORIENTED_EDGE('',*,*,#1177,.T.);
#768=ORIENTED_EDGE('',*,*,#1166,.F.);
#769=ORIENTED_EDGE('',*,*,#1176,.F.);
#770=ORIENTED_EDGE('',*,*,#1170,.F.);
#771=ORIENTED_EDGE('',*,*,#1164,.T.);
#772=ORIENTED_EDGE('',*,*,#1136,.F.);
#773=ORIENTED_EDGE('',*,*,#1146,.F.);
#774=ORIENTED_EDGE('',*,*,#1158,.T.);
#775=ORIENTED_EDGE('',*,*,#1160,.T.);
#776=ORIENTED_EDGE('',*,*,#1154,.F.);
#777=ORIENTED_EDGE('',*,*,#1147,.F.);
#778=ORIENTED_EDGE('',*,*,#1140,.T.);
#779=ORIENTED_EDGE('',*,*,#1135,.T.);
#780=ORIENTED_EDGE('',*,*,#1178,.F.);
#781=ORIENTED_EDGE('',*,*,#1067,.T.);
#782=ORIENTED_EDGE('',*,*,#1179,.T.);
#783=ORIENTED_EDGE('',*,*,#1125,.F.);
#784=ORIENTED_EDGE('',*,*,#1179,.F.);
#785=ORIENTED_EDGE('',*,*,#1068,.T.);
#786=ORIENTED_EDGE('',*,*,#1180,.T.);
#787=ORIENTED_EDGE('',*,*,#1152,.F.);
#788=ORIENTED_EDGE('',*,*,#1180,.F.);
#789=ORIENTED_EDGE('',*,*,#993,.T.);
#790=ORIENTED_EDGE('',*,*,#1181,.T.);
#791=ORIENTED_EDGE('',*,*,#1129,.F.);
#792=ORIENTED_EDGE('',*,*,#1181,.F.);
#793=ORIENTED_EDGE('',*,*,#1060,.T.);
#794=ORIENTED_EDGE('',*,*,#1178,.T.);
#795=ORIENTED_EDGE('',*,*,#1182,.F.);
#796=ORIENTED_EDGE('',*,*,#1183,.F.);
#797=ORIENTED_EDGE('',*,*,#1184,.F.);
#798=ORIENTED_EDGE('',*,*,#1185,.T.);
#799=ORIENTED_EDGE('',*,*,#1186,.F.);
#800=ORIENTED_EDGE('',*,*,#1187,.F.);
#801=ORIENTED_EDGE('',*,*,#1188,.F.);
#802=ORIENTED_EDGE('',*,*,#1119,.T.);
#803=ORIENTED_EDGE('',*,*,#1189,.F.);
#804=ORIENTED_EDGE('',*,*,#1190,.F.);
#805=ORIENTED_EDGE('',*,*,#1184,.T.);
#806=ORIENTED_EDGE('',*,*,#1183,.T.);
#807=ORIENTED_EDGE('',*,*,#1191,.T.);
#808=ORIENTED_EDGE('',*,*,#1121,.T.);
#809=ORIENTED_EDGE('',*,*,#1116,.F.);
#810=ORIENTED_EDGE('',*,*,#1120,.T.);
#811=ORIENTED_EDGE('',*,*,#1182,.T.);
#812=ORIENTED_EDGE('',*,*,#1192,.T.);
#813=ORIENTED_EDGE('',*,*,#1193,.F.);
#814=ORIENTED_EDGE('',*,*,#1191,.F.);
#815=ORIENTED_EDGE('',*,*,#1188,.T.);
#816=ORIENTED_EDGE('',*,*,#1194,.T.);
#817=ORIENTED_EDGE('',*,*,#1195,.F.);
#818=ORIENTED_EDGE('',*,*,#1192,.F.);
#819=ORIENTED_EDGE('',*,*,#1187,.T.);
#820=ORIENTED_EDGE('',*,*,#1196,.F.);
#821=ORIENTED_EDGE('',*,*,#1197,.F.);
#822=ORIENTED_EDGE('',*,*,#1194,.F.);
#823=ORIENTED_EDGE('',*,*,#1186,.T.);
#824=ORIENTED_EDGE('',*,*,#1198,.F.);
#825=ORIENTED_EDGE('',*,*,#1199,.T.);
#826=ORIENTED_EDGE('',*,*,#1200,.F.);
#827=ORIENTED_EDGE('',*,*,#1201,.T.);
#828=ORIENTED_EDGE('',*,*,#1202,.T.);
#829=ORIENTED_EDGE('',*,*,#1122,.F.);
#830=ORIENTED_EDGE('',*,*,#1203,.F.);
#831=ORIENTED_EDGE('',*,*,#1200,.T.);
#832=ORIENTED_EDGE('',*,*,#1193,.T.);
#833=ORIENTED_EDGE('',*,*,#1195,.T.);
#834=ORIENTED_EDGE('',*,*,#1197,.T.);
#835=ORIENTED_EDGE('',*,*,#1204,.T.);
#836=ORIENTED_EDGE('',*,*,#1205,.F.);
#837=ORIENTED_EDGE('',*,*,#1199,.F.);
#838=ORIENTED_EDGE('',*,*,#1206,.F.);
#839=ORIENTED_EDGE('',*,*,#1207,.T.);
#840=ORIENTED_EDGE('',*,*,#1208,.F.);
#841=ORIENTED_EDGE('',*,*,#1204,.F.);
#842=ORIENTED_EDGE('',*,*,#1209,.F.);
#843=ORIENTED_EDGE('',*,*,#1208,.T.);
#844=ORIENTED_EDGE('',*,*,#1202,.F.);
#845=ORIENTED_EDGE('',*,*,#1201,.F.);
#846=ORIENTED_EDGE('',*,*,#1203,.T.);
#847=ORIENTED_EDGE('',*,*,#1196,.T.);
#848=ORIENTED_EDGE('',*,*,#1205,.T.);
#849=ORIENTED_EDGE('',*,*,#1123,.T.);
#850=ORIENTED_EDGE('',*,*,#1207,.F.);
#851=ORIENTED_EDGE('',*,*,#1118,.T.);
#852=ORIENTED_EDGE('',*,*,#1113,.T.);
#853=ORIENTED_EDGE('',*,*,#1190,.T.);
#854=ORIENTED_EDGE('',*,*,#1189,.T.);
#855=ORIENTED_EDGE('',*,*,#1209,.T.);
#856=ORIENTED_EDGE('',*,*,#1206,.T.);
#857=ORIENTED_EDGE('',*,*,#1198,.T.);
#858=ORIENTED_EDGE('',*,*,#1185,.F.);
#859=VERTEX_POINT('',#2037);
#860=VERTEX_POINT('',#2038);
#861=VERTEX_POINT('',#2040);
#862=VERTEX_POINT('',#2042);
#863=VERTEX_POINT('',#2046);
#864=VERTEX_POINT('',#2047);
#865=VERTEX_POINT('',#2049);
#866=VERTEX_POINT('',#2051);
#867=VERTEX_POINT('',#2055);
#868=VERTEX_POINT('',#2056);
#869=VERTEX_POINT('',#2058);
#870=VERTEX_POINT('',#2060);
#871=VERTEX_POINT('',#2064);
#872=VERTEX_POINT('',#2065);
#873=VERTEX_POINT('',#2067);
#874=VERTEX_POINT('',#2069);
#875=VERTEX_POINT('',#2071);
#876=VERTEX_POINT('',#2073);
#877=VERTEX_POINT('',#2077);
#878=VERTEX_POINT('',#2078);
#879=VERTEX_POINT('',#2080);
#880=VERTEX_POINT('',#2082);
#881=VERTEX_POINT('',#2086);
#882=VERTEX_POINT('',#2088);
#883=VERTEX_POINT('',#2092);
#884=VERTEX_POINT('',#2096);
#885=VERTEX_POINT('',#2098);
#886=VERTEX_POINT('',#2103);
#887=VERTEX_POINT('',#2105);
#888=VERTEX_POINT('',#2109);
#889=VERTEX_POINT('',#2110);
#890=VERTEX_POINT('',#2116);
#891=VERTEX_POINT('',#2117);
#892=VERTEX_POINT('',#2123);
#893=VERTEX_POINT('',#2125);
#894=VERTEX_POINT('',#2132);
#895=VERTEX_POINT('',#2133);
#896=VERTEX_POINT('',#2135);
#897=VERTEX_POINT('',#2140);
#898=VERTEX_POINT('',#2142);
#899=VERTEX_POINT('',#2146);
#900=VERTEX_POINT('',#2148);
#901=VERTEX_POINT('',#2159);
#902=VERTEX_POINT('',#2161);
#903=VERTEX_POINT('',#2163);
#904=VERTEX_POINT('',#2165);
#905=VERTEX_POINT('',#2167);
#906=VERTEX_POINT('',#2169);
#907=VERTEX_POINT('',#2173);
#908=VERTEX_POINT('',#2175);
#909=VERTEX_POINT('',#2177);
#910=VERTEX_POINT('',#2179);
#911=VERTEX_POINT('',#2181);
#912=VERTEX_POINT('',#2183);
#913=VERTEX_POINT('',#2188);
#914=VERTEX_POINT('',#2190);
#915=VERTEX_POINT('',#2192);
#916=VERTEX_POINT('',#2194);
#917=VERTEX_POINT('',#2198);
#918=VERTEX_POINT('',#2199);
#919=VERTEX_POINT('',#2201);
#920=VERTEX_POINT('',#2203);
#921=VERTEX_POINT('',#2205);
#922=VERTEX_POINT('',#2207);
#923=VERTEX_POINT('',#2211);
#924=VERTEX_POINT('',#2212);
#925=VERTEX_POINT('',#2220);
#926=VERTEX_POINT('',#2222);
#927=VERTEX_POINT('',#2224);
#928=VERTEX_POINT('',#2226);
#929=VERTEX_POINT('',#2236);
#930=VERTEX_POINT('',#2238);
#931=VERTEX_POINT('',#2242);
#932=VERTEX_POINT('',#2244);
#933=VERTEX_POINT('',#2250);
#934=VERTEX_POINT('',#2252);
#935=VERTEX_POINT('',#2256);
#936=VERTEX_POINT('',#2258);
#937=VERTEX_POINT('',#2281);
#938=VERTEX_POINT('',#2283);
#939=VERTEX_POINT('',#2287);
#940=VERTEX_POINT('',#2289);
#941=VERTEX_POINT('',#2293);
#942=VERTEX_POINT('',#2295);
#943=VERTEX_POINT('',#2299);
#944=VERTEX_POINT('',#2301);
#945=VERTEX_POINT('',#2305);
#946=VERTEX_POINT('',#2306);
#947=VERTEX_POINT('',#2308);
#948=VERTEX_POINT('',#2310);
#949=VERTEX_POINT('',#2312);
#950=VERTEX_POINT('',#2314);
#951=VERTEX_POINT('',#2316);
#952=VERTEX_POINT('',#2318);
#953=VERTEX_POINT('',#2322);
#954=VERTEX_POINT('',#2324);
#955=VERTEX_POINT('',#2329);
#956=VERTEX_POINT('',#2331);
#957=VERTEX_POINT('',#2333);
#958=VERTEX_POINT('',#2335);
#959=VERTEX_POINT('',#2337);
#960=VERTEX_POINT('',#2341);
#961=VERTEX_POINT('',#2347);
#962=VERTEX_POINT('',#2348);
#963=VERTEX_POINT('',#2351);
#964=VERTEX_POINT('',#2353);
#965=VERTEX_POINT('',#2362);
#966=VERTEX_POINT('',#2364);
#967=VERTEX_POINT('',#2366);
#968=VERTEX_POINT('',#2368);
#969=VERTEX_POINT('',#2376);
#970=VERTEX_POINT('',#2378);
#971=VERTEX_POINT('',#2382);
#972=VERTEX_POINT('',#2384);
#973=VERTEX_POINT('',#2388);
#974=VERTEX_POINT('',#2390);
#975=VERTEX_POINT('',#2393);
#976=VERTEX_POINT('',#2395);
#977=VERTEX_POINT('',#2422);
#978=VERTEX_POINT('',#2436);
#979=VERTEX_POINT('',#2447);
#980=VERTEX_POINT('',#2452);
#981=VERTEX_POINT('',#2454);
#982=VERTEX_POINT('',#2462);
#983=VERTEX_POINT('',#2520);
#984=VERTEX_POINT('',#2532);
#985=VERTEX_POINT('',#2542);
#986=VERTEX_POINT('',#2549);
#987=VERTEX_POINT('',#2550);
#988=VERTEX_POINT('',#2555);
#989=VERTEX_POINT('',#2571);
#990=VERTEX_POINT('',#2576);
#991=VERTEX_POINT('',#2637);
#992=VERTEX_POINT('',#2638);
#993=EDGE_CURVE('',#859,#860,#1210,.T.);
#994=EDGE_CURVE('',#859,#861,#1211,.T.);
#995=EDGE_CURVE('',#862,#861,#1212,.T.);
#996=EDGE_CURVE('',#862,#860,#1213,.T.);
#997=EDGE_CURVE('',#863,#864,#1214,.T.);
#998=EDGE_CURVE('',#864,#865,#1215,.T.);
#999=EDGE_CURVE('',#865,#866,#1216,.T.);
#1000=EDGE_CURVE('',#866,#863,#1217,.T.);
#1001=EDGE_CURVE('',#867,#868,#1218,.T.);
#1002=EDGE_CURVE('',#867,#869,#1219,.T.);
#1003=EDGE_CURVE('',#870,#869,#1220,.T.);
#1004=EDGE_CURVE('',#868,#870,#1221,.T.);
#1005=EDGE_CURVE('',#871,#872,#1222,.T.);
#1006=EDGE_CURVE('',#873,#872,#1223,.T.);
#1007=EDGE_CURVE('',#873,#874,#1224,.T.);
#1008=EDGE_CURVE('',#875,#874,#1225,.T.);
#1009=EDGE_CURVE('',#876,#875,#1226,.T.);
#1010=EDGE_CURVE('',#871,#876,#1227,.T.);
#1011=EDGE_CURVE('',#877,#878,#1228,.T.);
#1012=EDGE_CURVE('',#879,#878,#1229,.T.);
#1013=EDGE_CURVE('',#879,#880,#1230,.T.);
#1014=EDGE_CURVE('',#877,#880,#1231,.T.);
#1015=EDGE_CURVE('',#878,#881,#1232,.T.);
#1016=EDGE_CURVE('',#882,#881,#1233,.T.);
#1017=EDGE_CURVE('',#879,#882,#1234,.T.);
#1018=EDGE_CURVE('',#883,#882,#1235,.T.);
#1019=EDGE_CURVE('',#883,#880,#1236,.T.);
#1020=EDGE_CURVE('',#864,#884,#1237,.T.);
#1021=EDGE_CURVE('',#884,#885,#1238,.T.);
#1022=EDGE_CURVE('',#865,#885,#1239,.T.);
#1023=EDGE_CURVE('',#883,#870,#1240,.T.);
#1024=EDGE_CURVE('',#869,#886,#93,.T.);
#1025=EDGE_CURVE('',#886,#887,#1241,.T.);
#1026=EDGE_CURVE('',#877,#887,#1242,.T.);
#1027=EDGE_CURVE('',#888,#889,#1243,.T.);
#1028=EDGE_CURVE('',#889,#872,#1244,.T.);
#1029=EDGE_CURVE('',#881,#871,#1245,.T.);
#1030=EDGE_CURVE('',#887,#888,#1246,.T.);
#1031=EDGE_CURVE('',#890,#891,#1247,.T.);
#1032=EDGE_CURVE('',#891,#867,#94,.T.);
#1033=EDGE_CURVE('',#884,#868,#1248,.T.);
#1034=EDGE_CURVE('',#890,#863,#1249,.T.);
#1035=EDGE_CURVE('',#888,#892,#1250,.T.);
#1036=EDGE_CURVE('',#892,#893,#1251,.T.);
#1037=EDGE_CURVE('',#889,#893,#1252,.T.);
#1038=EDGE_CURVE('',#886,#891,#1253,.T.);
#1039=EDGE_CURVE('',#890,#892,#1254,.T.);
#1040=EDGE_CURVE('',#894,#895,#1255,.T.);
#1041=EDGE_CURVE('',#896,#894,#1256,.T.);
#1042=EDGE_CURVE('',#896,#866,#1257,.T.);
#1043=EDGE_CURVE('',#885,#895,#1258,.T.);
#1044=EDGE_CURVE('',#897,#894,#1259,.T.);
#1045=EDGE_CURVE('',#898,#897,#1260,.T.);
#1046=EDGE_CURVE('',#896,#898,#1261,.T.);
#1047=EDGE_CURVE('',#898,#899,#1262,.T.);
#1048=EDGE_CURVE('',#897,#900,#1263,.T.);
#1049=EDGE_CURVE('',#899,#900,#1264,.T.);
#1050=EDGE_CURVE('',#861,#899,#1265,.T.);
#1051=EDGE_CURVE('',#900,#862,#1266,.T.);
#1052=EDGE_CURVE('',#876,#895,#1267,.T.);
#1053=EDGE_CURVE('',#873,#893,#1268,.T.);
#1054=EDGE_CURVE('',#901,#875,#1269,.T.);
#1055=EDGE_CURVE('',#902,#901,#1270,.T.);
#1056=EDGE_CURVE('',#902,#903,#95,.T.);
#1057=EDGE_CURVE('',#903,#904,#1271,.T.);
#1058=EDGE_CURVE('',#905,#904,#96,.T.);
#1059=EDGE_CURVE('',#905,#906,#1272,.T.);
#1060=EDGE_CURVE('',#860,#906,#1273,.T.);
#1061=EDGE_CURVE('',#905,#907,#1274,.T.);
#1062=EDGE_CURVE('',#907,#908,#1275,.T.);
#1063=EDGE_CURVE('',#908,#909,#1276,.T.);
#1064=EDGE_CURVE('',#909,#910,#1277,.T.);
#1065=EDGE_CURVE('',#911,#910,#1278,.T.);
#1066=EDGE_CURVE('',#911,#912,#1279,.T.);
#1067=EDGE_CURVE('',#906,#912,#1280,.T.);
#1068=EDGE_CURVE('',#912,#859,#1281,.T.);
#1069=EDGE_CURVE('',#911,#913,#97,.T.);
#1070=EDGE_CURVE('',#914,#913,#1282,.T.);
#1071=EDGE_CURVE('',#915,#914,#98,.T.);
#1072=EDGE_CURVE('',#916,#915,#1283,.T.);
#1073=EDGE_CURVE('',#916,#874,#1284,.T.);
#1074=EDGE_CURVE('',#917,#918,#1285,.T.);
#1075=EDGE_CURVE('',#917,#919,#1286,.T.);
#1076=EDGE_CURVE('',#919,#920,#1287,.T.);
#1077=EDGE_CURVE('',#920,#921,#1288,.T.);
#1078=EDGE_CURVE('',#922,#921,#1289,.T.);
#1079=EDGE_CURVE('',#918,#922,#1290,.T.);
#1080=EDGE_CURVE('',#923,#924,#1291,.T.);
#1081=EDGE_CURVE('',#919,#923,#1292,.T.);
#1082=EDGE_CURVE('',#924,#917,#72,.T.);
#1083=EDGE_CURVE('',#925,#923,#1293,.T.);
#1084=EDGE_CURVE('',#924,#926,#1294,.T.);
#1085=EDGE_CURVE('',#926,#927,#1295,.T.);
#1086=EDGE_CURVE('',#927,#928,#1296,.T.);
#1087=EDGE_CURVE('',#925,#928,#1297,.T.);
#1088=EDGE_CURVE('',#926,#918,#73,.T.);
#1089=EDGE_CURVE('',#922,#927,#1298,.T.);
#1090=EDGE_CURVE('',#929,#909,#1299,.T.);
#1091=EDGE_CURVE('',#930,#929,#1300,.T.);
#1092=EDGE_CURVE('',#910,#930,#99,.T.);
#1093=EDGE_CURVE('',#908,#931,#1301,.T.);
#1094=EDGE_CURVE('',#932,#907,#100,.T.);
#1095=EDGE_CURVE('',#931,#932,#1302,.T.);
#1096=EDGE_CURVE('',#931,#929,#1303,.T.);
#1097=EDGE_CURVE('',#933,#903,#64,.T.);
#1098=EDGE_CURVE('',#933,#934,#1304,.T.);
#1099=EDGE_CURVE('',#904,#934,#65,.T.);
#1100=EDGE_CURVE('',#935,#913,#66,.T.);
#1101=EDGE_CURVE('',#936,#935,#1305,.T.);
#1102=EDGE_CURVE('',#936,#914,#67,.T.);
#1103=EDGE_CURVE('',#915,#902,#1306,.T.);
#1104=EDGE_CURVE('',#901,#916,#1307,.T.);
#1105=EDGE_CURVE('',#903,#914,#1308,.T.);
#1106=EDGE_CURVE('',#921,#936,#1309,.T.);
#1107=EDGE_CURVE('',#920,#933,#1310,.T.);
#1108=EDGE_CURVE('',#930,#913,#1311,.T.);
#1109=EDGE_CURVE('',#904,#932,#1312,.T.);
#1110=EDGE_CURVE('',#934,#925,#1313,.T.);
#1111=EDGE_CURVE('',#928,#935,#1314,.T.);
#1112=EDGE_CURVE('',#937,#918,#1315,.T.);
#1113=EDGE_CURVE('',#938,#937,#1316,.T.);
#1114=EDGE_CURVE('',#938,#917,#1317,.T.);
#1115=EDGE_CURVE('',#939,#924,#1318,.T.);
#1116=EDGE_CURVE('',#939,#940,#1319,.T.);
#1117=EDGE_CURVE('',#940,#926,#1320,.T.);
#1118=EDGE_CURVE('',#941,#938,#101,.T.);
#1119=EDGE_CURVE('',#942,#941,#1321,.T.);
#1120=EDGE_CURVE('',#939,#942,#102,.T.);
#1121=EDGE_CURVE('',#943,#940,#103,.T.);
#1122=EDGE_CURVE('',#943,#944,#1322,.T.);
#1123=EDGE_CURVE('',#937,#944,#104,.T.);
#1124=EDGE_CURVE('',#945,#946,#105,.T.);
#1125=EDGE_CURVE('',#946,#947,#1323,.T.);
#1126=EDGE_CURVE('',#948,#947,#106,.T.);
#1127=EDGE_CURVE('',#949,#948,#1324,.T.);
#1128=EDGE_CURVE('',#950,#949,#107,.T.);
#1129=EDGE_CURVE('',#950,#951,#1325,.T.);
#1130=EDGE_CURVE('',#951,#952,#108,.T.);
#1131=EDGE_CURVE('',#952,#945,#1326,.T.);
#1132=EDGE_CURVE('',#953,#945,#1327,.T.);
#1133=EDGE_CURVE('',#953,#954,#109,.T.);
#1134=EDGE_CURVE('',#954,#946,#1328,.T.);
#1135=EDGE_CURVE('',#946,#951,#1329,.T.);
#1136=EDGE_CURVE('',#954,#955,#1330,.T.);
#1137=EDGE_CURVE('',#956,#955,#1331,.T.);
#1138=EDGE_CURVE('',#956,#957,#1332,.T.);
#1139=EDGE_CURVE('',#957,#958,#1333,.T.);
#1140=EDGE_CURVE('',#959,#958,#1334,.T.);
#1141=EDGE_CURVE('',#959,#951,#1335,.T.);
#1142=EDGE_CURVE('',#959,#960,#110,.T.);
#1143=EDGE_CURVE('',#960,#952,#1336,.T.);
#1144=EDGE_CURVE('',#960,#953,#1337,.T.);
#1145=EDGE_CURVE('',#961,#962,#111,.T.);
#1146=EDGE_CURVE('',#962,#954,#1338,.T.);
#1147=EDGE_CURVE('',#959,#963,#1339,.T.);
#1148=EDGE_CURVE('',#963,#964,#112,.T.);
#1149=EDGE_CURVE('',#964,#961,#1340,.T.);
#1150=EDGE_CURVE('',#962,#947,#1341,.T.);
#1151=EDGE_CURVE('',#961,#948,#1342,.T.);
#1152=EDGE_CURVE('',#947,#950,#1343,.T.);
#1153=EDGE_CURVE('',#963,#950,#1344,.T.);
#1154=EDGE_CURVE('',#963,#965,#1345,.T.);
#1155=EDGE_CURVE('',#966,#965,#1346,.T.);
#1156=EDGE_CURVE('',#967,#966,#1347,.T.);
#1157=EDGE_CURVE('',#967,#968,#1348,.T.);
#1158=EDGE_CURVE('',#962,#968,#1349,.T.);
#1159=EDGE_CURVE('',#964,#949,#1350,.T.);
#1160=EDGE_CURVE('',#958,#965,#1351,.T.);
#1161=EDGE_CURVE('',#969,#958,#113,.T.);
#1162=EDGE_CURVE('',#970,#969,#1352,.T.);
#1163=EDGE_CURVE('',#955,#970,#114,.T.);
#1164=EDGE_CURVE('',#968,#955,#1353,.T.);
#1165=EDGE_CURVE('',#968,#971,#115,.T.);
#1166=EDGE_CURVE('',#971,#972,#1354,.T.);
#1167=EDGE_CURVE('',#972,#965,#116,.T.);
#1168=EDGE_CURVE('',#973,#967,#68,.T.);
#1169=EDGE_CURVE('',#966,#974,#69,.T.);
#1170=EDGE_CURVE('',#974,#973,#1355,.T.);
#1171=EDGE_CURVE('',#975,#956,#70,.T.);
#1172=EDGE_CURVE('',#976,#975,#1356,.T.);
#1173=EDGE_CURVE('',#957,#976,#71,.T.);
#1174=EDGE_CURVE('',#975,#970,#1357,.T.);
#1175=EDGE_CURVE('',#976,#969,#1358,.T.);
#1176=EDGE_CURVE('',#973,#971,#1359,.T.);
#1177=EDGE_CURVE('',#974,#972,#1360,.T.);
#1178=EDGE_CURVE('',#906,#951,#1361,.T.);
#1179=EDGE_CURVE('',#912,#946,#1362,.T.);
#1180=EDGE_CURVE('',#859,#947,#1363,.T.);
#1181=EDGE_CURVE('',#860,#950,#1364,.T.);
#1182=EDGE_CURVE('',#942,#977,#74,.T.);
#1183=EDGE_CURVE('',#978,#942,#75,.T.);
#1184=EDGE_CURVE('',#979,#978,#76,.T.);
#1185=EDGE_CURVE('',#979,#980,#77,.T.);
#1186=EDGE_CURVE('',#981,#980,#1365,.T.);
#1187=EDGE_CURVE('',#982,#981,#78,.T.);
#1188=EDGE_CURVE('',#977,#982,#79,.T.);
#1189=EDGE_CURVE('',#983,#941,#80,.T.);
#1190=EDGE_CURVE('',#979,#983,#81,.T.);
#1191=EDGE_CURVE('',#977,#943,#1366,.T.);
#1192=EDGE_CURVE('',#982,#984,#1367,.T.);
#1193=EDGE_CURVE('',#943,#984,#82,.T.);
#1194=EDGE_CURVE('',#981,#985,#1368,.T.);
#1195=EDGE_CURVE('',#984,#985,#83,.T.);
#1196=EDGE_CURVE('',#986,#987,#1369,.T.);
#1197=EDGE_CURVE('',#985,#986,#84,.T.);
#1198=EDGE_CURVE('',#988,#980,#1370,.T.);
#1199=EDGE_CURVE('',#988,#987,#1371,.T.);
#1200=EDGE_CURVE('',#989,#943,#85,.T.);
#1201=EDGE_CURVE('',#989,#990,#86,.T.);
#1202=EDGE_CURVE('',#990,#944,#87,.T.);
#1203=EDGE_CURVE('',#989,#986,#88,.T.);
#1204=EDGE_CURVE('',#991,#992,#1372,.T.);
#1205=EDGE_CURVE('',#987,#992,#89,.T.);
#1206=EDGE_CURVE('',#991,#988,#90,.T.);
#1207=EDGE_CURVE('',#941,#944,#1373,.T.);
#1208=EDGE_CURVE('',#992,#944,#91,.T.);
#1209=EDGE_CURVE('',#941,#991,#92,.T.);
#1210=LINE('',#2036,#1374);
#1211=LINE('',#2039,#1375);
#1212=LINE('',#2041,#1376);
#1213=LINE('',#2043,#1377);
#1214=LINE('',#2045,#1378);
#1215=LINE('',#2048,#1379);
#1216=LINE('',#2050,#1380);
#1217=LINE('',#2052,#1381);
#1218=LINE('',#2054,#1382);
#1219=LINE('',#2057,#1383);
#1220=LINE('',#2059,#1384);
#1221=LINE('',#2061,#1385);
#1222=LINE('',#2063,#1386);
#1223=LINE('',#2066,#1387);
#1224=LINE('',#2068,#1388);
#1225=LINE('',#2070,#1389);
#1226=LINE('',#2072,#1390);
#1227=LINE('',#2074,#1391);
#1228=LINE('',#2076,#1392);
#1229=LINE('',#2079,#1393);
#1230=LINE('',#2081,#1394);
#1231=LINE('',#2083,#1395);
#1232=LINE('',#2085,#1396);
#1233=LINE('',#2087,#1397);
#1234=LINE('',#2089,#1398);
#1235=LINE('',#2091,#1399);
#1236=LINE('',#2093,#1400);
#1237=LINE('',#2095,#1401);
#1238=LINE('',#2097,#1402);
#1239=LINE('',#2099,#1403);
#1240=LINE('',#2101,#1404);
#1241=LINE('',#2104,#1405);
#1242=LINE('',#2106,#1406);
#1243=LINE('',#2108,#1407);
#1244=LINE('',#2111,#1408);
#1245=LINE('',#2112,#1409);
#1246=LINE('',#2113,#1410);
#1247=LINE('',#2115,#1411);
#1248=LINE('',#2119,#1412);
#1249=LINE('',#2120,#1413);
#1250=LINE('',#2122,#1414);
#1251=LINE('',#2124,#1415);
#1252=LINE('',#2126,#1416);
#1253=LINE('',#2128,#1417);
#1254=LINE('',#2129,#1418);
#1255=LINE('',#2131,#1419);
#1256=LINE('',#2134,#1420);
#1257=LINE('',#2136,#1421);
#1258=LINE('',#2137,#1422);
#1259=LINE('',#2139,#1423);
#1260=LINE('',#2141,#1424);
#1261=LINE('',#2143,#1425);
#1262=LINE('',#2145,#1426);
#1263=LINE('',#2147,#1427);
#1264=LINE('',#2149,#1428);
#1265=LINE('',#2151,#1429);
#1266=LINE('',#2152,#1430);
#1267=LINE('',#2154,#1431);
#1268=LINE('',#2156,#1432);
#1269=LINE('',#2158,#1433);
#1270=LINE('',#2160,#1434);
#1271=LINE('',#2164,#1435);
#1272=LINE('',#2168,#1436);
#1273=LINE('',#2170,#1437);
#1274=LINE('',#2172,#1438);
#1275=LINE('',#2174,#1439);
#1276=LINE('',#2176,#1440);
#1277=LINE('',#2178,#1441);
#1278=LINE('',#2180,#1442);
#1279=LINE('',#2182,#1443);
#1280=LINE('',#2184,#1444);
#1281=LINE('',#2186,#1445);
#1282=LINE('',#2189,#1446);
#1283=LINE('',#2193,#1447);
#1284=LINE('',#2195,#1448);
#1285=LINE('',#2197,#1449);
#1286=LINE('',#2200,#1450);
#1287=LINE('',#2202,#1451);
#1288=LINE('',#2204,#1452);
#1289=LINE('',#2206,#1453);
#1290=LINE('',#2208,#1454);
#1291=LINE('',#2210,#1455);
#1292=LINE('',#2213,#1456);
#1293=LINE('',#2219,#1457);
#1294=LINE('',#2221,#1458);
#1295=LINE('',#2223,#1459);
#1296=LINE('',#2225,#1460);
#1297=LINE('',#2227,#1461);
#1298=LINE('',#2233,#1462);
#1299=LINE('',#2235,#1463);
#1300=LINE('',#2237,#1464);
#1301=LINE('',#2241,#1465);
#1302=LINE('',#2245,#1466);
#1303=LINE('',#2247,#1467);
#1304=LINE('',#2251,#1468);
#1305=LINE('',#2257,#1469);
#1306=LINE('',#2261,#1470);
#1307=LINE('',#2262,#1471);
#1308=LINE('',#2264,#1472);
#1309=LINE('',#2266,#1473);
#1310=LINE('',#2267,#1474);
#1311=LINE('',#2269,#1475);
#1312=LINE('',#2271,#1476);
#1313=LINE('',#2273,#1477);
#1314=LINE('',#2275,#1478);
#1315=LINE('',#2280,#1479);
#1316=LINE('',#2282,#1480);
#1317=LINE('',#2284,#1481);
#1318=LINE('',#2286,#1482);
#1319=LINE('',#2288,#1483);
#1320=LINE('',#2290,#1484);
#1321=LINE('',#2294,#1485);
#1322=LINE('',#2300,#1486);
#1323=LINE('',#2307,#1487);
#1324=LINE('',#2311,#1488);
#1325=LINE('',#2315,#1489);
#1326=LINE('',#2319,#1490);
#1327=LINE('',#2321,#1491);
#1328=LINE('',#2325,#1492);
#1329=LINE('',#2327,#1493);
#1330=LINE('',#2328,#1494);
#1331=LINE('',#2330,#1495);
#1332=LINE('',#2332,#1496);
#1333=LINE('',#2334,#1497);
#1334=LINE('',#2336,#1498);
#1335=LINE('',#2338,#1499);
#1336=LINE('',#2342,#1500);
#1337=LINE('',#2344,#1501);
#1338=LINE('',#2349,#1502);
#1339=LINE('',#2350,#1503);
#1340=LINE('',#2354,#1504);
#1341=LINE('',#2356,#1505);
#1342=LINE('',#2357,#1506);
#1343=LINE('',#2359,#1507);
#1344=LINE('',#2360,#1508);
#1345=LINE('',#2361,#1509);
#1346=LINE('',#2363,#1510);
#1347=LINE('',#2365,#1511);
#1348=LINE('',#2367,#1512);
#1349=LINE('',#2369,#1513);
#1350=LINE('',#2371,#1514);
#1351=LINE('',#2374,#1515);
#1352=LINE('',#2377,#1516);
#1353=LINE('',#2380,#1517);
#1354=LINE('',#2383,#1518);
#1355=LINE('',#2391,#1519);
#1356=LINE('',#2394,#1520);
#1357=LINE('',#2398,#1521);
#1358=LINE('',#2400,#1522);
#1359=LINE('',#2403,#1523);
#1360=LINE('',#2405,#1524);
#1361=LINE('',#2410,#1525);
#1362=LINE('',#2411,#1526);
#1363=LINE('',#2413,#1527);
#1364=LINE('',#2415,#1528);
#1365=LINE('',#2453,#1529);
#1366=LINE('',#2529,#1530);
#1367=LINE('',#2531,#1531);
#1368=LINE('',#2541,#1532);
#1369=LINE('',#2548,#1533);
#1370=LINE('',#2554,#1534);
#1371=LINE('',#2556,#1535);
#1372=LINE('',#2636,#1536);
#1373=LINE('',#2648,#1537);
#1374=VECTOR('',#1651,1.);
#1375=VECTOR('',#1652,1.);
#1376=VECTOR('',#1653,1.);
#1377=VECTOR('',#1654,1.);
#1378=VECTOR('',#1657,1.);
#1379=VECTOR('',#1658,1.);
#1380=VECTOR('',#1659,1.);
#1381=VECTOR('',#1660,1.);
#1382=VECTOR('',#1663,1.);
#1383=VECTOR('',#1664,1.);
#1384=VECTOR('',#1665,1.);
#1385=VECTOR('',#1666,1.);
#1386=VECTOR('',#1669,1.);
#1387=VECTOR('',#1670,1.);
#1388=VECTOR('',#1671,1.);
#1389=VECTOR('',#1672,1.);
#1390=VECTOR('',#1673,1.);
#1391=VECTOR('',#1674,1.);
#1392=VECTOR('',#1677,1.);
#1393=VECTOR('',#1678,1.);
#1394=VECTOR('',#1679,1.);
#1395=VECTOR('',#1680,1.);
#1396=VECTOR('',#1683,1.);
#1397=VECTOR('',#1684,1.);
#1398=VECTOR('',#1685,1.);
#1399=VECTOR('',#1688,1.);
#1400=VECTOR('',#1689,1.);
#1401=VECTOR('',#1692,1.);
#1402=VECTOR('',#1693,1.);
#1403=VECTOR('',#1694,1.);
#1404=VECTOR('',#1697,1.);
#1405=VECTOR('',#1700,1.);
#1406=VECTOR('',#1701,1.);
#1407=VECTOR('',#1704,1.);
#1408=VECTOR('',#1705,1.);
#1409=VECTOR('',#1706,1.);
#1410=VECTOR('',#1707,1.);
#1411=VECTOR('',#1710,1.);
#1412=VECTOR('',#1713,1.);
#1413=VECTOR('',#1714,1.);
#1414=VECTOR('',#1717,1.);
#1415=VECTOR('',#1718,1.);
#1416=VECTOR('',#1719,1.);
#1417=VECTOR('',#1722,1.);
#1418=VECTOR('',#1723,1.);
#1419=VECTOR('',#1726,1.);
#1420=VECTOR('',#1727,1.);
#1421=VECTOR('',#1728,1.);
#1422=VECTOR('',#1729,1.);
#1423=VECTOR('',#1732,1.);
#1424=VECTOR('',#1733,1.);
#1425=VECTOR('',#1734,1.);
#1426=VECTOR('',#1737,1.);
#1427=VECTOR('',#1738,1.);
#1428=VECTOR('',#1739,1.);
#1429=VECTOR('',#1742,1.);
#1430=VECTOR('',#1743,1.);
#1431=VECTOR('',#1746,1.);
#1432=VECTOR('',#1749,1.);
#1433=VECTOR('',#1752,1.);
#1434=VECTOR('',#1753,1.);
#1435=VECTOR('',#1756,1.);
#1436=VECTOR('',#1759,1.);
#1437=VECTOR('',#1760,1.);
#1438=VECTOR('',#1763,1.);
#1439=VECTOR('',#1764,1.);
#1440=VECTOR('',#1765,1.);
#1441=VECTOR('',#1766,1.);
#1442=VECTOR('',#1767,1.);
#1443=VECTOR('',#1768,1.);
#1444=VECTOR('',#1769,1.);
#1445=VECTOR('',#1772,1.);
#1446=VECTOR('',#1775,1.);
#1447=VECTOR('',#1778,1.);
#1448=VECTOR('',#1779,1.);
#1449=VECTOR('',#1782,1.);
#1450=VECTOR('',#1783,1.);
#1451=VECTOR('',#1784,1.);
#1452=VECTOR('',#1785,1.);
#1453=VECTOR('',#1786,1.);
#1454=VECTOR('',#1787,1.);
#1455=VECTOR('',#1790,1.);
#1456=VECTOR('',#1791,1.);
#1457=VECTOR('',#1794,1.);
#1458=VECTOR('',#1795,1.);
#1459=VECTOR('',#1796,1.);
#1460=VECTOR('',#1797,1.);
#1461=VECTOR('',#1798,1.);
#1462=VECTOR('',#1801,1.);
#1463=VECTOR('',#1804,1.);
#1464=VECTOR('',#1805,1.);
#1465=VECTOR('',#1810,1.);
#1466=VECTOR('',#1813,1.);
#1467=VECTOR('',#1816,1.);
#1468=VECTOR('',#1821,1.);
#1469=VECTOR('',#1828,1.);
#1470=VECTOR('',#1833,1.);
#1471=VECTOR('',#1834,1.);
#1472=VECTOR('',#1837,1.);
#1473=VECTOR('',#1840,1.);
#1474=VECTOR('',#1841,1.);
#1475=VECTOR('',#1844,1.);
#1476=VECTOR('',#1847,1.);
#1477=VECTOR('',#1850,1.);
#1478=VECTOR('',#1853,1.);
#1479=VECTOR('',#1862,1.);
#1480=VECTOR('',#1863,1.);
#1481=VECTOR('',#1864,1.);
#1482=VECTOR('',#1867,1.);
#1483=VECTOR('',#1868,1.);
#1484=VECTOR('',#1869,1.);
#1485=VECTOR('',#1874,1.);
#1486=VECTOR('',#1881,1.);
#1487=VECTOR('',#1888,1.);
#1488=VECTOR('',#1891,1.);
#1489=VECTOR('',#1894,1.);
#1490=VECTOR('',#1897,1.);
#1491=VECTOR('',#1900,1.);
#1492=VECTOR('',#1903,1.);
#1493=VECTOR('',#1906,1.);
#1494=VECTOR('',#1907,1.);
#1495=VECTOR('',#1908,1.);
#1496=VECTOR('',#1909,1.);
#1497=VECTOR('',#1910,1.);
#1498=VECTOR('',#1911,1.);
#1499=VECTOR('',#1912,1.);
#1500=VECTOR('',#1917,1.);
#1501=VECTOR('',#1920,1.);
#1502=VECTOR('',#1925,1.);
#1503=VECTOR('',#1926,1.);
#1504=VECTOR('',#1929,1.);
#1505=VECTOR('',#1932,1.);
#1506=VECTOR('',#1933,1.);
#1507=VECTOR('',#1936,1.);
#1508=VECTOR('',#1937,1.);
#1509=VECTOR('',#1938,1.);
#1510=VECTOR('',#1939,1.);
#1511=VECTOR('',#1940,1.);
#1512=VECTOR('',#1941,1.);
#1513=VECTOR('',#1942,1.);
#1514=VECTOR('',#1945,1.);
#1515=VECTOR('',#1950,1.);
#1516=VECTOR('',#1953,1.);
#1517=VECTOR('',#1956,1.);
#1518=VECTOR('',#1959,1.);
#1519=VECTOR('',#1968,1.);
#1520=VECTOR('',#1971,1.);
#1521=VECTOR('',#1976,1.);
#1522=VECTOR('',#1979,1.);
#1523=VECTOR('',#1984,1.);
#1524=VECTOR('',#1987,1.);
#1525=VECTOR('',#1996,1.);
#1526=VECTOR('',#1997,1.);
#1527=VECTOR('',#2000,1.);
#1528=VECTOR('',#2003,1.);
#1529=VECTOR('',#2008,1.);
#1530=VECTOR('',#2011,1.);
#1531=VECTOR('',#2014,1.);
#1532=VECTOR('',#2017,1.);
#1533=VECTOR('',#2020,1.);
#1534=VECTOR('',#2021,1.);
#1535=VECTOR('',#2022,1.);
#1536=VECTOR('',#2027,1.);
#1537=VECTOR('',#2030,1.);
#1538=AXIS2_PLACEMENT_3D('',#2035,#1649,#1650);
#1539=AXIS2_PLACEMENT_3D('',#2044,#1655,#1656);
#1540=AXIS2_PLACEMENT_3D('',#2053,#1661,#1662);
#1541=AXIS2_PLACEMENT_3D('',#2062,#1667,#1668);
#1542=AXIS2_PLACEMENT_3D('',#2075,#1675,#1676);
#1543=AXIS2_PLACEMENT_3D('',#2084,#1681,#1682);
#1544=AXIS2_PLACEMENT_3D('',#2090,#1686,#1687);
#1545=AXIS2_PLACEMENT_3D('',#2094,#1690,#1691);
#1546=AXIS2_PLACEMENT_3D('',#2100,#1695,#1696);
#1547=AXIS2_PLACEMENT_3D('',#2102,#1698,#1699);
#1548=AXIS2_PLACEMENT_3D('',#2107,#1702,#1703);
#1549=AXIS2_PLACEMENT_3D('',#2114,#1708,#1709);
#1550=AXIS2_PLACEMENT_3D('',#2118,#1711,#1712);
#1551=AXIS2_PLACEMENT_3D('',#2121,#1715,#1716);
#1552=AXIS2_PLACEMENT_3D('',#2127,#1720,#1721);
#1553=AXIS2_PLACEMENT_3D('',#2130,#1724,#1725);
#1554=AXIS2_PLACEMENT_3D('',#2138,#1730,#1731);
#1555=AXIS2_PLACEMENT_3D('',#2144,#1735,#1736);
#1556=AXIS2_PLACEMENT_3D('',#2150,#1740,#1741);
#1557=AXIS2_PLACEMENT_3D('',#2153,#1744,#1745);
#1558=AXIS2_PLACEMENT_3D('',#2155,#1747,#1748);
#1559=AXIS2_PLACEMENT_3D('',#2157,#1750,#1751);
#1560=AXIS2_PLACEMENT_3D('',#2162,#1754,#1755);
#1561=AXIS2_PLACEMENT_3D('',#2166,#1757,#1758);
#1562=AXIS2_PLACEMENT_3D('',#2171,#1761,#1762);
#1563=AXIS2_PLACEMENT_3D('',#2185,#1770,#1771);
#1564=AXIS2_PLACEMENT_3D('',#2187,#1773,#1774);
#1565=AXIS2_PLACEMENT_3D('',#2191,#1776,#1777);
#1566=AXIS2_PLACEMENT_3D('',#2196,#1780,#1781);
#1567=AXIS2_PLACEMENT_3D('',#2209,#1788,#1789);
#1568=AXIS2_PLACEMENT_3D('',#2218,#1792,#1793);
#1569=AXIS2_PLACEMENT_3D('',#2228,#1799,#1800);
#1570=AXIS2_PLACEMENT_3D('',#2234,#1802,#1803);
#1571=AXIS2_PLACEMENT_3D('',#2239,#1806,#1807);
#1572=AXIS2_PLACEMENT_3D('',#2240,#1808,#1809);
#1573=AXIS2_PLACEMENT_3D('',#2243,#1811,#1812);
#1574=AXIS2_PLACEMENT_3D('',#2246,#1814,#1815);
#1575=AXIS2_PLACEMENT_3D('',#2248,#1817,#1818);
#1576=AXIS2_PLACEMENT_3D('',#2249,#1819,#1820);
#1577=AXIS2_PLACEMENT_3D('',#2253,#1822,#1823);
#1578=AXIS2_PLACEMENT_3D('',#2254,#1824,#1825);
#1579=AXIS2_PLACEMENT_3D('',#2255,#1826,#1827);
#1580=AXIS2_PLACEMENT_3D('',#2259,#1829,#1830);
#1581=AXIS2_PLACEMENT_3D('',#2260,#1831,#1832);
#1582=AXIS2_PLACEMENT_3D('',#2263,#1835,#1836);
#1583=AXIS2_PLACEMENT_3D('',#2265,#1838,#1839);
#1584=AXIS2_PLACEMENT_3D('',#2268,#1842,#1843);
#1585=AXIS2_PLACEMENT_3D('',#2270,#1845,#1846);
#1586=AXIS2_PLACEMENT_3D('',#2272,#1848,#1849);
#1587=AXIS2_PLACEMENT_3D('',#2274,#1851,#1852);
#1588=AXIS2_PLACEMENT_3D('',#2276,#1854,#1855);
#1589=AXIS2_PLACEMENT_3D('',#2277,#1856,#1857);
#1590=AXIS2_PLACEMENT_3D('',#2278,#1858,#1859);
#1591=AXIS2_PLACEMENT_3D('',#2279,#1860,#1861);
#1592=AXIS2_PLACEMENT_3D('',#2285,#1865,#1866);
#1593=AXIS2_PLACEMENT_3D('',#2291,#1870,#1871);
#1594=AXIS2_PLACEMENT_3D('',#2292,#1872,#1873);
#1595=AXIS2_PLACEMENT_3D('',#2296,#1875,#1876);
#1596=AXIS2_PLACEMENT_3D('',#2297,#1877,#1878);
#1597=AXIS2_PLACEMENT_3D('',#2298,#1879,#1880);
#1598=AXIS2_PLACEMENT_3D('',#2302,#1882,#1883);
#1599=AXIS2_PLACEMENT_3D('',#2303,#1884,#1885);
#1600=AXIS2_PLACEMENT_3D('',#2304,#1886,#1887);
#1601=AXIS2_PLACEMENT_3D('',#2309,#1889,#1890);
#1602=AXIS2_PLACEMENT_3D('',#2313,#1892,#1893);
#1603=AXIS2_PLACEMENT_3D('',#2317,#1895,#1896);
#1604=AXIS2_PLACEMENT_3D('',#2320,#1898,#1899);
#1605=AXIS2_PLACEMENT_3D('',#2323,#1901,#1902);
#1606=AXIS2_PLACEMENT_3D('',#2326,#1904,#1905);
#1607=AXIS2_PLACEMENT_3D('',#2339,#1913,#1914);
#1608=AXIS2_PLACEMENT_3D('',#2340,#1915,#1916);
#1609=AXIS2_PLACEMENT_3D('',#2343,#1918,#1919);
#1610=AXIS2_PLACEMENT_3D('',#2345,#1921,#1922);
#1611=AXIS2_PLACEMENT_3D('',#2346,#1923,#1924);
#1612=AXIS2_PLACEMENT_3D('',#2352,#1927,#1928);
#1613=AXIS2_PLACEMENT_3D('',#2355,#1930,#1931);
#1614=AXIS2_PLACEMENT_3D('',#2358,#1934,#1935);
#1615=AXIS2_PLACEMENT_3D('',#2370,#1943,#1944);
#1616=AXIS2_PLACEMENT_3D('',#2372,#1946,#1947);
#1617=AXIS2_PLACEMENT_3D('',#2373,#1948,#1949);
#1618=AXIS2_PLACEMENT_3D('',#2375,#1951,#1952);
#1619=AXIS2_PLACEMENT_3D('',#2379,#1954,#1955);
#1620=AXIS2_PLACEMENT_3D('',#2381,#1957,#1958);
#1621=AXIS2_PLACEMENT_3D('',#2385,#1960,#1961);
#1622=AXIS2_PLACEMENT_3D('',#2386,#1962,#1963);
#1623=AXIS2_PLACEMENT_3D('',#2387,#1964,#1965);
#1624=AXIS2_PLACEMENT_3D('',#2389,#1966,#1967);
#1625=AXIS2_PLACEMENT_3D('',#2392,#1969,#1970);
#1626=AXIS2_PLACEMENT_3D('',#2396,#1972,#1973);
#1627=AXIS2_PLACEMENT_3D('',#2397,#1974,#1975);
#1628=AXIS2_PLACEMENT_3D('',#2399,#1977,#1978);
#1629=AXIS2_PLACEMENT_3D('',#2401,#1980,#1981);
#1630=AXIS2_PLACEMENT_3D('',#2402,#1982,#1983);
#1631=AXIS2_PLACEMENT_3D('',#2404,#1985,#1986);
#1632=AXIS2_PLACEMENT_3D('',#2406,#1988,#1989);
#1633=AXIS2_PLACEMENT_3D('',#2407,#1990,#1991);
#1634=AXIS2_PLACEMENT_3D('',#2408,#1992,#1993);
#1635=AXIS2_PLACEMENT_3D('',#2409,#1994,#1995);
#1636=AXIS2_PLACEMENT_3D('',#2412,#1998,#1999);
#1637=AXIS2_PLACEMENT_3D('',#2414,#2001,#2002);
#1638=AXIS2_PLACEMENT_3D('',#2416,#2004,#2005);
#1639=AXIS2_PLACEMENT_3D('',#2417,#2006,#2007);
#1640=AXIS2_PLACEMENT_3D('',#2528,#2009,#2010);
#1641=AXIS2_PLACEMENT_3D('',#2530,#2012,#2013);
#1642=AXIS2_PLACEMENT_3D('',#2540,#2015,#2016);
#1643=AXIS2_PLACEMENT_3D('',#2547,#2018,#2019);
#1644=AXIS2_PLACEMENT_3D('',#2557,#2023,#2024);
#1645=AXIS2_PLACEMENT_3D('',#2581,#2025,#2026);
#1646=AXIS2_PLACEMENT_3D('',#2647,#2028,#2029);
#1647=AXIS2_PLACEMENT_3D('',#2663,#2031,#2032);
#1648=AXIS2_PLACEMENT_3D('',#2704,#2033,#2034);
#1649=DIRECTION('',(0.,0.,1.));
#1650=DIRECTION('',(1.,0.,0.));
#1651=DIRECTION('',(1.,0.,0.));
#1652=DIRECTION('',(-7.38639754642634E-29,-1.01295126819935E-14,1.));
#1653=DIRECTION('',(-1.,0.,-1.17145536458252E-15));
#1654=DIRECTION('',(6.67158488064315E-29,1.01295126819935E-14,-1.));
#1655=DIRECTION('',(0.,-1.,-1.01295126819935E-14));
#1656=DIRECTION('',(0.,1.01307850997046E-14,-1.));
#1657=DIRECTION('',(1.,1.17145536458252E-15,2.34291072916505E-15));
#1658=DIRECTION('',(0.,1.,0.));
#1659=DIRECTION('',(-1.,9.17339996901956E-32,-2.34291072916505E-15));
#1660=DIRECTION('',(-7.29195744979575E-15,-1.,-1.70844053457415E-29));
#1661=DIRECTION('',(2.34291072916505E-15,0.,-1.));
#1662=DIRECTION('',(-1.,0.,-2.34296089474118E-15));
#1663=DIRECTION('',(1.17145536458252E-15,7.00649232162409E-46,-1.));
#1664=DIRECTION('',(1.17145536458252E-15,-1.,1.37230767120917E-30));
#1665=DIRECTION('',(-1.17145536458252E-15,8.02164916579056E-30,1.));
#1666=DIRECTION('',(1.17145536458252E-15,-1.,-2.74461534241835E-30));
#1667=DIRECTION('',(-1.,-1.17145536458252E-15,-1.17145536458252E-15));
#1668=DIRECTION('',(-1.17145334231628E-15,1.,0.));
#1669=DIRECTION('',(-2.34291072916505E-15,0.,-1.));
#1670=DIRECTION('',(1.,0.,1.17145536458252E-15));
#1671=DIRECTION('',(0.,0.,-1.));
#1672=DIRECTION('',(-1.,0.,0.));
#1673=DIRECTION('',(0.,0.,-1.));
#1674=DIRECTION('',(1.,0.,-2.34291072916505E-15));
#1675=DIRECTION('',(0.,-1.,0.));
#1676=DIRECTION('',(0.,0.,-1.));
#1677=DIRECTION('',(-2.61398789536814E-16,-1.,5.43441236799998E-15));
#1678=DIRECTION('',(-1.,4.29711359599287E-30,2.34291072916505E-15));
#1679=DIRECTION('',(2.16482998123287E-15,1.,-5.43441236799999E-15));
#1680=DIRECTION('',(1.,-2.28253088944317E-15,-2.34291072916504E-15));
#1681=DIRECTION('',(-2.34291072916505E-15,-5.43441236799998E-15,-1.));
#1682=DIRECTION('',(0.,-1.,5.43445496936634E-15));
#1683=DIRECTION('',(-1.80250696438801E-15,-0.725310192132549,-0.688422199808116));
#1684=DIRECTION('',(-1.,4.2971135959929E-30,2.34291072916505E-15));
#1685=DIRECTION('',(0.264472331168165,-0.699484270521611,-0.663909738849586));
#1686=DIRECTION('',(-1.69933703112011E-15,0.688422199808116,-0.725310192132549));
#1687=DIRECTION('',(-1.60982338570648E-15,-0.725310192132549,-0.688422199808116));
#1688=DIRECTION('',(0.,-1.,0.));
#1689=DIRECTION('',(-0.370073565444479,8.44704344493397E-16,0.929002452181484));
#1690=DIRECTION('',(-0.929002452181484,0.,-0.370073565444479));
#1691=DIRECTION('',(-0.370073565444479,0.,0.929002452181484));
#1692=DIRECTION('',(2.34291072916505E-15,4.11692301362753E-30,1.));
#1693=DIRECTION('',(0.,1.,0.));
#1694=DIRECTION('',(2.34291072916505E-15,0.,1.));
#1695=DIRECTION('',(1.,0.,-2.34291072916505E-15));
#1696=DIRECTION('',(-2.34296089474118E-15,0.,-1.));
#1697=DIRECTION('',(-1.,2.28253088944317E-15,2.34291072916505E-15));
#1698=DIRECTION('',(-2.28253088944317E-15,-1.,5.34776611052704E-30));
#1699=DIRECTION('',(1.,0.,0.));
#1700=DIRECTION('',(-1.,2.28253088944317E-15,-8.63522726246756E-16));
#1701=DIRECTION('',(-2.34291072916505E-15,7.70714155378649E-45,-1.));
#1702=DIRECTION('',(-2.28253088944317E-15,-1.,5.34776611052704E-30));
#1703=DIRECTION('',(-1.,2.28289609438548E-15,2.34296089474118E-15));
#1704=DIRECTION('',(-1.83926002518511E-15,-0.70819300143234,-0.706018889777217));
#1705=DIRECTION('',(-2.61398789536827E-16,-1.,-3.06217014298293E-31));
#1706=DIRECTION('',(-2.61398789536827E-16,-1.,6.12434028596588E-31));
#1707=DIRECTION('',(-2.61398789536827E-16,-1.,1.35005545730043E-31));
#1708=DIRECTION('',(1.,-2.61398789536827E-16,-2.34291072916505E-15));
#1709=DIRECTION('',(-2.61401143786255E-16,-1.,0.));
#1710=DIRECTION('',(1.,1.17145536458252E-15,8.63522726246756E-16));
#1711=DIRECTION('',(-1.17145536458252E-15,1.,-1.37230767120917E-30));
#1712=DIRECTION('',(1.,0.,0.));
#1713=DIRECTION('',(1.,1.17145536458252E-15,-2.34291072916505E-15));
#1714=DIRECTION('',(-1.00068091464856E-44,-1.37230767120917E-30,-1.));
#1715=DIRECTION('',(1.17145536458252E-15,-1.,1.37230767120917E-30));
#1716=DIRECTION('',(1.17145334231628E-15,0.,-1.));
#1717=DIRECTION('',(-1.,3.08880884831284E-16,-8.63522726246756E-16));
#1718=DIRECTION('',(-5.16411323268776E-15,-0.70819300143234,-0.706018889777217));
#1719=DIRECTION('',(-1.,4.10594900657335E-32,-1.17145536458252E-15));
#1720=DIRECTION('',(8.29616490687714E-16,0.706018889777217,-0.70819300143234));
#1721=DIRECTION('',(-8.27029417171943E-16,0.70819300143234,0.706018889777217));
#1722=DIRECTION('',(-1.17145536458252E-15,1.,-1.37230767120917E-30));
#1723=DIRECTION('',(-7.29195744979575E-15,-1.,-5.93604163561448E-30));
#1724=DIRECTION('',(8.63522726246756E-16,-3.60729341108485E-31,-1.));
#1725=DIRECTION('',(1.,1.17093834628434E-15,8.63458610167456E-16));
#1726=DIRECTION('',(0.,0.,1.));
#1727=DIRECTION('',(1.,9.17339996901953E-32,-2.90349109716189E-44));
#1728=DIRECTION('',(-5.71016568504825E-31,-7.83077208604418E-17,1.));
#1729=DIRECTION('',(1.,0.,-2.34291072916505E-15));
#1730=DIRECTION('',(9.17339996901953E-32,-1.,-7.83077208604418E-17));
#1731=DIRECTION('',(1.17148044737059E-15,7.97972798949331E-17,-1.));
#1732=DIRECTION('',(6.58628414820262E-15,1.,-7.14086358208813E-30));
#1733=DIRECTION('',(1.,-6.58628414820262E-15,6.9103985258204E-45));
#1734=DIRECTION('',(-7.29195744979575E-15,-1.,5.61067852878352E-30));
#1735=DIRECTION('',(2.90349109716189E-44,5.61067852878352E-30,1.));
#1736=DIRECTION('',(0.,-1.,0.));
#1737=DIRECTION('',(2.60193149577274E-15,0.356822089773113,-0.934172358962707));
#1738=DIRECTION('',(2.35013167360119E-15,0.356822089773113,-0.934172358962707));
#1739=DIRECTION('',(1.,-7.03374028116979E-15,1.17145536458255E-15));
#1740=DIRECTION('',(-6.15272459952513E-15,-0.934172358962707,-0.356822089773113));
#1741=DIRECTION('',(0.,0.356822089773113,-0.934172358962707));
#1742=DIRECTION('',(-4.10338207326977E-30,-1.,3.50280701879931E-15));
#1743=DIRECTION('',(-4.10338207326977E-30,1.,-3.50280701879931E-15));
#1744=DIRECTION('',(1.17145536458252E-15,-3.50280701879931E-15,-1.));
#1745=DIRECTION('',(0.,1.,-3.50281327381186E-15));
#1746=DIRECTION('',(6.58628414820262E-15,1.,-1.54310757961536E-29));
#1747=DIRECTION('',(-2.34291072916505E-15,0.,-1.));
#1748=DIRECTION('',(-1.,0.,2.34296089474118E-15));
#1749=DIRECTION('',(7.29195744979575E-15,1.,8.54220267287073E-30));
#1750=DIRECTION('',(1.17145536458252E-15,0.,-1.));
#1751=DIRECTION('',(-1.,0.,-1.17148044737059E-15));
#1752=DIRECTION('',(6.58628414820262E-15,1.,0.));
#1753=DIRECTION('',(2.44791864015134E-15,0.371669151386274,-0.928365252423747));
#1754=DIRECTION('',(1.,-6.58628414820262E-15,0.));
#1755=DIRECTION('',(-6.59194920871187E-15,-0.999999999999999,0.));
#1756=DIRECTION('',(0.,0.,-1.));
#1757=DIRECTION('',(-1.,6.58628414820262E-15,0.));
#1758=DIRECTION('',(-6.59194920871187E-15,-0.999999999999999,0.));
#1759=DIRECTION('',(6.58628414820262E-15,1.,2.02590253639871E-14));
#1760=DIRECTION('',(-4.47095732170818E-15,1.01295126819935E-14,-1.));
#1761=DIRECTION('',(-1.,6.58628414820262E-15,0.));
#1762=DIRECTION('',(-6.58631135741494E-15,-1.,0.));
#1763=DIRECTION('',(-1.,0.,0.));
#1764=DIRECTION('',(-2.99779402530554E-16,-1.,0.));
#1765=DIRECTION('',(-1.,0.,0.));
#1766=DIRECTION('',(-2.99779402530554E-16,1.,0.));
#1767=DIRECTION('',(1.,0.,0.));
#1768=DIRECTION('',(7.29195744979575E-15,1.,2.02590253639871E-14));
#1769=DIRECTION('',(-1.,0.,0.));
#1770=DIRECTION('',(0.,2.02590253639871E-14,-1.));
#1771=DIRECTION('',(0.,1.,2.02590765344124E-14));
#1772=DIRECTION('',(-7.38639754642634E-29,-1.01295126819935E-14,1.));
#1773=DIRECTION('',(-1.,7.29195744979575E-15,0.));
#1774=DIRECTION('',(7.28583859910259E-15,0.999999999999999,0.));
#1775=DIRECTION('',(0.,0.,-1.));
#1776=DIRECTION('',(1.,-7.29195744979575E-15,0.));
#1777=DIRECTION('',(7.28583859910259E-15,0.999999999999999,0.));
#1778=DIRECTION('',(-2.71019563731041E-15,-0.371669151386274,0.928365252423747));
#1779=DIRECTION('',(7.29195744979575E-15,1.,0.));
#1780=DIRECTION('',(1.,-7.29195744979575E-15,0.));
#1781=DIRECTION('',(7.29191013126851E-15,1.,0.));
#1782=DIRECTION('',(-1.,0.,0.));
#1783=DIRECTION('',(0.122012923561625,0.974591551080727,0.187840770457341));
#1784=DIRECTION('',(0.251249284775398,0.950430133110257,0.183183948466752));
#1785=DIRECTION('',(-1.,0.,0.));
#1786=DIRECTION('',(-0.251249282882821,0.950430133592647,0.183183948559727));
#1787=DIRECTION('',(-0.126186847148687,0.974078965060606,0.187741975682404));
#1788=DIRECTION('',(0.,-0.189254785377103,0.981928014781057));
#1789=DIRECTION('',(0.,-0.981928014781057,-0.189254785377103));
#1790=DIRECTION('',(-0.12229207480473,-0.97682130211908,0.175683784585656));
#1791=DIRECTION('',(0.,0.,-1.));
#1792=DIRECTION('',(-0.992254178066278,0.124224176833722,0.));
#1793=DIRECTION('',(-0.124224176833722,-0.992254178066278,0.));
#1794=DIRECTION('',(-0.251795873471133,-0.952497778267171,0.171309137231536));
#1795=DIRECTION('',(-1.,0.,0.));
#1796=DIRECTION('',(-0.126475243193119,0.976305191698609,-0.175590960819696));
#1797=DIRECTION('',(-0.251795871574995,0.952497778752715,-0.171309137318862));
#1798=DIRECTION('',(-1.,0.,0.));
#1799=DIRECTION('',(0.,-0.177012412249911,-0.984208619099359));
#1800=DIRECTION('',(0.,0.984208619099359,-0.177012412249911));
#1801=DIRECTION('',(0.,0.,-1.));
#1802=DIRECTION('',(0.991713230575118,0.128471274229935,0.));
#1803=DIRECTION('',(-0.128471274229935,0.991713230575118,0.));
#1804=DIRECTION('',(-1.03026470810309E-16,0.343674281623829,-0.939088913868301));
#1805=DIRECTION('',(2.8010928096966E-16,-0.934384679551529,0.356265730346587));
#1806=DIRECTION('',(-1.,-2.99779402530554E-16,0.));
#1807=DIRECTION('',(-3.03576608295941E-16,0.999999999999999,0.));
#1808=DIRECTION('',(1.,2.99779402530554E-16,0.));
#1809=DIRECTION('',(-2.99781900692242E-16,1.,0.));
#1810=DIRECTION('',(-1.03026470810309E-16,-0.343674281623829,0.939088913868301));
#1811=DIRECTION('',(1.,-2.99779402530554E-16,0.));
#1812=DIRECTION('',(-3.03576608295941E-16,-0.999999999999999,0.));
#1813=DIRECTION('',(2.8010928096966E-16,0.934384679551529,-0.356265730346587));
#1814=DIRECTION('',(-1.,2.99779402530554E-16,0.));
#1815=DIRECTION('',(-2.99781900692242E-16,-1.,0.));
#1816=DIRECTION('',(-1.,0.,0.));
#1817=DIRECTION('',(0.,0.939088913868301,0.343674281623829));
#1818=DIRECTION('',(0.,-0.343674281623829,0.939088913868301));
#1819=DIRECTION('',(0.,-0.371669151386293,0.928365252423739));
#1820=DIRECTION('',(0.,-0.928365252423739,-0.371669151386293));
#1821=DIRECTION('',(0.,0.,-1.));
#1822=DIRECTION('',(0.,-0.356265730346549,-0.934384679551545));
#1823=DIRECTION('',(0.,0.934384679551544,-0.356265730346549));
#1824=DIRECTION('',(0.,0.,-1.));
#1825=DIRECTION('',(-1.,0.,0.));
#1826=DIRECTION('',(0.,-0.356265730346549,-0.934384679551545));
#1827=DIRECTION('',(0.,0.934384679551544,-0.356265730346549));
#1828=DIRECTION('',(0.,0.,-1.));
#1829=DIRECTION('',(0.,0.371669151386293,-0.928365252423739));
#1830=DIRECTION('',(0.,-0.928365252423739,-0.371669151386293));
#1831=DIRECTION('',(0.,0.,-1.));
#1832=DIRECTION('',(-1.,0.,0.));
#1833=DIRECTION('',(1.,0.,0.));
#1834=DIRECTION('',(-1.,0.,0.));
#1835=DIRECTION('',(0.,-0.928365252423747,-0.371669151386274));
#1836=DIRECTION('',(0.,0.371669151386274,-0.928365252423747));
#1837=DIRECTION('',(-1.,0.,0.));
#1838=DIRECTION('',(-1.,0.,0.));
#1839=DIRECTION('',(0.,0.,1.));
#1840=DIRECTION('',(-0.23834367540474,0.901610578373428,0.360957971735897));
#1841=DIRECTION('',(0.238343677212211,0.901610577961621,0.360957971571031));
#1842=DIRECTION('',(0.,-0.371669151386293,0.928365252423739));
#1843=DIRECTION('',(0.,-0.928365252423739,-0.371669151386293));
#1844=DIRECTION('',(-1.,0.,0.));
#1845=DIRECTION('',(-1.,0.,0.));
#1846=DIRECTION('',(0.,0.,1.));
#1847=DIRECTION('',(-1.,0.,0.));
#1848=DIRECTION('',(-1.,0.,0.));
#1849=DIRECTION('',(0.,0.,1.));
#1850=DIRECTION('',(-0.239800476686533,-0.907121384169615,0.345870677801853));
#1851=DIRECTION('',(-0.966789512431335,0.255573939698048,0.));
#1852=DIRECTION('',(-0.255573939698048,-0.966789512431335,0.));
#1853=DIRECTION('',(-0.239800474869357,0.90712138458902,-0.345870677961766));
#1854=DIRECTION('',(0.966789512939065,0.255573937777398,0.));
#1855=DIRECTION('',(-0.255573937777398,0.966789512939065,0.));
#1856=DIRECTION('',(0.,-0.356265730346549,-0.934384679551544));
#1857=DIRECTION('',(0.,0.934384679551543,-0.356265730346549));
#1858=DIRECTION('',(0.,0.,-1.));
#1859=DIRECTION('',(-1.,0.,0.));
#1860=DIRECTION('',(-1.17145536458252E-15,1.,-1.37230767120917E-30));
#1861=DIRECTION('',(-1.1616451848059E-15,0.,1.));
#1862=DIRECTION('',(0.,1.,-2.0526832973508E-48));
#1863=DIRECTION('',(-1.,0.,0.));
#1864=DIRECTION('',(0.,1.,-8.21073318940323E-48));
#1865=DIRECTION('',(2.34291072916505E-15,-2.0526832973508E-48,-1.));
#1866=DIRECTION('',(-1.,0.,-2.34290668463255E-15));
#1867=DIRECTION('',(0.,1.,0.));
#1868=DIRECTION('',(-1.,0.,0.));
#1869=DIRECTION('',(0.,1.,0.));
#1870=DIRECTION('',(0.,0.,1.));
#1871=DIRECTION('',(1.,0.,0.));
#1872=DIRECTION('',(-1.,0.,0.));
#1873=DIRECTION('',(0.,0.,1.));
#1874=DIRECTION('',(0.,7.14740176908688E-15,1.));
#1875=DIRECTION('',(-1.,0.,0.));
#1876=DIRECTION('',(0.,0.,1.));
#1877=DIRECTION('',(-1.,0.,0.));
#1878=DIRECTION('',(0.,0.,1.));
#1879=DIRECTION('',(1.,0.,0.));
#1880=DIRECTION('',(0.,0.,-1.));
#1881=DIRECTION('',(0.,7.14740176908688E-15,1.));
#1882=DIRECTION('',(1.,0.,0.));
#1883=DIRECTION('',(0.,0.,-1.));
#1884=DIRECTION('',(1.,0.,0.));
#1885=DIRECTION('',(0.,0.,-1.));
#1886=DIRECTION('',(0.,-1.,0.));
#1887=DIRECTION('',(1.,0.,-1.20466908053945E-16));
#1888=DIRECTION('',(-2.71752191081104E-15,0.,1.));
#1889=DIRECTION('',(0.,-1.,0.));
#1890=DIRECTION('',(0.,0.,-1.));
#1891=DIRECTION('',(-1.,0.,0.));
#1892=DIRECTION('',(0.,-1.,0.));
#1893=DIRECTION('',(0.,0.,-1.));
#1894=DIRECTION('',(0.,0.,-1.));
#1895=DIRECTION('',(0.,-1.,0.));
#1896=DIRECTION('',(1.,0.,-1.20466908053945E-16));
#1897=DIRECTION('',(-1.,0.,0.));
#1898=DIRECTION('',(0.,-1.,0.));
#1899=DIRECTION('',(0.,0.,-1.));
#1900=DIRECTION('',(0.,-1.,0.));
#1901=DIRECTION('',(0.,-1.,0.));
#1902=DIRECTION('',(0.,0.,1.));
#1903=DIRECTION('',(0.,-1.,0.));
#1904=DIRECTION('',(0.,-1.,0.));
#1905=DIRECTION('',(0.,0.,-1.));
#1906=DIRECTION('',(1.,0.,0.));
#1907=DIRECTION('',(0.135113204733313,0.990830168044299,0.));
#1908=DIRECTION('',(0.,-1.,0.));
#1909=DIRECTION('',(0.999908019861893,0.0135628837593014,0.));
#1910=DIRECTION('',(0.,-1.,0.));
#1911=DIRECTION('',(-0.135113204733271,0.990830168044305,0.));
#1912=DIRECTION('',(0.,-1.,0.));
#1913=DIRECTION('',(0.,0.,-1.));
#1914=DIRECTION('',(-1.,0.,0.));
#1915=DIRECTION('',(0.,-1.,0.));
#1916=DIRECTION('',(0.,0.,1.));
#1917=DIRECTION('',(0.,-1.,0.));
#1918=DIRECTION('',(0.,-1.,0.));
#1919=DIRECTION('',(0.,0.,-1.));
#1920=DIRECTION('',(-1.,0.,0.));
#1921=DIRECTION('',(0.,0.,1.));
#1922=DIRECTION('',(1.,0.,0.));
#1923=DIRECTION('',(0.,-1.,0.));
#1924=DIRECTION('',(0.,0.,1.));
#1925=DIRECTION('',(0.,0.,-1.));
#1926=DIRECTION('',(0.,0.,1.));
#1927=DIRECTION('',(0.,-1.,0.));
#1928=DIRECTION('',(0.,0.,1.));
#1929=DIRECTION('',(-1.,0.,0.));
#1930=DIRECTION('',(0.,1.,0.));
#1931=DIRECTION('',(0.,0.,1.));
#1932=DIRECTION('',(0.,-1.,0.));
#1933=DIRECTION('',(0.,-1.,0.));
#1934=DIRECTION('',(0.,-1.,0.));
#1935=DIRECTION('',(0.,0.,-1.));
#1936=DIRECTION('',(1.,0.,0.));
#1937=DIRECTION('',(0.,-1.,0.));
#1938=DIRECTION('',(-0.135113204733271,0.990830168044305,0.));
#1939=DIRECTION('',(0.,-1.,0.));
#1940=DIRECTION('',(0.999908019861893,0.0135628837593014,0.));
#1941=DIRECTION('',(0.,-1.,0.));
#1942=DIRECTION('',(0.135113204733313,0.990830168044299,0.));
#1943=DIRECTION('',(0.,0.,-1.));
#1944=DIRECTION('',(-1.,0.,0.));
#1945=DIRECTION('',(0.,-1.,0.));
#1946=DIRECTION('',(0.,-1.,0.));
#1947=DIRECTION('',(0.,0.,-1.));
#1948=DIRECTION('',(0.,0.,1.));
#1949=DIRECTION('',(1.,0.,0.));
#1950=DIRECTION('',(0.,0.,1.));
#1951=DIRECTION('',(0.,1.,0.));
#1952=DIRECTION('',(1.,0.,6.99485272571293E-17));
#1953=DIRECTION('',(1.,0.,0.));
#1954=DIRECTION('',(0.,1.,0.));
#1955=DIRECTION('',(1.,0.,6.99485272571293E-17));
#1956=DIRECTION('',(0.,0.,-1.));
#1957=DIRECTION('',(0.,1.,0.));
#1958=DIRECTION('',(0.,0.,1.));
#1959=DIRECTION('',(1.,0.,0.));
#1960=DIRECTION('',(0.,1.,0.));
#1961=DIRECTION('',(0.,0.,1.));
#1962=DIRECTION('',(0.,1.,0.));
#1963=DIRECTION('',(0.,0.,1.));
#1964=DIRECTION('',(0.0135455422193256,-0.998629534754574,-0.0505526517785922));
#1965=DIRECTION('',(-0.258464342596355,-0.052335956242942,0.964602058514479));
#1966=DIRECTION('',(0.0135455422193256,-0.998629534754574,-0.0505526517785922));
#1967=DIRECTION('',(-0.258464342596355,-0.052335956242942,0.964602058514479));
#1968=DIRECTION('',(-0.999908019861893,-0.0135628837593014,0.));
#1969=DIRECTION('',(0.0135455422193256,-0.998629534754574,-0.0505526517785922));
#1970=DIRECTION('',(-0.258464342596355,-0.052335956242942,0.964602058514479));
#1971=DIRECTION('',(-0.999908019861893,-0.0135628837593014,0.));
#1972=DIRECTION('',(0.0135455422193256,-0.998629534754574,-0.0505526517785922));
#1973=DIRECTION('',(-0.258464342596355,-0.052335956242942,0.964602058514479));
#1974=DIRECTION('',(0.0135455422193256,-0.998629534754574,-0.0505526517785922));
#1975=DIRECTION('',(0.258464342596355,0.0523359562429419,-0.96460205851448));
#1976=DIRECTION('',(0.,-1.,0.));
#1977=DIRECTION('',(0.,-1.,0.));
#1978=DIRECTION('',(0.,0.,-1.));
#1979=DIRECTION('',(0.,-1.,0.));
#1980=DIRECTION('',(0.,-1.,0.));
#1981=DIRECTION('',(0.,0.,-1.));
#1982=DIRECTION('',(0.,0.,-1.));
#1983=DIRECTION('',(-1.,0.,0.));
#1984=DIRECTION('',(0.,-1.,0.));
#1985=DIRECTION('',(0.,-1.,0.));
#1986=DIRECTION('',(0.,0.,-1.));
#1987=DIRECTION('',(0.,-1.,0.));
#1988=DIRECTION('',(0.,-1.,0.));
#1989=DIRECTION('',(0.,0.,-1.));
#1990=DIRECTION('',(0.,0.,-1.));
#1991=DIRECTION('',(-1.,0.,0.));
#1992=DIRECTION('',(0.990830168044299,-0.135113204733313,0.));
#1993=DIRECTION('',(0.135113204733313,0.990830168044299,0.));
#1994=DIRECTION('',(-0.990830168044305,-0.135113204733271,0.));
#1995=DIRECTION('',(0.135113204733271,-0.990830168044305,0.));
#1996=DIRECTION('',(-0.403794687788277,0.914847339520176,-0.00204828875511743));
#1997=DIRECTION('',(0.403794687788195,0.914847339520212,-0.00204828875511751));
#1998=DIRECTION('',(0.,-0.00223893488319508,-0.999997493582153));
#1999=DIRECTION('',(0.,0.999997493582153,-0.00223893488319508));
#2000=DIRECTION('',(0.403794687788195,0.914847339520212,-0.00204828875511751));
#2001=DIRECTION('',(-0.91484925864123,0.403795534848507,-2.48612290544679E-15));
#2002=DIRECTION('',(-0.403795534848507,-0.91484925864123,0.));
#2003=DIRECTION('',(-0.403794687788277,0.914847339520176,-0.00204828875511743));
#2004=DIRECTION('',(0.,0.00223893488319508,0.999997493582153));
#2005=DIRECTION('',(0.,-0.999997493582153,0.00223893488319508));
#2006=DIRECTION('',(0.914849258641194,0.403795534848588,0.));
#2007=DIRECTION('',(-0.403795534848588,0.914849258641194,0.));
#2008=DIRECTION('',(-2.16840434497101E-15,1.28271337516825E-15,1.));
#2009=DIRECTION('',(0.,-1.,7.14740176908688E-15));
#2010=DIRECTION('',(0.,-7.14738598167619E-15,-1.));
#2011=DIRECTION('',(-1.,0.,0.));
#2012=DIRECTION('',(-1.,0.,0.));
#2013=DIRECTION('',(0.,0.,-1.));
#2014=DIRECTION('',(-1.,0.,0.));
#2015=DIRECTION('',(0.,0.257360846295765,0.966315370256485));
#2016=DIRECTION('',(0.,0.966315370256485,-0.257360846295765));
#2017=DIRECTION('',(-1.,0.,0.));
#2018=DIRECTION('',(0.,0.521558085048796,0.853215778053965));
#2019=DIRECTION('',(0.,0.853215778053965,-0.521558085048796));
#2020=DIRECTION('',(-2.16840434497101E-15,-1.28271337516825E-15,1.));
#2021=DIRECTION('',(-2.16840434497101E-15,1.28271337516825E-15,-1.));
#2022=DIRECTION('',(-1.,0.,0.));
#2023=DIRECTION('',(2.44929359829471E-16,1.,5.73847625031994E-31));
#2024=DIRECTION('',(1.,-2.44929359829471E-16,2.34290668463255E-15));
#2025=DIRECTION('',(0.,-1.,7.14740176908688E-15));
#2026=DIRECTION('',(0.,-7.14738598167619E-15,-1.));
#2027=DIRECTION('',(-1.,0.,0.));
#2028=DIRECTION('',(0.,0.521558085048796,-0.853215778053965));
#2029=DIRECTION('',(0.,0.853215778053965,0.521558085048796));
#2030=DIRECTION('',(-1.,0.,0.));
#2031=DIRECTION('',(0.,0.257360846295765,-0.966315370256485));
#2032=DIRECTION('',(0.,0.966315370256485,0.257360846295765));
#2033=DIRECTION('',(-1.,0.,0.));
#2034=DIRECTION('',(0.,0.,1.));
#2035=CARTESIAN_POINT('',(0.,0.,0.));
#2036=CARTESIAN_POINT('',(-2.44249065417534E-15,17.95,-0.696753536282373));
#2037=CARTESIAN_POINT('',(-0.914999999999946,17.95,-0.696753536282373));
#2038=CARTESIAN_POINT('',(0.915000000000054,17.95,-0.696753536282373));
#2039=CARTESIAN_POINT('',(-0.914999999999946,17.95,-0.524999999999968));
#2040=CARTESIAN_POINT('',(-0.914999999999973,17.95,0.2));
#2041=CARTESIAN_POINT('',(-0.715,17.95,0.2));
#2042=CARTESIAN_POINT('',(0.915000000000026,17.95,0.199999999999996));
#2043=CARTESIAN_POINT('',(0.915000000000052,17.95,-0.524999999999968));
#2044=CARTESIAN_POINT('',(-2.44249065417534E-15,17.95,-0.524999999999968));
#2045=CARTESIAN_POINT('',(-0.113362787842324,12.85,0.71));
#2046=CARTESIAN_POINT('',(-0.914999999999983,12.85,0.71));
#2047=CARTESIAN_POINT('',(-0.665,12.85,0.71));
#2048=CARTESIAN_POINT('',(-0.665,13.27,0.71));
#2049=CARTESIAN_POINT('',(-0.665,16.6,0.71));
#2050=CARTESIAN_POINT('',(-0.565,16.6,0.71));
#2051=CARTESIAN_POINT('',(-0.914999999999956,16.6,0.71));
#2052=CARTESIAN_POINT('',(-0.91499999999998,13.27,0.71));
#2053=CARTESIAN_POINT('',(-6.1172122533308,13.27,0.709999999999988));
#2054=CARTESIAN_POINT('',(0.235,12.85,0.75));
#2055=CARTESIAN_POINT('',(0.235,12.85,1.1));
#2056=CARTESIAN_POINT('',(0.235,12.85,0.93));
#2057=CARTESIAN_POINT('',(0.235,12.735,1.1));
#2058=CARTESIAN_POINT('',(0.235,12.62,1.1));
#2059=CARTESIAN_POINT('',(0.235,12.62,0.75));
#2060=CARTESIAN_POINT('',(0.235,12.62,0.93));
#2061=CARTESIAN_POINT('',(0.235,13.27,0.93));
#2062=CARTESIAN_POINT('',(0.235,12.65,0.75));
#2063=CARTESIAN_POINT('',(-0.685000000000013,10.5109224282842,-4.90092909816797));
#2064=CARTESIAN_POINT('',(-0.685,10.5109224282842,0.93));
#2065=CARTESIAN_POINT('',(-0.685,10.5109224282842,0.88));
#2066=CARTESIAN_POINT('',(-0.915,10.5109224282842,0.88));
#2067=CARTESIAN_POINT('',(-0.915,10.5109224282842,0.88));
#2068=CARTESIAN_POINT('',(-0.915,10.5109224282842,50.));
#2069=CARTESIAN_POINT('',(-0.915,10.5109224282842,0.530096247200906));
#2070=CARTESIAN_POINT('',(-0.915,10.5109224282842,0.530096247200909));
#2071=CARTESIAN_POINT('',(0.915,10.5109224282842,0.530096247194647));
#2072=CARTESIAN_POINT('',(0.915,10.5109224282842,50.));
#2073=CARTESIAN_POINT('',(0.915,10.5109224282842,0.93));
#2074=CARTESIAN_POINT('',(-0.714999999999986,10.5109224282842,0.93));
#2075=CARTESIAN_POINT('',(0.115000000000002,10.5109224282842,0.730048123597322));
#2076=CARTESIAN_POINT('',(-0.685,10.7109224282842,1.5));
#2077=CARTESIAN_POINT('',(-0.685,12.62,1.5));
#2078=CARTESIAN_POINT('',(-0.685,11.6803945672037,1.5));
#2079=CARTESIAN_POINT('',(-47.0388938733346,11.6803945672037,1.50000000000011));
#2080=CARTESIAN_POINT('',(0.156227027690329,11.6803945672037,1.5));
#2081=CARTESIAN_POINT('',(0.156227027690324,11.7601972836017,1.5));
#2082=CARTESIAN_POINT('',(0.156227027690331,12.62,1.5));
#2083=CARTESIAN_POINT('',(-47.0388938733346,12.62,1.50000000000011));
#2084=CARTESIAN_POINT('',(-47.0388938733346,11.7601972836018,1.50000000000011));
#2085=CARTESIAN_POINT('',(-0.685,10.7859035118199,0.651001176137603));
#2086=CARTESIAN_POINT('',(-0.685,11.0798520372986,0.93));
#2087=CARTESIAN_POINT('',(-47.0388938733346,11.0798520372986,0.930000000000109));
#2088=CARTESIAN_POINT('',(0.383289864616131,11.0798520372986,0.93));
#2089=CARTESIAN_POINT('',(9.24083170822006,-12.3468375060713,-21.3052495864574));
#2090=CARTESIAN_POINT('',(-47.0388938733346,11.5646311200768,1.39012407685313));
#2091=CARTESIAN_POINT('',(0.38328986461613,-37.15,0.93));
#2092=CARTESIAN_POINT('',(0.38328986461613,12.62,0.93));
#2093=CARTESIAN_POINT('',(0.339981281264166,12.62,1.03871833033023));
#2094=CARTESIAN_POINT('',(0.256600980872597,-37.15,1.24802942617779));
#2095=CARTESIAN_POINT('',(-0.665,12.85,0.73));
#2096=CARTESIAN_POINT('',(-0.665,12.85,0.93));
#2097=CARTESIAN_POINT('',(-0.665,13.27,0.93));
#2098=CARTESIAN_POINT('',(-0.665,16.6,0.93));
#2099=CARTESIAN_POINT('',(-0.665,16.6,1.92128315516283));
#2100=CARTESIAN_POINT('',(-0.665,13.27,0.73));
#2101=CARTESIAN_POINT('',(-0.415,12.62,0.93));
#2102=CARTESIAN_POINT('',(-0.115000000000002,12.62,1.1));
#2103=CARTESIAN_POINT('',(-0.115000000000002,12.62,1.45));
#2104=CARTESIAN_POINT('',(-0.115000000000001,12.62,1.45));
#2105=CARTESIAN_POINT('',(-0.685,12.62,1.45));
#2106=CARTESIAN_POINT('',(-0.685,12.62,0.73));
#2107=CARTESIAN_POINT('',(-0.435,12.62,0.73));
#2108=CARTESIAN_POINT('',(-0.685,11.5775924440891,1.33327720057294));
#2109=CARTESIAN_POINT('',(-0.685,11.6946746792229,1.45));
#2110=CARTESIAN_POINT('',(-0.685,11.1229194235756,0.88));
#2111=CARTESIAN_POINT('',(-0.685,10.7109224282842,0.88));
#2112=CARTESIAN_POINT('',(-0.685,10.7109224282842,0.93));
#2113=CARTESIAN_POINT('',(-0.685,12.65,1.45));
#2114=CARTESIAN_POINT('',(-0.685,10.7109224282842,0.73));
#2115=CARTESIAN_POINT('',(-0.115000000000002,12.85,1.45));
#2116=CARTESIAN_POINT('',(-0.914999999999983,12.85,1.45));
#2117=CARTESIAN_POINT('',(-0.115000000000003,12.85,1.45));
#2118=CARTESIAN_POINT('',(-0.115000000000002,12.85,1.1));
#2119=CARTESIAN_POINT('',(-0.415,12.85,0.93));
#2120=CARTESIAN_POINT('',(-0.914999999999983,12.85,-4.83092909816797));
#2121=CARTESIAN_POINT('',(-0.113362787842311,12.85,-4.83092909816797));
#2122=CARTESIAN_POINT('',(-0.115000000000002,11.6946746792229,1.45));
#2123=CARTESIAN_POINT('',(-0.915,11.6946746792229,1.45));
#2124=CARTESIAN_POINT('',(-0.914999999999819,35.375863996993,25.0584894328533));
#2125=CARTESIAN_POINT('',(-0.915,11.1229194235756,0.88));
#2126=CARTESIAN_POINT('',(-0.715,11.1229194235756,0.88));
#2127=CARTESIAN_POINT('',(-0.715,11.5775924440891,1.33327720057294));
#2128=CARTESIAN_POINT('',(-0.115000000000003,12.7349369786796,1.45000000002421));
#2129=CARTESIAN_POINT('',(-0.915,10.5109224282842,1.45));
#2130=CARTESIAN_POINT('',(-0.115000000000001,12.65,1.45));
#2131=CARTESIAN_POINT('',(0.915000000000043,16.6,1.92128315516283));
#2132=CARTESIAN_POINT('',(0.915000000000043,16.6,0.461803398874987));
#2133=CARTESIAN_POINT('',(0.915000000000043,16.6,0.93));
#2134=CARTESIAN_POINT('',(-0.565,16.6,0.461803398874987));
#2135=CARTESIAN_POINT('',(-0.914999999999956,16.6,0.461803398874985));
#2136=CARTESIAN_POINT('',(-0.914999999999956,16.6,50.));
#2137=CARTESIAN_POINT('',(-0.415,16.6,0.93));
#2138=CARTESIAN_POINT('',(-0.565,16.6,0.36));
#2139=CARTESIAN_POINT('',(0.915,10.05,0.461803398874985));
#2140=CARTESIAN_POINT('',(0.915000000000042,16.4512207846591,0.461803398874985));
#2141=CARTESIAN_POINT('',(-0.534999999999967,16.4512207846592,0.461803398874987));
#2142=CARTESIAN_POINT('',(-0.914999999999957,16.4512207846592,0.461803398874985));
#2143=CARTESIAN_POINT('',(-0.914999999999956,16.55,0.461803398874987));
#2144=CARTESIAN_POINT('',(-0.534999999999966,16.55,0.461803398874987));
#2145=CARTESIAN_POINT('',(-0.915000000000083,-0.817842105323565,45.6727969987059));
#2146=CARTESIAN_POINT('',(-0.915,16.5512207846592,0.200000000000005));
#2147=CARTESIAN_POINT('',(0.915000000000043,16.5012207846591,0.330901699437492));
#2148=CARTESIAN_POINT('',(0.915,16.5512207846591,0.2));
#2149=CARTESIAN_POINT('',(0.915000000000022,16.5512207846591,0.200000000000007));
#2150=CARTESIAN_POINT('',(0.915000000000021,16.5012207846591,0.330901699437492));
#2151=CARTESIAN_POINT('',(-0.915,17.95,0.2));
#2152=CARTESIAN_POINT('',(0.915,16.65,0.2));
#2153=CARTESIAN_POINT('',(-0.715,17.95,0.2));
#2154=CARTESIAN_POINT('',(0.915000000000021,13.27,0.93));
#2155=CARTESIAN_POINT('',(-0.415,13.27,0.93));
#2156=CARTESIAN_POINT('',(-0.915,10.7109224282842,0.88));
#2157=CARTESIAN_POINT('',(-0.715,10.7109224282842,0.88));
#2158=CARTESIAN_POINT('',(0.915,10.2216676404207,0.530096247194644));
#2159=CARTESIAN_POINT('',(0.915,10.2593617557374,0.530096247194644));
#2160=CARTESIAN_POINT('',(0.915,10.2216676404207,0.624249627291948));
#2161=CARTESIAN_POINT('',(0.915,10.1238574898736,0.868562465103626));
#2162=CARTESIAN_POINT('',(0.915,10.5109224282842,-0.32));
#2163=CARTESIAN_POINT('',(0.915,10.0463632268211,0.84046746978602));
#2164=CARTESIAN_POINT('',(0.915,10.0463723061535,50.));
#2165=CARTESIAN_POINT('',(0.915,10.0463723061535,-0.814734385721942));
#2166=CARTESIAN_POINT('',(0.915,10.4917044690866,0.353246463717476));
#2167=CARTESIAN_POINT('',(0.915,10.4917086157107,-0.896753536282524));
#2168=CARTESIAN_POINT('',(0.915,10.5109224282845,-0.896753536282523));
#2169=CARTESIAN_POINT('',(0.915000000000052,17.95,-0.896753536282373));
#2170=CARTESIAN_POINT('',(0.915000000000055,17.95,-0.524999999999972));
#2171=CARTESIAN_POINT('',(0.915,10.05,50.));
#2172=CARTESIAN_POINT('',(50.,10.4917044690866,-0.896753536282524));
#2173=CARTESIAN_POINT('',(0.3,10.4917086157122,-0.896753536282524));
#2174=CARTESIAN_POINT('',(0.3,9.17205779978117,-0.896753536282523));
#2175=CARTESIAN_POINT('',(0.3,9.17086970558749,-0.89675353628255));
#2176=CARTESIAN_POINT('',(5.,9.17086970558749,-0.89675353628255));
#2177=CARTESIAN_POINT('',(-0.3,9.17086970558749,-0.89675353628255));
#2178=CARTESIAN_POINT('',(-0.3,9.17205779978117,-0.896753536282523));
#2179=CARTESIAN_POINT('',(-0.3,10.4917086157122,-0.896753536282524));
#2180=CARTESIAN_POINT('',(50.,10.4917044690866,-0.896753536282524));
#2181=CARTESIAN_POINT('',(-0.915,10.4917086157107,-0.896753536282524));
#2182=CARTESIAN_POINT('',(-0.915,10.5109224282852,-0.896753536282521));
#2183=CARTESIAN_POINT('',(-0.914999999999946,17.95,-0.896753536282373));
#2184=CARTESIAN_POINT('',(50.,17.95,-0.896753536282373));
#2185=CARTESIAN_POINT('',(50.,10.5109224282842,-0.896753536282523));
#2186=CARTESIAN_POINT('',(-0.914999999999946,17.95,-0.524999999999968));
#2187=CARTESIAN_POINT('',(-0.915,10.4917044690866,0.353246463717476));
#2188=CARTESIAN_POINT('',(-0.915,10.0463723107194,-0.814734387462885));
#2189=CARTESIAN_POINT('',(-0.915,10.0463723152854,50.));
#2190=CARTESIAN_POINT('',(-0.915,10.04636323367,0.840467472527812));
#2191=CARTESIAN_POINT('',(-0.915,10.5109224282842,-0.32));
#2192=CARTESIAN_POINT('',(-0.915,10.1238574898736,0.868562465103625));
#2193=CARTESIAN_POINT('',(-0.915,10.2216676404207,0.624249627291931));
#2194=CARTESIAN_POINT('',(-0.915,10.2593617557349,0.530096247200909));
#2195=CARTESIAN_POINT('',(-0.915,10.5109224282842,0.530096247200906));
#2196=CARTESIAN_POINT('',(-0.915,10.5109224282842,50.));
#2197=CARTESIAN_POINT('',(0.60577312299049,8.6,0.3));
#2198=CARTESIAN_POINT('',(0.575009096966458,8.59999945507107,0.299999894971518));
#2199=CARTESIAN_POINT('',(-0.574722686098624,8.6,0.3));
#2200=CARTESIAN_POINT('',(0.598395183263047,8.78672516524529,0.335989024186138));
#2201=CARTESIAN_POINT('',(0.591504868302257,8.73168802205546,0.325381278439641));
#2202=CARTESIAN_POINT('',(2.87777105004358,17.380215214403,1.99228061624978));
#2203=CARTESIAN_POINT('',(0.60581868517378,8.78583457569315,0.335817373788133));
#2204=CARTESIAN_POINT('',(50.,8.78583457569315,0.335817373788133));
#2205=CARTESIAN_POINT('',(-0.605818685058698,8.78583457569315,0.335817373788133));
#2206=CARTESIAN_POINT('',(-0.529335495661555,8.49651264377654,0.280054059873542));
#2207=CARTESIAN_POINT('',(-0.591504868302261,8.73168802205548,0.325381278439643));
#2208=CARTESIAN_POINT('',(-0.579343178996771,8.63780782772649,0.307287002931215));
#2209=CARTESIAN_POINT('',(0.60577312299049,8.78583457569315,0.335817373788133));
#2210=CARTESIAN_POINT('',(0.57501833037648,8.6,-0.3));
#2211=CARTESIAN_POINT('',(0.591504868302257,8.73168802205546,-0.323684424212611));
#2212=CARTESIAN_POINT('',(0.575009096653934,8.59999945257475,-0.299999901544182));
#2213=CARTESIAN_POINT('',(0.591504868302257,8.73168802205546,50.));
#2214=CARTESIAN_POINT('',(0.575,8.6,-0.3));
#2215=CARTESIAN_POINT('',(0.575,8.6,-0.1));
#2216=CARTESIAN_POINT('',(0.575,8.6,0.1));
#2217=CARTESIAN_POINT('',(0.575,8.6,0.3));
#2218=CARTESIAN_POINT('',(0.57501833037648,8.6,-0.3));
#2219=CARTESIAN_POINT('',(0.557854578476384,8.604395124617,-0.300790474291218));
#2220=CARTESIAN_POINT('',(0.60491450434124,8.78241422482609,-0.332807660224223));
#2221=CARTESIAN_POINT('',(0.57501833037648,8.6,-0.3));
#2222=CARTESIAN_POINT('',(-0.574722686098624,8.6,-0.3));
#2223=CARTESIAN_POINT('',(-0.55605856559211,8.45806601913432,-0.27447281415168));
#2224=CARTESIAN_POINT('',(-0.591504868302262,8.73168802205548,-0.323684424212613));
#2225=CARTESIAN_POINT('',(-0.484940919303196,8.32857607235659,-0.251183719343494));
#2226=CARTESIAN_POINT('',(-0.604914504233424,8.78241422482609,-0.332807660224223));
#2227=CARTESIAN_POINT('',(50.,8.78241422482609,-0.332807660224223));
#2228=CARTESIAN_POINT('',(0.57501833037648,8.6,-0.3));
#2229=CARTESIAN_POINT('',(-0.574445372197248,8.6,-0.3));
#2230=CARTESIAN_POINT('',(-0.574445372197248,8.6,-0.0999999999999998));
#2231=CARTESIAN_POINT('',(-0.574445372197248,8.6,0.1));
#2232=CARTESIAN_POINT('',(-0.574445372197248,8.6,0.300000000000001));
#2233=CARTESIAN_POINT('',(-0.591504775079745,8.73168766941173,50.));
#2234=CARTESIAN_POINT('',(-0.591504868302261,8.73168802205547,-0.316504868302262));
#2235=CARTESIAN_POINT('',(-0.3,9.1,-0.703102284487197));
#2236=CARTESIAN_POINT('',(-0.3,8.99401032424546,-0.413485822599815));
#2237=CARTESIAN_POINT('',(-0.3,10.0548868662189,-0.817980849439438));
#2238=CARTESIAN_POINT('',(-0.3,10.0463723061534,-0.814734385721966));
#2239=CARTESIAN_POINT('',(-0.3,10.4917044690866,0.353246463717452));
#2240=CARTESIAN_POINT('',(-0.3,8.84092242828422,-5.));
#2241=CARTESIAN_POINT('',(0.3,9.1,-0.703102284487198));
#2242=CARTESIAN_POINT('',(0.3,8.99401032424546,-0.413485822599815));
#2243=CARTESIAN_POINT('',(0.3,10.4917044690866,0.353246463717452));
#2244=CARTESIAN_POINT('',(0.3,10.0463723061534,-0.814734385721967));
#2245=CARTESIAN_POINT('',(0.3,10.0548868662189,-0.817980849439439));
#2246=CARTESIAN_POINT('',(0.3,11.0109224282842,-5.));
#2247=CARTESIAN_POINT('',(5.,8.99401032424546,-0.413485822599815));
#2248=CARTESIAN_POINT('',(5.,9.1,-0.703102284487197));
#2249=CARTESIAN_POINT('',(0.215,10.0463723061535,0.840471105008081));
#2250=CARTESIAN_POINT('',(0.891753672886783,9.8674743848408,0.768849683993608));
#2251=CARTESIAN_POINT('',(0.891752658701932,9.86747054836484,50.));
#2252=CARTESIAN_POINT('',(0.891753672886783,9.8674743848408,-0.746523508565314));
#2253=CARTESIAN_POINT('',(0.215,10.0463723061535,-0.814734385721952));
#2254=CARTESIAN_POINT('',(0.215,10.0463723061535,50.));
#2255=CARTESIAN_POINT('',(-0.215000000000003,10.0463723152854,-0.814734389203813));
#2256=CARTESIAN_POINT('',(-0.891752659057349,9.86747055884124,-0.746522049773703));
#2257=CARTESIAN_POINT('',(-0.891752659057348,9.86747055884124,50.));
#2258=CARTESIAN_POINT('',(-0.891753673189077,9.86747439511629,0.768849688107377));
#2259=CARTESIAN_POINT('',(-0.215000000000003,10.0463723152854,0.840471108664039));
#2260=CARTESIAN_POINT('',(-0.215000000000003,10.0463723152854,50.));
#2261=CARTESIAN_POINT('',(50.,10.1238574898736,0.868562465103626));
#2262=CARTESIAN_POINT('',(0.915,10.2593617557374,0.530096247194644));
#2263=CARTESIAN_POINT('',(50.,10.2216676404207,0.624249627292059));
#2264=CARTESIAN_POINT('',(50.,10.0463359890514,0.840456565529674));
#2265=CARTESIAN_POINT('',(50.,10.5109224282842,-0.32));
#2266=CARTESIAN_POINT('',(2.26898186593602,-2.08901067912268,-4.01790493191253));
#2267=CARTESIAN_POINT('',(4.86608128089406,24.9016294905114,6.78774327716317));
#2268=CARTESIAN_POINT('',(50.,8.78583457569315,0.335817373788133));
#2269=CARTESIAN_POINT('',(50.,10.0463723061535,-0.81473438572195));
#2270=CARTESIAN_POINT('',(50.,10.4917044690866,0.353246463717476));
#2271=CARTESIAN_POINT('',(50.,10.0463723061535,-0.81473438572195));
#2272=CARTESIAN_POINT('',(50.,10.4917044690866,0.353246463717476));
#2273=CARTESIAN_POINT('',(-3.58149170579866,-7.05399547924041,5.70535862477338));
#2274=CARTESIAN_POINT('',(0.591504868302259,8.73168802205547,50.));
#2275=CARTESIAN_POINT('',(3.31624846284324,-6.05062887832712,5.32279120612599));
#2276=CARTESIAN_POINT('',(-0.892789744616392,9.87139366403429,50.));
#2277=CARTESIAN_POINT('',(50.,10.054886866219,-0.817980849439425));
#2278=CARTESIAN_POINT('',(0.915,10.2216676404207,0.530096247194644));
#2279=CARTESIAN_POINT('',(-0.115000000000002,12.65,1.1));
#2280=CARTESIAN_POINT('',(-0.575,1.86541876403423E-16,0.3));
#2281=CARTESIAN_POINT('',(-0.575,0.65,0.3));
#2282=CARTESIAN_POINT('',(1.,0.65,0.3));
#2283=CARTESIAN_POINT('',(0.575,0.65,0.3));
#2284=CARTESIAN_POINT('',(0.575,8.6,0.3));
#2285=CARTESIAN_POINT('',(-2.22597335529233,1.86541876403423E-16,0.299999999999995));
#2286=CARTESIAN_POINT('',(0.575,1.86541876403423E-16,-0.3));
#2287=CARTESIAN_POINT('',(0.575,0.65,-0.3));
#2288=CARTESIAN_POINT('',(1.,0.65,-0.3));
#2289=CARTESIAN_POINT('',(-0.575,0.65,-0.3));
#2290=CARTESIAN_POINT('',(-0.575,8.6,-0.3));
#2291=CARTESIAN_POINT('',(1.11048667764616,1.86541876403423E-16,-0.3));
#2292=CARTESIAN_POINT('',(0.575,0.65,-0.7));
#2293=CARTESIAN_POINT('',(0.552911738579987,0.406332716396177,0.269755993366711));
#2294=CARTESIAN_POINT('',(0.575,0.419385616572621,0.273045223078769));
#2295=CARTESIAN_POINT('',(0.572233080611428,0.420026254248438,-0.273196610624394));
#2296=CARTESIAN_POINT('',(0.575,0.65,0.7));
#2297=CARTESIAN_POINT('',(0.575,8.6,-0.3));
#2298=CARTESIAN_POINT('',(-0.575,0.65,0.7));
#2299=CARTESIAN_POINT('',(-0.552911738579983,0.406332716396175,-0.269755993366711));
#2300=CARTESIAN_POINT('',(-0.575,0.419385616572621,0.300000000000058));
#2301=CARTESIAN_POINT('',(-0.552911756058135,0.406332703976668,0.269755990439109));
#2302=CARTESIAN_POINT('',(-0.575,0.65,-0.7));
#2303=CARTESIAN_POINT('',(-0.575,8.6,0.3));
#2304=CARTESIAN_POINT('',(-0.275,19.4,-0.45));
#2305=CARTESIAN_POINT('',(-0.275,19.4,0.));
#2306=CARTESIAN_POINT('',(-0.275,19.4,-0.9));
#2307=CARTESIAN_POINT('',(-0.275,19.4,-7.47318525473044E-16));
#2308=CARTESIAN_POINT('',(-0.275,19.4,-0.7));
#2309=CARTESIAN_POINT('',(-0.275,19.4,-0.45));
#2310=CARTESIAN_POINT('',(-0.275,19.4,-0.2));
#2311=CARTESIAN_POINT('',(-0.275,19.4,-0.2));
#2312=CARTESIAN_POINT('',(0.275,19.4,-0.2));
#2313=CARTESIAN_POINT('',(0.275,19.4,-0.45));
#2314=CARTESIAN_POINT('',(0.274999999999953,19.4,-0.7));
#2315=CARTESIAN_POINT('',(0.274999999999953,19.4,-0.7));
#2316=CARTESIAN_POINT('',(0.274999999999953,19.4,-0.9));
#2317=CARTESIAN_POINT('',(0.275,19.4,-0.45));
#2318=CARTESIAN_POINT('',(0.275,19.4,-5.42101086242752E-17));
#2319=CARTESIAN_POINT('',(0.274999999999953,19.4,0.));
#2320=CARTESIAN_POINT('',(-0.275,19.4,-0.45));
#2321=CARTESIAN_POINT('',(-0.275,21.393728063501,0.));
#2322=CARTESIAN_POINT('',(-0.275,22.4,0.));
#2323=CARTESIAN_POINT('',(-0.275,22.4,-0.45));
#2324=CARTESIAN_POINT('',(-0.275,22.4,-0.9));
#2325=CARTESIAN_POINT('',(-0.275,21.393728063501,-0.9));
#2326=CARTESIAN_POINT('',(-0.275,21.393728063501,-0.45));
#2327=CARTESIAN_POINT('',(-0.275,19.4,-0.9));
#2328=CARTESIAN_POINT('',(-0.19269363401446,23.0035800172273,-0.9));
#2329=CARTESIAN_POINT('',(-0.125,23.5,-0.9));
#2330=CARTESIAN_POINT('',(-0.125,41.8731982090192,-0.9));
#2331=CARTESIAN_POINT('',(-0.125,25.5312646183959,-0.9));
#2332=CARTESIAN_POINT('',(0.346577370915171,25.5376611558156,-0.9));
#2333=CARTESIAN_POINT('',(0.125,25.5346556512434,-0.9));
#2334=CARTESIAN_POINT('',(0.125,41.8731982090192,-0.9));
#2335=CARTESIAN_POINT('',(0.125,23.5,-0.9));
#2336=CARTESIAN_POINT('',(0.195258866461301,22.984768312617,-0.9));
#2337=CARTESIAN_POINT('',(0.274999999999953,22.4,-0.9));
#2338=CARTESIAN_POINT('',(0.274999999999953,21.393728063501,-0.9));
#2339=CARTESIAN_POINT('',(-0.275,21.393728063501,-0.9));
#2340=CARTESIAN_POINT('',(0.275,22.4,-0.45));
#2341=CARTESIAN_POINT('',(0.275,22.4,-5.42101086242752E-17));
#2342=CARTESIAN_POINT('',(0.275,21.393728063501,-5.42101086242752E-17));
#2343=CARTESIAN_POINT('',(0.275,21.393728063501,-0.45));
#2344=CARTESIAN_POINT('',(-2.1,22.4,0.));
#2345=CARTESIAN_POINT('',(0.274999999999953,21.393728063501,0.));
#2346=CARTESIAN_POINT('',(-0.275,22.4,-0.45));
#2347=CARTESIAN_POINT('',(-0.275,22.4,-0.2));
#2348=CARTESIAN_POINT('',(-0.275,22.4,-0.7));
#2349=CARTESIAN_POINT('',(-0.275,22.4,-0.9));
#2350=CARTESIAN_POINT('',(0.274999999999953,22.4,-0.9));
#2351=CARTESIAN_POINT('',(0.274999999999973,22.4,-0.7));
#2352=CARTESIAN_POINT('',(0.275,22.4,-0.45));
#2353=CARTESIAN_POINT('',(0.275,22.4,-0.2));
#2354=CARTESIAN_POINT('',(-2.1,22.4,-0.2));
#2355=CARTESIAN_POINT('',(-2.1,22.4,-0.7));
#2356=CARTESIAN_POINT('',(-0.275,21.393728063501,-0.7));
#2357=CARTESIAN_POINT('',(-0.275,21.393728063501,-0.2));
#2358=CARTESIAN_POINT('',(-0.275,21.393728063501,-0.45));
#2359=CARTESIAN_POINT('',(-0.275,19.4,-0.7));
#2360=CARTESIAN_POINT('',(0.274999999999953,21.393728063501,-0.7));
#2361=CARTESIAN_POINT('',(0.195258866461301,22.984768312617,-0.7));
#2362=CARTESIAN_POINT('',(0.125,23.5,-0.7));
#2363=CARTESIAN_POINT('',(0.125,41.8731982090192,-0.7));
#2364=CARTESIAN_POINT('',(0.125,25.5245312457418,-0.7));
#2365=CARTESIAN_POINT('',(0.346714674419764,25.5275386127167,-0.7));
#2366=CARTESIAN_POINT('',(-0.125,25.5211402128943,-0.7));
#2367=CARTESIAN_POINT('',(-0.125,41.8731982090192,-0.7));
#2368=CARTESIAN_POINT('',(-0.125,23.5,-0.7));
#2369=CARTESIAN_POINT('',(-0.275,22.4,-0.7));
#2370=CARTESIAN_POINT('',(-0.275,21.393728063501,-0.7));
#2371=CARTESIAN_POINT('',(0.275,21.393728063501,-0.2));
#2372=CARTESIAN_POINT('',(0.275,21.393728063501,-0.45));
#2373=CARTESIAN_POINT('',(0.274999999999953,21.393728063501,-0.2));
#2374=CARTESIAN_POINT('',(0.125,23.5,-0.9));
#2375=CARTESIAN_POINT('',(0.125,23.5,-0.125));
#2376=CARTESIAN_POINT('',(0.125,23.5,0.65));
#2377=CARTESIAN_POINT('',(-0.125,23.5,0.65));
#2378=CARTESIAN_POINT('',(-0.125,23.5,0.65));
#2379=CARTESIAN_POINT('',(-0.125,23.5,-0.125));
#2380=CARTESIAN_POINT('',(-0.125,23.5,-0.9));
#2381=CARTESIAN_POINT('',(-0.125,23.5,-0.125));
#2382=CARTESIAN_POINT('',(-0.125,23.5,0.45));
#2383=CARTESIAN_POINT('',(-0.125,23.5,0.45));
#2384=CARTESIAN_POINT('',(0.125,23.5,0.45));
#2385=CARTESIAN_POINT('',(0.125,23.5,-0.125));
#2386=CARTESIAN_POINT('',(0.125,23.5,-0.125));
#2387=CARTESIAN_POINT('',(-0.125,25.4920325470773,-0.125));
#2388=CARTESIAN_POINT('',(-0.125,25.4629248812602,0.45));
#2389=CARTESIAN_POINT('',(0.125,25.4954235799248,-0.125));
#2390=CARTESIAN_POINT('',(0.125,25.4663159141077,0.45));
#2391=CARTESIAN_POINT('',(0.0975501575255101,25.4659435808377,0.45));
#2392=CARTESIAN_POINT('',(-0.125,25.4920325470773,-0.125));
#2393=CARTESIAN_POINT('',(-0.125,25.4528004757586,0.65));
#2394=CARTESIAN_POINT('',(0.0976874610301031,25.4558210377389,0.65));
#2395=CARTESIAN_POINT('',(0.125,25.4561915086061,0.65));
#2396=CARTESIAN_POINT('',(0.125,25.4954235799248,-0.125));
#2397=CARTESIAN_POINT('',(-0.596050915252214,25.4900670063921,-0.212389937512421));
#2398=CARTESIAN_POINT('',(-0.125,41.8731982090192,0.65));
#2399=CARTESIAN_POINT('',(-0.125,41.8731982090192,-0.125));
#2400=CARTESIAN_POINT('',(0.125,41.8731982090192,0.65));
#2401=CARTESIAN_POINT('',(0.125,41.8731982090192,-0.125));
#2402=CARTESIAN_POINT('',(-0.125,41.8731982090192,0.65));
#2403=CARTESIAN_POINT('',(-0.125,41.8731982090192,0.45));
#2404=CARTESIAN_POINT('',(-0.125,41.8731982090192,-0.125));
#2405=CARTESIAN_POINT('',(0.125,41.8731982090192,0.45));
#2406=CARTESIAN_POINT('',(0.125,41.8731982090192,-0.125));
#2407=CARTESIAN_POINT('',(-0.125,41.8731982090192,0.45));
#2408=CARTESIAN_POINT('',(-0.275,22.4,-0.9));
#2409=CARTESIAN_POINT('',(0.195258866461301,22.984768312617,-0.9));
#2410=CARTESIAN_POINT('',(0.484973237649856,18.9242793834495,-0.898934889847339));
#2411=CARTESIAN_POINT('',(-0.326823319470871,19.2825877918238,-0.899737121052517));
#2412=CARTESIAN_POINT('',(0.484973237649856,18.9242793834495,-0.898934889847339));
#2413=CARTESIAN_POINT('',(-0.274834582376326,19.4003747743037,-0.700000839097365));
#2414=CARTESIAN_POINT('',(-0.275,19.4,-0.9));
#2415=CARTESIAN_POINT('',(0.484973237649856,18.9242793834495,-0.698934889847339));
#2416=CARTESIAN_POINT('',(-0.0650267623500959,18.9242793834495,-0.698934889847339));
#2417=CARTESIAN_POINT('',(0.484973237649856,18.9242793834495,-0.698934889847339));
#2418=CARTESIAN_POINT('',(0.571280008472698,0.420666891924259,-0.273347998170021));
#2419=CARTESIAN_POINT('',(0.558456617124886,0.411631331086704,-0.271219105673215));
#2420=CARTESIAN_POINT('',(0.545876591847831,0.402286019604593,-0.268884640754127));
#2421=CARTESIAN_POINT('',(0.533590431504487,0.392639153704267,-0.266315370256494));
#2422=CARTESIAN_POINT('',(0.533590431504497,0.392639153704255,-0.26631537025649));
#2423=CARTESIAN_POINT('',(0.348382617390935,0.419385616572619,-0.0680405489113639));
#2424=CARTESIAN_POINT('',(0.359045763393256,0.419385616572618,-0.0779259691545548));
#2425=CARTESIAN_POINT('',(0.369708748735014,0.419385616572618,-0.0878115627009386));
#2426=CARTESIAN_POINT('',(0.380371573612442,0.419385616572618,-0.0976973293219244));
#2427=CARTESIAN_POINT('',(0.401383948186437,0.419385616572618,-0.117178417455611));
#2428=CARTESIAN_POINT('',(0.422395699638928,0.419385616572618,-0.136660177711936));
#2429=CARTESIAN_POINT('',(0.443406829467993,0.419385616572617,-0.156142608346138));
#2430=CARTESIAN_POINT('',(0.464417959297006,0.419385616572617,-0.17562503898029));
#2431=CARTESIAN_POINT('',(0.48542846752397,0.419385616572617,-0.195108140012166));
#2432=CARTESIAN_POINT('',(0.506438355642194,0.419385616572617,-0.214591909703009));
#2433=CARTESIAN_POINT('',(0.527448243760365,0.419385616572617,-0.234075679393805));
#2434=CARTESIAN_POINT('',(0.548457511791069,0.419385616572617,-0.253560117763313));
#2435=CARTESIAN_POINT('',(0.569466161222855,0.419385616572617,-0.273045223078768));
#2436=CARTESIAN_POINT('',(0.348385056028159,0.419384911194403,-0.068037918416745));
#2437=CARTESIAN_POINT('',(0.269995709105031,0.419385616572619,0.0046209333966249));
#2438=CARTESIAN_POINT('',(0.273760074060313,0.419385616572619,0.00113208273685296));
#2439=CARTESIAN_POINT('',(0.277524416082114,0.419385616572619,-0.00235679266761848));
#2440=CARTESIAN_POINT('',(0.281288735183067,0.419385616572619,-0.0058456928021803));
#2441=CARTESIAN_POINT('',(0.303090138768978,0.419385616572619,-0.0260519818719001));
#2442=CARTESIAN_POINT('',(0.324890773550647,0.419385616572619,-0.0462591004678573));
#2443=CARTESIAN_POINT('',(0.346690641975629,0.419385616572619,-0.0664670457602007));
#2444=CARTESIAN_POINT('',(0.347255478607539,0.419385616572619,-0.0669906355146999));
#2445=CARTESIAN_POINT('',(0.347820314724979,0.419385616572619,-0.0675142258241984));
#2446=CARTESIAN_POINT('',(0.348385150327991,0.419385616572619,-0.0680378166886472));
#2447=CARTESIAN_POINT('',(0.274981794153724,0.419150162344738,0.0100007692370569));
#2448=CARTESIAN_POINT('',(0.264216139462689,0.418836665740059,0.0100025717270709));
#2449=CARTESIAN_POINT('',(0.268279773214923,0.279320723791359,0.0118495339909572));
#2450=CARTESIAN_POINT('',(0.272169984551803,0.139522562369348,0.0115661027507577));
#2451=CARTESIAN_POINT('',(0.275000000028341,-3.46944695195362E-15,0.0100000000000002));
#2452=CARTESIAN_POINT('',(0.27500000001417,-2.11994737975331E-15,0.01));
#2453=CARTESIAN_POINT('',(0.275,-1.16808895385516E-15,-0.3));
#2454=CARTESIAN_POINT('',(0.274770166668358,-0.00107724032607006,-0.107500000013839));
#2455=CARTESIAN_POINT('',(0.33615100717963,0.15,-0.201692763741145));
#2456=CARTESIAN_POINT('',(0.319875301723145,0.123651338897489,-0.185586220025357));
#2457=CARTESIAN_POINT('',(0.306121528044858,0.0960472507242319,-0.168712252457598));
#2458=CARTESIAN_POINT('',(0.295248929538713,0.0677446817529028,-0.151411313991228));
#2459=CARTESIAN_POINT('',(0.286475904826142,0.0449075341405504,-0.137451306120954));
#2460=CARTESIAN_POINT('',(0.279525572114248,0.0214986934446851,-0.123141830791779));
#2461=CARTESIAN_POINT('',(0.274540333336716,-0.00215448065214012,-0.10868299809719));
#2462=CARTESIAN_POINT('',(0.33615100717963,0.15,-0.201692763741145));
#2463=CARTESIAN_POINT('',(0.533590431504497,0.392639153704255,-0.26631537025649));
#2464=CARTESIAN_POINT('',(0.514877461997512,0.377946076096116,-0.262402131365427));
#2465=CARTESIAN_POINT('',(0.496904402461837,0.362323847625819,-0.258241429729185));
#2466=CARTESIAN_POINT('',(0.479835027919468,0.345867759340295,-0.253858644420952));
#2467=CARTESIAN_POINT('',(0.468844011962195,0.335271640045383,-0.251036557229619));
#2468=CARTESIAN_POINT('',(0.458211337963615,0.324316980135026,-0.248118979146488));
#2469=CARTESIAN_POINT('',(0.44796818329432,0.313042844310573,-0.245116314357802));
#2470=CARTESIAN_POINT('',(0.419322921092544,0.28151441510917,-0.236719280147847));
#2471=CARTESIAN_POINT('',(0.39362647052478,0.24730030414897,-0.227606962553866));
#2472=CARTESIAN_POINT('',(0.371082550435448,0.211443951993611,-0.21805726333576));
#2473=CARTESIAN_POINT('',(0.358525936805063,0.191472520298244,-0.212738229073174));
#2474=CARTESIAN_POINT('',(0.346893903678458,0.1709360410527,-0.207268704483943));
#2475=CARTESIAN_POINT('',(0.33615100717963,0.15,-0.201692763741145));
#2476=CARTESIAN_POINT('',(0.598228499850602,0.429065758521969,-0.288531586395238));
#2477=CARTESIAN_POINT('',(0.592409321045349,0.419366760680505,-0.294346840118565));
#2478=CARTESIAN_POINT('',(0.586590142240097,0.409667762839041,-0.300162093841893));
#2479=CARTESIAN_POINT('',(0.580770963434842,0.399968764997576,-0.30597734756522));
#2480=CARTESIAN_POINT('',(0.500487841959464,0.266158506204264,-0.386206317442968));
#2481=CARTESIAN_POINT('',(0.388498460223854,0.133810620002116,-0.432571318237715));
#2482=CARTESIAN_POINT('',(0.274999998774076,-3.46944695195362E-15,-0.432571403649387));
#2483=CARTESIAN_POINT('',(0.273669143265931,-0.00156903096662057,-0.432571404650904));
#2484=CARTESIAN_POINT('',(0.272338287757786,-0.00313806193323767,-0.43257140565242));
#2485=CARTESIAN_POINT('',(0.271007432249641,-0.00470709289985478,-0.432571406653937));
#2486=CARTESIAN_POINT('',(0.499164110618555,0.429028161621791,-0.20010809795964));
#2487=CARTESIAN_POINT('',(0.49512955900838,0.419341696080386,-0.204139928232985));
#2488=CARTESIAN_POINT('',(0.491095007398205,0.409655230538982,-0.20817175850633));
#2489=CARTESIAN_POINT('',(0.487060455788028,0.399968764997576,-0.212203588779676));
#2490=CARTESIAN_POINT('',(0.431398581860732,0.266331405543103,-0.267827918334693));
#2491=CARTESIAN_POINT('',(0.35369070636718,0.133637588078791,-0.299999914545387));
#2492=CARTESIAN_POINT('',(0.274999999149788,-3.46944695195362E-15,-0.299999999944843));
#2493=CARTESIAN_POINT('',(0.274077290949145,-0.00156700203613728,-0.300000000946217));
#2494=CARTESIAN_POINT('',(0.273154582748502,-0.00313400407227109,-0.30000000194759));
#2495=CARTESIAN_POINT('',(0.272231874547859,-0.0047010061084049,-0.300000002948964));
#2496=CARTESIAN_POINT('',(0.349713495382062,0.428971442149677,-0.0667105688323722));
#2497=CARTESIAN_POINT('',(0.348371269786712,0.419303883098977,-0.06805188908599));
#2498=CARTESIAN_POINT('',(0.34702904419136,0.409636324048278,-0.0693932093396078));
#2499=CARTESIAN_POINT('',(0.345686818596009,0.399968764997576,-0.0707345295932254));
#2500=CARTESIAN_POINT('',(0.327169075092128,0.266592245111831,-0.089239782733294));
#2501=CARTESIAN_POINT('',(0.301178998888774,0.133376548490328,-0.0999999145638168));
#2502=CARTESIAN_POINT('',(0.274999999716596,-3.46944695195362E-15,-0.0999999999448435));
#2503=CARTESIAN_POINT('',(0.274693031103974,-0.00156394114905817,-0.100000000946001));
#2504=CARTESIAN_POINT('',(0.274386062491352,-0.00312788229811287,-0.100000001947158));
#2505=CARTESIAN_POINT('',(0.274079093878729,-0.00469182344716757,-0.100000002948315));
#2506=CARTESIAN_POINT('',(0.262128340321424,0.428938201846502,0.0114667157163017));
#2507=CARTESIAN_POINT('',(0.262363945577483,0.419281722896861,0.0117021620547597));
#2508=CARTESIAN_POINT('',(0.26259955083354,0.40962524394722,0.0119376083932175));
#2509=CARTESIAN_POINT('',(0.262835156089599,0.399968764997576,0.0121730547316755));
#2510=CARTESIAN_POINT('',(0.266085636273383,0.266745109481353,0.01542134244098));
#2511=CARTESIAN_POINT('',(0.270404645536551,0.133223566899744,0.0172095795743924));
#2512=CARTESIAN_POINT('',(0.275000000048773,-3.46944695195362E-15,0.0172094942041662));
#2513=CARTESIAN_POINT('',(0.275053884064347,-0.00156214732392722,0.0172094932031355));
#2514=CARTESIAN_POINT('',(0.275107768079922,-0.00312429464785098,0.017209492202105));
#2515=CARTESIAN_POINT('',(0.275161652095496,-0.00468644197177473,0.0172094912010743));
#2516=CARTESIAN_POINT('',(0.348382603809034,0.41938561657257,0.0680405802030136));
#2517=CARTESIAN_POINT('',(0.422085038145629,0.41938567266838,0.136367484548735));
#2518=CARTESIAN_POINT('',(0.495779490485392,0.419385672668394,0.204702365507363));
#2519=CARTESIAN_POINT('',(0.569465960828323,0.419385616572613,0.273045223078899));
#2520=CARTESIAN_POINT('',(0.348382603808984,0.419385616572619,0.0680405802029539));
#2521=CARTESIAN_POINT('',(0.279968637902154,0.419385616572619,0.00462084159549789));
#2522=CARTESIAN_POINT('',(0.302208216170722,0.419385616572619,0.0252354872274835));
#2523=CARTESIAN_POINT('',(0.324447093283857,0.419385616572619,0.0458508893085722));
#2524=CARTESIAN_POINT('',(0.346685271028846,0.419385616572619,0.0664670457563277));
#2525=CARTESIAN_POINT('',(0.347251049074896,0.419385616572619,0.0669915567502513));
#2526=CARTESIAN_POINT('',(0.347816826668266,0.419385616572619,0.0675160682324715));
#2527=CARTESIAN_POINT('',(0.348382603808984,0.419385616572619,0.0680405802029539));
#2528=CARTESIAN_POINT('',(0.575,0.419385616572621,0.273045223078769));
#2529=CARTESIAN_POINT('',(1.,0.392639153704236,-0.266315370256485));
#2530=CARTESIAN_POINT('',(1.,0.65,0.7));
#2531=CARTESIAN_POINT('',(1.,0.15,-0.201692763741145));
#2532=CARTESIAN_POINT('',(-0.336151292055788,0.149999999999911,-0.201692763741139));
#2533=CARTESIAN_POINT('',(-0.533590496745794,0.392639153704236,-0.266315370256485));
#2534=CARTESIAN_POINT('',(-0.464575078418935,0.338449177838707,-0.251882837691265));
#2535=CARTESIAN_POINT('',(-0.40583696875451,0.270155579686213,-0.233694057135654));
#2536=CARTESIAN_POINT('',(-0.361441998830896,0.195698700459897,-0.213863796705108));
#2537=CARTESIAN_POINT('',(-0.352517504196827,0.180731013348765,-0.209877420475794));
#2538=CARTESIAN_POINT('',(-0.344092642505303,0.165476270288572,-0.205814592019364));
#2539=CARTESIAN_POINT('',(-0.336151292055676,0.1499999999998,-0.201692763740917));
#2540=CARTESIAN_POINT('',(1.,0.392639153704236,-0.266315370256485));
#2541=CARTESIAN_POINT('',(1.,0.,-0.11));
#2542=CARTESIAN_POINT('',(-0.275000000000035,5.9437046544755E-15,-0.110000000000004));
#2543=CARTESIAN_POINT('',(-0.336151292055788,0.149999999999911,-0.201692763741139));
#2544=CARTESIAN_POINT('',(-0.307222700016801,0.103167794582796,-0.17306493476255));
#2545=CARTESIAN_POINT('',(-0.286242548373939,0.0520620815903848,-0.141824774314262));
#2546=CARTESIAN_POINT('',(-0.275000000000035,5.9437046544755E-15,-0.110000000000004));
#2547=CARTESIAN_POINT('',(1.,0.15,-0.201692763741145));
#2548=CARTESIAN_POINT('',(-0.275,-1.16808895385516E-15,0.3));
#2549=CARTESIAN_POINT('',(-0.274999999985835,2.67854004277875E-13,0.00999999999999985));
#2550=CARTESIAN_POINT('',(-0.274999999688234,-1.04417947597296E-13,0.109999999999933));
#2551=CARTESIAN_POINT('',(-0.275,-8.93037854370516E-16,-0.110000000000004));
#2552=CARTESIAN_POINT('',(-0.275,-8.93038033849773E-16,-0.1));
#2553=CARTESIAN_POINT('',(-0.275,-8.93040008121595E-16,0.00999999999999987));
#2554=CARTESIAN_POINT('',(0.275,-1.16808895385516E-15,0.3));
#2555=CARTESIAN_POINT('',(0.275000000000094,1.74076117409493E-14,0.110000000000011));
#2556=CARTESIAN_POINT('',(1.,0.,0.11));
#2557=CARTESIAN_POINT('',(-1.39048667764616,-7.60162368094772E-16,0.0999999999999974));
#2558=CARTESIAN_POINT('',(-0.269978918213143,0.419385616572619,0.00463888559085631));
#2559=CARTESIAN_POINT('',(-0.299088788509854,0.419385616572619,-0.0223435234916407));
#2560=CARTESIAN_POINT('',(-0.328197457097609,0.419385616572619,-0.0493272290908206));
#2561=CARTESIAN_POINT('',(-0.3573049279843,0.419385616572619,-0.0763122265369378));
#2562=CARTESIAN_POINT('',(-0.388352796983481,0.419385616572618,-0.105096131154131));
#2563=CARTESIAN_POINT('',(-0.419399303341404,0.419385616572616,-0.133881505658804));
#2564=CARTESIAN_POINT('',(-0.450444451899926,0.419385616572616,-0.162668344411631));
#2565=CARTESIAN_POINT('',(-0.481489600458189,0.419385616572616,-0.191455183164216));
#2566=CARTESIAN_POINT('',(-0.512533391286107,0.419385616572613,-0.220243486229008));
#2567=CARTESIAN_POINT('',(-0.543575829202755,0.419385616572613,-0.249033247995356));
#2568=CARTESIAN_POINT('',(-0.548692860230754,0.419385616572613,-0.253778948208807));
#2569=CARTESIAN_POINT('',(-0.553809854498245,0.419385616572618,-0.258524688059428));
#2570=CARTESIAN_POINT('',(-0.558926812026751,0.419385616572617,-0.263270467522164));
#2571=CARTESIAN_POINT('',(-0.274964286661903,0.419385608668544,0.01001733154359));
#2572=CARTESIAN_POINT('',(-0.285770966129376,0.419385616572619,0.00999999999958941));
#2573=CARTESIAN_POINT('',(-0.306643064655785,0.419385616572619,0.0293451795769355));
#2574=CARTESIAN_POINT('',(-0.327514458671596,0.419385616572619,0.0486911192996311));
#2575=CARTESIAN_POINT('',(-0.348385150324092,0.419385616572619,0.0680378166850329));
#2576=CARTESIAN_POINT('',(-0.348385056024286,0.419384911194602,0.0680379184131022));
#2577=CARTESIAN_POINT('',(-0.348382617387036,0.41938561657262,0.06804054890775));
#2578=CARTESIAN_POINT('',(-0.422077132001144,0.41938561657262,0.136375440300099));
#2579=CARTESIAN_POINT('',(-0.495771646615252,0.419385616572621,0.204710331692449));
#2580=CARTESIAN_POINT('',(-0.56946616122936,0.419385616572621,0.273045223084798));
#2581=CARTESIAN_POINT('',(0.575,0.419385616572621,0.273045223078769));
#2582=CARTESIAN_POINT('',(-0.285771345335098,0.419385600764467,0.00999959090887797));
#2583=CARTESIAN_POINT('',(-0.281821473992202,0.279647770325966,0.0117380300753151));
#2584=CARTESIAN_POINT('',(-0.277672514443153,0.139731059398855,0.0115622721052602));
#2585=CARTESIAN_POINT('',(-0.27499999997167,5.36666782496423E-13,0.00999999999999961));
#2586=CARTESIAN_POINT('',(-0.237731711020676,-0.0424729691231012,-0.447543039826703));
#2587=CARTESIAN_POINT('',(-0.250154474013784,-0.0283153127487345,-0.447543039826703));
#2588=CARTESIAN_POINT('',(-0.262577237006892,-0.0141576563743677,-0.447543039826703));
#2589=CARTESIAN_POINT('',(-0.275,-8.94873516000981E-16,-0.447543039826703));
#2590=CARTESIAN_POINT('',(-0.392430149004909,0.133829784768858,-0.447543039826703));
#2591=CARTESIAN_POINT('',(-0.508290748883269,0.266138604046799,-0.399574504162922));
#2592=CARTESIAN_POINT('',(-0.591353937559544,0.39996876499758,-0.316567463013067));
#2593=CARTESIAN_POINT('',(-0.604949208966403,0.421873261917879,-0.302981381487702));
#2594=CARTESIAN_POINT('',(-0.618544480373263,0.443777758838178,-0.289395299962336));
#2595=CARTESIAN_POINT('',(-0.632139751780122,0.465682255758477,-0.275809218436971));
#2596=CARTESIAN_POINT('',(-0.24985945482603,-0.0424127277639686,-0.302));
#2597=CARTESIAN_POINT('',(-0.258239636550687,-0.028275151842646,-0.302));
#2598=CARTESIAN_POINT('',(-0.266619818275343,-0.0141375759213235,-0.302));
#2599=CARTESIAN_POINT('',(-0.275,-8.94873516000981E-16,-0.302));
#2600=CARTESIAN_POINT('',(-0.354216353814413,0.13363996785016,-0.302));
#2601=CARTESIAN_POINT('',(-0.432441191679597,0.2663285665229,-0.269613364341248));
#2602=CARTESIAN_POINT('',(-0.488474192726362,0.39996876499758,-0.213618278727533));
#2603=CARTESIAN_POINT('',(-0.497645329412921,0.42184217002915,-0.204453347805656));
#2604=CARTESIAN_POINT('',(-0.506816466099481,0.443715575060721,-0.19528841688378));
#2605=CARTESIAN_POINT('',(-0.515987602786041,0.465588980092292,-0.186123485961904));
#2606=CARTESIAN_POINT('',(-0.250026109910599,-0.0424118999489222,-0.3));
#2607=CARTESIAN_POINT('',(-0.258350739940399,-0.0282745999659485,-0.3));
#2608=CARTESIAN_POINT('',(-0.2666753699702,-0.0141372999829747,-0.3));
#2609=CARTESIAN_POINT('',(-0.275,-8.94873516000981E-16,-0.3));
#2610=CARTESIAN_POINT('',(-0.353691233613048,0.133637359454473,-0.3));
#2611=CARTESIAN_POINT('',(-0.43139889440047,0.266331176918785,-0.267827485195445));
#2612=CARTESIAN_POINT('',(-0.487060456350432,0.39996876499758,-0.212203588139674));
#2613=CARTESIAN_POINT('',(-0.496170798172111,0.421841742775621,-0.203099411076022));
#2614=CARTESIAN_POINT('',(-0.50528113999379,0.443714720553662,-0.193995234012368));
#2615=CARTESIAN_POINT('',(-0.51439148181547,0.465587698331703,-0.184891056948714));
#2616=CARTESIAN_POINT('',(-0.266691618367472,-0.0423291184442833,-0.1));
#2617=CARTESIAN_POINT('',(-0.269461078911648,-0.0282194122961892,-0.1));
#2618=CARTESIAN_POINT('',(-0.272230539455824,-0.014109706148095,-0.1));
#2619=CARTESIAN_POINT('',(-0.275,-8.94873516000981E-16,-0.1));
#2620=CARTESIAN_POINT('',(-0.301179213476603,0.133376519885745,-0.1));
#2621=CARTESIAN_POINT('',(-0.327169166487701,0.266592216507249,-0.0892395706151015));
#2622=CARTESIAN_POINT('',(-0.345686818757485,0.39996876499758,-0.0707345293538816));
#2623=CARTESIAN_POINT('',(-0.348717674091089,0.421799017422674,-0.0677057381125301));
#2624=CARTESIAN_POINT('',(-0.351748529424692,0.443629269847768,-0.0646769468711785));
#2625=CARTESIAN_POINT('',(-0.354779384758295,0.465459522272862,-0.061648155629827));
#2626=CARTESIAN_POINT('',(-0.27998431942382,-0.0422630904681788,0.059523498376867));
#2627=CARTESIAN_POINT('',(-0.27832287961588,-0.0281753936454528,0.059523498376867));
#2628=CARTESIAN_POINT('',(-0.27666143980794,-0.0140876968227269,0.059523498376867));
#2629=CARTESIAN_POINT('',(-0.275,-8.94873516000981E-16,0.059523498376867));
#2630=CARTESIAN_POINT('',(-0.259294707681592,0.133168469683152,0.059523498376867));
#2631=CARTESIAN_POINT('',(-0.244033712330131,0.266800426249082,0.0532052738933256));
#2632=CARTESIAN_POINT('',(-0.232924732522034,0.39996876499758,0.0421036664940801));
#2633=CARTESIAN_POINT('',(-0.231106483091074,0.421764938933816,0.0402866237336177));
#2634=CARTESIAN_POINT('',(-0.229288233660114,0.443561112870053,0.0384695809731552));
#2635=CARTESIAN_POINT('',(-0.227469984229153,0.465357286806289,0.0366525382126929));
#2636=CARTESIAN_POINT('',(1.,0.15,0.201692763741145));
#2637=CARTESIAN_POINT('',(0.336151292055797,0.149999999999965,0.201692763741118));
#2638=CARTESIAN_POINT('',(-0.336151007179606,0.14999999999999,0.201692763741143));
#2639=CARTESIAN_POINT('',(-0.274999999688234,-1.04417947597296E-13,0.109999999999933));
#2640=CARTESIAN_POINT('',(-0.286242452399127,0.0520620695930031,0.141824766980439));
#2641=CARTESIAN_POINT('',(-0.307222503526432,0.103167784892765,0.173064928839135));
#2642=CARTESIAN_POINT('',(-0.336151007179606,0.14999999999999,0.201692763741143));
#2643=CARTESIAN_POINT('',(0.336151292055797,0.149999999999965,0.201692763741118));
#2644=CARTESIAN_POINT('',(0.307222700016807,0.10316779458285,0.173064934762529));
#2645=CARTESIAN_POINT('',(0.286242548374001,0.052062081590397,0.14182477431427));
#2646=CARTESIAN_POINT('',(0.275000000000094,1.74076117409493E-14,0.110000000000011));
#2647=CARTESIAN_POINT('',(1.,0.15,0.201692763741145));
#2648=CARTESIAN_POINT('',(1.,0.392639153704236,0.266315370256485));
#2649=CARTESIAN_POINT('',(-0.33615100717962,0.149999999999983,0.201692763741141));
#2650=CARTESIAN_POINT('',(-0.374307446135174,0.224360278206658,0.221497296214818));
#2651=CARTESIAN_POINT('',(-0.424898705694955,0.29438098399351,0.240146061053094));
#2652=CARTESIAN_POINT('',(-0.486506929354933,0.352214866814369,0.255549083177637));
#2653=CARTESIAN_POINT('',(-0.501565561848239,0.366350953448952,0.259313977467398));
#2654=CARTESIAN_POINT('',(-0.517296780919225,0.37984568057421,0.262908057102673));
#2655=CARTESIAN_POINT('',(-0.533590431502077,0.392639153702377,0.26631537025599));
#2656=CARTESIAN_POINT('',(0.533590496745796,0.392639153704236,0.266315370256485));
#2657=CARTESIAN_POINT('',(0.466909420591298,0.340282071836148,0.252370996283037));
#2658=CARTESIAN_POINT('',(0.409784322251489,0.274818704409241,0.234935997150313));
#2659=CARTESIAN_POINT('',(0.366061775374406,0.203347845586027,0.215901009941794));
#2660=CARTESIAN_POINT('',(0.355411004995887,0.18593761309839,0.211264105360596));
#2661=CARTESIAN_POINT('',(0.345449013703291,0.168119594923037,0.206518594341368));
#2662=CARTESIAN_POINT('',(0.336151292055395,0.149999999999507,0.20169276374031));
#2663=CARTESIAN_POINT('',(1.,0.392639153704236,0.266315370256485));
#2664=CARTESIAN_POINT('',(-0.630021579266886,0.465680372919704,0.274173222409735));
#2665=CARTESIAN_POINT('',(-0.616506918453621,0.443776503612329,0.287678767477859));
#2666=CARTESIAN_POINT('',(-0.602992257640357,0.421872634304954,0.301184312545982));
#2667=CARTESIAN_POINT('',(-0.589477596827092,0.399968764997579,0.314689857614106));
#2668=CARTESIAN_POINT('',(-0.506906917836084,0.266142442144911,0.397204842031927));
#2669=CARTESIAN_POINT('',(-0.391732444967377,0.133826696379886,0.444888513387222));
#2670=CARTESIAN_POINT('',(-0.274999998739169,-1.00329373322498E-15,0.444888598800029));
#2671=CARTESIAN_POINT('',(-0.262651044651766,-0.0141573297113404,0.444888607835724));
#2672=CARTESIAN_POINT('',(-0.250302090564364,-0.0283146594226797,0.444888616871419));
#2673=CARTESIAN_POINT('',(-0.237953136476962,-0.042471989134019,0.444888625907115));
#2674=CARTESIAN_POINT('',(-0.514391635168544,0.465587587819813,0.184890844494874));
#2675=CARTESIAN_POINT('',(-0.505281242041705,0.443714646879069,0.193995092589808));
#2676=CARTESIAN_POINT('',(-0.496170848914867,0.421841705938324,0.203099340684742));
#2677=CARTESIAN_POINT('',(-0.487060455788028,0.399968764997579,0.212203588779676));
#2678=CARTESIAN_POINT('',(-0.431398581860733,0.266331405543105,0.267827918334693));
#2679=CARTESIAN_POINT('',(-0.353690706367179,0.133637588078794,0.299999914545387));
#2680=CARTESIAN_POINT('',(-0.274999999149789,-1.00329373323297E-15,0.299999999944843));
#2681=CARTESIAN_POINT('',(-0.266675424775385,-0.0141373242218369,0.300000008979126));
#2682=CARTESIAN_POINT('',(-0.258350850400982,-0.0282746484436728,0.30000001801341));
#2683=CARTESIAN_POINT('',(-0.250026276026579,-0.0424119726655088,0.300000027047692));
#2684=CARTESIAN_POINT('',(-0.354779429636882,0.465459509971559,0.0616480515901007));
#2685=CARTESIAN_POINT('',(-0.351748559289925,0.443629261646898,0.0646768775911423));
#2686=CARTESIAN_POINT('',(-0.348717688942967,0.421799013322239,0.0677057035921838));
#2687=CARTESIAN_POINT('',(-0.34568681859601,0.399968764997579,0.0707345295932254));
#2688=CARTESIAN_POINT('',(-0.327169075092129,0.266592245111833,0.0892397827332937));
#2689=CARTESIAN_POINT('',(-0.301178998888773,0.13337654849033,0.0999999145638168));
#2690=CARTESIAN_POINT('',(-0.274999999716597,-1.00329373324401E-15,0.0999999999448435));
#2691=CARTESIAN_POINT('',(-0.272230561832983,-0.0141097092270596,0.100000008977177));
#2692=CARTESIAN_POINT('',(-0.269461123949368,-0.0282194184541181,0.10000001800951));
#2693=CARTESIAN_POINT('',(-0.266691686065754,-0.0423291276811767,0.100000027041844));
#2694=CARTESIAN_POINT('',(-0.24935056722194,0.465374910540099,-0.0197576743286042));
#2695=CARTESIAN_POINT('',(-0.250335412142958,0.443572862025926,-0.0207418549639669));
#2696=CARTESIAN_POINT('',(-0.251320257063975,0.421770813511753,-0.0217260355993298));
#2697=CARTESIAN_POINT('',(-0.252305101984993,0.399968764997579,-0.0227102162346926));
#2698=CARTESIAN_POINT('',(-0.258322220353914,0.2667645378191,-0.0287232760098926));
#2699=CARTESIAN_POINT('',(-0.266493370903912,0.133204123663761,-0.0321063514376429));
#2700=CARTESIAN_POINT('',(-0.275000000090991,-1.0032937332513E-15,-0.0321062660687893));
#2701=CARTESIAN_POINT('',(-0.275899903902348,-0.0140914686578294,-0.0321062570377436));
#2702=CARTESIAN_POINT('',(-0.276799807713705,-0.0281829373156579,-0.032106248006698));
#2703=CARTESIAN_POINT('',(-0.277699711525062,-0.0422744059734863,-0.0321062389756523));
#2704=CARTESIAN_POINT('',(1.,0.65,-0.7));
#2705=CARTESIAN_POINT('',(0.237853756473757,-0.0424723628945938,0.44607839260761));
#2706=CARTESIAN_POINT('',(0.250235837649171,-0.0283149085963947,0.44607839260761));
#2707=CARTESIAN_POINT('',(0.262617918824586,-0.0141574542981956,0.44607839260761));
#2708=CARTESIAN_POINT('',(0.275,3.46944695195362E-15,0.44607839260761));
#2709=CARTESIAN_POINT('',(0.392045591083601,0.133827874579118,0.44607839260761));
#2710=CARTESIAN_POINT('',(0.507527449977604,0.26614051570134,0.39826666270065));
#2711=CARTESIAN_POINT('',(0.590318625033778,0.399968764997583,0.31553145169537));
#2712=CARTESIAN_POINT('',(0.603869374925746,0.421872949030034,0.301989861654753));
#2713=CARTESIAN_POINT('',(0.617420124817714,0.443777133062485,0.288448271614135));
#2714=CARTESIAN_POINT('',(0.630970874709682,0.465681317094936,0.274906681573517));
#2715=CARTESIAN_POINT('',(0.250026109910599,-0.0424118999489174,0.3));
#2716=CARTESIAN_POINT('',(0.258350739940399,-0.0282745999659438,0.3));
#2717=CARTESIAN_POINT('',(0.2666753699702,-0.0141372999829702,0.3));
#2718=CARTESIAN_POINT('',(0.275,3.46944695195362E-15,0.3));
#2719=CARTESIAN_POINT('',(0.353691233613049,0.133637359454477,0.3));
#2720=CARTESIAN_POINT('',(0.431398894400473,0.266331176918788,0.267827485195443));
#2721=CARTESIAN_POINT('',(0.487060456350435,0.399968764997583,0.212203588139672));
#2722=CARTESIAN_POINT('',(0.496170798172114,0.421841742775624,0.203099411076018));
#2723=CARTESIAN_POINT('',(0.505281139993793,0.443714720553664,0.193995234012365));
#2724=CARTESIAN_POINT('',(0.514391481815472,0.465587698331705,0.184891056948712));
#2725=CARTESIAN_POINT('',(0.266691618367472,-0.0423291184442786,0.1));
#2726=CARTESIAN_POINT('',(0.269461078911648,-0.0282194122961846,0.1));
#2727=CARTESIAN_POINT('',(0.272230539455824,-0.0141097061480906,0.1));
#2728=CARTESIAN_POINT('',(0.275,3.46944695195362E-15,0.1));
#2729=CARTESIAN_POINT('',(0.301179213476604,0.133376519885749,0.1));
#2730=CARTESIAN_POINT('',(0.327169166487701,0.266592216507252,0.089239570615101));
#2731=CARTESIAN_POINT('',(0.345686818757487,0.399968764997583,0.0707345293538805));
#2732=CARTESIAN_POINT('',(0.34871767409109,0.421799017422676,0.067705738112529));
#2733=CARTESIAN_POINT('',(0.351748529424693,0.443629269847771,0.0646769468711774));
#2734=CARTESIAN_POINT('',(0.354779384758296,0.465459522272864,0.0616481556298258));
#2735=CARTESIAN_POINT('',(0.278723790266622,-0.0422693518133077,-0.0443960972482447));
#2736=CARTESIAN_POINT('',(0.277482526844414,-0.0281795678755374,-0.0443960972482447));
#2737=CARTESIAN_POINT('',(0.276241263422207,-0.0140897839377669,-0.0443960972482447));
#2738=CARTESIAN_POINT('',(0.275,3.46944695195362E-15,-0.0443960972482447));
#2739=CARTESIAN_POINT('',(0.263266559644984,0.133188198807088,-0.0443960972482447));
#2740=CARTESIAN_POINT('',(0.251917336848448,0.266780681996258,-0.0396974187904204));
#2741=CARTESIAN_POINT('',(0.243617811146439,0.399968764997583,-0.0314033704963731));
#2742=CARTESIAN_POINT('',(0.242259395869284,0.421768170551581,-0.0300458517276362));
#2743=CARTESIAN_POINT('',(0.24090098059213,0.44356757610558,-0.0286883329588993));
#2744=CARTESIAN_POINT('',(0.239542565314976,0.465366981659578,-0.0273308141901624));
#2745=MECHANICAL_DESIGN_GEOMETRIC_PRESENTATION_REPRESENTATION('',(#32),
#2746);
#2746=(
GEOMETRIC_REPRESENTATION_CONTEXT(3)
GLOBAL_UNCERTAINTY_ASSIGNED_CONTEXT((#2747))
GLOBAL_UNIT_ASSIGNED_CONTEXT((#2753,#2749,#2748))
REPRESENTATION_CONTEXT('35091062_3D_STP','TOP_LEVEL_ASSEMBLY_PART')
);
#2747=UNCERTAINTY_MEASURE_WITH_UNIT(LENGTH_MEASURE(0.098660830287842),#2753,
'DISTANCE_ACCURACY_VALUE','Maximum Tolerance applied to model');
#2748=(
NAMED_UNIT(*)
SI_UNIT($,.STERADIAN.)
SOLID_ANGLE_UNIT()
);
#2749=(
CONVERSION_BASED_UNIT('DEGREE',#2751)
NAMED_UNIT(#2750)
PLANE_ANGLE_UNIT()
);
#2750=DIMENSIONAL_EXPONENTS(0.,0.,0.,0.,0.,0.,0.);
#2751=PLANE_ANGLE_MEASURE_WITH_UNIT(PLANE_ANGLE_MEASURE(0.0174532925),#2752);
#2752=(
NAMED_UNIT(*)
PLANE_ANGLE_UNIT()
SI_UNIT($,.RADIAN.)
);
#2753=(
LENGTH_UNIT()
NAMED_UNIT(*)
SI_UNIT(.MILLI.,.METRE.)
);
ENDSEC;
END-ISO-10303-21;
