ISO-10303-21;
HEADER;
/* Generated by software containing ST-Developer
 * from STEP Tools, Inc. (www.steptools.com) 
 */
/* OPTION: using custom schema-name function */

FILE_DESCRIPTION(
/* description */ (''),
/* implementation_level */ '2;1');

FILE_NAME(
/* name */ '12089040.stp',
/* time_stamp */ '2022-06-22T08:19:41-06:00',
/* author */ (''),
/* organization */ (''),
/* preprocessor_version */ 'ST-DEVELOPER v16',
/* originating_system */ 'SIEMENS PLM Software NX 11.0',
/* authorisation */ '');

FILE_SCHEMA (('AP203_CONFIGURATION_CONTROLLED_3D_DESIGN_OF_MECHANICAL_PARTS_AND_ASSEMBLIES_MIM_LF { 1 0 10303 403 2 1 2}'));
ENDSEC;

DATA;
#10=SHAPE_REPRESENTATION_RELATIONSHIP('None',
'relationship between 12089040-ENV10_03-None and 12089040-ENV10_03-Non
e',#92,#11);
#11=ADVANCED_BREP_SHAPE_REPRESENTATION('12089040-ENV10_03-None',(#102),
#11500);
#12=CC_DESIGN_APPROVAL(#24,(#82));
#13=CC_DESIGN_APPROVAL(#25,(#84));
#14=CC_DESIGN_APPROVAL(#26,(#31));
#15=APPROVAL_PERSON_ORGANIZATION(#69,#24,#18);
#16=APPROVAL_PERSON_ORGANIZATION(#70,#25,#19);
#17=APPROVAL_PERSON_ORGANIZATION(#71,#26,#20);
#18=APPROVAL_ROLE('approver');
#19=APPROVAL_ROLE('approver');
#20=APPROVAL_ROLE('approver');
#21=APPROVAL_DATE_TIME(#39,#24);
#22=APPROVAL_DATE_TIME(#40,#25);
#23=APPROVAL_DATE_TIME(#41,#26);
#24=APPROVAL(#27,' ');
#25=APPROVAL(#28,' ');
#26=APPROVAL(#29,' ');
#27=APPROVAL_STATUS('not_yet_approved');
#28=APPROVAL_STATUS('not_yet_approved');
#29=APPROVAL_STATUS('not_yet_approved');
#30=CC_DESIGN_SECURITY_CLASSIFICATION(#31,(#84));
#31=SECURITY_CLASSIFICATION(' ',' ',#32);
#32=SECURITY_CLASSIFICATION_LEVEL('confidential');
#33=CC_DESIGN_DATE_AND_TIME_ASSIGNMENT(#37,#35,(#82));
#34=CC_DESIGN_DATE_AND_TIME_ASSIGNMENT(#38,#36,(#31));
#35=DATE_TIME_ROLE('creation_date');
#36=DATE_TIME_ROLE('classification_date');
#37=DATE_AND_TIME(#52,#42);
#38=DATE_AND_TIME(#53,#43);
#39=DATE_AND_TIME(#54,#44);
#40=DATE_AND_TIME(#55,#45);
#41=DATE_AND_TIME(#56,#46);
#42=LOCAL_TIME(0,0,0.,#47);
#43=LOCAL_TIME(0,0,0.,#48);
#44=LOCAL_TIME(0,0,0.,#49);
#45=LOCAL_TIME(0,0,0.,#50);
#46=LOCAL_TIME(0,0,0.,#51);
#47=COORDINATED_UNIVERSAL_TIME_OFFSET(0,0,.BEHIND.);
#48=COORDINATED_UNIVERSAL_TIME_OFFSET(0,0,.BEHIND.);
#49=COORDINATED_UNIVERSAL_TIME_OFFSET(0,0,.BEHIND.);
#50=COORDINATED_UNIVERSAL_TIME_OFFSET(0,0,.BEHIND.);
#51=COORDINATED_UNIVERSAL_TIME_OFFSET(0,0,.BEHIND.);
#52=CALENDAR_DATE(0,1,1);
#53=CALENDAR_DATE(0,1,1);
#54=CALENDAR_DATE(0,1,1);
#55=CALENDAR_DATE(0,1,1);
#56=CALENDAR_DATE(0,1,1);
#57=CC_DESIGN_PERSON_AND_ORGANIZATION_ASSIGNMENT(#65,#61,(#82,#84));
#58=CC_DESIGN_PERSON_AND_ORGANIZATION_ASSIGNMENT(#66,#62,(#86));
#59=CC_DESIGN_PERSON_AND_ORGANIZATION_ASSIGNMENT(#67,#63,(#84));
#60=CC_DESIGN_PERSON_AND_ORGANIZATION_ASSIGNMENT(#68,#64,(#31));
#61=PERSON_AND_ORGANIZATION_ROLE('creator');
#62=PERSON_AND_ORGANIZATION_ROLE('design_owner');
#63=PERSON_AND_ORGANIZATION_ROLE('design_supplier');
#64=PERSON_AND_ORGANIZATION_ROLE('classification_officer');
#65=PERSON_AND_ORGANIZATION(#79,#72);
#66=PERSON_AND_ORGANIZATION(#79,#73);
#67=PERSON_AND_ORGANIZATION(#79,#74);
#68=PERSON_AND_ORGANIZATION(#79,#75);
#69=PERSON_AND_ORGANIZATION(#79,#76);
#70=PERSON_AND_ORGANIZATION(#79,#77);
#71=PERSON_AND_ORGANIZATION(#79,#78);
#72=ORGANIZATION(' ',' ',' ');
#73=ORGANIZATION(' ',' ',' ');
#74=ORGANIZATION(' ',' ',' ');
#75=ORGANIZATION(' ',' ',' ');
#76=ORGANIZATION(' ',' ',' ');
#77=ORGANIZATION(' ',' ',' ');
#78=ORGANIZATION(' ',' ',' ');
#79=PERSON(' ',' ',' ',(' '),$,$);
#80=SHAPE_DEFINITION_REPRESENTATION(#81,#92);
#81=PRODUCT_DEFINITION_SHAPE('','',#82);
#82=PRODUCT_DEFINITION(' ','',#84,#83);
#83=DESIGN_CONTEXT('',#91,'design');
#84=PRODUCT_DEFINITION_FORMATION_WITH_SPECIFIED_SOURCE(' ',' ',#86,
 .NOT_KNOWN.);
#85=PRODUCT_RELATED_PRODUCT_CATEGORY('detail','',(#86));
#86=PRODUCT('12089040-ENV10_03','12089040-ENV10_03',' ',(#89));
#87=PRODUCT_CATEGORY('part',' ');
#88=PRODUCT_CATEGORY(' ','');
#89=MECHANICAL_CONTEXT(' ',#91,'mechanical');
#90=APPLICATION_PROTOCOL_DEFINITION('international standard',
'config_control_design',2010,#91);
#91=APPLICATION_CONTEXT(
'configuration controlled 3D designs of mechanical parts and assemblie
s');
#92=SHAPE_REPRESENTATION('12089040-ENV10_03-None',(#3034),#11500);
#93=PRESENTATION_LAYER_ASSIGNMENT('1','Layer 1',(#102));
#94=STYLED_ITEM('',(#95),#102);
#95=PRESENTATION_STYLE_ASSIGNMENT((#96));
#96=SURFACE_STYLE_USAGE(.BOTH.,#97);
#97=SURFACE_SIDE_STYLE('',(#98));
#98=SURFACE_STYLE_FILL_AREA(#99);
#99=FILL_AREA_STYLE('',(#100));
#100=FILL_AREA_STYLE_COLOUR('',#101);
#101=DRAUGHTING_PRE_DEFINED_COLOUR('magenta');
#102=MANIFOLD_SOLID_BREP('HEALED_BODY_1  ',#103);
#103=CLOSED_SHELL('',(#250,#251,#252,#253,#254,#255,#256,#257,#258,#259,
#260,#261,#262,#263,#264,#265,#266,#267,#268,#269,#270,#271,#272,#273,#274,
#275,#276,#277,#278,#279,#280,#281,#282,#283,#284,#285,#286,#287,#288,#289,
#290,#291,#292,#293,#294,#295,#296,#297,#298,#299,#300,#301,#302,#303,#304,
#305,#306,#307,#308,#309,#310,#311,#312,#313,#314,#315,#316,#317,#318,#319,
#320,#321,#322,#323,#324,#325,#326,#327,#328,#329,#330,#331,#332,#333,#334,
#335,#336,#337,#338,#339,#340,#341,#342,#343,#344,#345,#346,#347,#348,#349,
#350,#351,#352,#353,#354,#355,#356,#357,#358,#359,#360,#361,#362,#363,#364,
#365,#366,#367,#368,#369,#370,#371,#372,#373,#374,#375,#376,#377,#378,#379,
#380,#381,#382,#383,#384,#385,#386,#387,#388,#389,#390,#391,#392,#393,#394,
#395,#396,#397,#398,#399,#400,#401,#402,#403,#404,#405,#406,#407,#408,#409,
#410,#411,#412,#413,#414,#415,#416,#417,#418,#419,#420,#421,#422,#423,#424,
#425,#426,#427));
#104=SPHERICAL_SURFACE('',#3153,1.19952933254912);
#105=SPHERICAL_SURFACE('',#3154,1.08789742582007);
#106=SPHERICAL_SURFACE('',#3226,1.08604439439565);
#107=SPHERICAL_SURFACE('',#3229,1.2077736219679);
#108=(
BOUNDED_SURFACE()
B_SPLINE_SURFACE(3,2,((#7760,#7761,#7762),(#7763,#7764,#7765),(#7766,#7767,
#7768),(#7769,#7770,#7771)),.UNSPECIFIED.,.F.,.F.,.F.)
B_SPLINE_SURFACE_WITH_KNOTS((4,4),(3,3),(0.,1.),(0.,1.),.UNSPECIFIED.)
GEOMETRIC_REPRESENTATION_ITEM()
RATIONAL_B_SPLINE_SURFACE(((1.,0.768268565147304,1.),(1.,0.723498202376969,
1.),(1.,0.666814840527406,1.),(1.,0.610802797444806,1.)))
REPRESENTATION_ITEM('')
SURFACE()
);
#109=(
BOUNDED_SURFACE()
B_SPLINE_SURFACE(3,2,((#7780,#7781,#7782),(#7783,#7784,#7785),(#7786,#7787,
#7788),(#7789,#7790,#7791)),.UNSPECIFIED.,.F.,.F.,.F.)
B_SPLINE_SURFACE_WITH_KNOTS((4,4),(3,3),(0.,1.),(0.,1.),.UNSPECIFIED.)
GEOMETRIC_REPRESENTATION_ITEM()
RATIONAL_B_SPLINE_SURFACE(((1.,0.786151618509499,1.),(1.,0.743753125559573,
1.),(1.,0.688414785119636,1.),(1.,0.631481171460282,1.)))
REPRESENTATION_ITEM('')
SURFACE()
);
#110=(
BOUNDED_SURFACE()
B_SPLINE_SURFACE(3,2,((#7853,#7854,#7855),(#7856,#7857,#7858),(#7859,#7860,
#7861),(#7862,#7863,#7864)),.UNSPECIFIED.,.F.,.F.,.F.)
B_SPLINE_SURFACE_WITH_KNOTS((4,4),(3,3),(0.,1.),(0.,1.),.UNSPECIFIED.)
GEOMETRIC_REPRESENTATION_ITEM()
RATIONAL_B_SPLINE_SURFACE(((1.,0.707106781186932,1.),(1.,0.707106781186932,
1.),(1.,0.70710678118697,1.),(1.,0.70710678118697,1.)))
REPRESENTATION_ITEM('')
SURFACE()
);
#111=(
BOUNDED_SURFACE()
B_SPLINE_SURFACE(2,1,((#7872,#7873),(#7874,#7875),(#7876,#7877)),
 .UNSPECIFIED.,.F.,.F.,.F.)
B_SPLINE_SURFACE_WITH_KNOTS((3,3),(2,2),(0.,1.),(0.,1.),.UNSPECIFIED.)
GEOMETRIC_REPRESENTATION_ITEM()
RATIONAL_B_SPLINE_SURFACE(((1.0151954210427,1.),(0.969609157914594,1.),
(1.0151954210427,1.)))
REPRESENTATION_ITEM('')
SURFACE()
);
#112=(
BOUNDED_SURFACE()
B_SPLINE_SURFACE(3,2,((#7883,#7884,#7885),(#7886,#7887,#7888),(#7889,#7890,
#7891),(#7892,#7893,#7894)),.UNSPECIFIED.,.F.,.F.,.F.)
B_SPLINE_SURFACE_WITH_KNOTS((4,4),(3,3),(0.,1.),(0.,1.),.UNSPECIFIED.)
GEOMETRIC_REPRESENTATION_ITEM()
RATIONAL_B_SPLINE_SURFACE(((1.,0.707106781186915,1.),(1.,0.707106781186915,
1.),(1.,0.707106781186938,1.),(1.,0.707106781186938,1.)))
REPRESENTATION_ITEM('')
SURFACE()
);
#113=(
BOUNDED_SURFACE()
B_SPLINE_SURFACE(2,3,((#7914,#7915,#7916,#7917,#7918,#7919,#7920,#7921,
#7922,#7923,#7924,#7925,#7926,#7927,#7928),(#7929,#7930,#7931,#7932,#7933,
#7934,#7935,#7936,#7937,#7938,#7939,#7940,#7941,#7942,#7943),(#7944,#7945,
#7946,#7947,#7948,#7949,#7950,#7951,#7952,#7953,#7954,#7955,#7956,#7957,
#7958)),.UNSPECIFIED.,.F.,.F.,.F.)
B_SPLINE_SURFACE_WITH_KNOTS((3,3),(4,1,1,1,1,1,1,1,1,1,1,1,4),(0.,1.),(0.,
0.0103908955962395,0.0885908383557877,0.179731754520619,0.270872670685449,
0.36201358685028,0.45315450301511,0.544295419179941,0.635436335344772,0.726577251509602,
0.817718167674433,0.908859083839264,1.),.UNSPECIFIED.)
GEOMETRIC_REPRESENTATION_ITEM()
RATIONAL_B_SPLINE_SURFACE(((1.,1.,1.,1.,1.,1.,1.,1.,1.,1.,1.,1.,1.,1.,1.),
(0.949432864517932,0.949432864517932,0.949432864517932,0.949432864517932,
0.949432864517932,0.949432864517932,0.949432864517932,0.949432864517932,
0.949432864517932,0.949432864517932,0.949432864517932,0.949432864517932,
0.949432864517932,0.949432864517932,0.949432864517932),(1.,1.,1.,1.,1.,
1.,1.,1.,1.,1.,1.,1.,1.,1.,1.)))
REPRESENTATION_ITEM('')
SURFACE()
);
#114=(
BOUNDED_SURFACE()
B_SPLINE_SURFACE(3,3,((#7992,#7993,#7994,#7995,#7996,#7997,#7998,#7999,
#8000,#8001,#8002,#8003,#8004,#8005,#8006,#8007,#8008,#8009,#8010,#8011,
#8012),(#8013,#8014,#8015,#8016,#8017,#8018,#8019,#8020,#8021,#8022,#8023,
#8024,#8025,#8026,#8027,#8028,#8029,#8030,#8031,#8032,#8033),(#8034,#8035,
#8036,#8037,#8038,#8039,#8040,#8041,#8042,#8043,#8044,#8045,#8046,#8047,
#8048,#8049,#8050,#8051,#8052,#8053,#8054),(#8055,#8056,#8057,#8058,#8059,
#8060,#8061,#8062,#8063,#8064,#8065,#8066,#8067,#8068,#8069,#8070,#8071,
#8072,#8073,#8074,#8075),(#8076,#8077,#8078,#8079,#8080,#8081,#8082,#8083,
#8084,#8085,#8086,#8087,#8088,#8089,#8090,#8091,#8092,#8093,#8094,#8095,
#8096),(#8097,#8098,#8099,#8100,#8101,#8102,#8103,#8104,#8105,#8106,#8107,
#8108,#8109,#8110,#8111,#8112,#8113,#8114,#8115,#8116,#8117)),
 .UNSPECIFIED.,.F.,.F.,.F.)
B_SPLINE_SURFACE_WITH_KNOTS((4,1,1,4),(4,1,1,1,1,1,1,1,1,1,1,1,1,1,1,3,
4),(0.,0.0230606627681382,0.0840829035151358,1.),(0.,0.0149875875931793,
0.0635434596145606,0.112099331635942,0.117596804668123,0.186542838210949,
0.266898455379953,0.347254072548958,0.427609689717961,0.507965306886966,
0.588320924055969,0.668676541224974,0.749032158393978,0.829387775562981,
0.909743392731986,0.99009900990099,1.),.UNSPECIFIED.)
GEOMETRIC_REPRESENTATION_ITEM()
RATIONAL_B_SPLINE_SURFACE(((0.678687241529851,0.678687241529851,0.678687241529851,
0.678687241529851,0.67561799246914,0.671761586869475,0.667114563633551,
0.660834453774772,0.65493624877137,0.649731950238959,0.645221558177534,
0.641405072587099,0.638282493467652,0.635853820819193,0.634119054641722,
0.633078194935239,0.632846892778243,0.632846892778243,0.632846892778243,
0.632846892778243,0.632846892778243),(0.679460513976631,0.679460513976631,
0.679460513976631,0.679460513976631,0.67639865138181,0.672551526621811,
0.667915686928816,0.661650690805139,0.655766680443234,0.650574906594495,
0.64607536925892,0.642268068436512,0.639153004127269,0.63673017633119,0.634999585048277,
0.633961230278529,0.63373048477414,0.63373048477414,0.63373048477414,0.63373048477414,
0.63373048477414),(0.682292092718901,0.682292092718901,0.682292092718901,
0.682292092718901,0.679257277977503,0.67544413791257,0.67084925025731,0.664639597798354,
0.658807565552676,0.653661654747668,0.649201865383325,0.645428197459653,
0.642340650976649,0.63993922593431,0.638223922332641,0.637194740171638,
0.636966033024748,0.636966033024749,0.636966033024749,0.636966033024749,
0.636966033024749),(0.716385168926051,0.716385168926051,0.71638516892605,
0.71638516892605,0.713676018632625,0.710272064715855,0.706170252150653,
0.700626954383069,0.695420754593044,0.690827048895965,0.686845837291828,
0.683477119780638,0.68072089636239,0.678577167037086,0.677045931804725,
0.67612719066531,0.675923025967661,0.675923025967662,0.675923025967662,
0.675923025967662,0.675923025967662),(0.74969203620004,0.74969203620004,
0.74969203620004,0.74969203620004,0.747301040316595,0.74429683644422,0.7406767283307,
0.735784418673667,0.731189619228088,0.727135384423165,0.723621714258897,
0.720648608735287,0.718216067852333,0.716324091610036,0.714972680008394,
0.71416183304741,0.713981644833858,0.713981644833858,0.713981644833858,
0.713981644833858,0.713981644833858),(0.780918467569889,0.780918467569889,
0.780918467569889,0.78091846756989,0.778825753322099,0.776196330038474,
0.773027837829787,0.768745853826905,0.764724265026992,0.761175804321189,
0.758100471709491,0.755498267191901,0.753369190768419,0.751713242439043,
0.750530422203775,0.749820730062614,0.749663020697912,0.749663020697912,
0.749663020697912,0.749663020697912,0.749663020697912)))
REPRESENTATION_ITEM('')
SURFACE()
);
#115=(
BOUNDED_SURFACE()
B_SPLINE_SURFACE(3,3,((#8137,#8138,#8139,#8140,#8141,#8142,#8143,#8144,
#8145,#8146,#8147,#8148,#8149,#8150,#8151),(#8152,#8153,#8154,#8155,#8156,
#8157,#8158,#8159,#8160,#8161,#8162,#8163,#8164,#8165,#8166),(#8167,#8168,
#8169,#8170,#8171,#8172,#8173,#8174,#8175,#8176,#8177,#8178,#8179,#8180,
#8181),(#8182,#8183,#8184,#8185,#8186,#8187,#8188,#8189,#8190,#8191,#8192,
#8193,#8194,#8195,#8196)),.UNSPECIFIED.,.F.,.F.,.F.)
B_SPLINE_SURFACE_WITH_KNOTS((4,4),(4,1,1,1,1,1,1,1,1,1,1,1,4),(0.,1.),(0.,
0.00626128742100012,0.0847875561219373,0.176308800509744,0.26783004489755,
0.359351289285356,0.450872533673162,0.542393778060968,0.633915022448775,
0.725436266836581,0.816957511224387,0.908478755612194,1.),.UNSPECIFIED.)
GEOMETRIC_REPRESENTATION_ITEM()
RATIONAL_B_SPLINE_SURFACE(((0.777904669067995,0.777787745778888,0.776196328706009,
0.773027837829787,0.768745853826905,0.764724265026993,0.761175804321189,
0.758100471709491,0.755498267191901,0.753369190768419,0.751713242439043,
0.750530422203775,0.749820730062614,0.749663020697912,0.749663020697912),
(0.775360189031979,0.775246904622026,0.773705015529906,0.770635134224878,
0.76648641385534,0.762589984685856,0.759151958948075,0.756172336641999,
0.753651117767627,0.751588302324958,0.749983890313994,0.748837881734734,
0.748150276587178,0.747997475443277,0.747997475443277),(0.780171977549321,
0.780061226331478,0.778553815957867,0.775552581336908,0.771496631947157,
0.767687332186146,0.764326185338196,0.761413191403305,0.758948350381475,
0.756931662272704,0.755363127076994,0.754242744794344,0.753570515424754,
0.7534211311204,0.7534211311204),(0.792477846113268,0.792368594952096,0.790881601518646,
0.78792101676234,0.783920002695733,0.780162297541364,0.776846675346333,
0.773973136110639,0.771541679834283,0.769552306517264,0.768005016159583,
0.766899808761239,0.766236684322233,0.766089323335787,0.766089323335787)))
REPRESENTATION_ITEM('')
SURFACE()
);
#116=(
BOUNDED_SURFACE()
B_SPLINE_SURFACE(3,3,((#8216,#8217,#8218,#8219,#8220,#8221,#8222,#8223,
#8224,#8225,#8226,#8227,#8228,#8229,#8230),(#8231,#8232,#8233,#8234,#8235,
#8236,#8237,#8238,#8239,#8240,#8241,#8242,#8243,#8244,#8245),(#8246,#8247,
#8248,#8249,#8250,#8251,#8252,#8253,#8254,#8255,#8256,#8257,#8258,#8259,
#8260),(#8261,#8262,#8263,#8264,#8265,#8266,#8267,#8268,#8269,#8270,#8271,
#8272,#8273,#8274,#8275)),.UNSPECIFIED.,.F.,.F.,.F.)
B_SPLINE_SURFACE_WITH_KNOTS((4,4),(4,1,1,1,1,1,1,1,1,1,1,1,4),(0.,1.),(0.,
0.00626115711960529,0.0847874361170945,0.176308692505385,0.267829948893676,
0.359351205281966,0.450872461670257,0.542393718058547,0.633914974446838,
0.725436230835128,0.816957487223419,0.90847874361171,1.),.UNSPECIFIED.)
GEOMETRIC_REPRESENTATION_ITEM()
RATIONAL_B_SPLINE_SURFACE(((0.79247777691178,0.792368590352881,0.790881599316833,
0.78792101676234,0.783920002695733,0.780162297541364,0.776846675346333,
0.773973136110639,0.771541679834283,0.769552306517264,0.768005016159583,
0.766899808761239,0.766236684322233,0.766089323335787,0.766089323335787),
(0.79905451763203,0.798948791385367,0.797508925685353,0.794642169148873,
0.790767954187164,0.787129337254461,0.783918792902073,0.781136321130005,
0.778781921938256,0.776855595326824,0.77535734129571,0.774287159844916,
0.773645050974437,0.773502360114332,0.773502360114332),(0.805787758771539,
0.80568557517886,0.804293956211504,0.801523258381201,0.79777885984162,0.794262164959282,
0.791159198886631,0.788469961623666,0.786194453170389,0.784332673526799,
0.782884622692895,0.781850300668677,0.781229707454148,0.781091797850918,
0.781091797850918),(0.812426982643036,0.812328292237725,0.810984246326577,
0.808308265920156,0.804691871156295,0.801295395908229,0.798298505983464,
0.795701201382002,0.793503482103842,0.791705348148983,0.790306799517427,
0.789307836209172,0.788708458224219,0.788575263116452,0.788575263116452)))
REPRESENTATION_ITEM('')
SURFACE()
);
#117=(
BOUNDED_SURFACE()
B_SPLINE_SURFACE(3,3,((#8280,#8281,#8282,#8283,#8284,#8285,#8286,#8287,
#8288,#8289,#8290,#8291,#8292,#8293,#8294),(#8295,#8296,#8297,#8298,#8299,
#8300,#8301,#8302,#8303,#8304,#8305,#8306,#8307,#8308,#8309),(#8310,#8311,
#8312,#8313,#8314,#8315,#8316,#8317,#8318,#8319,#8320,#8321,#8322,#8323,
#8324),(#8325,#8326,#8327,#8328,#8329,#8330,#8331,#8332,#8333,#8334,#8335,
#8336,#8337,#8338,#8339)),.UNSPECIFIED.,.F.,.F.,.F.)
B_SPLINE_SURFACE_WITH_KNOTS((4,4),(4,1,1,1,1,1,1,1,1,1,1,1,4),(0.,1.),(0.,
0.00626115711990052,0.0847874361173664,0.17630869250563,0.267829948893893,
0.359351205282156,0.45087246167042,0.542393718058683,0.633914974446947,
0.72543623083521,0.816957487223473,0.908478743611737,1.),.UNSPECIFIED.)
GEOMETRIC_REPRESENTATION_ITEM()
RATIONAL_B_SPLINE_SURFACE(((0.812426495528296,0.812328292237734,0.810984246326581,
0.808308265920156,0.804691871156295,0.801295395908229,0.798298505983464,
0.795701201382002,0.793503482103842,0.791705348148983,0.790306799517427,
0.789307836209172,0.788708458224219,0.788575263116452,0.788575263116452),
(0.871500332081305,0.871435121419506,0.870542624611586,0.868765673429359,
0.866364251903394,0.864108865170006,0.86211881805231,0.860394110550307,
0.858934742663998,0.857740714393379,0.856812025738454,0.856148676699224,
0.855750667275683,0.855662220737119,0.855662220737119),(0.933778247071863,
0.933745641740965,0.933299393337017,0.93241091774593,0.931210206982984,
0.930082513616323,0.929087490057504,0.928225136306528,0.927495452363393,
0.926898438228103,0.926434093900654,0.926102419381048,0.925903414669285,
0.925859191400004,0.925859191400004),(1.,1.,1.,1.,1.,1.,1.,1.,1.,1.,1.,
1.,1.,1.,1.)))
REPRESENTATION_ITEM('')
SURFACE()
);
#118=(
BOUNDED_SURFACE()
B_SPLINE_SURFACE(2,3,((#8350,#8351,#8352,#8353,#8354,#8355,#8356,#8357,
#8358,#8359,#8360,#8361,#8362,#8363,#8364,#8365,#8366),(#8367,#8368,#8369,
#8370,#8371,#8372,#8373,#8374,#8375,#8376,#8377,#8378,#8379,#8380,#8381,
#8382,#8383),(#8384,#8385,#8386,#8387,#8388,#8389,#8390,#8391,#8392,#8393,
#8394,#8395,#8396,#8397,#8398,#8399,#8400)),.UNSPECIFIED.,.F.,.F.,.F.)
B_SPLINE_SURFACE_WITH_KNOTS((3,3),(4,1,1,1,1,1,1,1,1,1,1,3,4),(0.,1.),(0.,
0.0911860354350909,0.182372070866085,0.27355810629708,0.364744141728074,
0.455930177159069,0.547116212590063,0.638302248021057,0.729488283452053,
0.820674318883046,0.911860354314041,0.99009900990099,1.),.UNSPECIFIED.)
GEOMETRIC_REPRESENTATION_ITEM()
RATIONAL_B_SPLINE_SURFACE(((1.,1.,1.,1.,1.,1.,1.,1.,1.,1.,1.,1.,1.,1.,1.,
1.,1.),(0.949432864517932,0.949432864517932,0.949432864517932,0.949432864517932,
0.949432864517932,0.949432864517932,0.949432864517932,0.949432864517932,
0.949432864517932,0.949432864517932,0.949432864517932,0.949432864517932,
0.949432864517932,0.949432864517932,0.949432864517932,0.949432864517932,
0.949432864517932),(1.,1.,1.,1.,1.,1.,1.,1.,1.,1.,1.,1.,1.,1.,1.,1.,1.)))
REPRESENTATION_ITEM('')
SURFACE()
);
#119=(
BOUNDED_SURFACE()
B_SPLINE_SURFACE(3,3,((#8469,#8470,#8471,#8472,#8473,#8474,#8475,#8476,
#8477,#8478,#8479,#8480,#8481,#8482),(#8483,#8484,#8485,#8486,#8487,#8488,
#8489,#8490,#8491,#8492,#8493,#8494,#8495,#8496),(#8497,#8498,#8499,#8500,
#8501,#8502,#8503,#8504,#8505,#8506,#8507,#8508,#8509,#8510),(#8511,#8512,
#8513,#8514,#8515,#8516,#8517,#8518,#8519,#8520,#8521,#8522,#8523,#8524)),
 .UNSPECIFIED.,.F.,.F.,.F.)
B_SPLINE_SURFACE_WITH_KNOTS((4,4),(4,1,1,1,1,1,1,1,1,1,1,4),(0.,1.),(0.,
0.0920978957856855,0.184195791571371,0.276293687357057,0.368391583142742,
0.460489478928427,0.552587374714113,0.644685270499798,0.736783166285484,
0.828881062071169,0.920978957856855,1.),.UNSPECIFIED.)
GEOMETRIC_REPRESENTATION_ITEM()
RATIONAL_B_SPLINE_SURFACE(((0.749663020697912,0.749663020697912,0.749820730062619,
0.750530422203803,0.75171324243911,0.75336919076854,0.755498267192092,0.758100471709767,
0.761175804321565,0.764724265027485,0.768745853827528,0.773027837830285,
0.776083805496957,0.777553072819683),(0.747997475443277,0.747997475443277,
0.748150276587183,0.748837881734762,0.749983890314059,0.751588302325076,
0.753651117767812,0.756172336642266,0.75915195894844,0.762589984686333,
0.766486413855944,0.77063513422536,0.773595994260997,0.775019535139707),
(0.7534211311204,0.7534211311204,0.753570515424759,0.754242744794371,0.755363127077057,
0.756931662272819,0.758948350381655,0.761413191403566,0.764326185338552,
0.767687332186613,0.771496631947748,0.775552581337379,0.778447232551488,
0.77983894113727),(0.766089323335787,0.766089323335787,0.766236684322237,
0.766899808761265,0.768005016159645,0.769552306517377,0.771541679834461,
0.773973136110897,0.776846675346684,0.780162297541824,0.783920002696316,
0.787921016762805,0.790776461718513,0.79214932047321)))
REPRESENTATION_ITEM('')
SURFACE()
);
#120=(
BOUNDED_SURFACE()
B_SPLINE_SURFACE(3,3,((#8539,#8540,#8541,#8542,#8543,#8544,#8545,#8546,
#8547,#8548,#8549,#8550,#8551,#8552),(#8553,#8554,#8555,#8556,#8557,#8558,
#8559,#8560,#8561,#8562,#8563,#8564,#8565,#8566),(#8567,#8568,#8569,#8570,
#8571,#8572,#8573,#8574,#8575,#8576,#8577,#8578,#8579,#8580),(#8581,#8582,
#8583,#8584,#8585,#8586,#8587,#8588,#8589,#8590,#8591,#8592,#8593,#8594)),
 .UNSPECIFIED.,.F.,.F.,.F.)
B_SPLINE_SURFACE_WITH_KNOTS((4,4),(4,1,1,1,1,1,1,1,1,1,1,4),(0.,1.),(0.,
0.0920978957856855,0.184195791571371,0.276293687357057,0.368391583142742,
0.460489478928427,0.552587374714113,0.644685270499798,0.736783166285484,
0.828881062071169,0.920978957856855,1.),.UNSPECIFIED.)
GEOMETRIC_REPRESENTATION_ITEM()
RATIONAL_B_SPLINE_SURFACE(((0.766089323335787,0.766089323335787,0.766236684322237,
0.766899808761265,0.768005016159645,0.769552306517377,0.771541679834461,
0.773973136110897,0.776846675346684,0.780162297541824,0.783920002696316,
0.787921016762805,0.790776461718513,0.79214932047321),(0.773502360114332,
0.773502360114332,0.773645050974442,0.774287159844941,0.775357341295771,
0.776855595326933,0.778781921938428,0.781136321130255,0.783918792902414,
0.787129337254905,0.790767954187728,0.794642169149323,0.797407120080655,
0.798736470550116),(0.781091797850918,0.781091797850918,0.781229707454152,
0.781850300668703,0.782884622692953,0.784332673526904,0.786194453170556,
0.788469961623908,0.79115919888696,0.794262164959712,0.797778859842165,
0.801523258381637,0.804195561888701,0.805480368747804),(0.788575263116452,
0.788575263116452,0.788708458224223,0.789307836209196,0.790306799517483,
0.791705348149086,0.793503482104003,0.795701201382235,0.798298505983782,
0.801295395908644,0.804691871156821,0.808308265920577,0.810889215653421,
0.812130100871358)))
REPRESENTATION_ITEM('')
SURFACE()
);
#121=(
BOUNDED_SURFACE()
B_SPLINE_SURFACE(3,3,((#8595,#8596,#8597,#8598,#8599,#8600,#8601,#8602,
#8603,#8604,#8605,#8606,#8607,#8608),(#8609,#8610,#8611,#8612,#8613,#8614,
#8615,#8616,#8617,#8618,#8619,#8620,#8621,#8622),(#8623,#8624,#8625,#8626,
#8627,#8628,#8629,#8630,#8631,#8632,#8633,#8634,#8635,#8636),(#8637,#8638,
#8639,#8640,#8641,#8642,#8643,#8644,#8645,#8646,#8647,#8648,#8649,#8650)),
 .UNSPECIFIED.,.F.,.F.,.F.)
B_SPLINE_SURFACE_WITH_KNOTS((4,4),(4,1,1,1,1,1,1,1,1,1,1,4),(0.,1.),(0.,
0.0920978957856855,0.184195791571371,0.276293687357057,0.368391583142742,
0.460489478928427,0.552587374714113,0.644685270499798,0.736783166285484,
0.828881062071169,0.920978957856855,1.),.UNSPECIFIED.)
GEOMETRIC_REPRESENTATION_ITEM()
RATIONAL_B_SPLINE_SURFACE(((0.788575263116452,0.788575263116452,0.788708458224223,
0.789307836209196,0.790306799517483,0.791705348149086,0.793503482104003,
0.795701201382235,0.798298505983782,0.801295395908644,0.804691871156821,
0.808308265920577,0.810889215653421,0.812130100871358),(0.855662220737119,
0.855662220737119,0.855750667275686,0.856148676699238,0.856812025738492,
0.857740714393447,0.858934742664103,0.860394110550461,0.862118818052521,
0.864108865170282,0.866364251903744,0.868765673429637,0.870479520686529,
0.871303514931677),(0.925859191400004,0.925859191400004,0.925903414669286,
0.926102419381057,0.926434093900673,0.926898438228137,0.927495452363448,
0.928225136306605,0.92908749005761,0.930082513616461,0.931210206983158,
0.93241091774607,0.93326784137449,0.933679838497052),(1.,1.,1.,1.,1.,1.,
1.,1.,1.,1.,1.,1.,1.,1.)))
REPRESENTATION_ITEM('')
SURFACE()
);
#122=(
BOUNDED_SURFACE()
B_SPLINE_SURFACE(3,3,((#8655,#8656,#8657,#8658),(#8659,#8660,#8661,#8662),
(#8663,#8664,#8665,#8666),(#8667,#8668,#8669,#8670)),.UNSPECIFIED.,.F.,
 .F.,.F.)
B_SPLINE_SURFACE_WITH_KNOTS((4,4),(4,4),(0.,1.),(0.,1.),.UNSPECIFIED.)
GEOMETRIC_REPRESENTATION_ITEM()
RATIONAL_B_SPLINE_SURFACE(((0.520094640349063,0.493301786550312,0.493301786550313,
0.520094640349063),(0.680043351793564,0.662180347088702,0.662180347088702,
0.680043351793564),(0.840009680824573,0.83107750879382,0.83107750879382,
0.840009680824573),(1.,1.,1.,1.)))
REPRESENTATION_ITEM('')
SURFACE()
);
#123=(
BOUNDED_SURFACE()
B_SPLINE_SURFACE(3,3,((#8675,#8676,#8677,#8678,#8679,#8680,#8681,#8682,
#8683,#8684,#8685,#8686,#8687,#8688,#8689),(#8690,#8691,#8692,#8693,#8694,
#8695,#8696,#8697,#8698,#8699,#8700,#8701,#8702,#8703,#8704),(#8705,#8706,
#8707,#8708,#8709,#8710,#8711,#8712,#8713,#8714,#8715,#8716,#8717,#8718,
#8719),(#8720,#8721,#8722,#8723,#8724,#8725,#8726,#8727,#8728,#8729,#8730,
#8731,#8732,#8733,#8734)),.UNSPECIFIED.,.F.,.F.,.F.)
B_SPLINE_SURFACE_WITH_KNOTS((4,4),(4,1,1,1,1,1,1,1,1,1,1,1,4),(0.,1.),(0.,
0.00633335966173728,0.0848539331391007,0.176368539825191,0.267883146511281,
0.35939775319737,0.45091235988346,0.54242696656955,0.633941573255641,0.72545617994173,
0.81697078662782,0.908485393313911,1.),.UNSPECIFIED.)
GEOMETRIC_REPRESENTATION_ITEM()
RATIONAL_B_SPLINE_SURFACE(((0.556416210047727,0.556179170907832,0.552997786356442,
0.546666731373475,0.538114291348793,0.530081940692642,0.522994572466627,
0.516852186670747,0.511654783305003,0.507402362369394,0.50409492386392,
0.501732467788582,0.500314994143378,0.5,0.5),(0.591017092372046,0.590798543004707,
0.587865316106921,0.582028102633532,0.574142778895745,0.566736975976768,
0.560202443989434,0.554539182933746,0.549747192809701,0.545826473617301,
0.542777025356546,0.540598848027435,0.539291941629968,0.539001517986086,
0.539001517986086),(0.625617974696366,0.625417915101583,0.6227328458574,
0.617389473893589,0.610171266442698,0.603392011260893,0.597410315512242,
0.592226179196744,0.5878396023144,0.584250584865209,0.581459126849171,0.579465228266287,
0.578268889116557,0.578003035972173,0.578003035972173),(0.660218857020891,
0.660037287198665,0.657600375608087,0.652750845153857,0.646199753989864,
0.640047046545236,0.634618187035269,0.629913175459965,0.625932011819323,
0.622674696113344,0.620141228342026,0.618331608505371,0.617245836603377,
0.61700455395849,0.61700455395849)))
REPRESENTATION_ITEM('')
SURFACE()
);
#124=(
BOUNDED_SURFACE()
B_SPLINE_SURFACE(3,2,((#9579,#9580,#9581),(#9582,#9583,#9584),(#9585,#9586,
#9587),(#9588,#9589,#9590),(#9591,#9592,#9593),(#9594,#9595,#9596)),
 .UNSPECIFIED.,.F.,.F.,.F.)
B_SPLINE_SURFACE_WITH_KNOTS((4,2,4),(3,3),(0.,0.5,1.),(0.,1.),
 .UNSPECIFIED.)
GEOMETRIC_REPRESENTATION_ITEM()
RATIONAL_B_SPLINE_SURFACE(((1.,0.968115009855152,1.),(1.,0.96047720322706,
1.),(1.,0.887754048805617,1.),(1.,0.723350722832929,1.),(1.,0.655791227808217,
1.),(1.,0.648676081490736,1.)))
REPRESENTATION_ITEM('')
SURFACE()
);
#125=(
BOUNDED_SURFACE()
B_SPLINE_SURFACE(3,2,((#9619,#9620,#9621),(#9622,#9623,#9624),(#9625,#9626,
#9627),(#9628,#9629,#9630)),.UNSPECIFIED.,.F.,.F.,.F.)
B_SPLINE_SURFACE_WITH_KNOTS((4,4),(3,3),(0.,1.),(0.,1.),.UNSPECIFIED.)
GEOMETRIC_REPRESENTATION_ITEM()
RATIONAL_B_SPLINE_SURFACE(((1.,0.540233698316215,1.),(1.,0.540333107581318,
1.),(1.,0.540663579346687,1.),(1.,0.541276041105701,1.)))
REPRESENTATION_ITEM('')
SURFACE()
);
#126=(
BOUNDED_SURFACE()
B_SPLINE_SURFACE(3,2,((#9631,#9632,#9633),(#9634,#9635,#9636),(#9637,#9638,
#9639),(#9640,#9641,#9642),(#9643,#9644,#9645),(#9646,#9647,#9648),(#9649,
#9650,#9651),(#9652,#9653,#9654)),.UNSPECIFIED.,.F.,.F.,.F.)
B_SPLINE_SURFACE_WITH_KNOTS((4,2,2,4),(3,3),(0.,0.5,0.75,1.),(0.,1.),
 .UNSPECIFIED.)
GEOMETRIC_REPRESENTATION_ITEM()
RATIONAL_B_SPLINE_SURFACE(((1.,0.702916669100165,1.),(1.,0.699673428041536,
1.),(1.,0.690815778282976,1.),(1.,0.652034452325579,1.),(1.,0.633867569159399,
1.),(1.,0.584815110111441,1.),(1.,0.552825265263016,1.),(1.,0.519844137741436,
1.)))
REPRESENTATION_ITEM('')
SURFACE()
);
#127=(
BOUNDED_SURFACE()
B_SPLINE_SURFACE(3,2,((#9726,#9727,#9728),(#9729,#9730,#9731),(#9732,#9733,
#9734),(#9735,#9736,#9737),(#9738,#9739,#9740),(#9741,#9742,#9743)),
 .UNSPECIFIED.,.F.,.F.,.F.)
B_SPLINE_SURFACE_WITH_KNOTS((4,2,4),(3,3),(0.,0.5,1.),(0.,1.),
 .UNSPECIFIED.)
GEOMETRIC_REPRESENTATION_ITEM()
RATIONAL_B_SPLINE_SURFACE(((1.,0.968114981349482,1.),(1.,0.960487931215716,
1.),(1.,0.887568388903096,1.),(1.,0.722978699454325,1.),(1.,0.655590780347695,
1.),(1.,0.648554889700283,1.)))
REPRESENTATION_ITEM('')
SURFACE()
);
#128=(
BOUNDED_SURFACE()
B_SPLINE_SURFACE(3,2,((#9770,#9771,#9772),(#9773,#9774,#9775),(#9776,#9777,
#9778),(#9779,#9780,#9781)),.UNSPECIFIED.,.F.,.F.,.F.)
B_SPLINE_SURFACE_WITH_KNOTS((4,4),(3,3),(0.,1.),(0.,1.),.UNSPECIFIED.)
GEOMETRIC_REPRESENTATION_ITEM()
RATIONAL_B_SPLINE_SURFACE(((1.,0.539778410727533,1.),(1.,0.539232650391364,
1.),(1.,0.538976253901122,1.),(1.,0.538952808729096,1.)))
REPRESENTATION_ITEM('')
SURFACE()
);
#129=(
BOUNDED_SURFACE()
B_SPLINE_SURFACE(3,2,((#9914,#9915,#9916),(#9917,#9918,#9919),(#9920,#9921,
#9922),(#9923,#9924,#9925),(#9926,#9927,#9928),(#9929,#9930,#9931),(#9932,
#9933,#9934),(#9935,#9936,#9937)),.UNSPECIFIED.,.F.,.F.,.F.)
B_SPLINE_SURFACE_WITH_KNOTS((4,2,2,4),(3,3),(0.,0.5,0.75,1.),(0.,1.),
 .UNSPECIFIED.)
GEOMETRIC_REPRESENTATION_ITEM()
RATIONAL_B_SPLINE_SURFACE(((1.,0.703227802492836,1.),(1.,0.700081354059252,
1.),(1.,0.691149025142937,1.),(1.,0.651991832600278,1.),(1.,0.63383700459136,
1.),(1.,0.584121538173684,1.),(1.,0.551877967118567,1.),(1.,0.518937160026772,
1.)))
REPRESENTATION_ITEM('')
SURFACE()
);
#130=(
BOUNDED_SURFACE()
B_SPLINE_SURFACE(3,2,((#9951,#9952,#9953),(#9954,#9955,#9956),(#9957,#9958,
#9959),(#9960,#9961,#9962)),.UNSPECIFIED.,.F.,.F.,.F.)
B_SPLINE_SURFACE_WITH_KNOTS((4,4),(3,3),(0.,1.),(0.,1.),.UNSPECIFIED.)
GEOMETRIC_REPRESENTATION_ITEM()
RATIONAL_B_SPLINE_SURFACE(((1.,0.610802771454418,1.),(1.,0.666815256024374,
1.),(1.,0.723504116776114,1.),(1.,0.768280509168053,1.)))
REPRESENTATION_ITEM('')
SURFACE()
);
#131=(
BOUNDED_SURFACE()
B_SPLINE_SURFACE(3,2,((#9964,#9965,#9966),(#9967,#9968,#9969),(#9970,#9971,
#9972),(#9973,#9974,#9975)),.UNSPECIFIED.,.F.,.F.,.F.)
B_SPLINE_SURFACE_WITH_KNOTS((4,4),(3,3),(0.,1.),(0.,1.),.UNSPECIFIED.)
GEOMETRIC_REPRESENTATION_ITEM()
RATIONAL_B_SPLINE_SURFACE(((1.,0.63148794845287,1.),(1.,0.688455992066334,
1.),(1.,0.743778818467371,1.),(1.,0.786151303928711,1.)))
REPRESENTATION_ITEM('')
SURFACE()
);
#132=(
BOUNDED_SURFACE()
B_SPLINE_SURFACE(3,2,((#10228,#10229,#10230),(#10231,#10232,#10233),(#10234,
#10235,#10236),(#10237,#10238,#10239)),.UNSPECIFIED.,.F.,.F.,.F.)
B_SPLINE_SURFACE_WITH_KNOTS((4,4),(3,3),(0.,1.),(0.,1.),.UNSPECIFIED.)
GEOMETRIC_REPRESENTATION_ITEM()
RATIONAL_B_SPLINE_SURFACE(((1.,0.707106781186948,1.),(1.,0.707106781186948,
1.),(1.,0.707106781186947,1.),(1.,0.707106781186947,1.)))
REPRESENTATION_ITEM('')
SURFACE()
);
#133=(
BOUNDED_SURFACE()
B_SPLINE_SURFACE(2,1,((#10247,#10248),(#10249,#10250),(#10251,#10252)),
 .UNSPECIFIED.,.F.,.F.,.F.)
B_SPLINE_SURFACE_WITH_KNOTS((3,3),(2,2),(0.,1.),(0.,1.),.UNSPECIFIED.)
GEOMETRIC_REPRESENTATION_ITEM()
RATIONAL_B_SPLINE_SURFACE(((1.0151954210427,1.),(0.969609157914594,1.),
(1.0151954210427,1.)))
REPRESENTATION_ITEM('')
SURFACE()
);
#134=(
BOUNDED_SURFACE()
B_SPLINE_SURFACE(3,2,((#10258,#10259,#10260),(#10261,#10262,#10263),(#10264,
#10265,#10266),(#10267,#10268,#10269)),.UNSPECIFIED.,.F.,.F.,.F.)
B_SPLINE_SURFACE_WITH_KNOTS((4,4),(3,3),(0.,1.),(0.,1.),.UNSPECIFIED.)
GEOMETRIC_REPRESENTATION_ITEM()
RATIONAL_B_SPLINE_SURFACE(((1.,0.707106781186946,1.),(1.,0.707106781186946,
1.),(1.,0.707106781186948,1.),(1.,0.707106781186948,1.)))
REPRESENTATION_ITEM('')
SURFACE()
);
#135=(
BOUNDED_SURFACE()
B_SPLINE_SURFACE(3,3,((#10294,#10295,#10296,#10297,#10298,#10299,#10300,
#10301,#10302,#10303,#10304,#10305,#10306,#10307,#10308,#10309,#10310,#10311,
#10312,#10313,#10314,#10315,#10316),(#10317,#10318,#10319,#10320,#10321,
#10322,#10323,#10324,#10325,#10326,#10327,#10328,#10329,#10330,#10331,#10332,
#10333,#10334,#10335,#10336,#10337,#10338,#10339),(#10340,#10341,#10342,
#10343,#10344,#10345,#10346,#10347,#10348,#10349,#10350,#10351,#10352,#10353,
#10354,#10355,#10356,#10357,#10358,#10359,#10360,#10361,#10362),(#10363,
#10364,#10365,#10366,#10367,#10368,#10369,#10370,#10371,#10372,#10373,#10374,
#10375,#10376,#10377,#10378,#10379,#10380,#10381,#10382,#10383,#10384,#10385),
(#10386,#10387,#10388,#10389,#10390,#10391,#10392,#10393,#10394,#10395,
#10396,#10397,#10398,#10399,#10400,#10401,#10402,#10403,#10404,#10405,#10406,
#10407,#10408),(#10409,#10410,#10411,#10412,#10413,#10414,#10415,#10416,
#10417,#10418,#10419,#10420,#10421,#10422,#10423,#10424,#10425,#10426,#10427,
#10428,#10429,#10430,#10431),(#10432,#10433,#10434,#10435,#10436,#10437,
#10438,#10439,#10440,#10441,#10442,#10443,#10444,#10445,#10446,#10447,#10448,
#10449,#10450,#10451,#10452,#10453,#10454)),.UNSPECIFIED.,.F.,.F.,.F.)
B_SPLINE_SURFACE_WITH_KNOTS((4,3,4),(4,1,1,1,1,1,1,1,1,1,1,1,1,1,1,1,1,
3,4),(0.,0.99009900990099,1.),(0.,0.0911860354319214,0.150715500132872,
0.182372070863843,0.273558106295765,0.301431000265745,0.364744141727686,
0.452146500398617,0.455930177159608,0.547116212591529,0.602862000531489,
0.63830224802345,0.729488283455372,0.753577500664361,0.820674318887293,
0.904293000797234,0.911860354319215,0.99009900990099,1.),.UNSPECIFIED.)
GEOMETRIC_REPRESENTATION_ITEM()
RATIONAL_B_SPLINE_SURFACE(((1.,1.,1.,1.,1.,1.,1.,1.,1.,1.,1.,1.,1.,1.,1.,
1.,1.,1.,1.,1.,1.,1.,1.),(0.996056162058741,0.996056162058741,0.996056162058741,
0.996056162058741,0.996056162058741,0.996056162058741,0.996056162058741,
0.996056162058741,0.996056162058741,0.996056162058741,0.996056162058741,
0.996056162058741,0.996056162058741,0.996056162058741,0.996056162058741,
0.996056162058741,0.996056162058741,0.996056162058741,0.996056162058741,
0.996056162058741,0.996056162058741,0.996056162058741,0.996056162058741),
(0.996056162058741,0.996056162058741,0.996056162058741,0.996056162058741,
0.996056162058741,0.996056162058741,0.996056162058741,0.996056162058741,
0.996056162058741,0.996056162058741,0.996056162058741,0.996056162058741,
0.996056162058741,0.996056162058741,0.996056162058741,0.996056162058741,
0.996056162058741,0.996056162058741,0.996056162058741,0.996056162058741,
0.996056162058741,0.996056162058741,0.996056162058741),(1.,1.,1.,1.,1.,
1.,1.,1.,1.,1.,1.,1.,1.,1.,1.,1.,1.,1.,1.,1.,1.,1.,1.),(1.,1.,1.,1.,1.,
1.,1.,1.,1.,1.,1.,1.,1.,1.,1.,1.,1.,1.,1.,1.,1.,1.,1.),(1.,1.,1.,1.,1.,
1.,1.,1.,1.,1.,1.,1.,1.,1.,1.,1.,1.,1.,1.,1.,1.,1.,1.),(1.,1.,1.,1.,1.,
1.,1.,1.,1.,1.,1.,1.,1.,1.,1.,1.,1.,1.,1.,1.,1.,1.,1.)))
REPRESENTATION_ITEM('')
SURFACE()
);
#136=(
BOUNDED_SURFACE()
B_SPLINE_SURFACE(3,3,((#10566,#10567,#10568,#10569,#10570,#10571,#10572,
#10573,#10574,#10575,#10576,#10577,#10578,#10579,#10580,#10581,#10582,#10583,
#10584,#10585,#10586,#10587,#10588),(#10589,#10590,#10591,#10592,#10593,
#10594,#10595,#10596,#10597,#10598,#10599,#10600,#10601,#10602,#10603,#10604,
#10605,#10606,#10607,#10608,#10609,#10610,#10611),(#10612,#10613,#10614,
#10615,#10616,#10617,#10618,#10619,#10620,#10621,#10622,#10623,#10624,#10625,
#10626,#10627,#10628,#10629,#10630,#10631,#10632,#10633,#10634),(#10635,
#10636,#10637,#10638,#10639,#10640,#10641,#10642,#10643,#10644,#10645,#10646,
#10647,#10648,#10649,#10650,#10651,#10652,#10653,#10654,#10655,#10656,#10657),
(#10658,#10659,#10660,#10661,#10662,#10663,#10664,#10665,#10666,#10667,
#10668,#10669,#10670,#10671,#10672,#10673,#10674,#10675,#10676,#10677,#10678,
#10679,#10680),(#10681,#10682,#10683,#10684,#10685,#10686,#10687,#10688,
#10689,#10690,#10691,#10692,#10693,#10694,#10695,#10696,#10697,#10698,#10699,
#10700,#10701,#10702,#10703),(#10704,#10705,#10706,#10707,#10708,#10709,
#10710,#10711,#10712,#10713,#10714,#10715,#10716,#10717,#10718,#10719,#10720,
#10721,#10722,#10723,#10724,#10725,#10726)),.UNSPECIFIED.,.F.,.F.,.F.)
B_SPLINE_SURFACE_WITH_KNOTS((4,3,4),(4,3,1,1,1,1,1,1,1,1,1,1,1,1,1,1,1,
1,4),(0.,0.0099009900990099,1.),(0.,0.0099009900990099,0.101087025530931,
0.160616490231882,0.192273060962853,0.283459096394775,0.311331990364755,
0.374645131826696,0.462047490497627,0.465831167258618,0.557017202690539,
0.612762990630499,0.64820323812246,0.739389273554382,0.763478490763371,
0.830575308986303,0.914193990896244,0.921761344418225,1.),.UNSPECIFIED.)
GEOMETRIC_REPRESENTATION_ITEM()
RATIONAL_B_SPLINE_SURFACE(((1.,1.,1.,1.,1.,1.,1.,1.,1.,1.,1.,1.,1.,1.,1.,
1.,1.,1.,1.,1.,1.,1.,1.),(1.,1.,1.,1.,1.,1.,1.,1.,1.,1.,1.,1.,1.,1.,1.,
1.,1.,1.,1.,1.,1.,1.,1.),(1.,1.,1.,1.,1.,1.,1.,1.,1.,1.,1.,1.,1.,1.,1.,
1.,1.,1.,1.,1.,1.,1.,1.),(1.,1.,1.,1.,1.,1.,1.,1.,1.,1.,1.,1.,1.,1.,1.,
1.,1.,1.,1.,1.,1.,1.,1.),(0.990543483223757,0.990543483223757,0.990543483223757,
0.990543483223757,0.990543483223757,0.990543483223757,0.990543483223757,
0.990543483223757,0.990543483223757,0.990543483223757,0.990543483223757,
0.990543483223757,0.990543483223757,0.990543483223757,0.990543483223757,
0.990543483223757,0.990543483223757,0.990543483223757,0.990543483223757,
0.990543483223757,0.990543483223757,0.990543483223757,0.990543483223757),
(0.990543483223757,0.990543483223757,0.990543483223757,0.990543483223757,
0.990543483223757,0.990543483223757,0.990543483223757,0.990543483223757,
0.990543483223757,0.990543483223757,0.990543483223757,0.990543483223757,
0.990543483223757,0.990543483223757,0.990543483223757,0.990543483223757,
0.990543483223757,0.990543483223757,0.990543483223757,0.990543483223757,
0.990543483223757,0.990543483223757,0.990543483223757),(1.,1.,1.,1.,1.,
1.,1.,1.,1.,1.,1.,1.,1.,1.,1.,1.,1.,1.,1.,1.,1.,1.,1.)))
REPRESENTATION_ITEM('')
SURFACE()
);
#137=(
BOUNDED_SURFACE()
B_SPLINE_SURFACE(2,3,((#10757,#10758,#10759,#10760,#10761,#10762,#10763,
#10764,#10765,#10766,#10767,#10768,#10769,#10770,#10771,#10772,#10773),
(#10774,#10775,#10776,#10777,#10778,#10779,#10780,#10781,#10782,#10783,
#10784,#10785,#10786,#10787,#10788,#10789,#10790),(#10791,#10792,#10793,
#10794,#10795,#10796,#10797,#10798,#10799,#10800,#10801,#10802,#10803,#10804,
#10805,#10806,#10807)),.UNSPECIFIED.,.F.,.F.,.F.)
B_SPLINE_SURFACE_WITH_KNOTS((3,3),(4,1,1,1,1,1,1,1,1,1,1,3,4),(0.,1.),(0.,
0.0911860354319214,0.182372070863843,0.273558106295765,0.364744141727686,
0.455930177159608,0.547116212591529,0.63830224802345,0.729488283455372,
0.820674318887293,0.911860354319215,0.99009900990099,1.),.UNSPECIFIED.)
GEOMETRIC_REPRESENTATION_ITEM()
RATIONAL_B_SPLINE_SURFACE(((1.,1.,1.,1.,1.,1.,1.,1.,1.,1.,1.,1.,1.,1.,1.,
1.,1.),(0.949220948019627,0.949220948019627,0.949220948019627,0.949220948019627,
0.949220948019627,0.949220948019627,0.949220948019627,0.949220948019627,
0.949220948019627,0.949220948019627,0.949220948019627,0.949220948019627,
0.949220948019627,0.949220948019627,0.949220948019627,0.949220948019627,
0.949220948019627),(1.,1.,1.,1.,1.,1.,1.,1.,1.,1.,1.,1.,1.,1.,1.,1.,1.)))
REPRESENTATION_ITEM('')
SURFACE()
);
#138=(
BOUNDED_SURFACE()
B_SPLINE_SURFACE(3,3,((#11042,#11043,#11044,#11045,#11046,#11047,#11048,
#11049,#11050,#11051,#11052,#11053,#11054,#11055,#11056,#11057,#11058,#11059,
#11060,#11061),(#11062,#11063,#11064,#11065,#11066,#11067,#11068,#11069,
#11070,#11071,#11072,#11073,#11074,#11075,#11076,#11077,#11078,#11079,#11080,
#11081),(#11082,#11083,#11084,#11085,#11086,#11087,#11088,#11089,#11090,
#11091,#11092,#11093,#11094,#11095,#11096,#11097,#11098,#11099,#11100,#11101),
(#11102,#11103,#11104,#11105,#11106,#11107,#11108,#11109,#11110,#11111,
#11112,#11113,#11114,#11115,#11116,#11117,#11118,#11119,#11120,#11121),
(#11122,#11123,#11124,#11125,#11126,#11127,#11128,#11129,#11130,#11131,
#11132,#11133,#11134,#11135,#11136,#11137,#11138,#11139,#11140,#11141),
(#11142,#11143,#11144,#11145,#11146,#11147,#11148,#11149,#11150,#11151,
#11152,#11153,#11154,#11155,#11156,#11157,#11158,#11159,#11160,#11161),
(#11162,#11163,#11164,#11165,#11166,#11167,#11168,#11169,#11170,#11171,
#11172,#11173,#11174,#11175,#11176,#11177,#11178,#11179,#11180,#11181)),
 .UNSPECIFIED.,.F.,.F.,.F.)
B_SPLINE_SURFACE_WITH_KNOTS((4,3,4),(4,1,1,1,1,1,1,1,1,1,1,1,1,1,1,1,1,
4),(0.,0.0099009900990099,1.),(0.,0.0790210421375929,0.086664069196002,
0.171118937923833,0.238886724330001,0.263216833710074,0.355314729496315,
0.391109379464001,0.447412625282556,0.539510521068797,0.543332034598001,
0.631608416855037,0.695554689732001,0.723706312641278,0.815804208427519,
0.847777344866,0.907902104213759,1.),.UNSPECIFIED.)
GEOMETRIC_REPRESENTATION_ITEM()
RATIONAL_B_SPLINE_SURFACE(((1.,1.,1.,1.,1.,1.,1.,1.,1.,1.,1.,1.,1.,1.,1.,
1.,1.,1.,1.,1.),(1.,1.,1.,1.,1.,1.,1.,1.,1.,1.,1.,1.,1.,1.,1.,1.,1.,1.,
1.,1.),(1.,1.,1.,1.,1.,1.,1.,1.,1.,1.,1.,1.,1.,1.,1.,1.,1.,1.,1.,1.),(1.,
1.,1.,1.,1.,1.,1.,1.,1.,1.,1.,1.,1.,1.,1.,1.,1.,1.,1.,1.),(0.990543483223757,
0.990543483223757,0.990543483223757,0.990543483223757,0.990543483223757,
0.990543483223757,0.990543483223757,0.990543483223757,0.990543483223757,
0.990543483223757,0.990543483223757,0.990543483223757,0.990543483223757,
0.990543483223757,0.990543483223757,0.990543483223757,0.990543483223757,
0.990543483223757,0.990543483223757,0.990543483223757),(0.990543483223757,
0.990543483223757,0.990543483223757,0.990543483223757,0.990543483223757,
0.990543483223757,0.990543483223757,0.990543483223757,0.990543483223757,
0.990543483223757,0.990543483223757,0.990543483223757,0.990543483223757,
0.990543483223757,0.990543483223757,0.990543483223757,0.990543483223757,
0.990543483223757,0.990543483223757,0.990543483223757),(1.,1.,1.,1.,1.,
1.,1.,1.,1.,1.,1.,1.,1.,1.,1.,1.,1.,1.,1.,1.)))
REPRESENTATION_ITEM('')
SURFACE()
);
#139=(
BOUNDED_SURFACE()
B_SPLINE_SURFACE(3,3,((#11283,#11284,#11285,#11286,#11287,#11288,#11289,
#11290,#11291,#11292,#11293,#11294,#11295,#11296,#11297,#11298,#11299,#11300,
#11301,#11302,#11303,#11304,#11305),(#11306,#11307,#11308,#11309,#11310,
#11311,#11312,#11313,#11314,#11315,#11316,#11317,#11318,#11319,#11320,#11321,
#11322,#11323,#11324,#11325,#11326,#11327,#11328),(#11329,#11330,#11331,
#11332,#11333,#11334,#11335,#11336,#11337,#11338,#11339,#11340,#11341,#11342,
#11343,#11344,#11345,#11346,#11347,#11348,#11349,#11350,#11351),(#11352,
#11353,#11354,#11355,#11356,#11357,#11358,#11359,#11360,#11361,#11362,#11363,
#11364,#11365,#11366,#11367,#11368,#11369,#11370,#11371,#11372,#11373,#11374),
(#11375,#11376,#11377,#11378,#11379,#11380,#11381,#11382,#11383,#11384,
#11385,#11386,#11387,#11388,#11389,#11390,#11391,#11392,#11393,#11394,#11395,
#11396,#11397),(#11398,#11399,#11400,#11401,#11402,#11403,#11404,#11405,
#11406,#11407,#11408,#11409,#11410,#11411,#11412,#11413,#11414,#11415,#11416,
#11417,#11418,#11419,#11420),(#11421,#11422,#11423,#11424,#11425,#11426,
#11427,#11428,#11429,#11430,#11431,#11432,#11433,#11434,#11435,#11436,#11437,
#11438,#11439,#11440,#11441,#11442,#11443)),.UNSPECIFIED.,.F.,.F.,.F.)
B_SPLINE_SURFACE_WITH_KNOTS((4,3,4),(4,3,1,1,1,1,1,1,1,1,1,1,1,1,1,1,1,
1,4),(0.,0.99009900990099,1.),(0.,0.0099009900990099,0.088139645680785,
0.0957069992039624,0.179325681112706,0.246422499336635,0.270511716544628,
0.36169775197655,0.397137999469308,0.452883787408471,0.544069822840393,
0.547853499601981,0.635255858272314,0.698568999734654,0.726441893704236,
0.817627929136157,0.849284499867327,0.908813964568078,1.),.UNSPECIFIED.)
GEOMETRIC_REPRESENTATION_ITEM()
RATIONAL_B_SPLINE_SURFACE(((1.,1.,1.,1.,1.,1.,1.,1.,1.,1.,1.,1.,1.,1.,1.,
1.,1.,1.,1.,1.,1.,1.,1.),(0.996056162058741,0.996056162058741,0.996056162058741,
0.996056162058741,0.996056162058741,0.996056162058741,0.996056162058741,
0.996056162058741,0.996056162058741,0.996056162058741,0.996056162058741,
0.996056162058741,0.996056162058741,0.996056162058741,0.996056162058741,
0.996056162058741,0.996056162058741,0.996056162058741,0.996056162058741,
0.996056162058741,0.996056162058741,0.996056162058741,0.996056162058741),
(0.996056162058741,0.996056162058741,0.996056162058741,0.996056162058741,
0.996056162058741,0.996056162058741,0.996056162058741,0.996056162058741,
0.996056162058741,0.996056162058741,0.996056162058741,0.996056162058741,
0.996056162058741,0.996056162058741,0.996056162058741,0.996056162058741,
0.996056162058741,0.996056162058741,0.996056162058741,0.996056162058741,
0.996056162058741,0.996056162058741,0.996056162058741),(1.,1.,1.,1.,1.,
1.,1.,1.,1.,1.,1.,1.,1.,1.,1.,1.,1.,1.,1.,1.,1.,1.,1.),(1.,1.,1.,1.,1.,
1.,1.,1.,1.,1.,1.,1.,1.,1.,1.,1.,1.,1.,1.,1.,1.,1.,1.),(1.,1.,1.,1.,1.,
1.,1.,1.,1.,1.,1.,1.,1.,1.,1.,1.,1.,1.,1.,1.,1.,1.,1.),(1.,1.,1.,1.,1.,
1.,1.,1.,1.,1.,1.,1.,1.,1.,1.,1.,1.,1.,1.,1.,1.,1.,1.)))
REPRESENTATION_ITEM('')
SURFACE()
);
#140=(
BOUNDED_SURFACE()
B_SPLINE_SURFACE(2,3,((#11444,#11445,#11446,#11447,#11448,#11449,#11450,
#11451,#11452,#11453,#11454,#11455,#11456,#11457,#11458,#11459,#11460),
(#11461,#11462,#11463,#11464,#11465,#11466,#11467,#11468,#11469,#11470,
#11471,#11472,#11473,#11474,#11475,#11476,#11477),(#11478,#11479,#11480,
#11481,#11482,#11483,#11484,#11485,#11486,#11487,#11488,#11489,#11490,#11491,
#11492,#11493,#11494)),.UNSPECIFIED.,.F.,.F.,.F.)
B_SPLINE_SURFACE_WITH_KNOTS((3,3),(4,3,1,1,1,1,1,1,1,1,1,1,4),(0.,1.),(0.,
0.0099009900990099,0.088139645680785,0.179325681112706,0.270511716544628,
0.36169775197655,0.452883787408471,0.544069822840393,0.635255858272314,
0.726441893704236,0.817627929136157,0.908813964568078,1.),.UNSPECIFIED.)
GEOMETRIC_REPRESENTATION_ITEM()
RATIONAL_B_SPLINE_SURFACE(((1.,1.,1.,1.,1.,1.,1.,1.,1.,1.,1.,1.,1.,1.,1.,
1.,1.),(0.949220948019627,0.949220948019627,0.949220948019627,0.949220948019627,
0.949220948019627,0.949220948019627,0.949220948019627,0.949220948019627,
0.949220948019627,0.949220948019627,0.949220948019627,0.949220948019627,
0.949220948019627,0.949220948019627,0.949220948019627,0.949220948019627,
0.949220948019627),(1.,1.,1.,1.,1.,1.,1.,1.,1.,1.,1.,1.,1.,1.,1.,1.,1.)))
REPRESENTATION_ITEM('')
SURFACE()
);
#141=FACE_BOUND('',#687,.T.);
#142=FACE_BOUND('',#688,.T.);
#143=FACE_BOUND('',#689,.T.);
#144=FACE_BOUND('',#690,.T.);
#145=FACE_BOUND('',#700,.T.);
#146=FACE_BOUND('',#701,.T.);
#147=(
BOUNDED_CURVE()
B_SPLINE_CURVE(3,(#5645,#5646,#5647,#5648),.UNSPECIFIED.,.F.,.F.)
B_SPLINE_CURVE_WITH_KNOTS((4,4),(0.,1.),.UNSPECIFIED.)
CURVE()
GEOMETRIC_REPRESENTATION_ITEM()
RATIONAL_B_SPLINE_CURVE((0.520094640349063,0.493301786550313,0.493301786550312,
0.520094640349063))
REPRESENTATION_ITEM('')
);
#148=(
BOUNDED_CURVE()
B_SPLINE_CURVE(3,(#6114,#6115,#6116,#6117,#6118,#6119,#6120),
 .UNSPECIFIED.,.F.,.F.)
B_SPLINE_CURVE_WITH_KNOTS((4,3,4),(0.,0.999959249437978,1.),
 .UNSPECIFIED.)
CURVE()
GEOMETRIC_REPRESENTATION_ITEM()
RATIONAL_B_SPLINE_CURVE((1.,0.990543483223757,0.990543483223757,1.,1.,1.,
1.))
REPRESENTATION_ITEM('')
);
#149=(
BOUNDED_CURVE()
B_SPLINE_CURVE(3,(#6127,#6128,#6129,#6130,#6131,#6132,#6133),
 .UNSPECIFIED.,.F.,.F.)
B_SPLINE_CURVE_WITH_KNOTS((4,3,4),(0.,0.99997764696334,1.),
 .UNSPECIFIED.)
CURVE()
GEOMETRIC_REPRESENTATION_ITEM()
RATIONAL_B_SPLINE_CURVE((1.,0.996056162058741,0.996056162058741,1.,1.,1.,
1.))
REPRESENTATION_ITEM('')
);
#150=(
BOUNDED_CURVE()
B_SPLINE_CURVE(3,(#6150,#6151,#6152,#6153),.UNSPECIFIED.,.F.,.F.)
B_SPLINE_CURVE_WITH_KNOTS((4,4),(0.,1.),.UNSPECIFIED.)
CURVE()
GEOMETRIC_REPRESENTATION_ITEM()
RATIONAL_B_SPLINE_CURVE((0.812130100871358,0.805480368747804,0.798736470550116,
0.79214932047321))
REPRESENTATION_ITEM('')
);
#151=(
BOUNDED_CURVE()
B_SPLINE_CURVE(2,(#6175,#6176,#6177),.UNSPECIFIED.,.F.,.F.)
B_SPLINE_CURVE_WITH_KNOTS((3,3),(0.,1.),.UNSPECIFIED.)
CURVE()
GEOMETRIC_REPRESENTATION_ITEM()
RATIONAL_B_SPLINE_CURVE((0.991100897450736,0.995072244083355,1.))
REPRESENTATION_ITEM('')
);
#152=(
BOUNDED_CURVE()
B_SPLINE_CURVE(2,(#6179,#6180,#6181),.UNSPECIFIED.,.F.,.F.)
B_SPLINE_CURVE_WITH_KNOTS((3,3),(0.,1.),.UNSPECIFIED.)
CURVE()
GEOMETRIC_REPRESENTATION_ITEM()
RATIONAL_B_SPLINE_CURVE((1.,0.954148720473485,0.991100870795609))
REPRESENTATION_ITEM('')
);
#153=(
BOUNDED_CURVE()
B_SPLINE_CURVE(3,(#6297,#6298,#6299,#6300,#6301,#6302,#6303),
 .UNSPECIFIED.,.F.,.F.)
B_SPLINE_CURVE_WITH_KNOTS((4,3,4),(0.,0.999815757232895,1.),
 .UNSPECIFIED.)
CURVE()
GEOMETRIC_REPRESENTATION_ITEM()
RATIONAL_B_SPLINE_CURVE((0.998672406050843,0.999049514408929,0.999492045725315,
1.,1.,1.,1.))
REPRESENTATION_ITEM('')
);
#154=(
BOUNDED_CURVE()
B_SPLINE_CURVE(3,(#6305,#6306,#6307,#6308),.UNSPECIFIED.,.F.,.F.)
B_SPLINE_CURVE_WITH_KNOTS((4,4),(0.,1.),.UNSPECIFIED.)
CURVE()
GEOMETRIC_REPRESENTATION_ITEM()
RATIONAL_B_SPLINE_CURVE((1.,0.996564116333426,0.99612158501704,0.998672406050843))
REPRESENTATION_ITEM('')
);
#155=(
BOUNDED_CURVE()
B_SPLINE_CURVE(3,(#6315,#6316,#6317,#6318),.UNSPECIFIED.,.F.,.F.)
B_SPLINE_CURVE_WITH_KNOTS((4,4),(0.,1.),.UNSPECIFIED.)
CURVE()
GEOMETRIC_REPRESENTATION_ITEM()
RATIONAL_B_SPLINE_CURVE((1.,0.990543483223757,0.990543483223757,1.))
REPRESENTATION_ITEM('')
);
#156=(
BOUNDED_CURVE()
B_SPLINE_CURVE(2,(#6394,#6395,#6396),.UNSPECIFIED.,.F.,.F.)
B_SPLINE_CURVE_WITH_KNOTS((3,3),(0.,1.),.UNSPECIFIED.)
CURVE()
GEOMETRIC_REPRESENTATION_ITEM()
RATIONAL_B_SPLINE_CURVE((0.991136565326753,0.954126587049384,1.))
REPRESENTATION_ITEM('')
);
#157=(
BOUNDED_CURVE()
B_SPLINE_CURVE(2,(#6398,#6399,#6400),.UNSPECIFIED.,.F.,.F.)
B_SPLINE_CURVE_WITH_KNOTS((3,3),(0.,1.),.UNSPECIFIED.)
CURVE()
GEOMETRIC_REPRESENTATION_ITEM()
RATIONAL_B_SPLINE_CURVE((1.,0.995135822663816,0.991203534373807))
REPRESENTATION_ITEM('')
);
#158=(
BOUNDED_CURVE()
B_SPLINE_CURVE(1,(#7831,#7832),.UNSPECIFIED.,.F.,.F.)
B_SPLINE_CURVE_WITH_KNOTS((2,2),(0.,1.),.UNSPECIFIED.)
CURVE()
GEOMETRIC_REPRESENTATION_ITEM()
RATIONAL_B_SPLINE_CURVE((1.00541766441262,1.))
REPRESENTATION_ITEM('')
);
#159=(
BOUNDED_CURVE()
B_SPLINE_CURVE(1,(#7870,#7871),.UNSPECIFIED.,.F.,.F.)
B_SPLINE_CURVE_WITH_KNOTS((2,2),(0.,1.),.UNSPECIFIED.)
CURVE()
GEOMETRIC_REPRESENTATION_ITEM()
RATIONAL_B_SPLINE_CURVE((1.01517700252591,1.00541766441262))
REPRESENTATION_ITEM('')
);
#160=(
BOUNDED_CURVE()
B_SPLINE_CURVE(3,(#7964,#7965,#7966,#7967,#7968,#7969,#7970,#7971,#7972,
#7973,#7974,#7975,#7976,#7977),.UNSPECIFIED.,.F.,.F.)
B_SPLINE_CURVE_WITH_KNOTS((4,1,1,1,1,1,1,1,1,1,1,4),(0.,0.0790210421581966,
0.171118937942377,0.263216833726557,0.355314729510738,0.447412625294918,
0.539510521079098,0.631608416863279,0.723706312647459,0.815804208431639,
0.90790210421582,1.),.UNSPECIFIED.)
CURVE()
GEOMETRIC_REPRESENTATION_ITEM()
RATIONAL_B_SPLINE_CURVE((0.777553072819683,0.776083805496677,0.773027837829787,
0.768745853826905,0.764724265026993,0.761175804321189,0.758100471709491,
0.755498267191901,0.753369190768419,0.751713242439043,0.750530422203775,
0.749820730062614,0.749663020697912,0.749663020697912))
REPRESENTATION_ITEM('')
);
#161=(
BOUNDED_CURVE()
B_SPLINE_CURVE(3,(#8118,#8119,#8120,#8121,#8122,#8123,#8124,#8125,#8126,
#8127,#8128,#8129,#8130,#8131),.UNSPECIFIED.,.F.,.F.)
B_SPLINE_CURVE_WITH_KNOTS((4,1,1,1,1,1,1,1,1,1,1,4),(0.,0.0790210421581966,
0.171118937942377,0.263216833726557,0.355314729510738,0.447412625294918,
0.539510521079098,0.631608416863279,0.723706312647459,0.815804208431639,
0.90790210421582,1.),.UNSPECIFIED.)
CURVE()
GEOMETRIC_REPRESENTATION_ITEM()
RATIONAL_B_SPLINE_CURVE((0.79214932047321,0.790776461718251,0.78792101676234,
0.783920002695733,0.780162297541364,0.776846675346333,0.773973136110639,
0.771541679834283,0.769552306517264,0.768005016159583,0.766899808761239,
0.766236684322233,0.766089323335787,0.766089323335787))
REPRESENTATION_ITEM('')
);
#162=(
BOUNDED_CURVE()
B_SPLINE_CURVE(3,(#8133,#8134,#8135,#8136),.UNSPECIFIED.,.F.,.F.)
B_SPLINE_CURVE_WITH_KNOTS((4,4),(0.,1.),.UNSPECIFIED.)
CURVE()
GEOMETRIC_REPRESENTATION_ITEM()
RATIONAL_B_SPLINE_CURVE((0.766089323335787,0.7534211311204,0.747997475443277,
0.749663020697912))
REPRESENTATION_ITEM('')
);
#163=(
BOUNDED_CURVE()
B_SPLINE_CURVE(3,(#8197,#8198,#8199,#8200,#8201,#8202,#8203,#8204,#8205,
#8206,#8207,#8208,#8209,#8210),.UNSPECIFIED.,.F.,.F.)
B_SPLINE_CURVE_WITH_KNOTS((4,1,1,1,1,1,1,1,1,1,1,4),(0.,0.0790210421581966,
0.171118937942377,0.263216833726557,0.355314729510738,0.447412625294918,
0.539510521079098,0.631608416863279,0.723706312647459,0.815804208431639,
0.90790210421582,1.),.UNSPECIFIED.)
CURVE()
GEOMETRIC_REPRESENTATION_ITEM()
RATIONAL_B_SPLINE_CURVE((0.812130100871358,0.810889215653185,0.808308265920156,
0.804691871156295,0.801295395908229,0.798298505983464,0.795701201382002,
0.793503482103842,0.791705348148983,0.790306799517427,0.789307836209172,
0.788708458224219,0.788575263116452,0.788575263116452))
REPRESENTATION_ITEM('')
);
#164=(
BOUNDED_CURVE()
B_SPLINE_CURVE(3,(#8212,#8213,#8214,#8215),.UNSPECIFIED.,.F.,.F.)
B_SPLINE_CURVE_WITH_KNOTS((4,4),(0.,1.),.UNSPECIFIED.)
CURVE()
GEOMETRIC_REPRESENTATION_ITEM()
RATIONAL_B_SPLINE_CURVE((0.788575263116452,0.781091797850918,0.773502360114332,
0.766089323335787))
REPRESENTATION_ITEM('')
);
#165=(
BOUNDED_CURVE()
B_SPLINE_CURVE(3,(#8276,#8277,#8278,#8279),.UNSPECIFIED.,.F.,.F.)
B_SPLINE_CURVE_WITH_KNOTS((4,4),(0.,1.),.UNSPECIFIED.)
CURVE()
GEOMETRIC_REPRESENTATION_ITEM()
RATIONAL_B_SPLINE_CURVE((1.,0.925859191400004,0.855662220737119,0.788575263116452))
REPRESENTATION_ITEM('')
);
#166=(
BOUNDED_CURVE()
B_SPLINE_CURVE(3,(#8440,#8441,#8442,#8443,#8444,#8445,#8446,#8447,#8448,
#8449,#8450,#8451,#8452,#8453),.UNSPECIFIED.,.F.,.F.)
B_SPLINE_CURVE_WITH_KNOTS((4,1,1,1,1,1,1,1,1,1,1,4),(0.,0.0921440576316438,
0.184288115263288,0.276432172894931,0.368576230526575,0.460720288158218,
0.552864345789863,0.645008403421506,0.73715246105315,0.829296518684793,
0.921440576316438,1.),.UNSPECIFIED.)
CURVE()
GEOMETRIC_REPRESENTATION_ITEM()
RATIONAL_B_SPLINE_CURVE((0.749663020697912,0.749663020697912,0.749820730062619,
0.750530422203803,0.75171324243911,0.75336919076854,0.755498267192092,0.758100471709767,
0.761175804321565,0.764724265027485,0.768745853827528,0.773019688025342,
0.776065914280284,0.777525135395798))
REPRESENTATION_ITEM('')
);
#167=(
BOUNDED_CURVE()
B_SPLINE_CURVE(3,(#8455,#8456,#8457,#8458,#8459,#8460,#8461,#8462,#8463,
#8464,#8465,#8466,#8467,#8468),.UNSPECIFIED.,.F.,.F.)
B_SPLINE_CURVE_WITH_KNOTS((4,1,1,1,1,1,1,1,1,1,1,4),(0.,0.0920978957856855,
0.184195791571371,0.276293687357057,0.368391583142742,0.460489478928427,
0.552587374714113,0.644685270499798,0.736783166285484,0.828881062071169,
0.920978957856855,1.),.UNSPECIFIED.)
CURVE()
GEOMETRIC_REPRESENTATION_ITEM()
RATIONAL_B_SPLINE_CURVE((0.766089323335787,0.766089323335787,0.766236684322237,
0.766899808761265,0.768005016159645,0.769552306517377,0.771541679834461,
0.773973136110897,0.776846675346684,0.780162297541824,0.783920002696316,
0.787921016762805,0.790776461718513,0.79214932047321))
REPRESENTATION_ITEM('')
);
#168=(
BOUNDED_CURVE()
B_SPLINE_CURVE(3,(#8525,#8526,#8527,#8528,#8529,#8530,#8531,#8532,#8533,
#8534,#8535,#8536,#8537,#8538),.UNSPECIFIED.,.F.,.F.)
B_SPLINE_CURVE_WITH_KNOTS((4,1,1,1,1,1,1,1,1,1,1,4),(0.,0.0920978957856855,
0.184195791571371,0.276293687357057,0.368391583142742,0.460489478928427,
0.552587374714113,0.644685270499798,0.736783166285484,0.828881062071169,
0.920978957856855,1.),.UNSPECIFIED.)
CURVE()
GEOMETRIC_REPRESENTATION_ITEM()
RATIONAL_B_SPLINE_CURVE((0.788575263116452,0.788575263116452,0.788708458224223,
0.789307836209196,0.790306799517483,0.791705348149086,0.793503482104003,
0.795701201382235,0.798298505983782,0.801295395908644,0.804691871156821,
0.808308265920577,0.810889215653421,0.812130100871358))
REPRESENTATION_ITEM('')
);
#169=(
BOUNDED_CURVE()
B_SPLINE_CURVE(3,(#8651,#8652,#8653,#8654),.UNSPECIFIED.,.F.,.F.)
B_SPLINE_CURVE_WITH_KNOTS((4,4),(0.,1.),.UNSPECIFIED.)
CURVE()
GEOMETRIC_REPRESENTATION_ITEM()
RATIONAL_B_SPLINE_CURVE((0.520094640349063,0.67957967996756,0.839082235178141,
0.998608623279409))
REPRESENTATION_ITEM('')
);
#170=(
BOUNDED_CURVE()
B_SPLINE_CURVE(1,(#10206,#10207),.UNSPECIFIED.,.F.,.F.)
B_SPLINE_CURVE_WITH_KNOTS((2,2),(0.,1.),.UNSPECIFIED.)
CURVE()
GEOMETRIC_REPRESENTATION_ITEM()
RATIONAL_B_SPLINE_CURVE((1.00541766441262,1.))
REPRESENTATION_ITEM('')
);
#171=(
BOUNDED_CURVE()
B_SPLINE_CURVE(1,(#10245,#10246),.UNSPECIFIED.,.F.,.F.)
B_SPLINE_CURVE_WITH_KNOTS((2,2),(0.,1.),.UNSPECIFIED.)
CURVE()
GEOMETRIC_REPRESENTATION_ITEM()
RATIONAL_B_SPLINE_CURVE((1.0151770025259,1.00541766441262))
REPRESENTATION_ITEM('')
);
#172=(
BOUNDED_CURVE()
B_SPLINE_CURVE(3,(#11022,#11023,#11024,#11025,#11026,#11027,#11028,#11029,
#11030,#11031,#11032,#11033,#11034,#11035,#11036,#11037,#11038,#11039,#11040,
#11041),.UNSPECIFIED.,.F.,.F.)
B_SPLINE_CURVE_WITH_KNOTS((4,1,1,1,1,1,1,1,1,1,1,1,1,1,1,1,1,4),(0.,0.0790210421375929,
0.086664069196002,0.171118937923833,0.238886724330001,0.263216833710074,
0.355314729496315,0.391109379464001,0.447412625282556,0.539510521068797,
0.543332034598001,0.631608416855037,0.695554689732001,0.723706312641278,
0.815804208427519,0.847777344866,0.907902104213759,1.),.UNSPECIFIED.)
CURVE()
GEOMETRIC_REPRESENTATION_ITEM()
RATIONAL_B_SPLINE_CURVE((1.,1.,1.,1.,1.,1.,1.,1.,1.,1.,1.,1.,1.,1.,1.,1.,
1.,1.,1.,1.))
REPRESENTATION_ITEM('')
);
#173=B_SPLINE_SURFACE_WITH_KNOTS('',3,3,((#3899,#3900,#3901,#3902),(#3903,
#3904,#3905,#3906),(#3907,#3908,#3909,#3910),(#3911,#3912,#3913,#3914),
(#3915,#3916,#3917,#3918),(#3919,#3920,#3921,#3922),(#3923,#3924,#3925,
#3926),(#3927,#3928,#3929,#3930),(#3931,#3932,#3933,#3934),(#3935,#3936,
#3937,#3938),(#3939,#3940,#3941,#3942),(#3943,#3944,#3945,#3946),(#3947,
#3948,#3949,#3950),(#3951,#3952,#3953,#3954),(#3955,#3956,#3957,#3958),
(#3959,#3960,#3961,#3962),(#3963,#3964,#3965,#3966),(#3967,#3968,#3969,
#3970),(#3971,#3972,#3973,#3974),(#3975,#3976,#3977,#3978),(#3979,#3980,
#3981,#3982),(#3983,#3984,#3985,#3986),(#3987,#3988,#3989,#3990),(#3991,
#3992,#3993,#3994),(#3995,#3996,#3997,#3998),(#3999,#4000,#4001,#4002),
(#4003,#4004,#4005,#4006),(#4007,#4008,#4009,#4010),(#4011,#4012,#4013,
#4014),(#4015,#4016,#4017,#4018),(#4019,#4020,#4021,#4022),(#4023,#4024,
#4025,#4026),(#4027,#4028,#4029,#4030)),.UNSPECIFIED.,.F.,.F.,.F.,(4,1,
1,1,1,1,1,1,1,1,1,1,1,1,1,1,1,1,1,1,1,1,1,1,1,1,1,1,1,1,4),(4,4),(0.,0.25,
0.375,0.4375,0.46875,0.4765625,0.48046875,0.484375,0.48486328125,0.4853515625,
0.486328125,0.48828125,0.4921875,0.49609375,0.5,0.50390625,0.505859375,
0.5068359375,0.50732421875,0.507568359375,0.5078125,0.50830078125,0.5087890625,
0.509765625,0.51171875,0.515625,0.53125,0.5625,0.625,0.75,1.),(0.,1.),
 .UNSPECIFIED.);
#174=B_SPLINE_SURFACE_WITH_KNOTS('',3,3,((#4068,#4069,#4070,#4071),(#4072,
#4073,#4074,#4075),(#4076,#4077,#4078,#4079),(#4080,#4081,#4082,#4083),
(#4084,#4085,#4086,#4087),(#4088,#4089,#4090,#4091),(#4092,#4093,#4094,
#4095),(#4096,#4097,#4098,#4099),(#4100,#4101,#4102,#4103),(#4104,#4105,
#4106,#4107),(#4108,#4109,#4110,#4111),(#4112,#4113,#4114,#4115),(#4116,
#4117,#4118,#4119),(#4120,#4121,#4122,#4123),(#4124,#4125,#4126,#4127),
(#4128,#4129,#4130,#4131),(#4132,#4133,#4134,#4135),(#4136,#4137,#4138,
#4139),(#4140,#4141,#4142,#4143),(#4144,#4145,#4146,#4147),(#4148,#4149,
#4150,#4151),(#4152,#4153,#4154,#4155),(#4156,#4157,#4158,#4159),(#4160,
#4161,#4162,#4163),(#4164,#4165,#4166,#4167),(#4168,#4169,#4170,#4171),
(#4172,#4173,#4174,#4175),(#4176,#4177,#4178,#4179),(#4180,#4181,#4182,
#4183),(#4184,#4185,#4186,#4187),(#4188,#4189,#4190,#4191),(#4192,#4193,
#4194,#4195),(#4196,#4197,#4198,#4199),(#4200,#4201,#4202,#4203)),
 .UNSPECIFIED.,.F.,.F.,.F.,(4,1,1,1,1,1,1,1,1,1,1,1,1,1,1,1,1,1,1,1,1,1,
1,1,1,1,1,1,1,1,1,4),(4,4),(0.,0.25,0.375,0.4375,0.46875,0.4765625,0.48046875,
0.482421875,0.4833984375,0.48388671875,0.484375,0.486328125,0.48828125,
0.4921875,0.49609375,0.5,0.50390625,0.505859375,0.5068359375,0.50732421875,
0.507568359375,0.5078125,0.50830078125,0.5087890625,0.509765625,0.51171875,
0.515625,0.53125,0.5625,0.625,0.75,1.),(0.,1.),.UNSPECIFIED.);
#175=B_SPLINE_SURFACE_WITH_KNOTS('',3,3,((#4398,#4399,#4400,#4401,#4402,
#4403,#4404,#4405,#4406,#4407,#4408,#4409,#4410,#4411),(#4412,#4413,#4414,
#4415,#4416,#4417,#4418,#4419,#4420,#4421,#4422,#4423,#4424,#4425),(#4426,
#4427,#4428,#4429,#4430,#4431,#4432,#4433,#4434,#4435,#4436,#4437,#4438,
#4439),(#4440,#4441,#4442,#4443,#4444,#4445,#4446,#4447,#4448,#4449,#4450,
#4451,#4452,#4453),(#4454,#4455,#4456,#4457,#4458,#4459,#4460,#4461,#4462,
#4463,#4464,#4465,#4466,#4467),(#4468,#4469,#4470,#4471,#4472,#4473,#4474,
#4475,#4476,#4477,#4478,#4479,#4480,#4481),(#4482,#4483,#4484,#4485,#4486,
#4487,#4488,#4489,#4490,#4491,#4492,#4493,#4494,#4495),(#4496,#4497,#4498,
#4499,#4500,#4501,#4502,#4503,#4504,#4505,#4506,#4507,#4508,#4509),(#4510,
#4511,#4512,#4513,#4514,#4515,#4516,#4517,#4518,#4519,#4520,#4521,#4522,
#4523),(#4524,#4525,#4526,#4527,#4528,#4529,#4530,#4531,#4532,#4533,#4534,
#4535,#4536,#4537),(#4538,#4539,#4540,#4541,#4542,#4543,#4544,#4545,#4546,
#4547,#4548,#4549,#4550,#4551),(#4552,#4553,#4554,#4555,#4556,#4557,#4558,
#4559,#4560,#4561,#4562,#4563,#4564,#4565),(#4566,#4567,#4568,#4569,#4570,
#4571,#4572,#4573,#4574,#4575,#4576,#4577,#4578,#4579)),.UNSPECIFIED.,.F.,
 .F.,.F.,(4,1,1,1,1,1,1,1,1,1,4),(4,3,1,1,1,1,1,1,1,4),(0.,0.125,0.25,0.375,
0.4375,0.5,0.5625,0.625,0.75,0.875,1.),(0.,0.0099009900990099,0.133663366336634,
0.257425742574257,0.381188118811881,0.504950495049505,0.628712871287129,
0.752475247524752,0.876237623762376,1.),.UNSPECIFIED.);
#176=B_SPLINE_SURFACE_WITH_KNOTS('',3,3,((#4670,#4671,#4672,#4673,#4674,
#4675,#4676,#4677,#4678,#4679,#4680,#4681,#4682,#4683),(#4684,#4685,#4686,
#4687,#4688,#4689,#4690,#4691,#4692,#4693,#4694,#4695,#4696,#4697),(#4698,
#4699,#4700,#4701,#4702,#4703,#4704,#4705,#4706,#4707,#4708,#4709,#4710,
#4711),(#4712,#4713,#4714,#4715,#4716,#4717,#4718,#4719,#4720,#4721,#4722,
#4723,#4724,#4725),(#4726,#4727,#4728,#4729,#4730,#4731,#4732,#4733,#4734,
#4735,#4736,#4737,#4738,#4739),(#4740,#4741,#4742,#4743,#4744,#4745,#4746,
#4747,#4748,#4749,#4750,#4751,#4752,#4753),(#4754,#4755,#4756,#4757,#4758,
#4759,#4760,#4761,#4762,#4763,#4764,#4765,#4766,#4767),(#4768,#4769,#4770,
#4771,#4772,#4773,#4774,#4775,#4776,#4777,#4778,#4779,#4780,#4781),(#4782,
#4783,#4784,#4785,#4786,#4787,#4788,#4789,#4790,#4791,#4792,#4793,#4794,
#4795),(#4796,#4797,#4798,#4799,#4800,#4801,#4802,#4803,#4804,#4805,#4806,
#4807,#4808,#4809),(#4810,#4811,#4812,#4813,#4814,#4815,#4816,#4817,#4818,
#4819,#4820,#4821,#4822,#4823),(#4824,#4825,#4826,#4827,#4828,#4829,#4830,
#4831,#4832,#4833,#4834,#4835,#4836,#4837),(#4838,#4839,#4840,#4841,#4842,
#4843,#4844,#4845,#4846,#4847,#4848,#4849,#4850,#4851),(#4852,#4853,#4854,
#4855,#4856,#4857,#4858,#4859,#4860,#4861,#4862,#4863,#4864,#4865),(#4866,
#4867,#4868,#4869,#4870,#4871,#4872,#4873,#4874,#4875,#4876,#4877,#4878,
#4879),(#4880,#4881,#4882,#4883,#4884,#4885,#4886,#4887,#4888,#4889,#4890,
#4891,#4892,#4893),(#4894,#4895,#4896,#4897,#4898,#4899,#4900,#4901,#4902,
#4903,#4904,#4905,#4906,#4907),(#4908,#4909,#4910,#4911,#4912,#4913,#4914,
#4915,#4916,#4917,#4918,#4919,#4920,#4921),(#4922,#4923,#4924,#4925,#4926,
#4927,#4928,#4929,#4930,#4931,#4932,#4933,#4934,#4935),(#4936,#4937,#4938,
#4939,#4940,#4941,#4942,#4943,#4944,#4945,#4946,#4947,#4948,#4949)),
 .UNSPECIFIED.,.F.,.F.,.F.,(4,3,1,1,1,1,1,1,1,1,1,1,1,1,1,4),(4,3,1,1,1,
1,1,1,1,4),(0.,0.0099009900990099,0.133663366336634,0.257425742574257,0.381188118811881,
0.412128712871287,0.443069306930693,0.474009900990099,0.504950495049505,
0.535891089108911,0.566831683168317,0.597772277227723,0.628712871287129,
0.752475247524752,0.876237623762376,1.),(0.,0.0099009900990099,0.133663366336634,
0.257425742574257,0.381188118811881,0.504950495049505,0.628712871287129,
0.752475247524752,0.876237623762376,1.),.UNSPECIFIED.);
#177=B_SPLINE_SURFACE_WITH_KNOTS('',3,3,((#5112,#5113,#5114,#5115),(#5116,
#5117,#5118,#5119),(#5120,#5121,#5122,#5123),(#5124,#5125,#5126,#5127),
(#5128,#5129,#5130,#5131),(#5132,#5133,#5134,#5135),(#5136,#5137,#5138,
#5139),(#5140,#5141,#5142,#5143),(#5144,#5145,#5146,#5147),(#5148,#5149,
#5150,#5151),(#5152,#5153,#5154,#5155),(#5156,#5157,#5158,#5159),(#5160,
#5161,#5162,#5163),(#5164,#5165,#5166,#5167),(#5168,#5169,#5170,#5171),
(#5172,#5173,#5174,#5175),(#5176,#5177,#5178,#5179),(#5180,#5181,#5182,
#5183),(#5184,#5185,#5186,#5187),(#5188,#5189,#5190,#5191),(#5192,#5193,
#5194,#5195),(#5196,#5197,#5198,#5199),(#5200,#5201,#5202,#5203),(#5204,
#5205,#5206,#5207),(#5208,#5209,#5210,#5211),(#5212,#5213,#5214,#5215),
(#5216,#5217,#5218,#5219),(#5220,#5221,#5222,#5223),(#5224,#5225,#5226,
#5227),(#5228,#5229,#5230,#5231),(#5232,#5233,#5234,#5235),(#5236,#5237,
#5238,#5239),(#5240,#5241,#5242,#5243),(#5244,#5245,#5246,#5247),(#5248,
#5249,#5250,#5251),(#5252,#5253,#5254,#5255),(#5256,#5257,#5258,#5259),
(#5260,#5261,#5262,#5263),(#5264,#5265,#5266,#5267),(#5268,#5269,#5270,
#5271)),.UNSPECIFIED.,.F.,.F.,.F.,(4,1,1,1,1,1,1,1,1,1,1,1,1,1,1,1,1,1,
1,1,1,1,1,1,1,1,1,1,1,1,1,1,1,1,1,1,1,4),(4,4),(0.,0.0009765625,0.001953125,
0.00390625,0.0078125,0.015625,0.03125,0.046875,0.0625,0.125,0.1875,0.203125,
0.21875,0.25,0.3125,0.375,0.4375,0.5,0.5625,0.625,0.6875,0.71875,0.75,0.765625,
0.78125,0.796875,0.8125,0.875,0.9375,0.953125,0.96875,0.984375,0.9921875,
0.99609375,0.998046875,0.9990234375,0.99951171875,1.),(0.,1.),
 .UNSPECIFIED.);
#178=B_SPLINE_SURFACE_WITH_KNOTS('',3,3,((#5402,#5403,#5404,#5405),(#5406,
#5407,#5408,#5409),(#5410,#5411,#5412,#5413),(#5414,#5415,#5416,#5417),
(#5418,#5419,#5420,#5421),(#5422,#5423,#5424,#5425),(#5426,#5427,#5428,
#5429),(#5430,#5431,#5432,#5433),(#5434,#5435,#5436,#5437),(#5438,#5439,
#5440,#5441),(#5442,#5443,#5444,#5445),(#5446,#5447,#5448,#5449),(#5450,
#5451,#5452,#5453),(#5454,#5455,#5456,#5457),(#5458,#5459,#5460,#5461),
(#5462,#5463,#5464,#5465),(#5466,#5467,#5468,#5469),(#5470,#5471,#5472,
#5473),(#5474,#5475,#5476,#5477),(#5478,#5479,#5480,#5481),(#5482,#5483,
#5484,#5485),(#5486,#5487,#5488,#5489),(#5490,#5491,#5492,#5493),(#5494,
#5495,#5496,#5497),(#5498,#5499,#5500,#5501),(#5502,#5503,#5504,#5505),
(#5506,#5507,#5508,#5509),(#5510,#5511,#5512,#5513),(#5514,#5515,#5516,
#5517),(#5518,#5519,#5520,#5521),(#5522,#5523,#5524,#5525),(#5526,#5527,
#5528,#5529),(#5530,#5531,#5532,#5533),(#5534,#5535,#5536,#5537),(#5538,
#5539,#5540,#5541),(#5542,#5543,#5544,#5545),(#5546,#5547,#5548,#5549),
(#5550,#5551,#5552,#5553),(#5554,#5555,#5556,#5557),(#5558,#5559,#5560,
#5561),(#5562,#5563,#5564,#5565),(#5566,#5567,#5568,#5569),(#5570,#5571,
#5572,#5573)),.UNSPECIFIED.,.F.,.F.,.F.,(4,1,1,1,1,1,1,1,1,1,1,1,1,1,1,
1,1,1,1,1,1,1,1,1,1,1,1,1,1,1,1,1,1,1,1,1,1,1,1,1,4),(4,4),(0.,0.00048828125,
0.0009765625,0.001953125,0.00390625,0.0078125,0.015625,0.03125,0.046875,
0.0625,0.09375,0.109375,0.125,0.12890625,0.1328125,0.140625,0.15625,0.1875,
0.25,0.375,0.5,0.625,0.75,0.8125,0.84375,0.859375,0.8671875,0.87109375,
0.875,0.890625,0.90625,0.9375,0.953125,0.96875,0.984375,0.9921875,0.99609375,
0.998046875,0.9990234375,0.99951171875,1.),(0.,1.),.UNSPECIFIED.);
#179=B_SPLINE_SURFACE_WITH_KNOTS('',3,3,((#5867,#5868,#5869,#5870,#5871),
(#5872,#5873,#5874,#5875,#5876),(#5877,#5878,#5879,#5880,#5881),(#5882,
#5883,#5884,#5885,#5886),(#5887,#5888,#5889,#5890,#5891),(#5892,#5893,#5894,
#5895,#5896),(#5897,#5898,#5899,#5900,#5901),(#5902,#5903,#5904,#5905,#5906),
(#5907,#5908,#5909,#5910,#5911),(#5912,#5913,#5914,#5915,#5916),(#5917,
#5918,#5919,#5920,#5921),(#5922,#5923,#5924,#5925,#5926),(#5927,#5928,#5929,
#5930,#5931),(#5932,#5933,#5934,#5935,#5936),(#5937,#5938,#5939,#5940,#5941),
(#5942,#5943,#5944,#5945,#5946),(#5947,#5948,#5949,#5950,#5951),(#5952,
#5953,#5954,#5955,#5956),(#5957,#5958,#5959,#5960,#5961),(#5962,#5963,#5964,
#5965,#5966),(#5967,#5968,#5969,#5970,#5971),(#5972,#5973,#5974,#5975,#5976),
(#5977,#5978,#5979,#5980,#5981),(#5982,#5983,#5984,#5985,#5986),(#5987,
#5988,#5989,#5990,#5991),(#5992,#5993,#5994,#5995,#5996),(#5997,#5998,#5999,
#6000,#6001),(#6002,#6003,#6004,#6005,#6006),(#6007,#6008,#6009,#6010,#6011),
(#6012,#6013,#6014,#6015,#6016),(#6017,#6018,#6019,#6020,#6021),(#6022,
#6023,#6024,#6025,#6026),(#6027,#6028,#6029,#6030,#6031),(#6032,#6033,#6034,
#6035,#6036),(#6037,#6038,#6039,#6040,#6041),(#6042,#6043,#6044,#6045,#6046),
(#6047,#6048,#6049,#6050,#6051),(#6052,#6053,#6054,#6055,#6056),(#6057,
#6058,#6059,#6060,#6061),(#6062,#6063,#6064,#6065,#6066),(#6067,#6068,#6069,
#6070,#6071),(#6072,#6073,#6074,#6075,#6076),(#6077,#6078,#6079,#6080,#6081),
(#6082,#6083,#6084,#6085,#6086),(#6087,#6088,#6089,#6090,#6091),(#6092,
#6093,#6094,#6095,#6096),(#6097,#6098,#6099,#6100,#6101)),.UNSPECIFIED.,
 .F.,.F.,.F.,(4,3,1,1,1,1,1,1,1,1,1,1,1,1,1,1,1,1,1,1,1,1,1,1,1,1,1,1,1,
1,1,1,1,1,1,1,3,3,4),(4,1,4),(0.,0.062545247060553,0.172458458259586,0.254893366658861,
0.282371669458619,0.337328275058136,0.364806577857894,0.385415304957713,
0.392284880657652,0.399154456357592,0.41976318345741,0.43350233485729,0.440371910557229,
0.447241486257169,0.454111061957108,0.460980637657048,0.467850213356987,
0.474719789056927,0.481589364756866,0.488458940456806,0.495328516156746,
0.502198091856685,0.509067667556625,0.512502455406594,0.515937243256564,
0.522806818956504,0.529676394656443,0.557154697456202,0.58463300025596,
0.612111303055718,0.625850454455597,0.667067908655235,0.694546211454993,
0.722024514254751,0.73576366565463,0.831937725453784,0.941850936652817,
0.950731924117699,1.),(0.,0.959151526832439,1.),.UNSPECIFIED.);
#180=B_SPLINE_SURFACE_WITH_KNOTS('',3,3,((#6488,#6489,#6490,#6491),(#6492,
#6493,#6494,#6495),(#6496,#6497,#6498,#6499),(#6500,#6501,#6502,#6503),
(#6504,#6505,#6506,#6507),(#6508,#6509,#6510,#6511),(#6512,#6513,#6514,
#6515),(#6516,#6517,#6518,#6519),(#6520,#6521,#6522,#6523),(#6524,#6525,
#6526,#6527),(#6528,#6529,#6530,#6531),(#6532,#6533,#6534,#6535),(#6536,
#6537,#6538,#6539),(#6540,#6541,#6542,#6543),(#6544,#6545,#6546,#6547),
(#6548,#6549,#6550,#6551),(#6552,#6553,#6554,#6555),(#6556,#6557,#6558,
#6559),(#6560,#6561,#6562,#6563),(#6564,#6565,#6566,#6567),(#6568,#6569,
#6570,#6571),(#6572,#6573,#6574,#6575),(#6576,#6577,#6578,#6579),(#6580,
#6581,#6582,#6583),(#6584,#6585,#6586,#6587),(#6588,#6589,#6590,#6591),
(#6592,#6593,#6594,#6595),(#6596,#6597,#6598,#6599),(#6600,#6601,#6602,
#6603),(#6604,#6605,#6606,#6607),(#6608,#6609,#6610,#6611),(#6612,#6613,
#6614,#6615),(#6616,#6617,#6618,#6619),(#6620,#6621,#6622,#6623),(#6624,
#6625,#6626,#6627),(#6628,#6629,#6630,#6631),(#6632,#6633,#6634,#6635),
(#6636,#6637,#6638,#6639),(#6640,#6641,#6642,#6643),(#6644,#6645,#6646,
#6647),(#6648,#6649,#6650,#6651),(#6652,#6653,#6654,#6655),(#6656,#6657,
#6658,#6659),(#6660,#6661,#6662,#6663),(#6664,#6665,#6666,#6667),(#6668,
#6669,#6670,#6671),(#6672,#6673,#6674,#6675),(#6676,#6677,#6678,#6679),
(#6680,#6681,#6682,#6683),(#6684,#6685,#6686,#6687),(#6688,#6689,#6690,
#6691),(#6692,#6693,#6694,#6695),(#6696,#6697,#6698,#6699),(#6700,#6701,
#6702,#6703),(#6704,#6705,#6706,#6707),(#6708,#6709,#6710,#6711),(#6712,
#6713,#6714,#6715),(#6716,#6717,#6718,#6719),(#6720,#6721,#6722,#6723),
(#6724,#6725,#6726,#6727),(#6728,#6729,#6730,#6731),(#6732,#6733,#6734,
#6735),(#6736,#6737,#6738,#6739),(#6740,#6741,#6742,#6743),(#6744,#6745,
#6746,#6747),(#6748,#6749,#6750,#6751),(#6752,#6753,#6754,#6755),(#6756,
#6757,#6758,#6759),(#6760,#6761,#6762,#6763),(#6764,#6765,#6766,#6767),
(#6768,#6769,#6770,#6771),(#6772,#6773,#6774,#6775),(#6776,#6777,#6778,
#6779),(#6780,#6781,#6782,#6783),(#6784,#6785,#6786,#6787),(#6788,#6789,
#6790,#6791),(#6792,#6793,#6794,#6795),(#6796,#6797,#6798,#6799),(#6800,
#6801,#6802,#6803),(#6804,#6805,#6806,#6807),(#6808,#6809,#6810,#6811),
(#6812,#6813,#6814,#6815),(#6816,#6817,#6818,#6819),(#6820,#6821,#6822,
#6823),(#6824,#6825,#6826,#6827),(#6828,#6829,#6830,#6831),(#6832,#6833,
#6834,#6835),(#6836,#6837,#6838,#6839),(#6840,#6841,#6842,#6843),(#6844,
#6845,#6846,#6847),(#6848,#6849,#6850,#6851),(#6852,#6853,#6854,#6855),
(#6856,#6857,#6858,#6859),(#6860,#6861,#6862,#6863),(#6864,#6865,#6866,
#6867),(#6868,#6869,#6870,#6871),(#6872,#6873,#6874,#6875),(#6876,#6877,
#6878,#6879),(#6880,#6881,#6882,#6883),(#6884,#6885,#6886,#6887),(#6888,
#6889,#6890,#6891),(#6892,#6893,#6894,#6895),(#6896,#6897,#6898,#6899),
(#6900,#6901,#6902,#6903),(#6904,#6905,#6906,#6907),(#6908,#6909,#6910,
#6911),(#6912,#6913,#6914,#6915),(#6916,#6917,#6918,#6919),(#6920,#6921,
#6922,#6923),(#6924,#6925,#6926,#6927),(#6928,#6929,#6930,#6931),(#6932,
#6933,#6934,#6935)),.UNSPECIFIED.,.F.,.F.,.F.,(4,1,1,1,1,1,1,1,1,1,1,1,
1,1,1,1,1,1,1,1,1,1,1,1,1,1,1,1,1,1,1,1,1,1,1,1,1,1,1,1,1,1,1,1,1,1,1,1,
1,1,1,1,1,1,1,1,1,1,1,1,1,1,1,1,1,1,1,1,1,1,1,1,1,1,1,1,1,1,1,1,1,1,1,1,
1,1,1,1,1,1,1,1,1,1,1,1,1,1,1,1,1,1,1,1,1,1,1,1,1,4),(4,4),(0.,0.0103908955962395,
0.0722414646214745,0.103166749134092,0.118629391390401,0.13409203364671,
0.165017318159327,0.180479960415636,0.195942602671945,0.226867887184562,
0.25779317169718,0.273255813953488,0.288718456209797,0.296449777337952,
0.304181098466106,0.319643740722415,0.335106382978723,0.350569025235032,
0.366031667491341,0.373762988619495,0.38149430974765,0.389225630875804,
0.393091291439881,0.396956952003958,0.398889782285997,0.404688273132113,
0.40855393369619,0.412419594260267,0.414352424542306,0.427882236516576,
0.443344878772885,0.451076199901039,0.458807521029193,0.466538842157348,
0.474270163285502,0.489732805541811,0.50519544779812,0.536120732310737,
0.551583374567046,0.567046016823355,0.582508659079664,0.597971301335972,
0.605702622464127,0.613433943592281,0.621165264720435,0.62889658584859,
0.659821870361207,0.675284512617516,0.690747154873825,0.706209797130134,
0.721672439386442,0.737135081642751,0.75259772389906,0.760329045027214,
0.764194705591291,0.768060366155369,0.775791687283523,0.783523008411677,
0.814448292924295,0.829910935180604,0.845373577436912,0.860836219693221,
0.87629886194953,0.884030183077684,0.887895843641762,0.891278296635329,
0.891761504205839,0.892244711776348,0.895627164769916,0.897559995051955,
0.899492825333993,0.90335848589807,0.905291316180109,0.906499335106383,
0.907224146462147,0.907948957817912,0.909156976744186,0.910123391885205,
0.911089807026225,0.911452212704107,0.91688829787234,0.919787543295398,
0.922686788718456,0.930418109846611,0.934283770410688,0.93790782718951,
0.938149430974765,0.93839103476002,0.942015091538842,0.943947921820881,
0.945880752102919,0.946847167243939,0.949746412666997,0.951679242949035,
0.953612073231074,0.954578488372093,0.961343394359228,0.969074715487382,
0.97294037605146,0.975356413904008,0.976806036615537,0.978255659327066,
0.980671697179614,0.982604527461653,0.984537357743691,0.988403018307768,
0.990335848589807,0.992268678871846,0.996134339435923,1.),(0.,1.),
 .UNSPECIFIED.);
#181=B_SPLINE_SURFACE_WITH_KNOTS('',3,3,((#6953,#6954,#6955,#6956,#6957,
#6958),(#6959,#6960,#6961,#6962,#6963,#6964),(#6965,#6966,#6967,#6968,#6969,
#6970),(#6971,#6972,#6973,#6974,#6975,#6976),(#6977,#6978,#6979,#6980,#6981,
#6982),(#6983,#6984,#6985,#6986,#6987,#6988),(#6989,#6990,#6991,#6992,#6993,
#6994),(#6995,#6996,#6997,#6998,#6999,#7000),(#7001,#7002,#7003,#7004,#7005,
#7006),(#7007,#7008,#7009,#7010,#7011,#7012),(#7013,#7014,#7015,#7016,#7017,
#7018),(#7019,#7020,#7021,#7022,#7023,#7024),(#7025,#7026,#7027,#7028,#7029,
#7030),(#7031,#7032,#7033,#7034,#7035,#7036),(#7037,#7038,#7039,#7040,#7041,
#7042),(#7043,#7044,#7045,#7046,#7047,#7048),(#7049,#7050,#7051,#7052,#7053,
#7054),(#7055,#7056,#7057,#7058,#7059,#7060),(#7061,#7062,#7063,#7064,#7065,
#7066),(#7067,#7068,#7069,#7070,#7071,#7072),(#7073,#7074,#7075,#7076,#7077,
#7078),(#7079,#7080,#7081,#7082,#7083,#7084),(#7085,#7086,#7087,#7088,#7089,
#7090),(#7091,#7092,#7093,#7094,#7095,#7096),(#7097,#7098,#7099,#7100,#7101,
#7102),(#7103,#7104,#7105,#7106,#7107,#7108),(#7109,#7110,#7111,#7112,#7113,
#7114),(#7115,#7116,#7117,#7118,#7119,#7120),(#7121,#7122,#7123,#7124,#7125,
#7126),(#7127,#7128,#7129,#7130,#7131,#7132),(#7133,#7134,#7135,#7136,#7137,
#7138),(#7139,#7140,#7141,#7142,#7143,#7144),(#7145,#7146,#7147,#7148,#7149,
#7150),(#7151,#7152,#7153,#7154,#7155,#7156),(#7157,#7158,#7159,#7160,#7161,
#7162),(#7163,#7164,#7165,#7166,#7167,#7168),(#7169,#7170,#7171,#7172,#7173,
#7174),(#7175,#7176,#7177,#7178,#7179,#7180),(#7181,#7182,#7183,#7184,#7185,
#7186),(#7187,#7188,#7189,#7190,#7191,#7192),(#7193,#7194,#7195,#7196,#7197,
#7198),(#7199,#7200,#7201,#7202,#7203,#7204),(#7205,#7206,#7207,#7208,#7209,
#7210),(#7211,#7212,#7213,#7214,#7215,#7216),(#7217,#7218,#7219,#7220,#7221,
#7222),(#7223,#7224,#7225,#7226,#7227,#7228)),.UNSPECIFIED.,.F.,.F.,.F.,
(4,1,1,1,1,1,1,1,1,1,1,1,1,1,1,1,1,1,1,1,1,1,1,1,1,1,1,1,1,1,1,1,1,1,1,
1,1,1,1,1,1,1,1,4),(4,1,1,4),(0.,0.0463327986502681,0.31675043908802,0.392209965686171,
0.403248476166973,0.468953895695553,0.501806605459843,0.518232960341988,
0.534659315224133,0.567512024988423,0.583938379870569,0.600364734752714,
0.633217444517004,0.666070154281294,0.682496509163439,0.698922864045584,
0.707136041486657,0.715349218927729,0.731775573809874,0.748201928692019,
0.764628283574165,0.78105463845631,0.789267815897382,0.797480993338455,
0.805694170779527,0.809800759500063,0.8139073482206,0.815960642580868,0.822120525661672,
0.826227114382209,0.830333703102745,0.832386997463013,0.84676005798489,
0.863186412867035,0.871399590308108,0.87961276774918,0.887825945190253,
0.896039122631325,0.91246547751347,0.928891832395615,0.961744542159906,
0.978170897042051,0.994597251924196,1.),(0.,0.0149921028010113,0.0425765922400617,
1.),.UNSPECIFIED.);
#182=B_SPLINE_SURFACE_WITH_KNOTS('',3,3,((#7278,#7279,#7280,#7281),(#7282,
#7283,#7284,#7285),(#7286,#7287,#7288,#7289),(#7290,#7291,#7292,#7293),
(#7294,#7295,#7296,#7297),(#7298,#7299,#7300,#7301),(#7302,#7303,#7304,
#7305),(#7306,#7307,#7308,#7309),(#7310,#7311,#7312,#7313),(#7314,#7315,
#7316,#7317),(#7318,#7319,#7320,#7321),(#7322,#7323,#7324,#7325),(#7326,
#7327,#7328,#7329),(#7330,#7331,#7332,#7333),(#7334,#7335,#7336,#7337),
(#7338,#7339,#7340,#7341),(#7342,#7343,#7344,#7345),(#7346,#7347,#7348,
#7349),(#7350,#7351,#7352,#7353),(#7354,#7355,#7356,#7357),(#7358,#7359,
#7360,#7361),(#7362,#7363,#7364,#7365),(#7366,#7367,#7368,#7369),(#7370,
#7371,#7372,#7373),(#7374,#7375,#7376,#7377),(#7378,#7379,#7380,#7381),
(#7382,#7383,#7384,#7385),(#7386,#7387,#7388,#7389),(#7390,#7391,#7392,
#7393),(#7394,#7395,#7396,#7397),(#7398,#7399,#7400,#7401),(#7402,#7403,
#7404,#7405),(#7406,#7407,#7408,#7409),(#7410,#7411,#7412,#7413),(#7414,
#7415,#7416,#7417)),.UNSPECIFIED.,.F.,.F.,.F.,(4,1,1,1,1,1,1,1,1,1,1,1,
1,1,1,1,1,1,1,1,1,1,1,1,1,1,1,1,1,1,1,1,4),(4,4),(0.,0.25,0.375,0.4375,
0.46875,0.4765625,0.48046875,0.482421875,0.4833984375,0.48388671875,0.484375,
0.4853515625,0.486328125,0.48828125,0.4921875,0.49609375,0.5,0.50390625,
0.505859375,0.5068359375,0.50732421875,0.507568359375,0.5078125,0.50830078125,
0.5087890625,0.509765625,0.51171875,0.515625,0.53125,0.5625,0.625,0.75,
1.),(0.,1.),.UNSPECIFIED.);
#183=B_SPLINE_SURFACE_WITH_KNOTS('',3,3,((#7466,#7467,#7468,#7469),(#7470,
#7471,#7472,#7473),(#7474,#7475,#7476,#7477),(#7478,#7479,#7480,#7481),
(#7482,#7483,#7484,#7485),(#7486,#7487,#7488,#7489),(#7490,#7491,#7492,
#7493),(#7494,#7495,#7496,#7497),(#7498,#7499,#7500,#7501),(#7502,#7503,
#7504,#7505),(#7506,#7507,#7508,#7509),(#7510,#7511,#7512,#7513),(#7514,
#7515,#7516,#7517),(#7518,#7519,#7520,#7521),(#7522,#7523,#7524,#7525),
(#7526,#7527,#7528,#7529),(#7530,#7531,#7532,#7533),(#7534,#7535,#7536,
#7537),(#7538,#7539,#7540,#7541),(#7542,#7543,#7544,#7545),(#7546,#7547,
#7548,#7549),(#7550,#7551,#7552,#7553),(#7554,#7555,#7556,#7557),(#7558,
#7559,#7560,#7561),(#7562,#7563,#7564,#7565),(#7566,#7567,#7568,#7569),
(#7570,#7571,#7572,#7573),(#7574,#7575,#7576,#7577),(#7578,#7579,#7580,
#7581),(#7582,#7583,#7584,#7585),(#7586,#7587,#7588,#7589),(#7590,#7591,
#7592,#7593),(#7594,#7595,#7596,#7597),(#7598,#7599,#7600,#7601)),
 .UNSPECIFIED.,.F.,.F.,.F.,(4,1,1,1,1,1,1,1,1,1,1,1,1,1,1,1,1,1,1,1,1,1,
1,1,1,1,1,1,1,1,1,4),(4,4),(0.,0.25,0.375,0.4375,0.46875,0.4765625,0.484375,
0.48486328125,0.4853515625,0.48583984375,0.486328125,0.4873046875,0.48828125,
0.4921875,0.49609375,0.5,0.50390625,0.505859375,0.5068359375,0.50732421875,
0.507568359375,0.5078125,0.50830078125,0.5087890625,0.509765625,0.51171875,
0.515625,0.53125,0.5625,0.625,0.75,1.),(0.,1.),.UNSPECIFIED.);
#184=B_SPLINE_SURFACE_WITH_KNOTS('',1,1,((#7776,#7777),(#7778,#7779)),
 .UNSPECIFIED.,.F.,.F.,.F.,(2,2),(2,2),(0.,1.),(0.,1.),.UNSPECIFIED.);
#185=B_SPLINE_SURFACE_WITH_KNOTS('',3,3,((#8740,#8741,#8742,#8743,#8744,
#8745,#8746,#8747,#8748,#8749,#8750,#8751,#8752,#8753,#8754,#8755,#8756),
(#8757,#8758,#8759,#8760,#8761,#8762,#8763,#8764,#8765,#8766,#8767,#8768,
#8769,#8770,#8771,#8772,#8773),(#8774,#8775,#8776,#8777,#8778,#8779,#8780,
#8781,#8782,#8783,#8784,#8785,#8786,#8787,#8788,#8789,#8790),(#8791,#8792,
#8793,#8794,#8795,#8796,#8797,#8798,#8799,#8800,#8801,#8802,#8803,#8804,
#8805,#8806,#8807),(#8808,#8809,#8810,#8811,#8812,#8813,#8814,#8815,#8816,
#8817,#8818,#8819,#8820,#8821,#8822,#8823,#8824),(#8825,#8826,#8827,#8828,
#8829,#8830,#8831,#8832,#8833,#8834,#8835,#8836,#8837,#8838,#8839,#8840,
#8841),(#8842,#8843,#8844,#8845,#8846,#8847,#8848,#8849,#8850,#8851,#8852,
#8853,#8854,#8855,#8856,#8857,#8858),(#8859,#8860,#8861,#8862,#8863,#8864,
#8865,#8866,#8867,#8868,#8869,#8870,#8871,#8872,#8873,#8874,#8875),(#8876,
#8877,#8878,#8879,#8880,#8881,#8882,#8883,#8884,#8885,#8886,#8887,#8888,
#8889,#8890,#8891,#8892),(#8893,#8894,#8895,#8896,#8897,#8898,#8899,#8900,
#8901,#8902,#8903,#8904,#8905,#8906,#8907,#8908,#8909),(#8910,#8911,#8912,
#8913,#8914,#8915,#8916,#8917,#8918,#8919,#8920,#8921,#8922,#8923,#8924,
#8925,#8926),(#8927,#8928,#8929,#8930,#8931,#8932,#8933,#8934,#8935,#8936,
#8937,#8938,#8939,#8940,#8941,#8942,#8943),(#8944,#8945,#8946,#8947,#8948,
#8949,#8950,#8951,#8952,#8953,#8954,#8955,#8956,#8957,#8958,#8959,#8960),
(#8961,#8962,#8963,#8964,#8965,#8966,#8967,#8968,#8969,#8970,#8971,#8972,
#8973,#8974,#8975,#8976,#8977),(#8978,#8979,#8980,#8981,#8982,#8983,#8984,
#8985,#8986,#8987,#8988,#8989,#8990,#8991,#8992,#8993,#8994),(#8995,#8996,
#8997,#8998,#8999,#9000,#9001,#9002,#9003,#9004,#9005,#9006,#9007,#9008,
#9009,#9010,#9011),(#9012,#9013,#9014,#9015,#9016,#9017,#9018,#9019,#9020,
#9021,#9022,#9023,#9024,#9025,#9026,#9027,#9028),(#9029,#9030,#9031,#9032,
#9033,#9034,#9035,#9036,#9037,#9038,#9039,#9040,#9041,#9042,#9043,#9044,
#9045),(#9046,#9047,#9048,#9049,#9050,#9051,#9052,#9053,#9054,#9055,#9056,
#9057,#9058,#9059,#9060,#9061,#9062),(#9063,#9064,#9065,#9066,#9067,#9068,
#9069,#9070,#9071,#9072,#9073,#9074,#9075,#9076,#9077,#9078,#9079),(#9080,
#9081,#9082,#9083,#9084,#9085,#9086,#9087,#9088,#9089,#9090,#9091,#9092,
#9093,#9094,#9095,#9096),(#9097,#9098,#9099,#9100,#9101,#9102,#9103,#9104,
#9105,#9106,#9107,#9108,#9109,#9110,#9111,#9112,#9113),(#9114,#9115,#9116,
#9117,#9118,#9119,#9120,#9121,#9122,#9123,#9124,#9125,#9126,#9127,#9128,
#9129,#9130),(#9131,#9132,#9133,#9134,#9135,#9136,#9137,#9138,#9139,#9140,
#9141,#9142,#9143,#9144,#9145,#9146,#9147),(#9148,#9149,#9150,#9151,#9152,
#9153,#9154,#9155,#9156,#9157,#9158,#9159,#9160,#9161,#9162,#9163,#9164),
(#9165,#9166,#9167,#9168,#9169,#9170,#9171,#9172,#9173,#9174,#9175,#9176,
#9177,#9178,#9179,#9180,#9181),(#9182,#9183,#9184,#9185,#9186,#9187,#9188,
#9189,#9190,#9191,#9192,#9193,#9194,#9195,#9196,#9197,#9198),(#9199,#9200,
#9201,#9202,#9203,#9204,#9205,#9206,#9207,#9208,#9209,#9210,#9211,#9212,
#9213,#9214,#9215),(#9216,#9217,#9218,#9219,#9220,#9221,#9222,#9223,#9224,
#9225,#9226,#9227,#9228,#9229,#9230,#9231,#9232),(#9233,#9234,#9235,#9236,
#9237,#9238,#9239,#9240,#9241,#9242,#9243,#9244,#9245,#9246,#9247,#9248,
#9249),(#9250,#9251,#9252,#9253,#9254,#9255,#9256,#9257,#9258,#9259,#9260,
#9261,#9262,#9263,#9264,#9265,#9266),(#9267,#9268,#9269,#9270,#9271,#9272,
#9273,#9274,#9275,#9276,#9277,#9278,#9279,#9280,#9281,#9282,#9283),(#9284,
#9285,#9286,#9287,#9288,#9289,#9290,#9291,#9292,#9293,#9294,#9295,#9296,
#9297,#9298,#9299,#9300),(#9301,#9302,#9303,#9304,#9305,#9306,#9307,#9308,
#9309,#9310,#9311,#9312,#9313,#9314,#9315,#9316,#9317),(#9318,#9319,#9320,
#9321,#9322,#9323,#9324,#9325,#9326,#9327,#9328,#9329,#9330,#9331,#9332,
#9333,#9334),(#9335,#9336,#9337,#9338,#9339,#9340,#9341,#9342,#9343,#9344,
#9345,#9346,#9347,#9348,#9349,#9350,#9351),(#9352,#9353,#9354,#9355,#9356,
#9357,#9358,#9359,#9360,#9361,#9362,#9363,#9364,#9365,#9366,#9367,#9368),
(#9369,#9370,#9371,#9372,#9373,#9374,#9375,#9376,#9377,#9378,#9379,#9380,
#9381,#9382,#9383,#9384,#9385)),.UNSPECIFIED.,.F.,.F.,.F.,(4,1,1,1,1,1,
1,1,1,1,1,1,1,1,1,1,1,1,1,1,1,1,1,1,1,1,1,1,1,1,1,1,3,4),(4,3,3,1,3,3,4),
(0.,0.000559594823595195,0.0278368984583224,0.0551142020930496,0.0817095731369087,
0.10797250204272,0.108304944180768,0.108986876771636,0.109668809362504,
0.113078472316845,0.116488135271186,0.119897798225527,0.123307461179868,
0.125012292657038,0.130126787088549,0.136946112997231,0.164223416631958,
0.218778023901413,0.273332631170867,0.327887238440322,0.382441845709776,
0.436996452979231,0.491551060248685,0.546105667518139,0.600660274787594,
0.655214882057048,0.709769489326503,0.764324096595957,0.818878703865411,
0.846156007500139,0.873433311134866,0.92798791840432,0.982542525673775,
1.),(0.,0.0747171389171968,0.0830190432413298,0.650509099150808,0.913209475654628,
0.996228518895958,1.),.UNSPECIFIED.);
#186=B_SPLINE_SURFACE_WITH_KNOTS('',3,3,((#9437,#9438,#9439,#9440),(#9441,
#9442,#9443,#9444),(#9445,#9446,#9447,#9448),(#9449,#9450,#9451,#9452)),
 .UNSPECIFIED.,.F.,.F.,.F.,(4,4),(4,4),(0.,1.),(0.,1.),.UNSPECIFIED.);
#187=B_SPLINE_SURFACE_WITH_KNOTS('',3,3,((#9474,#9475,#9476,#9477),(#9478,
#9479,#9480,#9481),(#9482,#9483,#9484,#9485),(#9486,#9487,#9488,#9489)),
 .UNSPECIFIED.,.F.,.F.,.F.,(4,4),(4,4),(0.,1.),(0.,1.),.UNSPECIFIED.);
#188=B_SPLINE_SURFACE_WITH_KNOTS('',3,3,((#9511,#9512,#9513,#9514),(#9515,
#9516,#9517,#9518),(#9519,#9520,#9521,#9522),(#9523,#9524,#9525,#9526)),
 .UNSPECIFIED.,.F.,.F.,.F.,(4,4),(4,4),(0.,1.),(0.,1.),.UNSPECIFIED.);
#189=B_SPLINE_SURFACE_WITH_KNOTS('',3,3,((#9527,#9528,#9529,#9530),(#9531,
#9532,#9533,#9534),(#9535,#9536,#9537,#9538),(#9539,#9540,#9541,#9542)),
 .UNSPECIFIED.,.F.,.F.,.F.,(4,4),(4,4),(0.,1.),(0.,1.),.UNSPECIFIED.);
#190=B_SPLINE_SURFACE_WITH_KNOTS('',1,1,((#9947,#9948),(#9949,#9950)),
 .UNSPECIFIED.,.F.,.F.,.F.,(2,2),(2,2),(0.,1.),(0.,1.),.UNSPECIFIED.);
#191=B_SPLINE_SURFACE_WITH_KNOTS('',3,3,((#9980,#9981,#9982,#9983,#9984,
#9985,#9986),(#9987,#9988,#9989,#9990,#9991,#9992,#9993),(#9994,#9995,#9996,
#9997,#9998,#9999,#10000),(#10001,#10002,#10003,#10004,#10005,#10006,#10007),
(#10008,#10009,#10010,#10011,#10012,#10013,#10014),(#10015,#10016,#10017,
#10018,#10019,#10020,#10021),(#10022,#10023,#10024,#10025,#10026,#10027,
#10028),(#10029,#10030,#10031,#10032,#10033,#10034,#10035),(#10036,#10037,
#10038,#10039,#10040,#10041,#10042),(#10043,#10044,#10045,#10046,#10047,
#10048,#10049),(#10050,#10051,#10052,#10053,#10054,#10055,#10056),(#10057,
#10058,#10059,#10060,#10061,#10062,#10063),(#10064,#10065,#10066,#10067,
#10068,#10069,#10070),(#10071,#10072,#10073,#10074,#10075,#10076,#10077),
(#10078,#10079,#10080,#10081,#10082,#10083,#10084),(#10085,#10086,#10087,
#10088,#10089,#10090,#10091),(#10092,#10093,#10094,#10095,#10096,#10097,
#10098),(#10099,#10100,#10101,#10102,#10103,#10104,#10105),(#10106,#10107,
#10108,#10109,#10110,#10111,#10112),(#10113,#10114,#10115,#10116,#10117,
#10118,#10119),(#10120,#10121,#10122,#10123,#10124,#10125,#10126),(#10127,
#10128,#10129,#10130,#10131,#10132,#10133),(#10134,#10135,#10136,#10137,
#10138,#10139,#10140),(#10141,#10142,#10143,#10144,#10145,#10146,#10147),
(#10148,#10149,#10150,#10151,#10152,#10153,#10154),(#10155,#10156,#10157,
#10158,#10159,#10160,#10161),(#10162,#10163,#10164,#10165,#10166,#10167,
#10168),(#10169,#10170,#10171,#10172,#10173,#10174,#10175),(#10176,#10177,
#10178,#10179,#10180,#10181,#10182),(#10183,#10184,#10185,#10186,#10187,
#10188,#10189),(#10190,#10191,#10192,#10193,#10194,#10195,#10196)),
 .UNSPECIFIED.,.F.,.F.,.F.,(4,3,1,1,1,1,1,1,1,1,1,1,1,1,1,1,1,1,1,1,1,1,
1,1,1,1,4),(4,3,4),(0.,0.0099009900990099,0.0735323376675656,0.137163685236121,
0.200795032804677,0.232610706588955,0.264426380373233,0.328057727941788,
0.359873401726066,0.391689075510344,0.455320423078899,0.487136096863177,
0.518951770647455,0.582583118216011,0.614398792000289,0.646214465784566,
0.662122302676705,0.709845813353122,0.7416614871374,0.773477160921678,0.789384997813817,
0.837108508490233,0.868924182274511,0.900739856058789,0.916647692950928,
0.964371203627345,1.),(0.,0.0099009900990099,1.),.UNSPECIFIED.);
#192=B_SPLINE_SURFACE_WITH_KNOTS('',3,3,((#10480,#10481,#10482,#10483,#10484,
#10485,#10486,#10487,#10488,#10489,#10490,#10491,#10492,#10493,#10494,#10495,
#10496,#10497,#10498,#10499),(#10500,#10501,#10502,#10503,#10504,#10505,
#10506,#10507,#10508,#10509,#10510,#10511,#10512,#10513,#10514,#10515,#10516,
#10517,#10518,#10519),(#10520,#10521,#10522,#10523,#10524,#10525,#10526,
#10527,#10528,#10529,#10530,#10531,#10532,#10533,#10534,#10535,#10536,#10537,
#10538,#10539),(#10540,#10541,#10542,#10543,#10544,#10545,#10546,#10547,
#10548,#10549,#10550,#10551,#10552,#10553,#10554,#10555,#10556,#10557,#10558,
#10559)),.UNSPECIFIED.,.F.,.F.,.F.,(4,4),(4,1,1,1,1,1,1,1,1,1,1,1,1,1,1,
1,1,4),(0.,1.),(0.,0.0920978957862406,0.152222655134201,0.184195791572482,
0.276293687358723,0.304445310268402,0.368391583144963,0.456667965402603,
0.460489478931204,0.552587374717444,0.608890620536804,0.644685270503685,
0.736783166289926,0.761113275671005,0.828881062076166,0.913335930805206,
0.920978957862407,1.),.UNSPECIFIED.);
#193=B_SPLINE_SURFACE_WITH_KNOTS('',3,3,((#10828,#10829,#10830,#10831,#10832,
#10833,#10834,#10835,#10836,#10837,#10838,#10839,#10840,#10841,#10842,#10843,
#10844,#10845,#10846,#10847,#10848,#10849,#10850,#10851,#10852,#10853),
(#10854,#10855,#10856,#10857,#10858,#10859,#10860,#10861,#10862,#10863,
#10864,#10865,#10866,#10867,#10868,#10869,#10870,#10871,#10872,#10873,#10874,
#10875,#10876,#10877,#10878,#10879),(#10880,#10881,#10882,#10883,#10884,
#10885,#10886,#10887,#10888,#10889,#10890,#10891,#10892,#10893,#10894,#10895,
#10896,#10897,#10898,#10899,#10900,#10901,#10902,#10903,#10904,#10905),
(#10906,#10907,#10908,#10909,#10910,#10911,#10912,#10913,#10914,#10915,
#10916,#10917,#10918,#10919,#10920,#10921,#10922,#10923,#10924,#10925,#10926,
#10927,#10928,#10929,#10930,#10931),(#10932,#10933,#10934,#10935,#10936,
#10937,#10938,#10939,#10940,#10941,#10942,#10943,#10944,#10945,#10946,#10947,
#10948,#10949,#10950,#10951,#10952,#10953,#10954,#10955,#10956,#10957),
(#10958,#10959,#10960,#10961,#10962,#10963,#10964,#10965,#10966,#10967,
#10968,#10969,#10970,#10971,#10972,#10973,#10974,#10975,#10976,#10977,#10978,
#10979,#10980,#10981,#10982,#10983),(#10984,#10985,#10986,#10987,#10988,
#10989,#10990,#10991,#10992,#10993,#10994,#10995,#10996,#10997,#10998,#10999,
#11000,#11001,#11002,#11003,#11004,#11005,#11006,#11007,#11008,#11009)),
 .UNSPECIFIED.,.F.,.F.,.F.,(4,3,4),(4,3,1,1,1,1,1,1,1,1,1,1,1,1,1,1,1,1,
3,4),(0.,0.99009900990099,1.),(0.,0.0099009900990099,0.08736500552651,0.0948574347573787,
0.177648208924452,0.244080702215471,0.267931412322394,0.358214615720336,
0.393303969673563,0.448497819118279,0.538781022516221,0.542527237131655,
0.629064225914162,0.691750504589747,0.719347429312105,0.809630632710047,
0.840973772047839,0.899913836107988,0.990197039505931,1.),.UNSPECIFIED.);
#194=B_SPLINE_SURFACE_WITH_KNOTS('',3,3,((#11202,#11203,#11204,#11205,#11206,
#11207,#11208,#11209,#11210,#11211,#11212,#11213,#11214,#11215,#11216,#11217,
#11218,#11219,#11220,#11221),(#11222,#11223,#11224,#11225,#11226,#11227,
#11228,#11229,#11230,#11231,#11232,#11233,#11234,#11235,#11236,#11237,#11238,
#11239,#11240,#11241),(#11242,#11243,#11244,#11245,#11246,#11247,#11248,
#11249,#11250,#11251,#11252,#11253,#11254,#11255,#11256,#11257,#11258,#11259,
#11260,#11261),(#11262,#11263,#11264,#11265,#11266,#11267,#11268,#11269,
#11270,#11271,#11272,#11273,#11274,#11275,#11276,#11277,#11278,#11279,#11280,
#11281)),.UNSPECIFIED.,.F.,.F.,.F.,(4,4),(4,1,1,1,1,1,1,1,1,1,1,1,1,1,1,
1,1,4),(0.,1.),(0.,0.0790210421375929,0.086664069196002,0.171118937923833,
0.238886724330001,0.263216833710074,0.355314729496315,0.391109379464001,
0.447412625282556,0.539510521068797,0.543332034598001,0.631608416855037,
0.695554689732001,0.723706312641278,0.815804208427519,0.847777344866,0.907902104213759,
1.),.UNSPECIFIED.);
#195=CYLINDRICAL_SURFACE('',#3040,0.985817269781704);
#196=CYLINDRICAL_SURFACE('',#3041,1.50500789669466);
#197=CYLINDRICAL_SURFACE('',#3061,1.165);
#198=CYLINDRICAL_SURFACE('',#3062,1.485);
#199=CYLINDRICAL_SURFACE('',#3070,1.485);
#200=CYLINDRICAL_SURFACE('',#3071,1.56964317906972);
#201=CYLINDRICAL_SURFACE('',#3077,0.535);
#202=CYLINDRICAL_SURFACE('',#3081,0.215);
#203=CYLINDRICAL_SURFACE('',#3085,2.2);
#204=CYLINDRICAL_SURFACE('',#3094,1.88);
#205=CYLINDRICAL_SURFACE('',#3107,0.320737128070109);
#206=CYLINDRICAL_SURFACE('',#3112,0.255);
#207=CYLINDRICAL_SURFACE('',#3115,0.575);
#208=CYLINDRICAL_SURFACE('',#3117,0.636687802761564);
#209=CYLINDRICAL_SURFACE('',#3120,3.13391098987615);
#210=CYLINDRICAL_SURFACE('',#3122,0.907312767524655);
#211=CYLINDRICAL_SURFACE('',#3123,0.45);
#212=CYLINDRICAL_SURFACE('',#3133,0.62);
#213=CYLINDRICAL_SURFACE('',#3135,0.3);
#214=CYLINDRICAL_SURFACE('',#3141,10.9);
#215=CYLINDRICAL_SURFACE('',#3143,11.22);
#216=CYLINDRICAL_SURFACE('',#3145,0.865958089988607);
#217=CYLINDRICAL_SURFACE('',#3146,0.865958089988743);
#218=CYLINDRICAL_SURFACE('',#3147,0.319742485070626);
#219=CYLINDRICAL_SURFACE('',#3148,0.319707780798945);
#220=CYLINDRICAL_SURFACE('',#3151,0.32013104136421);
#221=CYLINDRICAL_SURFACE('',#3155,1.08457125762368);
#222=CYLINDRICAL_SURFACE('',#3156,1.33733316110671);
#223=CYLINDRICAL_SURFACE('',#3159,0.6);
#224=CYLINDRICAL_SURFACE('',#3163,0.28);
#225=CYLINDRICAL_SURFACE('',#3166,0.6);
#226=CYLINDRICAL_SURFACE('',#3172,2.13838669119286);
#227=CYLINDRICAL_SURFACE('',#3173,2.13838751068704);
#228=CYLINDRICAL_SURFACE('',#3176,2.2);
#229=CYLINDRICAL_SURFACE('',#3179,1.88);
#230=CYLINDRICAL_SURFACE('',#3185,0.25);
#231=CYLINDRICAL_SURFACE('',#3205,10.9);
#232=CYLINDRICAL_SURFACE('',#3207,0.300000193542633);
#233=CYLINDRICAL_SURFACE('',#3208,0.299999581983923);
#234=CYLINDRICAL_SURFACE('',#3209,0.255);
#235=CYLINDRICAL_SURFACE('',#3210,0.575);
#236=CYLINDRICAL_SURFACE('',#3211,0.623170777926337);
#237=CYLINDRICAL_SURFACE('',#3212,0.857166785105788);
#238=CYLINDRICAL_SURFACE('',#3213,0.45);
#239=CYLINDRICAL_SURFACE('',#3214,0.952777271203835);
#240=CYLINDRICAL_SURFACE('',#3215,0.62);
#241=CYLINDRICAL_SURFACE('',#3216,0.3);
#242=CYLINDRICAL_SURFACE('',#3218,11.22);
#243=CYLINDRICAL_SURFACE('',#3220,0.865958089989036);
#244=CYLINDRICAL_SURFACE('',#3221,0.865958089988986);
#245=CYLINDRICAL_SURFACE('',#3225,1.07821719084582);
#246=CYLINDRICAL_SURFACE('',#3227,1.33507145531037);
#247=CYLINDRICAL_SURFACE('',#3230,1.07828795013277);
#248=CYLINDRICAL_SURFACE('',#3233,0.299999957917062);
#249=CYLINDRICAL_SURFACE('',#3234,0.300000091077408);
#250=ADVANCED_FACE('',(#492),#428,.F.);
#251=ADVANCED_FACE('',(#493),#195,.F.);
#252=ADVANCED_FACE('',(#494),#196,.F.);
#253=ADVANCED_FACE('',(#495),#173,.T.);
#254=ADVANCED_FACE('',(#496),#174,.F.);
#255=ADVANCED_FACE('',(#497),#429,.F.);
#256=ADVANCED_FACE('',(#498),#430,.T.);
#257=ADVANCED_FACE('',(#499),#431,.F.);
#258=ADVANCED_FACE('',(#500),#432,.F.);
#259=ADVANCED_FACE('',(#501),#433,.T.);
#260=ADVANCED_FACE('',(#502),#434,.F.);
#261=ADVANCED_FACE('',(#503),#435,.F.);
#262=ADVANCED_FACE('',(#504),#175,.F.);
#263=ADVANCED_FACE('',(#505),#176,.T.);
#264=ADVANCED_FACE('',(#506),#197,.F.);
#265=ADVANCED_FACE('',(#507),#198,.T.);
#266=ADVANCED_FACE('',(#508),#177,.T.);
#267=ADVANCED_FACE('',(#509),#178,.F.);
#268=ADVANCED_FACE('',(#510),#436,.F.);
#269=ADVANCED_FACE('',(#141,#142,#143,#144),#199,.T.);
#270=ADVANCED_FACE('',(#511),#200,.T.);
#271=ADVANCED_FACE('',(#512),#179,.F.);
#272=ADVANCED_FACE('',(#513),#437,.F.);
#273=ADVANCED_FACE('',(#514),#438,.F.);
#274=ADVANCED_FACE('',(#515),#201,.T.);
#275=ADVANCED_FACE('',(#516),#439,.F.);
#276=ADVANCED_FACE('',(#517),#202,.F.);
#277=ADVANCED_FACE('',(#518),#440,.T.);
#278=ADVANCED_FACE('',(#519),#203,.T.);
#279=ADVANCED_FACE('',(#145,#146),#441,.F.);
#280=ADVANCED_FACE('',(#520),#442,.T.);
#281=ADVANCED_FACE('',(#521),#204,.F.);
#282=ADVANCED_FACE('',(#522),#443,.T.);
#283=ADVANCED_FACE('',(#523),#444,.T.);
#284=ADVANCED_FACE('',(#524),#445,.T.);
#285=ADVANCED_FACE('',(#525),#446,.T.);
#286=ADVANCED_FACE('',(#526),#447,.T.);
#287=ADVANCED_FACE('',(#527),#448,.F.);
#288=ADVANCED_FACE('',(#528),#449,.F.);
#289=ADVANCED_FACE('',(#529),#450,.F.);
#290=ADVANCED_FACE('',(#530),#180,.F.);
#291=ADVANCED_FACE('',(#531),#181,.F.);
#292=ADVANCED_FACE('',(#532),#182,.T.);
#293=ADVANCED_FACE('',(#533),#183,.F.);
#294=ADVANCED_FACE('',(#534),#205,.F.);
#295=ADVANCED_FACE('',(#535),#451,.T.);
#296=ADVANCED_FACE('',(#536),#452,.T.);
#297=ADVANCED_FACE('',(#537),#453,.T.);
#298=ADVANCED_FACE('',(#538),#206,.F.);
#299=ADVANCED_FACE('',(#539),#207,.T.);
#300=ADVANCED_FACE('',(#540),#208,.T.);
#301=ADVANCED_FACE('',(#541),#454,.F.);
#302=ADVANCED_FACE('',(#542),#455,.F.);
#303=ADVANCED_FACE('',(#543),#209,.F.);
#304=ADVANCED_FACE('',(#544),#210,.T.);
#305=ADVANCED_FACE('',(#545),#211,.F.);
#306=ADVANCED_FACE('',(#546),#456,.T.);
#307=ADVANCED_FACE('',(#547),#457,.F.);
#308=ADVANCED_FACE('',(#548),#458,.F.);
#309=ADVANCED_FACE('',(#549),#459,.F.);
#310=ADVANCED_FACE('',(#550),#460,.F.);
#311=ADVANCED_FACE('',(#551),#212,.T.);
#312=ADVANCED_FACE('',(#552),#461,.F.);
#313=ADVANCED_FACE('',(#553),#213,.F.);
#314=ADVANCED_FACE('',(#554),#108,.T.);
#315=ADVANCED_FACE('',(#555),#184,.F.);
#316=ADVANCED_FACE('',(#556),#109,.T.);
#317=ADVANCED_FACE('',(#557),#462,.F.);
#318=ADVANCED_FACE('',(#558),#463,.T.);
#319=ADVANCED_FACE('',(#559),#464,.F.);
#320=ADVANCED_FACE('',(#560),#214,.F.);
#321=ADVANCED_FACE('',(#561),#465,.T.);
#322=ADVANCED_FACE('',(#562),#215,.T.);
#323=ADVANCED_FACE('',(#563),#466,.T.);
#324=ADVANCED_FACE('',(#564),#110,.T.);
#325=ADVANCED_FACE('',(#565),#216,.T.);
#326=ADVANCED_FACE('',(#566),#111,.T.);
#327=ADVANCED_FACE('',(#567),#217,.T.);
#328=ADVANCED_FACE('',(#568),#112,.T.);
#329=ADVANCED_FACE('',(#569),#218,.F.);
#330=ADVANCED_FACE('',(#570),#219,.F.);
#331=ADVANCED_FACE('',(#571),#113,.F.);
#332=ADVANCED_FACE('',(#572),#220,.F.);
#333=ADVANCED_FACE('',(#573),#114,.F.);
#334=ADVANCED_FACE('',(#574),#115,.F.);
#335=ADVANCED_FACE('',(#575),#116,.F.);
#336=ADVANCED_FACE('',(#576),#117,.F.);
#337=ADVANCED_FACE('',(#577),#118,.F.);
#338=ADVANCED_FACE('',(#578),#104,.T.);
#339=ADVANCED_FACE('',(#579),#105,.T.);
#340=ADVANCED_FACE('',(#580),#221,.T.);
#341=ADVANCED_FACE('',(#581),#119,.F.);
#342=ADVANCED_FACE('',(#582),#120,.F.);
#343=ADVANCED_FACE('',(#583),#121,.F.);
#344=ADVANCED_FACE('',(#584),#122,.T.);
#345=ADVANCED_FACE('',(#585),#123,.F.);
#346=ADVANCED_FACE('',(#586),#222,.T.);
#347=ADVANCED_FACE('',(#587),#185,.F.);
#348=ADVANCED_FACE('',(#588),#467,.T.);
#349=ADVANCED_FACE('',(#589),#223,.F.);
#350=ADVANCED_FACE('',(#590),#468,.T.);
#351=ADVANCED_FACE('',(#591),#224,.F.);
#352=ADVANCED_FACE('',(#592),#469,.F.);
#353=ADVANCED_FACE('',(#593),#225,.F.);
#354=ADVANCED_FACE('',(#594),#186,.T.);
#355=ADVANCED_FACE('',(#595),#187,.T.);
#356=ADVANCED_FACE('',(#596),#470,.T.);
#357=ADVANCED_FACE('',(#597),#226,.F.);
#358=ADVANCED_FACE('',(#598),#227,.F.);
#359=ADVANCED_FACE('',(#599),#471,.F.);
#360=ADVANCED_FACE('',(#600),#188,.F.);
#361=ADVANCED_FACE('',(#601),#189,.T.);
#362=ADVANCED_FACE('',(#602),#472,.T.);
#363=ADVANCED_FACE('',(#603),#228,.T.);
#364=ADVANCED_FACE('',(#604),#473,.T.);
#365=ADVANCED_FACE('',(#605),#474,.F.);
#366=ADVANCED_FACE('',(#606),#229,.F.);
#367=ADVANCED_FACE('',(#607),#475,.F.);
#368=ADVANCED_FACE('',(#608),#476,.T.);
#369=ADVANCED_FACE('',(#609),#124,.T.);
#370=ADVANCED_FACE('',(#610),#125,.T.);
#371=ADVANCED_FACE('',(#611),#126,.T.);
#372=ADVANCED_FACE('',(#612),#477,.T.);
#373=ADVANCED_FACE('',(#613),#230,.T.);
#374=ADVANCED_FACE('',(#614),#478,.F.);
#375=ADVANCED_FACE('',(#615),#479,.F.);
#376=ADVANCED_FACE('',(#616),#480,.F.);
#377=ADVANCED_FACE('',(#617),#127,.T.);
#378=ADVANCED_FACE('',(#618),#128,.T.);
#379=ADVANCED_FACE('',(#619),#481,.F.);
#380=ADVANCED_FACE('',(#620),#482,.F.);
#381=ADVANCED_FACE('',(#621),#483,.F.);
#382=ADVANCED_FACE('',(#622),#484,.F.);
#383=ADVANCED_FACE('',(#623),#485,.F.);
#384=ADVANCED_FACE('',(#624),#486,.F.);
#385=ADVANCED_FACE('',(#625),#487,.T.);
#386=ADVANCED_FACE('',(#626),#488,.F.);
#387=ADVANCED_FACE('',(#627),#231,.F.);
#388=ADVANCED_FACE('',(#628),#232,.F.);
#389=ADVANCED_FACE('',(#629),#233,.F.);
#390=ADVANCED_FACE('',(#630),#234,.F.);
#391=ADVANCED_FACE('',(#631),#235,.T.);
#392=ADVANCED_FACE('',(#632),#236,.T.);
#393=ADVANCED_FACE('',(#633),#237,.T.);
#394=ADVANCED_FACE('',(#634),#238,.F.);
#395=ADVANCED_FACE('',(#635),#239,.F.);
#396=ADVANCED_FACE('',(#636),#129,.T.);
#397=ADVANCED_FACE('',(#637),#240,.T.);
#398=ADVANCED_FACE('',(#638),#190,.F.);
#399=ADVANCED_FACE('',(#639),#130,.T.);
#400=ADVANCED_FACE('',(#640),#241,.F.);
#401=ADVANCED_FACE('',(#641),#131,.T.);
#402=ADVANCED_FACE('',(#642),#191,.F.);
#403=ADVANCED_FACE('',(#643),#489,.T.);
#404=ADVANCED_FACE('',(#644),#242,.T.);
#405=ADVANCED_FACE('',(#645),#490,.T.);
#406=ADVANCED_FACE('',(#646),#132,.T.);
#407=ADVANCED_FACE('',(#647),#243,.T.);
#408=ADVANCED_FACE('',(#648),#133,.F.);
#409=ADVANCED_FACE('',(#649),#244,.T.);
#410=ADVANCED_FACE('',(#650),#134,.T.);
#411=ADVANCED_FACE('',(#651),#135,.T.);
#412=ADVANCED_FACE('',(#652),#192,.T.);
#413=ADVANCED_FACE('',(#653),#136,.T.);
#414=ADVANCED_FACE('',(#654),#245,.T.);
#415=ADVANCED_FACE('',(#655),#106,.T.);
#416=ADVANCED_FACE('',(#656),#246,.T.);
#417=ADVANCED_FACE('',(#657),#137,.T.);
#418=ADVANCED_FACE('',(#658),#193,.T.);
#419=ADVANCED_FACE('',(#659),#107,.T.);
#420=ADVANCED_FACE('',(#660),#247,.T.);
#421=ADVANCED_FACE('',(#661),#138,.T.);
#422=ADVANCED_FACE('',(#662),#194,.T.);
#423=ADVANCED_FACE('',(#663),#139,.T.);
#424=ADVANCED_FACE('',(#664),#140,.T.);
#425=ADVANCED_FACE('',(#665),#248,.F.);
#426=ADVANCED_FACE('',(#666),#249,.F.);
#427=ADVANCED_FACE('',(#667),#491,.T.);
#428=PLANE('',#3038);
#429=PLANE('',#3046);
#430=PLANE('',#3047);
#431=PLANE('',#3048);
#432=PLANE('',#3055);
#433=PLANE('',#3056);
#434=PLANE('',#3059);
#435=PLANE('',#3060);
#436=PLANE('',#3064);
#437=PLANE('',#3073);
#438=PLANE('',#3074);
#439=PLANE('',#3079);
#440=PLANE('',#3082);
#441=PLANE('',#3089);
#442=PLANE('',#3093);
#443=PLANE('',#3095);
#444=PLANE('',#3096);
#445=PLANE('',#3097);
#446=PLANE('',#3099);
#447=PLANE('',#3100);
#448=PLANE('',#3101);
#449=PLANE('',#3102);
#450=PLANE('',#3106);
#451=PLANE('',#3108);
#452=PLANE('',#3109);
#453=PLANE('',#3110);
#454=PLANE('',#3118);
#455=PLANE('',#3119);
#456=PLANE('',#3124);
#457=PLANE('',#3125);
#458=PLANE('',#3126);
#459=PLANE('',#3129);
#460=PLANE('',#3132);
#461=PLANE('',#3134);
#462=PLANE('',#3137);
#463=PLANE('',#3138);
#464=PLANE('',#3140);
#465=PLANE('',#3142);
#466=PLANE('',#3144);
#467=PLANE('',#3157);
#468=PLANE('',#3160);
#469=PLANE('',#3164);
#470=PLANE('',#3171);
#471=PLANE('',#3174);
#472=PLANE('',#3175);
#473=PLANE('',#3177);
#474=PLANE('',#3178);
#475=PLANE('',#3180);
#476=PLANE('',#3181);
#477=PLANE('',#3183);
#478=PLANE('',#3186);
#479=PLANE('',#3187);
#480=PLANE('',#3188);
#481=PLANE('',#3191);
#482=PLANE('',#3192);
#483=PLANE('',#3195);
#484=PLANE('',#3196);
#485=PLANE('',#3199);
#486=PLANE('',#3201);
#487=PLANE('',#3202);
#488=PLANE('',#3204);
#489=PLANE('',#3217);
#490=PLANE('',#3219);
#491=PLANE('',#3235);
#492=FACE_OUTER_BOUND('',#668,.T.);
#493=FACE_OUTER_BOUND('',#669,.T.);
#494=FACE_OUTER_BOUND('',#670,.T.);
#495=FACE_OUTER_BOUND('',#671,.T.);
#496=FACE_OUTER_BOUND('',#672,.T.);
#497=FACE_OUTER_BOUND('',#673,.T.);
#498=FACE_OUTER_BOUND('',#674,.T.);
#499=FACE_OUTER_BOUND('',#675,.T.);
#500=FACE_OUTER_BOUND('',#676,.T.);
#501=FACE_OUTER_BOUND('',#677,.T.);
#502=FACE_OUTER_BOUND('',#678,.T.);
#503=FACE_OUTER_BOUND('',#679,.T.);
#504=FACE_OUTER_BOUND('',#680,.T.);
#505=FACE_OUTER_BOUND('',#681,.T.);
#506=FACE_OUTER_BOUND('',#682,.T.);
#507=FACE_OUTER_BOUND('',#683,.T.);
#508=FACE_OUTER_BOUND('',#684,.T.);
#509=FACE_OUTER_BOUND('',#685,.T.);
#510=FACE_OUTER_BOUND('',#686,.T.);
#511=FACE_OUTER_BOUND('',#691,.T.);
#512=FACE_OUTER_BOUND('',#692,.T.);
#513=FACE_OUTER_BOUND('',#693,.T.);
#514=FACE_OUTER_BOUND('',#694,.T.);
#515=FACE_OUTER_BOUND('',#695,.T.);
#516=FACE_OUTER_BOUND('',#696,.T.);
#517=FACE_OUTER_BOUND('',#697,.T.);
#518=FACE_OUTER_BOUND('',#698,.T.);
#519=FACE_OUTER_BOUND('',#699,.T.);
#520=FACE_OUTER_BOUND('',#702,.T.);
#521=FACE_OUTER_BOUND('',#703,.T.);
#522=FACE_OUTER_BOUND('',#704,.T.);
#523=FACE_OUTER_BOUND('',#705,.T.);
#524=FACE_OUTER_BOUND('',#706,.T.);
#525=FACE_OUTER_BOUND('',#707,.T.);
#526=FACE_OUTER_BOUND('',#708,.T.);
#527=FACE_OUTER_BOUND('',#709,.T.);
#528=FACE_OUTER_BOUND('',#710,.T.);
#529=FACE_OUTER_BOUND('',#711,.T.);
#530=FACE_OUTER_BOUND('',#712,.T.);
#531=FACE_OUTER_BOUND('',#713,.T.);
#532=FACE_OUTER_BOUND('',#714,.T.);
#533=FACE_OUTER_BOUND('',#715,.T.);
#534=FACE_OUTER_BOUND('',#716,.T.);
#535=FACE_OUTER_BOUND('',#717,.T.);
#536=FACE_OUTER_BOUND('',#718,.T.);
#537=FACE_OUTER_BOUND('',#719,.T.);
#538=FACE_OUTER_BOUND('',#720,.T.);
#539=FACE_OUTER_BOUND('',#721,.T.);
#540=FACE_OUTER_BOUND('',#722,.T.);
#541=FACE_OUTER_BOUND('',#723,.T.);
#542=FACE_OUTER_BOUND('',#724,.T.);
#543=FACE_OUTER_BOUND('',#725,.T.);
#544=FACE_OUTER_BOUND('',#726,.T.);
#545=FACE_OUTER_BOUND('',#727,.T.);
#546=FACE_OUTER_BOUND('',#728,.T.);
#547=FACE_OUTER_BOUND('',#729,.T.);
#548=FACE_OUTER_BOUND('',#730,.T.);
#549=FACE_OUTER_BOUND('',#731,.T.);
#550=FACE_OUTER_BOUND('',#732,.T.);
#551=FACE_OUTER_BOUND('',#733,.T.);
#552=FACE_OUTER_BOUND('',#734,.T.);
#553=FACE_OUTER_BOUND('',#735,.T.);
#554=FACE_OUTER_BOUND('',#736,.T.);
#555=FACE_OUTER_BOUND('',#737,.T.);
#556=FACE_OUTER_BOUND('',#738,.T.);
#557=FACE_OUTER_BOUND('',#739,.T.);
#558=FACE_OUTER_BOUND('',#740,.T.);
#559=FACE_OUTER_BOUND('',#741,.T.);
#560=FACE_OUTER_BOUND('',#742,.T.);
#561=FACE_OUTER_BOUND('',#743,.T.);
#562=FACE_OUTER_BOUND('',#744,.T.);
#563=FACE_OUTER_BOUND('',#745,.T.);
#564=FACE_OUTER_BOUND('',#746,.T.);
#565=FACE_OUTER_BOUND('',#747,.T.);
#566=FACE_OUTER_BOUND('',#748,.T.);
#567=FACE_OUTER_BOUND('',#749,.T.);
#568=FACE_OUTER_BOUND('',#750,.T.);
#569=FACE_OUTER_BOUND('',#751,.T.);
#570=FACE_OUTER_BOUND('',#752,.T.);
#571=FACE_OUTER_BOUND('',#753,.T.);
#572=FACE_OUTER_BOUND('',#754,.T.);
#573=FACE_OUTER_BOUND('',#755,.T.);
#574=FACE_OUTER_BOUND('',#756,.T.);
#575=FACE_OUTER_BOUND('',#757,.T.);
#576=FACE_OUTER_BOUND('',#758,.T.);
#577=FACE_OUTER_BOUND('',#759,.T.);
#578=FACE_OUTER_BOUND('',#760,.T.);
#579=FACE_OUTER_BOUND('',#761,.T.);
#580=FACE_OUTER_BOUND('',#762,.T.);
#581=FACE_OUTER_BOUND('',#763,.T.);
#582=FACE_OUTER_BOUND('',#764,.T.);
#583=FACE_OUTER_BOUND('',#765,.T.);
#584=FACE_OUTER_BOUND('',#766,.T.);
#585=FACE_OUTER_BOUND('',#767,.T.);
#586=FACE_OUTER_BOUND('',#768,.T.);
#587=FACE_OUTER_BOUND('',#769,.T.);
#588=FACE_OUTER_BOUND('',#770,.T.);
#589=FACE_OUTER_BOUND('',#771,.T.);
#590=FACE_OUTER_BOUND('',#772,.T.);
#591=FACE_OUTER_BOUND('',#773,.T.);
#592=FACE_OUTER_BOUND('',#774,.T.);
#593=FACE_OUTER_BOUND('',#775,.T.);
#594=FACE_OUTER_BOUND('',#776,.T.);
#595=FACE_OUTER_BOUND('',#777,.T.);
#596=FACE_OUTER_BOUND('',#778,.T.);
#597=FACE_OUTER_BOUND('',#779,.T.);
#598=FACE_OUTER_BOUND('',#780,.T.);
#599=FACE_OUTER_BOUND('',#781,.T.);
#600=FACE_OUTER_BOUND('',#782,.T.);
#601=FACE_OUTER_BOUND('',#783,.T.);
#602=FACE_OUTER_BOUND('',#784,.T.);
#603=FACE_OUTER_BOUND('',#785,.T.);
#604=FACE_OUTER_BOUND('',#786,.T.);
#605=FACE_OUTER_BOUND('',#787,.T.);
#606=FACE_OUTER_BOUND('',#788,.T.);
#607=FACE_OUTER_BOUND('',#789,.T.);
#608=FACE_OUTER_BOUND('',#790,.T.);
#609=FACE_OUTER_BOUND('',#791,.T.);
#610=FACE_OUTER_BOUND('',#792,.T.);
#611=FACE_OUTER_BOUND('',#793,.T.);
#612=FACE_OUTER_BOUND('',#794,.T.);
#613=FACE_OUTER_BOUND('',#795,.T.);
#614=FACE_OUTER_BOUND('',#796,.T.);
#615=FACE_OUTER_BOUND('',#797,.T.);
#616=FACE_OUTER_BOUND('',#798,.T.);
#617=FACE_OUTER_BOUND('',#799,.T.);
#618=FACE_OUTER_BOUND('',#800,.T.);
#619=FACE_OUTER_BOUND('',#801,.T.);
#620=FACE_OUTER_BOUND('',#802,.T.);
#621=FACE_OUTER_BOUND('',#803,.T.);
#622=FACE_OUTER_BOUND('',#804,.T.);
#623=FACE_OUTER_BOUND('',#805,.T.);
#624=FACE_OUTER_BOUND('',#806,.T.);
#625=FACE_OUTER_BOUND('',#807,.T.);
#626=FACE_OUTER_BOUND('',#808,.T.);
#627=FACE_OUTER_BOUND('',#809,.T.);
#628=FACE_OUTER_BOUND('',#810,.T.);
#629=FACE_OUTER_BOUND('',#811,.T.);
#630=FACE_OUTER_BOUND('',#812,.T.);
#631=FACE_OUTER_BOUND('',#813,.T.);
#632=FACE_OUTER_BOUND('',#814,.T.);
#633=FACE_OUTER_BOUND('',#815,.T.);
#634=FACE_OUTER_BOUND('',#816,.T.);
#635=FACE_OUTER_BOUND('',#817,.T.);
#636=FACE_OUTER_BOUND('',#818,.T.);
#637=FACE_OUTER_BOUND('',#819,.T.);
#638=FACE_OUTER_BOUND('',#820,.T.);
#639=FACE_OUTER_BOUND('',#821,.T.);
#640=FACE_OUTER_BOUND('',#822,.T.);
#641=FACE_OUTER_BOUND('',#823,.T.);
#642=FACE_OUTER_BOUND('',#824,.T.);
#643=FACE_OUTER_BOUND('',#825,.T.);
#644=FACE_OUTER_BOUND('',#826,.T.);
#645=FACE_OUTER_BOUND('',#827,.T.);
#646=FACE_OUTER_BOUND('',#828,.T.);
#647=FACE_OUTER_BOUND('',#829,.T.);
#648=FACE_OUTER_BOUND('',#830,.T.);
#649=FACE_OUTER_BOUND('',#831,.T.);
#650=FACE_OUTER_BOUND('',#832,.T.);
#651=FACE_OUTER_BOUND('',#833,.T.);
#652=FACE_OUTER_BOUND('',#834,.T.);
#653=FACE_OUTER_BOUND('',#835,.T.);
#654=FACE_OUTER_BOUND('',#836,.T.);
#655=FACE_OUTER_BOUND('',#837,.T.);
#656=FACE_OUTER_BOUND('',#838,.T.);
#657=FACE_OUTER_BOUND('',#839,.T.);
#658=FACE_OUTER_BOUND('',#840,.T.);
#659=FACE_OUTER_BOUND('',#841,.T.);
#660=FACE_OUTER_BOUND('',#842,.T.);
#661=FACE_OUTER_BOUND('',#843,.T.);
#662=FACE_OUTER_BOUND('',#844,.T.);
#663=FACE_OUTER_BOUND('',#845,.T.);
#664=FACE_OUTER_BOUND('',#846,.T.);
#665=FACE_OUTER_BOUND('',#847,.T.);
#666=FACE_OUTER_BOUND('',#848,.T.);
#667=FACE_OUTER_BOUND('',#849,.T.);
#668=EDGE_LOOP('',(#1150,#1151,#1152,#1153,#1154,#1155,#1156,#1157));
#669=EDGE_LOOP('',(#1158,#1159,#1160,#1161,#1162,#1163));
#670=EDGE_LOOP('',(#1164,#1165,#1166,#1167,#1168,#1169));
#671=EDGE_LOOP('',(#1170,#1171,#1172,#1173,#1174));
#672=EDGE_LOOP('',(#1175,#1176,#1177,#1178,#1179));
#673=EDGE_LOOP('',(#1180,#1181,#1182,#1183,#1184,#1185,#1186,#1187));
#674=EDGE_LOOP('',(#1188,#1189,#1190,#1191));
#675=EDGE_LOOP('',(#1192,#1193,#1194,#1195));
#676=EDGE_LOOP('',(#1196,#1197,#1198,#1199,#1200,#1201,#1202,#1203));
#677=EDGE_LOOP('',(#1204,#1205,#1206,#1207,#1208,#1209));
#678=EDGE_LOOP('',(#1210,#1211,#1212,#1213));
#679=EDGE_LOOP('',(#1214,#1215,#1216,#1217,#1218,#1219));
#680=EDGE_LOOP('',(#1220,#1221,#1222,#1223,#1224,#1225,#1226,#1227));
#681=EDGE_LOOP('',(#1228,#1229,#1230,#1231,#1232,#1233,#1234,#1235,#1236,
#1237));
#682=EDGE_LOOP('',(#1238,#1239,#1240,#1241));
#683=EDGE_LOOP('',(#1242,#1243,#1244,#1245));
#684=EDGE_LOOP('',(#1246,#1247,#1248,#1249,#1250,#1251,#1252,#1253,#1254,
#1255));
#685=EDGE_LOOP('',(#1256,#1257,#1258,#1259,#1260,#1261,#1262,#1263,#1264,
#1265));
#686=EDGE_LOOP('',(#1266,#1267,#1268,#1269));
#687=EDGE_LOOP('',(#1270,#1271,#1272,#1273,#1274,#1275,#1276,#1277,#1278,
#1279,#1280));
#688=EDGE_LOOP('',(#1281,#1282,#1283,#1284,#1285,#1286,#1287,#1288));
#689=EDGE_LOOP('',(#1289,#1290));
#690=EDGE_LOOP('',(#1291,#1292,#1293,#1294,#1295,#1296,#1297,#1298));
#691=EDGE_LOOP('',(#1299,#1300,#1301,#1302));
#692=EDGE_LOOP('',(#1303,#1304,#1305));
#693=EDGE_LOOP('',(#1306,#1307,#1308,#1309,#1310,#1311,#1312,#1313,#1314,
#1315,#1316,#1317,#1318,#1319,#1320));
#694=EDGE_LOOP('',(#1321,#1322,#1323,#1324,#1325,#1326,#1327));
#695=EDGE_LOOP('',(#1328,#1329,#1330,#1331));
#696=EDGE_LOOP('',(#1332,#1333,#1334,#1335,#1336,#1337,#1338,#1339));
#697=EDGE_LOOP('',(#1340,#1341,#1342,#1343));
#698=EDGE_LOOP('',(#1344,#1345,#1346,#1347,#1348,#1349,#1350,#1351));
#699=EDGE_LOOP('',(#1352,#1353,#1354,#1355));
#700=EDGE_LOOP('',(#1356,#1357,#1358,#1359));
#701=EDGE_LOOP('',(#1360,#1361,#1362,#1363));
#702=EDGE_LOOP('',(#1364,#1365,#1366,#1367,#1368,#1369,#1370,#1371));
#703=EDGE_LOOP('',(#1372,#1373,#1374,#1375));
#704=EDGE_LOOP('',(#1376,#1377,#1378,#1379));
#705=EDGE_LOOP('',(#1380,#1381,#1382,#1383));
#706=EDGE_LOOP('',(#1384,#1385,#1386,#1387));
#707=EDGE_LOOP('',(#1388,#1389,#1390,#1391,#1392,#1393,#1394,#1395,#1396,
#1397,#1398,#1399,#1400,#1401,#1402));
#708=EDGE_LOOP('',(#1403,#1404,#1405,#1406,#1407));
#709=EDGE_LOOP('',(#1408,#1409,#1410,#1411));
#710=EDGE_LOOP('',(#1412,#1413,#1414,#1415,#1416));
#711=EDGE_LOOP('',(#1417,#1418,#1419,#1420,#1421,#1422,#1423,#1424));
#712=EDGE_LOOP('',(#1425,#1426,#1427,#1428));
#713=EDGE_LOOP('',(#1429,#1430,#1431,#1432,#1433,#1434));
#714=EDGE_LOOP('',(#1435,#1436,#1437,#1438,#1439));
#715=EDGE_LOOP('',(#1440,#1441,#1442,#1443,#1444));
#716=EDGE_LOOP('',(#1445,#1446,#1447,#1448));
#717=EDGE_LOOP('',(#1449,#1450,#1451));
#718=EDGE_LOOP('',(#1452,#1453,#1454));
#719=EDGE_LOOP('',(#1455,#1456,#1457,#1458));
#720=EDGE_LOOP('',(#1459,#1460,#1461,#1462,#1463));
#721=EDGE_LOOP('',(#1464,#1465,#1466,#1467,#1468,#1469,#1470));
#722=EDGE_LOOP('',(#1471,#1472,#1473,#1474,#1475));
#723=EDGE_LOOP('',(#1476,#1477,#1478,#1479));
#724=EDGE_LOOP('',(#1480,#1481));
#725=EDGE_LOOP('',(#1482,#1483,#1484,#1485));
#726=EDGE_LOOP('',(#1486,#1487,#1488));
#727=EDGE_LOOP('',(#1489,#1490,#1491,#1492,#1493,#1494,#1495,#1496));
#728=EDGE_LOOP('',(#1497,#1498,#1499,#1500));
#729=EDGE_LOOP('',(#1501,#1502,#1503,#1504));
#730=EDGE_LOOP('',(#1505,#1506,#1507,#1508));
#731=EDGE_LOOP('',(#1509,#1510,#1511,#1512,#1513,#1514,#1515));
#732=EDGE_LOOP('',(#1516,#1517,#1518,#1519,#1520,#1521));
#733=EDGE_LOOP('',(#1522,#1523,#1524,#1525,#1526,#1527));
#734=EDGE_LOOP('',(#1528,#1529,#1530,#1531));
#735=EDGE_LOOP('',(#1532,#1533,#1534,#1535,#1536));
#736=EDGE_LOOP('',(#1537,#1538,#1539,#1540));
#737=EDGE_LOOP('',(#1541,#1542,#1543,#1544));
#738=EDGE_LOOP('',(#1545,#1546,#1547,#1548));
#739=EDGE_LOOP('',(#1549,#1550,#1551,#1552));
#740=EDGE_LOOP('',(#1553,#1554,#1555,#1556,#1557,#1558));
#741=EDGE_LOOP('',(#1559,#1560,#1561,#1562));
#742=EDGE_LOOP('',(#1563,#1564,#1565,#1566,#1567,#1568));
#743=EDGE_LOOP('',(#1569,#1570,#1571,#1572,#1573,#1574,#1575));
#744=EDGE_LOOP('',(#1576,#1577,#1578,#1579));
#745=EDGE_LOOP('',(#1580,#1581,#1582,#1583,#1584,#1585,#1586));
#746=EDGE_LOOP('',(#1587,#1588,#1589));
#747=EDGE_LOOP('',(#1590,#1591,#1592));
#748=EDGE_LOOP('',(#1593,#1594,#1595,#1596,#1597,#1598));
#749=EDGE_LOOP('',(#1599,#1600,#1601));
#750=EDGE_LOOP('',(#1602,#1603,#1604));
#751=EDGE_LOOP('',(#1605,#1606,#1607,#1608));
#752=EDGE_LOOP('',(#1609,#1610,#1611,#1612));
#753=EDGE_LOOP('',(#1613,#1614,#1615,#1616));
#754=EDGE_LOOP('',(#1617,#1618,#1619,#1620));
#755=EDGE_LOOP('',(#1621,#1622,#1623,#1624,#1625));
#756=EDGE_LOOP('',(#1626,#1627,#1628,#1629));
#757=EDGE_LOOP('',(#1630,#1631,#1632,#1633));
#758=EDGE_LOOP('',(#1634,#1635,#1636,#1637));
#759=EDGE_LOOP('',(#1638,#1639,#1640,#1641,#1642));
#760=EDGE_LOOP('',(#1643,#1644,#1645,#1646));
#761=EDGE_LOOP('',(#1647,#1648,#1649,#1650));
#762=EDGE_LOOP('',(#1651,#1652,#1653,#1654));
#763=EDGE_LOOP('',(#1655,#1656,#1657,#1658));
#764=EDGE_LOOP('',(#1659,#1660,#1661,#1662));
#765=EDGE_LOOP('',(#1663,#1664,#1665,#1666));
#766=EDGE_LOOP('',(#1667,#1668,#1669));
#767=EDGE_LOOP('',(#1670,#1671,#1672,#1673,#1674));
#768=EDGE_LOOP('',(#1675,#1676,#1677,#1678,#1679));
#769=EDGE_LOOP('',(#1680,#1681,#1682));
#770=EDGE_LOOP('',(#1683,#1684,#1685,#1686,#1687,#1688,#1689));
#771=EDGE_LOOP('',(#1690,#1691,#1692,#1693));
#772=EDGE_LOOP('',(#1694,#1695,#1696,#1697));
#773=EDGE_LOOP('',(#1698,#1699,#1700,#1701,#1702,#1703));
#774=EDGE_LOOP('',(#1704,#1705,#1706,#1707));
#775=EDGE_LOOP('',(#1708,#1709,#1710,#1711));
#776=EDGE_LOOP('',(#1712,#1713,#1714,#1715));
#777=EDGE_LOOP('',(#1716,#1717,#1718,#1719));
#778=EDGE_LOOP('',(#1720,#1721,#1722,#1723,#1724,#1725,#1726,#1727,#1728,
#1729,#1730,#1731,#1732));
#779=EDGE_LOOP('',(#1733,#1734,#1735,#1736,#1737));
#780=EDGE_LOOP('',(#1738,#1739,#1740,#1741,#1742));
#781=EDGE_LOOP('',(#1743,#1744,#1745,#1746,#1747,#1748,#1749));
#782=EDGE_LOOP('',(#1750,#1751,#1752,#1753,#1754));
#783=EDGE_LOOP('',(#1755,#1756,#1757,#1758,#1759));
#784=EDGE_LOOP('',(#1760,#1761,#1762,#1763));
#785=EDGE_LOOP('',(#1764,#1765,#1766,#1767));
#786=EDGE_LOOP('',(#1768,#1769,#1770,#1771));
#787=EDGE_LOOP('',(#1772,#1773,#1774,#1775));
#788=EDGE_LOOP('',(#1776,#1777,#1778,#1779));
#789=EDGE_LOOP('',(#1780,#1781,#1782,#1783));
#790=EDGE_LOOP('',(#1784,#1785,#1786,#1787));
#791=EDGE_LOOP('',(#1788,#1789,#1790,#1791,#1792));
#792=EDGE_LOOP('',(#1793,#1794,#1795));
#793=EDGE_LOOP('',(#1796,#1797,#1798,#1799,#1800));
#794=EDGE_LOOP('',(#1801,#1802,#1803,#1804));
#795=EDGE_LOOP('',(#1805,#1806,#1807,#1808));
#796=EDGE_LOOP('',(#1809,#1810,#1811,#1812));
#797=EDGE_LOOP('',(#1813,#1814,#1815,#1816));
#798=EDGE_LOOP('',(#1817,#1818,#1819,#1820));
#799=EDGE_LOOP('',(#1821,#1822,#1823,#1824,#1825));
#800=EDGE_LOOP('',(#1826,#1827,#1828));
#801=EDGE_LOOP('',(#1829,#1830));
#802=EDGE_LOOP('',(#1831,#1832,#1833,#1834));
#803=EDGE_LOOP('',(#1835,#1836,#1837,#1838,#1839,#1840));
#804=EDGE_LOOP('',(#1841,#1842,#1843,#1844));
#805=EDGE_LOOP('',(#1845,#1846,#1847,#1848,#1849,#1850,#1851));
#806=EDGE_LOOP('',(#1852,#1853,#1854,#1855));
#807=EDGE_LOOP('',(#1856,#1857,#1858,#1859,#1860,#1861));
#808=EDGE_LOOP('',(#1862,#1863,#1864,#1865));
#809=EDGE_LOOP('',(#1866,#1867,#1868,#1869,#1870,#1871));
#810=EDGE_LOOP('',(#1872,#1873,#1874,#1875));
#811=EDGE_LOOP('',(#1876,#1877,#1878,#1879));
#812=EDGE_LOOP('',(#1880,#1881,#1882,#1883,#1884));
#813=EDGE_LOOP('',(#1885,#1886,#1887,#1888,#1889,#1890,#1891));
#814=EDGE_LOOP('',(#1892,#1893,#1894,#1895,#1896));
#815=EDGE_LOOP('',(#1897,#1898,#1899));
#816=EDGE_LOOP('',(#1900,#1901,#1902,#1903,#1904,#1905,#1906,#1907,#1908,
#1909));
#817=EDGE_LOOP('',(#1910,#1911,#1912,#1913));
#818=EDGE_LOOP('',(#1914,#1915,#1916,#1917,#1918));
#819=EDGE_LOOP('',(#1919,#1920,#1921,#1922,#1923,#1924,#1925));
#820=EDGE_LOOP('',(#1926,#1927,#1928,#1929));
#821=EDGE_LOOP('',(#1930,#1931,#1932,#1933));
#822=EDGE_LOOP('',(#1934,#1935,#1936,#1937,#1938,#1939));
#823=EDGE_LOOP('',(#1940,#1941,#1942,#1943));
#824=EDGE_LOOP('',(#1944,#1945,#1946));
#825=EDGE_LOOP('',(#1947,#1948,#1949,#1950,#1951,#1952,#1953));
#826=EDGE_LOOP('',(#1954,#1955,#1956,#1957));
#827=EDGE_LOOP('',(#1958,#1959,#1960,#1961,#1962,#1963,#1964));
#828=EDGE_LOOP('',(#1965,#1966,#1967));
#829=EDGE_LOOP('',(#1968,#1969,#1970));
#830=EDGE_LOOP('',(#1971,#1972,#1973,#1974,#1975,#1976));
#831=EDGE_LOOP('',(#1977,#1978,#1979));
#832=EDGE_LOOP('',(#1980,#1981,#1982));
#833=EDGE_LOOP('',(#1983,#1984,#1985,#1986));
#834=EDGE_LOOP('',(#1987,#1988,#1989,#1990));
#835=EDGE_LOOP('',(#1991,#1992,#1993,#1994));
#836=EDGE_LOOP('',(#1995,#1996,#1997,#1998));
#837=EDGE_LOOP('',(#1999,#2000,#2001,#2002));
#838=EDGE_LOOP('',(#2003,#2004,#2005,#2006,#2007));
#839=EDGE_LOOP('',(#2008,#2009,#2010,#2011,#2012));
#840=EDGE_LOOP('',(#2013,#2014,#2015,#2016,#2017));
#841=EDGE_LOOP('',(#2018,#2019,#2020,#2021));
#842=EDGE_LOOP('',(#2022,#2023,#2024,#2025));
#843=EDGE_LOOP('',(#2026,#2027,#2028,#2029));
#844=EDGE_LOOP('',(#2030,#2031,#2032,#2033));
#845=EDGE_LOOP('',(#2034,#2035,#2036,#2037,#2038));
#846=EDGE_LOOP('',(#2039,#2040,#2041,#2042,#2043));
#847=EDGE_LOOP('',(#2044,#2045,#2046,#2047));
#848=EDGE_LOOP('',(#2048,#2049,#2050,#2051));
#849=EDGE_LOOP('',(#2052,#2053));
#850=CIRCLE('',#3036,0.6);
#851=CIRCLE('',#3037,0.28);
#852=CIRCLE('',#3042,0.575);
#853=CIRCLE('',#3043,0.255);
#854=CIRCLE('',#3044,0.255);
#855=CIRCLE('',#3045,0.575);
#856=CIRCLE('',#3049,0.255);
#857=CIRCLE('',#3051,0.575);
#858=CIRCLE('',#3052,0.575);
#859=CIRCLE('',#3054,0.255);
#860=CIRCLE('',#3058,0.255);
#861=CIRCLE('',#3063,1.485);
#862=CIRCLE('',#3065,1.485);
#863=CIRCLE('',#3066,1.485);
#864=CIRCLE('',#3067,1.485);
#865=CIRCLE('',#3068,1.485);
#866=CIRCLE('',#3069,1.485);
#867=CIRCLE('',#3075,0.535);
#868=CIRCLE('',#3076,0.535);
#869=CIRCLE('',#3078,0.215);
#870=CIRCLE('',#3080,0.215);
#871=CIRCLE('',#3083,2.2);
#872=CIRCLE('',#3084,2.2);
#873=CIRCLE('',#3086,1.88);
#874=CIRCLE('',#3087,1.88);
#875=CIRCLE('',#3088,2.2);
#876=CIRCLE('',#3090,2.2);
#877=CIRCLE('',#3091,1.88);
#878=CIRCLE('',#3092,1.88);
#879=CIRCLE('',#3103,0.28);
#880=CIRCLE('',#3104,0.6);
#881=CIRCLE('',#3111,0.255);
#882=CIRCLE('',#3113,0.575);
#883=CIRCLE('',#3114,0.575);
#884=CIRCLE('',#3127,0.3);
#885=CIRCLE('',#3128,0.62);
#886=CIRCLE('',#3130,0.62);
#887=CIRCLE('',#3131,0.3);
#888=CIRCLE('',#3149,0.899997825180109);
#889=CIRCLE('',#3150,4.59999999999998);
#890=CIRCLE('',#3152,0.899997825180104);
#891=CIRCLE('',#3158,0.6);
#892=CIRCLE('',#3161,0.28);
#893=CIRCLE('',#3162,0.28);
#894=CIRCLE('',#3165,0.6);
#895=CIRCLE('',#3182,0.25);
#896=CIRCLE('',#3184,0.25);
#897=CIRCLE('',#3189,0.575);
#898=CIRCLE('',#3190,0.575);
#899=CIRCLE('',#3193,0.62);
#900=CIRCLE('',#3194,0.3);
#901=CIRCLE('',#3197,0.3);
#902=CIRCLE('',#3198,0.62);
#903=CIRCLE('',#3206,0.299999999936143);
#904=CIRCLE('',#3222,0.899997825180101);
#905=CIRCLE('',#3223,11.5999999998593);
#906=CIRCLE('',#3224,0.580000000001234);
#907=CIRCLE('',#3228,4.60000000019831);
#908=CIRCLE('',#3231,0.899997825180096);
#909=CIRCLE('',#3232,0.30000000006383);
#910=ELLIPSE('',#3035,6.73765821389252,2.13838751068704);
#911=ELLIPSE('',#3039,1.53644487327702,0.985817269781704);
#912=ELLIPSE('',#3050,593.957425294713,0.623170777926337);
#913=ELLIPSE('',#3053,127.426647260749,0.636687802761564);
#914=ELLIPSE('',#3057,593.95742545588,0.623170777926337);
#915=ELLIPSE('',#3072,28.2440320545566,1.33507145531037);
#916=ELLIPSE('',#3098,14.5004720097937,1.07828795013277);
#917=ELLIPSE('',#3105,6.73764853612086,2.13838669119286);
#918=ELLIPSE('',#3116,127.426647276755,0.636687802761564);
#919=ELLIPSE('',#3121,197.007384405985,0.907312767524655);
#920=ELLIPSE('',#3136,12.5862358683338,10.9);
#921=ELLIPSE('',#3139,12.5862358683338,10.9);
#922=ELLIPSE('',#3167,6.73765821389252,2.13838751068704);
#923=ELLIPSE('',#3168,6.73765843751924,2.13838751068704);
#924=ELLIPSE('',#3169,6.7376508440717,2.13838669119286);
#925=ELLIPSE('',#3170,6.73764853612085,2.13838669119286);
#926=ELLIPSE('',#3200,12.5862358683338,10.9);
#927=ELLIPSE('',#3203,12.5862358683338,10.9);
#928=B_SPLINE_CURVE_WITH_KNOTS('',3,(#3770,#3771,#3772,#3773),
 .UNSPECIFIED.,.F.,.F.,(4,4),(0.,1.),.UNSPECIFIED.);
#929=B_SPLINE_CURVE_WITH_KNOTS('',3,(#3775,#3776,#3777,#3778,#3779,#3780,
#3781,#3782,#3783,#3784,#3785,#3786,#3787),.UNSPECIFIED.,.F.,.F.,(4,3,3,
3,4),(0.,0.244543518825534,0.51861560343417,0.792687688042807,1.),
 .UNSPECIFIED.);
#930=B_SPLINE_CURVE_WITH_KNOTS('',3,(#3791,#3792,#3793,#3794,#3795,#3796,
#3797,#3798,#3799,#3800,#3801,#3802,#3803,#3804,#3805,#3806),
 .UNSPECIFIED.,.F.,.F.,(4,3,3,3,3,4),(0.,0.214928798370583,0.429857331685106,
0.644790079463482,0.85973190164935,1.),.UNSPECIFIED.);
#931=B_SPLINE_CURVE_WITH_KNOTS('',3,(#3814,#3815,#3816,#3817),
 .UNSPECIFIED.,.F.,.F.,(4,4),(0.,1.),.UNSPECIFIED.);
#932=B_SPLINE_CURVE_WITH_KNOTS('',3,(#3820,#3821,#3822,#3823),
 .UNSPECIFIED.,.F.,.F.,(4,4),(0.,1.),.UNSPECIFIED.);
#933=B_SPLINE_CURVE_WITH_KNOTS('',3,(#3827,#3828,#3829,#3830,#3831,#3832,
#3833,#3834,#3835,#3836,#3837,#3838),.UNSPECIFIED.,.F.,.F.,(4,2,2,2,2,4),
(0.,0.125,0.25,0.5,0.75,1.),.UNSPECIFIED.);
#934=B_SPLINE_CURVE_WITH_KNOTS('',3,(#3840,#3841,#3842,#3843),
 .UNSPECIFIED.,.F.,.F.,(4,4),(0.,1.),.UNSPECIFIED.);
#935=B_SPLINE_CURVE_WITH_KNOTS('',3,(#3845,#3846,#3847,#3848),
 .UNSPECIFIED.,.F.,.F.,(4,4),(0.,1.),.UNSPECIFIED.);
#936=B_SPLINE_CURVE_WITH_KNOTS('',3,(#3854,#3855,#3856,#3857,#3858,#3859),
 .UNSPECIFIED.,.F.,.F.,(4,2,4),(0.,0.5,1.),.UNSPECIFIED.);
#937=B_SPLINE_CURVE_WITH_KNOTS('',3,(#3861,#3862,#3863,#3864),
 .UNSPECIFIED.,.F.,.F.,(4,4),(0.,1.),.UNSPECIFIED.);
#938=B_SPLINE_CURVE_WITH_KNOTS('',3,(#3866,#3867,#3868,#3869,#3870,#3871,
#3872,#3873,#3874,#3875),.UNSPECIFIED.,.F.,.F.,(4,3,3,4),(0.,0.313549030262127,
0.65674270796206,1.),.UNSPECIFIED.);
#939=B_SPLINE_CURVE_WITH_KNOTS('',3,(#3878,#3879,#3880,#3881),
 .UNSPECIFIED.,.F.,.F.,(4,4),(0.,1.),.UNSPECIFIED.);
#940=B_SPLINE_CURVE_WITH_KNOTS('',3,(#3883,#3884,#3885,#3886),
 .UNSPECIFIED.,.F.,.F.,(4,4),(0.,1.),.UNSPECIFIED.);
#941=B_SPLINE_CURVE_WITH_KNOTS('',3,(#3888,#3889,#3890,#3891),
 .UNSPECIFIED.,.F.,.F.,(4,4),(0.,1.),.UNSPECIFIED.);
#942=B_SPLINE_CURVE_WITH_KNOTS('',3,(#3892,#3893,#3894,#3895,#3896,#3897,
#3898),.UNSPECIFIED.,.F.,.F.,(4,1,1,1,4),(0.,0.554346029617945,0.831519044426918,
0.970105551831404,1.),.UNSPECIFIED.);
#943=B_SPLINE_CURVE_WITH_KNOTS('',3,(#4031,#4032,#4033,#4034),
 .UNSPECIFIED.,.F.,.F.,(4,4),(0.,1.),.UNSPECIFIED.);
#944=B_SPLINE_CURVE_WITH_KNOTS('',3,(#4037,#4038,#4039,#4040),
 .UNSPECIFIED.,.F.,.F.,(4,4),(0.,1.),.UNSPECIFIED.);
#945=B_SPLINE_CURVE_WITH_KNOTS('',3,(#4042,#4043,#4044,#4045),
 .UNSPECIFIED.,.F.,.F.,(4,4),(0.,1.),.UNSPECIFIED.);
#946=B_SPLINE_CURVE_WITH_KNOTS('',3,(#4047,#4048,#4049,#4050,#4051,#4052,
#4053,#4054,#4055,#4056,#4057,#4058,#4059),.UNSPECIFIED.,.F.,.F.,(4,3,3,
3,4),(0.,0.308305241599346,0.616161573772285,0.996104498264746,1.),
 .UNSPECIFIED.);
#947=B_SPLINE_CURVE_WITH_KNOTS('',3,(#4061,#4062,#4063,#4064,#4065,#4066,
#4067),.UNSPECIFIED.,.F.,.F.,(4,1,1,1,4),(0.,0.0298947919948317,0.168481250281284,
0.44565416685419,1.),.UNSPECIFIED.);
#948=B_SPLINE_CURVE_WITH_KNOTS('',3,(#4253,#4254,#4255,#4256),
 .UNSPECIFIED.,.F.,.F.,(4,4),(0.,1.),.UNSPECIFIED.);
#949=B_SPLINE_CURVE_WITH_KNOTS('',3,(#4258,#4259,#4260,#4261,#4262,#4263,
#4264),.UNSPECIFIED.,.F.,.F.,(4,1,1,1,4),(0.,0.0668844322950685,0.377922954863379,
0.68896147743169,1.),.UNSPECIFIED.);
#950=B_SPLINE_CURVE_WITH_KNOTS('',3,(#4272,#4273,#4274,#4275,#4276,#4277,
#4278,#4279,#4280,#4281,#4282,#4283,#4284,#4285,#4286,#4287),
 .UNSPECIFIED.,.F.,.F.,(4,3,3,3,3,4),(0.,0.551441521588111,0.711177664859887,
0.873194020864095,0.956876534668557,1.),.UNSPECIFIED.);
#951=B_SPLINE_CURVE_WITH_KNOTS('',3,(#4289,#4290,#4291,#4292,#4293,#4294,
#4295,#4296,#4297,#4298,#4299,#4300,#4301,#4302,#4303,#4304,#4305,#4306,
#4307,#4308,#4309,#4310,#4311,#4312,#4313,#4314,#4315,#4316,#4317,#4318,
#4319,#4320,#4321,#4322),.UNSPECIFIED.,.F.,.F.,(4,3,3,3,3,3,3,3,3,3,3,4),
(0.,0.0630649740506596,0.125743675007402,0.192925468977017,0.266011438296863,
0.354918585615102,0.645708707693697,0.736469394156235,0.828953883916925,
0.911994509381285,0.982869026246209,1.),.UNSPECIFIED.);
#952=B_SPLINE_CURVE_WITH_KNOTS('',3,(#4324,#4325,#4326,#4327,#4328,#4329,
#4330,#4331,#4332,#4333,#4334,#4335,#4336,#4337,#4338,#4339),
 .UNSPECIFIED.,.F.,.F.,(4,3,3,3,3,4),(0.,0.0859820038377355,0.195396164732657,
0.402837703844311,0.89791839870006,1.),.UNSPECIFIED.);
#953=B_SPLINE_CURVE_WITH_KNOTS('',3,(#4343,#4344,#4345,#4346,#4347,#4348),
 .UNSPECIFIED.,.F.,.F.,(4,2,4),(0.,0.5,1.),.UNSPECIFIED.);
#954=B_SPLINE_CURVE_WITH_KNOTS('',3,(#4351,#4352,#4353,#4354,#4355,#4356,
#4357,#4358,#4359,#4360,#4361,#4362,#4363),.UNSPECIFIED.,.F.,.F.,(4,3,3,
3,4),(0.,0.240447421522323,0.479511555945301,0.740547958643886,1.),
 .UNSPECIFIED.);
#955=B_SPLINE_CURVE_WITH_KNOTS('',3,(#4365,#4366,#4367,#4368),
 .UNSPECIFIED.,.F.,.F.,(4,4),(0.,1.),.UNSPECIFIED.);
#956=B_SPLINE_CURVE_WITH_KNOTS('',3,(#4369,#4370,#4371,#4372,#4373,#4374,
#4375),.UNSPECIFIED.,.F.,.F.,(4,1,1,1,4),(0.,0.311567616166604,0.623135232333207,
0.934702848499811,1.),.UNSPECIFIED.);
#957=B_SPLINE_CURVE_WITH_KNOTS('',3,(#4377,#4378,#4379,#4380,#4381,#4382,
#4383),.UNSPECIFIED.,.F.,.F.,(4,1,1,1,4),(0.,0.262678940597321,0.525357881194641,
0.788036821791962,1.),.UNSPECIFIED.);
#958=B_SPLINE_CURVE_WITH_KNOTS('',3,(#4385,#4386,#4387,#4388,#4389,#4390,
#4391,#4392,#4393,#4394,#4395,#4396,#4397),.UNSPECIFIED.,.F.,.F.,(4,3,3,
3,4),(0.,0.277626276792566,0.551347738348549,0.831302448042392,1.),
 .UNSPECIFIED.);
#959=B_SPLINE_CURVE_WITH_KNOTS('',3,(#4580,#4581,#4582,#4583,#4584,#4585,
#4586,#4587,#4588,#4589,#4590,#4591,#4592),.UNSPECIFIED.,.F.,.F.,(4,3,3,
3,4),(0.,0.290110382401665,0.363872631545421,0.706847048308617,1.),
 .UNSPECIFIED.);
#960=B_SPLINE_CURVE_WITH_KNOTS('',3,(#4594,#4595,#4596,#4597),
 .UNSPECIFIED.,.F.,.F.,(4,4),(0.,1.),.UNSPECIFIED.);
#961=B_SPLINE_CURVE_WITH_KNOTS('',3,(#4599,#4600,#4601,#4602,#4603,#4604,
#4605,#4606,#4607,#4608,#4609,#4610,#4611),.UNSPECIFIED.,.F.,.F.,(4,3,3,
3,4),(0.,0.288723256168663,0.576407037444001,0.880644118826625,1.),
 .UNSPECIFIED.);
#962=B_SPLINE_CURVE_WITH_KNOTS('',3,(#4613,#4614,#4615,#4616),
 .UNSPECIFIED.,.F.,.F.,(4,4),(0.,1.),.UNSPECIFIED.);
#963=B_SPLINE_CURVE_WITH_KNOTS('',3,(#4618,#4619,#4620,#4621,#4622,#4623,
#4624,#4625,#4626,#4627,#4628,#4629,#4630,#4631,#4632,#4633,#4634),
 .UNSPECIFIED.,.F.,.F.,(4,1,1,1,1,1,1,1,1,1,1,1,1,1,4),(0.,0.1250419298063,
0.250083859612601,0.375125789418901,0.406386271870477,0.437646754322052,
0.468907236773627,0.500167719225202,0.531428201676777,0.562688684128352,
0.593949166579927,0.625209649031502,0.750251578837803,0.875293508644103,
1.),.UNSPECIFIED.);
#964=B_SPLINE_CURVE_WITH_KNOTS('',3,(#4636,#4637,#4638,#4639),
 .UNSPECIFIED.,.F.,.F.,(4,4),(0.,1.),.UNSPECIFIED.);
#965=B_SPLINE_CURVE_WITH_KNOTS('',3,(#4641,#4642,#4643,#4644,#4645,#4646,
#4647,#4648,#4649,#4650,#4651,#4652,#4653),.UNSPECIFIED.,.F.,.F.,(4,3,3,
3,4),(0.,0.318569150639962,0.637639275995803,0.9468423219036,1.),
 .UNSPECIFIED.);
#966=B_SPLINE_CURVE_WITH_KNOTS('',3,(#4655,#4656,#4657,#4658),
 .UNSPECIFIED.,.F.,.F.,(4,4),(0.,1.),.UNSPECIFIED.);
#967=B_SPLINE_CURVE_WITH_KNOTS('',3,(#4660,#4661,#4662,#4663,#4664,#4665,
#4666,#4667,#4668,#4669),.UNSPECIFIED.,.F.,.F.,(4,3,3,4),(0.,0.331537700999697,
0.710310219995037,1.),.UNSPECIFIED.);
#968=B_SPLINE_CURVE_WITH_KNOTS('',3,(#4950,#4951,#4952,#4953,#4954,#4955),
 .UNSPECIFIED.,.F.,.F.,(4,2,4),(0.,0.5,1.),.UNSPECIFIED.);
#969=B_SPLINE_CURVE_WITH_KNOTS('',3,(#4963,#4964,#4965,#4966,#4967,#4968,
#4969,#4970,#4971,#4972,#4973,#4974,#4975,#4976,#4977,#4978,#4979),
 .UNSPECIFIED.,.F.,.F.,(4,1,1,1,1,1,1,1,1,1,1,1,1,1,4),(0.,0.00344675688287171,
0.0140117195071518,0.0351416447557121,0.0774014952528325,0.161921196247073,
0.330960598235555,0.500000000224037,0.669039402212519,0.838078804201001,
0.922598505195242,0.964858355692362,0.985988280940922,0.996553243565203,
1.),.UNSPECIFIED.);
#970=B_SPLINE_CURVE_WITH_KNOTS('',3,(#4983,#4984,#4985,#4986,#4987,#4988,
#4989,#4990,#4991,#4992,#4993,#4994,#4995,#4996,#4997,#4998,#4999,#5000,
#5001,#5002,#5003,#5004,#5005,#5006,#5007),.UNSPECIFIED.,.F.,.F.,(4,1,1,
1,1,1,1,1,1,1,1,1,1,1,1,1,1,1,1,1,1,1,4),(0.,0.0144540279216184,0.0838178142422758,
0.153181600562933,0.170522547143097,0.187863493723262,0.205204440303426,
0.22254538688359,0.257227280043919,0.291909173204248,0.361272959524905,
0.430636745845563,0.50000053216622,0.569364318486877,0.638728104807535,
0.708091891128192,0.777455677448849,0.812137570609178,0.829478517189342,
0.846819463769507,0.916183250090164,0.985547036410821,1.),.UNSPECIFIED.);
#971=B_SPLINE_CURVE_WITH_KNOTS('',3,(#5010,#5011,#5012,#5013,#5014,#5015,
#5016,#5017,#5018,#5019,#5020,#5021,#5022,#5023,#5024,#5025),
 .UNSPECIFIED.,.F.,.F.,(4,3,3,3,3,4),(0.,0.211115756855663,0.423918363333789,
0.656905387033683,0.861563487684738,1.),.UNSPECIFIED.);
#972=B_SPLINE_CURVE_WITH_KNOTS('',3,(#5027,#5028,#5029,#5030,#5031,#5032,
#5033,#5034,#5035,#5036),.UNSPECIFIED.,.F.,.F.,(4,3,3,4),(0.,0.373214281076213,
0.890518278647768,1.),.UNSPECIFIED.);
#973=B_SPLINE_CURVE_WITH_KNOTS('',3,(#5038,#5039,#5040,#5041,#5042,#5043,
#5044,#5045,#5046,#5047,#5048,#5049,#5050,#5051,#5052,#5053),
 .UNSPECIFIED.,.F.,.F.,(4,3,3,3,3,4),(0.,0.224690646579162,0.44971805435618,
0.674182681686285,0.905603272613602,1.),.UNSPECIFIED.);
#974=B_SPLINE_CURVE_WITH_KNOTS('',3,(#5055,#5056,#5057,#5058,#5059,#5060),
 .UNSPECIFIED.,.F.,.F.,(4,1,1,4),(0.,0.668900588440558,0.899454465300794,
1.),.UNSPECIFIED.);
#975=B_SPLINE_CURVE_WITH_KNOTS('',3,(#5061,#5062,#5063,#5064,#5065,#5066),
 .UNSPECIFIED.,.F.,.F.,(4,1,1,4),(0.,0.100496159293362,0.331042037869462,
1.),.UNSPECIFIED.);
#976=B_SPLINE_CURVE_WITH_KNOTS('',3,(#5068,#5069,#5070,#5071,#5072,#5073,
#5074,#5075,#5076,#5077,#5078,#5079,#5080,#5081,#5082,#5083),
 .UNSPECIFIED.,.F.,.F.,(4,3,3,3,3,4),(0.,0.240154343119932,0.480688083764071,
0.715585793932858,0.942017805800271,1.),.UNSPECIFIED.);
#977=B_SPLINE_CURVE_WITH_KNOTS('',3,(#5085,#5086,#5087,#5088,#5089,#5090,
#5091,#5092,#5093,#5094),.UNSPECIFIED.,.F.,.F.,(4,3,3,4),(0.,0.337236198899415,
0.731738273713956,1.),.UNSPECIFIED.);
#978=B_SPLINE_CURVE_WITH_KNOTS('',3,(#5096,#5097,#5098,#5099,#5100,#5101,
#5102,#5103,#5104,#5105,#5106,#5107,#5108,#5109,#5110,#5111),
 .UNSPECIFIED.,.F.,.F.,(4,3,3,3,3,4),(0.,0.173603230896683,0.396254484176489,
0.623884056155007,0.87743987298531,1.),.UNSPECIFIED.);
#979=B_SPLINE_CURVE_WITH_KNOTS('',3,(#5272,#5273,#5274,#5275,#5276,#5277,
#5278,#5279),.UNSPECIFIED.,.F.,.F.,(4,1,1,1,1,4),(0.,0.027385060638392,
0.106188302256789,0.421401268730375,0.736614235203961,1.),.UNSPECIFIED.);
#980=B_SPLINE_CURVE_WITH_KNOTS('',3,(#5281,#5282,#5283,#5284,#5285,#5286,
#5287,#5288,#5289,#5290,#5291,#5292,#5293,#5294,#5295,#5296,#5297,#5298,
#5299),.UNSPECIFIED.,.F.,.F.,(4,3,3,3,3,3,4),(0.,0.193075095180991,0.38419940575097,
0.576119096413278,0.756003910309282,0.935592665185971,1.),.UNSPECIFIED.);
#981=B_SPLINE_CURVE_WITH_KNOTS('',3,(#5301,#5302,#5303,#5304,#5305,#5306,
#5307),.UNSPECIFIED.,.F.,.F.,(4,3,4),(0.,0.559920053127227,1.),
 .UNSPECIFIED.);
#982=B_SPLINE_CURVE_WITH_KNOTS('',3,(#5309,#5310,#5311,#5312,#5313,#5314,
#5315,#5316,#5317,#5318,#5319,#5320,#5321),.UNSPECIFIED.,.F.,.F.,(4,3,3,
3,4),(0.,0.258947919137583,0.517843780689589,0.777603930873596,1.),
 .UNSPECIFIED.);
#983=B_SPLINE_CURVE_WITH_KNOTS('',3,(#5323,#5324,#5325,#5326,#5327,#5328,
#5329,#5330,#5331,#5332,#5333,#5334,#5335,#5336,#5337,#5338,#5339,#5340,
#5341,#5342,#5343,#5344,#5345,#5346,#5347),.UNSPECIFIED.,.F.,.F.,(4,1,1,
1,1,1,1,1,1,1,1,1,1,1,1,1,1,1,1,1,1,1,4),(0.,0.0350288071856088,0.0529123147351962,
0.0707958222847836,0.0752666991721804,0.0797375760595773,0.0886793298343709,
0.106562837383958,0.142329852483133,0.213863882681483,0.356931943078182,
0.500000003474881,0.64306806387158,0.786136124268279,0.857670154466628,
0.893437169565803,0.911320677115391,0.920262430890184,0.924733307777581,
0.929204184664978,0.947087692214565,0.964971199764153,1.),.UNSPECIFIED.);
#984=B_SPLINE_CURVE_WITH_KNOTS('',3,(#5349,#5350,#5351,#5352,#5353,#5354,
#5355,#5356,#5357,#5358,#5359,#5360,#5361),.UNSPECIFIED.,.F.,.F.,(4,3,3,
3,4),(0.,0.253072029043333,0.505593749823217,0.765747181268086,1.),
 .UNSPECIFIED.);
#985=B_SPLINE_CURVE_WITH_KNOTS('',3,(#5363,#5364,#5365,#5366,#5367,#5368,
#5369,#5370,#5371,#5372),.UNSPECIFIED.,.F.,.F.,(4,3,3,4),(0.,0.412901518694087,
0.825430451082424,1.),.UNSPECIFIED.);
#986=B_SPLINE_CURVE_WITH_KNOTS('',3,(#5374,#5375,#5376,#5377,#5378,#5379,
#5380,#5381,#5382,#5383,#5384,#5385,#5386,#5387,#5388,#5389,#5390,#5391,
#5392),.UNSPECIFIED.,.F.,.F.,(4,3,3,3,3,3,4),(0.,0.181628782734307,0.363312758041149,
0.543865972446671,0.722690668134836,0.906925561587616,1.),.UNSPECIFIED.);
#987=B_SPLINE_CURVE_WITH_KNOTS('',3,(#5394,#5395,#5396,#5397,#5398,#5399,
#5400,#5401),.UNSPECIFIED.,.F.,.F.,(4,1,1,1,1,4),(0.,0.26338576590161,0.578598734762454,
0.893811703623299,0.97261494583851,1.),.UNSPECIFIED.);
#988=B_SPLINE_CURVE_WITH_KNOTS('',3,(#5575,#5576,#5577,#5578),
 .UNSPECIFIED.,.F.,.F.,(4,4),(0.,1.),.UNSPECIFIED.);
#989=B_SPLINE_CURVE_WITH_KNOTS('',3,(#5579,#5580,#5581,#5582),
 .UNSPECIFIED.,.F.,.F.,(4,4),(0.,1.),.UNSPECIFIED.);
#990=B_SPLINE_CURVE_WITH_KNOTS('',3,(#5584,#5585,#5586,#5587),
 .UNSPECIFIED.,.F.,.F.,(4,4),(0.,1.),.UNSPECIFIED.);
#991=B_SPLINE_CURVE_WITH_KNOTS('',3,(#5591,#5592,#5593,#5594),
 .UNSPECIFIED.,.F.,.F.,(4,4),(0.,1.),.UNSPECIFIED.);
#992=B_SPLINE_CURVE_WITH_KNOTS('',3,(#5596,#5597,#5598,#5599),
 .UNSPECIFIED.,.F.,.F.,(4,4),(0.,1.),.UNSPECIFIED.);
#993=B_SPLINE_CURVE_WITH_KNOTS('',3,(#5601,#5602,#5603,#5604),
 .UNSPECIFIED.,.F.,.F.,(4,4),(0.,1.),.UNSPECIFIED.);
#994=B_SPLINE_CURVE_WITH_KNOTS('',3,(#5606,#5607,#5608,#5609,#5610,#5611,
#5612,#5613,#5614,#5615,#5616,#5617,#5618,#5619,#5620,#5621,#5622,#5623,
#5624,#5625,#5626,#5627,#5628,#5629,#5630,#5631,#5632,#5633,#5634,#5635,
#5636),.UNSPECIFIED.,.F.,.F.,(4,1,1,1,1,1,1,1,1,1,1,1,1,1,1,1,1,1,1,1,1,
1,1,1,1,1,1,1,4),(0.,0.0614504641969169,0.122901269341454,0.153626671913722,
0.18435207448599,0.245802879630527,0.307253684775064,0.3687044899196,0.430155295064137,
0.491606100208674,0.55305690535321,0.614507710497747,0.675958515642284,
0.73740932078682,0.798860125931357,0.860310931075894,0.92176173622043,0.952487138792699,
0.960168489435766,0.965929502418066,0.967849840078833,0.971690515400366,
0.9755311907219,0.979371866043434,0.983212541364967,0.983980676429274,0.98474881149358,
0.98512327733743,1.),.UNSPECIFIED.);
#995=B_SPLINE_CURVE_WITH_KNOTS('',3,(#5638,#5639,#5640,#5641),
 .UNSPECIFIED.,.F.,.F.,(4,4),(0.,1.),.UNSPECIFIED.);
#996=B_SPLINE_CURVE_WITH_KNOTS('',3,(#5651,#5652,#5653,#5654,#5655,#5656,
#5657,#5658,#5659,#5660,#5661,#5662,#5663,#5664,#5665,#5666),
 .UNSPECIFIED.,.F.,.F.,(4,3,3,3,3,4),(0.,0.195810286814159,0.39151931602895,
0.58880130195018,0.793293908198308,1.),.UNSPECIFIED.);
#997=B_SPLINE_CURVE_WITH_KNOTS('',3,(#5669,#5670,#5671,#5672),
 .UNSPECIFIED.,.F.,.F.,(4,4),(0.,1.),.UNSPECIFIED.);
#998=B_SPLINE_CURVE_WITH_KNOTS('',3,(#5676,#5677,#5678,#5679),
 .UNSPECIFIED.,.F.,.F.,(4,4),(0.,1.),.UNSPECIFIED.);
#999=B_SPLINE_CURVE_WITH_KNOTS('',3,(#5681,#5682,#5683,#5684,#5685,#5686,
#5687,#5688,#5689,#5690,#5691,#5692,#5693,#5694,#5695,#5696),
 .UNSPECIFIED.,.F.,.F.,(4,3,3,3,3,4),(0.,0.24137472667605,0.484772467661092,
0.702179883577194,0.903371475745684,1.),.UNSPECIFIED.);
#1000=B_SPLINE_CURVE_WITH_KNOTS('',3,(#5700,#5701,#5702,#5703,#5704,#5705,
#5706,#5707,#5708,#5709,#5710,#5711,#5712,#5713,#5714,#5715,#5716,#5717,
#5718,#5719,#5720,#5721),.UNSPECIFIED.,.F.,.F.,(4,3,3,3,3,3,3,4),(0.,0.220799911031489,
0.362934428715203,0.477362067934216,0.59229425949842,0.727286272803594,
0.937899527617806,1.),.UNSPECIFIED.);
#1001=B_SPLINE_CURVE_WITH_KNOTS('',3,(#5724,#5725,#5726,#5727,#5728,#5729,
#5730,#5731,#5732,#5733,#5734,#5735,#5736,#5737,#5738,#5739),
 .UNSPECIFIED.,.F.,.F.,(4,3,3,3,3,4),(0.,0.195810286814146,0.391519316028936,
0.58880130195019,0.793293908198403,1.),.UNSPECIFIED.);
#1002=B_SPLINE_CURVE_WITH_KNOTS('',3,(#5742,#5743,#5744,#5745),
 .UNSPECIFIED.,.F.,.F.,(4,4),(0.,1.),.UNSPECIFIED.);
#1003=B_SPLINE_CURVE_WITH_KNOTS('',3,(#5749,#5750,#5751,#5752),
 .UNSPECIFIED.,.F.,.F.,(4,4),(0.,1.),.UNSPECIFIED.);
#1004=B_SPLINE_CURVE_WITH_KNOTS('',3,(#5754,#5755,#5756,#5757,#5758,#5759,
#5760,#5761,#5762,#5763,#5764,#5765,#5766,#5767,#5768,#5769),
 .UNSPECIFIED.,.F.,.F.,(4,3,3,3,3,4),(0.,0.241374726676227,0.484772467661231,
0.702179883577308,0.903371475745857,1.),.UNSPECIFIED.);
#1005=B_SPLINE_CURVE_WITH_KNOTS('',3,(#5773,#5774,#5775,#5776,#5777,#5778,
#5779,#5780,#5781,#5782,#5783,#5784,#5785,#5786,#5787,#5788,#5789,#5790,
#5791,#5792,#5793,#5794),.UNSPECIFIED.,.F.,.F.,(4,3,3,3,3,3,3,4),(0.,0.220799911031486,
0.362934428715209,0.477362067934229,0.592294259498446,0.727286272803642,
0.937899527617891,1.),.UNSPECIFIED.);
#1006=B_SPLINE_CURVE_WITH_KNOTS('',3,(#5798,#5799,#5800,#5801),
 .UNSPECIFIED.,.F.,.F.,(4,4),(0.,1.),.UNSPECIFIED.);
#1007=B_SPLINE_CURVE_WITH_KNOTS('',3,(#5803,#5804,#5805,#5806,#5807,#5808),
 .UNSPECIFIED.,.F.,.F.,(4,2,4),(0.,0.5,1.),.UNSPECIFIED.);
#1008=B_SPLINE_CURVE_WITH_KNOTS('',3,(#5810,#5811,#5812,#5813,#5814,#5815,
#5816,#5817,#5818,#5819,#5820,#5821,#5822,#5823,#5824,#5825,#5826,#5827,
#5828,#5829,#5830,#5831,#5832,#5833,#5834,#5835,#5836,#5837,#5838,#5839,
#5840,#5841,#5842,#5843,#5844,#5845,#5846),.UNSPECIFIED.,.F.,.F.,(4,3,3,
3,3,3,3,3,3,3,3,3,4),(0.,0.0222480300861831,0.0789219358494223,0.197486131480139,
0.313839987751351,0.43606728655417,0.502625927617367,0.580574382421783,
0.656938876008633,0.83353616174485,0.922339424901228,0.992098232617008,
1.),.UNSPECIFIED.);
#1009=B_SPLINE_CURVE_WITH_KNOTS('',3,(#5848,#5849,#5850,#5851,#5852,#5853,
#5854,#5855,#5856,#5857,#5858,#5859,#5860,#5861,#5862,#5863,#5864,#5865,
#5866),.UNSPECIFIED.,.F.,.F.,(4,3,3,3,3,3,4),(0.,0.178920286463726,0.355613733260332,
0.540721221802331,0.743867718609746,0.893819941002585,1.),.UNSPECIFIED.);
#1010=B_SPLINE_CURVE_WITH_KNOTS('',3,(#6104,#6105,#6106,#6107),
 .UNSPECIFIED.,.F.,.F.,(4,4),(0.,1.),.UNSPECIFIED.);
#1011=B_SPLINE_CURVE_WITH_KNOTS('',3,(#6109,#6110,#6111,#6112),
 .UNSPECIFIED.,.F.,.F.,(4,4),(0.,1.),.UNSPECIFIED.);
#1012=B_SPLINE_CURVE_WITH_KNOTS('',3,(#6122,#6123,#6124,#6125),
 .UNSPECIFIED.,.F.,.F.,(4,4),(0.,1.),.UNSPECIFIED.);
#1013=B_SPLINE_CURVE_WITH_KNOTS('',3,(#6135,#6136,#6137,#6138),
 .UNSPECIFIED.,.F.,.F.,(4,4),(0.,1.),.UNSPECIFIED.);
#1014=B_SPLINE_CURVE_WITH_KNOTS('',3,(#6140,#6141,#6142,#6143),
 .UNSPECIFIED.,.F.,.F.,(4,4),(0.,1.),.UNSPECIFIED.);
#1015=B_SPLINE_CURVE_WITH_KNOTS('',3,(#6145,#6146,#6147,#6148),
 .UNSPECIFIED.,.F.,.F.,(4,4),(0.,1.),.UNSPECIFIED.);
#1016=B_SPLINE_CURVE_WITH_KNOTS('',3,(#6155,#6156,#6157,#6158),
 .UNSPECIFIED.,.F.,.F.,(4,4),(0.,1.),.UNSPECIFIED.);
#1017=B_SPLINE_CURVE_WITH_KNOTS('',3,(#6160,#6161,#6162,#6163),
 .UNSPECIFIED.,.F.,.F.,(4,4),(0.,1.),.UNSPECIFIED.);
#1018=B_SPLINE_CURVE_WITH_KNOTS('',3,(#6165,#6166,#6167,#6168),
 .UNSPECIFIED.,.F.,.F.,(4,4),(0.,1.),.UNSPECIFIED.);
#1019=B_SPLINE_CURVE_WITH_KNOTS('',3,(#6170,#6171,#6172,#6173),
 .UNSPECIFIED.,.F.,.F.,(4,4),(0.,1.),.UNSPECIFIED.);
#1020=B_SPLINE_CURVE_WITH_KNOTS('',3,(#6184,#6185,#6186,#6187),
 .UNSPECIFIED.,.F.,.F.,(4,4),(0.,1.),.UNSPECIFIED.);
#1021=B_SPLINE_CURVE_WITH_KNOTS('',3,(#6189,#6190,#6191,#6192),
 .UNSPECIFIED.,.F.,.F.,(4,4),(0.,1.),.UNSPECIFIED.);
#1022=B_SPLINE_CURVE_WITH_KNOTS('',3,(#6194,#6195,#6196,#6197),
 .UNSPECIFIED.,.F.,.F.,(4,4),(0.,1.),.UNSPECIFIED.);
#1023=B_SPLINE_CURVE_WITH_KNOTS('',3,(#6208,#6209,#6210,#6211),
 .UNSPECIFIED.,.F.,.F.,(4,4),(0.,1.),.UNSPECIFIED.);
#1024=B_SPLINE_CURVE_WITH_KNOTS('',3,(#6235,#6236,#6237,#6238),
 .UNSPECIFIED.,.F.,.F.,(4,4),(0.,1.),.UNSPECIFIED.);
#1025=B_SPLINE_CURVE_WITH_KNOTS('',3,(#6291,#6292,#6293,#6294),
 .UNSPECIFIED.,.F.,.F.,(4,4),(0.,1.),.UNSPECIFIED.);
#1026=B_SPLINE_CURVE_WITH_KNOTS('',3,(#6310,#6311,#6312,#6313),
 .UNSPECIFIED.,.F.,.F.,(4,4),(0.,1.),.UNSPECIFIED.);
#1027=B_SPLINE_CURVE_WITH_KNOTS('',3,(#6322,#6323,#6324,#6325),
 .UNSPECIFIED.,.F.,.F.,(4,4),(0.,1.),.UNSPECIFIED.);
#1028=B_SPLINE_CURVE_WITH_KNOTS('',3,(#6327,#6328,#6329,#6330),
 .UNSPECIFIED.,.F.,.F.,(4,4),(0.,1.),.UNSPECIFIED.);
#1029=B_SPLINE_CURVE_WITH_KNOTS('',3,(#6331,#6332,#6333,#6334,#6335,#6336,
#6337,#6338,#6339,#6340,#6341,#6342,#6343),.UNSPECIFIED.,.F.,.F.,(4,3,3,
3,4),(0.,0.209520184160558,0.420874354398775,0.742246749805093,1.),
 .UNSPECIFIED.);
#1030=B_SPLINE_CURVE_WITH_KNOTS('',3,(#6345,#6346,#6347,#6348,#6349,#6350,
#6351,#6352,#6353,#6354),.UNSPECIFIED.,.F.,.F.,(4,3,3,4),(0.,0.412906757637234,
0.825813503701212,1.),.UNSPECIFIED.);
#1031=B_SPLINE_CURVE_WITH_KNOTS('',3,(#6356,#6357,#6358,#6359,#6360,#6361,
#6362,#6363,#6364,#6365),.UNSPECIFIED.,.F.,.F.,(4,3,3,4),(0.,0.317262120689541,
0.656741989071998,1.),.UNSPECIFIED.);
#1032=B_SPLINE_CURVE_WITH_KNOTS('',3,(#6367,#6368,#6369,#6370,#6371,#6372,
#6373,#6374,#6375,#6376),.UNSPECIFIED.,.F.,.F.,(4,3,3,4),(0.,0.353403435325149,
0.674886431444104,1.),.UNSPECIFIED.);
#1033=B_SPLINE_CURVE_WITH_KNOTS('',3,(#6378,#6379,#6380,#6381,#6382,#6383,
#6384,#6385,#6386,#6387,#6388,#6389,#6390),.UNSPECIFIED.,.F.,.F.,(4,3,3,
3,4),(0.,0.224726202596497,0.600486703500684,0.97624481042515,1.),
 .UNSPECIFIED.);
#1034=B_SPLINE_CURVE_WITH_KNOTS('',3,(#6401,#6402,#6403,#6404),
 .UNSPECIFIED.,.F.,.F.,(4,4),(0.,1.),.UNSPECIFIED.);
#1035=B_SPLINE_CURVE_WITH_KNOTS('',3,(#6406,#6407,#6408,#6409,#6410,#6411,
#6412,#6413,#6414,#6415),.UNSPECIFIED.,.F.,.F.,(4,3,3,4),(0.,0.44382426658056,
0.887022290484671,1.),.UNSPECIFIED.);
#1036=B_SPLINE_CURVE_WITH_KNOTS('',3,(#6423,#6424,#6425,#6426,#6427,#6428,
#6429),.UNSPECIFIED.,.F.,.F.,(4,3,4),(0.,0.541570979487526,1.),
 .UNSPECIFIED.);
#1037=B_SPLINE_CURVE_WITH_KNOTS('',3,(#6431,#6432,#6433,#6434),
 .UNSPECIFIED.,.F.,.F.,(4,4),(0.,1.),.UNSPECIFIED.);
#1038=B_SPLINE_CURVE_WITH_KNOTS('',3,(#6442,#6443,#6444,#6445,#6446,#6447,
#6448,#6449,#6450,#6451,#6452,#6453,#6454,#6455,#6456,#6457),
 .UNSPECIFIED.,.F.,.F.,(4,3,3,3,3,4),(0.,0.214952292548181,0.429904850315306,
0.644853190811898,0.859792455012663,1.),.UNSPECIFIED.);
#1039=B_SPLINE_CURVE_WITH_KNOTS('',3,(#6460,#6461,#6462,#6463),
 .UNSPECIFIED.,.F.,.F.,(4,4),(0.,1.),.UNSPECIFIED.);
#1040=B_SPLINE_CURVE_WITH_KNOTS('',3,(#6465,#6466,#6467,#6468,#6469,#6470,
#6471,#6472,#6473,#6474,#6475,#6476),.UNSPECIFIED.,.F.,.F.,(4,2,2,2,2,4),
(0.,0.500000000000001,0.750000000000001,0.812500000000001,0.875000000000001,
1.),.UNSPECIFIED.);
#1041=B_SPLINE_CURVE_WITH_KNOTS('',3,(#6478,#6479,#6480,#6481,#6482,#6483),
 .UNSPECIFIED.,.F.,.F.,(4,2,4),(0.,0.5,1.),.UNSPECIFIED.);
#1042=B_SPLINE_CURVE_WITH_KNOTS('',3,(#6484,#6485,#6486,#6487),
 .UNSPECIFIED.,.F.,.F.,(4,4),(0.,1.),.UNSPECIFIED.);
#1043=B_SPLINE_CURVE_WITH_KNOTS('',3,(#6936,#6937,#6938,#6939,#6940,#6941,
#6942),.UNSPECIFIED.,.F.,.F.,(4,3,4),(0.,0.000715739217153269,1.),
 .UNSPECIFIED.);
#1044=B_SPLINE_CURVE_WITH_KNOTS('',3,(#6944,#6945,#6946,#6947),
 .UNSPECIFIED.,.F.,.F.,(4,4),(0.,1.),.UNSPECIFIED.);
#1045=B_SPLINE_CURVE_WITH_KNOTS('',3,(#6949,#6950,#6951,#6952),
 .UNSPECIFIED.,.F.,.F.,(4,4),(0.,1.),.UNSPECIFIED.);
#1046=B_SPLINE_CURVE_WITH_KNOTS('',3,(#7229,#7230,#7231,#7232),
 .UNSPECIFIED.,.F.,.F.,(4,4),(0.,1.),.UNSPECIFIED.);
#1047=B_SPLINE_CURVE_WITH_KNOTS('',3,(#7233,#7234,#7235,#7236,#7237,#7238,
#7239,#7240,#7241,#7242,#7243,#7244,#7245),.UNSPECIFIED.,.F.,.F.,(4,1,1,
1,1,1,1,1,1,1,4),(0.,0.484994870626357,0.759796436328628,0.897197219179763,
0.965897610605331,0.983072708461723,0.991660257389919,0.995954031854017,
0.998100919086066,0.99917436270209,1.),.UNSPECIFIED.);
#1048=B_SPLINE_CURVE_WITH_KNOTS('',3,(#7247,#7248,#7249,#7250,#7251,#7252,
#7253,#7254,#7255,#7256,#7257,#7258,#7259,#7260,#7261,#7262,#7263,#7264,
#7265,#7266,#7267,#7268,#7269,#7270,#7271,#7272),.UNSPECIFIED.,.F.,.F.,
(4,1,1,1,1,1,1,1,1,1,1,1,1,1,1,1,1,1,1,1,1,1,1,4),(0.,0.000213118831008396,
0.00210665459079815,0.00400019035058791,0.00778726187016742,0.0153614049093265,
0.0229355479484855,0.0305096909876445,0.0380838340268035,0.041870905546383,
0.0437644413061728,0.0447112091860677,0.0451845931260151,0.0456579770659626,
0.0466047449458574,0.0475515128257523,0.0494450485855421,0.0532321201051216,
0.0608062631442806,0.0911028353009167,0.151695979614189,0.272882268240733,
0.515254845493822,1.),.UNSPECIFIED.);
#1049=B_SPLINE_CURVE_WITH_KNOTS('',3,(#7274,#7275,#7276,#7277),
 .UNSPECIFIED.,.F.,.F.,(4,4),(0.,1.),.UNSPECIFIED.);
#1050=B_SPLINE_CURVE_WITH_KNOTS('',3,(#7418,#7419,#7420,#7421),
 .UNSPECIFIED.,.F.,.F.,(4,4),(0.,1.),.UNSPECIFIED.);
#1051=B_SPLINE_CURVE_WITH_KNOTS('',3,(#7422,#7423,#7424,#7425),
 .UNSPECIFIED.,.F.,.F.,(4,4),(0.,1.),.UNSPECIFIED.);
#1052=B_SPLINE_CURVE_WITH_KNOTS('',3,(#7427,#7428,#7429,#7430,#7431,#7432,
#7433,#7434,#7435,#7436,#7437,#7438,#7439,#7440,#7441,#7442,#7443,#7444,
#7445,#7446,#7447,#7448,#7449,#7450,#7451,#7452),.UNSPECIFIED.,.F.,.F.,
(4,1,1,1,1,1,1,1,1,1,1,1,1,1,1,1,1,1,1,1,1,1,1,4),(0.,0.48612127423141,
0.729181911347115,0.850712229904968,0.911477389183894,0.941859968823357,
0.949455613733223,0.953253436188156,0.955152347415622,0.956101803029355,
0.957051258643088,0.957525986449955,0.958000714256822,0.958950169870555,
0.960849081098021,0.964646903552954,0.97224254846282,0.979838193372686,
0.987433838282552,0.995029483192417,0.996928394419884,0.99882730564735,
0.999776761261084,1.),.UNSPECIFIED.);
#1053=B_SPLINE_CURVE_WITH_KNOTS('',3,(#7454,#7455,#7456,#7457,#7458,#7459,
#7460,#7461,#7462,#7463,#7464,#7465),.UNSPECIFIED.,.F.,.F.,(4,1,1,1,1,1,
1,1,1,4),(0.,0.000793226337156161,0.00182994601882296,0.00286666570048975,
0.0194541806071585,0.0360416955138272,0.102391755140502,0.235091874393852,
0.500492112900552,1.),.UNSPECIFIED.);
#1054=B_SPLINE_CURVE_WITH_KNOTS('',3,(#7602,#7603,#7604,#7605),
 .UNSPECIFIED.,.F.,.F.,(4,4),(0.,1.),.UNSPECIFIED.);
#1055=B_SPLINE_CURVE_WITH_KNOTS('',3,(#7607,#7608,#7609,#7610),
 .UNSPECIFIED.,.F.,.F.,(4,4),(0.,1.),.UNSPECIFIED.);
#1056=B_SPLINE_CURVE_WITH_KNOTS('',3,(#7612,#7613,#7614,#7615),
 .UNSPECIFIED.,.F.,.F.,(4,4),(0.,1.),.UNSPECIFIED.);
#1057=B_SPLINE_CURVE_WITH_KNOTS('',3,(#7622,#7623,#7624,#7625,#7626,#7627,
#7628),.UNSPECIFIED.,.F.,.F.,(4,3,4),(0.,0.54770479720207,1.),
 .UNSPECIFIED.);
#1058=B_SPLINE_CURVE_WITH_KNOTS('',3,(#7634,#7635,#7636,#7637),
 .UNSPECIFIED.,.F.,.F.,(4,4),(0.,1.),.UNSPECIFIED.);
#1059=B_SPLINE_CURVE_WITH_KNOTS('',3,(#7639,#7640,#7641,#7642,#7643,#7644,
#7645,#7646,#7647,#7648),.UNSPECIFIED.,.F.,.F.,(4,3,3,4),(0.,0.324477399141518,
0.64994423268577,1.),.UNSPECIFIED.);
#1060=B_SPLINE_CURVE_WITH_KNOTS('',3,(#7652,#7653,#7654,#7655,#7656,#7657,
#7658),.UNSPECIFIED.,.F.,.F.,(4,3,4),(0.,0.452071410958101,1.),
 .UNSPECIFIED.);
#1061=B_SPLINE_CURVE_WITH_KNOTS('',3,(#7660,#7661,#7662,#7663),
 .UNSPECIFIED.,.F.,.F.,(4,4),(0.,1.),.UNSPECIFIED.);
#1062=B_SPLINE_CURVE_WITH_KNOTS('',3,(#7665,#7666,#7667,#7668),
 .UNSPECIFIED.,.F.,.F.,(4,4),(0.,1.),.UNSPECIFIED.);
#1063=B_SPLINE_CURVE_WITH_KNOTS('',3,(#7670,#7671,#7672,#7673),
 .UNSPECIFIED.,.F.,.F.,(4,4),(0.,1.),.UNSPECIFIED.);
#1064=B_SPLINE_CURVE_WITH_KNOTS('',3,(#7677,#7678,#7679,#7680,#7681,#7682,
#7683),.UNSPECIFIED.,.F.,.F.,(4,3,4),(0.,0.809447963125239,1.),
 .UNSPECIFIED.);
#1065=B_SPLINE_CURVE_WITH_KNOTS('',3,(#7685,#7686,#7687,#7688,#7689,#7690,
#7691,#7692,#7693,#7694,#7695,#7696,#7697,#7698,#7699,#7700),
 .UNSPECIFIED.,.F.,.F.,(4,3,3,3,3,4),(0.,0.0138773698253094,0.167128065546292,
0.571906498657388,0.7852444406992,1.),.UNSPECIFIED.);
#1066=B_SPLINE_CURVE_WITH_KNOTS('',3,(#7703,#7704,#7705,#7706),
 .UNSPECIFIED.,.F.,.F.,(4,4),(0.,1.),.UNSPECIFIED.);
#1067=B_SPLINE_CURVE_WITH_KNOTS('',3,(#7717,#7718,#7719,#7720),
 .UNSPECIFIED.,.F.,.F.,(4,4),(0.,1.),.UNSPECIFIED.);
#1068=B_SPLINE_CURVE_WITH_KNOTS('',3,(#7730,#7731,#7732,#7733),
 .UNSPECIFIED.,.F.,.F.,(4,4),(0.,1.),.UNSPECIFIED.);
#1069=B_SPLINE_CURVE_WITH_KNOTS('',3,(#7738,#7739,#7740,#7741),
 .UNSPECIFIED.,.F.,.F.,(4,4),(0.,1.),.UNSPECIFIED.);
#1070=B_SPLINE_CURVE_WITH_KNOTS('',3,(#7756,#7757,#7758,#7759),
 .UNSPECIFIED.,.F.,.F.,(4,4),(0.,1.),.UNSPECIFIED.);
#1071=B_SPLINE_CURVE_WITH_KNOTS('',3,(#7772,#7773,#7774,#7775),
 .UNSPECIFIED.,.F.,.F.,(4,4),(0.,1.),.UNSPECIFIED.);
#1072=B_SPLINE_CURVE_WITH_KNOTS('',3,(#7813,#7814,#7815,#7816),
 .UNSPECIFIED.,.F.,.F.,(4,4),(0.,1.),.UNSPECIFIED.);
#1073=B_SPLINE_CURVE_WITH_KNOTS('',3,(#7817,#7818,#7819,#7820),
 .UNSPECIFIED.,.F.,.F.,(4,4),(0.,1.),.UNSPECIFIED.);
#1074=B_SPLINE_CURVE_WITH_KNOTS('',3,(#7822,#7823,#7824,#7825),
 .UNSPECIFIED.,.F.,.F.,(4,4),(0.,1.),.UNSPECIFIED.);
#1075=B_SPLINE_CURVE_WITH_KNOTS('',3,(#7827,#7828,#7829,#7830),
 .UNSPECIFIED.,.F.,.F.,(4,4),(0.,1.),.UNSPECIFIED.);
#1076=B_SPLINE_CURVE_WITH_KNOTS('',3,(#7834,#7835,#7836,#7837),
 .UNSPECIFIED.,.F.,.F.,(4,4),(0.,1.),.UNSPECIFIED.);
#1077=B_SPLINE_CURVE_WITH_KNOTS('',3,(#7839,#7840,#7841,#7842),
 .UNSPECIFIED.,.F.,.F.,(4,4),(0.,1.),.UNSPECIFIED.);
#1078=B_SPLINE_CURVE_WITH_KNOTS('',3,(#7844,#7845,#7846,#7847),
 .UNSPECIFIED.,.F.,.F.,(4,4),(0.,1.),.UNSPECIFIED.);
#1079=B_SPLINE_CURVE_WITH_KNOTS('',3,(#7849,#7850,#7851,#7852),
 .UNSPECIFIED.,.F.,.F.,(4,4),(0.,1.),.UNSPECIFIED.);
#1080=B_SPLINE_CURVE_WITH_KNOTS('',3,(#7865,#7866,#7867,#7868),
 .UNSPECIFIED.,.F.,.F.,(4,4),(0.,1.),.UNSPECIFIED.);
#1081=B_SPLINE_CURVE_WITH_KNOTS('',3,(#7878,#7879,#7880,#7881),
 .UNSPECIFIED.,.F.,.F.,(4,4),(0.,1.),.UNSPECIFIED.);
#1082=B_SPLINE_CURVE_WITH_KNOTS('',3,(#7895,#7896,#7897,#7898),
 .UNSPECIFIED.,.F.,.F.,(4,4),(0.,1.),.UNSPECIFIED.);
#1083=B_SPLINE_CURVE_WITH_KNOTS('',3,(#7900,#7901,#7902,#7903),
 .UNSPECIFIED.,.F.,.F.,(4,4),(0.,1.),.UNSPECIFIED.);
#1084=B_SPLINE_CURVE_WITH_KNOTS('',3,(#7904,#7905,#7906,#7907),
 .UNSPECIFIED.,.F.,.F.,(4,4),(0.,1.),.UNSPECIFIED.);
#1085=B_SPLINE_CURVE_WITH_KNOTS('',3,(#7959,#7960,#7961,#7962),
 .UNSPECIFIED.,.F.,.F.,(4,4),(0.,1.),.UNSPECIFIED.);
#1086=B_SPLINE_CURVE_WITH_KNOTS('',3,(#7979,#7980,#7981,#7982,#7983,#7984,
#7985,#7986),.UNSPECIFIED.,.F.,.F.,(4,2,2,4),(0.,0.25,0.5,1.),
 .UNSPECIFIED.);
#1087=B_SPLINE_CURVE_WITH_KNOTS('',3,(#7988,#7989,#7990,#7991),
 .UNSPECIFIED.,.F.,.F.,(4,4),(0.,1.),.UNSPECIFIED.);
#1088=B_SPLINE_CURVE_WITH_KNOTS('',3,(#8341,#8342,#8343,#8344),
 .UNSPECIFIED.,.F.,.F.,(4,4),(0.,1.),.UNSPECIFIED.);
#1089=B_SPLINE_CURVE_WITH_KNOTS('',3,(#8346,#8347,#8348,#8349),
 .UNSPECIFIED.,.F.,.F.,(4,4),(0.,1.),.UNSPECIFIED.);
#1090=B_SPLINE_CURVE_WITH_KNOTS('',3,(#8401,#8402,#8403,#8404,#8405,#8406,
#8407,#8408,#8409,#8410,#8411,#8412),.UNSPECIFIED.,.F.,.F.,(4,2,2,2,2,4),
(0.,0.5,0.625,0.75,0.875,1.),.UNSPECIFIED.);
#1091=B_SPLINE_CURVE_WITH_KNOTS('',3,(#8414,#8415,#8416,#8417),
 .UNSPECIFIED.,.F.,.F.,(4,4),(0.,1.),.UNSPECIFIED.);
#1092=B_SPLINE_CURVE_WITH_KNOTS('',3,(#8419,#8420,#8421,#8422,#8423,#8424,
#8425,#8426,#8427,#8428,#8429,#8430,#8431,#8432,#8433,#8434),
 .UNSPECIFIED.,.F.,.F.,(4,2,2,2,2,2,2,4),(0.,0.250000000000001,0.312500000000001,
0.375000000000001,0.500000000000001,0.625,0.75,1.),.UNSPECIFIED.);
#1093=B_SPLINE_CURVE_WITH_KNOTS('',3,(#8435,#8436,#8437,#8438),
 .UNSPECIFIED.,.F.,.F.,(4,4),(0.,1.),.UNSPECIFIED.);
#1094=B_SPLINE_CURVE_WITH_KNOTS('',3,(#8671,#8672,#8673,#8674),
 .UNSPECIFIED.,.F.,.F.,(4,4),(0.,1.),.UNSPECIFIED.);
#1095=B_SPLINE_CURVE_WITH_KNOTS('',3,(#8735,#8736,#8737,#8738),
 .UNSPECIFIED.,.F.,.F.,(4,4),(0.,1.),.UNSPECIFIED.);
#1096=B_SPLINE_CURVE_WITH_KNOTS('',3,(#9387,#9388,#9389,#9390),
 .UNSPECIFIED.,.F.,.F.,(4,4),(0.,1.),.UNSPECIFIED.);
#1097=B_SPLINE_CURVE_WITH_KNOTS('',3,(#9411,#9412,#9413,#9414),
 .UNSPECIFIED.,.F.,.F.,(4,4),(0.,1.),.UNSPECIFIED.);
#1098=B_SPLINE_CURVE_WITH_KNOTS('',3,(#9416,#9417,#9418,#9419,#9420,#9421,
#9422,#9423,#9424,#9425,#9426,#9427,#9428,#9429,#9430,#9431),
 .UNSPECIFIED.,.F.,.F.,(4,3,3,3,3,4),(0.,0.229492877569726,0.458985984837141,
0.688475439709381,0.917957033804009,1.),.UNSPECIFIED.);
#1099=B_SPLINE_CURVE_WITH_KNOTS('',3,(#9433,#9434,#9435,#9436),
 .UNSPECIFIED.,.F.,.F.,(4,4),(0.,1.),.UNSPECIFIED.);
#1100=B_SPLINE_CURVE_WITH_KNOTS('',3,(#9453,#9454,#9455,#9456,#9457,#9458,
#9459,#9460,#9461,#9462,#9463,#9464,#9465,#9466,#9467,#9468),
 .UNSPECIFIED.,.F.,.F.,(4,3,3,3,3,4),(0.,0.229473913602403,0.458947623688231,
0.68842582343986,0.917912129634028,1.),.UNSPECIFIED.);
#1101=B_SPLINE_CURVE_WITH_KNOTS('',3,(#9470,#9471,#9472,#9473),
 .UNSPECIFIED.,.F.,.F.,(4,4),(0.,1.),.UNSPECIFIED.);
#1102=B_SPLINE_CURVE_WITH_KNOTS('',3,(#9502,#9503,#9504,#9505),
 .UNSPECIFIED.,.F.,.F.,(4,4),(0.,1.),.UNSPECIFIED.);
#1103=B_SPLINE_CURVE_WITH_KNOTS('',3,(#9506,#9507,#9508,#9509),
 .UNSPECIFIED.,.F.,.F.,(4,4),(0.,1.),.UNSPECIFIED.);
#1104=B_SPLINE_CURVE_WITH_KNOTS('',3,(#9554,#9555,#9556,#9557,#9558,#9559,
#9560,#9561,#9562,#9563,#9564,#9565,#9566,#9567,#9568,#9569,#9570,#9571,
#9572,#9573,#9574,#9575,#9576,#9577,#9578),.UNSPECIFIED.,.F.,.F.,(4,3,3,
3,3,3,3,3,4),(0.,0.28483587475927,0.425733601421472,0.542409280791273,0.637869056460005,
0.733258863595782,0.854636511841519,0.977422476640358,1.),.UNSPECIFIED.);
#1105=B_SPLINE_CURVE_WITH_KNOTS('',3,(#9597,#9598,#9599,#9600,#9601,#9602,
#9603,#9604,#9605,#9606,#9607,#9608,#9609,#9610,#9611,#9612,#9613,#9614,
#9615,#9616,#9617,#9618),.UNSPECIFIED.,.F.,.F.,(4,3,3,3,3,3,3,4),(0.,0.168700545980294,
0.337401507580886,0.506097936925527,0.674809107750538,0.843548723950254,
0.962350247853653,1.),.UNSPECIFIED.);
#1106=B_SPLINE_CURVE_WITH_KNOTS('',3,(#9678,#9679,#9680,#9681),
 .UNSPECIFIED.,.F.,.F.,(4,4),(0.,1.),.UNSPECIFIED.);
#1107=B_SPLINE_CURVE_WITH_KNOTS('',3,(#9683,#9684,#9685,#9686,#9687,#9688,
#9689,#9690,#9691,#9692,#9693,#9694,#9695),.UNSPECIFIED.,.F.,.F.,(4,3,3,
3,4),(0.,0.215478062257748,0.428098626485754,0.83156099867523,1.),
 .UNSPECIFIED.);
#1108=B_SPLINE_CURVE_WITH_KNOTS('',3,(#9697,#9698,#9699,#9700),
 .UNSPECIFIED.,.F.,.F.,(4,4),(0.,1.),.UNSPECIFIED.);
#1109=B_SPLINE_CURVE_WITH_KNOTS('',3,(#9702,#9703,#9704,#9705,#9706,#9707,
#9708,#9709,#9710,#9711,#9712,#9713,#9714,#9715,#9716,#9717,#9718,#9719,
#9720,#9721,#9722,#9723),.UNSPECIFIED.,.F.,.F.,(4,3,3,3,3,3,3,4),(0.,0.129978326485827,
0.260102545879562,0.358913787654693,0.458140842197425,0.575225449112229,
0.754571099085391,1.),.UNSPECIFIED.);
#1110=B_SPLINE_CURVE_WITH_KNOTS('',3,(#9744,#9745,#9746,#9747),
 .UNSPECIFIED.,.F.,.F.,(4,4),(0.,1.),.UNSPECIFIED.);
#1111=B_SPLINE_CURVE_WITH_KNOTS('',3,(#9748,#9749,#9750,#9751,#9752,#9753,
#9754,#9755,#9756,#9757,#9758,#9759,#9760,#9761,#9762,#9763,#9764,#9765,
#9766,#9767,#9768,#9769),.UNSPECIFIED.,.F.,.F.,(4,3,3,3,3,3,3,4),(0.,0.0379025740089375,
0.157736383285331,0.326217767988161,0.494671724450451,0.663111606953596,
0.831556008994808,1.),.UNSPECIFIED.);
#1112=B_SPLINE_CURVE_WITH_KNOTS('',3,(#9784,#9785,#9786,#9787,#9788,#9789,
#9790),.UNSPECIFIED.,.F.,.F.,(4,3,4),(0.,0.479705461577015,1.),
 .UNSPECIFIED.);
#1113=B_SPLINE_CURVE_WITH_KNOTS('',3,(#9796,#9797,#9798,#9799),
 .UNSPECIFIED.,.F.,.F.,(4,4),(0.,1.),.UNSPECIFIED.);
#1114=B_SPLINE_CURVE_WITH_KNOTS('',3,(#9802,#9803,#9804,#9805),
 .UNSPECIFIED.,.F.,.F.,(4,4),(0.,1.),.UNSPECIFIED.);
#1115=B_SPLINE_CURVE_WITH_KNOTS('',3,(#9808,#9809,#9810,#9811),
 .UNSPECIFIED.,.F.,.F.,(4,4),(0.,1.),.UNSPECIFIED.);
#1116=B_SPLINE_CURVE_WITH_KNOTS('',3,(#9819,#9820,#9821,#9822),
 .UNSPECIFIED.,.F.,.F.,(4,4),(0.,1.),.UNSPECIFIED.);
#1117=B_SPLINE_CURVE_WITH_KNOTS('',3,(#9849,#9850,#9851,#9852),
 .UNSPECIFIED.,.F.,.F.,(4,4),(0.,1.),.UNSPECIFIED.);
#1118=B_SPLINE_CURVE_WITH_KNOTS('',3,(#9853,#9854,#9855,#9856),
 .UNSPECIFIED.,.F.,.F.,(4,4),(0.,1.),.UNSPECIFIED.);
#1119=B_SPLINE_CURVE_WITH_KNOTS('',3,(#9868,#9869,#9870,#9871,#9872,#9873,
#9874),.UNSPECIFIED.,.F.,.F.,(4,3,4),(0.,0.70878044684808,1.),
 .UNSPECIFIED.);
#1120=B_SPLINE_CURVE_WITH_KNOTS('',3,(#9876,#9877,#9878,#9879,#9880,#9881,
#9882,#9883,#9884,#9885),.UNSPECIFIED.,.F.,.F.,(4,3,3,4),(0.,0.340816907030849,
0.684558177315433,1.),.UNSPECIFIED.);
#1121=B_SPLINE_CURVE_WITH_KNOTS('',3,(#9887,#9888,#9889,#9890,#9891,#9892,
#9893),.UNSPECIFIED.,.F.,.F.,(4,3,4),(0.,0.0558038348931711,1.),
 .UNSPECIFIED.);
#1122=B_SPLINE_CURVE_WITH_KNOTS('',3,(#9894,#9895,#9896,#9897),
 .UNSPECIFIED.,.F.,.F.,(4,4),(0.,1.),.UNSPECIFIED.);
#1123=B_SPLINE_CURVE_WITH_KNOTS('',3,(#9899,#9900,#9901,#9902),
 .UNSPECIFIED.,.F.,.F.,(4,4),(0.,1.),.UNSPECIFIED.);
#1124=B_SPLINE_CURVE_WITH_KNOTS('',3,(#9903,#9904,#9905,#9906),
 .UNSPECIFIED.,.F.,.F.,(4,4),(0.,1.),.UNSPECIFIED.);
#1125=B_SPLINE_CURVE_WITH_KNOTS('',3,(#9908,#9909,#9910,#9911),
 .UNSPECIFIED.,.F.,.F.,(4,4),(0.,1.),.UNSPECIFIED.);
#1126=B_SPLINE_CURVE_WITH_KNOTS('',3,(#9939,#9940,#9941,#9942),
 .UNSPECIFIED.,.F.,.F.,(4,4),(0.,1.),.UNSPECIFIED.);
#1127=B_SPLINE_CURVE_WITH_KNOTS('',3,(#9943,#9944,#9945,#9946),
 .UNSPECIFIED.,.F.,.F.,(4,4),(0.,1.),.UNSPECIFIED.);
#1128=B_SPLINE_CURVE_WITH_KNOTS('',3,(#9976,#9977,#9978,#9979),
 .UNSPECIFIED.,.F.,.F.,(4,4),(0.,1.),.UNSPECIFIED.);
#1129=B_SPLINE_CURVE_WITH_KNOTS('',3,(#10197,#10198,#10199,#10200),
 .UNSPECIFIED.,.F.,.F.,(4,4),(0.,1.),.UNSPECIFIED.);
#1130=B_SPLINE_CURVE_WITH_KNOTS('',3,(#10202,#10203,#10204,#10205),
 .UNSPECIFIED.,.F.,.F.,(4,4),(0.,1.),.UNSPECIFIED.);
#1131=B_SPLINE_CURVE_WITH_KNOTS('',3,(#10209,#10210,#10211,#10212),
 .UNSPECIFIED.,.F.,.F.,(4,4),(0.,1.),.UNSPECIFIED.);
#1132=B_SPLINE_CURVE_WITH_KNOTS('',3,(#10214,#10215,#10216,#10217),
 .UNSPECIFIED.,.F.,.F.,(4,4),(0.,1.),.UNSPECIFIED.);
#1133=B_SPLINE_CURVE_WITH_KNOTS('',3,(#10219,#10220,#10221,#10222),
 .UNSPECIFIED.,.F.,.F.,(4,4),(0.,1.),.UNSPECIFIED.);
#1134=B_SPLINE_CURVE_WITH_KNOTS('',3,(#10224,#10225,#10226,#10227),
 .UNSPECIFIED.,.F.,.F.,(4,4),(0.,1.),.UNSPECIFIED.);
#1135=B_SPLINE_CURVE_WITH_KNOTS('',3,(#10240,#10241,#10242,#10243),
 .UNSPECIFIED.,.F.,.F.,(4,4),(0.,1.),.UNSPECIFIED.);
#1136=B_SPLINE_CURVE_WITH_KNOTS('',3,(#10253,#10254,#10255,#10256),
 .UNSPECIFIED.,.F.,.F.,(4,4),(0.,1.),.UNSPECIFIED.);
#1137=B_SPLINE_CURVE_WITH_KNOTS('',3,(#10272,#10273,#10274,#10275,#10276,
#10277,#10278,#10279,#10280,#10281,#10282,#10283,#10284,#10285,#10286,#10287,
#10288,#10289,#10290,#10291),.UNSPECIFIED.,.F.,.F.,(4,1,1,1,1,1,1,1,1,1,
1,1,1,1,1,1,1,4),(0.,0.0920978957862406,0.152222655134201,0.184195791572482,
0.276293687358723,0.304445310268402,0.368391583144963,0.456667965402603,
0.460489478931204,0.552587374717444,0.608890620536804,0.644685270503685,
0.736783166289926,0.761113275671005,0.828881062076166,0.913335930805206,
0.920978957862407,1.),.UNSPECIFIED.);
#1138=B_SPLINE_CURVE_WITH_KNOTS('',3,(#10455,#10456,#10457,#10458),
 .UNSPECIFIED.,.F.,.F.,(4,4),(0.,1.),.UNSPECIFIED.);
#1139=B_SPLINE_CURVE_WITH_KNOTS('',3,(#10460,#10461,#10462,#10463,#10464,
#10465,#10466,#10467,#10468,#10469,#10470,#10471,#10472,#10473,#10474,#10475,
#10476,#10477,#10478,#10479),.UNSPECIFIED.,.F.,.F.,(4,1,1,1,1,1,1,1,1,1,
1,1,1,1,1,1,1,4),(0.,0.0920978957862406,0.152222655134201,0.184195791572482,
0.276293687358723,0.304445310268402,0.368391583144963,0.456667965402603,
0.460489478931204,0.552587374717444,0.608890620536804,0.644685270503685,
0.736783166289926,0.761113275671005,0.828881062076166,0.913335930805206,
0.920978957862407,1.),.UNSPECIFIED.);
#1140=B_SPLINE_CURVE_WITH_KNOTS('',3,(#10562,#10563,#10564,#10565),
 .UNSPECIFIED.,.F.,.F.,(4,4),(0.,1.),.UNSPECIFIED.);
#1141=B_SPLINE_CURVE_WITH_KNOTS('',3,(#10727,#10728,#10729,#10730),
 .UNSPECIFIED.,.F.,.F.,(4,4),(0.,1.),.UNSPECIFIED.);
#1142=B_SPLINE_CURVE_WITH_KNOTS('',3,(#10732,#10733,#10734,#10735,#10736,
#10737,#10738,#10739),.UNSPECIFIED.,.F.,.F.,(4,2,2,4),(0.,0.25,0.5,1.),
 .UNSPECIFIED.);
#1143=B_SPLINE_CURVE_WITH_KNOTS('',3,(#10741,#10742,#10743,#10744),
 .UNSPECIFIED.,.F.,.F.,(4,4),(0.,1.),.UNSPECIFIED.);
#1144=B_SPLINE_CURVE_WITH_KNOTS('',3,(#10746,#10747,#10748,#10749),
 .UNSPECIFIED.,.F.,.F.,(4,4),(0.,1.),.UNSPECIFIED.);
#1145=B_SPLINE_CURVE_WITH_KNOTS('',3,(#10751,#10752,#10753,#10754),
 .UNSPECIFIED.,.F.,.F.,(4,4),(0.,1.),.UNSPECIFIED.);
#1146=B_SPLINE_CURVE_WITH_KNOTS('',3,(#10808,#10809,#10810,#10811,#10812,
#10813,#10814,#10815,#10816,#10817,#10818,#10819,#10820,#10821,#10822,#10823,
#10824,#10825,#10826,#10827),.UNSPECIFIED.,.F.,.F.,(4,1,1,1,1,1,1,1,1,1,
1,1,1,1,1,1,1,4),(0.,0.0790250588310731,0.0866684743897617,0.171127636016186,
0.238898867105168,0.263230213201299,0.355332790386412,0.391129259820576,
0.447435367571525,0.539537944756638,0.543359652535982,0.631640521941751,
0.695590045251389,0.723743099126864,0.815845676311977,0.847820437966796,
0.907948253497089,1.),.UNSPECIFIED.);
#1147=B_SPLINE_CURVE_WITH_KNOTS('',3,(#11010,#11011,#11012,#11013,#11014,
#11015),.UNSPECIFIED.,.F.,.F.,(4,2,4),(0.,0.5,1.),.UNSPECIFIED.);
#1148=B_SPLINE_CURVE_WITH_KNOTS('',3,(#11017,#11018,#11019,#11020),
 .UNSPECIFIED.,.F.,.F.,(4,4),(0.,1.),.UNSPECIFIED.);
#1149=B_SPLINE_CURVE_WITH_KNOTS('',3,(#11182,#11183,#11184,#11185,#11186,
#11187,#11188,#11189,#11190,#11191,#11192,#11193,#11194,#11195,#11196,#11197,
#11198,#11199,#11200,#11201),.UNSPECIFIED.,.F.,.F.,(4,1,1,1,1,1,1,1,1,1,
1,1,1,1,1,1,1,4),(0.,0.0790210421375929,0.086664069196002,0.171118937923833,
0.238886724330001,0.263216833710074,0.355314729496315,0.391109379464001,
0.447412625282556,0.539510521068797,0.543332034598001,0.631608416855037,
0.695554689732001,0.723706312641278,0.815804208427519,0.847777344866,0.907902104213759,
1.),.UNSPECIFIED.);
#1150=ORIENTED_EDGE('',*,*,#2330,.F.);
#1151=ORIENTED_EDGE('',*,*,#2331,.T.);
#1152=ORIENTED_EDGE('',*,*,#2332,.F.);
#1153=ORIENTED_EDGE('',*,*,#2333,.F.);
#1154=ORIENTED_EDGE('',*,*,#2334,.T.);
#1155=ORIENTED_EDGE('',*,*,#2335,.F.);
#1156=ORIENTED_EDGE('',*,*,#2336,.F.);
#1157=ORIENTED_EDGE('',*,*,#2337,.T.);
#1158=ORIENTED_EDGE('',*,*,#2338,.T.);
#1159=ORIENTED_EDGE('',*,*,#2339,.T.);
#1160=ORIENTED_EDGE('',*,*,#2340,.F.);
#1161=ORIENTED_EDGE('',*,*,#2341,.T.);
#1162=ORIENTED_EDGE('',*,*,#2342,.T.);
#1163=ORIENTED_EDGE('',*,*,#2343,.T.);
#1164=ORIENTED_EDGE('',*,*,#2344,.T.);
#1165=ORIENTED_EDGE('',*,*,#2339,.F.);
#1166=ORIENTED_EDGE('',*,*,#2338,.F.);
#1167=ORIENTED_EDGE('',*,*,#2345,.F.);
#1168=ORIENTED_EDGE('',*,*,#2346,.T.);
#1169=ORIENTED_EDGE('',*,*,#2347,.T.);
#1170=ORIENTED_EDGE('',*,*,#2348,.T.);
#1171=ORIENTED_EDGE('',*,*,#2349,.F.);
#1172=ORIENTED_EDGE('',*,*,#2350,.F.);
#1173=ORIENTED_EDGE('',*,*,#2351,.T.);
#1174=ORIENTED_EDGE('',*,*,#2352,.T.);
#1175=ORIENTED_EDGE('',*,*,#2353,.F.);
#1176=ORIENTED_EDGE('',*,*,#2354,.F.);
#1177=ORIENTED_EDGE('',*,*,#2355,.F.);
#1178=ORIENTED_EDGE('',*,*,#2356,.F.);
#1179=ORIENTED_EDGE('',*,*,#2357,.T.);
#1180=ORIENTED_EDGE('',*,*,#2358,.T.);
#1181=ORIENTED_EDGE('',*,*,#2359,.T.);
#1182=ORIENTED_EDGE('',*,*,#2360,.T.);
#1183=ORIENTED_EDGE('',*,*,#2361,.F.);
#1184=ORIENTED_EDGE('',*,*,#2362,.F.);
#1185=ORIENTED_EDGE('',*,*,#2363,.F.);
#1186=ORIENTED_EDGE('',*,*,#2364,.T.);
#1187=ORIENTED_EDGE('',*,*,#2365,.T.);
#1188=ORIENTED_EDGE('',*,*,#2362,.T.);
#1189=ORIENTED_EDGE('',*,*,#2366,.T.);
#1190=ORIENTED_EDGE('',*,*,#2367,.F.);
#1191=ORIENTED_EDGE('',*,*,#2368,.F.);
#1192=ORIENTED_EDGE('',*,*,#2369,.T.);
#1193=ORIENTED_EDGE('',*,*,#2370,.F.);
#1194=ORIENTED_EDGE('',*,*,#2358,.F.);
#1195=ORIENTED_EDGE('',*,*,#2371,.T.);
#1196=ORIENTED_EDGE('',*,*,#2367,.T.);
#1197=ORIENTED_EDGE('',*,*,#2372,.T.);
#1198=ORIENTED_EDGE('',*,*,#2373,.T.);
#1199=ORIENTED_EDGE('',*,*,#2374,.F.);
#1200=ORIENTED_EDGE('',*,*,#2369,.F.);
#1201=ORIENTED_EDGE('',*,*,#2375,.F.);
#1202=ORIENTED_EDGE('',*,*,#2376,.F.);
#1203=ORIENTED_EDGE('',*,*,#2377,.T.);
#1204=ORIENTED_EDGE('',*,*,#2378,.F.);
#1205=ORIENTED_EDGE('',*,*,#2379,.F.);
#1206=ORIENTED_EDGE('',*,*,#2380,.T.);
#1207=ORIENTED_EDGE('',*,*,#2381,.T.);
#1208=ORIENTED_EDGE('',*,*,#2382,.F.);
#1209=ORIENTED_EDGE('',*,*,#2383,.T.);
#1210=ORIENTED_EDGE('',*,*,#2384,.T.);
#1211=ORIENTED_EDGE('',*,*,#2385,.T.);
#1212=ORIENTED_EDGE('',*,*,#2386,.T.);
#1213=ORIENTED_EDGE('',*,*,#2378,.T.);
#1214=ORIENTED_EDGE('',*,*,#2387,.F.);
#1215=ORIENTED_EDGE('',*,*,#2388,.T.);
#1216=ORIENTED_EDGE('',*,*,#2389,.T.);
#1217=ORIENTED_EDGE('',*,*,#2390,.F.);
#1218=ORIENTED_EDGE('',*,*,#2391,.T.);
#1219=ORIENTED_EDGE('',*,*,#2392,.F.);
#1220=ORIENTED_EDGE('',*,*,#2393,.F.);
#1221=ORIENTED_EDGE('',*,*,#2394,.T.);
#1222=ORIENTED_EDGE('',*,*,#2395,.F.);
#1223=ORIENTED_EDGE('',*,*,#2384,.F.);
#1224=ORIENTED_EDGE('',*,*,#2383,.F.);
#1225=ORIENTED_EDGE('',*,*,#2396,.F.);
#1226=ORIENTED_EDGE('',*,*,#2397,.T.);
#1227=ORIENTED_EDGE('',*,*,#2398,.T.);
#1228=ORIENTED_EDGE('',*,*,#2390,.T.);
#1229=ORIENTED_EDGE('',*,*,#2399,.T.);
#1230=ORIENTED_EDGE('',*,*,#2400,.F.);
#1231=ORIENTED_EDGE('',*,*,#2401,.F.);
#1232=ORIENTED_EDGE('',*,*,#2402,.F.);
#1233=ORIENTED_EDGE('',*,*,#2403,.T.);
#1234=ORIENTED_EDGE('',*,*,#2404,.T.);
#1235=ORIENTED_EDGE('',*,*,#2405,.F.);
#1236=ORIENTED_EDGE('',*,*,#2406,.T.);
#1237=ORIENTED_EDGE('',*,*,#2407,.T.);
#1238=ORIENTED_EDGE('',*,*,#2408,.T.);
#1239=ORIENTED_EDGE('',*,*,#2409,.T.);
#1240=ORIENTED_EDGE('',*,*,#2393,.T.);
#1241=ORIENTED_EDGE('',*,*,#2410,.T.);
#1242=ORIENTED_EDGE('',*,*,#2403,.F.);
#1243=ORIENTED_EDGE('',*,*,#2411,.T.);
#1244=ORIENTED_EDGE('',*,*,#2412,.F.);
#1245=ORIENTED_EDGE('',*,*,#2413,.T.);
#1246=ORIENTED_EDGE('',*,*,#2414,.T.);
#1247=ORIENTED_EDGE('',*,*,#2415,.F.);
#1248=ORIENTED_EDGE('',*,*,#2416,.F.);
#1249=ORIENTED_EDGE('',*,*,#2417,.F.);
#1250=ORIENTED_EDGE('',*,*,#2418,.T.);
#1251=ORIENTED_EDGE('',*,*,#2408,.F.);
#1252=ORIENTED_EDGE('',*,*,#2419,.T.);
#1253=ORIENTED_EDGE('',*,*,#2420,.F.);
#1254=ORIENTED_EDGE('',*,*,#2421,.F.);
#1255=ORIENTED_EDGE('',*,*,#2422,.F.);
#1256=ORIENTED_EDGE('',*,*,#2412,.T.);
#1257=ORIENTED_EDGE('',*,*,#2423,.T.);
#1258=ORIENTED_EDGE('',*,*,#2424,.T.);
#1259=ORIENTED_EDGE('',*,*,#2425,.T.);
#1260=ORIENTED_EDGE('',*,*,#2426,.T.);
#1261=ORIENTED_EDGE('',*,*,#2427,.T.);
#1262=ORIENTED_EDGE('',*,*,#2428,.T.);
#1263=ORIENTED_EDGE('',*,*,#2429,.T.);
#1264=ORIENTED_EDGE('',*,*,#2430,.T.);
#1265=ORIENTED_EDGE('',*,*,#2431,.T.);
#1266=ORIENTED_EDGE('',*,*,#2432,.T.);
#1267=ORIENTED_EDGE('',*,*,#2433,.F.);
#1268=ORIENTED_EDGE('',*,*,#2414,.F.);
#1269=ORIENTED_EDGE('',*,*,#2434,.F.);
#1270=ORIENTED_EDGE('',*,*,#2342,.F.);
#1271=ORIENTED_EDGE('',*,*,#2435,.T.);
#1272=ORIENTED_EDGE('',*,*,#2436,.T.);
#1273=ORIENTED_EDGE('',*,*,#2437,.F.);
#1274=ORIENTED_EDGE('',*,*,#2438,.T.);
#1275=ORIENTED_EDGE('',*,*,#2439,.T.);
#1276=ORIENTED_EDGE('',*,*,#2440,.F.);
#1277=ORIENTED_EDGE('',*,*,#2441,.T.);
#1278=ORIENTED_EDGE('',*,*,#2442,.T.);
#1279=ORIENTED_EDGE('',*,*,#2443,.F.);
#1280=ORIENTED_EDGE('',*,*,#2444,.F.);
#1281=ORIENTED_EDGE('',*,*,#2445,.T.);
#1282=ORIENTED_EDGE('',*,*,#2446,.T.);
#1283=ORIENTED_EDGE('',*,*,#2447,.F.);
#1284=ORIENTED_EDGE('',*,*,#2448,.F.);
#1285=ORIENTED_EDGE('',*,*,#2449,.T.);
#1286=ORIENTED_EDGE('',*,*,#2450,.F.);
#1287=ORIENTED_EDGE('',*,*,#2451,.T.);
#1288=ORIENTED_EDGE('',*,*,#2452,.F.);
#1289=ORIENTED_EDGE('',*,*,#2427,.F.);
#1290=ORIENTED_EDGE('',*,*,#2432,.F.);
#1291=ORIENTED_EDGE('',*,*,#2453,.T.);
#1292=ORIENTED_EDGE('',*,*,#2454,.T.);
#1293=ORIENTED_EDGE('',*,*,#2455,.T.);
#1294=ORIENTED_EDGE('',*,*,#2456,.F.);
#1295=ORIENTED_EDGE('',*,*,#2457,.T.);
#1296=ORIENTED_EDGE('',*,*,#2458,.F.);
#1297=ORIENTED_EDGE('',*,*,#2459,.T.);
#1298=ORIENTED_EDGE('',*,*,#2460,.F.);
#1299=ORIENTED_EDGE('',*,*,#2439,.F.);
#1300=ORIENTED_EDGE('',*,*,#2438,.F.);
#1301=ORIENTED_EDGE('',*,*,#2461,.F.);
#1302=ORIENTED_EDGE('',*,*,#2462,.T.);
#1303=ORIENTED_EDGE('',*,*,#2462,.F.);
#1304=ORIENTED_EDGE('',*,*,#2463,.T.);
#1305=ORIENTED_EDGE('',*,*,#2464,.F.);
#1306=ORIENTED_EDGE('',*,*,#2463,.F.);
#1307=ORIENTED_EDGE('',*,*,#2465,.F.);
#1308=ORIENTED_EDGE('',*,*,#2466,.F.);
#1309=ORIENTED_EDGE('',*,*,#2467,.F.);
#1310=ORIENTED_EDGE('',*,*,#2468,.F.);
#1311=ORIENTED_EDGE('',*,*,#2469,.F.);
#1312=ORIENTED_EDGE('',*,*,#2470,.T.);
#1313=ORIENTED_EDGE('',*,*,#2471,.T.);
#1314=ORIENTED_EDGE('',*,*,#2472,.F.);
#1315=ORIENTED_EDGE('',*,*,#2473,.T.);
#1316=ORIENTED_EDGE('',*,*,#2474,.T.);
#1317=ORIENTED_EDGE('',*,*,#2475,.T.);
#1318=ORIENTED_EDGE('',*,*,#2476,.T.);
#1319=ORIENTED_EDGE('',*,*,#2477,.T.);
#1320=ORIENTED_EDGE('',*,*,#2478,.T.);
#1321=ORIENTED_EDGE('',*,*,#2471,.F.);
#1322=ORIENTED_EDGE('',*,*,#2479,.F.);
#1323=ORIENTED_EDGE('',*,*,#2480,.F.);
#1324=ORIENTED_EDGE('',*,*,#2481,.F.);
#1325=ORIENTED_EDGE('',*,*,#2482,.F.);
#1326=ORIENTED_EDGE('',*,*,#2483,.F.);
#1327=ORIENTED_EDGE('',*,*,#2484,.F.);
#1328=ORIENTED_EDGE('',*,*,#2485,.T.);
#1329=ORIENTED_EDGE('',*,*,#2486,.F.);
#1330=ORIENTED_EDGE('',*,*,#2487,.F.);
#1331=ORIENTED_EDGE('',*,*,#2488,.T.);
#1332=ORIENTED_EDGE('',*,*,#2489,.T.);
#1333=ORIENTED_EDGE('',*,*,#2330,.T.);
#1334=ORIENTED_EDGE('',*,*,#2490,.T.);
#1335=ORIENTED_EDGE('',*,*,#2491,.T.);
#1336=ORIENTED_EDGE('',*,*,#2492,.T.);
#1337=ORIENTED_EDGE('',*,*,#2493,.F.);
#1338=ORIENTED_EDGE('',*,*,#2485,.F.);
#1339=ORIENTED_EDGE('',*,*,#2494,.F.);
#1340=ORIENTED_EDGE('',*,*,#2495,.F.);
#1341=ORIENTED_EDGE('',*,*,#2496,.T.);
#1342=ORIENTED_EDGE('',*,*,#2497,.T.);
#1343=ORIENTED_EDGE('',*,*,#2490,.F.);
#1344=ORIENTED_EDGE('',*,*,#2487,.T.);
#1345=ORIENTED_EDGE('',*,*,#2498,.T.);
#1346=ORIENTED_EDGE('',*,*,#2499,.T.);
#1347=ORIENTED_EDGE('',*,*,#2500,.F.);
#1348=ORIENTED_EDGE('',*,*,#2496,.F.);
#1349=ORIENTED_EDGE('',*,*,#2501,.F.);
#1350=ORIENTED_EDGE('',*,*,#2502,.F.);
#1351=ORIENTED_EDGE('',*,*,#2503,.T.);
#1352=ORIENTED_EDGE('',*,*,#2504,.T.);
#1353=ORIENTED_EDGE('',*,*,#2505,.T.);
#1354=ORIENTED_EDGE('',*,*,#2506,.F.);
#1355=ORIENTED_EDGE('',*,*,#2507,.F.);
#1356=ORIENTED_EDGE('',*,*,#2508,.T.);
#1357=ORIENTED_EDGE('',*,*,#2509,.T.);
#1358=ORIENTED_EDGE('',*,*,#2510,.T.);
#1359=ORIENTED_EDGE('',*,*,#2511,.T.);
#1360=ORIENTED_EDGE('',*,*,#2512,.F.);
#1361=ORIENTED_EDGE('',*,*,#2504,.F.);
#1362=ORIENTED_EDGE('',*,*,#2513,.F.);
#1363=ORIENTED_EDGE('',*,*,#2514,.F.);
#1364=ORIENTED_EDGE('',*,*,#2506,.T.);
#1365=ORIENTED_EDGE('',*,*,#2515,.T.);
#1366=ORIENTED_EDGE('',*,*,#2516,.T.);
#1367=ORIENTED_EDGE('',*,*,#2517,.F.);
#1368=ORIENTED_EDGE('',*,*,#2518,.F.);
#1369=ORIENTED_EDGE('',*,*,#2519,.F.);
#1370=ORIENTED_EDGE('',*,*,#2520,.F.);
#1371=ORIENTED_EDGE('',*,*,#2521,.F.);
#1372=ORIENTED_EDGE('',*,*,#2520,.T.);
#1373=ORIENTED_EDGE('',*,*,#2522,.F.);
#1374=ORIENTED_EDGE('',*,*,#2509,.F.);
#1375=ORIENTED_EDGE('',*,*,#2523,.T.);
#1376=ORIENTED_EDGE('',*,*,#2524,.T.);
#1377=ORIENTED_EDGE('',*,*,#2387,.T.);
#1378=ORIENTED_EDGE('',*,*,#2525,.F.);
#1379=ORIENTED_EDGE('',*,*,#2526,.T.);
#1380=ORIENTED_EDGE('',*,*,#2527,.T.);
#1381=ORIENTED_EDGE('',*,*,#2360,.F.);
#1382=ORIENTED_EDGE('',*,*,#2524,.F.);
#1383=ORIENTED_EDGE('',*,*,#2521,.T.);
#1384=ORIENTED_EDGE('',*,*,#2380,.F.);
#1385=ORIENTED_EDGE('',*,*,#2527,.F.);
#1386=ORIENTED_EDGE('',*,*,#2528,.F.);
#1387=ORIENTED_EDGE('',*,*,#2529,.T.);
#1388=ORIENTED_EDGE('',*,*,#2530,.F.);
#1389=ORIENTED_EDGE('',*,*,#2531,.F.);
#1390=ORIENTED_EDGE('',*,*,#2532,.F.);
#1391=ORIENTED_EDGE('',*,*,#2533,.F.);
#1392=ORIENTED_EDGE('',*,*,#2534,.F.);
#1393=ORIENTED_EDGE('',*,*,#2535,.F.);
#1394=ORIENTED_EDGE('',*,*,#2536,.F.);
#1395=ORIENTED_EDGE('',*,*,#2537,.F.);
#1396=ORIENTED_EDGE('',*,*,#2340,.T.);
#1397=ORIENTED_EDGE('',*,*,#2344,.F.);
#1398=ORIENTED_EDGE('',*,*,#2538,.T.);
#1399=ORIENTED_EDGE('',*,*,#2539,.F.);
#1400=ORIENTED_EDGE('',*,*,#2540,.F.);
#1401=ORIENTED_EDGE('',*,*,#2541,.F.);
#1402=ORIENTED_EDGE('',*,*,#2542,.T.);
#1403=ORIENTED_EDGE('',*,*,#2543,.T.);
#1404=ORIENTED_EDGE('',*,*,#2544,.F.);
#1405=ORIENTED_EDGE('',*,*,#2545,.F.);
#1406=ORIENTED_EDGE('',*,*,#2530,.T.);
#1407=ORIENTED_EDGE('',*,*,#2546,.T.);
#1408=ORIENTED_EDGE('',*,*,#2356,.T.);
#1409=ORIENTED_EDGE('',*,*,#2543,.F.);
#1410=ORIENTED_EDGE('',*,*,#2547,.F.);
#1411=ORIENTED_EDGE('',*,*,#2548,.F.);
#1412=ORIENTED_EDGE('',*,*,#2549,.T.);
#1413=ORIENTED_EDGE('',*,*,#2481,.T.);
#1414=ORIENTED_EDGE('',*,*,#2348,.F.);
#1415=ORIENTED_EDGE('',*,*,#2550,.F.);
#1416=ORIENTED_EDGE('',*,*,#2551,.T.);
#1417=ORIENTED_EDGE('',*,*,#2552,.T.);
#1418=ORIENTED_EDGE('',*,*,#2501,.T.);
#1419=ORIENTED_EDGE('',*,*,#2553,.T.);
#1420=ORIENTED_EDGE('',*,*,#2554,.T.);
#1421=ORIENTED_EDGE('',*,*,#2555,.F.);
#1422=ORIENTED_EDGE('',*,*,#2556,.T.);
#1423=ORIENTED_EDGE('',*,*,#2557,.F.);
#1424=ORIENTED_EDGE('',*,*,#2558,.F.);
#1425=ORIENTED_EDGE('',*,*,#2559,.F.);
#1426=ORIENTED_EDGE('',*,*,#2560,.F.);
#1427=ORIENTED_EDGE('',*,*,#2346,.F.);
#1428=ORIENTED_EDGE('',*,*,#2561,.F.);
#1429=ORIENTED_EDGE('',*,*,#2560,.T.);
#1430=ORIENTED_EDGE('',*,*,#2562,.T.);
#1431=ORIENTED_EDGE('',*,*,#2563,.T.);
#1432=ORIENTED_EDGE('',*,*,#2564,.F.);
#1433=ORIENTED_EDGE('',*,*,#2538,.F.);
#1434=ORIENTED_EDGE('',*,*,#2347,.F.);
#1435=ORIENTED_EDGE('',*,*,#2565,.F.);
#1436=ORIENTED_EDGE('',*,*,#2547,.T.);
#1437=ORIENTED_EDGE('',*,*,#2566,.T.);
#1438=ORIENTED_EDGE('',*,*,#2567,.T.);
#1439=ORIENTED_EDGE('',*,*,#2568,.T.);
#1440=ORIENTED_EDGE('',*,*,#2551,.F.);
#1441=ORIENTED_EDGE('',*,*,#2569,.F.);
#1442=ORIENTED_EDGE('',*,*,#2570,.F.);
#1443=ORIENTED_EDGE('',*,*,#2571,.T.);
#1444=ORIENTED_EDGE('',*,*,#2572,.T.);
#1445=ORIENTED_EDGE('',*,*,#2566,.F.);
#1446=ORIENTED_EDGE('',*,*,#2573,.T.);
#1447=ORIENTED_EDGE('',*,*,#2574,.F.);
#1448=ORIENTED_EDGE('',*,*,#2575,.F.);
#1449=ORIENTED_EDGE('',*,*,#2569,.T.);
#1450=ORIENTED_EDGE('',*,*,#2550,.T.);
#1451=ORIENTED_EDGE('',*,*,#2352,.F.);
#1452=ORIENTED_EDGE('',*,*,#2357,.F.);
#1453=ORIENTED_EDGE('',*,*,#2548,.T.);
#1454=ORIENTED_EDGE('',*,*,#2565,.T.);
#1455=ORIENTED_EDGE('',*,*,#2561,.T.);
#1456=ORIENTED_EDGE('',*,*,#2345,.T.);
#1457=ORIENTED_EDGE('',*,*,#2343,.F.);
#1458=ORIENTED_EDGE('',*,*,#2444,.T.);
#1459=ORIENTED_EDGE('',*,*,#2576,.F.);
#1460=ORIENTED_EDGE('',*,*,#2381,.F.);
#1461=ORIENTED_EDGE('',*,*,#2363,.T.);
#1462=ORIENTED_EDGE('',*,*,#2368,.T.);
#1463=ORIENTED_EDGE('',*,*,#2377,.F.);
#1464=ORIENTED_EDGE('',*,*,#2392,.T.);
#1465=ORIENTED_EDGE('',*,*,#2577,.T.);
#1466=ORIENTED_EDGE('',*,*,#2578,.T.);
#1467=ORIENTED_EDGE('',*,*,#2579,.T.);
#1468=ORIENTED_EDGE('',*,*,#2375,.T.);
#1469=ORIENTED_EDGE('',*,*,#2371,.F.);
#1470=ORIENTED_EDGE('',*,*,#2365,.F.);
#1471=ORIENTED_EDGE('',*,*,#2376,.T.);
#1472=ORIENTED_EDGE('',*,*,#2580,.T.);
#1473=ORIENTED_EDGE('',*,*,#2581,.T.);
#1474=ORIENTED_EDGE('',*,*,#2397,.F.);
#1475=ORIENTED_EDGE('',*,*,#2582,.T.);
#1476=ORIENTED_EDGE('',*,*,#2382,.T.);
#1477=ORIENTED_EDGE('',*,*,#2576,.T.);
#1478=ORIENTED_EDGE('',*,*,#2582,.F.);
#1479=ORIENTED_EDGE('',*,*,#2396,.T.);
#1480=ORIENTED_EDGE('',*,*,#2578,.F.);
#1481=ORIENTED_EDGE('',*,*,#2583,.T.);
#1482=ORIENTED_EDGE('',*,*,#2584,.T.);
#1483=ORIENTED_EDGE('',*,*,#2406,.F.);
#1484=ORIENTED_EDGE('',*,*,#2585,.T.);
#1485=ORIENTED_EDGE('',*,*,#2586,.T.);
#1486=ORIENTED_EDGE('',*,*,#2587,.F.);
#1487=ORIENTED_EDGE('',*,*,#2588,.T.);
#1488=ORIENTED_EDGE('',*,*,#2404,.F.);
#1489=ORIENTED_EDGE('',*,*,#2581,.F.);
#1490=ORIENTED_EDGE('',*,*,#2589,.T.);
#1491=ORIENTED_EDGE('',*,*,#2585,.F.);
#1492=ORIENTED_EDGE('',*,*,#2405,.T.);
#1493=ORIENTED_EDGE('',*,*,#2588,.F.);
#1494=ORIENTED_EDGE('',*,*,#2590,.T.);
#1495=ORIENTED_EDGE('',*,*,#2591,.F.);
#1496=ORIENTED_EDGE('',*,*,#2398,.F.);
#1497=ORIENTED_EDGE('',*,*,#2592,.F.);
#1498=ORIENTED_EDGE('',*,*,#2593,.T.);
#1499=ORIENTED_EDGE('',*,*,#2594,.F.);
#1500=ORIENTED_EDGE('',*,*,#2595,.F.);
#1501=ORIENTED_EDGE('',*,*,#2596,.T.);
#1502=ORIENTED_EDGE('',*,*,#2597,.T.);
#1503=ORIENTED_EDGE('',*,*,#2598,.F.);
#1504=ORIENTED_EDGE('',*,*,#2595,.T.);
#1505=ORIENTED_EDGE('',*,*,#2599,.F.);
#1506=ORIENTED_EDGE('',*,*,#2600,.T.);
#1507=ORIENTED_EDGE('',*,*,#2601,.T.);
#1508=ORIENTED_EDGE('',*,*,#2593,.F.);
#1509=ORIENTED_EDGE('',*,*,#2590,.F.);
#1510=ORIENTED_EDGE('',*,*,#2587,.T.);
#1511=ORIENTED_EDGE('',*,*,#2602,.T.);
#1512=ORIENTED_EDGE('',*,*,#2599,.T.);
#1513=ORIENTED_EDGE('',*,*,#2592,.T.);
#1514=ORIENTED_EDGE('',*,*,#2598,.T.);
#1515=ORIENTED_EDGE('',*,*,#2603,.T.);
#1516=ORIENTED_EDGE('',*,*,#2604,.F.);
#1517=ORIENTED_EDGE('',*,*,#2605,.T.);
#1518=ORIENTED_EDGE('',*,*,#2596,.F.);
#1519=ORIENTED_EDGE('',*,*,#2594,.T.);
#1520=ORIENTED_EDGE('',*,*,#2601,.F.);
#1521=ORIENTED_EDGE('',*,*,#2606,.T.);
#1522=ORIENTED_EDGE('',*,*,#2419,.F.);
#1523=ORIENTED_EDGE('',*,*,#2410,.F.);
#1524=ORIENTED_EDGE('',*,*,#2591,.T.);
#1525=ORIENTED_EDGE('',*,*,#2603,.F.);
#1526=ORIENTED_EDGE('',*,*,#2597,.F.);
#1527=ORIENTED_EDGE('',*,*,#2605,.F.);
#1528=ORIENTED_EDGE('',*,*,#2607,.F.);
#1529=ORIENTED_EDGE('',*,*,#2608,.F.);
#1530=ORIENTED_EDGE('',*,*,#2609,.T.);
#1531=ORIENTED_EDGE('',*,*,#2610,.T.);
#1532=ORIENTED_EDGE('',*,*,#2602,.F.);
#1533=ORIENTED_EDGE('',*,*,#2413,.F.);
#1534=ORIENTED_EDGE('',*,*,#2431,.F.);
#1535=ORIENTED_EDGE('',*,*,#2606,.F.);
#1536=ORIENTED_EDGE('',*,*,#2600,.F.);
#1537=ORIENTED_EDGE('',*,*,#2611,.T.);
#1538=ORIENTED_EDGE('',*,*,#2420,.T.);
#1539=ORIENTED_EDGE('',*,*,#2604,.T.);
#1540=ORIENTED_EDGE('',*,*,#2430,.F.);
#1541=ORIENTED_EDGE('',*,*,#2612,.F.);
#1542=ORIENTED_EDGE('',*,*,#2421,.T.);
#1543=ORIENTED_EDGE('',*,*,#2611,.F.);
#1544=ORIENTED_EDGE('',*,*,#2429,.F.);
#1545=ORIENTED_EDGE('',*,*,#2434,.T.);
#1546=ORIENTED_EDGE('',*,*,#2422,.T.);
#1547=ORIENTED_EDGE('',*,*,#2612,.T.);
#1548=ORIENTED_EDGE('',*,*,#2428,.F.);
#1549=ORIENTED_EDGE('',*,*,#2613,.F.);
#1550=ORIENTED_EDGE('',*,*,#2614,.F.);
#1551=ORIENTED_EDGE('',*,*,#2615,.F.);
#1552=ORIENTED_EDGE('',*,*,#2608,.T.);
#1553=ORIENTED_EDGE('',*,*,#2609,.F.);
#1554=ORIENTED_EDGE('',*,*,#2615,.T.);
#1555=ORIENTED_EDGE('',*,*,#2616,.F.);
#1556=ORIENTED_EDGE('',*,*,#2617,.T.);
#1557=ORIENTED_EDGE('',*,*,#2618,.T.);
#1558=ORIENTED_EDGE('',*,*,#2619,.F.);
#1559=ORIENTED_EDGE('',*,*,#2620,.T.);
#1560=ORIENTED_EDGE('',*,*,#2610,.F.);
#1561=ORIENTED_EDGE('',*,*,#2619,.T.);
#1562=ORIENTED_EDGE('',*,*,#2621,.T.);
#1563=ORIENTED_EDGE('',*,*,#2622,.F.);
#1564=ORIENTED_EDGE('',*,*,#2623,.F.);
#1565=ORIENTED_EDGE('',*,*,#2613,.T.);
#1566=ORIENTED_EDGE('',*,*,#2607,.T.);
#1567=ORIENTED_EDGE('',*,*,#2620,.F.);
#1568=ORIENTED_EDGE('',*,*,#2624,.T.);
#1569=ORIENTED_EDGE('',*,*,#2625,.T.);
#1570=ORIENTED_EDGE('',*,*,#2452,.T.);
#1571=ORIENTED_EDGE('',*,*,#2626,.F.);
#1572=ORIENTED_EDGE('',*,*,#2616,.T.);
#1573=ORIENTED_EDGE('',*,*,#2614,.T.);
#1574=ORIENTED_EDGE('',*,*,#2623,.T.);
#1575=ORIENTED_EDGE('',*,*,#2627,.F.);
#1576=ORIENTED_EDGE('',*,*,#2451,.F.);
#1577=ORIENTED_EDGE('',*,*,#2628,.F.);
#1578=ORIENTED_EDGE('',*,*,#2617,.F.);
#1579=ORIENTED_EDGE('',*,*,#2626,.T.);
#1580=ORIENTED_EDGE('',*,*,#2628,.T.);
#1581=ORIENTED_EDGE('',*,*,#2450,.T.);
#1582=ORIENTED_EDGE('',*,*,#2629,.F.);
#1583=ORIENTED_EDGE('',*,*,#2630,.T.);
#1584=ORIENTED_EDGE('',*,*,#2624,.F.);
#1585=ORIENTED_EDGE('',*,*,#2621,.F.);
#1586=ORIENTED_EDGE('',*,*,#2618,.F.);
#1587=ORIENTED_EDGE('',*,*,#2449,.F.);
#1588=ORIENTED_EDGE('',*,*,#2631,.T.);
#1589=ORIENTED_EDGE('',*,*,#2629,.T.);
#1590=ORIENTED_EDGE('',*,*,#2632,.T.);
#1591=ORIENTED_EDGE('',*,*,#2631,.F.);
#1592=ORIENTED_EDGE('',*,*,#2448,.T.);
#1593=ORIENTED_EDGE('',*,*,#2447,.T.);
#1594=ORIENTED_EDGE('',*,*,#2633,.T.);
#1595=ORIENTED_EDGE('',*,*,#2627,.T.);
#1596=ORIENTED_EDGE('',*,*,#2622,.T.);
#1597=ORIENTED_EDGE('',*,*,#2630,.F.);
#1598=ORIENTED_EDGE('',*,*,#2632,.F.);
#1599=ORIENTED_EDGE('',*,*,#2633,.F.);
#1600=ORIENTED_EDGE('',*,*,#2446,.F.);
#1601=ORIENTED_EDGE('',*,*,#2634,.T.);
#1602=ORIENTED_EDGE('',*,*,#2445,.F.);
#1603=ORIENTED_EDGE('',*,*,#2625,.F.);
#1604=ORIENTED_EDGE('',*,*,#2634,.F.);
#1605=ORIENTED_EDGE('',*,*,#2571,.F.);
#1606=ORIENTED_EDGE('',*,*,#2635,.F.);
#1607=ORIENTED_EDGE('',*,*,#2636,.T.);
#1608=ORIENTED_EDGE('',*,*,#2637,.T.);
#1609=ORIENTED_EDGE('',*,*,#2636,.F.);
#1610=ORIENTED_EDGE('',*,*,#2638,.F.);
#1611=ORIENTED_EDGE('',*,*,#2567,.F.);
#1612=ORIENTED_EDGE('',*,*,#2575,.T.);
#1613=ORIENTED_EDGE('',*,*,#2546,.F.);
#1614=ORIENTED_EDGE('',*,*,#2639,.T.);
#1615=ORIENTED_EDGE('',*,*,#2640,.F.);
#1616=ORIENTED_EDGE('',*,*,#2573,.F.);
#1617=ORIENTED_EDGE('',*,*,#2574,.T.);
#1618=ORIENTED_EDGE('',*,*,#2641,.T.);
#1619=ORIENTED_EDGE('',*,*,#2572,.F.);
#1620=ORIENTED_EDGE('',*,*,#2637,.F.);
#1621=ORIENTED_EDGE('',*,*,#2642,.F.);
#1622=ORIENTED_EDGE('',*,*,#2539,.T.);
#1623=ORIENTED_EDGE('',*,*,#2564,.T.);
#1624=ORIENTED_EDGE('',*,*,#2643,.T.);
#1625=ORIENTED_EDGE('',*,*,#2644,.F.);
#1626=ORIENTED_EDGE('',*,*,#2645,.F.);
#1627=ORIENTED_EDGE('',*,*,#2540,.T.);
#1628=ORIENTED_EDGE('',*,*,#2642,.T.);
#1629=ORIENTED_EDGE('',*,*,#2646,.F.);
#1630=ORIENTED_EDGE('',*,*,#2647,.F.);
#1631=ORIENTED_EDGE('',*,*,#2541,.T.);
#1632=ORIENTED_EDGE('',*,*,#2645,.T.);
#1633=ORIENTED_EDGE('',*,*,#2648,.F.);
#1634=ORIENTED_EDGE('',*,*,#2542,.F.);
#1635=ORIENTED_EDGE('',*,*,#2647,.T.);
#1636=ORIENTED_EDGE('',*,*,#2649,.F.);
#1637=ORIENTED_EDGE('',*,*,#2639,.F.);
#1638=ORIENTED_EDGE('',*,*,#2650,.T.);
#1639=ORIENTED_EDGE('',*,*,#2651,.F.);
#1640=ORIENTED_EDGE('',*,*,#2652,.F.);
#1641=ORIENTED_EDGE('',*,*,#2641,.F.);
#1642=ORIENTED_EDGE('',*,*,#2640,.T.);
#1643=ORIENTED_EDGE('',*,*,#2563,.F.);
#1644=ORIENTED_EDGE('',*,*,#2653,.T.);
#1645=ORIENTED_EDGE('',*,*,#2654,.F.);
#1646=ORIENTED_EDGE('',*,*,#2643,.F.);
#1647=ORIENTED_EDGE('',*,*,#2655,.T.);
#1648=ORIENTED_EDGE('',*,*,#2477,.F.);
#1649=ORIENTED_EDGE('',*,*,#2656,.F.);
#1650=ORIENTED_EDGE('',*,*,#2654,.T.);
#1651=ORIENTED_EDGE('',*,*,#2656,.T.);
#1652=ORIENTED_EDGE('',*,*,#2476,.F.);
#1653=ORIENTED_EDGE('',*,*,#2657,.F.);
#1654=ORIENTED_EDGE('',*,*,#2644,.T.);
#1655=ORIENTED_EDGE('',*,*,#2657,.T.);
#1656=ORIENTED_EDGE('',*,*,#2475,.F.);
#1657=ORIENTED_EDGE('',*,*,#2658,.F.);
#1658=ORIENTED_EDGE('',*,*,#2646,.T.);
#1659=ORIENTED_EDGE('',*,*,#2658,.T.);
#1660=ORIENTED_EDGE('',*,*,#2474,.F.);
#1661=ORIENTED_EDGE('',*,*,#2659,.F.);
#1662=ORIENTED_EDGE('',*,*,#2648,.T.);
#1663=ORIENTED_EDGE('',*,*,#2659,.T.);
#1664=ORIENTED_EDGE('',*,*,#2473,.F.);
#1665=ORIENTED_EDGE('',*,*,#2650,.F.);
#1666=ORIENTED_EDGE('',*,*,#2649,.T.);
#1667=ORIENTED_EDGE('',*,*,#2559,.T.);
#1668=ORIENTED_EDGE('',*,*,#2443,.T.);
#1669=ORIENTED_EDGE('',*,*,#2660,.T.);
#1670=ORIENTED_EDGE('',*,*,#2661,.F.);
#1671=ORIENTED_EDGE('',*,*,#2653,.F.);
#1672=ORIENTED_EDGE('',*,*,#2562,.F.);
#1673=ORIENTED_EDGE('',*,*,#2660,.F.);
#1674=ORIENTED_EDGE('',*,*,#2442,.F.);
#1675=ORIENTED_EDGE('',*,*,#2478,.F.);
#1676=ORIENTED_EDGE('',*,*,#2655,.F.);
#1677=ORIENTED_EDGE('',*,*,#2661,.T.);
#1678=ORIENTED_EDGE('',*,*,#2441,.F.);
#1679=ORIENTED_EDGE('',*,*,#2662,.T.);
#1680=ORIENTED_EDGE('',*,*,#2440,.T.);
#1681=ORIENTED_EDGE('',*,*,#2464,.T.);
#1682=ORIENTED_EDGE('',*,*,#2662,.F.);
#1683=ORIENTED_EDGE('',*,*,#2484,.T.);
#1684=ORIENTED_EDGE('',*,*,#2483,.T.);
#1685=ORIENTED_EDGE('',*,*,#2482,.T.);
#1686=ORIENTED_EDGE('',*,*,#2549,.F.);
#1687=ORIENTED_EDGE('',*,*,#2652,.T.);
#1688=ORIENTED_EDGE('',*,*,#2651,.T.);
#1689=ORIENTED_EDGE('',*,*,#2472,.T.);
#1690=ORIENTED_EDGE('',*,*,#2335,.T.);
#1691=ORIENTED_EDGE('',*,*,#2663,.T.);
#1692=ORIENTED_EDGE('',*,*,#2664,.F.);
#1693=ORIENTED_EDGE('',*,*,#2665,.F.);
#1694=ORIENTED_EDGE('',*,*,#2336,.T.);
#1695=ORIENTED_EDGE('',*,*,#2665,.T.);
#1696=ORIENTED_EDGE('',*,*,#2666,.F.);
#1697=ORIENTED_EDGE('',*,*,#2667,.F.);
#1698=ORIENTED_EDGE('',*,*,#2667,.T.);
#1699=ORIENTED_EDGE('',*,*,#2668,.T.);
#1700=ORIENTED_EDGE('',*,*,#2669,.F.);
#1701=ORIENTED_EDGE('',*,*,#2553,.F.);
#1702=ORIENTED_EDGE('',*,*,#2670,.F.);
#1703=ORIENTED_EDGE('',*,*,#2337,.F.);
#1704=ORIENTED_EDGE('',*,*,#2669,.T.);
#1705=ORIENTED_EDGE('',*,*,#2671,.T.);
#1706=ORIENTED_EDGE('',*,*,#2672,.F.);
#1707=ORIENTED_EDGE('',*,*,#2554,.F.);
#1708=ORIENTED_EDGE('',*,*,#2555,.T.);
#1709=ORIENTED_EDGE('',*,*,#2672,.T.);
#1710=ORIENTED_EDGE('',*,*,#2673,.F.);
#1711=ORIENTED_EDGE('',*,*,#2674,.T.);
#1712=ORIENTED_EDGE('',*,*,#2675,.F.);
#1713=ORIENTED_EDGE('',*,*,#2663,.F.);
#1714=ORIENTED_EDGE('',*,*,#2334,.F.);
#1715=ORIENTED_EDGE('',*,*,#2676,.F.);
#1716=ORIENTED_EDGE('',*,*,#2556,.F.);
#1717=ORIENTED_EDGE('',*,*,#2674,.F.);
#1718=ORIENTED_EDGE('',*,*,#2677,.F.);
#1719=ORIENTED_EDGE('',*,*,#2678,.F.);
#1720=ORIENTED_EDGE('',*,*,#2664,.T.);
#1721=ORIENTED_EDGE('',*,*,#2675,.T.);
#1722=ORIENTED_EDGE('',*,*,#2679,.F.);
#1723=ORIENTED_EDGE('',*,*,#2680,.F.);
#1724=ORIENTED_EDGE('',*,*,#2681,.F.);
#1725=ORIENTED_EDGE('',*,*,#2682,.F.);
#1726=ORIENTED_EDGE('',*,*,#2683,.T.);
#1727=ORIENTED_EDGE('',*,*,#2684,.T.);
#1728=ORIENTED_EDGE('',*,*,#2677,.T.);
#1729=ORIENTED_EDGE('',*,*,#2673,.T.);
#1730=ORIENTED_EDGE('',*,*,#2671,.F.);
#1731=ORIENTED_EDGE('',*,*,#2668,.F.);
#1732=ORIENTED_EDGE('',*,*,#2666,.T.);
#1733=ORIENTED_EDGE('',*,*,#2557,.T.);
#1734=ORIENTED_EDGE('',*,*,#2678,.T.);
#1735=ORIENTED_EDGE('',*,*,#2684,.F.);
#1736=ORIENTED_EDGE('',*,*,#2683,.F.);
#1737=ORIENTED_EDGE('',*,*,#2353,.T.);
#1738=ORIENTED_EDGE('',*,*,#2679,.T.);
#1739=ORIENTED_EDGE('',*,*,#2676,.T.);
#1740=ORIENTED_EDGE('',*,*,#2333,.T.);
#1741=ORIENTED_EDGE('',*,*,#2351,.F.);
#1742=ORIENTED_EDGE('',*,*,#2680,.T.);
#1743=ORIENTED_EDGE('',*,*,#2635,.T.);
#1744=ORIENTED_EDGE('',*,*,#2685,.T.);
#1745=ORIENTED_EDGE('',*,*,#2494,.T.);
#1746=ORIENTED_EDGE('',*,*,#2488,.F.);
#1747=ORIENTED_EDGE('',*,*,#2503,.F.);
#1748=ORIENTED_EDGE('',*,*,#2686,.F.);
#1749=ORIENTED_EDGE('',*,*,#2638,.T.);
#1750=ORIENTED_EDGE('',*,*,#2686,.T.);
#1751=ORIENTED_EDGE('',*,*,#2502,.T.);
#1752=ORIENTED_EDGE('',*,*,#2552,.F.);
#1753=ORIENTED_EDGE('',*,*,#2558,.T.);
#1754=ORIENTED_EDGE('',*,*,#2568,.F.);
#1755=ORIENTED_EDGE('',*,*,#2570,.T.);
#1756=ORIENTED_EDGE('',*,*,#2332,.T.);
#1757=ORIENTED_EDGE('',*,*,#2331,.F.);
#1758=ORIENTED_EDGE('',*,*,#2489,.F.);
#1759=ORIENTED_EDGE('',*,*,#2685,.F.);
#1760=ORIENTED_EDGE('',*,*,#2515,.F.);
#1761=ORIENTED_EDGE('',*,*,#2505,.F.);
#1762=ORIENTED_EDGE('',*,*,#2512,.T.);
#1763=ORIENTED_EDGE('',*,*,#2687,.T.);
#1764=ORIENTED_EDGE('',*,*,#2516,.F.);
#1765=ORIENTED_EDGE('',*,*,#2687,.F.);
#1766=ORIENTED_EDGE('',*,*,#2514,.T.);
#1767=ORIENTED_EDGE('',*,*,#2688,.T.);
#1768=ORIENTED_EDGE('',*,*,#2526,.F.);
#1769=ORIENTED_EDGE('',*,*,#2688,.F.);
#1770=ORIENTED_EDGE('',*,*,#2513,.T.);
#1771=ORIENTED_EDGE('',*,*,#2507,.T.);
#1772=ORIENTED_EDGE('',*,*,#2519,.T.);
#1773=ORIENTED_EDGE('',*,*,#2689,.F.);
#1774=ORIENTED_EDGE('',*,*,#2510,.F.);
#1775=ORIENTED_EDGE('',*,*,#2522,.T.);
#1776=ORIENTED_EDGE('',*,*,#2518,.T.);
#1777=ORIENTED_EDGE('',*,*,#2690,.F.);
#1778=ORIENTED_EDGE('',*,*,#2511,.F.);
#1779=ORIENTED_EDGE('',*,*,#2689,.T.);
#1780=ORIENTED_EDGE('',*,*,#2528,.T.);
#1781=ORIENTED_EDGE('',*,*,#2523,.F.);
#1782=ORIENTED_EDGE('',*,*,#2508,.F.);
#1783=ORIENTED_EDGE('',*,*,#2690,.T.);
#1784=ORIENTED_EDGE('',*,*,#2364,.F.);
#1785=ORIENTED_EDGE('',*,*,#2529,.F.);
#1786=ORIENTED_EDGE('',*,*,#2517,.T.);
#1787=ORIENTED_EDGE('',*,*,#2525,.T.);
#1788=ORIENTED_EDGE('',*,*,#2580,.F.);
#1789=ORIENTED_EDGE('',*,*,#2579,.F.);
#1790=ORIENTED_EDGE('',*,*,#2691,.T.);
#1791=ORIENTED_EDGE('',*,*,#2586,.F.);
#1792=ORIENTED_EDGE('',*,*,#2589,.F.);
#1793=ORIENTED_EDGE('',*,*,#2691,.F.);
#1794=ORIENTED_EDGE('',*,*,#2692,.F.);
#1795=ORIENTED_EDGE('',*,*,#2584,.F.);
#1796=ORIENTED_EDGE('',*,*,#2692,.T.);
#1797=ORIENTED_EDGE('',*,*,#2583,.F.);
#1798=ORIENTED_EDGE('',*,*,#2577,.F.);
#1799=ORIENTED_EDGE('',*,*,#2391,.F.);
#1800=ORIENTED_EDGE('',*,*,#2407,.F.);
#1801=ORIENTED_EDGE('',*,*,#2693,.T.);
#1802=ORIENTED_EDGE('',*,*,#2491,.F.);
#1803=ORIENTED_EDGE('',*,*,#2497,.F.);
#1804=ORIENTED_EDGE('',*,*,#2500,.T.);
#1805=ORIENTED_EDGE('',*,*,#2694,.F.);
#1806=ORIENTED_EDGE('',*,*,#2492,.F.);
#1807=ORIENTED_EDGE('',*,*,#2693,.F.);
#1808=ORIENTED_EDGE('',*,*,#2499,.F.);
#1809=ORIENTED_EDGE('',*,*,#2493,.T.);
#1810=ORIENTED_EDGE('',*,*,#2694,.T.);
#1811=ORIENTED_EDGE('',*,*,#2498,.F.);
#1812=ORIENTED_EDGE('',*,*,#2486,.T.);
#1813=ORIENTED_EDGE('',*,*,#2695,.T.);
#1814=ORIENTED_EDGE('',*,*,#2696,.T.);
#1815=ORIENTED_EDGE('',*,*,#2697,.T.);
#1816=ORIENTED_EDGE('',*,*,#2698,.T.);
#1817=ORIENTED_EDGE('',*,*,#2699,.T.);
#1818=ORIENTED_EDGE('',*,*,#2700,.F.);
#1819=ORIENTED_EDGE('',*,*,#2701,.F.);
#1820=ORIENTED_EDGE('',*,*,#2702,.T.);
#1821=ORIENTED_EDGE('',*,*,#2703,.F.);
#1822=ORIENTED_EDGE('',*,*,#2704,.F.);
#1823=ORIENTED_EDGE('',*,*,#2705,.F.);
#1824=ORIENTED_EDGE('',*,*,#2706,.T.);
#1825=ORIENTED_EDGE('',*,*,#2707,.F.);
#1826=ORIENTED_EDGE('',*,*,#2706,.F.);
#1827=ORIENTED_EDGE('',*,*,#2708,.F.);
#1828=ORIENTED_EDGE('',*,*,#2709,.F.);
#1829=ORIENTED_EDGE('',*,*,#2710,.F.);
#1830=ORIENTED_EDGE('',*,*,#2711,.T.);
#1831=ORIENTED_EDGE('',*,*,#2712,.F.);
#1832=ORIENTED_EDGE('',*,*,#2713,.T.);
#1833=ORIENTED_EDGE('',*,*,#2714,.T.);
#1834=ORIENTED_EDGE('',*,*,#2698,.F.);
#1835=ORIENTED_EDGE('',*,*,#2714,.F.);
#1836=ORIENTED_EDGE('',*,*,#2715,.T.);
#1837=ORIENTED_EDGE('',*,*,#2716,.F.);
#1838=ORIENTED_EDGE('',*,*,#2717,.F.);
#1839=ORIENTED_EDGE('',*,*,#2718,.F.);
#1840=ORIENTED_EDGE('',*,*,#2695,.F.);
#1841=ORIENTED_EDGE('',*,*,#2718,.T.);
#1842=ORIENTED_EDGE('',*,*,#2719,.T.);
#1843=ORIENTED_EDGE('',*,*,#2720,.F.);
#1844=ORIENTED_EDGE('',*,*,#2696,.F.);
#1845=ORIENTED_EDGE('',*,*,#2721,.T.);
#1846=ORIENTED_EDGE('',*,*,#2722,.T.);
#1847=ORIENTED_EDGE('',*,*,#2723,.F.);
#1848=ORIENTED_EDGE('',*,*,#2724,.T.);
#1849=ORIENTED_EDGE('',*,*,#2712,.T.);
#1850=ORIENTED_EDGE('',*,*,#2697,.F.);
#1851=ORIENTED_EDGE('',*,*,#2720,.T.);
#1852=ORIENTED_EDGE('',*,*,#2725,.F.);
#1853=ORIENTED_EDGE('',*,*,#2726,.F.);
#1854=ORIENTED_EDGE('',*,*,#2727,.F.);
#1855=ORIENTED_EDGE('',*,*,#2700,.T.);
#1856=ORIENTED_EDGE('',*,*,#2701,.T.);
#1857=ORIENTED_EDGE('',*,*,#2727,.T.);
#1858=ORIENTED_EDGE('',*,*,#2728,.F.);
#1859=ORIENTED_EDGE('',*,*,#2729,.F.);
#1860=ORIENTED_EDGE('',*,*,#2730,.T.);
#1861=ORIENTED_EDGE('',*,*,#2731,.F.);
#1862=ORIENTED_EDGE('',*,*,#2732,.T.);
#1863=ORIENTED_EDGE('',*,*,#2702,.F.);
#1864=ORIENTED_EDGE('',*,*,#2731,.T.);
#1865=ORIENTED_EDGE('',*,*,#2733,.T.);
#1866=ORIENTED_EDGE('',*,*,#2734,.T.);
#1867=ORIENTED_EDGE('',*,*,#2735,.F.);
#1868=ORIENTED_EDGE('',*,*,#2725,.T.);
#1869=ORIENTED_EDGE('',*,*,#2699,.F.);
#1870=ORIENTED_EDGE('',*,*,#2732,.F.);
#1871=ORIENTED_EDGE('',*,*,#2736,.T.);
#1872=ORIENTED_EDGE('',*,*,#2737,.F.);
#1873=ORIENTED_EDGE('',*,*,#2738,.T.);
#1874=ORIENTED_EDGE('',*,*,#2349,.T.);
#1875=ORIENTED_EDGE('',*,*,#2739,.F.);
#1876=ORIENTED_EDGE('',*,*,#2355,.T.);
#1877=ORIENTED_EDGE('',*,*,#2740,.T.);
#1878=ORIENTED_EDGE('',*,*,#2737,.T.);
#1879=ORIENTED_EDGE('',*,*,#2741,.F.);
#1880=ORIENTED_EDGE('',*,*,#2372,.F.);
#1881=ORIENTED_EDGE('',*,*,#2366,.F.);
#1882=ORIENTED_EDGE('',*,*,#2361,.T.);
#1883=ORIENTED_EDGE('',*,*,#2379,.T.);
#1884=ORIENTED_EDGE('',*,*,#2386,.F.);
#1885=ORIENTED_EDGE('',*,*,#2374,.T.);
#1886=ORIENTED_EDGE('',*,*,#2707,.T.);
#1887=ORIENTED_EDGE('',*,*,#2710,.T.);
#1888=ORIENTED_EDGE('',*,*,#2742,.T.);
#1889=ORIENTED_EDGE('',*,*,#2388,.F.);
#1890=ORIENTED_EDGE('',*,*,#2359,.F.);
#1891=ORIENTED_EDGE('',*,*,#2370,.T.);
#1892=ORIENTED_EDGE('',*,*,#2743,.T.);
#1893=ORIENTED_EDGE('',*,*,#2703,.T.);
#1894=ORIENTED_EDGE('',*,*,#2373,.F.);
#1895=ORIENTED_EDGE('',*,*,#2385,.F.);
#1896=ORIENTED_EDGE('',*,*,#2395,.T.);
#1897=ORIENTED_EDGE('',*,*,#2744,.F.);
#1898=ORIENTED_EDGE('',*,*,#2745,.T.);
#1899=ORIENTED_EDGE('',*,*,#2402,.T.);
#1900=ORIENTED_EDGE('',*,*,#2746,.T.);
#1901=ORIENTED_EDGE('',*,*,#2704,.T.);
#1902=ORIENTED_EDGE('',*,*,#2743,.F.);
#1903=ORIENTED_EDGE('',*,*,#2394,.F.);
#1904=ORIENTED_EDGE('',*,*,#2747,.T.);
#1905=ORIENTED_EDGE('',*,*,#2748,.F.);
#1906=ORIENTED_EDGE('',*,*,#2723,.T.);
#1907=ORIENTED_EDGE('',*,*,#2722,.F.);
#1908=ORIENTED_EDGE('',*,*,#2744,.T.);
#1909=ORIENTED_EDGE('',*,*,#2401,.T.);
#1910=ORIENTED_EDGE('',*,*,#2400,.T.);
#1911=ORIENTED_EDGE('',*,*,#2708,.T.);
#1912=ORIENTED_EDGE('',*,*,#2705,.T.);
#1913=ORIENTED_EDGE('',*,*,#2746,.F.);
#1914=ORIENTED_EDGE('',*,*,#2742,.F.);
#1915=ORIENTED_EDGE('',*,*,#2711,.F.);
#1916=ORIENTED_EDGE('',*,*,#2709,.T.);
#1917=ORIENTED_EDGE('',*,*,#2399,.F.);
#1918=ORIENTED_EDGE('',*,*,#2389,.F.);
#1919=ORIENTED_EDGE('',*,*,#2747,.F.);
#1920=ORIENTED_EDGE('',*,*,#2409,.F.);
#1921=ORIENTED_EDGE('',*,*,#2418,.F.);
#1922=ORIENTED_EDGE('',*,*,#2715,.F.);
#1923=ORIENTED_EDGE('',*,*,#2713,.F.);
#1924=ORIENTED_EDGE('',*,*,#2724,.F.);
#1925=ORIENTED_EDGE('',*,*,#2748,.T.);
#1926=ORIENTED_EDGE('',*,*,#2749,.F.);
#1927=ORIENTED_EDGE('',*,*,#2416,.T.);
#1928=ORIENTED_EDGE('',*,*,#2750,.F.);
#1929=ORIENTED_EDGE('',*,*,#2425,.F.);
#1930=ORIENTED_EDGE('',*,*,#2716,.T.);
#1931=ORIENTED_EDGE('',*,*,#2417,.T.);
#1932=ORIENTED_EDGE('',*,*,#2749,.T.);
#1933=ORIENTED_EDGE('',*,*,#2424,.F.);
#1934=ORIENTED_EDGE('',*,*,#2423,.F.);
#1935=ORIENTED_EDGE('',*,*,#2411,.F.);
#1936=ORIENTED_EDGE('',*,*,#2745,.F.);
#1937=ORIENTED_EDGE('',*,*,#2721,.F.);
#1938=ORIENTED_EDGE('',*,*,#2719,.F.);
#1939=ORIENTED_EDGE('',*,*,#2717,.T.);
#1940=ORIENTED_EDGE('',*,*,#2750,.T.);
#1941=ORIENTED_EDGE('',*,*,#2415,.T.);
#1942=ORIENTED_EDGE('',*,*,#2433,.T.);
#1943=ORIENTED_EDGE('',*,*,#2426,.F.);
#1944=ORIENTED_EDGE('',*,*,#2751,.F.);
#1945=ORIENTED_EDGE('',*,*,#2435,.F.);
#1946=ORIENTED_EDGE('',*,*,#2341,.F.);
#1947=ORIENTED_EDGE('',*,*,#2752,.T.);
#1948=ORIENTED_EDGE('',*,*,#2460,.T.);
#1949=ORIENTED_EDGE('',*,*,#2753,.F.);
#1950=ORIENTED_EDGE('',*,*,#2728,.T.);
#1951=ORIENTED_EDGE('',*,*,#2726,.T.);
#1952=ORIENTED_EDGE('',*,*,#2735,.T.);
#1953=ORIENTED_EDGE('',*,*,#2754,.F.);
#1954=ORIENTED_EDGE('',*,*,#2459,.F.);
#1955=ORIENTED_EDGE('',*,*,#2755,.F.);
#1956=ORIENTED_EDGE('',*,*,#2729,.T.);
#1957=ORIENTED_EDGE('',*,*,#2753,.T.);
#1958=ORIENTED_EDGE('',*,*,#2755,.T.);
#1959=ORIENTED_EDGE('',*,*,#2458,.T.);
#1960=ORIENTED_EDGE('',*,*,#2756,.F.);
#1961=ORIENTED_EDGE('',*,*,#2757,.T.);
#1962=ORIENTED_EDGE('',*,*,#2736,.F.);
#1963=ORIENTED_EDGE('',*,*,#2733,.F.);
#1964=ORIENTED_EDGE('',*,*,#2730,.F.);
#1965=ORIENTED_EDGE('',*,*,#2457,.F.);
#1966=ORIENTED_EDGE('',*,*,#2758,.T.);
#1967=ORIENTED_EDGE('',*,*,#2756,.T.);
#1968=ORIENTED_EDGE('',*,*,#2759,.T.);
#1969=ORIENTED_EDGE('',*,*,#2758,.F.);
#1970=ORIENTED_EDGE('',*,*,#2456,.T.);
#1971=ORIENTED_EDGE('',*,*,#2455,.F.);
#1972=ORIENTED_EDGE('',*,*,#2760,.T.);
#1973=ORIENTED_EDGE('',*,*,#2754,.T.);
#1974=ORIENTED_EDGE('',*,*,#2734,.F.);
#1975=ORIENTED_EDGE('',*,*,#2757,.F.);
#1976=ORIENTED_EDGE('',*,*,#2759,.F.);
#1977=ORIENTED_EDGE('',*,*,#2760,.F.);
#1978=ORIENTED_EDGE('',*,*,#2454,.F.);
#1979=ORIENTED_EDGE('',*,*,#2761,.T.);
#1980=ORIENTED_EDGE('',*,*,#2453,.F.);
#1981=ORIENTED_EDGE('',*,*,#2752,.F.);
#1982=ORIENTED_EDGE('',*,*,#2761,.F.);
#1983=ORIENTED_EDGE('',*,*,#2762,.T.);
#1984=ORIENTED_EDGE('',*,*,#2470,.F.);
#1985=ORIENTED_EDGE('',*,*,#2763,.F.);
#1986=ORIENTED_EDGE('',*,*,#2764,.F.);
#1987=ORIENTED_EDGE('',*,*,#2765,.F.);
#1988=ORIENTED_EDGE('',*,*,#2763,.T.);
#1989=ORIENTED_EDGE('',*,*,#2469,.T.);
#1990=ORIENTED_EDGE('',*,*,#2766,.F.);
#1991=ORIENTED_EDGE('',*,*,#2767,.F.);
#1992=ORIENTED_EDGE('',*,*,#2766,.T.);
#1993=ORIENTED_EDGE('',*,*,#2468,.T.);
#1994=ORIENTED_EDGE('',*,*,#2768,.F.);
#1995=ORIENTED_EDGE('',*,*,#2769,.F.);
#1996=ORIENTED_EDGE('',*,*,#2768,.T.);
#1997=ORIENTED_EDGE('',*,*,#2467,.T.);
#1998=ORIENTED_EDGE('',*,*,#2770,.F.);
#1999=ORIENTED_EDGE('',*,*,#2771,.F.);
#2000=ORIENTED_EDGE('',*,*,#2770,.T.);
#2001=ORIENTED_EDGE('',*,*,#2466,.T.);
#2002=ORIENTED_EDGE('',*,*,#2772,.F.);
#2003=ORIENTED_EDGE('',*,*,#2773,.F.);
#2004=ORIENTED_EDGE('',*,*,#2772,.T.);
#2005=ORIENTED_EDGE('',*,*,#2465,.T.);
#2006=ORIENTED_EDGE('',*,*,#2461,.T.);
#2007=ORIENTED_EDGE('',*,*,#2437,.T.);
#2008=ORIENTED_EDGE('',*,*,#2479,.T.);
#2009=ORIENTED_EDGE('',*,*,#2762,.F.);
#2010=ORIENTED_EDGE('',*,*,#2774,.F.);
#2011=ORIENTED_EDGE('',*,*,#2739,.T.);
#2012=ORIENTED_EDGE('',*,*,#2480,.T.);
#2013=ORIENTED_EDGE('',*,*,#2751,.T.);
#2014=ORIENTED_EDGE('',*,*,#2537,.T.);
#2015=ORIENTED_EDGE('',*,*,#2775,.T.);
#2016=ORIENTED_EDGE('',*,*,#2773,.T.);
#2017=ORIENTED_EDGE('',*,*,#2436,.F.);
#2018=ORIENTED_EDGE('',*,*,#2536,.T.);
#2019=ORIENTED_EDGE('',*,*,#2776,.T.);
#2020=ORIENTED_EDGE('',*,*,#2771,.T.);
#2021=ORIENTED_EDGE('',*,*,#2775,.F.);
#2022=ORIENTED_EDGE('',*,*,#2535,.T.);
#2023=ORIENTED_EDGE('',*,*,#2777,.T.);
#2024=ORIENTED_EDGE('',*,*,#2769,.T.);
#2025=ORIENTED_EDGE('',*,*,#2776,.F.);
#2026=ORIENTED_EDGE('',*,*,#2534,.T.);
#2027=ORIENTED_EDGE('',*,*,#2778,.T.);
#2028=ORIENTED_EDGE('',*,*,#2767,.T.);
#2029=ORIENTED_EDGE('',*,*,#2777,.F.);
#2030=ORIENTED_EDGE('',*,*,#2533,.T.);
#2031=ORIENTED_EDGE('',*,*,#2779,.T.);
#2032=ORIENTED_EDGE('',*,*,#2765,.T.);
#2033=ORIENTED_EDGE('',*,*,#2778,.F.);
#2034=ORIENTED_EDGE('',*,*,#2531,.T.);
#2035=ORIENTED_EDGE('',*,*,#2780,.T.);
#2036=ORIENTED_EDGE('',*,*,#2764,.T.);
#2037=ORIENTED_EDGE('',*,*,#2779,.F.);
#2038=ORIENTED_EDGE('',*,*,#2532,.T.);
#2039=ORIENTED_EDGE('',*,*,#2780,.F.);
#2040=ORIENTED_EDGE('',*,*,#2545,.T.);
#2041=ORIENTED_EDGE('',*,*,#2544,.T.);
#2042=ORIENTED_EDGE('',*,*,#2741,.T.);
#2043=ORIENTED_EDGE('',*,*,#2774,.T.);
#2044=ORIENTED_EDGE('',*,*,#2781,.F.);
#2045=ORIENTED_EDGE('',*,*,#2681,.T.);
#2046=ORIENTED_EDGE('',*,*,#2350,.T.);
#2047=ORIENTED_EDGE('',*,*,#2738,.F.);
#2048=ORIENTED_EDGE('',*,*,#2354,.T.);
#2049=ORIENTED_EDGE('',*,*,#2682,.T.);
#2050=ORIENTED_EDGE('',*,*,#2781,.T.);
#2051=ORIENTED_EDGE('',*,*,#2740,.F.);
#2052=ORIENTED_EDGE('',*,*,#2495,.T.);
#2053=ORIENTED_EDGE('',*,*,#2670,.T.);
#2054=VERTEX_POINT('',#3768);
#2055=VERTEX_POINT('',#3769);
#2056=VERTEX_POINT('',#3774);
#2057=VERTEX_POINT('',#3788);
#2058=VERTEX_POINT('',#3790);
#2059=VERTEX_POINT('',#3807);
#2060=VERTEX_POINT('',#3809);
#2061=VERTEX_POINT('',#3811);
#2062=VERTEX_POINT('',#3818);
#2063=VERTEX_POINT('',#3819);
#2064=VERTEX_POINT('',#3824);
#2065=VERTEX_POINT('',#3826);
#2066=VERTEX_POINT('',#3839);
#2067=VERTEX_POINT('',#3844);
#2068=VERTEX_POINT('',#3851);
#2069=VERTEX_POINT('',#3853);
#2070=VERTEX_POINT('',#3860);
#2071=VERTEX_POINT('',#3876);
#2072=VERTEX_POINT('',#3877);
#2073=VERTEX_POINT('',#3882);
#2074=VERTEX_POINT('',#3887);
#2075=VERTEX_POINT('',#4035);
#2076=VERTEX_POINT('',#4036);
#2077=VERTEX_POINT('',#4041);
#2078=VERTEX_POINT('',#4046);
#2079=VERTEX_POINT('',#4060);
#2080=VERTEX_POINT('',#4205);
#2081=VERTEX_POINT('',#4206);
#2082=VERTEX_POINT('',#4208);
#2083=VERTEX_POINT('',#4210);
#2084=VERTEX_POINT('',#4212);
#2085=VERTEX_POINT('',#4214);
#2086=VERTEX_POINT('',#4216);
#2087=VERTEX_POINT('',#4218);
#2088=VERTEX_POINT('',#4222);
#2089=VERTEX_POINT('',#4224);
#2090=VERTEX_POINT('',#4228);
#2091=VERTEX_POINT('',#4229);
#2092=VERTEX_POINT('',#4234);
#2093=VERTEX_POINT('',#4236);
#2094=VERTEX_POINT('',#4239);
#2095=VERTEX_POINT('',#4241);
#2096=VERTEX_POINT('',#4245);
#2097=VERTEX_POINT('',#4246);
#2098=VERTEX_POINT('',#4250);
#2099=VERTEX_POINT('',#4252);
#2100=VERTEX_POINT('',#4265);
#2101=VERTEX_POINT('',#4271);
#2102=VERTEX_POINT('',#4288);
#2103=VERTEX_POINT('',#4323);
#2104=VERTEX_POINT('',#4340);
#2105=VERTEX_POINT('',#4349);
#2106=VERTEX_POINT('',#4350);
#2107=VERTEX_POINT('',#4364);
#2108=VERTEX_POINT('',#4376);
#2109=VERTEX_POINT('',#4384);
#2110=VERTEX_POINT('',#4593);
#2111=VERTEX_POINT('',#4598);
#2112=VERTEX_POINT('',#4612);
#2113=VERTEX_POINT('',#4617);
#2114=VERTEX_POINT('',#4635);
#2115=VERTEX_POINT('',#4640);
#2116=VERTEX_POINT('',#4654);
#2117=VERTEX_POINT('',#4659);
#2118=VERTEX_POINT('',#4956);
#2119=VERTEX_POINT('',#4957);
#2120=VERTEX_POINT('',#4962);
#2121=VERTEX_POINT('',#4980);
#2122=VERTEX_POINT('',#5008);
#2123=VERTEX_POINT('',#5009);
#2124=VERTEX_POINT('',#5026);
#2125=VERTEX_POINT('',#5037);
#2126=VERTEX_POINT('',#5054);
#2127=VERTEX_POINT('',#5067);
#2128=VERTEX_POINT('',#5084);
#2129=VERTEX_POINT('',#5095);
#2130=VERTEX_POINT('',#5280);
#2131=VERTEX_POINT('',#5300);
#2132=VERTEX_POINT('',#5308);
#2133=VERTEX_POINT('',#5322);
#2134=VERTEX_POINT('',#5348);
#2135=VERTEX_POINT('',#5362);
#2136=VERTEX_POINT('',#5373);
#2137=VERTEX_POINT('',#5393);
#2138=VERTEX_POINT('',#5588);
#2139=VERTEX_POINT('',#5590);
#2140=VERTEX_POINT('',#5595);
#2141=VERTEX_POINT('',#5600);
#2142=VERTEX_POINT('',#5605);
#2143=VERTEX_POINT('',#5637);
#2144=VERTEX_POINT('',#5642);
#2145=VERTEX_POINT('',#5644);
#2146=VERTEX_POINT('',#5649);
#2147=VERTEX_POINT('',#5667);
#2148=VERTEX_POINT('',#5668);
#2149=VERTEX_POINT('',#5673);
#2150=VERTEX_POINT('',#5675);
#2151=VERTEX_POINT('',#5680);
#2152=VERTEX_POINT('',#5697);
#2153=VERTEX_POINT('',#5699);
#2154=VERTEX_POINT('',#5722);
#2155=VERTEX_POINT('',#5740);
#2156=VERTEX_POINT('',#5741);
#2157=VERTEX_POINT('',#5746);
#2158=VERTEX_POINT('',#5748);
#2159=VERTEX_POINT('',#5753);
#2160=VERTEX_POINT('',#5770);
#2161=VERTEX_POINT('',#5772);
#2162=VERTEX_POINT('',#5795);
#2163=VERTEX_POINT('',#5802);
#2164=VERTEX_POINT('',#5847);
#2165=VERTEX_POINT('',#6103);
#2166=VERTEX_POINT('',#6108);
#2167=VERTEX_POINT('',#6113);
#2168=VERTEX_POINT('',#6121);
#2169=VERTEX_POINT('',#6126);
#2170=VERTEX_POINT('',#6134);
#2171=VERTEX_POINT('',#6139);
#2172=VERTEX_POINT('',#6144);
#2173=VERTEX_POINT('',#6149);
#2174=VERTEX_POINT('',#6154);
#2175=VERTEX_POINT('',#6159);
#2176=VERTEX_POINT('',#6164);
#2177=VERTEX_POINT('',#6169);
#2178=VERTEX_POINT('',#6178);
#2179=VERTEX_POINT('',#6183);
#2180=VERTEX_POINT('',#6188);
#2181=VERTEX_POINT('',#6193);
#2182=VERTEX_POINT('',#6200);
#2183=VERTEX_POINT('',#6201);
#2184=VERTEX_POINT('',#6203);
#2185=VERTEX_POINT('',#6205);
#2186=VERTEX_POINT('',#6212);
#2187=VERTEX_POINT('',#6214);
#2188=VERTEX_POINT('',#6216);
#2189=VERTEX_POINT('',#6218);
#2190=VERTEX_POINT('',#6223);
#2191=VERTEX_POINT('',#6225);
#2192=VERTEX_POINT('',#6229);
#2193=VERTEX_POINT('',#6231);
#2194=VERTEX_POINT('',#6234);
#2195=VERTEX_POINT('',#6239);
#2196=VERTEX_POINT('',#6243);
#2197=VERTEX_POINT('',#6244);
#2198=VERTEX_POINT('',#6246);
#2199=VERTEX_POINT('',#6248);
#2200=VERTEX_POINT('',#6252);
#2201=VERTEX_POINT('',#6253);
#2202=VERTEX_POINT('',#6255);
#2203=VERTEX_POINT('',#6257);
#2204=VERTEX_POINT('',#6260);
#2205=VERTEX_POINT('',#6262);
#2206=VERTEX_POINT('',#6266);
#2207=VERTEX_POINT('',#6268);
#2208=VERTEX_POINT('',#6270);
#2209=VERTEX_POINT('',#6272);
#2210=VERTEX_POINT('',#6274);
#2211=VERTEX_POINT('',#6276);
#2212=VERTEX_POINT('',#6295);
#2213=VERTEX_POINT('',#6296);
#2214=VERTEX_POINT('',#6304);
#2215=VERTEX_POINT('',#6309);
#2216=VERTEX_POINT('',#6314);
#2217=VERTEX_POINT('',#6319);
#2218=VERTEX_POINT('',#6321);
#2219=VERTEX_POINT('',#6326);
#2220=VERTEX_POINT('',#6344);
#2221=VERTEX_POINT('',#6355);
#2222=VERTEX_POINT('',#6366);
#2223=VERTEX_POINT('',#6377);
#2224=VERTEX_POINT('',#6393);
#2225=VERTEX_POINT('',#6397);
#2226=VERTEX_POINT('',#6416);
#2227=VERTEX_POINT('',#6420);
#2228=VERTEX_POINT('',#6422);
#2229=VERTEX_POINT('',#6435);
#2230=VERTEX_POINT('',#6437);
#2231=VERTEX_POINT('',#6439);
#2232=VERTEX_POINT('',#6441);
#2233=VERTEX_POINT('',#6458);
#2234=VERTEX_POINT('',#6477);
#2235=VERTEX_POINT('',#6943);
#2236=VERTEX_POINT('',#6948);
#2237=VERTEX_POINT('',#7246);
#2238=VERTEX_POINT('',#7273);
#2239=VERTEX_POINT('',#7426);
#2240=VERTEX_POINT('',#7453);
#2241=VERTEX_POINT('',#7606);
#2242=VERTEX_POINT('',#7611);
#2243=VERTEX_POINT('',#7629);
#2244=VERTEX_POINT('',#7631);
#2245=VERTEX_POINT('',#7638);
#2246=VERTEX_POINT('',#7664);
#2247=VERTEX_POINT('',#7669);
#2248=VERTEX_POINT('',#7676);
#2249=VERTEX_POINT('',#7702);
#2250=VERTEX_POINT('',#7709);
#2251=VERTEX_POINT('',#7710);
#2252=VERTEX_POINT('',#7712);
#2253=VERTEX_POINT('',#7714);
#2254=VERTEX_POINT('',#7721);
#2255=VERTEX_POINT('',#7723);
#2256=VERTEX_POINT('',#7727);
#2257=VERTEX_POINT('',#7729);
#2258=VERTEX_POINT('',#7747);
#2259=VERTEX_POINT('',#7748);
#2260=VERTEX_POINT('',#7750);
#2261=VERTEX_POINT('',#7752);
#2262=VERTEX_POINT('',#7793);
#2263=VERTEX_POINT('',#7795);
#2264=VERTEX_POINT('',#7799);
#2265=VERTEX_POINT('',#7801);
#2266=VERTEX_POINT('',#7803);
#2267=VERTEX_POINT('',#7807);
#2268=VERTEX_POINT('',#7811);
#2269=VERTEX_POINT('',#7812);
#2270=VERTEX_POINT('',#7826);
#2271=VERTEX_POINT('',#7843);
#2272=VERTEX_POINT('',#7899);
#2273=VERTEX_POINT('',#7912);
#2274=VERTEX_POINT('',#7978);
#2275=VERTEX_POINT('',#7987);
#2276=VERTEX_POINT('',#8132);
#2277=VERTEX_POINT('',#8211);
#2278=VERTEX_POINT('',#8345);
#2279=VERTEX_POINT('',#8413);
#2280=VERTEX_POINT('',#9391);
#2281=VERTEX_POINT('',#9393);
#2282=VERTEX_POINT('',#9397);
#2283=VERTEX_POINT('',#9401);
#2284=VERTEX_POINT('',#9406);
#2285=VERTEX_POINT('',#9410);
#2286=VERTEX_POINT('',#9432);
#2287=VERTEX_POINT('',#9469);
#2288=VERTEX_POINT('',#9491);
#2289=VERTEX_POINT('',#9494);
#2290=VERTEX_POINT('',#9497);
#2291=VERTEX_POINT('',#9661);
#2292=VERTEX_POINT('',#9662);
#2293=VERTEX_POINT('',#9664);
#2294=VERTEX_POINT('',#9666);
#2295=VERTEX_POINT('',#9670);
#2296=VERTEX_POINT('',#9671);
#2297=VERTEX_POINT('',#9673);
#2298=VERTEX_POINT('',#9675);
#2299=VERTEX_POINT('',#9682);
#2300=VERTEX_POINT('',#9696);
#2301=VERTEX_POINT('',#9701);
#2302=VERTEX_POINT('',#9724);
#2303=VERTEX_POINT('',#9783);
#2304=VERTEX_POINT('',#9793);
#2305=VERTEX_POINT('',#9795);
#2306=VERTEX_POINT('',#9807);
#2307=VERTEX_POINT('',#9814);
#2308=VERTEX_POINT('',#9818);
#2309=VERTEX_POINT('',#9823);
#2310=VERTEX_POINT('',#9825);
#2311=VERTEX_POINT('',#9829);
#2312=VERTEX_POINT('',#9831);
#2313=VERTEX_POINT('',#9835);
#2314=VERTEX_POINT('',#9837);
#2315=VERTEX_POINT('',#9839);
#2316=VERTEX_POINT('',#9843);
#2317=VERTEX_POINT('',#9847);
#2318=VERTEX_POINT('',#9848);
#2319=VERTEX_POINT('',#9859);
#2320=VERTEX_POINT('',#9860);
#2321=VERTEX_POINT('',#9907);
#2322=VERTEX_POINT('',#10201);
#2323=VERTEX_POINT('',#10218);
#2324=VERTEX_POINT('',#10271);
#2325=VERTEX_POINT('',#10292);
#2326=VERTEX_POINT('',#10459);
#2327=VERTEX_POINT('',#10561);
#2328=VERTEX_POINT('',#10731);
#2329=VERTEX_POINT('',#10745);
#2330=EDGE_CURVE('',#2054,#2055,#2782,.T.);
#2331=EDGE_CURVE('',#2054,#2056,#928,.T.);
#2332=EDGE_CURVE('',#2057,#2056,#929,.T.);
#2333=EDGE_CURVE('',#2058,#2057,#910,.T.);
#2334=EDGE_CURVE('',#2058,#2059,#930,.T.);
#2335=EDGE_CURVE('',#2060,#2059,#850,.T.);
#2336=EDGE_CURVE('',#2061,#2060,#2783,.T.);
#2337=EDGE_CURVE('',#2061,#2055,#851,.T.);
#2338=EDGE_CURVE('',#2062,#2063,#931,.T.);
#2339=EDGE_CURVE('',#2063,#2064,#932,.T.);
#2340=EDGE_CURVE('',#2065,#2064,#911,.T.);
#2341=EDGE_CURVE('',#2065,#2066,#933,.T.);
#2342=EDGE_CURVE('',#2066,#2067,#934,.T.);
#2343=EDGE_CURVE('',#2067,#2062,#935,.T.);
#2344=EDGE_CURVE('',#2068,#2064,#2784,.T.);
#2345=EDGE_CURVE('',#2069,#2062,#2785,.T.);
#2346=EDGE_CURVE('',#2069,#2070,#936,.T.);
#2347=EDGE_CURVE('',#2070,#2068,#937,.T.);
#2348=EDGE_CURVE('',#2071,#2072,#938,.T.);
#2349=EDGE_CURVE('',#2073,#2072,#939,.T.);
#2350=EDGE_CURVE('',#2074,#2073,#940,.T.);
#2351=EDGE_CURVE('',#2074,#2057,#941,.T.);
#2352=EDGE_CURVE('',#2057,#2071,#942,.T.);
#2353=EDGE_CURVE('',#2075,#2076,#943,.T.);
#2354=EDGE_CURVE('',#2077,#2075,#944,.T.);
#2355=EDGE_CURVE('',#2078,#2077,#945,.T.);
#2356=EDGE_CURVE('',#2079,#2078,#946,.T.);
#2357=EDGE_CURVE('',#2079,#2076,#947,.T.);
#2358=EDGE_CURVE('',#2080,#2081,#2786,.T.);
#2359=EDGE_CURVE('',#2081,#2082,#852,.T.);
#2360=EDGE_CURVE('',#2082,#2083,#2787,.T.);
#2361=EDGE_CURVE('',#2084,#2083,#853,.T.);
#2362=EDGE_CURVE('',#2085,#2084,#2788,.T.);
#2363=EDGE_CURVE('',#2086,#2085,#854,.T.);
#2364=EDGE_CURVE('',#2086,#2087,#2789,.T.);
#2365=EDGE_CURVE('',#2087,#2080,#855,.T.);
#2366=EDGE_CURVE('',#2084,#2088,#2790,.T.);
#2367=EDGE_CURVE('',#2089,#2088,#2791,.T.);
#2368=EDGE_CURVE('',#2085,#2089,#2792,.T.);
#2369=EDGE_CURVE('',#2090,#2091,#2793,.T.);
#2370=EDGE_CURVE('',#2081,#2091,#2794,.T.);
#2371=EDGE_CURVE('',#2080,#2090,#2795,.T.);
#2372=EDGE_CURVE('',#2088,#2092,#856,.T.);
#2373=EDGE_CURVE('',#2092,#2093,#912,.T.);
#2374=EDGE_CURVE('',#2091,#2093,#857,.T.);
#2375=EDGE_CURVE('',#2094,#2090,#858,.T.);
#2376=EDGE_CURVE('',#2095,#2094,#913,.T.);
#2377=EDGE_CURVE('',#2095,#2089,#859,.T.);
#2378=EDGE_CURVE('',#2096,#2097,#2796,.T.);
#2379=EDGE_CURVE('',#2083,#2096,#2797,.T.);
#2380=EDGE_CURVE('',#2083,#2086,#2798,.T.);
#2381=EDGE_CURVE('',#2086,#2098,#2799,.T.);
#2382=EDGE_CURVE('',#2099,#2098,#2800,.T.);
#2383=EDGE_CURVE('',#2099,#2097,#948,.T.);
#2384=EDGE_CURVE('',#2097,#2100,#949,.T.);
#2385=EDGE_CURVE('',#2100,#2092,#914,.T.);
#2386=EDGE_CURVE('',#2092,#2096,#860,.T.);
#2387=EDGE_CURVE('',#2082,#2087,#2801,.T.);
#2388=EDGE_CURVE('',#2082,#2101,#2802,.T.);
#2389=EDGE_CURVE('',#2101,#2102,#950,.T.);
#2390=EDGE_CURVE('',#2103,#2102,#951,.T.);
#2391=EDGE_CURVE('',#2103,#2104,#952,.T.);
#2392=EDGE_CURVE('',#2087,#2104,#2803,.T.);
#2393=EDGE_CURVE('',#2105,#2106,#953,.T.);
#2394=EDGE_CURVE('',#2105,#2107,#954,.T.);
#2395=EDGE_CURVE('',#2100,#2107,#955,.T.);
#2396=EDGE_CURVE('',#2108,#2099,#956,.T.);
#2397=EDGE_CURVE('',#2108,#2109,#957,.T.);
#2398=EDGE_CURVE('',#2109,#2106,#958,.T.);
#2399=EDGE_CURVE('',#2102,#2110,#959,.T.);
#2400=EDGE_CURVE('',#2111,#2110,#960,.T.);
#2401=EDGE_CURVE('',#2112,#2111,#961,.T.);
#2402=EDGE_CURVE('',#2113,#2112,#962,.T.);
#2403=EDGE_CURVE('',#2113,#2114,#963,.T.);
#2404=EDGE_CURVE('',#2114,#2115,#964,.T.);
#2405=EDGE_CURVE('',#2116,#2115,#965,.T.);
#2406=EDGE_CURVE('',#2116,#2117,#966,.T.);
#2407=EDGE_CURVE('',#2117,#2103,#967,.T.);
#2408=EDGE_CURVE('',#2118,#2119,#968,.T.);
#2409=EDGE_CURVE('',#2119,#2105,#2804,.T.);
#2410=EDGE_CURVE('',#2106,#2118,#2805,.T.);
#2411=EDGE_CURVE('',#2113,#2120,#2806,.T.);
#2412=EDGE_CURVE('',#2121,#2120,#969,.T.);
#2413=EDGE_CURVE('',#2121,#2114,#2807,.T.);
#2414=EDGE_CURVE('',#2122,#2123,#970,.T.);
#2415=EDGE_CURVE('',#2124,#2123,#971,.T.);
#2416=EDGE_CURVE('',#2125,#2124,#972,.T.);
#2417=EDGE_CURVE('',#2126,#2125,#973,.T.);
#2418=EDGE_CURVE('',#2126,#2119,#974,.T.);
#2419=EDGE_CURVE('',#2118,#2127,#975,.T.);
#2420=EDGE_CURVE('',#2128,#2127,#976,.T.);
#2421=EDGE_CURVE('',#2129,#2128,#977,.T.);
#2422=EDGE_CURVE('',#2122,#2129,#978,.T.);
#2423=EDGE_CURVE('',#2120,#2130,#979,.T.);
#2424=EDGE_CURVE('',#2130,#2131,#980,.T.);
#2425=EDGE_CURVE('',#2131,#2132,#981,.T.);
#2426=EDGE_CURVE('',#2132,#2133,#982,.T.);
#2427=EDGE_CURVE('',#2133,#2134,#983,.T.);
#2428=EDGE_CURVE('',#2134,#2135,#984,.T.);
#2429=EDGE_CURVE('',#2135,#2136,#985,.T.);
#2430=EDGE_CURVE('',#2136,#2137,#986,.T.);
#2431=EDGE_CURVE('',#2137,#2121,#987,.T.);
#2432=EDGE_CURVE('',#2134,#2133,#861,.T.);
#2433=EDGE_CURVE('',#2123,#2133,#988,.T.);
#2434=EDGE_CURVE('',#2134,#2122,#989,.T.);
#2435=EDGE_CURVE('',#2066,#2138,#990,.T.);
#2436=EDGE_CURVE('',#2138,#2139,#862,.T.);
#2437=EDGE_CURVE('',#2140,#2139,#991,.T.);
#2438=EDGE_CURVE('',#2140,#2141,#992,.T.);
#2439=EDGE_CURVE('',#2141,#2142,#993,.T.);
#2440=EDGE_CURVE('',#2143,#2142,#994,.T.);
#2441=EDGE_CURVE('',#2143,#2144,#995,.T.);
#2442=EDGE_CURVE('',#2144,#2145,#863,.T.);
#2443=EDGE_CURVE('',#2146,#2145,#147,.T.);
#2444=EDGE_CURVE('',#2067,#2146,#864,.T.);
#2445=EDGE_CURVE('',#2147,#2148,#996,.T.);
#2446=EDGE_CURVE('',#2148,#2149,#997,.T.);
#2447=EDGE_CURVE('',#2150,#2149,#865,.T.);
#2448=EDGE_CURVE('',#2151,#2150,#998,.T.);
#2449=EDGE_CURVE('',#2151,#2152,#999,.T.);
#2450=EDGE_CURVE('',#2153,#2152,#2808,.T.);
#2451=EDGE_CURVE('',#2153,#2154,#1000,.T.);
#2452=EDGE_CURVE('',#2147,#2154,#2809,.T.);
#2453=EDGE_CURVE('',#2155,#2156,#1001,.T.);
#2454=EDGE_CURVE('',#2156,#2157,#1002,.T.);
#2455=EDGE_CURVE('',#2157,#2158,#866,.T.);
#2456=EDGE_CURVE('',#2159,#2158,#1003,.T.);
#2457=EDGE_CURVE('',#2159,#2160,#1004,.T.);
#2458=EDGE_CURVE('',#2161,#2160,#2810,.T.);
#2459=EDGE_CURVE('',#2161,#2162,#1005,.T.);
#2460=EDGE_CURVE('',#2155,#2162,#2811,.T.);
#2461=EDGE_CURVE('',#2163,#2140,#1006,.T.);
#2462=EDGE_CURVE('',#2163,#2142,#1007,.T.);
#2463=EDGE_CURVE('',#2163,#2164,#1008,.T.);
#2464=EDGE_CURVE('',#2142,#2164,#1009,.T.);
#2465=EDGE_CURVE('',#2165,#2163,#915,.T.);
#2466=EDGE_CURVE('',#2166,#2165,#1010,.T.);
#2467=EDGE_CURVE('',#2167,#2166,#1011,.T.);
#2468=EDGE_CURVE('',#2168,#2167,#148,.T.);
#2469=EDGE_CURVE('',#2169,#2168,#1012,.T.);
#2470=EDGE_CURVE('',#2169,#2170,#149,.T.);
#2471=EDGE_CURVE('',#2170,#2171,#1013,.T.);
#2472=EDGE_CURVE('',#2172,#2171,#1014,.T.);
#2473=EDGE_CURVE('',#2172,#2173,#1015,.T.);
#2474=EDGE_CURVE('',#2173,#2174,#150,.T.);
#2475=EDGE_CURVE('',#2174,#2175,#1016,.T.);
#2476=EDGE_CURVE('',#2175,#2176,#1017,.T.);
#2477=EDGE_CURVE('',#2176,#2177,#1018,.T.);
#2478=EDGE_CURVE('',#2177,#2164,#1019,.T.);
#2479=EDGE_CURVE('',#2178,#2170,#151,.T.);
#2480=EDGE_CURVE('',#2072,#2178,#152,.T.);
#2481=EDGE_CURVE('',#2179,#2072,#2812,.T.);
#2482=EDGE_CURVE('',#2180,#2179,#1020,.T.);
#2483=EDGE_CURVE('',#2181,#2180,#1021,.T.);
#2484=EDGE_CURVE('',#2171,#2181,#1022,.T.);
#2485=EDGE_CURVE('',#2182,#2183,#867,.T.);
#2486=EDGE_CURVE('',#2184,#2183,#2813,.T.);
#2487=EDGE_CURVE('',#2185,#2184,#868,.T.);
#2488=EDGE_CURVE('',#2185,#2182,#2814,.T.);
#2489=EDGE_CURVE('',#2186,#2054,#1023,.T.);
#2490=EDGE_CURVE('',#2055,#2187,#869,.T.);
#2491=EDGE_CURVE('',#2187,#2188,#2815,.T.);
#2492=EDGE_CURVE('',#2188,#2189,#2816,.T.);
#2493=EDGE_CURVE('',#2183,#2189,#2817,.T.);
#2494=EDGE_CURVE('',#2186,#2182,#2818,.T.);
#2495=EDGE_CURVE('',#2190,#2055,#2819,.T.);
#2496=EDGE_CURVE('',#2190,#2191,#870,.T.);
#2497=EDGE_CURVE('',#2191,#2187,#2820,.T.);
#2498=EDGE_CURVE('',#2184,#2192,#2821,.T.);
#2499=EDGE_CURVE('',#2192,#2193,#2822,.T.);
#2500=EDGE_CURVE('',#2191,#2193,#2823,.T.);
#2501=EDGE_CURVE('',#2194,#2190,#2824,.T.);
#2502=EDGE_CURVE('',#2195,#2194,#1024,.T.);
#2503=EDGE_CURVE('',#2195,#2185,#2825,.T.);
#2504=EDGE_CURVE('',#2196,#2197,#871,.T.);
#2505=EDGE_CURVE('',#2197,#2198,#2826,.T.);
#2506=EDGE_CURVE('',#2199,#2198,#872,.T.);
#2507=EDGE_CURVE('',#2196,#2199,#2827,.T.);
#2508=EDGE_CURVE('',#2200,#2201,#2828,.T.);
#2509=EDGE_CURVE('',#2201,#2202,#873,.T.);
#2510=EDGE_CURVE('',#2202,#2203,#2829,.T.);
#2511=EDGE_CURVE('',#2203,#2200,#874,.T.);
#2512=EDGE_CURVE('',#2197,#2204,#2830,.T.);
#2513=EDGE_CURVE('',#2205,#2196,#2831,.T.);
#2514=EDGE_CURVE('',#2204,#2205,#875,.T.);
#2515=EDGE_CURVE('',#2198,#2206,#2832,.T.);
#2516=EDGE_CURVE('',#2206,#2207,#876,.T.);
#2517=EDGE_CURVE('',#2208,#2207,#2833,.T.);
#2518=EDGE_CURVE('',#2209,#2208,#877,.T.);
#2519=EDGE_CURVE('',#2210,#2209,#2834,.T.);
#2520=EDGE_CURVE('',#2211,#2210,#878,.T.);
#2521=EDGE_CURVE('',#2199,#2211,#2835,.T.);
#2522=EDGE_CURVE('',#2202,#2210,#2836,.T.);
#2523=EDGE_CURVE('',#2201,#2211,#2837,.T.);
#2524=EDGE_CURVE('',#2199,#2082,#2838,.T.);
#2525=EDGE_CURVE('',#2207,#2087,#2839,.T.);
#2526=EDGE_CURVE('',#2207,#2199,#2840,.T.);
#2527=EDGE_CURVE('',#2211,#2083,#2841,.T.);
#2528=EDGE_CURVE('',#2208,#2211,#2842,.T.);
#2529=EDGE_CURVE('',#2208,#2086,#2843,.T.);
#2530=EDGE_CURVE('',#2212,#2213,#1025,.T.);
#2531=EDGE_CURVE('',#2214,#2212,#153,.T.);
#2532=EDGE_CURVE('',#2215,#2214,#154,.T.);
#2533=EDGE_CURVE('',#2216,#2215,#1026,.T.);
#2534=EDGE_CURVE('',#2217,#2216,#155,.T.);
#2535=EDGE_CURVE('',#2218,#2217,#916,.T.);
#2536=EDGE_CURVE('',#2219,#2218,#1027,.T.);
#2537=EDGE_CURVE('',#2065,#2219,#1028,.T.);
#2538=EDGE_CURVE('',#2068,#2220,#1029,.T.);
#2539=EDGE_CURVE('',#2221,#2220,#1030,.T.);
#2540=EDGE_CURVE('',#2222,#2221,#1031,.T.);
#2541=EDGE_CURVE('',#2223,#2222,#1032,.T.);
#2542=EDGE_CURVE('',#2223,#2213,#1033,.T.);
#2543=EDGE_CURVE('',#2224,#2078,#2844,.T.);
#2544=EDGE_CURVE('',#2225,#2078,#156,.T.);
#2545=EDGE_CURVE('',#2212,#2225,#157,.T.);
#2546=EDGE_CURVE('',#2213,#2224,#1034,.T.);
#2547=EDGE_CURVE('',#2226,#2224,#1035,.T.);
#2548=EDGE_CURVE('',#2079,#2226,#2845,.T.);
#2549=EDGE_CURVE('',#2227,#2179,#2846,.T.);
#2550=EDGE_CURVE('',#2228,#2071,#2847,.T.);
#2551=EDGE_CURVE('',#2228,#2227,#1036,.T.);
#2552=EDGE_CURVE('',#2229,#2194,#1037,.T.);
#2553=EDGE_CURVE('',#2190,#2230,#879,.T.);
#2554=EDGE_CURVE('',#2230,#2231,#2848,.T.);
#2555=EDGE_CURVE('',#2232,#2231,#880,.T.);
#2556=EDGE_CURVE('',#2232,#2233,#1038,.T.);
#2557=EDGE_CURVE('',#2076,#2233,#917,.T.);
#2558=EDGE_CURVE('',#2229,#2076,#1039,.T.);
#2559=EDGE_CURVE('',#2234,#2146,#1040,.T.);
#2560=EDGE_CURVE('',#2070,#2234,#1041,.T.);
#2561=EDGE_CURVE('',#2146,#2069,#1042,.T.);
#2562=EDGE_CURVE('',#2234,#2235,#1043,.T.);
#2563=EDGE_CURVE('',#2235,#2236,#1044,.T.);
#2564=EDGE_CURVE('',#2220,#2236,#1045,.T.);
#2565=EDGE_CURVE('',#2226,#2076,#1046,.T.);
#2566=EDGE_CURVE('',#2224,#2237,#1047,.T.);
#2567=EDGE_CURVE('',#2237,#2238,#1048,.T.);
#2568=EDGE_CURVE('',#2238,#2076,#1049,.T.);
#2569=EDGE_CURVE('',#2057,#2228,#1050,.T.);
#2570=EDGE_CURVE('',#2239,#2057,#1051,.T.);
#2571=EDGE_CURVE('',#2239,#2240,#1052,.T.);
#2572=EDGE_CURVE('',#2240,#2227,#1053,.T.);
#2573=EDGE_CURVE('',#2224,#2241,#1054,.T.);
#2574=EDGE_CURVE('',#2242,#2241,#1055,.T.);
#2575=EDGE_CURVE('',#2237,#2242,#1056,.T.);
#2576=EDGE_CURVE('',#2098,#2095,#881,.T.);
#2577=EDGE_CURVE('',#2104,#2243,#1057,.T.);
#2578=EDGE_CURVE('',#2243,#2244,#882,.T.);
#2579=EDGE_CURVE('',#2244,#2094,#883,.T.);
#2580=EDGE_CURVE('',#2094,#2245,#1058,.T.);
#2581=EDGE_CURVE('',#2245,#2109,#1059,.T.);
#2582=EDGE_CURVE('',#2108,#2095,#918,.T.);
#2583=EDGE_CURVE('',#2243,#2244,#1060,.T.);
#2584=EDGE_CURVE('',#2246,#2117,#1061,.T.);
#2585=EDGE_CURVE('',#2116,#2247,#1062,.T.);
#2586=EDGE_CURVE('',#2247,#2246,#1063,.T.);
#2587=EDGE_CURVE('',#2248,#2114,#919,.T.);
#2588=EDGE_CURVE('',#2248,#2115,#1064,.T.);
#2589=EDGE_CURVE('',#2245,#2247,#1065,.T.);
#2590=EDGE_CURVE('',#2248,#2249,#2849,.T.);
#2591=EDGE_CURVE('',#2106,#2249,#1066,.T.);
#2592=EDGE_CURVE('',#2250,#2251,#2850,.T.);
#2593=EDGE_CURVE('',#2250,#2252,#2851,.T.);
#2594=EDGE_CURVE('',#2253,#2252,#2852,.T.);
#2595=EDGE_CURVE('',#2251,#2253,#2853,.T.);
#2596=EDGE_CURVE('',#2253,#2254,#1067,.T.);
#2597=EDGE_CURVE('',#2254,#2255,#2854,.T.);
#2598=EDGE_CURVE('',#2251,#2255,#2855,.T.);
#2599=EDGE_CURVE('',#2256,#2250,#2856,.T.);
#2600=EDGE_CURVE('',#2256,#2257,#2857,.T.);
#2601=EDGE_CURVE('',#2257,#2252,#1068,.T.);
#2602=EDGE_CURVE('',#2114,#2256,#884,.T.);
#2603=EDGE_CURVE('',#2255,#2249,#885,.T.);
#2604=EDGE_CURVE('',#2127,#2137,#1069,.T.);
#2605=EDGE_CURVE('',#2127,#2254,#886,.T.);
#2606=EDGE_CURVE('',#2257,#2137,#887,.T.);
#2607=EDGE_CURVE('',#2258,#2259,#2858,.T.);
#2608=EDGE_CURVE('',#2260,#2258,#2859,.T.);
#2609=EDGE_CURVE('',#2260,#2261,#2860,.T.);
#2610=EDGE_CURVE('',#2261,#2259,#2861,.T.);
#2611=EDGE_CURVE('',#2136,#2128,#1070,.T.);
#2612=EDGE_CURVE('',#2129,#2135,#1071,.T.);
#2613=EDGE_CURVE('',#2262,#2258,#920,.T.);
#2614=EDGE_CURVE('',#2263,#2262,#2862,.T.);
#2615=EDGE_CURVE('',#2260,#2263,#2863,.T.);
#2616=EDGE_CURVE('',#2264,#2263,#2864,.T.);
#2617=EDGE_CURVE('',#2264,#2265,#2865,.T.);
#2618=EDGE_CURVE('',#2265,#2266,#2866,.T.);
#2619=EDGE_CURVE('',#2261,#2266,#2867,.T.);
#2620=EDGE_CURVE('',#2267,#2259,#921,.T.);
#2621=EDGE_CURVE('',#2266,#2267,#2868,.T.);
#2622=EDGE_CURVE('',#2268,#2269,#2869,.T.);
#2623=EDGE_CURVE('',#2262,#2268,#1072,.T.);
#2624=EDGE_CURVE('',#2267,#2269,#1073,.T.);
#2625=EDGE_CURVE('',#2270,#2147,#1074,.T.);
#2626=EDGE_CURVE('',#2264,#2154,#1075,.T.);
#2627=EDGE_CURVE('',#2270,#2268,#158,.T.);
#2628=EDGE_CURVE('',#2265,#2153,#1076,.T.);
#2629=EDGE_CURVE('',#2271,#2152,#1077,.T.);
#2630=EDGE_CURVE('',#2271,#2269,#1078,.T.);
#2631=EDGE_CURVE('',#2151,#2271,#1079,.T.);
#2632=EDGE_CURVE('',#2150,#2271,#1080,.T.);
#2633=EDGE_CURVE('',#2149,#2270,#159,.T.);
#2634=EDGE_CURVE('',#2148,#2270,#1081,.T.);
#2635=EDGE_CURVE('',#2272,#2239,#1082,.T.);
#2636=EDGE_CURVE('',#2272,#2242,#1083,.T.);
#2637=EDGE_CURVE('',#2242,#2240,#1084,.T.);
#2638=EDGE_CURVE('',#2238,#2272,#2870,.T.);
#2639=EDGE_CURVE('',#2213,#2273,#888,.T.);
#2640=EDGE_CURVE('',#2241,#2273,#889,.T.);
#2641=EDGE_CURVE('',#2241,#2227,#1085,.T.);
#2642=EDGE_CURVE('',#2221,#2274,#160,.T.);
#2643=EDGE_CURVE('',#2236,#2275,#1086,.T.);
#2644=EDGE_CURVE('',#2274,#2275,#1087,.T.);
#2645=EDGE_CURVE('',#2222,#2276,#161,.T.);
#2646=EDGE_CURVE('',#2276,#2274,#162,.T.);
#2647=EDGE_CURVE('',#2223,#2277,#163,.T.);
#2648=EDGE_CURVE('',#2277,#2276,#164,.T.);
#2649=EDGE_CURVE('',#2273,#2277,#165,.T.);
#2650=EDGE_CURVE('',#2273,#2172,#890,.T.);
#2651=EDGE_CURVE('',#2278,#2172,#1088,.T.);
#2652=EDGE_CURVE('',#2227,#2278,#1089,.T.);
#2653=EDGE_CURVE('',#2235,#2279,#1090,.T.);
#2654=EDGE_CURVE('',#2275,#2279,#1091,.T.);
#2655=EDGE_CURVE('',#2279,#2177,#1092,.T.);
#2656=EDGE_CURVE('',#2275,#2176,#1093,.T.);
#2657=EDGE_CURVE('',#2274,#2175,#166,.T.);
#2658=EDGE_CURVE('',#2276,#2174,#167,.T.);
#2659=EDGE_CURVE('',#2277,#2173,#168,.T.);
#2660=EDGE_CURVE('',#2145,#2234,#169,.T.);
#2661=EDGE_CURVE('',#2279,#2144,#1094,.T.);
#2662=EDGE_CURVE('',#2143,#2164,#1095,.T.);
#2663=EDGE_CURVE('',#2059,#2280,#1096,.T.);
#2664=EDGE_CURVE('',#2281,#2280,#891,.T.);
#2665=EDGE_CURVE('',#2060,#2281,#2871,.T.);
#2666=EDGE_CURVE('',#2282,#2281,#2872,.T.);
#2667=EDGE_CURVE('',#2061,#2282,#2873,.T.);
#2668=EDGE_CURVE('',#2282,#2283,#892,.T.);
#2669=EDGE_CURVE('',#2230,#2283,#2874,.T.);
#2670=EDGE_CURVE('',#2055,#2190,#893,.T.);
#2671=EDGE_CURVE('',#2283,#2284,#2875,.T.);
#2672=EDGE_CURVE('',#2231,#2284,#2876,.T.);
#2673=EDGE_CURVE('',#2285,#2284,#894,.T.);
#2674=EDGE_CURVE('',#2285,#2232,#1097,.T.);
#2675=EDGE_CURVE('',#2280,#2286,#1098,.T.);
#2676=EDGE_CURVE('',#2286,#2058,#1099,.T.);
#2677=EDGE_CURVE('',#2287,#2285,#1100,.T.);
#2678=EDGE_CURVE('',#2233,#2287,#1101,.T.);
#2679=EDGE_CURVE('',#2288,#2286,#922,.T.);
#2680=EDGE_CURVE('',#2074,#2288,#923,.T.);
#2681=EDGE_CURVE('',#2289,#2074,#2877,.T.);
#2682=EDGE_CURVE('',#2075,#2289,#2878,.T.);
#2683=EDGE_CURVE('',#2075,#2290,#924,.T.);
#2684=EDGE_CURVE('',#2290,#2287,#925,.T.);
#2685=EDGE_CURVE('',#2239,#2186,#1102,.T.);
#2686=EDGE_CURVE('',#2238,#2195,#1103,.T.);
#2687=EDGE_CURVE('',#2204,#2206,#2879,.T.);
#2688=EDGE_CURVE('',#2205,#2207,#2880,.T.);
#2689=EDGE_CURVE('',#2203,#2209,#2881,.T.);
#2690=EDGE_CURVE('',#2200,#2208,#2882,.T.);
#2691=EDGE_CURVE('',#2244,#2246,#1104,.T.);
#2692=EDGE_CURVE('',#2117,#2244,#1105,.T.);
#2693=EDGE_CURVE('',#2193,#2188,#895,.T.);
#2694=EDGE_CURVE('',#2189,#2192,#896,.T.);
#2695=EDGE_CURVE('',#2291,#2292,#2883,.T.);
#2696=EDGE_CURVE('',#2292,#2293,#2884,.T.);
#2697=EDGE_CURVE('',#2293,#2294,#2885,.T.);
#2698=EDGE_CURVE('',#2294,#2291,#2886,.T.);
#2699=EDGE_CURVE('',#2295,#2296,#2887,.T.);
#2700=EDGE_CURVE('',#2297,#2296,#2888,.T.);
#2701=EDGE_CURVE('',#2298,#2297,#2889,.T.);
#2702=EDGE_CURVE('',#2298,#2295,#2890,.T.);
#2703=EDGE_CURVE('',#2299,#2093,#1106,.T.);
#2704=EDGE_CURVE('',#2300,#2299,#1107,.T.);
#2705=EDGE_CURVE('',#2301,#2300,#1108,.T.);
#2706=EDGE_CURVE('',#2301,#2302,#1109,.T.);
#2707=EDGE_CURVE('',#2093,#2302,#897,.T.);
#2708=EDGE_CURVE('',#2110,#2301,#1110,.T.);
#2709=EDGE_CURVE('',#2302,#2110,#1111,.T.);
#2710=EDGE_CURVE('',#2302,#2303,#898,.T.);
#2711=EDGE_CURVE('',#2302,#2303,#1112,.T.);
#2712=EDGE_CURVE('',#2304,#2294,#2891,.T.);
#2713=EDGE_CURVE('',#2304,#2305,#2892,.T.);
#2714=EDGE_CURVE('',#2305,#2291,#1113,.T.);
#2715=EDGE_CURVE('',#2305,#2126,#899,.T.);
#2716=EDGE_CURVE('',#2130,#2126,#1114,.T.);
#2717=EDGE_CURVE('',#2306,#2130,#900,.T.);
#2718=EDGE_CURVE('',#2292,#2306,#1115,.T.);
#2719=EDGE_CURVE('',#2306,#2307,#2893,.T.);
#2720=EDGE_CURVE('',#2293,#2307,#2894,.T.);
#2721=EDGE_CURVE('',#2307,#2308,#901,.T.);
#2722=EDGE_CURVE('',#2308,#2309,#1116,.T.);
#2723=EDGE_CURVE('',#2310,#2309,#2895,.T.);
#2724=EDGE_CURVE('',#2310,#2304,#902,.T.);
#2725=EDGE_CURVE('',#2311,#2296,#926,.T.);
#2726=EDGE_CURVE('',#2312,#2311,#2896,.T.);
#2727=EDGE_CURVE('',#2297,#2312,#2897,.T.);
#2728=EDGE_CURVE('',#2313,#2312,#2898,.T.);
#2729=EDGE_CURVE('',#2314,#2313,#2899,.T.);
#2730=EDGE_CURVE('',#2314,#2315,#2900,.T.);
#2731=EDGE_CURVE('',#2298,#2315,#2901,.T.);
#2732=EDGE_CURVE('',#2316,#2295,#927,.T.);
#2733=EDGE_CURVE('',#2315,#2316,#2902,.T.);
#2734=EDGE_CURVE('',#2317,#2318,#2903,.T.);
#2735=EDGE_CURVE('',#2311,#2318,#1117,.T.);
#2736=EDGE_CURVE('',#2316,#2317,#1118,.T.);
#2737=EDGE_CURVE('',#2319,#2320,#903,.T.);
#2738=EDGE_CURVE('',#2319,#2073,#2904,.T.);
#2739=EDGE_CURVE('',#2320,#2072,#2905,.T.);
#2740=EDGE_CURVE('',#2077,#2319,#2906,.T.);
#2741=EDGE_CURVE('',#2078,#2320,#2907,.T.);
#2742=EDGE_CURVE('',#2303,#2101,#1119,.T.);
#2743=EDGE_CURVE('',#2107,#2299,#1120,.T.);
#2744=EDGE_CURVE('',#2308,#2112,#1121,.T.);
#2745=EDGE_CURVE('',#2308,#2113,#1122,.T.);
#2746=EDGE_CURVE('',#2111,#2300,#1123,.T.);
#2747=EDGE_CURVE('',#2105,#2321,#1124,.T.);
#2748=EDGE_CURVE('',#2310,#2321,#1125,.T.);
#2749=EDGE_CURVE('',#2125,#2131,#1126,.T.);
#2750=EDGE_CURVE('',#2132,#2124,#1127,.T.);
#2751=EDGE_CURVE('',#2138,#2065,#1128,.T.);
#2752=EDGE_CURVE('',#2322,#2155,#1129,.T.);
#2753=EDGE_CURVE('',#2313,#2162,#1130,.T.);
#2754=EDGE_CURVE('',#2322,#2318,#170,.T.);
#2755=EDGE_CURVE('',#2314,#2161,#1131,.T.);
#2756=EDGE_CURVE('',#2323,#2160,#1132,.T.);
#2757=EDGE_CURVE('',#2323,#2317,#1133,.T.);
#2758=EDGE_CURVE('',#2159,#2323,#1134,.T.);
#2759=EDGE_CURVE('',#2158,#2323,#1135,.T.);
#2760=EDGE_CURVE('',#2157,#2322,#171,.T.);
#2761=EDGE_CURVE('',#2156,#2322,#1136,.T.);
#2762=EDGE_CURVE('',#2324,#2170,#904,.T.);
#2763=EDGE_CURVE('',#2325,#2169,#1137,.T.);
#2764=EDGE_CURVE('',#2324,#2325,#905,.T.);
#2765=EDGE_CURVE('',#2325,#2326,#1138,.T.);
#2766=EDGE_CURVE('',#2326,#2168,#1139,.T.);
#2767=EDGE_CURVE('',#2326,#2327,#906,.T.);
#2768=EDGE_CURVE('',#2327,#2167,#1140,.T.);
#2769=EDGE_CURVE('',#2327,#2328,#1141,.T.);
#2770=EDGE_CURVE('',#2328,#2166,#1142,.T.);
#2771=EDGE_CURVE('',#2328,#2329,#1143,.T.);
#2772=EDGE_CURVE('',#2329,#2165,#1144,.T.);
#2773=EDGE_CURVE('',#2329,#2139,#1145,.T.);
#2774=EDGE_CURVE('',#2320,#2324,#907,.T.);
#2775=EDGE_CURVE('',#2219,#2329,#1146,.T.);
#2776=EDGE_CURVE('',#2218,#2328,#1147,.T.);
#2777=EDGE_CURVE('',#2217,#2327,#1148,.T.);
#2778=EDGE_CURVE('',#2216,#2326,#172,.T.);
#2779=EDGE_CURVE('',#2215,#2325,#1149,.T.);
#2780=EDGE_CURVE('',#2212,#2324,#908,.T.);
#2781=EDGE_CURVE('',#2289,#2319,#909,.T.);
#2782=LINE('',#3767,#2908);
#2783=LINE('',#3810,#2909);
#2784=LINE('',#3850,#2910);
#2785=LINE('',#3852,#2911);
#2786=LINE('',#4204,#2912);
#2787=LINE('',#4209,#2913);
#2788=LINE('',#4213,#2914);
#2789=LINE('',#4217,#2915);
#2790=LINE('',#4221,#2916);
#2791=LINE('',#4223,#2917);
#2792=LINE('',#4225,#2918);
#2793=LINE('',#4227,#2919);
#2794=LINE('',#4230,#2920);
#2795=LINE('',#4231,#2921);
#2796=LINE('',#4244,#2922);
#2797=LINE('',#4247,#2923);
#2798=LINE('',#4248,#2924);
#2799=LINE('',#4249,#2925);
#2800=LINE('',#4251,#2926);
#2801=LINE('',#4269,#2927);
#2802=LINE('',#4270,#2928);
#2803=LINE('',#4341,#2929);
#2804=LINE('',#4958,#2930);
#2805=LINE('',#4959,#2931);
#2806=LINE('',#4961,#2932);
#2807=LINE('',#4981,#2933);
#2808=LINE('',#5698,#2934);
#2809=LINE('',#5723,#2935);
#2810=LINE('',#5771,#2936);
#2811=LINE('',#5796,#2937);
#2812=LINE('',#6182,#2938);
#2813=LINE('',#6202,#2939);
#2814=LINE('',#6206,#2940);
#2815=LINE('',#6215,#2941);
#2816=LINE('',#6217,#2942);
#2817=LINE('',#6219,#2943);
#2818=LINE('',#6220,#2944);
#2819=LINE('',#6222,#2945);
#2820=LINE('',#6226,#2946);
#2821=LINE('',#6228,#2947);
#2822=LINE('',#6230,#2948);
#2823=LINE('',#6232,#2949);
#2824=LINE('',#6233,#2950);
#2825=LINE('',#6240,#2951);
#2826=LINE('',#6245,#2952);
#2827=LINE('',#6249,#2953);
#2828=LINE('',#6251,#2954);
#2829=LINE('',#6256,#2955);
#2830=LINE('',#6259,#2956);
#2831=LINE('',#6261,#2957);
#2832=LINE('',#6265,#2958);
#2833=LINE('',#6269,#2959);
#2834=LINE('',#6273,#2960);
#2835=LINE('',#6277,#2961);
#2836=LINE('',#6279,#2962);
#2837=LINE('',#6280,#2963);
#2838=LINE('',#6282,#2964);
#2839=LINE('',#6283,#2965);
#2840=LINE('',#6284,#2966);
#2841=LINE('',#6286,#2967);
#2842=LINE('',#6288,#2968);
#2843=LINE('',#6289,#2969);
#2844=LINE('',#6392,#2970);
#2845=LINE('',#6417,#2971);
#2846=LINE('',#6419,#2972);
#2847=LINE('',#6421,#2973);
#2848=LINE('',#6438,#2974);
#2849=LINE('',#7701,#2975);
#2850=LINE('',#7708,#2976);
#2851=LINE('',#7711,#2977);
#2852=LINE('',#7713,#2978);
#2853=LINE('',#7715,#2979);
#2854=LINE('',#7722,#2980);
#2855=LINE('',#7724,#2981);
#2856=LINE('',#7726,#2982);
#2857=LINE('',#7728,#2983);
#2858=LINE('',#7746,#2984);
#2859=LINE('',#7749,#2985);
#2860=LINE('',#7751,#2986);
#2861=LINE('',#7753,#2987);
#2862=LINE('',#7794,#2988);
#2863=LINE('',#7796,#2989);
#2864=LINE('',#7798,#2990);
#2865=LINE('',#7800,#2991);
#2866=LINE('',#7802,#2992);
#2867=LINE('',#7804,#2993);
#2868=LINE('',#7808,#2994);
#2869=LINE('',#7810,#2995);
#2870=LINE('',#7909,#2996);
#2871=LINE('',#9394,#2997);
#2872=LINE('',#9396,#2998);
#2873=LINE('',#9398,#2999);
#2874=LINE('',#9402,#3000);
#2875=LINE('',#9405,#3001);
#2876=LINE('',#9407,#3002);
#2877=LINE('',#9493,#3003);
#2878=LINE('',#9495,#3004);
#2879=LINE('',#9543,#3005);
#2880=LINE('',#9545,#3006);
#2881=LINE('',#9548,#3007);
#2882=LINE('',#9550,#3008);
#2883=LINE('',#9660,#3009);
#2884=LINE('',#9663,#3010);
#2885=LINE('',#9665,#3011);
#2886=LINE('',#9667,#3012);
#2887=LINE('',#9669,#3013);
#2888=LINE('',#9672,#3014);
#2889=LINE('',#9674,#3015);
#2890=LINE('',#9676,#3016);
#2891=LINE('',#9792,#3017);
#2892=LINE('',#9794,#3018);
#2893=LINE('',#9813,#3019);
#2894=LINE('',#9815,#3020);
#2895=LINE('',#9824,#3021);
#2896=LINE('',#9830,#3022);
#2897=LINE('',#9832,#3023);
#2898=LINE('',#9834,#3024);
#2899=LINE('',#9836,#3025);
#2900=LINE('',#9838,#3026);
#2901=LINE('',#9840,#3027);
#2902=LINE('',#9844,#3028);
#2903=LINE('',#9846,#3029);
#2904=LINE('',#9861,#3030);
#2905=LINE('',#9862,#3031);
#2906=LINE('',#9864,#3032);
#2907=LINE('',#9865,#3033);
#2908=VECTOR('',#3238,1.);
#2909=VECTOR('',#3243,1.);
#2910=VECTOR('',#3252,1.);
#2911=VECTOR('',#3253,1.);
#2912=VECTOR('',#3256,1.);
#2913=VECTOR('',#3259,1.);
#2914=VECTOR('',#3262,1.);
#2915=VECTOR('',#3265,1.);
#2916=VECTOR('',#3270,1.);
#2917=VECTOR('',#3271,1.);
#2918=VECTOR('',#3272,1.);
#2919=VECTOR('',#3275,1.);
#2920=VECTOR('',#3276,1.);
#2921=VECTOR('',#3277,1.);
#2922=VECTOR('',#3294,1.);
#2923=VECTOR('',#3295,1.);
#2924=VECTOR('',#3296,1.);
#2925=VECTOR('',#3297,1.);
#2926=VECTOR('',#3298,1.);
#2927=VECTOR('',#3307,1.);
#2928=VECTOR('',#3308,1.);
#2929=VECTOR('',#3309,1.);
#2930=VECTOR('',#3312,1.);
#2931=VECTOR('',#3313,1.);
#2932=VECTOR('',#3316,1.);
#2933=VECTOR('',#3317,1.);
#2934=VECTOR('',#3332,1.);
#2935=VECTOR('',#3333,1.);
#2936=VECTOR('',#3336,1.);
#2937=VECTOR('',#3337,1.);
#2938=VECTOR('',#3346,1.);
#2939=VECTOR('',#3351,1.);
#2940=VECTOR('',#3354,1.);
#2941=VECTOR('',#3359,1.);
#2942=VECTOR('',#3360,1.);
#2943=VECTOR('',#3361,1.);
#2944=VECTOR('',#3362,1.);
#2945=VECTOR('',#3365,1.);
#2946=VECTOR('',#3368,1.);
#2947=VECTOR('',#3371,1.);
#2948=VECTOR('',#3372,1.);
#2949=VECTOR('',#3373,1.);
#2950=VECTOR('',#3374,1.);
#2951=VECTOR('',#3375,1.);
#2952=VECTOR('',#3380,1.);
#2953=VECTOR('',#3383,1.);
#2954=VECTOR('',#3386,1.);
#2955=VECTOR('',#3389,1.);
#2956=VECTOR('',#3392,1.);
#2957=VECTOR('',#3393,1.);
#2958=VECTOR('',#3398,1.);
#2959=VECTOR('',#3401,1.);
#2960=VECTOR('',#3404,1.);
#2961=VECTOR('',#3407,1.);
#2962=VECTOR('',#3410,1.);
#2963=VECTOR('',#3411,1.);
#2964=VECTOR('',#3414,1.);
#2965=VECTOR('',#3415,1.);
#2966=VECTOR('',#3416,1.);
#2967=VECTOR('',#3419,1.);
#2968=VECTOR('',#3422,1.);
#2969=VECTOR('',#3423,1.);
#2970=VECTOR('',#3430,1.);
#2971=VECTOR('',#3433,1.);
#2972=VECTOR('',#3436,1.);
#2973=VECTOR('',#3437,1.);
#2974=VECTOR('',#3442,1.);
#2975=VECTOR('',#3481,1.);
#2976=VECTOR('',#3484,1.);
#2977=VECTOR('',#3485,1.);
#2978=VECTOR('',#3486,1.);
#2979=VECTOR('',#3487,1.);
#2980=VECTOR('',#3490,1.);
#2981=VECTOR('',#3491,1.);
#2982=VECTOR('',#3494,1.);
#2983=VECTOR('',#3495,1.);
#2984=VECTOR('',#3512,1.);
#2985=VECTOR('',#3513,1.);
#2986=VECTOR('',#3514,1.);
#2987=VECTOR('',#3515,1.);
#2988=VECTOR('',#3522,1.);
#2989=VECTOR('',#3523,1.);
#2990=VECTOR('',#3526,1.);
#2991=VECTOR('',#3527,1.);
#2992=VECTOR('',#3528,1.);
#2993=VECTOR('',#3529,1.);
#2994=VECTOR('',#3534,1.);
#2995=VECTOR('',#3537,1.);
#2996=VECTOR('',#3552,1.);
#2997=VECTOR('',#3575,1.);
#2998=VECTOR('',#3578,1.);
#2999=VECTOR('',#3579,1.);
#3000=VECTOR('',#3584,1.);
#3001=VECTOR('',#3589,1.);
#3002=VECTOR('',#3590,1.);
#3003=VECTOR('',#3601,1.);
#3004=VECTOR('',#3602,1.);
#3005=VECTOR('',#3615,1.);
#3006=VECTOR('',#3618,1.);
#3007=VECTOR('',#3623,1.);
#3008=VECTOR('',#3626,1.);
#3009=VECTOR('',#3643,1.);
#3010=VECTOR('',#3644,1.);
#3011=VECTOR('',#3645,1.);
#3012=VECTOR('',#3646,1.);
#3013=VECTOR('',#3649,1.);
#3014=VECTOR('',#3650,1.);
#3015=VECTOR('',#3651,1.);
#3016=VECTOR('',#3652,1.);
#3017=VECTOR('',#3661,1.);
#3018=VECTOR('',#3662,1.);
#3019=VECTOR('',#3671,1.);
#3020=VECTOR('',#3672,1.);
#3021=VECTOR('',#3677,1.);
#3022=VECTOR('',#3684,1.);
#3023=VECTOR('',#3685,1.);
#3024=VECTOR('',#3688,1.);
#3025=VECTOR('',#3689,1.);
#3026=VECTOR('',#3690,1.);
#3027=VECTOR('',#3691,1.);
#3028=VECTOR('',#3696,1.);
#3029=VECTOR('',#3699,1.);
#3030=VECTOR('',#3704,1.);
#3031=VECTOR('',#3705,1.);
#3032=VECTOR('',#3708,1.);
#3033=VECTOR('',#3709,1.);
#3034=AXIS2_PLACEMENT_3D('',#3766,#3236,#3237);
#3035=AXIS2_PLACEMENT_3D('',#3789,#3239,#3240);
#3036=AXIS2_PLACEMENT_3D('',#3808,#3241,#3242);
#3037=AXIS2_PLACEMENT_3D('',#3812,#3244,#3245);
#3038=AXIS2_PLACEMENT_3D('',#3813,#3246,#3247);
#3039=AXIS2_PLACEMENT_3D('',#3825,#3248,#3249);
#3040=AXIS2_PLACEMENT_3D('',#3849,#3250,#3251);
#3041=AXIS2_PLACEMENT_3D('',#3865,#3254,#3255);
#3042=AXIS2_PLACEMENT_3D('',#4207,#3257,#3258);
#3043=AXIS2_PLACEMENT_3D('',#4211,#3260,#3261);
#3044=AXIS2_PLACEMENT_3D('',#4215,#3263,#3264);
#3045=AXIS2_PLACEMENT_3D('',#4219,#3266,#3267);
#3046=AXIS2_PLACEMENT_3D('',#4220,#3268,#3269);
#3047=AXIS2_PLACEMENT_3D('',#4226,#3273,#3274);
#3048=AXIS2_PLACEMENT_3D('',#4232,#3278,#3279);
#3049=AXIS2_PLACEMENT_3D('',#4233,#3280,#3281);
#3050=AXIS2_PLACEMENT_3D('',#4235,#3282,#3283);
#3051=AXIS2_PLACEMENT_3D('',#4237,#3284,#3285);
#3052=AXIS2_PLACEMENT_3D('',#4238,#3286,#3287);
#3053=AXIS2_PLACEMENT_3D('',#4240,#3288,#3289);
#3054=AXIS2_PLACEMENT_3D('',#4242,#3290,#3291);
#3055=AXIS2_PLACEMENT_3D('',#4243,#3292,#3293);
#3056=AXIS2_PLACEMENT_3D('',#4257,#3299,#3300);
#3057=AXIS2_PLACEMENT_3D('',#4266,#3301,#3302);
#3058=AXIS2_PLACEMENT_3D('',#4267,#3303,#3304);
#3059=AXIS2_PLACEMENT_3D('',#4268,#3305,#3306);
#3060=AXIS2_PLACEMENT_3D('',#4342,#3310,#3311);
#3061=AXIS2_PLACEMENT_3D('',#4960,#3314,#3315);
#3062=AXIS2_PLACEMENT_3D('',#4982,#3318,#3319);
#3063=AXIS2_PLACEMENT_3D('',#5574,#3320,#3321);
#3064=AXIS2_PLACEMENT_3D('',#5583,#3322,#3323);
#3065=AXIS2_PLACEMENT_3D('',#5589,#3324,#3325);
#3066=AXIS2_PLACEMENT_3D('',#5643,#3326,#3327);
#3067=AXIS2_PLACEMENT_3D('',#5650,#3328,#3329);
#3068=AXIS2_PLACEMENT_3D('',#5674,#3330,#3331);
#3069=AXIS2_PLACEMENT_3D('',#5747,#3334,#3335);
#3070=AXIS2_PLACEMENT_3D('',#5797,#3338,#3339);
#3071=AXIS2_PLACEMENT_3D('',#5809,#3340,#3341);
#3072=AXIS2_PLACEMENT_3D('',#6102,#3342,#3343);
#3073=AXIS2_PLACEMENT_3D('',#6174,#3344,#3345);
#3074=AXIS2_PLACEMENT_3D('',#6198,#3347,#3348);
#3075=AXIS2_PLACEMENT_3D('',#6199,#3349,#3350);
#3076=AXIS2_PLACEMENT_3D('',#6204,#3352,#3353);
#3077=AXIS2_PLACEMENT_3D('',#6207,#3355,#3356);
#3078=AXIS2_PLACEMENT_3D('',#6213,#3357,#3358);
#3079=AXIS2_PLACEMENT_3D('',#6221,#3363,#3364);
#3080=AXIS2_PLACEMENT_3D('',#6224,#3366,#3367);
#3081=AXIS2_PLACEMENT_3D('',#6227,#3369,#3370);
#3082=AXIS2_PLACEMENT_3D('',#6241,#3376,#3377);
#3083=AXIS2_PLACEMENT_3D('',#6242,#3378,#3379);
#3084=AXIS2_PLACEMENT_3D('',#6247,#3381,#3382);
#3085=AXIS2_PLACEMENT_3D('',#6250,#3384,#3385);
#3086=AXIS2_PLACEMENT_3D('',#6254,#3387,#3388);
#3087=AXIS2_PLACEMENT_3D('',#6258,#3390,#3391);
#3088=AXIS2_PLACEMENT_3D('',#6263,#3394,#3395);
#3089=AXIS2_PLACEMENT_3D('',#6264,#3396,#3397);
#3090=AXIS2_PLACEMENT_3D('',#6267,#3399,#3400);
#3091=AXIS2_PLACEMENT_3D('',#6271,#3402,#3403);
#3092=AXIS2_PLACEMENT_3D('',#6275,#3405,#3406);
#3093=AXIS2_PLACEMENT_3D('',#6278,#3408,#3409);
#3094=AXIS2_PLACEMENT_3D('',#6281,#3412,#3413);
#3095=AXIS2_PLACEMENT_3D('',#6285,#3417,#3418);
#3096=AXIS2_PLACEMENT_3D('',#6287,#3420,#3421);
#3097=AXIS2_PLACEMENT_3D('',#6290,#3424,#3425);
#3098=AXIS2_PLACEMENT_3D('',#6320,#3426,#3427);
#3099=AXIS2_PLACEMENT_3D('',#6391,#3428,#3429);
#3100=AXIS2_PLACEMENT_3D('',#6405,#3431,#3432);
#3101=AXIS2_PLACEMENT_3D('',#6418,#3434,#3435);
#3102=AXIS2_PLACEMENT_3D('',#6430,#3438,#3439);
#3103=AXIS2_PLACEMENT_3D('',#6436,#3440,#3441);
#3104=AXIS2_PLACEMENT_3D('',#6440,#3443,#3444);
#3105=AXIS2_PLACEMENT_3D('',#6459,#3445,#3446);
#3106=AXIS2_PLACEMENT_3D('',#6464,#3447,#3448);
#3107=AXIS2_PLACEMENT_3D('',#7616,#3449,#3450);
#3108=AXIS2_PLACEMENT_3D('',#7617,#3451,#3452);
#3109=AXIS2_PLACEMENT_3D('',#7618,#3453,#3454);
#3110=AXIS2_PLACEMENT_3D('',#7619,#3455,#3456);
#3111=AXIS2_PLACEMENT_3D('',#7620,#3457,#3458);
#3112=AXIS2_PLACEMENT_3D('',#7621,#3459,#3460);
#3113=AXIS2_PLACEMENT_3D('',#7630,#3461,#3462);
#3114=AXIS2_PLACEMENT_3D('',#7632,#3463,#3464);
#3115=AXIS2_PLACEMENT_3D('',#7633,#3465,#3466);
#3116=AXIS2_PLACEMENT_3D('',#7649,#3467,#3468);
#3117=AXIS2_PLACEMENT_3D('',#7650,#3469,#3470);
#3118=AXIS2_PLACEMENT_3D('',#7651,#3471,#3472);
#3119=AXIS2_PLACEMENT_3D('',#7659,#3473,#3474);
#3120=AXIS2_PLACEMENT_3D('',#7674,#3475,#3476);
#3121=AXIS2_PLACEMENT_3D('',#7675,#3477,#3478);
#3122=AXIS2_PLACEMENT_3D('',#7684,#3479,#3480);
#3123=AXIS2_PLACEMENT_3D('',#7707,#3482,#3483);
#3124=AXIS2_PLACEMENT_3D('',#7716,#3488,#3489);
#3125=AXIS2_PLACEMENT_3D('',#7725,#3492,#3493);
#3126=AXIS2_PLACEMENT_3D('',#7734,#3496,#3497);
#3127=AXIS2_PLACEMENT_3D('',#7735,#3498,#3499);
#3128=AXIS2_PLACEMENT_3D('',#7736,#3500,#3501);
#3129=AXIS2_PLACEMENT_3D('',#7737,#3502,#3503);
#3130=AXIS2_PLACEMENT_3D('',#7742,#3504,#3505);
#3131=AXIS2_PLACEMENT_3D('',#7743,#3506,#3507);
#3132=AXIS2_PLACEMENT_3D('',#7744,#3508,#3509);
#3133=AXIS2_PLACEMENT_3D('',#7745,#3510,#3511);
#3134=AXIS2_PLACEMENT_3D('',#7754,#3516,#3517);
#3135=AXIS2_PLACEMENT_3D('',#7755,#3518,#3519);
#3136=AXIS2_PLACEMENT_3D('',#7792,#3520,#3521);
#3137=AXIS2_PLACEMENT_3D('',#7797,#3524,#3525);
#3138=AXIS2_PLACEMENT_3D('',#7805,#3530,#3531);
#3139=AXIS2_PLACEMENT_3D('',#7806,#3532,#3533);
#3140=AXIS2_PLACEMENT_3D('',#7809,#3535,#3536);
#3141=AXIS2_PLACEMENT_3D('',#7821,#3538,#3539);
#3142=AXIS2_PLACEMENT_3D('',#7833,#3540,#3541);
#3143=AXIS2_PLACEMENT_3D('',#7838,#3542,#3543);
#3144=AXIS2_PLACEMENT_3D('',#7848,#3544,#3545);
#3145=AXIS2_PLACEMENT_3D('',#7869,#3546,#3547);
#3146=AXIS2_PLACEMENT_3D('',#7882,#3548,#3549);
#3147=AXIS2_PLACEMENT_3D('',#7908,#3550,#3551);
#3148=AXIS2_PLACEMENT_3D('',#7910,#3553,#3554);
#3149=AXIS2_PLACEMENT_3D('',#7911,#3555,#3556);
#3150=AXIS2_PLACEMENT_3D('',#7913,#3557,#3558);
#3151=AXIS2_PLACEMENT_3D('',#7963,#3559,#3560);
#3152=AXIS2_PLACEMENT_3D('',#8340,#3561,#3562);
#3153=AXIS2_PLACEMENT_3D('',#8418,#3563,#3564);
#3154=AXIS2_PLACEMENT_3D('',#8439,#3565,#3566);
#3155=AXIS2_PLACEMENT_3D('',#8454,#3567,#3568);
#3156=AXIS2_PLACEMENT_3D('',#8739,#3569,#3570);
#3157=AXIS2_PLACEMENT_3D('',#9386,#3571,#3572);
#3158=AXIS2_PLACEMENT_3D('',#9392,#3573,#3574);
#3159=AXIS2_PLACEMENT_3D('',#9395,#3576,#3577);
#3160=AXIS2_PLACEMENT_3D('',#9399,#3580,#3581);
#3161=AXIS2_PLACEMENT_3D('',#9400,#3582,#3583);
#3162=AXIS2_PLACEMENT_3D('',#9403,#3585,#3586);
#3163=AXIS2_PLACEMENT_3D('',#9404,#3587,#3588);
#3164=AXIS2_PLACEMENT_3D('',#9408,#3591,#3592);
#3165=AXIS2_PLACEMENT_3D('',#9409,#3593,#3594);
#3166=AXIS2_PLACEMENT_3D('',#9415,#3595,#3596);
#3167=AXIS2_PLACEMENT_3D('',#9490,#3597,#3598);
#3168=AXIS2_PLACEMENT_3D('',#9492,#3599,#3600);
#3169=AXIS2_PLACEMENT_3D('',#9496,#3603,#3604);
#3170=AXIS2_PLACEMENT_3D('',#9498,#3605,#3606);
#3171=AXIS2_PLACEMENT_3D('',#9499,#3607,#3608);
#3172=AXIS2_PLACEMENT_3D('',#9500,#3609,#3610);
#3173=AXIS2_PLACEMENT_3D('',#9501,#3611,#3612);
#3174=AXIS2_PLACEMENT_3D('',#9510,#3613,#3614);
#3175=AXIS2_PLACEMENT_3D('',#9544,#3616,#3617);
#3176=AXIS2_PLACEMENT_3D('',#9546,#3619,#3620);
#3177=AXIS2_PLACEMENT_3D('',#9547,#3621,#3622);
#3178=AXIS2_PLACEMENT_3D('',#9549,#3624,#3625);
#3179=AXIS2_PLACEMENT_3D('',#9551,#3627,#3628);
#3180=AXIS2_PLACEMENT_3D('',#9552,#3629,#3630);
#3181=AXIS2_PLACEMENT_3D('',#9553,#3631,#3632);
#3182=AXIS2_PLACEMENT_3D('',#9655,#3633,#3634);
#3183=AXIS2_PLACEMENT_3D('',#9656,#3635,#3636);
#3184=AXIS2_PLACEMENT_3D('',#9657,#3637,#3638);
#3185=AXIS2_PLACEMENT_3D('',#9658,#3639,#3640);
#3186=AXIS2_PLACEMENT_3D('',#9659,#3641,#3642);
#3187=AXIS2_PLACEMENT_3D('',#9668,#3647,#3648);
#3188=AXIS2_PLACEMENT_3D('',#9677,#3653,#3654);
#3189=AXIS2_PLACEMENT_3D('',#9725,#3655,#3656);
#3190=AXIS2_PLACEMENT_3D('',#9782,#3657,#3658);
#3191=AXIS2_PLACEMENT_3D('',#9791,#3659,#3660);
#3192=AXIS2_PLACEMENT_3D('',#9800,#3663,#3664);
#3193=AXIS2_PLACEMENT_3D('',#9801,#3665,#3666);
#3194=AXIS2_PLACEMENT_3D('',#9806,#3667,#3668);
#3195=AXIS2_PLACEMENT_3D('',#9812,#3669,#3670);
#3196=AXIS2_PLACEMENT_3D('',#9816,#3673,#3674);
#3197=AXIS2_PLACEMENT_3D('',#9817,#3675,#3676);
#3198=AXIS2_PLACEMENT_3D('',#9826,#3678,#3679);
#3199=AXIS2_PLACEMENT_3D('',#9827,#3680,#3681);
#3200=AXIS2_PLACEMENT_3D('',#9828,#3682,#3683);
#3201=AXIS2_PLACEMENT_3D('',#9833,#3686,#3687);
#3202=AXIS2_PLACEMENT_3D('',#9841,#3692,#3693);
#3203=AXIS2_PLACEMENT_3D('',#9842,#3694,#3695);
#3204=AXIS2_PLACEMENT_3D('',#9845,#3697,#3698);
#3205=AXIS2_PLACEMENT_3D('',#9857,#3700,#3701);
#3206=AXIS2_PLACEMENT_3D('',#9858,#3702,#3703);
#3207=AXIS2_PLACEMENT_3D('',#9863,#3706,#3707);
#3208=AXIS2_PLACEMENT_3D('',#9866,#3710,#3711);
#3209=AXIS2_PLACEMENT_3D('',#9867,#3712,#3713);
#3210=AXIS2_PLACEMENT_3D('',#9875,#3714,#3715);
#3211=AXIS2_PLACEMENT_3D('',#9886,#3716,#3717);
#3212=AXIS2_PLACEMENT_3D('',#9898,#3718,#3719);
#3213=AXIS2_PLACEMENT_3D('',#9912,#3720,#3721);
#3214=AXIS2_PLACEMENT_3D('',#9913,#3722,#3723);
#3215=AXIS2_PLACEMENT_3D('',#9938,#3724,#3725);
#3216=AXIS2_PLACEMENT_3D('',#9963,#3726,#3727);
#3217=AXIS2_PLACEMENT_3D('',#10208,#3728,#3729);
#3218=AXIS2_PLACEMENT_3D('',#10213,#3730,#3731);
#3219=AXIS2_PLACEMENT_3D('',#10223,#3732,#3733);
#3220=AXIS2_PLACEMENT_3D('',#10244,#3734,#3735);
#3221=AXIS2_PLACEMENT_3D('',#10257,#3736,#3737);
#3222=AXIS2_PLACEMENT_3D('',#10270,#3738,#3739);
#3223=AXIS2_PLACEMENT_3D('',#10293,#3740,#3741);
#3224=AXIS2_PLACEMENT_3D('',#10560,#3742,#3743);
#3225=AXIS2_PLACEMENT_3D('',#10740,#3744,#3745);
#3226=AXIS2_PLACEMENT_3D('',#10750,#3746,#3747);
#3227=AXIS2_PLACEMENT_3D('',#10755,#3748,#3749);
#3228=AXIS2_PLACEMENT_3D('',#10756,#3750,#3751);
#3229=AXIS2_PLACEMENT_3D('',#11016,#3752,#3753);
#3230=AXIS2_PLACEMENT_3D('',#11021,#3754,#3755);
#3231=AXIS2_PLACEMENT_3D('',#11282,#3756,#3757);
#3232=AXIS2_PLACEMENT_3D('',#11495,#3758,#3759);
#3233=AXIS2_PLACEMENT_3D('',#11496,#3760,#3761);
#3234=AXIS2_PLACEMENT_3D('',#11497,#3762,#3763);
#3235=AXIS2_PLACEMENT_3D('',#11498,#3764,#3765);
#3236=DIRECTION('',(0.,0.,1.));
#3237=DIRECTION('',(1.,0.,0.));
#3238=DIRECTION('',(5.55111512312578E-17,-1.,0.));
#3239=DIRECTION('',(-1.,-5.55111512312578E-17,0.));
#3240=DIRECTION('',(5.55109270765182E-17,-0.999995961987193,0.00284183203374189));
#3241=DIRECTION('',(-1.,-5.55111512312578E-17,0.));
#3242=DIRECTION('',(-5.64688631502867E-17,1.,0.));
#3243=DIRECTION('',(5.55111512312578E-17,-1.,0.));
#3244=DIRECTION('',(1.,5.55111512312578E-17,0.));
#3245=DIRECTION('',(-5.44521180377765E-17,1.,0.));
#3246=DIRECTION('',(1.,5.55111512312578E-17,0.));
#3247=DIRECTION('',(-5.55111512312578E-17,1.,0.));
#3248=DIRECTION('',(0.,-2.00577939408592E-13,1.));
#3249=DIRECTION('',(0.99960259119794,0.0281897085895724,5.6542336614251E-15));
#3250=DIRECTION('',(0.766715937641599,0.0216220916625144,0.641622284618062));
#3251=DIRECTION('',(0.641772321200749,0.,-0.766895226051514));
#3252=DIRECTION('',(1.,0.,0.));
#3253=DIRECTION('',(1.,0.,0.));
#3254=DIRECTION('',(-1.,0.,0.));
#3255=DIRECTION('',(0.,0.,1.));
#3256=DIRECTION('',(1.,0.,0.));
#3257=DIRECTION('',(0.,1.,0.));
#3258=DIRECTION('',(0.,0.,-1.));
#3259=DIRECTION('',(0.,0.,1.));
#3260=DIRECTION('',(0.,1.,0.));
#3261=DIRECTION('',(0.,0.,-1.));
#3262=DIRECTION('',(1.,0.,0.));
#3263=DIRECTION('',(0.,1.,0.));
#3264=DIRECTION('',(0.,0.,-1.));
#3265=DIRECTION('',(0.,0.,-1.));
#3266=DIRECTION('',(0.,1.,0.));
#3267=DIRECTION('',(0.,0.,-1.));
#3268=DIRECTION('',(0.,-1.,0.));
#3269=DIRECTION('',(0.,0.,-1.));
#3270=DIRECTION('',(0.,-1.,0.));
#3271=DIRECTION('',(1.,0.,0.));
#3272=DIRECTION('',(0.,-1.,0.));
#3273=DIRECTION('',(0.,0.,-1.));
#3274=DIRECTION('',(-1.,0.,0.));
#3275=DIRECTION('',(1.,0.,0.));
#3276=DIRECTION('',(0.,-1.,0.));
#3277=DIRECTION('',(0.,-1.,0.));
#3278=DIRECTION('',(0.,0.,-1.));
#3279=DIRECTION('',(-1.,0.,0.));
#3280=DIRECTION('',(0.,1.,0.));
#3281=DIRECTION('',(0.,0.,1.));
#3282=DIRECTION('',(0.,1.,0.));
#3283=DIRECTION('',(0.315555088782016,0.,0.948907258874003));
#3284=DIRECTION('',(0.,1.,0.));
#3285=DIRECTION('',(1.,0.,9.42784497813482E-17));
#3286=DIRECTION('',(0.,1.,0.));
#3287=DIRECTION('',(1.,0.,9.42784497813482E-17));
#3288=DIRECTION('',(0.,-1.,0.));
#3289=DIRECTION('',(0.316321820993416,0.,-0.948651941211006));
#3290=DIRECTION('',(0.,1.,0.));
#3291=DIRECTION('',(0.,0.,1.));
#3292=DIRECTION('',(0.,1.,0.));
#3293=DIRECTION('',(0.,0.,1.));
#3294=DIRECTION('',(-1.,1.44391632411255E-12,0.));
#3295=DIRECTION('',(0.,-1.,0.));
#3296=DIRECTION('',(-1.,0.,0.));
#3297=DIRECTION('',(0.,-1.,0.));
#3298=DIRECTION('',(-1.,0.,0.));
#3299=DIRECTION('',(0.,0.,1.));
#3300=DIRECTION('',(1.,0.,0.));
#3301=DIRECTION('',(1.44391632411255E-12,1.,-1.8014803485703E-13));
#3302=DIRECTION('',(0.315555088782017,-2.84691365901418E-13,0.948907258874003));
#3303=DIRECTION('',(0.,1.,0.));
#3304=DIRECTION('',(0.,0.,1.));
#3305=DIRECTION('',(-1.44391632411255E-12,-1.,1.8014803485703E-13));
#3306=DIRECTION('',(1.,-1.44391790191101E-12,0.));
#3307=DIRECTION('',(-1.,0.,0.));
#3308=DIRECTION('',(0.,-1.,0.));
#3309=DIRECTION('',(0.,-1.,0.));
#3310=DIRECTION('',(0.,0.,1.));
#3311=DIRECTION('',(1.,0.,0.));
#3312=DIRECTION('',(0.,1.,0.));
#3313=DIRECTION('',(0.,-1.,0.));
#3314=DIRECTION('',(0.,1.,0.));
#3315=DIRECTION('',(0.,0.,-1.));
#3316=DIRECTION('',(0.,-1.,0.));
#3317=DIRECTION('',(0.,1.,0.));
#3318=DIRECTION('',(0.,1.,0.));
#3319=DIRECTION('',(0.,0.,-1.));
#3320=DIRECTION('',(0.,1.,0.));
#3321=DIRECTION('',(0.,0.,1.));
#3322=DIRECTION('',(0.,-1.,0.));
#3323=DIRECTION('',(0.,0.,1.));
#3324=DIRECTION('',(0.,1.,0.));
#3325=DIRECTION('',(0.,0.,-1.));
#3326=DIRECTION('',(-1.03548827868978E-14,1.,7.03213685286409E-17));
#3327=DIRECTION('',(-1.,-1.05134756119807E-14,0.));
#3328=DIRECTION('',(0.,-1.,0.));
#3329=DIRECTION('',(0.,0.,-1.));
#3330=DIRECTION('',(0.,1.,3.0016115823671E-14));
#3331=DIRECTION('',(0.,-3.03722628790552E-14,1.));
#3332=DIRECTION('',(0.,-1.,0.));
#3333=DIRECTION('',(0.,1.,0.));
#3334=DIRECTION('',(0.,-1.,-3.0016115823671E-14));
#3335=DIRECTION('',(0.,-3.03722628790552E-14,1.));
#3336=DIRECTION('',(0.,-1.,0.));
#3337=DIRECTION('',(0.,1.,0.));
#3338=DIRECTION('',(0.,1.,0.));
#3339=DIRECTION('',(0.,0.,-1.));
#3340=DIRECTION('',(-0.01891444754156,0.991502591204763,-0.128704527148184));
#3341=DIRECTION('',(0.,0.128727555756714,0.991679996969235));
#3342=DIRECTION('',(0.,-1.15530148902347E-14,1.));
#3343=DIRECTION('',(-0.004005517266986,0.999991977883535,1.15529222106037E-14));
#3344=DIRECTION('',(0.,-1.15530148902347E-14,1.));
#3345=DIRECTION('',(0.,-1.,-1.1553041509571E-14));
#3346=DIRECTION('',(1.,0.,0.));
#3347=DIRECTION('',(0.,0.125970173012638,0.992034029411878));
#3348=DIRECTION('',(0.,-0.992034029411878,0.125970173012638));
#3349=DIRECTION('',(0.,0.,1.));
#3350=DIRECTION('',(0.,1.,0.));
#3351=DIRECTION('',(0.,0.,-1.));
#3352=DIRECTION('',(0.,0.,1.));
#3353=DIRECTION('',(0.,1.,0.));
#3354=DIRECTION('',(0.,0.,-1.));
#3355=DIRECTION('',(0.,0.,-1.));
#3356=DIRECTION('',(0.,-1.,0.));
#3357=DIRECTION('',(0.,0.,1.));
#3358=DIRECTION('',(0.,1.,0.));
#3359=DIRECTION('',(0.,1.,0.));
#3360=DIRECTION('',(1.,-1.0842021724855E-14,0.));
#3361=DIRECTION('',(0.,1.,0.));
#3362=DIRECTION('',(0.,-1.,0.));
#3363=DIRECTION('',(0.,0.,1.));
#3364=DIRECTION('',(0.,1.,0.));
#3365=DIRECTION('',(0.,0.,-1.));
#3366=DIRECTION('',(0.,0.,1.));
#3367=DIRECTION('',(0.,1.,0.));
#3368=DIRECTION('',(0.,0.,-1.));
#3369=DIRECTION('',(0.,0.,-1.));
#3370=DIRECTION('',(0.,-1.,0.));
#3371=DIRECTION('',(0.,1.,0.));
#3372=DIRECTION('',(-1.,1.0842021724855E-14,0.));
#3373=DIRECTION('',(0.,1.,0.));
#3374=DIRECTION('',(5.55111512312578E-17,-1.,0.));
#3375=DIRECTION('',(0.,-1.,0.));
#3376=DIRECTION('',(0.,0.,1.));
#3377=DIRECTION('',(0.,1.,0.));
#3378=DIRECTION('',(0.,-1.,0.));
#3379=DIRECTION('',(0.,0.,-1.));
#3380=DIRECTION('',(0.,-1.,0.));
#3381=DIRECTION('',(0.,-1.,0.));
#3382=DIRECTION('',(1.,0.,-9.85638338623186E-17));
#3383=DIRECTION('',(0.,-1.,0.));
#3384=DIRECTION('',(0.,-1.,0.));
#3385=DIRECTION('',(0.,0.,-1.));
#3386=DIRECTION('',(1.,0.,0.));
#3387=DIRECTION('',(0.,-1.,0.));
#3388=DIRECTION('',(0.,0.,-1.));
#3389=DIRECTION('',(-1.,0.,0.));
#3390=DIRECTION('',(0.,-1.,0.));
#3391=DIRECTION('',(0.,0.,-1.));
#3392=DIRECTION('',(-1.,0.,0.));
#3393=DIRECTION('',(1.,0.,0.));
#3394=DIRECTION('',(0.,-1.,0.));
#3395=DIRECTION('',(0.,0.,-1.));
#3396=DIRECTION('',(0.,-1.,0.));
#3397=DIRECTION('',(0.,0.,-1.));
#3398=DIRECTION('',(-1.,0.,0.));
#3399=DIRECTION('',(0.,-1.,0.));
#3400=DIRECTION('',(1.,0.,-9.85638338623186E-17));
#3401=DIRECTION('',(0.,0.,-1.));
#3402=DIRECTION('',(0.,-1.,0.));
#3403=DIRECTION('',(0.,0.,-1.));
#3404=DIRECTION('',(-1.,0.,0.));
#3405=DIRECTION('',(0.,-1.,0.));
#3406=DIRECTION('',(0.,0.,-1.));
#3407=DIRECTION('',(0.,0.,1.));
#3408=DIRECTION('',(0.,-1.,0.));
#3409=DIRECTION('',(0.,0.,-1.));
#3410=DIRECTION('',(0.,-1.,0.));
#3411=DIRECTION('',(0.,-1.,0.));
#3412=DIRECTION('',(0.,-1.,0.));
#3413=DIRECTION('',(0.,0.,-1.));
#3414=DIRECTION('',(0.224223235852093,-0.896897276514764,0.381181342518774));
#3415=DIRECTION('',(-0.224225293452209,-0.89689684081331,0.381181157345656));
#3416=DIRECTION('',(1.,0.,0.));
#3417=DIRECTION('',(0.,-0.391140640344851,-0.920330918458475));
#3418=DIRECTION('',(0.,0.920330918458475,-0.391140640344851));
#3419=DIRECTION('',(0.224223235852093,-0.896897276514764,0.381181342518774));
#3420=DIRECTION('',(0.970142775848904,0.242534522219382,0.));
#3421=DIRECTION('',(-0.242534522219382,0.970142775848904,0.));
#3422=DIRECTION('',(1.,0.,0.));
#3423=DIRECTION('',(-0.224225293452209,-0.89689684081331,0.381181157345656));
#3424=DIRECTION('',(0.,0.391140640344851,0.920330918458475));
#3425=DIRECTION('',(0.,-0.920330918458475,0.391140640344851));
#3426=DIRECTION('',(0.,2.00577939408592E-13,-1.));
#3427=DIRECTION('',(0.305948760787779,0.952047979763847,1.90959821999145E-13));
#3428=DIRECTION('',(0.,-2.00577939408591E-13,1.));
#3429=DIRECTION('',(0.,-1.,-2.00577835590687E-13));
#3430=DIRECTION('',(1.,0.,0.));
#3431=DIRECTION('',(0.,-0.126217083046806,0.992002645131129));
#3432=DIRECTION('',(0.,-0.992002645131129,-0.126217083046806));
#3433=DIRECTION('',(-1.,0.,0.));
#3434=DIRECTION('',(0.,1.,0.));
#3435=DIRECTION('',(0.,0.,1.));
#3436=DIRECTION('',(1.,0.,0.));
#3437=DIRECTION('',(1.,0.,0.));
#3438=DIRECTION('',(0.,1.,0.));
#3439=DIRECTION('',(0.,0.,1.));
#3440=DIRECTION('',(1.,5.55111512312578E-17,0.));
#3441=DIRECTION('',(-5.44521180377765E-17,1.,0.));
#3442=DIRECTION('',(5.55111512312578E-17,-1.,0.));
#3443=DIRECTION('',(-1.,-5.55111512312578E-17,0.));
#3444=DIRECTION('',(-5.64688631502867E-17,1.,0.));
#3445=DIRECTION('',(-1.,-5.55111512312578E-17,0.));
#3446=DIRECTION('',(-5.55109270863894E-17,0.999995962165016,0.00284176945996438));
#3447=DIRECTION('',(1.,5.55111512312578E-17,0.));
#3448=DIRECTION('',(-5.55111512312578E-17,1.,0.));
#3449=DIRECTION('',(-0.00387059807293146,0.00512840512740133,-0.999979358752673));
#3450=DIRECTION('',(0.,0.999986849446943,0.0051284435435093));
#3451=DIRECTION('',(0.,0.,-1.));
#3452=DIRECTION('',(-1.,0.,0.));
#3453=DIRECTION('',(0.,0.,1.));
#3454=DIRECTION('',(1.,0.,0.));
#3455=DIRECTION('',(0.,-1.,0.));
#3456=DIRECTION('',(0.,0.,-1.));
#3457=DIRECTION('',(0.,1.,0.));
#3458=DIRECTION('',(0.,0.,1.));
#3459=DIRECTION('',(0.,-1.,0.));
#3460=DIRECTION('',(0.,0.,-1.));
#3461=DIRECTION('',(0.,1.,0.));
#3462=DIRECTION('',(1.,0.,9.42784497813482E-17));
#3463=DIRECTION('',(0.,1.,0.));
#3464=DIRECTION('',(1.,0.,9.42784497813482E-17));
#3465=DIRECTION('',(0.,-1.,0.));
#3466=DIRECTION('',(0.,0.,-1.));
#3467=DIRECTION('',(-1.44391632411255E-12,-1.,1.8014803485703E-13));
#3468=DIRECTION('',(0.316321820993422,-6.27640023977879E-13,-0.948651941211004));
#3469=DIRECTION('',(0.316317872472762,-0.00499650439251322,-0.948640099562612));
#3470=DIRECTION('',(-0.948651941211005,0.,-0.316321820993416));
#3471=DIRECTION('',(-1.44391632411255E-12,-1.,1.8014803485703E-13));
#3472=DIRECTION('',(1.,-1.44391790191101E-12,0.));
#3473=DIRECTION('',(0.,1.,0.));
#3474=DIRECTION('',(0.,0.,1.));
#3475=DIRECTION('',(-0.205220575790742,0.160008082800399,0.965547476155708));
#3476=DIRECTION('',(0.978150253376739,0.,0.207899210722459));
#3477=DIRECTION('',(0.,-1.,0.));
#3478=DIRECTION('',(0.322302295552231,0.,-0.946636799560297));
#3479=DIRECTION('',(0.32229887745242,-0.00460547593309955,-0.946626760230419));
#3480=DIRECTION('',(-0.946636799560297,0.,-0.322302295552231));
#3481=DIRECTION('',(0.992544246407664,0.,0.121884859285485));
#3482=DIRECTION('',(0.992544246407664,0.,0.121884859285485));
#3483=DIRECTION('',(-0.121884859285485,0.,0.992544246407664));
#3484=DIRECTION('',(0.,0.,1.));
#3485=DIRECTION('',(0.,-1.,0.));
#3486=DIRECTION('',(0.,0.,-1.));
#3487=DIRECTION('',(0.,-1.,0.));
#3488=DIRECTION('',(-1.,0.,0.));
#3489=DIRECTION('',(0.,0.,1.));
#3490=DIRECTION('',(0.,1.,0.));
#3491=DIRECTION('',(1.,0.,0.));
#3492=DIRECTION('',(0.,0.,-1.));
#3493=DIRECTION('',(0.,-1.,0.));
#3494=DIRECTION('',(-1.,0.,0.));
#3495=DIRECTION('',(0.,-1.,0.));
#3496=DIRECTION('',(0.,0.,1.));
#3497=DIRECTION('',(0.,1.,0.));
#3498=DIRECTION('',(0.,-1.,0.));
#3499=DIRECTION('',(0.,0.,-1.));
#3500=DIRECTION('',(0.,1.,0.));
#3501=DIRECTION('',(0.,0.,-1.));
#3502=DIRECTION('',(0.,-1.,0.));
#3503=DIRECTION('',(0.,0.,1.));
#3504=DIRECTION('',(0.,-1.,0.));
#3505=DIRECTION('',(0.,0.,1.));
#3506=DIRECTION('',(0.,1.,0.));
#3507=DIRECTION('',(0.,0.,1.));
#3508=DIRECTION('',(-1.41975727907782E-14,1.,0.));
#3509=DIRECTION('',(-1.,-1.41969769273942E-14,0.));
#3510=DIRECTION('',(0.,1.,0.));
#3511=DIRECTION('',(0.,0.,-1.));
#3512=DIRECTION('',(0.,0.,-1.));
#3513=DIRECTION('',(-0.943577981651378,-0.331150407734481,2.46161621816409E-11));
#3514=DIRECTION('',(0.,0.,-1.));
#3515=DIRECTION('',(-0.943577981651378,-0.331150407734481,-2.46161621816409E-11));
#3516=DIRECTION('',(0.331150407734481,-0.943577981651377,0.));
#3517=DIRECTION('',(-0.943577981651378,-0.331150407734481,0.));
#3518=DIRECTION('',(0.,1.,0.));
#3519=DIRECTION('',(0.,0.,-1.));
#3520=DIRECTION('',(-0.165575203847125,0.471788990832748,0.866025403784438));
#3521=DIRECTION('',(-0.286784665536794,0.817162502573967,-0.5));
#3522=DIRECTION('',(-0.943577981665496,-0.33115040769425,0.));
#3523=DIRECTION('',(0.408400401836198,-0.766507687366017,0.495656208463924));
#3524=DIRECTION('',(0.165575203847125,-0.471788990832749,-0.866025403784438));
#3525=DIRECTION('',(0.,-0.87814631080805,0.478392157977336));
#3526=DIRECTION('',(-0.470226317747607,0.882545868551616,0.));
#3527=DIRECTION('',(0.,0.,-1.));
#3528=DIRECTION('',(-0.470226317747607,0.882545868551616,0.));
#3529=DIRECTION('',(0.408400401836198,-0.766507687366017,-0.495656208463924));
#3530=DIRECTION('',(0.882545868551616,0.470226317747607,0.));
#3531=DIRECTION('',(0.470226317747607,-0.882545868551616,0.));
#3532=DIRECTION('',(0.165575203847125,-0.471788990832748,0.866025403784438));
#3533=DIRECTION('',(-0.286784665536794,0.817162502573967,0.5));
#3534=DIRECTION('',(-0.943577981665496,-0.33115040769425,0.));
#3535=DIRECTION('',(0.165575203847125,-0.471788990832749,0.866025403784438));
#3536=DIRECTION('',(0.,-0.87814631080805,-0.478392157977336));
#3537=DIRECTION('',(0.,0.,-1.));
#3538=DIRECTION('',(0.,0.,-1.));
#3539=DIRECTION('',(0.,-1.,0.));
#3540=DIRECTION('',(5.02360996160651E-13,1.13738303025068E-12,1.));
#3541=DIRECTION('',(0.,1.,-1.13738293956722E-12));
#3542=DIRECTION('',(0.,0.,-1.));
#3543=DIRECTION('',(0.,-1.,0.));
#3544=DIRECTION('',(5.02360996160651E-13,1.13738303025068E-12,-1.));
#3545=DIRECTION('',(0.,1.,1.13738304798744E-12));
#3546=DIRECTION('',(-0.229503183384521,0.970557504996256,0.0731192061760351));
#3547=DIRECTION('',(-0.973162458248535,-0.230119164468473,0.));
#3548=DIRECTION('',(0.229503183384515,-0.970557504996258,0.0731192061760256));
#3549=DIRECTION('',(0.973162458248537,0.230119164468467,0.));
#3550=DIRECTION('',(9.59101819218996E-5,0.00636952084687145,-0.999979709796863));
#3551=DIRECTION('',(0.,0.999979714396152,0.0063695208761674));
#3552=DIRECTION('',(0.,0.,-1.));
#3553=DIRECTION('',(-4.47305304484254E-5,-0.00669442252613841,-0.999977591102031));
#3554=DIRECTION('',(0.,0.999977592102419,-0.0066944225328356));
#3555=DIRECTION('',(-1.30996273719538E-14,-1.,1.08250254221222E-14));
#3556=DIRECTION('',(-0.188442898035249,1.3492326305797E-14,0.982084148217492));
#3557=DIRECTION('',(-8.06779664058403E-15,-2.66795807039882E-15,-1.));
#3558=DIRECTION('',(-1.,3.07649437326497E-12,8.10794668119598E-15));
#3559=DIRECTION('',(0.00408224786202279,-0.00552834091317898,-0.999976386070762));
#3560=DIRECTION('',(0.,0.999984718351947,-0.00552838697795754));
#3561=DIRECTION('',(-1.30996273724575E-14,-1.,-1.08250254223009E-14));
#3562=DIRECTION('',(-0.999999999999594,1.34923263057971E-14,9.01215266768943E-7));
#3563=DIRECTION('',(1.,0.,0.));
#3564=DIRECTION('',(0.,0.,-1.));
#3565=DIRECTION('',(1.,0.,0.));
#3566=DIRECTION('',(0.,0.,-1.));
#3567=DIRECTION('',(0.329207783458299,-0.943832426773861,0.0283299396511704));
#3568=DIRECTION('',(0.944211408013697,0.329339971726469,0.));
#3569=DIRECTION('',(-0.00399740878176272,-0.998994467454467,0.0446550637486653));
#3570=DIRECTION('',(0.,-0.0446554205307566,-0.999002449154766));
#3571=DIRECTION('',(0.,-0.126220477920534,-0.992002213179745));
#3572=DIRECTION('',(0.,0.992002213179745,-0.126220477920534));
#3573=DIRECTION('',(-1.,2.22044604925032E-16,-1.58559061871947E-29));
#3574=DIRECTION('',(1.80700362080917E-16,1.,0.));
#3575=DIRECTION('',(1.,0.,0.));
#3576=DIRECTION('',(1.,0.,0.));
#3577=DIRECTION('',(0.,0.,-1.));
#3578=DIRECTION('',(-2.22044604925032E-16,-1.,0.));
#3579=DIRECTION('',(1.,0.,0.));
#3580=DIRECTION('',(0.,0.,1.));
#3581=DIRECTION('',(0.,1.,0.));
#3582=DIRECTION('',(1.,-2.22044604925032E-16,1.58559061871947E-29));
#3583=DIRECTION('',(1.93607530800983E-16,1.,0.));
#3584=DIRECTION('',(1.,0.,0.));
#3585=DIRECTION('',(1.,5.55111512312578E-17,0.));
#3586=DIRECTION('',(-5.44521180377765E-17,1.,0.));
#3587=DIRECTION('',(1.,0.,0.));
#3588=DIRECTION('',(0.,0.,-1.));
#3589=DIRECTION('',(-2.22044604925032E-16,-1.,0.));
#3590=DIRECTION('',(1.,0.,0.));
#3591=DIRECTION('',(0.,0.,1.));
#3592=DIRECTION('',(0.,1.,0.));
#3593=DIRECTION('',(-1.,2.22044604925032E-16,1.58559061871946E-29));
#3594=DIRECTION('',(1.80700362080917E-16,1.,0.));
#3595=DIRECTION('',(1.,0.,0.));
#3596=DIRECTION('',(0.,0.,-1.));
#3597=DIRECTION('',(1.,-2.22044604925032E-16,1.58558923426485E-29));
#3598=DIRECTION('',(-2.22043708306073E-16,-0.999995961987193,0.00284183203374189));
#3599=DIRECTION('',(0.999999999999994,1.14233833110962E-8,1.10864498489062E-7));
#3600=DIRECTION('',(1.11082830160467E-8,-0.999995962092667,0.00284179491884288));
#3601=DIRECTION('',(1.09861253788762E-7,-3.51012043505383E-8,-0.999999999999993));
#3602=DIRECTION('',(1.09861253788757E-7,-3.51012052831836E-8,-0.999999999999993));
#3603=DIRECTION('',(-0.999999999999988,-1.14332096216666E-7,-1.09861249775562E-7));
#3604=DIRECTION('',(-1.14643838922528E-7,0.999995962060831,0.00284180611952294));
#3605=DIRECTION('',(-1.,2.22044604925032E-16,1.58558923426485E-29));
#3606=DIRECTION('',(2.22043708345558E-16,0.999995962165016,0.00284176945996438));
#3607=DIRECTION('',(1.,-2.22044604925032E-16,1.58559061871947E-29));
#3608=DIRECTION('',(2.22044604925031E-16,1.,0.));
#3609=DIRECTION('',(-0.317378782779907,0.948295020572372,0.00269484670984518));
#3610=DIRECTION('',(-0.948298463944602,-0.31737993522009,0.));
#3611=DIRECTION('',(0.317378448535406,-0.948295132268924,0.00269490636638975));
#3612=DIRECTION('',(0.948298575794016,0.3173796010254,0.));
#3613=DIRECTION('',(0.999999999999967,1.36725115687239E-7,-2.19722522184262E-7));
#3614=DIRECTION('',(-2.19722522184259E-7,0.,-0.999999999999976));
#3615=DIRECTION('',(0.,-1.,0.));
#3616=DIRECTION('',(0.,0.,1.));
#3617=DIRECTION('',(1.,0.,0.));
#3618=DIRECTION('',(0.,-1.,0.));
#3619=DIRECTION('',(0.,-1.,0.));
#3620=DIRECTION('',(0.,0.,-1.));
#3621=DIRECTION('',(0.,0.,-1.));
#3622=DIRECTION('',(-1.,0.,0.));
#3623=DIRECTION('',(0.,-1.,0.));
#3624=DIRECTION('',(0.,0.,1.));
#3625=DIRECTION('',(1.,0.,0.));
#3626=DIRECTION('',(0.,-1.,0.));
#3627=DIRECTION('',(0.,-1.,0.));
#3628=DIRECTION('',(0.,0.,-1.));
#3629=DIRECTION('',(0.,0.,-1.));
#3630=DIRECTION('',(-1.,0.,0.));
#3631=DIRECTION('',(-0.970142224447583,0.242536727824664,0.));
#3632=DIRECTION('',(-0.242536727824664,-0.970142224447583,0.));
#3633=DIRECTION('',(-1.,0.,0.));
#3634=DIRECTION('',(0.,0.,1.));
#3635=DIRECTION('',(-1.,0.,0.));
#3636=DIRECTION('',(0.,0.,1.));
#3637=DIRECTION('',(1.,0.,0.));
#3638=DIRECTION('',(0.,0.,1.));
#3639=DIRECTION('',(1.,-1.0842021724855E-14,0.));
#3640=DIRECTION('',(1.0842021724855E-14,0.999999999999999,0.));
#3641=DIRECTION('',(-1.,0.,0.));
#3642=DIRECTION('',(0.,0.,1.));
#3643=DIRECTION('',(0.,0.,-1.));
#3644=DIRECTION('',(0.,1.,0.));
#3645=DIRECTION('',(0.,0.,1.));
#3646=DIRECTION('',(0.,-1.,0.));
#3647=DIRECTION('',(-1.,0.,0.));
#3648=DIRECTION('',(0.,0.,1.));
#3649=DIRECTION('',(0.,0.,-1.));
#3650=DIRECTION('',(0.943577981651378,-0.331150407734481,-2.46161621816409E-11));
#3651=DIRECTION('',(0.,0.,-1.));
#3652=DIRECTION('',(0.943577981651378,-0.331150407734481,2.46161621816409E-11));
#3653=DIRECTION('',(-0.331150407734481,-0.943577981651377,0.));
#3654=DIRECTION('',(0.943577981651378,-0.331150407734481,0.));
#3655=DIRECTION('',(0.,1.,0.));
#3656=DIRECTION('',(0.,0.,1.));
#3657=DIRECTION('',(0.,1.,0.));
#3658=DIRECTION('',(1.,0.,9.42784497813482E-17));
#3659=DIRECTION('',(0.,1.,0.));
#3660=DIRECTION('',(0.,0.,1.));
#3661=DIRECTION('',(1.,0.,0.));
#3662=DIRECTION('',(0.,-1.,0.));
#3663=DIRECTION('',(0.,0.,-1.));
#3664=DIRECTION('',(0.,-1.,0.));
#3665=DIRECTION('',(0.,-1.,0.));
#3666=DIRECTION('',(0.,0.,1.));
#3667=DIRECTION('',(0.,-1.,0.));
#3668=DIRECTION('',(0.,0.,1.));
#3669=DIRECTION('',(1.4197572790778E-14,1.,0.));
#3670=DIRECTION('',(-1.,1.41969769273942E-14,0.));
#3671=DIRECTION('',(0.,1.,0.));
#3672=DIRECTION('',(-1.,0.,0.));
#3673=DIRECTION('',(0.,0.,1.));
#3674=DIRECTION('',(0.,1.,0.));
#3675=DIRECTION('',(0.,-1.,0.));
#3676=DIRECTION('',(0.,0.,1.));
#3677=DIRECTION('',(0.992544246407664,0.,-0.121884859285485));
#3678=DIRECTION('',(0.,1.,0.));
#3679=DIRECTION('',(0.,0.,1.));
#3680=DIRECTION('',(0.,-1.,0.));
#3681=DIRECTION('',(0.,0.,1.));
#3682=DIRECTION('',(0.165575203847125,0.471788990832748,-0.866025403784438));
#3683=DIRECTION('',(0.286784665536794,0.817162502573967,0.5));
#3684=DIRECTION('',(0.943577981665496,-0.33115040769425,0.));
#3685=DIRECTION('',(-0.408400401836198,-0.766507687366017,-0.495656208463924));
#3686=DIRECTION('',(-0.165575203847125,-0.471788990832749,0.866025403784438));
#3687=DIRECTION('',(0.,-0.87814631080805,-0.478392157977336));
#3688=DIRECTION('',(0.470226317747607,0.882545868551616,0.));
#3689=DIRECTION('',(0.,0.,-1.));
#3690=DIRECTION('',(0.470226317747607,0.882545868551616,0.));
#3691=DIRECTION('',(-0.408400401836198,-0.766507687366017,0.495656208463924));
#3692=DIRECTION('',(-0.882545868551616,0.470226317747607,0.));
#3693=DIRECTION('',(-0.470226317747607,-0.882545868551616,0.));
#3694=DIRECTION('',(-0.165575203847125,-0.471788990832748,-0.866025403784438));
#3695=DIRECTION('',(0.286784665536794,0.817162502573967,-0.5));
#3696=DIRECTION('',(0.943577981665496,-0.33115040769425,0.));
#3697=DIRECTION('',(-0.165575203847125,-0.471788990832749,-0.866025403784438));
#3698=DIRECTION('',(0.,-0.87814631080805,0.478392157977336));
#3699=DIRECTION('',(0.,0.,-1.));
#3700=DIRECTION('',(0.,0.,-1.));
#3701=DIRECTION('',(0.,-1.,0.));
#3702=DIRECTION('',(-8.1068659132878E-14,2.68694331989283E-14,-1.));
#3703=DIRECTION('',(-0.802040816320404,0.597269226526948,8.09537622294826E-14));
#3704=DIRECTION('',(-1.78425644506219E-8,5.70078188431931E-9,-1.));
#3705=DIRECTION('',(9.02722859105252E-8,1.56387999642658E-7,-0.999999999999984));
#3706=DIRECTION('',(4.5161708600637E-9,-1.72300393820537E-8,1.));
#3707=DIRECTION('',(0.,-1.,-1.72300394591346E-8));
#3708=DIRECTION('',(-1.66946012816328E-8,5.33400597656086E-9,-1.));
#3709=DIRECTION('',(9.02722860118506E-8,1.56388000453273E-7,-0.999999999999984));
#3710=DIRECTION('',(2.32109123090195E-9,-2.01892378508269E-8,1.));
#3711=DIRECTION('',(0.,-1.,-2.01892379550361E-8));
#3712=DIRECTION('',(0.,-1.,0.));
#3713=DIRECTION('',(0.,0.,-1.));
#3714=DIRECTION('',(0.,-1.,0.));
#3715=DIRECTION('',(0.,0.,-1.));
#3716=DIRECTION('',(0.315554915102404,-0.00104918425359718,0.948906736601188));
#3717=DIRECTION('',(0.948907258874003,0.,-0.315555088782016));
#3718=DIRECTION('',(-0.322188859268634,-0.0090800197401377,-0.946631867308879));
#3719=DIRECTION('',(-0.946670893086525,0.,0.322202141803499));
#3720=DIRECTION('',(-0.992544246407664,0.,0.121884859285485));
#3721=DIRECTION('',(0.121884859285485,0.,0.992544246407664));
#3722=DIRECTION('',(0.286821616500872,0.0380399287056482,0.957228459737745));
#3723=DIRECTION('',(0.957921784382864,0.,-0.287029362617747));
#3724=DIRECTION('',(0.,1.,0.));
#3725=DIRECTION('',(0.,0.,-1.));
#3726=DIRECTION('',(0.,1.,0.));
#3727=DIRECTION('',(0.,0.,-1.));
#3728=DIRECTION('',(-5.02360996160651E-13,1.13738303025068E-12,-1.));
#3729=DIRECTION('',(0.,1.,1.13738304798744E-12));
#3730=DIRECTION('',(0.,0.,-1.));
#3731=DIRECTION('',(0.,-1.,0.));
#3732=DIRECTION('',(-5.02360996160651E-13,1.13738303025068E-12,1.));
#3733=DIRECTION('',(0.,1.,-1.13738293956722E-12));
#3734=DIRECTION('',(0.229503183384522,0.970557504996256,-0.0731192061760328));
#3735=DIRECTION('',(-0.973162458248535,0.230119164468475,0.));
#3736=DIRECTION('',(-0.229503183384523,-0.970557504996256,-0.0731192061760336));
#3737=DIRECTION('',(0.973162458248535,-0.230119164468474,0.));
#3738=DIRECTION('',(0.,1.,0.));
#3739=DIRECTION('',(0.999999999999594,0.,9.01215287489304E-7));
#3740=DIRECTION('',(1.01778504660864E-13,1.11201280105265E-14,1.));
#3741=DIRECTION('',(0.976406964712507,0.215938508054747,-1.01784152228538E-13));
#3742=DIRECTION('',(3.49833861516893E-13,-6.01499912341495E-14,-1.));
#3743=DIRECTION('',(-0.943118871461016,0.332455702754669,-3.49935597739405E-13));
#3744=DIRECTION('',(0.329319601440026,0.943815891185747,-0.0275710654969486));
#3745=DIRECTION('',(-0.944174823101592,0.329444841242167,0.));
#3746=DIRECTION('',(1.,0.,0.));
#3747=DIRECTION('',(0.,0.,-1.));
#3748=DIRECTION('',(-0.00400103985518462,0.99887417571602,-0.0472691523905368));
#3749=DIRECTION('',(0.,0.0472695307449362,0.998882170960696));
#3750=DIRECTION('',(2.67744835815185E-15,-8.87414699701703E-16,1.));
#3751=DIRECTION('',(1.,2.43012132145927E-12,-2.63979659376395E-15));
#3752=DIRECTION('',(1.,0.,0.));
#3753=DIRECTION('',(0.,0.,-1.));
#3754=DIRECTION('',(0.305101678576671,0.949412038681075,0.0743622655460629));
#3755=DIRECTION('',(-0.952047979763845,0.305948760787783,0.));
#3756=DIRECTION('',(0.,1.,0.));
#3757=DIRECTION('',(0.188442898064207,0.,0.982084148211935));
#3758=DIRECTION('',(-2.16183091021044E-13,7.16518218638257E-14,-1.));
#3759=DIRECTION('',(-0.949220948020121,0.314610222084062,2.27682456173512E-13));
#3760=DIRECTION('',(-1.06965977995431E-7,-3.8729743839764E-7,0.999999999999919));
#3761=DIRECTION('',(0.,-0.999999999999925,-3.87297438162548E-7));
#3762=DIRECTION('',(-1.06889638331658E-7,-3.83276504632929E-7,0.999999999999921));
#3763=DIRECTION('',(0.,-0.999999999999927,-3.83276504440538E-7));
#3764=DIRECTION('',(1.,5.55111512312578E-17,0.));
#3765=DIRECTION('',(-5.55111512312578E-17,1.,0.));
#3766=CARTESIAN_POINT('',(0.,0.,0.));
#3767=CARTESIAN_POINT('',(0.0100000000000308,1.930071437151,1.05));
#3768=CARTESIAN_POINT('',(0.00503049224585223,2.16999999970168,1.04999999992332));
#3769=CARTESIAN_POINT('',(0.0100000000000308,2.0152706753738,1.05));
#3770=CARTESIAN_POINT('',(0.0100000000000308,2.16999999991635,1.04999999984665));
#3771=CARTESIAN_POINT('',(0.0100000000000308,2.17851795040277,1.04751261302885));
#3772=CARTESIAN_POINT('',(0.0100000000000308,2.18703590088918,1.04502522621106));
#3773=CARTESIAN_POINT('',(0.0100000000000308,2.1955538513756,1.04253783939326));
#3774=CARTESIAN_POINT('',(0.0100000000000308,2.19555721478069,1.04253685722166));
#3775=CARTESIAN_POINT('',(0.0100000000000308,2.5783807899954,0.930745845128872));
#3776=CARTESIAN_POINT('',(0.0100000000000308,2.54717511530656,0.939858434406461));
#3777=CARTESIAN_POINT('',(0.0100000000000308,2.5159694406091,0.948971023654499));
#3778=CARTESIAN_POINT('',(0.0100000000000308,2.484763765903,0.958083612872986));
#3779=CARTESIAN_POINT('',(0.0100000000000308,2.44979001415773,0.968296544850443));
#3780=CARTESIAN_POINT('',(0.0100000000000308,2.41481626240162,0.97850947679078));
#3781=CARTESIAN_POINT('',(0.0100000000000308,2.37984251063467,0.988722408694));
#3782=CARTESIAN_POINT('',(0.0100000000000308,2.34486875886772,0.99893534059722));
#3783=CARTESIAN_POINT('',(0.0100000000000308,2.30989500708994,1.00914827246332));
#3784=CARTESIAN_POINT('',(0.0100000000000308,2.27492125530131,1.0193612042923));
#3785=CARTESIAN_POINT('',(0.0100000000000308,2.24846657513397,1.02708642195667));
#3786=CARTESIAN_POINT('',(0.0100000000000308,2.22201189496043,1.0348116395998));
#3787=CARTESIAN_POINT('',(0.0100000000000308,2.19555721478069,1.04253685722168));
#3788=CARTESIAN_POINT('',(0.00216208522851291,2.578192633217,0.921848016374239));
#3789=CARTESIAN_POINT('',(0.0100000000000308,1.5963795037569,-1.2108295312588));
#3790=CARTESIAN_POINT('',(0.0100000000000315,1.69999999999989,0.925));
#3791=CARTESIAN_POINT('',(0.0100000000000308,1.69999999999989,0.925));
#3792=CARTESIAN_POINT('',(0.0100000000000308,1.69664239606551,0.925));
#3793=CARTESIAN_POINT('',(0.0100000000000308,1.69323848881778,0.925579703203032));
#3794=CARTESIAN_POINT('',(0.0100000000000308,1.69007015947561,0.926691095734849));
#3795=CARTESIAN_POINT('',(0.0100000000000308,1.68690183230823,0.927802487503792));
#3796=CARTESIAN_POINT('',(0.0100000000000308,1.68388169803132,0.929476218836285));
#3797=CARTESIAN_POINT('',(0.0100000000000308,1.68125983512678,0.931573675299121));
#3798=CARTESIAN_POINT('',(0.0100000000000308,1.67863792016319,0.933671173408529));
#3799=CARTESIAN_POINT('',(0.0100000000000308,1.67634197936297,0.936250260046956));
#3800=CARTESIAN_POINT('',(0.0100000000000308,1.67456210683488,0.939097362113803));
#3801=CARTESIAN_POINT('',(0.0100000000000308,1.6727821599671,0.94194458309517));
#3802=CARTESIAN_POINT('',(0.0100000000000308,1.67146923283377,0.945138366859235));
#3803=CARTESIAN_POINT('',(0.0100000000000308,1.67073202548667,0.948414248953608));
#3804=CARTESIAN_POINT('',(0.0100000000000308,1.67024699387104,0.950569553551574));
#3805=CARTESIAN_POINT('',(0.0100000000000308,1.6699999999999,0.952792111622721));
#3806=CARTESIAN_POINT('',(0.0100000000000308,1.6699999999999,0.955001318172181));
#3807=CARTESIAN_POINT('',(0.0100000000000308,1.66909250680332,0.958781561636934));
#3808=CARTESIAN_POINT('',(0.0100000000000308,1.19044704228729,1.32315709174462));
#3809=CARTESIAN_POINT('',(0.0100000000000308,1.70822670365392,1.02));
#3810=CARTESIAN_POINT('',(0.0100000000000308,1.9199999999999,1.02));
#3811=CARTESIAN_POINT('',(0.0100000000000308,1.89000000000066,1.02));
#3812=CARTESIAN_POINT('',(0.0100000000000308,1.8899999999999,1.3));
#3813=CARTESIAN_POINT('',(0.0100000000000308,1.9199999999999,1.3));
#3814=CARTESIAN_POINT('',(0.187814467233962,11.3482609998699,2.45274643368759));
#3815=CARTESIAN_POINT('',(0.39845985074419,11.3222735702922,2.42149233075343));
#3816=CARTESIAN_POINT('',(0.600523172866498,11.2444605017661,2.31505402649788));
#3817=CARTESIAN_POINT('',(0.740352322334171,11.0513383714686,2.19968323038103));
#3818=CARTESIAN_POINT('',(0.188120757087816,11.3591450744474,2.45107419797856));
#3819=CARTESIAN_POINT('',(0.738124721210573,11.0510198062255,2.19751663727001));
#3820=CARTESIAN_POINT('',(0.735893103660823,11.050704525501,2.19535280435841));
#3821=CARTESIAN_POINT('',(0.740524817114371,11.0442821161404,2.19151177432729));
#3822=CARTESIAN_POINT('',(0.74504801469163,11.0377723101189,2.18768354634998));
#3823=CARTESIAN_POINT('',(0.749462263737488,11.03118000412,2.18387440862755));
#3824=CARTESIAN_POINT('',(0.749462263737488,11.03118000412,2.18387440862755));
#3825=CARTESIAN_POINT('',(-0.409210649266927,10.3645952506485,2.18387440862741));
#3826=CARTESIAN_POINT('',(1.11997914899487,10.3700000653032,2.18387455547992));
#3827=CARTESIAN_POINT('',(1.12269023836709,10.3699142295532,2.18063799802336));
#3828=CARTESIAN_POINT('',(1.12577231061949,10.4248293210684,2.18176343455574));
#3829=CARTESIAN_POINT('',(1.12401176836106,10.5467154467085,2.19327097804701));
#3830=CARTESIAN_POINT('',(1.10350198874994,10.7064193150455,2.22746549270449));
#3831=CARTESIAN_POINT('',(1.08708266967333,10.7771821858237,2.25022507927344));
#3832=CARTESIAN_POINT('',(1.02891691801534,10.9613867366211,2.32406402894682));
#3833=CARTESIAN_POINT('',(0.979087166109112,11.046445360544,2.37972843927549));
#3834=CARTESIAN_POINT('',(0.889428600066618,11.1629585876692,2.46483098851239));
#3835=CARTESIAN_POINT('',(0.769099532792795,11.2655841291722,2.56040786391006));
#3836=CARTESIAN_POINT('',(0.562124007010226,11.3496524782125,2.67557478714851));
#3837=CARTESIAN_POINT('',(0.448627711853863,11.3673171289786,2.72091177108684));
#3838=CARTESIAN_POINT('',(0.329999148695221,11.3698410794377,2.7478643109934));
#3839=CARTESIAN_POINT('',(0.330001367610761,11.3699752204209,2.74786373412689));
#3840=CARTESIAN_POINT('',(0.329999755340819,11.3698412993227,2.74786917968269));
#3841=CARTESIAN_POINT('',(0.284876556981614,11.3708027290322,2.75815370305679));
#3842=CARTESIAN_POINT('',(0.23914724913567,11.3695954799832,2.766345089597));
#3843=CARTESIAN_POINT('',(0.193341689282124,11.3666851106895,2.77236000733213));
#3844=CARTESIAN_POINT('',(0.193208928929183,11.3684315849081,2.77219404038027));
#3845=CARTESIAN_POINT('',(0.190207304003167,11.366507038017,2.77214632478264));
#3846=CARTESIAN_POINT('',(0.189340600205689,11.3705048155237,2.66542251113296));
#3847=CARTESIAN_POINT('',(0.18907776863534,11.3643757450904,2.55831835716113));
#3848=CARTESIAN_POINT('',(0.187814279011013,11.348261023091,2.45274646161478));
#3849=CARTESIAN_POINT('',(0.463044717310333,10.3891936508687,2.91381682093094));
#3850=CARTESIAN_POINT('',(-0.852794726417432,11.03118000412,2.18387440862755));
#3851=CARTESIAN_POINT('',(-0.852794726417432,11.0255902930483,2.18387440862755));
#3852=CARTESIAN_POINT('',(-0.189999999999968,11.37,2.45109687148666));
#3853=CARTESIAN_POINT('',(-0.189999999999968,11.37,2.44940201844263));
#3854=CARTESIAN_POINT('',(-0.189999999999968,11.3691540340697,2.45020599210918));
#3855=CARTESIAN_POINT('',(-0.277558781030914,11.3655470743704,2.44641063767826));
#3856=CARTESIAN_POINT('',(-0.446162093504584,11.3330779699548,2.4118697190461));
#3857=CARTESIAN_POINT('',(-0.651238536584116,11.2447756150186,2.33183655051655));
#3858=CARTESIAN_POINT('',(-0.757263361311958,11.1639177419364,2.26336751300751));
#3859=CARTESIAN_POINT('',(-0.835136864289207,11.0532980809685,2.19690746302985));
#3860=CARTESIAN_POINT('',(-0.835135158704709,11.0519534476325,2.19914349704616));
#3861=CARTESIAN_POINT('',(-0.83513396650649,11.0532965839711,2.19690656363827));
#3862=CARTESIAN_POINT('',(-0.841020886476806,11.0445761532615,2.19166736174324));
#3863=CARTESIAN_POINT('',(-0.846907806447121,11.0358025983655,2.18651658287278));
#3864=CARTESIAN_POINT('',(-0.852794726417436,11.026977723147,2.18145528603932));
#3865=CARTESIAN_POINT('',(0.45652396240909,10.2782212472288,3.48698679040214));
#3866=CARTESIAN_POINT('',(0.0364538225108015,2.75756164161779,0.925000730954289));
#3867=CARTESIAN_POINT('',(0.0742480350734797,2.75756164161779,0.910465757180668));
#3868=CARTESIAN_POINT('',(0.111094419138601,2.75756164162199,0.893512887001016));
#3869=CARTESIAN_POINT('',(0.147693304863196,2.75756164162199,0.876186908542332));
#3870=CARTESIAN_POINT('',(0.187767723475514,2.75756164162199,0.857215606551171));
#3871=CARTESIAN_POINT('',(0.227895215891253,2.7575616416219,0.838354663897092));
#3872=CARTESIAN_POINT('',(0.268136780960596,2.7575616416219,0.819740535737948));
#3873=CARTESIAN_POINT('',(0.308384614807067,2.7575616416219,0.801123507894841));
#3874=CARTESIAN_POINT('',(0.348739245037662,2.75756164162167,0.782725026322547));
#3875=CARTESIAN_POINT('',(0.389387803399629,2.75756164162167,0.764999999999917));
#3876=CARTESIAN_POINT('',(0.0364535049882352,2.75756095059389,0.924999905322929));
#3877=CARTESIAN_POINT('',(0.389387803399622,2.75756164162165,0.764999999999931));
#3878=CARTESIAN_POINT('',(0.345234167651782,2.67276525165834,0.791004221945818));
#3879=CARTESIAN_POINT('',(0.355303150443346,2.70314420485028,0.782336148021261));
#3880=CARTESIAN_POINT('',(0.370272709668301,2.73189301483686,0.773668074046486));
#3881=CARTESIAN_POINT('',(0.389387805833895,2.75756163980898,0.764999999999917));
#3882=CARTESIAN_POINT('',(0.345233891120403,2.67276441633924,0.791001688778327));
#3883=CARTESIAN_POINT('',(0.330000050791403,2.57838077367343,0.834999999999987));
#3884=CARTESIAN_POINT('',(0.330000030399755,2.61038586520214,0.820334740315952));
#3885=CARTESIAN_POINT('',(0.335164910342052,2.6423853906626,0.80566948118223));
#3886=CARTESIAN_POINT('',(0.345234167293427,2.67276525177712,0.791004221945817));
#3887=CARTESIAN_POINT('',(0.330000033791004,2.57838077367343,0.835000004864076));
#3888=CARTESIAN_POINT('',(0.330000051085546,2.57838077367343,0.834999999999987));
#3889=CARTESIAN_POINT('',(0.223333367390395,2.57838077911414,0.864999999999982));
#3890=CARTESIAN_POINT('',(0.116666683695244,2.57838078455488,0.894999999999981));
#3891=CARTESIAN_POINT('',(0.0100000000000933,2.57838078999559,0.924999999999976));
#3892=CARTESIAN_POINT('',(0.0100000000000933,2.57838078999559,0.924999999999976));
#3893=CARTESIAN_POINT('',(0.0100000000000967,2.61196902914436,0.924999999999976));
#3894=CARTESIAN_POINT('',(0.0141042530037508,2.66235089656916,0.925000153658208));
#3895=CARTESIAN_POINT('',(0.0259746285551053,2.7199688867874,0.924999769512628));
#3896=CARTESIAN_POINT('',(0.033024934363647,2.74604051216565,0.925000298927198));
#3897=CARTESIAN_POINT('',(0.0359323256739546,2.75582622257014,0.924999850219318));
#3898=CARTESIAN_POINT('',(0.0364557980258872,2.75756025836738,0.92499981064583));
#3899=CARTESIAN_POINT('',(0.389387803399629,2.75756164162175,0.764999999999917));
#3900=CARTESIAN_POINT('',(0.303836786500086,2.82127034857801,0.801666666666609));
#3901=CARTESIAN_POINT('',(0.218285769600545,2.88497905553427,0.838333333333287));
#3902=CARTESIAN_POINT('',(0.132734752701008,2.94868776249053,0.875));
#3903=CARTESIAN_POINT('',(0.379529230037742,2.74432309162436,0.769431527070799));
#3904=CARTESIAN_POINT('',(0.290776722234931,2.80373268975072,0.807334679103927));
#3905=CARTESIAN_POINT('',(0.202024214432117,2.86314228787709,0.845237831137038));
#3906=CARTESIAN_POINT('',(0.113271706629312,2.92255188600344,0.88314098317018));
#3907=CARTESIAN_POINT('',(0.366396740075051,2.72326060453949,0.776160814896213));
#3908=CARTESIAN_POINT('',(0.273329529904026,2.77586471523575,0.815940516051191));
#3909=CARTESIAN_POINT('',(0.180262319733004,2.82846882593201,0.855720217206155));
#3910=CARTESIAN_POINT('',(0.0871951095619862,2.88107293662828,0.89549991836114));
#3911=CARTESIAN_POINT('',(0.354253345053384,2.6970522511477,0.784009481511123));
#3912=CARTESIAN_POINT('',(0.257084607820861,2.74121891710374,0.825978349830716));
#3913=CARTESIAN_POINT('',(0.159915870588338,2.78538558305978,0.867947218150299));
#3914=CARTESIAN_POINT('',(0.0627471333558144,2.82955224901582,0.909916086469903));
#3915=CARTESIAN_POINT('',(0.349004333473076,2.68360064736592,0.787910926959399));
#3916=CARTESIAN_POINT('',(0.250025377493013,2.7234416693594,0.830972762991778));
#3917=CARTESIAN_POINT('',(0.151046421512955,2.76328269135289,0.874034599024147));
#3918=CARTESIAN_POINT('',(0.0520674655328998,2.80312371334637,0.917096435056537));
#3919=CARTESIAN_POINT('',(0.346761753896661,2.67728322949351,0.789719841373342));
#3920=CARTESIAN_POINT('',(0.246998978974587,2.71509263050264,0.833286756111515));
#3921=CARTESIAN_POINT('',(0.147236204052513,2.75290203151178,0.87685367084968));
#3922=CARTESIAN_POINT('',(0.0474734291304423,2.79071143252091,0.920420585587863));
#3923=CARTESIAN_POINT('',(0.345847072956072,2.67459712935434,0.790479334166714));
#3924=CARTESIAN_POINT('',(0.245762898711418,2.71154349831139,0.834261219635349));
#3925=CARTESIAN_POINT('',(0.145678724466764,2.74848986726845,0.878043105103978));
#3926=CARTESIAN_POINT('',(0.0455945502221139,2.7854362362255,0.92182499057262));
#3927=CARTESIAN_POINT('',(0.345518617213755,2.67362022097762,0.790760015852135));
#3928=CARTESIAN_POINT('',(0.245318544642121,2.7102519517725,0.834618497641626));
#3929=CARTESIAN_POINT('',(0.145118472070486,2.7468836825674,0.878476979431104));
#3930=CARTESIAN_POINT('',(0.0449183994988521,2.78351541336228,0.922335461220601));
#3931=CARTESIAN_POINT('',(0.345344927191488,2.67309916814006,0.790902990368993));
#3932=CARTESIAN_POINT('',(0.245083852697825,2.70956413601234,0.834804183166933));
#3933=CARTESIAN_POINT('',(0.144822778204164,2.74602910388462,0.878705375964866));
#3934=CARTESIAN_POINT('',(0.0445617037105051,2.78249407175689,0.922606568762816));
#3935=CARTESIAN_POINT('',(0.345243727414228,2.67279410395306,0.790992747473211));
#3936=CARTESIAN_POINT('',(0.244946722864161,2.70916039769225,0.83491717060803));
#3937=CARTESIAN_POINT('',(0.144649718314092,2.74552669143144,0.878841593742843));
#3938=CARTESIAN_POINT('',(0.0443527137640281,2.78189298517061,0.92276601687767));
#3939=CARTESIAN_POINT('',(0.345204290074692,2.67267509562829,0.791038200345815));
#3940=CARTESIAN_POINT('',(0.244892590606685,2.70900090512575,0.834968731472775));
#3941=CARTESIAN_POINT('',(0.144580891138682,2.74532671462321,0.878899262599724));
#3942=CARTESIAN_POINT('',(0.0442691916706823,2.78165252412067,0.92282979372669));
#3943=CARTESIAN_POINT('',(0.345138192674406,2.67247532553254,0.791140809543378));
#3944=CARTESIAN_POINT('',(0.244799869109677,2.7087274330207,0.835074338664804));
#3945=CARTESIAN_POINT('',(0.144461545544955,2.74497954050887,0.879007867786221));
#3946=CARTESIAN_POINT('',(0.0441232219802294,2.78123164799704,0.922941396907658));
#3947=CARTESIAN_POINT('',(0.345004446712829,2.67206987355587,0.791330317096805));
#3948=CARTESIAN_POINT('',(0.244613650703267,2.70817645538379,0.835275070713517));
#3949=CARTESIAN_POINT('',(0.144222854693704,2.74428303721173,0.879219824330218));
#3950=CARTESIAN_POINT('',(0.0438320586841415,2.78038961903966,0.923164577946939));
#3951=CARTESIAN_POINT('',(0.344815336083892,2.67149303216236,0.791608406458392));
#3952=CARTESIAN_POINT('',(0.244349667258378,2.70739066557914,0.835566715992985));
#3953=CARTESIAN_POINT('',(0.143883998432862,2.74328829899593,0.87952502552757));
#3954=CARTESIAN_POINT('',(0.0434183296073518,2.77918593241272,0.92348333506217));
#3955=CARTESIAN_POINT('',(0.344589851858253,2.67079955979055,0.791940152966486));
#3956=CARTESIAN_POINT('',(0.244035037182188,2.70644645833467,0.835915343646165));
#3957=CARTESIAN_POINT('',(0.143480222506119,2.74209335687878,0.879890534325837));
#3958=CARTESIAN_POINT('',(0.0429254078300571,2.77774025542289,0.923865725005522));
#3959=CARTESIAN_POINT('',(0.344366015206901,2.67010542479502,0.792271583535687));
#3960=CARTESIAN_POINT('',(0.243722691037934,2.70550139431144,0.836263720511937));
#3961=CARTESIAN_POINT('',(0.143079366868963,2.74089736382788,0.880255857488176));
#3962=CARTESIAN_POINT('',(0.0424360426999997,2.7762933333443,0.924247994464432));
#3963=CARTESIAN_POINT('',(0.344180906111709,2.66952657166881,0.792547880227047));
#3964=CARTESIAN_POINT('',(0.243464339154901,2.70471322577769,0.836554070274219));
#3965=CARTESIAN_POINT('',(0.142747772198096,2.73989987988659,0.88056026032138));
#3966=CARTESIAN_POINT('',(0.0420312052412941,2.77508653399548,0.924566450368562));
#3967=CARTESIAN_POINT('',(0.344052076251433,2.66912116204559,0.792741341734666));
#3968=CARTESIAN_POINT('',(0.243284517284531,2.70416121226205,0.836757018006744));
#3969=CARTESIAN_POINT('',(0.142516958317629,2.73920126247852,0.880772694278819));
#3970=CARTESIAN_POINT('',(0.0417493993507302,2.77424131269499,0.924788370550904));
#3971=CARTESIAN_POINT('',(0.343987847978685,2.66891840429974,0.792838085811232));
#3972=CARTESIAN_POINT('',(0.243194847186476,2.70388508502049,0.836858995852166));
#3973=CARTESIAN_POINT('',(0.142401846394267,2.73885176574124,0.880879905893089));
#3974=CARTESIAN_POINT('',(0.041608845602066,2.77381844646198,0.92490081593403));
#3975=CARTESIAN_POINT('',(0.343955780510503,2.66881701221507,0.792886461163564));
#3976=CARTESIAN_POINT('',(0.243150100963159,2.70374707822671,0.836909258961681));
#3977=CARTESIAN_POINT('',(0.142344421415811,2.73867714423837,0.880932056759791));
#3978=CARTESIAN_POINT('',(0.0415387418684667,2.77360721025001,0.924954854557914));
#3979=CARTESIAN_POINT('',(0.343937469577293,2.66875907010931,0.792914105166529));
#3980=CARTESIAN_POINT('',(0.243124519518339,2.70366811923671,0.836939268605194));
#3981=CARTESIAN_POINT('',(0.142311569459382,2.73857716836411,0.880964432043848));
#3982=CARTESIAN_POINT('',(0.0414986194004277,2.77348621749153,0.92498959548252));
#3983=CARTESIAN_POINT('',(0.343919167533812,2.66870112549012,0.792941749798362));
#3984=CARTESIAN_POINT('',(0.243098704049937,2.70358841470292,0.836962924453634));
#3985=CARTESIAN_POINT('',(0.142278240566059,2.73847570391572,0.880984099108894));
#3986=CARTESIAN_POINT('',(0.0414577770821885,2.77336299312852,0.925005273764172));
#3987=CARTESIAN_POINT('',(0.343896306648051,2.66862869000547,0.792976306765799));
#3988=CARTESIAN_POINT('',(0.243066230005394,2.70348808842588,0.836984845136562));
#3989=CARTESIAN_POINT('',(0.14223615336274,2.7383474868463,0.880993383507311));
#3990=CARTESIAN_POINT('',(0.0414060767200894,2.77320688526671,0.925001921878081));
#3991=CARTESIAN_POINT('',(0.34385976479195,2.66851278318884,0.793031600419663));
#3992=CARTESIAN_POINT('',(0.243014392816734,2.70332776340206,0.837020688355826));
#3993=CARTESIAN_POINT('',(0.142169020841514,2.73814274361528,0.881009776291979));
#3994=CARTESIAN_POINT('',(0.0413236488663004,2.7729577238285,0.924998864228152));
#3995=CARTESIAN_POINT('',(0.343795909895566,2.66830991992349,0.79312837087543));
#3996=CARTESIAN_POINT('',(0.242923816687248,2.7030471800696,0.837085823675742));
#3997=CARTESIAN_POINT('',(0.14205172347893,2.73778444021573,0.88104327647604));
#3998=CARTESIAN_POINT('',(0.0411796302706193,2.77252170036186,0.925000729276359));
#3999=CARTESIAN_POINT('',(0.343668573540755,2.66790408822225,0.793321937899853));
#4000=CARTESIAN_POINT('',(0.242743184917079,2.70248583367056,0.837214463205145));
#4001=CARTESIAN_POINT('',(0.141817796293405,2.73706757911887,0.881106988510424));
#4002=CARTESIAN_POINT('',(0.040892407669732,2.77164932456719,0.924999513815724));
#4003=CARTESIAN_POINT('',(0.343270721279966,2.66662795828273,0.793930453869317));
#4004=CARTESIAN_POINT('',(0.242178796387206,2.70072060885678,0.837620518661429));
#4005=CARTESIAN_POINT('',(0.141086871494445,2.73481325943084,0.88131058345353));
#4006=CARTESIAN_POINT('',(0.0399949466016875,2.7689059100049,0.925000648245649));
#4007=CARTESIAN_POINT('',(0.34234884643031,2.66360649455311,0.795370017985008));
#4008=CARTESIAN_POINT('',(0.240870846639738,2.69654033600514,0.838579839124486));
#4009=CARTESIAN_POINT('',(0.139392846849169,2.72947417745719,0.881789660263954));
#4010=CARTESIAN_POINT('',(0.0379148470586038,2.76240801890921,0.924999481403439));
#4011=CARTESIAN_POINT('',(0.340459043394105,2.6570727855429,0.798476552568856));
#4012=CARTESIAN_POINT('',(0.238188771853182,2.68749699670734,0.840651150289572));
#4013=CARTESIAN_POINT('',(0.135918500312259,2.71792120787178,0.882825748010281));
#4014=CARTESIAN_POINT('',(0.0336482287713359,2.74834541903621,0.925000345731003));
#4015=CARTESIAN_POINT('',(0.337063540711522,2.64390732103264,0.804708998201552));
#4016=CARTESIAN_POINT('',(0.233367236659382,2.66926117628422,0.844805921971911));
#4017=CARTESIAN_POINT('',(0.129670932607243,2.69461503153581,0.884902845742263));
#4018=CARTESIAN_POINT('',(0.0259746285551053,2.7199688867874,0.924999769512628));
#4019=CARTESIAN_POINT('',(0.33181702200634,2.61722994540404,0.817216488645403));
#4020=CARTESIAN_POINT('',(0.225912765672142,2.63227026245908,0.853144376983006));
#4021=CARTESIAN_POINT('',(0.120008509337945,2.64731057951412,0.889072265320605));
#4022=CARTESIAN_POINT('',(0.0141042530037508,2.66235089656916,0.925000153658208));
#4023=CARTESIAN_POINT('',(0.330000041345694,2.59394064776262,0.827930387190661));
#4024=CARTESIAN_POINT('',(0.223333360897162,2.5999501082232,0.860286924793766));
#4025=CARTESIAN_POINT('',(0.116666680448629,2.60595956868379,0.892643462396871));
#4026=CARTESIAN_POINT('',(0.0100000000000967,2.61196902914436,0.924999999999976));
#4027=CARTESIAN_POINT('',(0.330000051085546,2.57838077367343,0.834999999999987));
#4028=CARTESIAN_POINT('',(0.223333367390395,2.57838077911414,0.864999999999982));
#4029=CARTESIAN_POINT('',(0.116666683695244,2.57838078455488,0.894999999999981));
#4030=CARTESIAN_POINT('',(0.0100000000000933,2.57838078999559,0.924999999999976));
#4031=CARTESIAN_POINT('',(0.32998619011565,2.57837606378059,1.76504845296568));
#4032=CARTESIAN_POINT('',(0.221441214398719,2.57864199266539,1.7342518382102));
#4033=CARTESIAN_POINT('',(0.110692962181006,2.5781484623971,1.71121749029349));
#4034=CARTESIAN_POINT('',(-0.00113025182635747,2.57727235804757,1.69620698723094));
#4035=CARTESIAN_POINT('',(0.329999948914549,2.57838080631746,1.765));
#4036=CARTESIAN_POINT('',(0.00125192352963904,2.57817380035537,1.67840796603558));
#4037=CARTESIAN_POINT('',(0.34523389075536,2.67276435574729,1.80999853461716));
#4038=CARTESIAN_POINT('',(0.335164788838855,2.64238477927854,1.79499902295916));
#4039=CARTESIAN_POINT('',(0.329999969706181,2.61038557929636,1.77999951120462));
#4040=CARTESIAN_POINT('',(0.329999948622873,2.57838080631754,1.765));
#4041=CARTESIAN_POINT('',(0.345233790980355,2.67276405458142,1.80999941384687));
#4042=CARTESIAN_POINT('',(0.389340570565952,2.75749816260886,1.8349796216897));
#4043=CARTESIAN_POINT('',(0.370247799285854,2.73184541047791,1.82665259272804));
#4044=CARTESIAN_POINT('',(0.355294570433161,2.70311860305367,1.81832556369471));
#4045=CARTESIAN_POINT('',(0.345233893466698,2.67276435484863,1.80999853461716));
#4046=CARTESIAN_POINT('',(0.389387706837455,2.7575614743367,1.83467650251915));
#4047=CARTESIAN_POINT('',(0.036453825971014,2.75756164161778,1.67499926475264));
#4048=CARTESIAN_POINT('',(0.0735760681104391,2.75756164161778,1.68935903197468));
#4049=CARTESIAN_POINT('',(0.109766185422415,2.75756164162197,1.70608342944139));
#4050=CARTESIAN_POINT('',(0.145712632032277,2.75756164162197,1.72317485279503));
#4051=CARTESIAN_POINT('',(0.181620282422808,2.75756164162197,1.74024782974655));
#4052=CARTESIAN_POINT('',(0.217581961682154,2.7575616416219,1.75720885474348));
#4053=CARTESIAN_POINT('',(0.253648906987154,2.7575616416219,1.77394269336234));
#4054=CARTESIAN_POINT('',(0.298158820826975,2.7575616416219,1.79459378285262));
#4055=CARTESIAN_POINT('',(0.342815349674849,2.7575616416219,1.81495096781534));
#4056=CARTESIAN_POINT('',(0.387883751895929,2.7575616416219,1.83435300503835));
#4057=CARTESIAN_POINT('',(0.388345894061565,2.7575616416219,1.83455195816422));
#4058=CARTESIAN_POINT('',(0.388808083397438,2.7575616416219,1.83475080175643));
#4059=CARTESIAN_POINT('',(0.389270320417432,2.7575616416219,1.83494953440322));
#4060=CARTESIAN_POINT('',(0.0364535049884438,2.75756095059439,1.67500009454376));
#4061=CARTESIAN_POINT('',(0.0364557980261506,2.75756025836787,1.67500018908755));
#4062=CARTESIAN_POINT('',(0.0359323196532437,2.75582620262573,1.67500014957055));
#4063=CARTESIAN_POINT('',(0.0330249237458189,2.746040474942,1.67499970149549));
#4064=CARTESIAN_POINT('',(0.0259746172759333,2.71996883743032,1.67500023016113));
#4065=CARTESIAN_POINT('',(0.0141042500856441,2.66235086680196,1.67499984655929));
#4066=CARTESIAN_POINT('',(0.0100000000000863,2.61196901723898,1.67500000000002));
#4067=CARTESIAN_POINT('',(0.0100000000000933,2.57838078999559,1.67500000000002));
#4068=CARTESIAN_POINT('',(0.389387706808238,2.7575614742859,1.835));
#4069=CARTESIAN_POINT('',(0.303836682890246,2.82127020236048,1.79833333333332));
#4070=CARTESIAN_POINT('',(0.218285658972251,2.88497893043504,1.76166666666666));
#4071=CARTESIAN_POINT('',(0.132734635054255,2.94868765850961,1.725));
#4072=CARTESIAN_POINT('',(0.379496149056535,2.74427863246466,1.83072464272931));
#4073=CARTESIAN_POINT('',(0.290754633310721,2.80370301846563,1.79276943120224));
#4074=CARTESIAN_POINT('',(0.202013117564907,2.86312740446662,1.75481421967517));
#4075=CARTESIAN_POINT('',(0.113271601819089,2.92255179046759,1.71685900814811));
#4076=CARTESIAN_POINT('',(0.366324584632625,2.72314069848671,1.82423048569942));
#4077=CARTESIAN_POINT('',(0.2732814000466,2.77578474871385,1.78432034454388));
#4078=CARTESIAN_POINT('',(0.180238215460575,2.82842879894099,1.74441020338833));
#4079=CARTESIAN_POINT('',(0.0871950308745512,2.88107284916814,1.70450006223278));
#4080=CARTESIAN_POINT('',(0.354157811042404,2.69683325225021,1.81666149997688));
#4081=CARTESIAN_POINT('',(0.257020902816027,2.74107289300875,1.77446895637205));
#4082=CARTESIAN_POINT('',(0.159883994589653,2.78531253376729,1.73227641276722));
#4083=CARTESIAN_POINT('',(0.0627470863632761,2.82955217452583,1.69008386916239));
#4084=CARTESIAN_POINT('',(0.34890383453073,2.6833328858678,1.81289275785562));
#4085=CARTESIAN_POINT('',(0.249958367033853,2.72326313863296,1.7695630135295));
#4086=CARTESIAN_POINT('',(0.151012899536979,2.76319339139812,1.72623326920337));
#4087=CARTESIAN_POINT('',(0.052067432040101,2.80312364416328,1.68290352487724));
#4088=CARTESIAN_POINT('',(0.346659412887734,2.67698972831252,1.81115456840464));
#4089=CARTESIAN_POINT('',(0.246930742275997,2.71489694063784,1.76729617311914));
#4090=CARTESIAN_POINT('',(0.147202071664257,2.75280415296318,1.72343777783364));
#4091=CARTESIAN_POINT('',(0.0474734010525203,2.79071136528852,1.67957938254815));
#4092=CARTESIAN_POINT('',(0.34574520364496,2.67429573323916,1.8104153722729));
#4093=CARTESIAN_POINT('',(0.245694977182513,2.71134254539504,1.76633524229225));
#4094=CARTESIAN_POINT('',(0.145644750720066,2.74838935755092,1.7222551123116));
#4095=CARTESIAN_POINT('',(0.0455945242576229,2.78543616970682,1.67817498233095));
#4096=CARTESIAN_POINT('',(0.345457031020655,2.67343555751319,1.81018530336318));
#4097=CARTESIAN_POINT('',(0.245305651690314,2.71020885498127,1.76603297629533));
#4098=CARTESIAN_POINT('',(0.145154272359976,2.74698215244935,1.72188064922748));
#4099=CARTESIAN_POINT('',(0.0450028930296387,2.78375544991742,1.67772832215962));
#4100=CARTESIAN_POINT('',(0.345314717349103,2.67300803370396,1.81006255782142));
#4101=CARTESIAN_POINT('',(0.245112687320293,2.70964353293038,1.76587671905162));
#4102=CARTESIAN_POINT('',(0.14491065729148,2.7462790321568,1.72169088028182));
#4103=CARTESIAN_POINT('',(0.0447086272626698,2.78291453138324,1.67750504151203));
#4104=CARTESIAN_POINT('',(0.345242298289069,2.67278975078146,1.81001330780466));
#4105=CARTESIAN_POINT('',(0.245015492870749,2.70935781148463,1.76580667642016));
#4106=CARTESIAN_POINT('',(0.144788687452428,2.74592587218781,1.72160004503566));
#4107=CARTESIAN_POINT('',(0.0445618820341075,2.78249393289097,1.67739341365117));
#4108=CARTESIAN_POINT('',(0.345203963413497,2.67267402988609,1.80995875595482));
#4109=CARTESIAN_POINT('',(0.244962021743643,2.70920053698368,1.76574904726245));
#4110=CARTESIAN_POINT('',(0.144720080073785,2.74572704408128,1.72153933857008));
#4111=CARTESIAN_POINT('',(0.0444781384039313,2.78225355117887,1.67732962987771));
#4112=CARTESIAN_POINT('',(0.345147459782432,2.67250328385065,1.80986928809872));
#4113=CARTESIAN_POINT('',(0.244882517774492,2.70896650220884,1.76565751133265));
#4114=CARTESIAN_POINT('',(0.144617575766549,2.74542972056703,1.72144573456658));
#4115=CARTESIAN_POINT('',(0.044352633758609,2.78189293892523,1.67723395780052));
#4116=CARTESIAN_POINT('',(0.345061926998364,2.67224416255418,1.8097435010985));
#4117=CARTESIAN_POINT('',(0.244762882112961,2.70861339898302,1.76552582178189));
#4118=CARTESIAN_POINT('',(0.144463837227556,2.74498263541185,1.72130814246527));
#4119=CARTESIAN_POINT('',(0.0441647923421496,2.78135187184069,1.67709046314866));
#4120=CARTESIAN_POINT('',(0.344910139630436,2.67178245096501,1.80952099664395));
#4121=CARTESIAN_POINT('',(0.244550771303007,2.70798481835857,1.76529246448195));
#4122=CARTESIAN_POINT('',(0.144191402975578,2.74418718575214,1.72106393231993));
#4123=CARTESIAN_POINT('',(0.0438320346481495,2.78038955314572,1.67683540015791));
#4124=CARTESIAN_POINT('',(0.344722163576606,2.67120711860387,1.8092380567633));
#4125=CARTESIAN_POINT('',(0.244287544388762,2.70720003462135,1.76499758597852));
#4126=CARTESIAN_POINT('',(0.143852925200916,2.74319295063884,1.72075711519373));
#4127=CARTESIAN_POINT('',(0.043418306013069,2.77918586665634,1.67651664440895));
#4128=CARTESIAN_POINT('',(0.3444980719478,2.67051558544517,1.80889984494352));
#4129=CARTESIAN_POINT('',(0.243973842883545,2.70625712023832,1.76464464869041));
#4130=CARTESIAN_POINT('',(0.143449613819291,2.74199865503148,1.7203894524373));
#4131=CARTESIAN_POINT('',(0.042925384755036,2.77774018982465,1.6761342561842));
#4132=CARTESIAN_POINT('',(0.344275637870331,2.66982345692685,1.80856175333312));
#4133=CARTESIAN_POINT('',(0.243662431957975,2.70531339391694,1.76429183173021));
#4134=CARTESIAN_POINT('',(0.143049226045619,2.74080333090703,1.72002191012728));
#4135=CARTESIAN_POINT('',(0.042436020133263,2.77629326789712,1.67575198852437));
#4136=CARTESIAN_POINT('',(0.344091690229122,2.66924627600907,1.8082799193647));
#4137=CARTESIAN_POINT('',(0.24340485451569,2.70452634022875,1.76399779097237));
#4138=CARTESIAN_POINT('',(0.142718018802262,2.73980640444844,1.71971566258003));
#4139=CARTESIAN_POINT('',(0.0420311830888302,2.77508646866814,1.6754335341877));
#4140=CARTESIAN_POINT('',(0.343963669508985,2.66884203708916,1.80808258861165));
#4141=CARTESIAN_POINT('',(0.243225572252256,2.70397510746646,1.7637922623297));
#4142=CARTESIAN_POINT('',(0.142487474995526,2.73910817784378,1.71950193604775));
#4143=CARTESIAN_POINT('',(0.0417493777387958,2.77424124822108,1.6752116097658));
#4144=CARTESIAN_POINT('',(0.34389984483503,2.66863986474454,1.8079839115887));
#4145=CARTESIAN_POINT('',(0.243136171170455,2.70369937021315,1.76368899802495));
#4146=CARTESIAN_POINT('',(0.142372497505878,2.73875887568176,1.71939408446121));
#4147=CARTESIAN_POINT('',(0.0416088238413028,2.77381838115037,1.67509917089747));
#4148=CARTESIAN_POINT('',(0.343867978923197,2.66853876537415,1.80793457017777));
#4149=CARTESIAN_POINT('',(0.24309155951777,2.70356155910179,1.76363808740522));
#4150=CARTESIAN_POINT('',(0.142315140112346,2.73858435282943,1.71934160463267));
#4151=CARTESIAN_POINT('',(0.0415387207069219,2.77360714655707,1.67504512186012));
#4152=CARTESIAN_POINT('',(0.343849783095561,2.66848099053778,1.80790637425914));
#4153=CARTESIAN_POINT('',(0.243066054578283,2.70348271088697,1.76360771509427));
#4154=CARTESIAN_POINT('',(0.142282326061002,2.73848443123615,1.71930905592941));
#4155=CARTESIAN_POINT('',(0.0414985975437203,2.77348615158536,1.67501039676454));
#4156=CARTESIAN_POINT('',(0.34383159611133,2.66842321319078,1.80787817778997));
#4157=CARTESIAN_POINT('',(0.243040315685086,2.70340311744684,1.7635836952633));
#4158=CARTESIAN_POINT('',(0.142249035258841,2.73838302170289,1.71928921273663));
#4159=CARTESIAN_POINT('',(0.0414577548325974,2.77336292595895,1.67499473020997));
#4160=CARTESIAN_POINT('',(0.34380887896274,2.66835098680168,1.80784293117234));
#4161=CARTESIAN_POINT('',(0.243007937518181,2.70330293070887,1.76356131439516));
#4162=CARTESIAN_POINT('',(0.142206996073622,2.73825487461604,1.71927969761799));
#4163=CARTESIAN_POINT('',(0.041406054629059,2.77320681852323,1.67499808084082));
#4164=CARTESIAN_POINT('',(0.343772566900668,2.66823541454983,1.80778653438894));
#4165=CARTESIAN_POINT('',(0.242956253554115,2.70314282878494,1.7635247343138));
#4166=CARTESIAN_POINT('',(0.142139940207561,2.73805024302004,1.71926293423866));
#4167=CARTESIAN_POINT('',(0.0413236268610035,2.77295765725515,1.67500113416353));
#4168=CARTESIAN_POINT('',(0.343709113656797,2.66803313680531,1.80768783426777));
#4169=CARTESIAN_POINT('',(0.242865945220411,2.70286263582648,1.76345831343048));
#4170=CARTESIAN_POINT('',(0.142022776784025,2.73769213484763,1.71922879259318));
#4171=CARTESIAN_POINT('',(0.041179608347635,2.77252163386881,1.67499927175588));
#4172=CARTESIAN_POINT('',(0.343582578657007,2.66762847628572,1.80749041112192));
#4173=CARTESIAN_POINT('',(0.242685847757454,2.70230207031975,1.76332710257998));
#4174=CARTESIAN_POINT('',(0.141789116857898,2.73697566435375,1.71916379403804));
#4175=CARTESIAN_POINT('',(0.0408923859583459,2.77164925838777,1.6750004854961));
#4176=CARTESIAN_POINT('',(0.343187232659917,2.66635602821153,1.80686979563655));
#4177=CARTESIAN_POINT('',(0.242123130275,2.70053930036202,1.76291298131499));
#4178=CARTESIAN_POINT('',(0.141059027890082,2.7347225725125,1.71895616699345));
#4179=CARTESIAN_POINT('',(0.0399949255051636,2.76890584466299,1.6749993526719));
#4180=CARTESIAN_POINT('',(0.342271184580436,2.66334327704458,1.80540178096233));
#4181=CARTESIAN_POINT('',(0.240819065528267,2.69636483658888,1.76193469326238));
#4182=CARTESIAN_POINT('',(0.139366946476097,2.72938639613316,1.71846760556245));
#4183=CARTESIAN_POINT('',(0.0379148274239315,2.76240795567746,1.67500051786251));
#4184=CARTESIAN_POINT('',(0.340393421808815,2.65682842696636,1.80223458813011));
#4185=CARTESIAN_POINT('',(0.238145018575636,2.68733407141686,1.75982294367286));
#4186=CARTESIAN_POINT('',(0.135896615342461,2.71783971586732,1.71741129921561));
#4187=CARTESIAN_POINT('',(0.0336482121092857,2.74834536031783,1.67499965475836));
#4188=CARTESIAN_POINT('',(0.337019899759251,2.64370138889183,1.79588213187129));
#4189=CARTESIAN_POINT('',(0.233338138931477,2.669123871738,1.75558816463457));
#4190=CARTESIAN_POINT('',(0.129656378103707,2.69454635458414,1.71529419739785));
#4191=CARTESIAN_POINT('',(0.0259746172759333,2.71996883743032,1.67500023016113));
#4192=CARTESIAN_POINT('',(0.331808454028863,2.61710637979946,1.78313045453595));
#4193=CARTESIAN_POINT('',(0.225907052714455,2.63218787546696,1.74708691854373));
#4194=CARTESIAN_POINT('',(0.120005651400051,2.64726937113447,1.7110433825515));
#4195=CARTESIAN_POINT('',(0.0141042500856441,2.66235086680196,1.67499984655929));
#4196=CARTESIAN_POINT('',(0.32999995852865,2.59389220831719,1.77220776590919));
#4197=CARTESIAN_POINT('',(0.223333305685796,2.59991781129112,1.7398051772728));
#4198=CARTESIAN_POINT('',(0.116666652842941,2.60594341426505,1.70740258863641));
#4199=CARTESIAN_POINT('',(0.0100000000000863,2.61196901723898,1.67500000000002));
#4200=CARTESIAN_POINT('',(0.329999948914577,2.57838080631754,1.765));
#4201=CARTESIAN_POINT('',(0.223333299276416,2.57838080087689,1.73500000000003));
#4202=CARTESIAN_POINT('',(0.116666649638254,2.57838079543624,1.70500000000002));
#4203=CARTESIAN_POINT('',(0.0100000000000933,2.57838078999559,1.67500000000002));
#4204=CARTESIAN_POINT('',(-0.625002898658098,25.32,0.97));
#4205=CARTESIAN_POINT('',(-0.625002898658098,25.32,0.97));
#4206=CARTESIAN_POINT('',(0.624997101269141,25.32,0.97));
#4207=CARTESIAN_POINT('',(0.624997101269141,25.32,0.395));
#4208=CARTESIAN_POINT('',(0.624997101269141,25.32,-0.18));
#4209=CARTESIAN_POINT('',(0.624997101269141,25.32,0.));
#4210=CARTESIAN_POINT('',(0.624997101269141,25.32,0.14));
#4211=CARTESIAN_POINT('',(0.624997101269141,25.32,0.395));
#4212=CARTESIAN_POINT('',(0.624997101269141,25.32,0.65));
#4213=CARTESIAN_POINT('',(-0.625002898658098,25.32,0.65));
#4214=CARTESIAN_POINT('',(-0.625002898698591,25.32,0.65));
#4215=CARTESIAN_POINT('',(-0.62500289873086,25.32,0.395));
#4216=CARTESIAN_POINT('',(-0.625002898658098,25.32,0.14));
#4217=CARTESIAN_POINT('',(-0.625002898658098,25.32,0.));
#4218=CARTESIAN_POINT('',(-0.625002898658098,25.32,-0.18));
#4219=CARTESIAN_POINT('',(-0.62500289873086,25.32,0.395));
#4220=CARTESIAN_POINT('',(3.10862446895044E-14,25.32,1.16));
#4221=CARTESIAN_POINT('',(0.624997101269141,25.2200000000009,0.65));
#4222=CARTESIAN_POINT('',(0.624997101269141,21.7200000000009,0.65));
#4223=CARTESIAN_POINT('',(-0.625002898658098,21.7200000000009,0.65));
#4224=CARTESIAN_POINT('',(-0.625002898698591,21.7200000000009,0.65));
#4225=CARTESIAN_POINT('',(-0.625002898658098,25.2200000000009,0.65));
#4226=CARTESIAN_POINT('',(-0.625002898658098,25.2200000000009,0.65));
#4227=CARTESIAN_POINT('',(-0.625002898658098,21.7200000000009,0.97));
#4228=CARTESIAN_POINT('',(-0.625002898658098,21.7200000000009,0.97));
#4229=CARTESIAN_POINT('',(0.624997101269141,21.7200000000009,0.97));
#4230=CARTESIAN_POINT('',(0.624997101269141,25.2200000000009,0.97));
#4231=CARTESIAN_POINT('',(-0.625002898658098,25.2200000000009,0.97));
#4232=CARTESIAN_POINT('',(-0.625002898658098,25.2200000000009,0.97));
#4233=CARTESIAN_POINT('',(0.624997101269141,21.7200000000009,0.395));
#4234=CARTESIAN_POINT('',(0.678380431981983,21.7200000000012,0.644349593947887));
#4235=CARTESIAN_POINT('',(-5.7760459321762,21.7200000000009,-20.7443004551924));
#4236=CARTESIAN_POINT('',(0.779650712358564,21.7200000000005,0.948811574710931));
#4237=CARTESIAN_POINT('',(0.624997101269141,21.7200000000009,0.395));
#4238=CARTESIAN_POINT('',(-0.62500289873086,21.7200000000009,0.395));
#4239=CARTESIAN_POINT('',(-0.779651205135785,21.7200000000005,0.948813056213679));
#4240=CARTESIAN_POINT('',(-2.62293435514798,21.7200000000009,4.45851070536137));
#4241=CARTESIAN_POINT('',(-0.678380817360369,21.7200000000005,0.644350752561039));
#4242=CARTESIAN_POINT('',(-0.62500289873086,21.7200000000009,0.395));
#4243=CARTESIAN_POINT('',(0.624997101269141,21.7200000000009,0.395));
#4244=CARTESIAN_POINT('',(1.17274509050507,21.7200000000006,0.14));
#4245=CARTESIAN_POINT('',(0.624997101269141,21.7200000000012,0.14));
#4246=CARTESIAN_POINT('',(0.152116583818459,21.7200482379187,0.139980453318086));
#4247=CARTESIAN_POINT('',(0.624997101269141,25.2200000000009,0.14));
#4248=CARTESIAN_POINT('',(0.624997101269141,25.32,0.14));
#4249=CARTESIAN_POINT('',(-0.625002898698591,25.2200000000009,0.14));
#4250=CARTESIAN_POINT('',(-0.625002898714725,21.7200000000009,0.14));
#4251=CARTESIAN_POINT('',(0.624997101269141,21.7200000000009,0.14));
#4252=CARTESIAN_POINT('',(-0.153174168206857,21.7200480428111,0.139980453390572));
#4253=CARTESIAN_POINT('',(-0.152120147026636,21.7200960856234,0.14));
#4254=CARTESIAN_POINT('',(-0.0507983882761692,21.7244072686491,0.14));
#4255=CARTESIAN_POINT('',(0.0507991407604979,21.7244249486144,0.14));
#4256=CARTESIAN_POINT('',(0.152120162364095,21.7200964758384,0.14));
#4257=CARTESIAN_POINT('',(0.624997101269141,25.2200000000009,0.14));
#4258=CARTESIAN_POINT('',(0.152116922239574,21.7199999977896,0.13996090927655));
#4259=CARTESIAN_POINT('',(0.165997970605691,21.7199999977897,0.140201270980112));
#4260=CARTESIAN_POINT('',(0.24430496559476,21.71999999779,0.143333682968713));
#4261=CARTESIAN_POINT('',(0.384411298869822,21.7199999977906,0.184162786266495));
#4262=CARTESIAN_POINT('',(0.539273210044561,21.7199999977914,0.306397961688223));
#4263=CARTESIAN_POINT('',(0.604063773433467,21.7199999977919,0.420921782659363));
#4264=CARTESIAN_POINT('',(0.62444301842331,21.7199999977922,0.482190550760111));
#4265=CARTESIAN_POINT('',(0.624443018423305,21.7200000000004,0.482190550760113));
#4266=CARTESIAN_POINT('',(-5.77604593396947,21.7200000000069,-20.744300460585));
#4267=CARTESIAN_POINT('',(0.624997101269141,21.7200000000009,0.395));
#4268=CARTESIAN_POINT('',(1.17274509050507,21.7200000000009,1.85407112869697));
#4269=CARTESIAN_POINT('',(0.624997101269141,25.32,-0.18));
#4270=CARTESIAN_POINT('',(0.624997101269141,25.2200000000009,-0.18));
#4271=CARTESIAN_POINT('',(0.624997101269141,21.6898398351381,-0.18));
#4272=CARTESIAN_POINT('',(0.624997101269141,21.6898398351381,-0.18));
#4273=CARTESIAN_POINT('',(0.573818417257287,21.6733020659763,-0.18));
#4274=CARTESIAN_POINT('',(0.523636637205237,21.6510111784872,-0.18));
#4275=CARTESIAN_POINT('',(0.479209926336073,21.6206957885444,-0.18));
#4276=CARTESIAN_POINT('',(0.46621723922427,21.6118299875771,-0.18));
#4277=CARTESIAN_POINT('',(0.453676453082845,21.6021644366862,-0.18));
#4278=CARTESIAN_POINT('',(0.44226834985856,21.5913354235271,-0.18));
#4279=CARTESIAN_POINT('',(0.430772148054776,21.5804227837862,-0.18));
#4280=CARTESIAN_POINT('',(0.420108949696198,21.5680745820802,-0.18));
#4281=CARTESIAN_POINT('',(0.412818620991939,21.5539998007529,-0.18));
#4282=CARTESIAN_POINT('',(0.409026495586316,21.5466786856132,-0.18));
#4283=CARTESIAN_POINT('',(0.406151217584916,21.5387302429561,-0.18));
#4284=CARTESIAN_POINT('',(0.404822756029317,21.5305930363178,-0.18));
#4285=CARTESIAN_POINT('',(0.404131772352098,21.526360563845,-0.18));
#4286=CARTESIAN_POINT('',(0.403847862369736,21.5220400173067,-0.17999999999839));
#4287=CARTESIAN_POINT('',(0.403996403016149,21.5177540848117,-0.17999999999839));
#4288=CARTESIAN_POINT('',(0.403996403016149,21.5177540848117,-0.17999999999839));
#4289=CARTESIAN_POINT('',(-0.405283888744514,21.517575957027,-0.18));
#4290=CARTESIAN_POINT('',(-0.404490298964041,21.5388602033541,-0.18));
#4291=CARTESIAN_POINT('',(-0.399687181561284,21.5602993959477,-0.179999999999977));
#4292=CARTESIAN_POINT('',(-0.391533880636374,21.5799760981735,-0.179999999999977));
#4293=CARTESIAN_POINT('',(-0.383408272613036,21.5995859679612,-0.179999999999977));
#4294=CARTESIAN_POINT('',(-0.371892746448248,21.618036323632,-0.179999999999989));
#4295=CARTESIAN_POINT('',(-0.358108713383359,21.634178595198,-0.179999999999989));
#4296=CARTESIAN_POINT('',(-0.343340493190808,21.6514734333467,-0.179999999999989));
#4297=CARTESIAN_POINT('',(-0.325569540068094,21.6665170797531,-0.179999999999989));
#4298=CARTESIAN_POINT('',(-0.306244883551617,21.6785074677688,-0.179999999999989));
#4299=CARTESIAN_POINT('',(-0.28521460399844,21.6915561453329,-0.179999999999989));
#4300=CARTESIAN_POINT('',(-0.261902738069761,21.7013046820853,-0.179999999999985));
#4301=CARTESIAN_POINT('',(-0.238024194179837,21.7078128143791,-0.179999999999985));
#4302=CARTESIAN_POINT('',(-0.208944447854959,21.7157385420544,-0.179999999999985));
#4303=CARTESIAN_POINT('',(-0.178539009026798,21.718805684872,-0.18));
#4304=CARTESIAN_POINT('',(-0.148419956136766,21.7199421084325,-0.18));
#4305=CARTESIAN_POINT('',(-0.0495158029593634,21.7236738662111,-0.18));
#4306=CARTESIAN_POINT('',(0.049600484052568,21.7236969808091,-0.18));
#4307=CARTESIAN_POINT('',(0.148503632981888,21.7199387014526,-0.18));
#4308=CARTESIAN_POINT('',(0.179239983272255,21.7187707326666,-0.18));
#4309=CARTESIAN_POINT('',(0.210293257164447,21.7155624145466,-0.179999999999989));
#4310=CARTESIAN_POINT('',(0.239898145244329,21.7072174770372,-0.179999999999989));
#4311=CARTESIAN_POINT('',(0.269847132774039,21.6987755458018,-0.179999999999989));
#4312=CARTESIAN_POINT('',(0.298979785508173,21.6849846567174,-0.179999999998587));
#4313=CARTESIAN_POINT('',(0.32369018273186,21.6660742276877,-0.179999999998587));
#4314=CARTESIAN_POINT('',(0.345884077083254,21.6490896337038,-0.179999999998587));
#4315=CARTESIAN_POINT('',(0.365213740476137,21.627412178359,-0.179999999998185));
#4316=CARTESIAN_POINT('',(0.379121517345861,21.603171321901,-0.179999999998185));
#4317=CARTESIAN_POINT('',(0.391021288708195,21.5824303614887,-0.179999999998185));
#4318=CARTESIAN_POINT('',(0.399300282241805,21.5590491365256,-0.179999999999379));
#4319=CARTESIAN_POINT('',(0.402504060670713,21.5353525586908,-0.179999999999379));
#4320=CARTESIAN_POINT('',(0.403292835601852,21.5295184265982,-0.179999999999379));
#4321=CARTESIAN_POINT('',(0.403792488112589,21.523637764094,-0.179999999997502));
#4322=CARTESIAN_POINT('',(0.403996403018664,21.5177540848134,-0.179999999997502));
#4323=CARTESIAN_POINT('',(-0.405283888744514,21.517575957027,-0.18));
#4324=CARTESIAN_POINT('',(-0.405283888744514,21.517575957027,-0.18));
#4325=CARTESIAN_POINT('',(-0.404970247889086,21.5259878713204,-0.18));
#4326=CARTESIAN_POINT('',(-0.406390144061531,21.5345757713989,-0.18));
#4327=CARTESIAN_POINT('',(-0.409132770730301,21.5425342053918,-0.18));
#4328=CARTESIAN_POINT('',(-0.412625873338685,21.5526703376099,-0.18));
#4329=CARTESIAN_POINT('',(-0.418233104585584,21.5621317560548,-0.18));
#4330=CARTESIAN_POINT('',(-0.424717526268625,21.5706696256727,-0.18));
#4331=CARTESIAN_POINT('',(-0.436976910006779,21.5868112378422,-0.18));
#4332=CARTESIAN_POINT('',(-0.452555510040102,21.6004388661548,-0.18));
#4333=CARTESIAN_POINT('',(-0.468824912914862,21.6125281450071,-0.18));
#4334=CARTESIAN_POINT('',(-0.507463058881955,21.6412389295717,-0.18));
#4335=CARTESIAN_POINT('',(-0.551626630327594,21.6627232129155,-0.18));
#4336=CARTESIAN_POINT('',(-0.596688555415973,21.6796536110626,-0.18));
#4337=CARTESIAN_POINT('',(-0.606049490496236,21.6831706458459,-0.18));
#4338=CARTESIAN_POINT('',(-0.61549262620817,21.6864760916714,-0.18));
#4339=CARTESIAN_POINT('',(-0.625002898658098,21.6895666186769,-0.18));
#4340=CARTESIAN_POINT('',(-0.625002898658098,21.6895666186769,-0.18));
#4341=CARTESIAN_POINT('',(-0.625002898658098,25.2200000000009,-0.18));
#4342=CARTESIAN_POINT('',(0.624997101269141,25.2200000000009,-0.18));
#4343=CARTESIAN_POINT('',(1.12565114311779,20.82,0.999775910364143));
#4344=CARTESIAN_POINT('',(0.994538070153482,20.82,0.50818451062348));
#4345=CARTESIAN_POINT('',(0.508775728785441,20.82,0.134999999999998));
#4346=CARTESIAN_POINT('',(-0.508775728785386,20.82,0.135000000000002));
#4347=CARTESIAN_POINT('',(-0.994538070153425,20.82,0.508184510623486));
#4348=CARTESIAN_POINT('',(-1.12565114311773,20.82,0.999775910364151));
#4349=CARTESIAN_POINT('',(1.12578925907427,20.8317185248293,1.00281228435842));
#4350=CARTESIAN_POINT('',(-1.13631454622908,20.8256456330472,1.03321305065882));
#4351=CARTESIAN_POINT('',(1.12511348211734,20.8434370496585,0.999220889053675));
#4352=CARTESIAN_POINT('',(1.11209967731184,20.8591610112205,0.953672191776471));
#4353=CARTESIAN_POINT('',(1.09527181006085,20.8828436635061,0.911237447593779));
#4354=CARTESIAN_POINT('',(1.07637664407206,20.911773925043,0.875219416331218));
#4355=CARTESIAN_POINT('',(1.057545248222,20.9406065485495,0.839322943929345));
#4356=CARTESIAN_POINT('',(1.03631954579973,20.975337470615,0.808717940373186));
#4357=CARTESIAN_POINT('',(1.01489190915527,21.0133138682089,0.784777430928915));
#4358=CARTESIAN_POINT('',(0.99151705597703,21.0547413355831,0.758661349974324));
#4359=CARTESIAN_POINT('',(0.967855402563352,21.1013793119985,0.739732745855978));
#4360=CARTESIAN_POINT('',(0.942606347370236,21.1483204703865,0.729550341443273));
#4361=CARTESIAN_POINT('',(0.917524921386784,21.1949499850626,0.71943553830876));
#4362=CARTESIAN_POINT('',(0.88919667314188,21.2423721185941,0.717945358837092));
#4363=CARTESIAN_POINT('',(0.857963096439551,21.2859731308291,0.723341119136016));
#4364=CARTESIAN_POINT('',(0.857963096439444,21.2859731308292,0.723341119135913));
#4365=CARTESIAN_POINT('',(0.626262356557788,21.7199286312693,0.481585458660573));
#4366=CARTESIAN_POINT('',(0.621463979534697,21.5840771010424,0.483181382607925));
#4367=CARTESIAN_POINT('',(0.692630894088704,21.4232122742886,0.565766120313129));
#4368=CARTESIAN_POINT('',(0.863557096405794,21.2910215166516,0.721486440030294));
#4369=CARTESIAN_POINT('',(-0.624443018423252,21.7199999999968,0.482190550760082));
#4370=CARTESIAN_POINT('',(-0.604063773379708,21.7199999999968,0.420921782772614));
#4371=CARTESIAN_POINT('',(-0.539273209715501,21.7199999999968,0.306397962049317));
#4372=CARTESIAN_POINT('',(-0.384411298744515,21.7199999999968,0.184162786940488));
#4373=CARTESIAN_POINT('',(-0.244650302531358,21.7199999999968,0.143434320179734));
#4374=CARTESIAN_POINT('',(-0.166701673577237,21.7199999999968,0.140229811155482));
#4375=CARTESIAN_POINT('',(-0.153174179726202,21.7199999999968,0.139979830035991));
#4376=CARTESIAN_POINT('',(-0.62444301842326,21.7199999999992,0.482190550760113));
#4377=CARTESIAN_POINT('',(-0.62444301842326,21.72,0.482190550760113));
#4378=CARTESIAN_POINT('',(-0.624311517354489,21.669486812835,0.481695661963385));
#4379=CARTESIAN_POINT('',(-0.638959626674927,21.5679470904251,0.496319187696019));
#4380=CARTESIAN_POINT('',(-0.704135459827947,21.4455175013097,0.563682162141185));
#4381=CARTESIAN_POINT('',(-0.781433326864374,21.3575957525121,0.643980590346878));
#4382=CARTESIAN_POINT('',(-0.834231196090836,21.3075941430763,0.698922518712305));
#4383=CARTESIAN_POINT('',(-0.85792312352882,21.285519816278,0.723587638657393));
#4384=CARTESIAN_POINT('',(-0.857991259292222,21.2852869567234,0.723425916391361));
#4385=CARTESIAN_POINT('',(-0.858003168534354,21.2853093468848,0.723312938886368));
#4386=CARTESIAN_POINT('',(-0.891521870697495,21.2386342942648,0.71759605188041));
#4387=CARTESIAN_POINT('',(-0.921456281133459,21.1873285320308,0.719882397696397));
#4388=CARTESIAN_POINT('',(-0.947837837130106,21.1374424691469,0.732135599806786));
#4389=CARTESIAN_POINT('',(-0.973885924429557,21.0881869771209,0.744233918734972));
#4390=CARTESIAN_POINT('',(-0.998683225017079,21.0397500581634,0.765950790963092));
#4391=CARTESIAN_POINT('',(-1.02302499649462,20.9974366797822,0.795413171024237));
#4392=CARTESIAN_POINT('',(-1.04785708990615,20.9542709732315,0.825469018622653));
#4393=CARTESIAN_POINT('',(-1.07223179746834,20.9157981627501,0.864778045389463));
#4394=CARTESIAN_POINT('',(-1.09253315589931,20.8863634101617,0.910655221043501));
#4395=CARTESIAN_POINT('',(-1.1048944737206,20.8684408493157,0.938589428053871));
#4396=CARTESIAN_POINT('',(-1.11594262112618,20.8535411865239,0.969409873572501));
#4397=CARTESIAN_POINT('',(-1.12515567687524,20.8425824827136,1.00180380358138));
#4398=CARTESIAN_POINT('',(-0.624474578679765,21.7321231649196,0.482309324071328));
#4399=CARTESIAN_POINT('',(-0.624464058594263,21.7280821099464,0.482269732967589));
#4400=CARTESIAN_POINT('',(-0.624453538508762,21.7240410549732,0.482230141863851));
#4401=CARTESIAN_POINT('',(-0.62444301842326,21.72,0.482190550760113));
#4402=CARTESIAN_POINT('',(-0.624311517354489,21.669486812835,0.481695661963385));
#4403=CARTESIAN_POINT('',(-0.638959626674927,21.5679470904251,0.496319187696019));
#4404=CARTESIAN_POINT('',(-0.704135459827947,21.4455175013097,0.563682162141185));
#4405=CARTESIAN_POINT('',(-0.786750169788939,21.3515481583684,0.64950382334447));
#4406=CARTESIAN_POINT('',(-0.874948181839158,21.2697020175939,0.741299259432643));
#4407=CARTESIAN_POINT('',(-0.963109064808525,21.1878686291798,0.833143537508385));
#4408=CARTESIAN_POINT('',(-1.04562015669024,21.093973886795,0.919138032749297));
#4409=CARTESIAN_POINT('',(-1.11075196238807,20.9718661408673,0.986988551781213));
#4410=CARTESIAN_POINT('',(-1.12565116626327,20.870514869465,1.00238016381204));
#4411=CARTESIAN_POINT('',(-1.1256511672696,20.82,1.00227600091847));
#4412=CARTESIAN_POINT('',(-0.603800888857296,21.732121694845,0.421651749862481));
#4413=CARTESIAN_POINT('',(-0.603888517031411,21.7280811298967,0.421408427499256));
#4414=CARTESIAN_POINT('',(-0.603976145205525,21.7240405649483,0.42116510513603));
#4415=CARTESIAN_POINT('',(-0.60406377337964,21.72,0.420921782772805));
#4416=CARTESIAN_POINT('',(-0.605159125556073,21.6694929381459,0.417880253232485));
#4417=CARTESIAN_POINT('',(-0.621017712969897,21.5679742795592,0.427402197211798));
#4418=CARTESIAN_POINT('',(-0.684431072124416,21.4455601030916,0.487056115360166));
#4419=CARTESIAN_POINT('',(-0.763831184537373,21.3515795391233,0.565148818209294));
#4420=CARTESIAN_POINT('',(-0.848345874130187,21.2697144335275,0.649210190254219));
#4421=CARTESIAN_POINT('',(-0.932824981687151,21.1878615489438,0.733318369203932));
#4422=CARTESIAN_POINT('',(-1.01212579344057,21.0939524771751,0.811576704672687));
#4423=CARTESIAN_POINT('',(-1.07549695961729,20.9718467337628,0.871697853049925));
#4424=CARTESIAN_POINT('',(-1.09159617931284,20.8705086740583,0.8819558797316));
#4425=CARTESIAN_POINT('',(-1.09281755431125,20.82,0.879288795848474));
#4426=CARTESIAN_POINT('',(-0.538596550762096,21.7321187546958,0.308317942650144));
#4427=CARTESIAN_POINT('',(-0.538822103746506,21.7280791697972,0.307677949116702));
#4428=CARTESIAN_POINT('',(-0.539047656730915,21.7240395848986,0.30703795558326));
#4429=CARTESIAN_POINT('',(-0.539273209715325,21.72,0.306397962049818));
#4430=CARTESIAN_POINT('',(-0.542092622020444,21.6695051887676,0.298398042881792));
#4431=CARTESIAN_POINT('',(-0.558912872897597,21.5680286578274,0.297986607073417));
#4432=CARTESIAN_POINT('',(-0.616612344969943,21.4456453066554,0.342627088206622));
#4433=CARTESIAN_POINT('',(-0.687394323201663,21.3516423006331,0.405666549925867));
#4434=CARTESIAN_POINT('',(-0.762353428794498,21.2697392653947,0.474664469462728));
#4435=CARTESIAN_POINT('',(-0.837280046441486,21.187847388472,0.543705125738815));
#4436=CARTESIAN_POINT('',(-0.907971358853151,21.0939096579353,0.60689581724169));
#4437=CARTESIAN_POINT('',(-0.965632306902494,20.9718079195538,0.651962899888004));
#4438=CARTESIAN_POINT('',(-0.982672265515287,20.8704962832449,0.652223539590326));
#4439=CARTESIAN_POINT('',(-0.985606742136118,20.82,0.644565505587564));
#4440=CARTESIAN_POINT('',(-0.383555638424844,21.732114344472,0.187681376442046));
#4441=CARTESIAN_POINT('',(-0.383840858531327,21.728076229648,0.186508513275166));
#4442=CARTESIAN_POINT('',(-0.384126078637809,21.724038114824,0.185335650108285));
#4443=CARTESIAN_POINT('',(-0.384411298744292,21.72,0.184162786941405));
#4444=CARTESIAN_POINT('',(-0.387976550075325,21.6695235647002,0.169501997355402));
#4445=CARTESIAN_POINT('',(-0.40255879381324,21.5681102252297,0.155743919912658));
#4446=CARTESIAN_POINT('',(-0.446166681760979,21.445773112001,0.180194387593862));
#4447=CARTESIAN_POINT('',(-0.498500705219495,21.3517364428978,0.222984129689027));
#4448=CARTESIAN_POINT('',(-0.553605681311015,21.2697765131955,0.271717012534536));
#4449=CARTESIAN_POINT('',(-0.608682810591695,21.1878261477643,0.320486526870929));
#4450=CARTESIAN_POINT('',(-0.660939120489382,21.0938454290757,0.363405894495728));
#4451=CARTESIAN_POINT('',(-0.704513987846305,20.9717496982402,0.3882220206164));
#4452=CARTESIAN_POINT('',(-0.71928455250073,20.8704776970248,0.375040007896856));
#4453=CARTESIAN_POINT('',(-0.722948430388087,20.82,0.360672262738222));
#4454=CARTESIAN_POINT('',(-0.225643455450134,21.7321106692854,0.142634345712372));
#4455=CARTESIAN_POINT('',(-0.225855736659546,21.7280737795236,0.141116571646654));
#4456=CARTESIAN_POINT('',(-0.226068017868958,21.7240368897618,0.139598797580936));
#4457=CARTESIAN_POINT('',(-0.22628029907837,21.72,0.138081023515217));
#4458=CARTESIAN_POINT('',(-0.22893381419602,21.6695388779773,0.11910884769374));
#4459=CARTESIAN_POINT('',(-0.238584514514617,21.5681781980649,0.0967072471147031));
#4460=CARTESIAN_POINT('',(-0.265849609486921,21.4458796164557,0.108050720924427));
#4461=CARTESIAN_POINT('',(-0.298210531096172,21.3518148947851,0.137683714004712));
#4462=CARTESIAN_POINT('',(-0.332170593064999,21.2698075530295,0.173247083612616));
#4463=CARTESIAN_POINT('',(-0.366106675835492,21.1878084471745,0.208841997004452));
#4464=CARTESIAN_POINT('',(-0.398400677433266,21.0937919050259,0.238586612069374));
#4465=CARTESIAN_POINT('',(-0.425637338008244,20.9717011804789,0.250244958423865));
#4466=CARTESIAN_POINT('',(-0.435450203560742,20.870462208508,0.228339413578445));
#4467=CARTESIAN_POINT('',(-0.438188647101894,20.82,0.209619581569425));
#4468=CARTESIAN_POINT('',(-0.0965290674107992,21.7321077291362,0.145553685128923));
#4469=CARTESIAN_POINT('',(-0.0966269603701618,21.7280718194242,0.143823049281183));
#4470=CARTESIAN_POINT('',(-0.0967248533295244,21.7240359097121,0.142092413433442));
#4471=CARTESIAN_POINT('',(-0.096822746288887,21.72,0.140361777585702));
#4472=CARTESIAN_POINT('',(-0.0980464082809197,21.6695511285991,0.118728829488948));
#4473=CARTESIAN_POINT('',(-0.102350945554238,21.5682325763331,0.0909890838270817));
#4474=CARTESIAN_POINT('',(-0.114440413681459,21.4459648200196,0.0942119726789297));
#4475=CARTESIAN_POINT('',(-0.128721461346562,21.3518776562949,0.11568457668662));
#4476=CARTESIAN_POINT('',(-0.1436641995525,21.2698323848967,0.143077345843746));
#4477=CARTESIAN_POINT('',(-0.158586052650107,21.1877942867027,0.170497588619244));
#4478=CARTESIAN_POINT('',(-0.172808815143218,21.0937490857862,0.192067411775573));
#4479=CARTESIAN_POINT('',(-0.184873517827903,20.9716623662699,0.195564544456427));
#4480=CARTESIAN_POINT('',(-0.189319295789037,20.8704498176947,0.168256847336513));
#4481=CARTESIAN_POINT('',(-0.190616927698312,20.82,0.146843682560285));
#4482=CARTESIAN_POINT('',(-1.58113163156948E-5,21.7321055240243,0.145160216055093));
#4483=CARTESIAN_POINT('',(-1.05408901493057E-5,21.7280703493495,0.143379847748393));
#4484=CARTESIAN_POINT('',(-5.27046398291672E-6,21.7240351746748,0.141599479441694));
#4485=CARTESIAN_POINT('',(-3.78165276870846E-11,21.72,0.139819111134994));
#4486=CARTESIAN_POINT('',(6.58802892633352E-5,21.6695603165653,0.117564507301247));
#4487=CARTESIAN_POINT('',(0.00020527024970292,21.5682733600342,0.0885689997661869));
#4488=CARTESIAN_POINT('',(0.000148979680992887,21.4460287226924,0.0898232203080213));
#4489=CARTESIAN_POINT('',(7.92948986992467E-5,21.3519247274272,0.109297302919658));
#4490=CARTESIAN_POINT('',(5.10069396263066E-5,21.2698510087971,0.134683892147095));
#4491=CARTESIAN_POINT('',(4.12835213814697E-5,21.1877836663488,0.160094902368733));
#4492=CARTESIAN_POINT('',(2.34077814674987E-5,21.0937169713563,0.179655402002011));
#4493=CARTESIAN_POINT('',(-1.08690608002378E-5,20.9716332556131,0.181153394836031));
#4494=CARTESIAN_POINT('',(2.97362138865683E-6,20.8704405245846,0.152541930449174));
#4495=CARTESIAN_POINT('',(3.10291091881742E-6,20.82,0.130482689567006));
#4496=CARTESIAN_POINT('',(0.0964974394122578,21.7321033189124,0.145538846107574));
#4497=CARTESIAN_POINT('',(0.0966058750097343,21.7280688792749,0.143813156696495));
#4498=CARTESIAN_POINT('',(0.0967143106072109,21.7240344396375,0.142087467285416));
#4499=CARTESIAN_POINT('',(0.0968227462046874,21.72,0.140361777874338));
#4500=CARTESIAN_POINT('',(0.0981781911731441,21.6695695045316,0.118790660235854));
#4501=CARTESIAN_POINT('',(0.10276155301187,21.5683141437354,0.0911496746921134));
#4502=CARTESIAN_POINT('',(0.114738506968464,21.4460926253652,0.0943506527207028));
#4503=CARTESIAN_POINT('',(0.128880252035772,21.3519717985596,0.115741639733055));
#4504=CARTESIAN_POINT('',(0.143766481290358,21.2698696326975,0.143037474827572));
#4505=CARTESIAN_POINT('',(0.158668954518269,21.187773045995,0.170354678292118));
#4506=CARTESIAN_POINT('',(0.172856032498344,21.0936848569265,0.191821280199113));
#4507=CARTESIAN_POINT('',(0.184852248465287,20.9716041449563,0.195235558983068));
#4508=CARTESIAN_POINT('',(0.189325756435327,20.8704312314745,0.167930611193782));
#4509=CARTESIAN_POINT('',(0.190623669245928,20.82,0.146530436137929));
#4510=CARTESIAN_POINT('',(0.225611815053371,21.7321003787632,0.142599719024022));
#4511=CARTESIAN_POINT('',(0.225834643012888,21.7280669191755,0.141093487186574));
#4512=CARTESIAN_POINT('',(0.226057470972406,21.7240334595877,0.139587255349126));
#4513=CARTESIAN_POINT('',(0.226280298931923,21.72,0.138081023511677));
#4514=CARTESIAN_POINT('',(0.229065648425889,21.6695817551533,0.119253125543575));
#4515=CARTESIAN_POINT('',(0.238995276109677,21.5683685220035,0.0970819788083215));
#4516=CARTESIAN_POINT('',(0.26614801111103,21.446177828929,0.108374347716009));
#4517=CARTESIAN_POINT('',(0.298369784322162,21.3520345600694,0.13781692149274));
#4518=CARTESIAN_POINT('',(0.332273491539312,21.2698944645647,0.173154131973456));
#4519=CARTESIAN_POINT('',(0.366190348639783,21.1877588855231,0.208508640658638));
#4520=CARTESIAN_POINT('',(0.3984488199242,21.0936420376867,0.238012426494015));
#4521=CARTESIAN_POINT('',(0.42561714798111,20.9715653307473,0.249477467441308));
#4522=CARTESIAN_POINT('',(0.435457846342299,20.8704188406612,0.227578351268842));
#4523=CARTESIAN_POINT('',(0.438196622184667,20.82,0.208888835391442));
#4524=CARTESIAN_POINT('',(0.383523990034914,21.7320967035767,0.187622009418579));
#4525=CARTESIAN_POINT('',(0.383819759592529,21.7280644690511,0.186468935245154));
#4526=CARTESIAN_POINT('',(0.384115529150144,21.7240322345256,0.18531586107173));
#4527=CARTESIAN_POINT('',(0.384411298707759,21.72,0.184162786898305));
#4528=CARTESIAN_POINT('',(0.388108418177945,21.6695970684304,0.169749359730496));
#4529=CARTESIAN_POINT('',(0.402969656806727,21.5684364948388,0.156386403930485));
#4530=CARTESIAN_POINT('',(0.446465286072027,21.4462843333837,0.180749350073996));
#4531=CARTESIAN_POINT('',(0.498660262420938,21.3521130119566,0.223212745943151));
#4532=CARTESIAN_POINT('',(0.553708985049293,21.2699255043987,0.271558014293563));
#4533=CARTESIAN_POINT('',(0.608766989948465,21.1877411849333,0.319915493141491));
#4534=CARTESIAN_POINT('',(0.660987870821305,21.0935885136369,0.362422097524294));
#4535=CARTESIAN_POINT('',(0.704494506948674,20.971516812986,0.386906929812709));
#4536=CARTESIAN_POINT('',(0.719292971937464,20.8704033521445,0.373735995585904));
#4537=CARTESIAN_POINT('',(0.722957215888875,20.82,0.359420249893885));
#4538=CARTESIAN_POINT('',(0.538564959152017,21.7320922933529,0.308228867831652));
#4539=CARTESIAN_POINT('',(0.538801042739746,21.7280615289019,0.307618565895311));
#4540=CARTESIAN_POINT('',(0.539037126327474,21.724030764451,0.30700826395897));
#4541=CARTESIAN_POINT('',(0.539273209915203,21.72,0.306397962022628));
#4542=CARTESIAN_POINT('',(0.54222425476181,21.669615444363,0.298769187818364));
#4543=CARTESIAN_POINT('',(0.559323029334497,21.5685180622411,0.298950637147025));
#4544=CARTESIAN_POINT('',(0.616909535931405,21.4464121387294,0.343460139983098));
#4545=CARTESIAN_POINT('',(0.68755176026052,21.3522071542213,0.406010386372736));
#4546=CARTESIAN_POINT('',(0.762453905597191,21.2699627521994,0.474427188176359));
#4547=CARTESIAN_POINT('',(0.837360692069673,21.1877199442256,0.542850095229155));
#4548=CARTESIAN_POINT('',(0.908015868663492,21.0935242847773,0.605421945878445));
#4549=CARTESIAN_POINT('',(0.965607878690282,20.9714585916724,0.649992391785781));
#4550=CARTESIAN_POINT('',(0.982675266442107,20.8703847659243,0.650269851900151));
#4551=CARTESIAN_POINT('',(0.985609873529326,20.82,0.642689918433781));
#4552=CARTESIAN_POINT('',(0.603769327378334,21.7320893532037,0.421542871424091));
#4553=CARTESIAN_POINT('',(0.603867476045452,21.7280595688024,0.421335841873661));
#4554=CARTESIAN_POINT('',(0.60396562471257,21.7240297844012,0.421128812323232));
#4555=CARTESIAN_POINT('',(0.604063773379688,21.72,0.420921782772802));
#4556=CARTESIAN_POINT('',(0.605290631718664,21.6696276949847,0.418333913392433));
#4557=CARTESIAN_POINT('',(0.621427490070136,21.5685724405093,0.428580571836609));
#4558=CARTESIAN_POINT('',(0.684727504612386,21.4464973422931,0.488074521012325));
#4559=CARTESIAN_POINT('',(0.763987483985908,21.3522699157311,0.565569409626884));
#4560=CARTESIAN_POINT('',(0.848444834185727,21.2699875840667,0.648920642277248));
#4561=CARTESIAN_POINT('',(0.932903731431353,21.1877057837538,0.732273910011224));
#4562=CARTESIAN_POINT('',(1.0121680282301,21.0934814655375,0.809776000049439));
#4563=CARTESIAN_POINT('',(1.07546987724744,20.9714197774634,0.869290263580655));
#4564=CARTESIAN_POINT('',(1.09159627332413,20.870372375111,0.879568925618876));
#4565=CARTESIAN_POINT('',(1.09281765240998,20.82,0.876997336484472));
#4566=CARTESIAN_POINT('',(0.624443017642376,21.7320878831291,0.482190547832095));
#4567=CARTESIAN_POINT('',(0.624443017902687,21.7280585887527,0.482190548808101));
#4568=CARTESIAN_POINT('',(0.624443018162999,21.7240292943764,0.482190549784106));
#4569=CARTESIAN_POINT('',(0.62444301842331,21.72,0.482190550760111));
#4570=CARTESIAN_POINT('',(0.624443021677203,21.6696338202956,0.482190562960176));
#4571=CARTESIAN_POINT('',(0.639369398255531,21.5685996296434,0.497604684299082));
#4572=CARTESIAN_POINT('',(0.704431881276647,21.446539944075,0.564793144150076));
#4573=CARTESIAN_POINT('',(0.786906452678567,21.352301296486,0.649962641382554));
#4574=CARTESIAN_POINT('',(0.875047119816157,21.2700000000003,0.740983376961747));
#4575=CARTESIAN_POINT('',(0.96318778695455,21.1876987035178,0.83200411254177));
#4576=CARTESIAN_POINT('',(1.04566235836195,21.0934600559176,0.917173609779905));
#4577=CARTESIAN_POINT('',(1.11072484138076,20.9714003703589,0.98436206962852));
#4578=CARTESIAN_POINT('',(1.12565121795736,20.8703661797043,0.999776190965638));
#4579=CARTESIAN_POINT('',(1.12565122121125,20.82,0.999776203165703));
#4580=CARTESIAN_POINT('',(0.40399640301614,21.5177540848105,-0.1799999999984));
#4581=CARTESIAN_POINT('',(0.490218517878657,21.5167995525829,-0.150479018448182));
#4582=CARTESIAN_POINT('',(0.572673216415178,21.5142964751926,-0.106798679301289));
#4583=CARTESIAN_POINT('',(0.645756416408285,21.5097345753371,-0.0525337041948449));
#4584=CARTESIAN_POINT('',(0.664549134999146,21.5085615218825,-0.0385799308705838));
#4585=CARTESIAN_POINT('',(0.68281297883769,21.5072539482665,-0.0238973568654587));
#4586=CARTESIAN_POINT('',(0.700486643746896,21.5057914463865,-0.0085757129146497));
#4587=CARTESIAN_POINT('',(0.781629166243726,21.4990768746032,0.0617683184650209));
#4588=CARTESIAN_POINT('',(0.850856429995349,21.4884770127416,0.146916730113194));
#4589=CARTESIAN_POINT('',(0.906690288838938,21.4734271171142,0.237655685531267));
#4590=CARTESIAN_POINT('',(0.95471077664232,21.4604832987146,0.315696662676543));
#4591=CARTESIAN_POINT('',(0.994393650721794,21.4441144678426,0.39863391408844));
#4592=CARTESIAN_POINT('',(1.02671341605266,21.4282522114982,0.483884869449938));
#4593=CARTESIAN_POINT('',(1.02518987252741,21.4319649615765,0.485153279431175));
#4594=CARTESIAN_POINT('',(1.21480654628777,21.2462766314777,0.679253342482989));
#4595=CARTESIAN_POINT('',(1.14430846430821,21.3024423693199,0.616565411083575));
#4596=CARTESIAN_POINT('',(1.08066867641569,21.3646487829517,0.551582422688615));
#4597=CARTESIAN_POINT('',(1.02509418379242,21.4309883710102,0.484018517834191));
#4598=CARTESIAN_POINT('',(1.21102091716147,21.242939011693,0.680520251507474));
#4599=CARTESIAN_POINT('',(1.4331734453462,20.8615385792183,0.915544512077259));
#4600=CARTESIAN_POINT('',(1.41984765048264,20.8823944260903,0.871729986199339));
#4601=CARTESIAN_POINT('',(1.4034485095197,20.9110068873547,0.831773305811844));
#4602=CARTESIAN_POINT('',(1.3852418054405,20.9443559116247,0.798779149629111));
#4603=CARTESIAN_POINT('',(1.36707416360348,20.9776333860053,0.765855781970975));
#4604=CARTESIAN_POINT('',(1.34665473328739,21.0164856750607,0.738937843704682));
#4605=CARTESIAN_POINT('',(1.32481869349997,21.0573350535835,0.719549257120566));
#4606=CARTESIAN_POINT('',(1.30174909956386,21.1004920813338,0.699065377083474));
#4607=CARTESIAN_POINT('',(1.27614851207205,21.1469491496507,0.686643687679396));
#4608=CARTESIAN_POINT('',(1.24711502734729,21.1911348691788,0.682284386759432));
#4609=CARTESIAN_POINT('',(1.23559234342739,21.2086711065517,0.680554286253459));
#4610=CARTESIAN_POINT('',(1.22351024812733,21.2259965684945,0.680014935599903));
#4611=CARTESIAN_POINT('',(1.21102092457204,21.2429390164669,0.680520274603857));
#4612=CARTESIAN_POINT('',(1.43317339169899,20.8615382455528,0.915544369571002));
#4613=CARTESIAN_POINT('',(1.43484448440815,20.8200000001988,0.917310002167252));
#4614=CARTESIAN_POINT('',(1.4348430334728,20.8338754444888,0.917310500243503));
#4615=CARTESIAN_POINT('',(1.43428526234953,20.8477269528259,0.916722230418323));
#4616=CARTESIAN_POINT('',(1.4331739608839,20.8615382938503,0.915544398849762));
#4617=CARTESIAN_POINT('',(1.43484331759866,20.8200000007094,0.91731058181528));
#4618=CARTESIAN_POINT('',(1.43484278199311,20.82,0.91731058159098));
#4619=CARTESIAN_POINT('',(1.39300411048651,20.82,0.760768827360487));
#4620=CARTESIAN_POINT('',(1.256979274401,20.82,0.461904371355159));
#4621=CARTESIAN_POINT('',(0.921449410283828,20.82,0.100937540728095));
#4622=CARTESIAN_POINT('',(0.594825414014499,20.82,-0.0719551273926572));
#4623=CARTESIAN_POINT('',(0.361302940286761,20.82,-0.140803504194085));
#4624=CARTESIAN_POINT('',(0.242171865403978,20.82,-0.165699680085809));
#4625=CARTESIAN_POINT('',(0.121455743059672,20.82,-0.180822511348703));
#4626=CARTESIAN_POINT('',(-6.06361887662277E-5,20.82,-0.185926665862925));
#4627=CARTESIAN_POINT('',(-0.121592481783947,20.82,-0.180766811508633));
#4628=CARTESIAN_POINT('',(-0.242336436260177,20.82,-0.165568673299608));
#4629=CARTESIAN_POINT('',(-0.361489142151762,20.82,-0.14055797624963));
#4630=CARTESIAN_POINT('',(-0.595005341834255,20.82,-0.0713629144953268));
#4631=CARTESIAN_POINT('',(-0.921294914987754,20.82,0.102637994236577));
#4632=CARTESIAN_POINT('',(-1.25752284389835,20.82,0.463005585719639));
#4633=CARTESIAN_POINT('',(-1.39264148004621,20.82,0.762256886673366));
#4634=CARTESIAN_POINT('',(-1.43450560789507,20.82,0.918549576204737));
#4635=CARTESIAN_POINT('',(-1.43446324142711,20.82,0.918560924369749));
#4636=CARTESIAN_POINT('',(-1.43484287341617,20.82,0.919810924369752));
#4637=CARTESIAN_POINT('',(-1.43484287341617,20.833459520562,0.919838360961911));
#4638=CARTESIAN_POINT('',(-1.4343220067802,20.8469323145535,0.919305962863787));
#4639=CARTESIAN_POINT('',(-1.43328475363721,20.8603190881183,0.918218704312905));
#4640=CARTESIAN_POINT('',(-1.43328380120326,20.8603187285896,0.918215186271707));
#4641=CARTESIAN_POINT('',(-1.21084473951597,21.2426947519947,0.680556803506373));
#4642=CARTESIAN_POINT('',(-1.24405093392533,21.1978360736779,0.679226527397373));
#4643=CARTESIAN_POINT('',(-1.27407736250217,21.1493093444012,0.685611613168125));
#4644=CARTESIAN_POINT('',(-1.29995969987914,21.1024265540704,0.701385977963756));
#4645=CARTESIAN_POINT('',(-1.32588027961382,21.0554744922355,0.717183650117308));
#4646=CARTESIAN_POINT('',(-1.34952477316448,21.0094564873277,0.742541673216181));
#4647=CARTESIAN_POINT('',(-1.37078831236192,20.9697931833273,0.775717315280317));
#4648=CARTESIAN_POINT('',(-1.39138005213504,20.9313830001995,0.807844807408874));
#4649=CARTESIAN_POINT('',(-1.4101270353961,20.8976939733738,0.848376826600952));
#4650=CARTESIAN_POINT('',(-1.42550263167999,20.8726851044274,0.893870619344567));
#4651=CARTESIAN_POINT('',(-1.42819024362701,20.8683136229108,0.901822809206682));
#4652=CARTESIAN_POINT('',(-1.43078576146493,20.8641854963277,0.909946066703275));
#4653=CARTESIAN_POINT('',(-1.43328372544224,20.8603176229202,0.918214691951901));
#4654=CARTESIAN_POINT('',(-1.21084473950847,21.2426947519886,0.680556803524451));
#4655=CARTESIAN_POINT('',(-1.21084549192177,21.242692815914,0.680554433888548));
#4656=CARTESIAN_POINT('',(-1.14748379454037,21.3007108345663,0.612935500943902));
#4657=CARTESIAN_POINT('',(-1.08172003804685,21.3548466024307,0.542814086240609));
#4658=CARTESIAN_POINT('',(-1.02601870550068,21.4282299485264,0.483717165988471));
#4659=CARTESIAN_POINT('',(-1.02347118404813,21.4324297716333,0.482259278140232));
#4660=CARTESIAN_POINT('',(-1.02504901875262,21.4286046910304,0.480946554594756));
#4661=CARTESIAN_POINT('',(-0.988704556180259,21.4465449560531,0.384986887727573));
#4662=CARTESIAN_POINT('',(-0.943113679394951,21.4648189763259,0.291664840741889));
#4663=CARTESIAN_POINT('',(-0.886431928861312,21.478425459733,0.205333655763625));
#4664=CARTESIAN_POINT('',(-0.822192619690264,21.4938461389832,0.107491658459211));
#4665=CARTESIAN_POINT('',(-0.740719585476294,21.5036752745518,0.0173859478172244));
#4666=CARTESIAN_POINT('',(-0.646042433604054,21.5095778596476,-0.0528916377301931));
#4667=CARTESIAN_POINT('',(-0.573232705429083,21.5141171345187,-0.106937326677466));
#4668=CARTESIAN_POINT('',(-0.491141177330426,21.5165987671406,-0.150497981024085));
#4669=CARTESIAN_POINT('',(-0.405283888744514,21.517575957027,-0.18));
#4670=CARTESIAN_POINT('',(-0.935628981391846,21.732263547615,0.403512938155354));
#4671=CARTESIAN_POINT('',(-0.935586588990364,21.72817569841,0.403503939829985));
#4672=CARTESIAN_POINT('',(-0.935544196588882,21.724087849205,0.403494941504616));
#4673=CARTESIAN_POINT('',(-0.9355018041874,21.72,0.403485943179247));
#4674=CARTESIAN_POINT('',(-0.934971899168876,21.6689018849374,0.403373464112134));
#4675=CARTESIAN_POINT('',(-0.949244496337648,21.5659973455577,0.419303396628311));
#4676=CARTESIAN_POINT('',(-1.01581309312688,21.4430409054376,0.491123295072346));
#4677=CARTESIAN_POINT('',(-1.10014905612552,21.3500070092894,0.582000115781592));
#4678=CARTESIAN_POINT('',(-1.19003709856563,21.269512610891,0.678934585459378));
#4679=CARTESIAN_POINT('',(-1.27986306325061,21.1890349706667,0.775944814749085));
#4680=CARTESIAN_POINT('',(-1.36402264875608,21.0961117924943,0.867089933953504));
#4681=CARTESIAN_POINT('',(-1.43050605015335,20.9736907304519,0.939692400912743));
#4682=CARTESIAN_POINT('',(-1.44519701650005,20.8711025998272,0.956898585867777));
#4683=CARTESIAN_POINT('',(-1.44488413661512,20.82,0.957430943327141));
#4684=CARTESIAN_POINT('',(-0.933132027775544,21.7322634117977,0.396132202679611));
#4685=CARTESIAN_POINT('',(-0.933098036138026,21.7281756078651,0.396106400631416));
#4686=CARTESIAN_POINT('',(-0.933064044500507,21.7240878039326,0.396080598583221));
#4687=CARTESIAN_POINT('',(-0.933030052862989,21.72,0.396054796535026));
#4688=CARTESIAN_POINT('',(-0.932605157394008,21.6689024508429,0.395732270932591));
#4689=CARTESIAN_POINT('',(-0.946987473813459,21.566000208253,0.411241371307292));
#4690=CARTESIAN_POINT('',(-1.01342826693737,21.4430456751363,0.482423499182894));
#4691=CARTESIAN_POINT('',(-1.09752052640021,21.3500106203358,0.572660234703701));
#4692=CARTESIAN_POINT('',(-1.18712819346543,21.2695142194359,0.668954038211342));
#4693=CARTESIAN_POINT('',(-1.27667398765261,21.1890345214026,0.765323351299176));
#4694=CARTESIAN_POINT('',(-1.3605904517262,21.096109819172,0.855827499841599));
#4695=CARTESIAN_POINT('',(-1.42694633063107,20.9736888972087,0.927789613498023));
#4696=CARTESIAN_POINT('',(-1.44174563547209,20.8711020191206,0.944570754257324));
#4697=CARTESIAN_POINT('',(-1.44153704888214,20.82,0.944890937008011));
#4698=CARTESIAN_POINT('',(-0.930635074159243,21.7322632759804,0.388751467203868));
#4699=CARTESIAN_POINT('',(-0.930609483285688,21.7281755173203,0.388708861432847));
#4700=CARTESIAN_POINT('',(-0.930583892412133,21.7240877586601,0.388666255661827));
#4701=CARTESIAN_POINT('',(-0.930558301538578,21.72,0.388623649890806));
#4702=CARTESIAN_POINT('',(-0.93023841561914,21.6689030167483,0.388091077753048));
#4703=CARTESIAN_POINT('',(-0.94473045128927,21.5660030709482,0.403179345986273));
#4704=CARTESIAN_POINT('',(-1.01104344074786,21.443050444835,0.473723703293441));
#4705=CARTESIAN_POINT('',(-1.09489199667491,21.3500142313822,0.563320353625811));
#4706=CARTESIAN_POINT('',(-1.18421928836524,21.2695158279808,0.658973490963306));
#4707=CARTESIAN_POINT('',(-1.27348491205461,21.1890340721386,0.754701887849268));
#4708=CARTESIAN_POINT('',(-1.35715825469633,21.0961078458497,0.844565065729694));
#4709=CARTESIAN_POINT('',(-1.42338661110879,20.9736870639656,0.915886826083302));
#4710=CARTESIAN_POINT('',(-1.43829425444413,20.871101438414,0.93224292264687));
#4711=CARTESIAN_POINT('',(-1.43818996114916,20.82,0.93235093068888));
#4712=CARTESIAN_POINT('',(-0.928138120542942,21.7322631401631,0.381370731728125));
#4713=CARTESIAN_POINT('',(-0.92812093043335,21.7281754267754,0.381311322234278));
#4714=CARTESIAN_POINT('',(-0.928103740323759,21.7240877133877,0.381251912740432));
#4715=CARTESIAN_POINT('',(-0.928086550214167,21.72,0.381192503246585));
#4716=CARTESIAN_POINT('',(-0.927871673844272,21.6689035826537,0.380449884573506));
#4717=CARTESIAN_POINT('',(-0.942473428765081,21.5660059336435,0.395117320665253));
#4718=CARTESIAN_POINT('',(-1.00865861455835,21.4430552145337,0.465023907403989));
#4719=CARTESIAN_POINT('',(-1.0922634669496,21.3500178424286,0.553980472547921));
#4720=CARTESIAN_POINT('',(-1.18131038326504,21.2695174365257,0.64899294371527));
#4721=CARTESIAN_POINT('',(-1.27029583645662,21.1890336228745,0.74408042439936));
#4722=CARTESIAN_POINT('',(-1.35372605766645,21.0961058725274,0.833302631617789));
#4723=CARTESIAN_POINT('',(-1.41982689158651,20.9736852307224,0.903984038668582));
#4724=CARTESIAN_POINT('',(-1.43484287341617,20.8711008577074,0.919915091036417));
#4725=CARTESIAN_POINT('',(-1.43484287341617,20.82,0.91981092436975));
#4726=CARTESIAN_POINT('',(-0.896926200339177,21.7322614424468,0.289111538281335));
#4727=CARTESIAN_POINT('',(-0.897014019779128,21.7281742949646,0.288842082252166));
#4728=CARTESIAN_POINT('',(-0.89710183921908,21.7240871474823,0.288572626222998));
#4729=CARTESIAN_POINT('',(-0.897189658659031,21.72,0.288303170193829));
#4730=CARTESIAN_POINT('',(-0.898287401658423,21.6689106564715,0.284934969829224));
#4731=CARTESIAN_POINT('',(-0.914260647212718,21.5660417173343,0.294342004152513));
#4732=CARTESIAN_POINT('',(-0.978848287189462,21.4431148357678,0.356276458785835));
#4733=CARTESIAN_POINT('',(-1.05940684538329,21.3500629805087,0.437231959074293));
#4734=CARTESIAN_POINT('',(-1.14494906951262,21.2695375433372,0.524236103114822));
#4735=CARTESIAN_POINT('',(-1.23043239148163,21.1890280070737,0.611312131275508));
#4736=CARTESIAN_POINT('',(-1.310823594793,21.0960812059989,0.692522205218975));
#4737=CARTESIAN_POINT('',(-1.37533039755802,20.9736623151832,0.755199195984579));
#4738=CARTESIAN_POINT('',(-1.39170061056667,20.8710935988744,0.765817195905748));
#4739=CARTESIAN_POINT('',(-1.39300427675388,20.82,0.763060845380621));
#4740=CARTESIAN_POINT('',(-0.801057814272222,21.7322580470143,0.115771455927043));
#4741=CARTESIAN_POINT('',(-0.801296052913898,21.7281720313429,0.115090451790323));
#4742=CARTESIAN_POINT('',(-0.801534291555573,21.7240860156714,0.114409447653602));
#4743=CARTESIAN_POINT('',(-0.801772530197249,21.72,0.113728443516881));
#4744=CARTESIAN_POINT('',(-0.804750513218195,21.6689248041071,0.105215891807872));
#4745=CARTESIAN_POINT('',(-0.821976742605415,21.5661132847159,0.104315746671544));
#4746=CARTESIAN_POINT('',(-0.881134294798042,21.4432340782359,0.150626373209984));
#4747=CARTESIAN_POINT('',(-0.953365268445954,21.3501532566687,0.215900179903442));
#4748=CARTESIAN_POINT('',(-1.02966311205201,21.2695777569601,0.287208105806278));
#4749=CARTESIAN_POINT('',(-1.10590717542482,21.1890167754722,0.358581665036103));
#4750=CARTESIAN_POINT('',(-1.17798534678819,21.0960318729419,0.424087908545594));
#4751=CARTESIAN_POINT('',(-1.23706909109206,20.9736164841049,0.471076502856767));
#4752=CARTESIAN_POINT('',(-1.25465776902464,20.8710790812087,0.471282021961898));
#4753=CARTESIAN_POINT('',(-1.25782376886924,20.82,0.463328115758501));
#4754=CARTESIAN_POINT('',(-0.575043438791595,21.7322529538655,-0.0775974847348465));
#4755=CARTESIAN_POINT('',(-0.575337186448153,21.7281686359103,-0.0788223199766524));
#4756=CARTESIAN_POINT('',(-0.575630934104711,21.7240843179552,-0.0800471552184582));
#4757=CARTESIAN_POINT('',(-0.575924681761269,21.72,-0.0812719904602641));
#4758=CARTESIAN_POINT('',(-0.579596527468243,21.6689460255606,-0.0965824309828374));
#4759=CARTESIAN_POINT('',(-0.594449237912251,21.5662206357884,-0.111106068902511));
#4760=CARTESIAN_POINT('',(-0.639082166389799,21.443412941938,-0.0854752698972701));
#4761=CARTESIAN_POINT('',(-0.692442271179937,21.3502886709088,-0.0409680889871905));
#4762=CARTESIAN_POINT('',(-0.748494051962159,21.2696380773943,0.00955142431822731));
#4763=CARTESIAN_POINT('',(-0.804499735401777,21.1889999280699,0.0601271947608842));
#4764=CARTESIAN_POINT('',(-0.85772886680425,21.0959578733564,0.104833607228533));
#4765=CARTESIAN_POINT('',(-0.902298531377491,20.9735477374874,0.131045521467182));
#4766=CARTESIAN_POINT('',(-0.917461912003359,20.8710573047101,0.11746959575434));
#4767=CARTESIAN_POINT('',(-0.921294914987754,20.82,0.102637994236577));
#4768=CARTESIAN_POINT('',(-0.365357754881986,21.7322491340038,-0.154604172333191));
#4769=CARTESIAN_POINT('',(-0.36558185367118,21.7281660893359,-0.156142832506083));
#4770=CARTESIAN_POINT('',(-0.365805952460374,21.724083044668,-0.157681492678975));
#4771=CARTESIAN_POINT('',(-0.366030051249569,21.72,-0.159220152851868));
#4772=CARTESIAN_POINT('',(-0.368831286114495,21.6689619416507,-0.178453405013019));
#4773=CARTESIAN_POINT('',(-0.379121841637953,21.5663011490927,-0.200843452577011));
#4774=CARTESIAN_POINT('',(-0.408688278759484,21.4435470897145,-0.187195709306884));
#4775=CARTESIAN_POINT('',(-0.443722208336583,21.350390231589,-0.154736682819553));
#4776=CARTESIAN_POINT('',(-0.480416418431224,21.26968331772,-0.116281664047413));
#4777=CARTESIAN_POINT('',(-0.517070293351236,21.1889872925181,-0.0777774202803472));
#4778=CARTESIAN_POINT('',(-0.551989621213326,21.0959023736672,-0.0451440661792942));
#4779=CARTESIAN_POINT('',(-0.581500702418889,20.9734961775243,-0.0309878470802534));
#4780=CARTESIAN_POINT('',(-0.592063094351586,20.8710409723362,-0.0525486464633841));
#4781=CARTESIAN_POINT('',(-0.595005341834255,20.82,-0.0713629144953268));
#4782=CARTESIAN_POINT('',(-0.219836728498706,21.7322465874294,-0.172740632170944));
#4783=CARTESIAN_POINT('',(-0.219980535808216,21.7281643916196,-0.174443610574552));
#4784=CARTESIAN_POINT('',(-0.220124343117727,21.7240821958098,-0.17614658897816));
#4785=CARTESIAN_POINT('',(-0.220268150427237,21.72,-0.177849567381768));
#4786=CARTESIAN_POINT('',(-0.222065741796118,21.6689725523774,-0.199136797426869));
#4787=CARTESIAN_POINT('',(-0.228468388169853,21.5663548246289,-0.225648658336868));
#4788=CARTESIAN_POINT('',(-0.246720788916669,21.4436365215656,-0.218305929264843));
#4789=CARTESIAN_POINT('',(-0.268267559547704,21.350457938709,-0.192195316100703));
#4790=CARTESIAN_POINT('',(-0.290787013713255,21.2697134779372,-0.160099604058773));
#4791=CARTESIAN_POINT('',(-0.313269974149493,21.188978868817,-0.127959355116793));
#4792=CARTESIAN_POINT('',(-0.334713057513957,21.0958653738744,-0.101691016968162));
#4793=CARTESIAN_POINT('',(-0.35291537433703,20.9734618042156,-0.0938882383368853));
#4794=CARTESIAN_POINT('',(-0.359563967938256,20.8710300840869,-0.119649827083337));
#4795=CARTESIAN_POINT('',(-0.361489142151762,20.82,-0.14055797624963));
#4796=CARTESIAN_POINT('',(-0.146544665490146,21.7322453141422,-0.175181598101147));
#4797=CARTESIAN_POINT('',(-0.146642178359375,21.7281635427615,-0.17695696806289));
#4798=CARTESIAN_POINT('',(-0.146739691228603,21.7240817713807,-0.178732338024633));
#4799=CARTESIAN_POINT('',(-0.146837204097832,21.72,-0.180507707986377));
#4800=CARTESIAN_POINT('',(-0.148056114963186,21.6689778577407,-0.202699832508167));
#4801=CARTESIAN_POINT('',(-0.152361089251052,21.566381662397,-0.2310284111606));
#4802=CARTESIAN_POINT('',(-0.164725895543997,21.4436812374911,-0.226471905791772));
#4803=CARTESIAN_POINT('',(-0.179298510435489,21.350491792269,-0.203169215893373));
#4804=CARTESIAN_POINT('',(-0.194500010369981,21.2697285580457,-0.173886873820695));
#4805=CARTESIAN_POINT('',(-0.20966693729782,21.1889746569665,-0.144562338895404));
#4806=CARTESIAN_POINT('',(-0.22414132214696,21.095846873978,-0.121110225327131));
#4807=CARTESIAN_POINT('',(-0.236458680512275,20.9734446175612,-0.116117883533882));
#4808=CARTESIAN_POINT('',(-0.240996657436757,20.8710246399622,-0.143735678031425));
#4809=CARTESIAN_POINT('',(-0.242336436260177,20.82,-0.165568673299608));
#4810=CARTESIAN_POINT('',(-0.0732824385741747,21.732244040855,-0.174644081742784));
#4811=CARTESIAN_POINT('',(-0.0733283068886746,21.7281626939033,-0.176469288554568));
#4812=CARTESIAN_POINT('',(-0.0733741752031745,21.7240813469517,-0.178294495366353));
#4813=CARTESIAN_POINT('',(-0.0734200435176745,21.72,-0.180119702178138));
#4814=CARTESIAN_POINT('',(-0.0739933974489239,21.6689831631041,-0.202934787325448));
#4815=CARTESIAN_POINT('',(-0.0760669467897612,21.5664085001651,-0.232516216017972));
#4816=CARTESIAN_POINT('',(-0.0823435293370997,21.4437259534166,-0.229900132798827));
#4817=CARTESIAN_POINT('',(-0.0897413591973115,21.350525645829,-0.208559564612657));
#4818=CARTESIAN_POINT('',(-0.09742427560901,21.2697436381543,-0.181244790955717));
#4819=CARTESIAN_POINT('',(-0.105074539736712,21.1889704451158,-0.153890168493602));
#4820=CARTESIAN_POINT('',(-0.11237959677879,21.0958283740817,-0.132408477952173));
#4821=CARTESIAN_POINT('',(-0.118611367394612,20.9734274309068,-0.129380771443439));
#4822=CARTESIAN_POINT('',(-0.120904974781191,20.8710191958376,-0.15829090398973));
#4823=CARTESIAN_POINT('',(-0.121592481783947,20.82,-0.180766811508633));
#4824=CARTESIAN_POINT('',(-2.51787186631358E-5,21.7322427675678,-0.174417485323963));
#4825=CARTESIAN_POINT('',(-1.67857847732418E-5,21.7281618450452,-0.176258373197689));
#4826=CARTESIAN_POINT('',(-8.39285088334788E-6,21.7240809225226,-0.178099261071415));
#4827=CARTESIAN_POINT('',(8.30065460810658E-11,21.72,-0.179940148945141));
#4828=CARTESIAN_POINT('',(0.000104911756630221,21.6689884684675,-0.20295124736672));
#4829=CARTESIAN_POINT('',(0.00032820470435642,21.5664353379332,-0.23293163139684));
#4830=CARTESIAN_POINT('',(0.000237971914927974,21.4437706693421,-0.230975128273632));
#4831=CARTESIAN_POINT('',(0.000113053098300052,21.3505594993891,-0.210315839745943));
#4832=CARTESIAN_POINT('',(4.68462216994003E-5,21.2697587182629,-0.183687792450994));
#4833=CARTESIAN_POINT('',(1.13709064366773E-5,21.1889662332653,-0.157022240398308));
#4834=CARTESIAN_POINT('',(-2.62323162757051E-5,21.0958098741853,-0.136230130829975));
#4835=CARTESIAN_POINT('',(-7.42891703005392E-5,20.9734102442524,-0.133886217552009));
#4836=CARTESIAN_POINT('',(-5.81096774423705E-5,20.871013751713,-0.163234793444552));
#4837=CARTESIAN_POINT('',(-6.06361887662277E-5,20.82,-0.185926665862925));
#4838=CARTESIAN_POINT('',(0.0732322358332682,21.7322414942806,-0.174656226386267));
#4839=CARTESIAN_POINT('',(0.07329483846095,21.7281609961871,-0.176477384937943));
#4840=CARTESIAN_POINT('',(0.0733574410886319,21.7240804980935,-0.178298543489618));
#4841=CARTESIAN_POINT('',(0.0734200437163137,21.72,-0.180119702041294));
#4842=CARTESIAN_POINT('',(0.0742025765623368,21.6689937738308,-0.202884183937241));
#4843=CARTESIAN_POINT('',(0.0767214229336791,21.5664621757013,-0.232378263705149));
#4844=CARTESIAN_POINT('',(0.0828156066047396,21.4438153852677,-0.22975345127817));
#4845=CARTESIAN_POINT('',(0.0899616655342745,21.3505933529491,-0.208447553009253));
#4846=CARTESIAN_POINT('',(0.0975102348953506,21.2697737983715,-0.181178342676588));
#4847=CARTESIAN_POINT('',(0.105087615095106,21.1889620214147,-0.153873971633622));
#4848=CARTESIAN_POINT('',(0.112315532394338,21.0957913742889,-0.13244355363868));
#4849=CARTESIAN_POINT('',(0.118449256004689,20.973393057598,-0.129455544191774));
#4850=CARTESIAN_POINT('',(0.120773933512038,20.8710083075883,-0.158357303830762));
#4851=CARTESIAN_POINT('',(0.121455743059672,20.82,-0.180822511348703));
#4852=CARTESIAN_POINT('',(0.146494741101049,21.7322402209934,-0.175205691566386));
#4853=CARTESIAN_POINT('',(0.146608895509585,21.7281601473289,-0.176973030364108));
#4854=CARTESIAN_POINT('',(0.146723049918122,21.7240800736645,-0.178740369161831));
#4855=CARTESIAN_POINT('',(0.146837204326658,21.72,-0.180507707959554));
#4856=CARTESIAN_POINT('',(0.148264134433365,21.6689990791942,-0.202599442931085));
#4857=CARTESIAN_POINT('',(0.153012086404893,21.5664890134695,-0.230754957639217));
#4858=CARTESIAN_POINT('',(0.165191014801296,21.4438601011932,-0.226183444712119));
#4859=CARTESIAN_POINT('',(0.179508379741848,21.3506272065091,-0.202952545505629));
#4860=CARTESIAN_POINT('',(0.194572053605454,21.2697888784801,-0.173763780938899));
#4861=CARTESIAN_POINT('',(0.209662617585082,21.1889578095641,-0.144542199709308));
#4862=CARTESIAN_POINT('',(0.224056383671112,21.0957728743925,-0.121195082091408));
#4863=CARTESIAN_POINT('',(0.236272216010693,20.9733758709437,-0.116284585279214));
#4864=CARTESIAN_POINT('',(0.240838943709101,20.8710028634637,-0.143887267867083));
#4865=CARTESIAN_POINT('',(0.242171865403978,20.82,-0.165699680085809));
#4866=CARTESIAN_POINT('',(0.219787020408495,21.7322389477062,-0.172776282749209));
#4867=CARTESIAN_POINT('',(0.219947397153988,21.7281592984708,-0.174467377797495));
#4868=CARTESIAN_POINT('',(0.220107773899481,21.7240796492354,-0.176158472845781));
#4869=CARTESIAN_POINT('',(0.220268150644973,21.72,-0.177849567894066));
#4870=CARTESIAN_POINT('',(0.222272859963636,21.6690043845575,-0.198988255997638));
#4871=CARTESIAN_POINT('',(0.229116681437891,21.5665158512376,-0.225244605758904));
#4872=CARTESIAN_POINT('',(0.24718050041345,21.4439048171187,-0.217885492501052));
#4873=CARTESIAN_POINT('',(0.268469317218831,21.3506610600692,-0.191888692526352));
#4874=CARTESIAN_POINT('',(0.290848241438781,21.2698039585887,-0.159939473894923));
#4875=CARTESIAN_POINT('',(0.313252135052094,21.1889535977135,-0.12795978264807));
#4876=CARTESIAN_POINT('',(0.334611895778736,21.0957543744961,-0.101855065576575));
#4877=CARTESIAN_POINT('',(0.35270998270136,20.9733586842893,-0.0941811815684589));
#4878=CARTESIAN_POINT('',(0.359385524493368,20.870997419339,-0.119924187218119));
#4879=CARTESIAN_POINT('',(0.361302940286761,20.82,-0.140803504194085));
#4880=CARTESIAN_POINT('',(0.36530798382274,21.7322364011318,-0.154661758697466));
#4881=CARTESIAN_POINT('',(0.365548672962155,21.7281576007545,-0.1561812232812));
#4882=CARTESIAN_POINT('',(0.36578936210157,21.7240788003773,-0.157700687864933));
#4883=CARTESIAN_POINT('',(0.366030051240985,21.72,-0.159220152448667));
#4884=CARTESIAN_POINT('',(0.369038665483674,21.6690149952842,-0.178213459745337));
#4885=CARTESIAN_POINT('',(0.379770918963616,21.5665695267738,-0.200192905470907));
#4886=CARTESIAN_POINT('',(0.409149558597836,21.4439942489697,-0.186540730338602));
#4887=CARTESIAN_POINT('',(0.443926318633227,21.3507287671892,-0.154294267614539));
#4888=CARTESIAN_POINT('',(0.480480783066213,21.2698341188058,-0.116106279640767));
#4889=CARTESIAN_POINT('',(0.517056375447246,21.1889451740124,-0.0778925071464461));
#4890=CARTESIAN_POINT('',(0.551893164955458,21.0957173747033,-0.0455547299548205));
#4891=CARTESIAN_POINT('',(0.581300800544518,20.9733243109805,-0.0316362103419141));
#4892=CARTESIAN_POINT('',(0.591890663523962,20.8709865310897,-0.0531812879731923));
#4893=CARTESIAN_POINT('',(0.594825414014499,20.82,-0.0719551273926572));
#4894=CARTESIAN_POINT('',(0.574990323649018,21.7322325812702,-0.0776820943151684));
#4895=CARTESIAN_POINT('',(0.575301776399028,21.7281550541801,-0.0788787263221598));
#4896=CARTESIAN_POINT('',(0.575613229149038,21.7240775270901,-0.0800753583291512));
#4897=CARTESIAN_POINT('',(0.575924681899049,21.72,-0.0812719903361425));
#4898=CARTESIAN_POINT('',(0.57981784127418,21.6690309113743,-0.0962298904235345));
#4899=CARTESIAN_POINT('',(0.59514011825546,21.5666500400781,-0.110159308097712));
#4900=CARTESIAN_POINT('',(0.639627052116881,21.4441283967464,-0.0846155321569558));
#4901=CARTESIAN_POINT('',(0.692771790236494,21.3508303278693,-0.0405425673120758));
#4902=CARTESIAN_POINT('',(0.748725628228245,21.2698793591315,0.00945558267198476));
#4903=CARTESIAN_POINT('',(0.804694832000067,21.1889325384606,0.0594724850342806));
#4904=CARTESIAN_POINT('',(0.857883227919845,21.0956618750141,0.103611860402876));
#4905=CARTESIAN_POINT('',(0.902391249747766,20.9732727510174,0.129349341419741));
#4906=CARTESIAN_POINT('',(0.917609970001171,20.8709701987158,0.115735827813884));
#4907=CARTESIAN_POINT('',(0.921449410283828,20.82,0.100937540728095));
#4908=CARTESIAN_POINT('',(0.801014689722812,21.7322274881213,0.115633271691704));
#4909=CARTESIAN_POINT('',(0.801267303489764,21.7281516587476,0.11499832886174));
#4910=CARTESIAN_POINT('',(0.801519917256715,21.7240758293738,0.114363386031777));
#4911=CARTESIAN_POINT('',(0.801772531023667,21.72,0.113728443201813));
#4912=CARTESIAN_POINT('',(0.804930203110564,21.6690521328278,0.105791657827269));
#4913=CARTESIAN_POINT('',(0.822542749830643,21.5667573911505,0.10587675442257));
#4914=CARTESIAN_POINT('',(0.881429433600524,21.4443072604485,0.152197713409363));
#4915=CARTESIAN_POINT('',(0.953320166771291,21.3509657421093,0.2169610630501));
#4916=CARTESIAN_POINT('',(1.02939519378025,21.2699396795658,0.287627811015979));
#4917=CARTESIAN_POINT('',(1.10547790367865,21.1889156910584,0.358303935170342));
#4918=CARTESIAN_POINT('',(1.17739046575271,21.0955878754286,0.423100490076332));
#4919=CARTESIAN_POINT('',(1.23628769350464,20.9732040043998,0.469518301599908));
#4920=CARTESIAN_POINT('',(1.25384846186034,20.8709484222172,0.469761350228902));
#4921=CARTESIAN_POINT('',(1.256979274401,20.82,0.461904371355159));
#4922=CARTESIAN_POINT('',(0.896874631673137,21.7322240926888,0.288948165686792));
#4923=CARTESIAN_POINT('',(0.896979640668455,21.7281493951259,0.288733167189138));
#4924=CARTESIAN_POINT('',(0.897084649663774,21.7240746975629,0.288518168691484));
#4925=CARTESIAN_POINT('',(0.897189658659092,21.72,0.288303170193829));
#4926=CARTESIAN_POINT('',(0.898502271100571,21.6690662804634,0.285615688973152));
#4927=CARTESIAN_POINT('',(0.914932194739994,21.5668289585322,0.296180917105376));
#4928=CARTESIAN_POINT('',(0.979354507422396,21.4444265029165,0.358059014492097));
#4929=CARTESIAN_POINT('',(1.05967836626748,21.3510560182695,0.438321637032645));
#4930=CARTESIAN_POINT('',(1.14510331492813,21.2699798931886,0.52447313335564));
#4931=CARTESIAN_POINT('',(1.23053082455113,21.1889044594568,0.610627755073953));
#4932=CARTESIAN_POINT('',(1.31086195970159,21.0955385423716,0.690901446040777));
#4933=CARTESIAN_POINT('',(1.37528778704307,20.9731581733215,0.752811827604732));
#4934=CARTESIAN_POINT('',(1.39170045122711,20.8709339045515,0.76342970641423));
#4935=CARTESIAN_POINT('',(1.39300411048651,20.82,0.760768827360487));
#4936=CARTESIAN_POINT('',(0.92808655112846,21.7322223949725,0.381192506674373));
#4937=CARTESIAN_POINT('',(0.928086550823717,21.728148263315,0.381192505531777));
#4938=CARTESIAN_POINT('',(0.928086550518973,21.7240741316575,0.381192504389181));
#4939=CARTESIAN_POINT('',(0.928086550214229,21.72,0.381192503246585));
#4940=CARTESIAN_POINT('',(0.928086546404932,21.6690733542812,0.381192488964137));
#4941=CARTESIAN_POINT('',(0.943144985647895,21.566864742223,0.397123412587411));
#4942=CARTESIAN_POINT('',(1.00916485350236,21.4444861241506,0.466968523757983));
#4943=CARTESIAN_POINT('',(1.09253501590041,21.3511011563494,0.555169227332321));
#4944=CARTESIAN_POINT('',(1.1814646661027,21.27,0.64925154241776));
#4945=CARTESIAN_POINT('',(1.2703943163038,21.1888988436561,0.743333857501933));
#4946=CARTESIAN_POINT('',(1.35376447870827,21.095513875843,0.831534561083059));
#4947=CARTESIAN_POINT('',(1.41978434656033,20.9731352577824,0.901379672251089));
#4948=CARTESIAN_POINT('',(1.43484278580241,20.8709266457186,0.917310595873429));
#4949=CARTESIAN_POINT('',(1.43484278199311,20.82,0.91731058159098));
#4950=CARTESIAN_POINT('',(-1.12565114311773,19.37,0.999775910364146));
#4951=CARTESIAN_POINT('',(-0.994538070153422,19.37,0.508184510623483));
#4952=CARTESIAN_POINT('',(-0.508775728785382,19.37,0.135));
#4953=CARTESIAN_POINT('',(0.508775728785444,19.37,0.135));
#4954=CARTESIAN_POINT('',(0.994538070153485,19.37,0.508184510623483));
#4955=CARTESIAN_POINT('',(1.12565114311779,19.37,0.999775910364147));
#4956=CARTESIAN_POINT('',(-1.12575593294826,19.37,0.999746282465573));
#4957=CARTESIAN_POINT('',(1.12572648406321,19.37,0.999754526441291));
#4958=CARTESIAN_POINT('',(1.12565114311779,19.37,0.999775910364148));
#4959=CARTESIAN_POINT('',(-1.12565114311773,19.37,0.999775910364148));
#4960=CARTESIAN_POINT('',(3.12250225675825E-14,19.37,1.3));
#4961=CARTESIAN_POINT('',(1.43484287341623,19.37,0.91731092436975));
#4962=CARTESIAN_POINT('',(1.43493077566048,19.3699999999946,0.917286288768136));
#4963=CARTESIAN_POINT('',(-1.43501867789063,19.3699999999362,0.917261653170434));
#4964=CARTESIAN_POINT('',(-1.43381166234496,19.3699999999362,0.912954903249479));
#4965=CARTESIAN_POINT('',(-1.42905178743567,19.3699999999363,0.89540125178083));
#4966=CARTESIAN_POINT('',(-1.41629991636526,19.3699999999366,0.851647153483707));
#4967=CARTESIAN_POINT('',(-1.38565003978201,19.3699999999372,0.760697864977922));
#4968=CARTESIAN_POINT('',(-1.30937976547656,19.3699999999386,0.584334134556839));
#4969=CARTESIAN_POINT('',(-1.09983027121745,19.3699999999424,0.260036727402385));
#4970=CARTESIAN_POINT('',(-0.657676161324595,19.3699999999506,-0.0863951198121129));
#4971=CARTESIAN_POINT('',(-1.02733793694298E-10,19.3699999999627,-0.234516319709511));
#4972=CARTESIAN_POINT('',(0.657676161705964,19.3699999999748,-0.0863951211415946));
#4973=CARTESIAN_POINT('',(1.0998302718116,19.3699999999829,0.260036729424326));
#4974=CARTESIAN_POINT('',(1.30937976476401,19.3699999999869,0.584334132129544));
#4975=CARTESIAN_POINT('',(1.38565004097249,19.3699999999883,0.760697869014967));
#4976=CARTESIAN_POINT('',(1.41629991448821,19.3699999999888,0.851647147222143));
#4977=CARTESIAN_POINT('',(1.42905178768542,19.369999999989,0.895401252788983));
#4978=CARTESIAN_POINT('',(1.43381166252601,19.3699999999891,0.912954903841002));
#4979=CARTESIAN_POINT('',(1.43501867790472,19.3699999999892,0.917261653166503));
#4980=CARTESIAN_POINT('',(-1.4349307756534,19.3699999999681,0.917286288770101));
#4981=CARTESIAN_POINT('',(-1.43484287341617,19.37,0.91731092436975));
#4982=CARTESIAN_POINT('',(3.12250225675825E-14,19.37,1.3));
#4983=CARTESIAN_POINT('',(-1.16475764483172,18.8700000000018,1.30201037481314));
#4984=CARTESIAN_POINT('',(-1.16478824635865,18.8700000000018,1.28435804360595));
#4985=CARTESIAN_POINT('',(-1.1626538961346,18.8700000000018,1.18198228685519));
#4986=CARTESIAN_POINT('',(-1.1340409700664,18.8700000000018,0.995991669201048));
#4987=CARTESIAN_POINT('',(-1.06429230686638,18.8700000000018,0.817423849099753));
#4988=CARTESIAN_POINT('',(-1.00258475152912,18.8700000000018,0.706314086683406));
#4989=CARTESIAN_POINT('',(-0.968774622373124,18.8700000000018,0.652515400566862));
#4990=CARTESIAN_POINT('',(-0.932093479549762,18.8700000000018,0.600642014436689));
#4991=CARTESIAN_POINT('',(-0.879471054655575,18.8700000000018,0.534270039437914));
#4992=CARTESIAN_POINT('',(-0.806942178469843,18.8700000000018,0.456963845128975));
#4993=CARTESIAN_POINT('',(-0.678113297603556,18.8700000000018,0.346580478029208));
#4994=CARTESIAN_POINT('',(-0.496145530658498,18.8700000000018,0.235865710625875));
#4995=CARTESIAN_POINT('',(-0.254008288000639,18.8700000000018,0.154038046037244));
#4996=CARTESIAN_POINT('',(1.89184531130206E-5,18.8700000000018,0.125878280152834));
#4997=CARTESIAN_POINT('',(0.25405013017485,18.8700000000018,0.154024255381484));
#4998=CARTESIAN_POINT('',(0.496189480920604,18.8700000000018,0.235848862243897));
#4999=CARTESIAN_POINT('',(0.714541104446403,18.8700000000018,0.368724991260767));
#5000=CARTESIAN_POINT('',(0.868587018887425,18.8700000000018,0.515807682543603));
#5001=CARTESIAN_POINT('',(0.95751682923288,18.8700000000018,0.634600738456225));
#5002=CARTESIAN_POINT('',(1.00259297625851,18.8700000000018,0.706331355406642));
#5003=CARTESIAN_POINT('',(1.06429619843417,18.8700000000018,0.817438419473525));
#5004=CARTESIAN_POINT('',(1.13404687194191,18.8700000000018,0.995999290203458));
#5005=CARTESIAN_POINT('',(1.16268823925994,18.8700000000018,1.18198849077459));
#5006=CARTESIAN_POINT('',(1.16480622273148,18.8700000000018,1.28435848119285));
#5007=CARTESIAN_POINT('',(1.16477297290965,18.8700000000018,1.30200895729512));
#5008=CARTESIAN_POINT('',(-1.16481776037697,18.87,1.30202899879876));
#5009=CARTESIAN_POINT('',(1.16482925563065,18.87,1.30202640594232));
#5010=CARTESIAN_POINT('',(1.23079030416066,18.9788191267319,1.18387349686833));
#5011=CARTESIAN_POINT('',(1.22526506086654,18.9667063989091,1.18405235811888));
#5012=CARTESIAN_POINT('',(1.21976601726532,18.9544320495326,1.18657916696935));
#5013=CARTESIAN_POINT('',(1.21424964720812,18.9431839501249,1.1910878698009));
#5014=CARTESIAN_POINT('',(1.20868151130894,18.9318302980929,1.19563888248401));
#5015=CARTESIAN_POINT('',(1.2029520271146,18.9212327872232,1.20228040901624));
#5016=CARTESIAN_POINT('',(1.19734767981111,18.9120440065126,1.21032894109677));
#5017=CARTESIAN_POINT('',(1.19121613348217,18.9019908403573,1.21913459582504));
#5018=CARTESIAN_POINT('',(1.18507747079111,18.8933377412283,1.22982014091261));
#5019=CARTESIAN_POINT('',(1.17969371410218,18.8865479162237,1.2416993246238));
#5020=CARTESIAN_POINT('',(1.17496189122683,18.8805802896884,1.25214002550851));
#5021=CARTESIAN_POINT('',(1.17068655123003,18.8758901115243,1.26378023327421));
#5022=CARTESIAN_POINT('',(1.16790172228429,18.8730420762398,1.27607431200805));
#5023=CARTESIAN_POINT('',(1.16601142588278,18.8711088764081,1.28441933184347));
#5024=CARTESIAN_POINT('',(1.164791316094,18.8700014531165,1.29325420166608));
#5025=CARTESIAN_POINT('',(1.16477294185414,18.8700000014536,1.30202628798626));
#5026=CARTESIAN_POINT('',(1.23079029243576,18.9788191321276,1.18387350007422));
#5027=CARTESIAN_POINT('',(1.25564340300103,19.2867308265632,1.21717522184439));
#5028=CARTESIAN_POINT('',(1.25784826742754,19.2486388059564,1.20779091171655));
#5029=CARTESIAN_POINT('',(1.26058708689182,19.210141086424,1.19985547180067));
#5030=CARTESIAN_POINT('',(1.26164590835741,19.1712798449027,1.19414482016111));
#5031=CARTESIAN_POINT('',(1.26309692842319,19.1180239910493,1.1863188831293));
#5032=CARTESIAN_POINT('',(1.26052805764405,19.0621966306669,1.18336945720561));
#5033=CARTESIAN_POINT('',(1.24351081385134,19.0111092648049,1.1835460422976));
#5034=CARTESIAN_POINT('',(1.23985469781062,19.0001332606951,1.18358398120212));
#5035=CARTESIAN_POINT('',(1.2355911577856,18.9893438092249,1.18371808530761));
#5036=CARTESIAN_POINT('',(1.23079030416076,18.9788191267213,1.18387349686926));
#5037=CARTESIAN_POINT('',(1.25564340299787,19.2867308265625,1.21717522184645));
#5038=CARTESIAN_POINT('',(1.3094332982221,19.3699999942013,1.29980531355207));
#5039=CARTESIAN_POINT('',(1.3016404255529,19.3699965026594,1.29273018511565));
#5040=CARTESIAN_POINT('',(1.29422301947194,19.3683623755734,1.28502087052119));
#5041=CARTESIAN_POINT('',(1.28772948998931,19.3651331333605,1.27739247694131));
#5042=CARTESIAN_POINT('',(1.2812265414612,19.3618992070417,1.26975301816394));
#5043=CARTESIAN_POINT('',(1.27546902956495,19.3569789145081,1.26199647459919));
#5044=CARTESIAN_POINT('',(1.27081197505929,19.3507649508033,1.25486861041604));
#5045=CARTESIAN_POINT('',(1.26616355718508,19.3445625110596,1.24775396504662));
#5046=CARTESIAN_POINT('',(1.26247830293042,19.3369122638829,1.24107785143605));
#5047=CARTESIAN_POINT('',(1.25992592446255,19.3284226972576,1.23541138437874));
#5048=CARTESIAN_POINT('',(1.25729501078675,19.3196719115817,1.22957056341032));
#5049=CARTESIAN_POINT('',(1.25579499969809,19.3098007471887,1.22464724738094));
#5050=CARTESIAN_POINT('',(1.25546767958891,19.2995835876213,1.22102569271195));
#5051=CARTESIAN_POINT('',(1.25533268367292,19.2953697468706,1.21953206284893));
#5052=CARTESIAN_POINT('',(1.255392420096,19.291066896335,1.2182434514323));
#5053=CARTESIAN_POINT('',(1.25564340300103,19.2867308265632,1.21717522184439));
#5054=CARTESIAN_POINT('',(1.30929932943482,19.37,1.29995287294834));
#5055=CARTESIAN_POINT('',(1.30942296497675,19.37,1.29979593562456));
#5056=CARTESIAN_POINT('',(1.25058093207063,19.37,1.24638063805127));
#5057=CARTESIAN_POINT('',(1.18512579097097,19.37,1.15936729396143));
#5058=CARTESIAN_POINT('',(1.14014920022049,19.37,1.04898505475838));
#5059=CARTESIAN_POINT('',(1.12906528575497,19.37,1.01123113657769));
#5060=CARTESIAN_POINT('',(1.12580182500862,19.37,0.999733142518435));
#5061=CARTESIAN_POINT('',(-1.12586072277879,19.37,0.999716654566997));
#5062=CARTESIAN_POINT('',(-1.12911102521892,19.37,1.01121253035465));
#5063=CARTESIAN_POINT('',(-1.14014668072637,19.37,1.04897488515439));
#5064=CARTESIAN_POINT('',(-1.18516685449689,19.37,1.15935222407158));
#5065=CARTESIAN_POINT('',(-1.25061663491528,19.37,1.24633319467966));
#5066=CARTESIAN_POINT('',(-1.30945778998886,19.37,1.29976561627032));
#5067=CARTESIAN_POINT('',(-1.30932073121295,19.37,1.29993956521445));
#5068=CARTESIAN_POINT('',(-1.25567728710885,19.2867259602862,1.21715078472714));
#5069=CARTESIAN_POINT('',(-1.25504685589064,19.2976362861191,1.21983720167033));
#5070=CARTESIAN_POINT('',(-1.25564662601619,19.3084218943891,1.223976410084));
#5071=CARTESIAN_POINT('',(-1.25748719350016,19.3181962022847,1.22924183559295));
#5072=CARTESIAN_POINT('',(-1.25932944920815,19.3279794754704,1.23451209070898));
#5073=CARTESIAN_POINT('',(-1.26247068440578,19.3370224222833,1.24106407646376));
#5074=CARTESIAN_POINT('',(-1.26676288102092,19.3445231639535,1.24828888455271));
#5075=CARTESIAN_POINT('',(-1.27095443939017,19.3518480372857,1.25534429406136));
#5076=CARTESIAN_POINT('',(-1.27637374638442,19.3579088241922,1.26324423080289));
#5077=CARTESIAN_POINT('',(-1.28268471829118,19.3621684439614,1.27118331181046));
#5078=CARTESIAN_POINT('',(-1.28877347962419,19.3662780816729,1.27884285619961));
#5079=CARTESIAN_POINT('',(-1.29586841697343,19.3688253867057,1.28674455506412));
#5080=CARTESIAN_POINT('',(-1.30345223388454,19.3696703790426,1.29412035779663));
#5081=CARTESIAN_POINT('',(-1.30542079045393,19.3698897165129,1.2960349194341));
#5082=CARTESIAN_POINT('',(-1.30742998969742,19.36999898204,1.29792393367483));
#5083=CARTESIAN_POINT('',(-1.30946925842933,19.3699999929049,1.2997760276718));
#5084=CARTESIAN_POINT('',(-1.25567728734803,19.2867259603381,1.21715078457245));
#5085=CARTESIAN_POINT('',(-1.23076763607617,18.9788220039723,1.18387900843494));
#5086=CARTESIAN_POINT('',(-1.24538064719111,19.0108584255941,1.18340695834833));
#5087=CARTESIAN_POINT('',(-1.2545702383798,19.0457818065949,1.18323783021537));
#5088=CARTESIAN_POINT('',(-1.25867022401475,19.0807084406024,1.18508596174705));
#5089=CARTESIAN_POINT('',(-1.26349000520514,19.1217668121728,1.18725855218684));
#5090=CARTESIAN_POINT('',(-1.26235172285697,19.163344062206,1.19221071988388));
#5091=CARTESIAN_POINT('',(-1.2603934764981,19.2040521864626,1.19947392900008));
#5092=CARTESIAN_POINT('',(-1.25905834806442,19.2318069038047,1.20442597038489));
#5093=CARTESIAN_POINT('',(-1.25725840485684,19.2593629279582,1.21041326700608));
#5094=CARTESIAN_POINT('',(-1.2556772871089,19.2867259602861,1.21715078472714));
#5095=CARTESIAN_POINT('',(-1.23076763607592,18.9788220039724,1.18387900843502));
#5096=CARTESIAN_POINT('',(-1.16475761456212,18.8700000016547,1.30202888100111));
#5097=CARTESIAN_POINT('',(-1.16477906557032,18.870001935539,1.29107632700819));
#5098=CARTESIAN_POINT('',(-1.16667357969638,18.871734848922,1.28002845967456));
#5099=CARTESIAN_POINT('',(-1.16943570659155,18.8746593484125,1.26984136683125));
#5100=CARTESIAN_POINT('',(-1.17297974489498,18.8784117242469,1.25677048029795));
#5101=CARTESIAN_POINT('',(-1.17803224832826,18.8842148644913,1.24455777427364));
#5102=CARTESIAN_POINT('',(-1.1834513083665,18.8914565825056,1.23380231448951));
#5103=CARTESIAN_POINT('',(-1.18899625620957,18.8988665296921,1.22279699934069));
#5104=CARTESIAN_POINT('',(-1.19509124025483,18.9080075241315,1.21300955077225));
#5105=CARTESIAN_POINT('',(-1.20111289085875,18.9184261710894,1.20513794070922));
#5106=CARTESIAN_POINT('',(-1.20778499971024,18.9299702395119,1.19641603991629));
#5107=CARTESIAN_POINT('',(-1.21455158306654,18.9435096862614,1.189845858994));
#5108=CARTESIAN_POINT('',(-1.2211021565252,18.9576456420224,1.18651136535945));
#5109=CARTESIAN_POINT('',(-1.22431262722222,18.9645737487037,1.18487711239356));
#5110=CARTESIAN_POINT('',(-1.22752727295924,18.9717180855394,1.18398368321266));
#5111=CARTESIAN_POINT('',(-1.23076763607616,18.9788220039723,1.18387900843494));
#5112=CARTESIAN_POINT('',(2.01738401390503,19.37,1.45983007135291));
#5113=CARTESIAN_POINT('',(1.72743735762695,19.203458320796,1.47391037501818));
#5114=CARTESIAN_POINT('',(1.43749070134888,19.036729160398,1.48799067868345));
#5115=CARTESIAN_POINT('',(1.14754404507081,18.87,1.50207098234872));
#5116=CARTESIAN_POINT('',(2.01596898563453,19.37,1.46079555100627));
#5117=CARTESIAN_POINT('',(1.72619140159516,19.2034583206762,1.47423305855726));
#5118=CARTESIAN_POINT('',(1.43641381755579,19.0367291603381,1.48767056610824));
#5119=CARTESIAN_POINT('',(1.14663623351642,18.87,1.50110807365923));
#5120=CARTESIAN_POINT('',(2.01219211249916,19.37,1.45994782418217));
#5121=CARTESIAN_POINT('',(1.72418486994915,19.2034583204366,1.4726635432152));
#5122=CARTESIAN_POINT('',(1.43617762739914,19.0367291602183,1.48537926224822));
#5123=CARTESIAN_POINT('',(1.14817038484913,18.87,1.49809498128124));
#5124=CARTESIAN_POINT('',(2.00551834845411,19.37,1.46011829905035));
#5125=CARTESIAN_POINT('',(1.71985293882642,19.2034583199575,1.47110528725162));
#5126=CARTESIAN_POINT('',(1.43418752919871,19.0367291599787,1.4820922754529));
#5127=CARTESIAN_POINT('',(1.14852211957101,18.87,1.49307926365417));
#5128=CARTESIAN_POINT('',(1.99342767246241,19.37,1.46013665278019));
#5129=CARTESIAN_POINT('',(1.71239691391643,19.2034583191189,1.46803327381073));
#5130=CARTESIAN_POINT('',(1.43136615537045,19.0367291595594,1.47592989484127));
#5131=CARTESIAN_POINT('',(1.15033539682446,18.87,1.4838265158718));
#5132=CARTESIAN_POINT('',(1.96950994050523,19.37,1.46013888341276));
#5133=CARTESIAN_POINT('',(1.69733172743633,19.2034583174418,1.46195626868582));
#5134=CARTESIAN_POINT('',(1.42515351436744,19.0367291587209,1.46377365395888));
#5135=CARTESIAN_POINT('',(1.15297530129853,18.87,1.46559103923193));
#5136=CARTESIAN_POINT('',(1.92149870218193,19.37,1.46013703703427));
#5137=CARTESIAN_POINT('',(1.66701200416494,19.2034583140875,1.44969433888485));
#5138=CARTESIAN_POINT('',(1.41252530614794,19.0367291570437,1.43925164073542));
#5139=CARTESIAN_POINT('',(1.15803860813094,18.87,1.428808942586));
#5140=CARTESIAN_POINT('',(1.85299477762782,19.37,1.46016089041407));
#5141=CARTESIAN_POINT('',(1.62295269048424,19.2034583092958,1.43214057863109));
#5142=CARTESIAN_POINT('',(1.39291060334066,19.0367291546479,1.4041202668481));
#5143=CARTESIAN_POINT('',(1.16286851619708,18.87,1.37609995506512));
#5144=CARTESIAN_POINT('',(1.77077254237557,19.37,1.46004323164309));
#5145=CARTESIAN_POINT('',(1.56894091392419,19.2034583035456,1.41089463185591));
#5146=CARTESIAN_POINT('',(1.36710928547281,19.0367291517728,1.36174603206872));
#5147=CARTESIAN_POINT('',(1.16527765702144,18.87,1.31259743228154));
#5148=CARTESIAN_POINT('',(1.60609147401399,19.37,1.46164245482267));
#5149=CARTESIAN_POINT('',(1.45847039204555,19.2034582920454,1.36959331340822));
#5150=CARTESIAN_POINT('',(1.31084931007711,19.0367291460227,1.27754417199377));
#5151=CARTESIAN_POINT('',(1.16322822810867,18.87,1.18549503057932));
#5152=CARTESIAN_POINT('',(1.3637630788689,19.37,1.38009087913214));
#5153=CARTESIAN_POINT('',(1.28719100989296,19.203458274795,1.25206034948878));
#5154=CARTESIAN_POINT('',(1.21061894091702,19.0367291373975,1.12402981984542));
#5155=CARTESIAN_POINT('',(1.13404687194107,18.87,0.995999290202059));
#5156=CARTESIAN_POINT('',(1.19651903241384,19.37,1.18732876194423));
#5157=CARTESIAN_POINT('',(1.15244475442046,19.2034582575446,1.06403198112021));
#5158=CARTESIAN_POINT('',(1.10837047642708,19.0367291287722,0.940735200296196));
#5159=CARTESIAN_POINT('',(1.06429619843369,18.87,0.817438419472178));
#5160=CARTESIAN_POINT('',(1.13430186822097,19.37,1.03463444283557));
#5161=CARTESIAN_POINT('',(1.09039890423332,19.2034582460443,0.925200080358861));
#5162=CARTESIAN_POINT('',(1.04649594024568,19.0367291230221,0.815765717882154));
#5163=CARTESIAN_POINT('',(1.00259297625803,18.87,0.706331355405447));
#5164=CARTESIAN_POINT('',(1.10759418745335,19.37,0.928158531305736));
#5165=CARTESIAN_POINT('',(1.05756840137968,19.2034582383775,0.830305933688874));
#5166=CARTESIAN_POINT('',(1.00754261530601,19.0367291191887,0.732453336072017));
#5167=CARTESIAN_POINT('',(0.957516829232334,18.87,0.634600738455156));
#5168=CARTESIAN_POINT('',(1.03665142517349,19.37,0.749304603110295));
#5169=CARTESIAN_POINT('',(0.980629956411266,19.2034582249605,0.671472296254446));
#5170=CARTESIAN_POINT('',(0.92460848764904,19.0367291124802,0.5936399893986));
#5171=CARTESIAN_POINT('',(0.868587018886813,18.87,0.515807682542753));
#5172=CARTESIAN_POINT('',(0.88466272908902,19.37,0.518124425140378));
#5173=CARTESIAN_POINT('',(0.827955520874606,19.2034582057934,0.468324613846992));
#5174=CARTESIAN_POINT('',(0.771248312660195,19.0367291028967,0.418524802553605));
#5175=CARTESIAN_POINT('',(0.714541104445784,18.87,0.368724991260223));
#5176=CARTESIAN_POINT('',(0.631788232495843,19.37,0.302729156352195));
#5177=CARTESIAN_POINT('',(0.586588648637264,19.2034581827929,0.280435724982682));
#5178=CARTESIAN_POINT('',(0.541389064778689,19.0367290913964,0.258142293613166));
#5179=CARTESIAN_POINT('',(0.49618948092011,18.87,0.235848862243654));
#5180=CARTESIAN_POINT('',(0.328895354361973,19.37,0.166300318964761));
#5181=CARTESIAN_POINT('',(0.303946946299507,19.2034581597924,0.162208297770321));
#5182=CARTESIAN_POINT('',(0.278998538237044,19.0367290798962,0.158116276575879));
#5183=CARTESIAN_POINT('',(0.254050130174578,18.87,0.154024255381439));
#5184=CARTESIAN_POINT('',(-5.42881724296951E-6,19.37,0.119573446441824));
#5185=CARTESIAN_POINT('',(2.68693954239007E-6,19.2034581367918,0.121675057678834));
#5186=CARTESIAN_POINT('',(1.08026963277497E-5,19.0367290683959,0.123776668915847));
#5187=CARTESIAN_POINT('',(1.89184531131092E-5,18.87,0.125878280152857));
#5188=CARTESIAN_POINT('',(-0.328902983107178,19.37,0.166296279880811));
#5189=CARTESIAN_POINT('',(-0.303938084738241,19.2034581137913,0.162210201932941));
#5190=CARTESIAN_POINT('',(-0.278973186369304,19.0367290568956,0.15812412398507));
#5191=CARTESIAN_POINT('',(-0.254008288000367,18.87,0.154038046037199));
#5192=CARTESIAN_POINT('',(-0.631781708850636,19.37,0.302742781073716));
#5193=CARTESIAN_POINT('',(-0.586569649453091,19.2034580907908,0.280450424257688));
#5194=CARTESIAN_POINT('',(-0.541357590055549,19.0367290453954,0.258158067441659));
#5195=CARTESIAN_POINT('',(-0.496145530658004,18.87,0.235865710625631));
#5196=CARTESIAN_POINT('',(-0.842577090719374,19.37,0.48217570463409));
#5197=CARTESIAN_POINT('',(-0.787755826347235,19.2034580716237,0.436977295765634));
#5198=CARTESIAN_POINT('',(-0.732934561975096,19.0367290358118,0.391778886897174));
#5199=CARTESIAN_POINT('',(-0.678113297602957,18.87,0.346580478028715));
#5200=CARTESIAN_POINT('',(-0.976157682893559,19.37,0.656721482063414));
#5201=CARTESIAN_POINT('',(-0.919752514752115,19.20345805629,0.590135603085027));
#5202=CARTESIAN_POINT('',(-0.863347346610671,19.036729028145,0.523549724106639));
#5203=CARTESIAN_POINT('',(-0.806942178469227,18.87,0.456963845128248));
#5204=CARTESIAN_POINT('',(-1.04335683464941,19.37,0.776494841002605));
#5205=CARTESIAN_POINT('',(-0.988728241317932,19.2034580467065,0.695753240480749));
#5206=CARTESIAN_POINT('',(-0.934099647986457,19.0367290233532,0.615011639958892));
#5207=CARTESIAN_POINT('',(-0.879471054654978,18.87,0.534270039437032));
#5208=CARTESIAN_POINT('',(-1.08719527443889,19.37,0.877096409408038));
#5209=CARTESIAN_POINT('',(-1.03549467614232,19.2034580390396,0.784944944417254));
#5210=CARTESIAN_POINT('',(-0.983794077845761,19.0367290195198,0.69279347942647));
#5211=CARTESIAN_POINT('',(-0.932093479549197,18.87,0.600642014435682));
#5212=CARTESIAN_POINT('',(-1.11440997807158,19.37,0.954720773276492));
#5213=CARTESIAN_POINT('',(-1.06586485950525,19.2034580332895,0.853985649039582));
#5214=CARTESIAN_POINT('',(-1.01731974093892,19.0367290166447,0.753250524802672));
#5215=CARTESIAN_POINT('',(-0.968774622372593,18.87,0.652515400565762));
#5216=CARTESIAN_POINT('',(-1.13429181976545,19.37,1.03462034321303));
#5217=CARTESIAN_POINT('',(-1.09038946368651,19.2034580275394,0.925184924369426));
#5218=CARTESIAN_POINT('',(-1.04648710760758,19.0367290137697,0.815749505525818));
#5219=CARTESIAN_POINT('',(-1.00258475152864,18.87,0.706314086682211));
#5220=CARTESIAN_POINT('',(-1.19656711285889,19.37,1.18730258666636));
#5221=CARTESIAN_POINT('',(-1.15247551086123,19.2034580160391,1.06400967414371));
#5222=CARTESIAN_POINT('',(-1.10838390886356,19.0367290080195,0.940716761621057));
#5223=CARTESIAN_POINT('',(-1.0642923068659,18.87,0.817423849098406));
#5224=CARTESIAN_POINT('',(-1.36374680947181,19.37,1.3799543090131));
#5225=CARTESIAN_POINT('',(-1.28717819633639,19.2034579987888,1.25196676240862));
#5226=CARTESIAN_POINT('',(-1.21060958320098,19.0367289993943,1.12397921580414));
#5227=CARTESIAN_POINT('',(-1.13404097006557,18.87,0.99599166919965));
#5228=CARTESIAN_POINT('',(-1.60609789844578,19.37,1.46195200994908));
#5229=CARTESIAN_POINT('',(-1.45846298103438,19.2034579815383,1.36979718553852));
#5230=CARTESIAN_POINT('',(-1.31082806362298,19.0367289907691,1.27764236112796));
#5231=CARTESIAN_POINT('',(-1.16319314621158,18.87,1.1854875367174));
#5232=CARTESIAN_POINT('',(-1.77077494458846,19.37,1.45977558128209));
#5233=CARTESIAN_POINT('',(-1.56893811237475,19.2034579700381,1.41071560783725));
#5234=CARTESIAN_POINT('',(-1.36710128016102,19.036728985019,1.36165563439241));
#5235=CARTESIAN_POINT('',(-1.16526444794731,18.87,1.31259566094757));
#5236=CARTESIAN_POINT('',(-1.85298679173268,19.37,1.46020611918225));
#5237=CARTESIAN_POINT('',(-1.6229455821689,19.2034579642879,1.43217028258094));
#5238=CARTESIAN_POINT('',(-1.39290437260512,19.036728982144,1.40413444597963));
#5239=CARTESIAN_POINT('',(-1.16286316304135,18.87,1.37609860937833));
#5240=CARTESIAN_POINT('',(-1.92152305373976,19.37,1.46012432918031));
#5241=CARTESIAN_POINT('',(-1.6670246290677,19.2034579594962,1.44968387032551));
#5242=CARTESIAN_POINT('',(-1.41252620439566,19.036728979748,1.43924341147071));
#5243=CARTESIAN_POINT('',(-1.1580277797236,18.87,1.42880295261591));
#5244=CARTESIAN_POINT('',(-1.96947455952587,19.37,1.46008117791841));
#5245=CARTESIAN_POINT('',(-1.69731749895361,19.203457956142,1.46192094675438));
#5246=CARTESIAN_POINT('',(-1.42516043838135,19.036728978071,1.46376071559034));
#5247=CARTESIAN_POINT('',(-1.15300337780909,18.87,1.46560048442631));
#5248=CARTESIAN_POINT('',(-1.99348186733851,19.37,1.46015404151144));
#5249=CARTESIAN_POINT('',(-1.71242346844327,19.2034579544648,1.46804086027392));
#5250=CARTESIAN_POINT('',(-1.43136506954803,19.0367289772324,1.4759276790364));
#5251=CARTESIAN_POINT('',(-1.1503066706528,18.87,1.48381449779888));
#5252=CARTESIAN_POINT('',(-2.00543818865911,19.37,1.46003780776995));
#5253=CARTESIAN_POINT('',(-1.71982197274665,19.2034579536262,1.4710591830903));
#5254=CARTESIAN_POINT('',(-1.43420575683419,19.0367289768131,1.48208055841067));
#5255=CARTESIAN_POINT('',(-1.14858954092174,18.87,1.49310193373102));
#5256=CARTESIAN_POINT('',(-2.01148729592778,19.37,1.46021299010908));
#5257=CARTESIAN_POINT('',(-1.72378126305111,19.203457953207,1.4726335064446));
#5258=CARTESIAN_POINT('',(-1.43607523017444,19.0367289766034,1.48505402278013));
#5259=CARTESIAN_POINT('',(-1.14836919729777,18.87,1.49747453911565));
#5260=CARTESIAN_POINT('',(-2.01481756196912,19.37,1.45992833837022));
#5261=CARTESIAN_POINT('',(-1.72554766525871,19.2034579529674,1.47341276079347));
#5262=CARTESIAN_POINT('',(-1.43627776854828,19.0367289764837,1.48689718321671));
#5263=CARTESIAN_POINT('',(-1.14700787183785,18.87,1.50038160563996));
#5264=CARTESIAN_POINT('',(-2.01672152312048,19.37,1.46040044266939));
#5265=CARTESIAN_POINT('',(-1.72683252882788,19.2034579528476,1.47412934055862));
#5266=CARTESIAN_POINT('',(-1.43694353453527,19.0367289764237,1.48785823844784));
#5267=CARTESIAN_POINT('',(-1.14705454024267,18.87,1.50158713633706));
#5268=CARTESIAN_POINT('',(-2.01738577547312,19.37,1.45985972919783));
#5269=CARTESIAN_POINT('',(-1.72743868073117,19.2034579527877,1.47391710751969));
#5270=CARTESIAN_POINT('',(-1.43749158598921,19.0367289763938,1.48797448584156));
#5271=CARTESIAN_POINT('',(-1.14754449124726,18.87,1.50203186416343));
#5272=CARTESIAN_POINT('',(1.43501867790472,19.3699999999892,0.917261653166503));
#5273=CARTESIAN_POINT('',(1.43566152813216,19.3699999999892,0.919555405866138));
#5274=CARTESIAN_POINT('',(1.43819398273498,19.3699999999892,0.928437242156738));
#5275=CARTESIAN_POINT('',(1.44935808693113,19.3699999999894,0.963332462296502));
#5276=CARTESIAN_POINT('',(1.47909254104604,19.36999999999,1.01803468277696));
#5277=CARTESIAN_POINT('',(1.53331583392379,19.369999999991,1.07471809628101));
#5278=CARTESIAN_POINT('',(1.57642894943476,19.3699999999918,1.10141807582192));
#5279=CARTESIAN_POINT('',(1.59714704672396,19.3699999999921,1.11121589432793));
#5280=CARTESIAN_POINT('',(1.59712820759678,19.3699999999961,1.11134384867016));
#5281=CARTESIAN_POINT('',(1.59718108203231,19.3699999897985,1.11123198919494));
#5282=CARTESIAN_POINT('',(1.58640457277564,19.3699954699954,1.10613808189118));
#5283=CARTESIAN_POINT('',(1.57570834762547,19.3684638859522,1.10053841663361));
#5284=CARTESIAN_POINT('',(1.56580815332623,19.3652037475665,1.09475579487957));
#5285=CARTESIAN_POINT('',(1.55603033201456,19.36198390666,1.08904465017725));
#5286=CARTESIAN_POINT('',(1.54681371267776,19.3569670311522,1.08301744022282));
#5287=CARTESIAN_POINT('',(1.53891120240904,19.350309102643,1.07737716910372));
#5288=CARTESIAN_POINT('',(1.5309877953697,19.3436335684365,1.07172198329956));
#5289=CARTESIAN_POINT('',(1.52416836101284,19.3351043278972,1.06631668499138));
#5290=CARTESIAN_POINT('',(1.51890246638703,19.3254506232043,1.0620270927001));
#5291=CARTESIAN_POINT('',(1.51395697007203,19.3163842889197,1.05799849653992));
#5292=CARTESIAN_POINT('',(1.51022149089966,19.3060827718918,1.05484948435476));
#5293=CARTESIAN_POINT('',(1.50776719310745,19.2954180194648,1.05308159968574));
#5294=CARTESIAN_POINT('',(1.50531637816172,19.2847684011817,1.05131622378762));
#5295=CARTESIAN_POINT('',(1.50406416860223,19.2734677744397,1.05088202306991));
#5296=CARTESIAN_POINT('',(1.50393321542327,19.2624505132723,1.05194983539997));
#5297=CARTESIAN_POINT('',(1.50388567548407,19.2584509163917,1.05233748336433));
#5298=CARTESIAN_POINT('',(1.50398293934006,19.2544611980935,1.0529201508975));
#5299=CARTESIAN_POINT('',(1.50421903556992,19.2505250520448,1.05369495348613));
#5300=CARTESIAN_POINT('',(1.50421903556992,19.2505250520448,1.05369495348612));
#5301=CARTESIAN_POINT('',(1.50421903556992,19.2505250520448,1.05369495348613));
#5302=CARTESIAN_POINT('',(1.50766748956424,19.193033161674,1.06501182662384));
#5303=CARTESIAN_POINT('',(1.50979857141408,19.1357871138768,1.07878968559327));
#5304=CARTESIAN_POINT('',(1.50750897642345,19.0791416572384,1.09399925192452));
#5305=CARTESIAN_POINT('',(1.50571116121575,19.0346630207071,1.10594197094899));
#5306=CARTESIAN_POINT('',(1.50103586480598,18.990426816066,1.11871109150113));
#5307=CARTESIAN_POINT('',(1.49341806494329,18.9466322521987,1.13088545332503));
#5308=CARTESIAN_POINT('',(1.49341806493897,18.9466322521996,1.1308854533256));
#5309=CARTESIAN_POINT('',(1.49341806494328,18.9466322521987,1.13088545332502));
#5310=CARTESIAN_POINT('',(1.4914786299623,18.9354824831483,1.13398495496828));
#5311=CARTESIAN_POINT('',(1.48992625219545,18.9246455462004,1.13906391691047));
#5312=CARTESIAN_POINT('',(1.48861434885112,18.9150737879457,1.14572319779403));
#5313=CARTESIAN_POINT('',(1.48730258545861,18.9055030507912,1.15238176827587));
#5314=CARTESIAN_POINT('',(1.48618567081792,18.8969334445159,1.16079862306548));
#5315=CARTESIAN_POINT('',(1.48526280290476,18.8900725747228,1.17027137737646));
#5316=CARTESIAN_POINT('',(1.48433691281803,18.8831892372079,1.17977515271157));
#5317=CARTESIAN_POINT('',(1.48357965211851,18.8778294000251,1.19060290924816));
#5318=CARTESIAN_POINT('',(1.48320033365156,18.8744411541186,1.2018694642049));
#5319=CARTESIAN_POINT('',(1.48287454501086,18.8715310610848,1.21154607092106));
#5320=CARTESIAN_POINT('',(1.48282685191316,18.870000534498,1.22177298441838));
#5321=CARTESIAN_POINT('',(1.48329038557737,18.8700000001427,1.23187232268878));
#5322=CARTESIAN_POINT('',(1.48336300375712,18.87,1.231868989701));
#5323=CARTESIAN_POINT('',(1.48329013901624,18.87,1.23186695473216));
#5324=CARTESIAN_POINT('',(1.48086406269273,18.87,1.17903756760649));
#5325=CARTESIAN_POINT('',(1.47297119586356,18.87,1.09943347554384));
#5326=CARTESIAN_POINT('',(1.45390706690658,18.87,0.994246021826526));
#5327=CARTESIAN_POINT('',(1.43981283720507,18.87,0.935150101178896));
#5328=CARTESIAN_POINT('',(1.42906225724195,18.87,0.896115419168729));
#5329=CARTESIAN_POINT('',(1.42153635548301,18.87,0.870193483101663));
#5330=CARTESIAN_POINT('',(1.4074301718215,18.87,0.825107498772687));
#5331=CARTESIAN_POINT('',(1.37552335495216,18.87,0.736139484841402));
#5332=CARTESIAN_POINT('',(1.29732370532534,18.87,0.563773992470476));
#5333=CARTESIAN_POINT('',(1.08651460089604,18.87,0.247362882374798));
#5334=CARTESIAN_POINT('',(0.647812199077637,18.8700000000004,-0.0892377320320919));
#5335=CARTESIAN_POINT('',(-1.39201150606283E-10,18.8700000000006,-0.232881134067635));
#5336=CARTESIAN_POINT('',(-0.64781219840377,18.8700000000009,-0.0892377316973666));
#5337=CARTESIAN_POINT('',(-1.08651460071585,18.870000000001,0.247362882329916));
#5338=CARTESIAN_POINT('',(-1.29732370550611,18.8700000000011,0.563773992245257));
#5339=CARTESIAN_POINT('',(-1.37552335523609,18.8700000000011,0.736139484582192));
#5340=CARTESIAN_POINT('',(-1.40743017212753,18.8700000000011,0.825107498514879));
#5341=CARTESIAN_POINT('',(-1.42153635579145,18.8700000000011,0.870193482849701));
#5342=CARTESIAN_POINT('',(-1.42906225754912,18.8700000000011,0.896115418921656));
#5343=CARTESIAN_POINT('',(-1.4398128375076,18.8700000000011,0.935150100940739));
#5344=CARTESIAN_POINT('',(-1.45390706719153,18.8700000000011,0.994246021607839));
#5345=CARTESIAN_POINT('',(-1.47297119422422,18.8700000000011,1.09943346504562));
#5346=CARTESIAN_POINT('',(-1.48086406079656,18.8700000000011,1.17903754656528));
#5347=CARTESIAN_POINT('',(-1.4832901377139,18.8700000000011,1.23186692318444));
#5348=CARTESIAN_POINT('',(-1.48336300238146,18.8700000000006,1.23186897391476));
#5349=CARTESIAN_POINT('',(-1.48329038499606,18.8700000001414,1.23187230686252));
#5350=CARTESIAN_POINT('',(-1.48276460603006,18.8700006080275,1.22041677234736));
#5351=CARTESIAN_POINT('',(-1.48289527298779,18.871979935516,1.20878214258972));
#5352=CARTESIAN_POINT('',(-1.48334854679528,18.8757050042865,1.19794590152424));
#5353=CARTESIAN_POINT('',(-1.48380119098765,18.8794248987901,1.18712471242334));
#5354=CARTESIAN_POINT('',(-1.48458112074139,18.8849860672933,1.17679391347694));
#5355=CARTESIAN_POINT('',(-1.48551544006087,18.8919536910734,1.16775400740943));
#5356=CARTESIAN_POINT('',(-1.48647715126064,18.899125587967,1.1584490741508));
#5357=CARTESIAN_POINT('',(-1.48762971831041,18.9079922882157,1.15026193332471));
#5358=CARTESIAN_POINT('',(-1.48899162763723,18.9178104129276,1.14388287331865));
#5359=CARTESIAN_POINT('',(-1.49022117120371,18.9266743011737,1.13812380255222));
#5360=CARTESIAN_POINT('',(-1.49165915138871,18.9365202950941,1.13369645567915));
#5361=CARTESIAN_POINT('',(-1.4934180652624,18.9466322521633,1.13088545327258));
#5362=CARTESIAN_POINT('',(-1.49341806526231,18.9466322521633,1.13088545327257));
#5363=CARTESIAN_POINT('',(-1.4934180652624,18.9466322521633,1.13088545327258));
#5364=CARTESIAN_POINT('',(-1.50056814387831,18.9877378964413,1.11945857871155));
#5365=CARTESIAN_POINT('',(-1.50514511084383,19.0292257834166,1.10750608135124));
#5366=CARTESIAN_POINT('',(-1.50714645407536,19.0709367393304,1.09621175268671));
#5367=CARTESIAN_POINT('',(-1.50914690069436,19.1126290085119,1.08492248394207));
#5368=CARTESIAN_POINT('',(-1.50867752367642,19.1546514866997,1.0743032162801));
#5369=CARTESIAN_POINT('',(-1.50696450601519,19.1968309499819,1.06494089110493));
#5370=CARTESIAN_POINT('',(-1.50623915604931,19.214691169958,1.06097656405795));
#5371=CARTESIAN_POINT('',(-1.50529471665325,19.2325915389843,1.05722503858994));
#5372=CARTESIAN_POINT('',(-1.50421903634156,19.2505250519385,1.05369495302548));
#5373=CARTESIAN_POINT('',(-1.50421903633997,19.2505250519387,1.05369495302647));
#5374=CARTESIAN_POINT('',(-1.50421903634159,19.2505250519386,1.05369495302549));
#5375=CARTESIAN_POINT('',(-1.50356176938682,19.2614828665615,1.05153798448757));
#5376=CARTESIAN_POINT('',(-1.50399309205956,19.2729615544805,1.05089468468422));
#5377=CARTESIAN_POINT('',(-1.50562166125497,19.2839994168645,1.05171417891929));
#5378=CARTESIAN_POINT('',(-1.50725049983474,19.2950391050398,1.05253380870827));
#5379=CARTESIAN_POINT('',(-1.51013134424571,19.3059435681019,1.05483836852656));
#5380=CARTESIAN_POINT('',(-1.51425986637308,19.3157767305786,1.05822419839085));
#5381=CARTESIAN_POINT('',(-1.51836269272908,19.3255486918101,1.06158895497337));
#5382=CARTESIAN_POINT('',(-1.52382692155921,19.3345282053468,1.0661067751727));
#5383=CARTESIAN_POINT('',(-1.53039869308324,19.341977443904,1.07110344018376));
#5384=CARTESIAN_POINT('',(-1.53691307227932,19.3493616270737,1.07605646852306));
#5385=CARTESIAN_POINT('',(-1.54469113332128,19.3554369171889,1.08159077277835));
#5386=CARTESIAN_POINT('',(-1.55318400034468,19.3598815869058,1.08703245523469));
#5387=CARTESIAN_POINT('',(-1.56194434862596,19.3644662406637,1.09264552246186));
#5388=CARTESIAN_POINT('',(-1.57166071333325,19.367447326098,1.09828678878469));
#5389=CARTESIAN_POINT('',(-1.58165306453292,19.368899999867,1.10351287070233));
#5390=CARTESIAN_POINT('',(-1.58674333054584,19.3696400154815,1.10617512172159));
#5391=CARTESIAN_POINT('',(-1.59194471117423,19.3699977935867,1.1087568278449));
#5392=CARTESIAN_POINT('',(-1.59718108267982,19.3699999897984,1.11123198850913));
#5393=CARTESIAN_POINT('',(-1.59712820808992,19.3699999999666,1.1113438483078));
#5394=CARTESIAN_POINT('',(-1.59714704718532,19.3699999999332,1.11121589356387));
#5395=CARTESIAN_POINT('',(-1.57642895002693,19.3699999999336,1.10141807481691));
#5396=CARTESIAN_POINT('',(-1.53331583452293,19.3699999999344,1.07471809482274));
#5397=CARTESIAN_POINT('',(-1.47909254086792,19.3699999999354,1.018034681544));
#5398=CARTESIAN_POINT('',(-1.449358086581,19.369999999936,0.963332461769115));
#5399=CARTESIAN_POINT('',(-1.43819398244945,19.3699999999362,0.928437241217075));
#5400=CARTESIAN_POINT('',(-1.43566152796651,19.3699999999362,0.919555405329147));
#5401=CARTESIAN_POINT('',(-1.43501867789063,19.3699999999362,0.917261653170434));
#5402=CARTESIAN_POINT('',(2.01737209822562,19.37,1.14014258663298));
#5403=CARTESIAN_POINT('',(1.83239456989147,19.2033333333332,1.27938423903378));
#5404=CARTESIAN_POINT('',(1.64741704155732,19.0366666666665,1.41862589143459));
#5405=CARTESIAN_POINT('',(1.46243951322316,18.87,1.55786754383539));
#5406=CARTESIAN_POINT('',(2.01673448029193,19.37,1.13957067368152));
#5407=CARTESIAN_POINT('',(1.8320183261558,19.2033333333332,1.27872600732719));
#5408=CARTESIAN_POINT('',(1.64730217201967,19.0366666666665,1.41788134097286));
#5409=CARTESIAN_POINT('',(1.46258601788353,18.87,1.55703667461853));
#5410=CARTESIAN_POINT('',(2.01479221105715,19.37,1.14000136179163));
#5411=CARTESIAN_POINT('',(1.83082066997758,19.2033333333332,1.2784591360409));
#5412=CARTESIAN_POINT('',(1.64684912889801,19.0366666666665,1.41691691029016));
#5413=CARTESIAN_POINT('',(1.46287758781844,18.87,1.55537468453943));
#5414=CARTESIAN_POINT('',(2.01148077568146,19.37,1.13979656055924));
#5415=CARTESIAN_POINT('',(1.82880550731784,19.2033333333332,1.27721427625062));
#5416=CARTESIAN_POINT('',(1.64613023895422,19.0366666666665,1.41463199194199));
#5417=CARTESIAN_POINT('',(1.4634549705906,18.87,1.55204970763337));
#5418=CARTESIAN_POINT('',(2.0054212707531,19.3699999999997,1.13990336984653));
#5419=CARTESIAN_POINT('',(1.82509760691223,19.2033333333332,1.2753450490303));
#5420=CARTESIAN_POINT('',(1.64477394307135,19.0366666666665,1.41078672821408));
#5421=CARTESIAN_POINT('',(1.46445027923047,18.87,1.54622840739785));
#5422=CARTESIAN_POINT('',(1.99347221115603,19.3699999999995,1.13982694902448));
#5423=CARTESIAN_POINT('',(1.81777496111211,19.2033333333332,1.27140984962744));
#5424=CARTESIAN_POINT('',(1.64207771106818,19.0366666666665,1.40299275023041));
#5425=CARTESIAN_POINT('',(1.46638046102426,18.87,1.53457565083337));
#5426=CARTESIAN_POINT('',(1.96946078994135,19.369999999999,1.13987886420675));
#5427=CARTESIAN_POINT('',(1.80297357914254,19.2033333333332,1.26366296459775));
#5428=CARTESIAN_POINT('',(1.63648636834373,19.0366666666665,1.38744706498876));
#5429=CARTESIAN_POINT('',(1.46999915754491,18.87,1.51123116537976));
#5430=CARTESIAN_POINT('',(1.92151348306092,19.3699999999982,1.13983824652673));
#5431=CARTESIAN_POINT('',(1.77309914915204,19.2033333333332,1.24802533820692));
#5432=CARTESIAN_POINT('',(1.62468481524316,19.0366666666665,1.35621242988711));
#5433=CARTESIAN_POINT('',(1.47627048133427,18.87,1.4643995215673));
#5434=CARTESIAN_POINT('',(1.85296680539121,19.3699999999969,1.13994730798719));
#5435=CARTESIAN_POINT('',(1.7294687837286,19.2033333333332,1.22568655820459));
#5436=CARTESIAN_POINT('',(1.60597076206599,19.0366666666665,1.31142580842198));
#5437=CARTESIAN_POINT('',(1.48247274040339,18.87,1.39716505863938));
#5438=CARTESIAN_POINT('',(1.77080895484511,19.3699999999954,1.13939388273408));
#5439=CARTESIAN_POINT('',(1.67571115818063,19.2033333333332,1.19832725212918));
#5440=CARTESIAN_POINT('',(1.58061336151614,19.0366666666665,1.25726062152429));
#5441=CARTESIAN_POINT('',(1.48551556485166,18.87,1.3161939909194));
#5442=CARTESIAN_POINT('',(1.6606081485388,19.3699999999933,1.14236360622891));
#5443=CARTESIAN_POINT('',(1.6016456835071,19.2033333333332,1.16429857502179));
#5444=CARTESIAN_POINT('',(1.54268321847539,19.0366666666665,1.18623354381468));
#5445=CARTESIAN_POINT('',(1.48372075344369,18.87,1.20816851260757));
#5446=CARTESIAN_POINT('',(1.5555824104139,19.3699999999914,1.09799491138249));
#5447=CARTESIAN_POINT('',(1.52811160123864,19.2033333333332,1.09884003913938));
#5448=CARTESIAN_POINT('',(1.50064079206336,19.0366666666665,1.09968516689627));
#5449=CARTESIAN_POINT('',(1.4731699828881,18.87,1.10053029465316));
#5450=CARTESIAN_POINT('',(1.47909254104604,19.36999999999,1.01803468277696));
#5451=CARTESIAN_POINT('',(1.47069738299956,19.2033333333332,1.01010512912681));
#5452=CARTESIAN_POINT('',(1.46230222495306,19.0366666666665,1.00217557547667));
#5453=CARTESIAN_POINT('',(1.45390706690658,18.87,0.994246021826526));
#5454=CARTESIAN_POINT('',(1.44935808693113,19.3699999999894,0.963332462296502));
#5455=CARTESIAN_POINT('',(1.44617633702244,19.2033333333332,0.953938341923964));
#5456=CARTESIAN_POINT('',(1.44299458711376,19.0366666666665,0.94454422155143));
#5457=CARTESIAN_POINT('',(1.43981283720507,18.87,0.935150101178896));
#5458=CARTESIAN_POINT('',(1.43683177058083,19.3699999999892,0.92417942691596));
#5459=CARTESIAN_POINT('',(1.4342419328012,19.2033333333332,0.914824757666884));
#5460=CARTESIAN_POINT('',(1.43165209502158,19.0366666666665,0.905470088417805));
#5461=CARTESIAN_POINT('',(1.42906225724195,18.87,0.896115419168729));
#5462=CARTESIAN_POINT('',(1.42971791846336,19.3699999999891,0.897686874354433));
#5463=CARTESIAN_POINT('',(1.42699073080324,19.2033333333332,0.888522410603511));
#5464=CARTESIAN_POINT('',(1.42426354314313,19.0366666666665,0.879357946852585));
#5465=CARTESIAN_POINT('',(1.42153635548301,18.87,0.870193483101663));
#5466=CARTESIAN_POINT('',(1.41629991448821,19.3699999999888,0.851647147222143));
#5467=CARTESIAN_POINT('',(1.41334333359931,19.2033333333332,0.84280059773899));
#5468=CARTESIAN_POINT('',(1.4103867527104,19.0366666666665,0.833954048255836));
#5469=CARTESIAN_POINT('',(1.4074301718215,18.87,0.825107498772687));
#5470=CARTESIAN_POINT('',(1.38565004097249,19.3699999999883,0.760697869014967));
#5471=CARTESIAN_POINT('',(1.38227447896572,19.2033333333332,0.752511740957111));
#5472=CARTESIAN_POINT('',(1.37889891695894,19.0366666666665,0.744325612899258));
#5473=CARTESIAN_POINT('',(1.37552335495216,18.87,0.736139484841402));
#5474=CARTESIAN_POINT('',(1.30937976476401,19.3699999999869,0.584334132129544));
#5475=CARTESIAN_POINT('',(1.30536107828445,19.2033333333332,0.577480752243188));
#5476=CARTESIAN_POINT('',(1.3013423918049,19.0366666666665,0.570627372356832));
#5477=CARTESIAN_POINT('',(1.29732370532534,18.87,0.563773992470476));
#5478=CARTESIAN_POINT('',(1.0998302718116,19.3699999999829,0.260036729424326));
#5479=CARTESIAN_POINT('',(1.09539171483975,19.2033333333332,0.255812113741151));
#5480=CARTESIAN_POINT('',(1.0909531578679,19.0366666666665,0.251587498057976));
#5481=CARTESIAN_POINT('',(1.08651460089604,18.87,0.247362882374798));
#5482=CARTESIAN_POINT('',(0.657676161705964,19.3699999999748,-0.0863951211415946));
#5483=CARTESIAN_POINT('',(0.65438817416319,19.2033333333332,-0.0873426581050937));
#5484=CARTESIAN_POINT('',(0.651100186620415,19.0366666666665,-0.0882901950685928));
#5485=CARTESIAN_POINT('',(0.647812199077637,18.8700000000004,-0.0892377320320919));
#5486=CARTESIAN_POINT('',(-1.02733793694298E-10,19.3699999999627,-0.234516319709511));
#5487=CARTESIAN_POINT('',(-1.14890735813944E-10,19.2033333333332,-0.233971257828884));
#5488=CARTESIAN_POINT('',(-1.27044208486637E-10,19.0366666666665,-0.233426195948261));
#5489=CARTESIAN_POINT('',(-1.39201150606283E-10,18.8700000000006,-0.232881134067635));
#5490=CARTESIAN_POINT('',(-0.657676161324595,19.3699999999506,-0.0863951198121129));
#5491=CARTESIAN_POINT('',(-0.654388173684319,19.2033333333332,-0.0873426571071975));
#5492=CARTESIAN_POINT('',(-0.651100186044046,19.0366666666665,-0.088290194402282));
#5493=CARTESIAN_POINT('',(-0.64781219840377,18.8700000000009,-0.0892377316973666));
#5494=CARTESIAN_POINT('',(-1.09983027121745,19.3699999999424,0.260036727402385));
#5495=CARTESIAN_POINT('',(-1.09539171438358,19.2033333333332,0.255812112378227));
#5496=CARTESIAN_POINT('',(-1.09095315754972,19.0366666666665,0.251587497354074));
#5497=CARTESIAN_POINT('',(-1.08651460071585,18.870000000001,0.247362882329916));
#5498=CARTESIAN_POINT('',(-1.30937976547656,19.3699999999386,0.584334134556839));
#5499=CARTESIAN_POINT('',(-1.30536107881974,19.2033333333332,0.577480753786311));
#5500=CARTESIAN_POINT('',(-1.30134239216292,19.0366666666665,0.570627373015784));
#5501=CARTESIAN_POINT('',(-1.29732370550611,18.8700000000011,0.563773992245257));
#5502=CARTESIAN_POINT('',(-1.38565003978201,19.3699999999372,0.760697864977922));
#5503=CARTESIAN_POINT('',(-1.3822744782667,19.2033333333332,0.752511738179347));
#5504=CARTESIAN_POINT('',(-1.3788989167514,19.0366666666665,0.744325611380771));
#5505=CARTESIAN_POINT('',(-1.37552335523609,18.8700000000011,0.736139484582192));
#5506=CARTESIAN_POINT('',(-1.41629991636526,19.3699999999366,0.851647153483707));
#5507=CARTESIAN_POINT('',(-1.41334333495268,19.2033333333332,0.842800601827431));
#5508=CARTESIAN_POINT('',(-1.4103867535401,19.0366666666665,0.833954050171155));
#5509=CARTESIAN_POINT('',(-1.40743017212753,18.8700000000011,0.825107498514879));
#5510=CARTESIAN_POINT('',(-1.42971791793143,19.3699999999363,0.897686872379495));
#5511=CARTESIAN_POINT('',(-1.42699073055143,19.2033333333332,0.888522409202898));
#5512=CARTESIAN_POINT('',(-1.42426354317144,19.0366666666665,0.879357946026298));
#5513=CARTESIAN_POINT('',(-1.42153635579145,18.8700000000011,0.870193482849701));
#5514=CARTESIAN_POINT('',(-1.43683177010449,19.3699999999362,0.924179425304943));
#5515=CARTESIAN_POINT('',(-1.43424193258604,19.2033333333332,0.914824756510514));
#5516=CARTESIAN_POINT('',(-1.43165209506758,19.0366666666665,0.905470087716085));
#5517=CARTESIAN_POINT('',(-1.42906225754912,18.8700000000011,0.896115418921656));
#5518=CARTESIAN_POINT('',(-1.449358086581,19.369999999936,0.963332461769115));
#5519=CARTESIAN_POINT('',(-1.44617633688987,19.2033333333332,0.95393834149299));
#5520=CARTESIAN_POINT('',(-1.44299458719873,19.0366666666665,0.944544221216865));
#5521=CARTESIAN_POINT('',(-1.4398128375076,18.8700000000011,0.935150100940739));
#5522=CARTESIAN_POINT('',(-1.47909254086792,19.3699999999354,1.018034681544));
#5523=CARTESIAN_POINT('',(-1.47069738297579,19.2033333333332,1.01010512823195));
#5524=CARTESIAN_POINT('',(-1.46230222508366,19.0366666666665,1.00217557491989));
#5525=CARTESIAN_POINT('',(-1.45390706719153,18.8700000000011,0.994246021607839));
#5526=CARTESIAN_POINT('',(-1.55558241140832,19.369999999934,1.09799490991124));
#5527=CARTESIAN_POINT('',(-1.52811160197877,19.2033333333332,1.09884003810125));
#5528=CARTESIAN_POINT('',(-1.50064079254921,19.0366666666665,1.09968516629127));
#5529=CARTESIAN_POINT('',(-1.47316998311966,18.8700000000011,1.10053029448129));
#5530=CARTESIAN_POINT('',(-1.66060814904438,19.3699999999321,1.14236360661455));
#5531=CARTESIAN_POINT('',(-1.60164568389649,19.2033333333332,1.16429857524072));
#5532=CARTESIAN_POINT('',(-1.54268321874862,19.0366666666665,1.1862335438669));
#5533=CARTESIAN_POINT('',(-1.48372075360074,18.8700000000011,1.20816851249307));
#5534=CARTESIAN_POINT('',(-1.77080895363588,19.36999999993,1.13939388370638));
#5535=CARTESIAN_POINT('',(-1.675711157403,19.2033333333332,1.19832725275672));
#5536=CARTESIAN_POINT('',(-1.58061336117011,19.0366666666665,1.25726062180707));
#5537=CARTESIAN_POINT('',(-1.48551556493722,18.8700000000011,1.31619399085741));
#5538=CARTESIAN_POINT('',(-1.85296680557079,19.3699999999285,1.13994730765851));
#5539=CARTESIAN_POINT('',(-1.72946878386149,19.2033333333332,1.22568655797584));
#5540=CARTESIAN_POINT('',(-1.60597076215219,19.0366666666665,1.31142580829316));
#5541=CARTESIAN_POINT('',(-1.48247274044289,18.8700000000011,1.39716505861048));
#5542=CARTESIAN_POINT('',(-1.92151348342917,19.3699999999273,1.13983824654693));
#5543=CARTESIAN_POINT('',(-1.77309914940168,19.2033333333332,1.24802533821713));
#5544=CARTESIAN_POINT('',(-1.6246848153742,19.0366666666665,1.35621242988733));
#5545=CARTESIAN_POINT('',(-1.47627048134671,18.8700000000011,1.46439952155752));
#5546=CARTESIAN_POINT('',(-1.96946078885911,19.3699999999264,1.13987886416316));
#5547=CARTESIAN_POINT('',(-1.80297357842174,19.2033333333332,1.26366296456785));
#5548=CARTESIAN_POINT('',(-1.63648636798437,19.0366666666665,1.38744706497255));
#5549=CARTESIAN_POINT('',(-1.46999915754701,18.8700000000011,1.51123116537724));
#5550=CARTESIAN_POINT('',(-1.99347220891216,19.3699999999259,1.13982694909915));
#5551=CARTESIAN_POINT('',(-1.81777495961599,19.2033333333332,1.27140984967701));
#5552=CARTESIAN_POINT('',(-1.64207771031983,19.0366666666665,1.40299275025487));
#5553=CARTESIAN_POINT('',(-1.46638046102366,18.8700000000011,1.53457565083273));
#5554=CARTESIAN_POINT('',(-2.00542127462464,19.3699999999257,1.13990336973969));
#5555=CARTESIAN_POINT('',(-1.82509760949282,19.2033333333332,1.27534504895903));
#5556=CARTESIAN_POINT('',(-1.644773944361,19.0366666666665,1.41078672817836));
#5557=CARTESIAN_POINT('',(-1.46445027922918,18.8700000000011,1.54622840739769));
#5558=CARTESIAN_POINT('',(-2.01148076985439,19.3699999999256,1.13979656072457));
#5559=CARTESIAN_POINT('',(-1.82880550343263,19.2033333333332,1.27721427636082));
#5560=CARTESIAN_POINT('',(-1.64613023701088,19.0366666666665,1.41463199199708));
#5561=CARTESIAN_POINT('',(-1.46345497058913,18.8700000000011,1.55204970763333));
#5562=CARTESIAN_POINT('',(-2.01479222264836,19.3699999999255,1.14000136146701));
#5563=CARTESIAN_POINT('',(-1.83082067770455,19.2033333333332,1.27845913582448));
#5564=CARTESIAN_POINT('',(-1.64684913276074,19.0366666666665,1.41691691018196));
#5565=CARTESIAN_POINT('',(-1.46287758781692,18.8700000000011,1.55537468453943));
#5566=CARTESIAN_POINT('',(-2.01673448028314,19.3699999999255,1.13957067368445));
#5567=CARTESIAN_POINT('',(-1.83201832614943,19.2033333333332,1.27872600732915));
#5568=CARTESIAN_POINT('',(-1.64730217201572,19.0366666666665,1.41788134097384));
#5569=CARTESIAN_POINT('',(-1.46258601788201,18.8700000000011,1.55703667461853));
#5570=CARTESIAN_POINT('',(-2.01737209822128,19.3699999999255,1.14014258663094));
#5571=CARTESIAN_POINT('',(-1.83239456988807,19.2033333333332,1.27938423903243));
#5572=CARTESIAN_POINT('',(-1.64741704155485,19.0366666666665,1.41862589143391));
#5573=CARTESIAN_POINT('',(-1.46243951322164,18.8700000000011,1.55786754383539));
#5574=CARTESIAN_POINT('',(3.12250225675825E-14,18.87,1.3));
#5575=CARTESIAN_POINT('',(1.16488560461226,18.87,1.30201614857654));
#5576=CARTESIAN_POINT('',(1.27044673138385,18.87,1.27606561211748));
#5577=CARTESIAN_POINT('',(1.3766775782501,18.87,1.25271548425956));
#5578=CARTESIAN_POINT('',(1.4833630020323,18.87,1.2318635735506));
#5579=CARTESIAN_POINT('',(-1.4833630021047,18.87,1.23186357353642));
#5580=CARTESIAN_POINT('',(-1.37667499734103,18.87,1.25271598870301));
#5581=CARTESIAN_POINT('',(-1.27044159198163,18.87,1.27606674762279));
#5582=CARTESIAN_POINT('',(-1.16487794108796,18.87,1.30201803253762));
#5583=CARTESIAN_POINT('',(2.43273433781581,18.87,4.05540105966699));
#5584=CARTESIAN_POINT('',(0.330002467865881,11.37,2.74786856143866));
#5585=CARTESIAN_POINT('',(0.672271049925844,11.37,2.66985769791075));
#5586=CARTESIAN_POINT('',(0.984366909809289,11.37,2.46596752268932));
#5587=CARTESIAN_POINT('',(1.19331039234697,11.37,2.18387516512051));
#5588=CARTESIAN_POINT('',(1.19331039234697,11.37,2.18387516512051));
#5589=CARTESIAN_POINT('',(3.12250225675825E-14,11.37,1.3));
#5590=CARTESIAN_POINT('',(1.48407704329471,11.3699953393768,1.29998491344718));
#5591=CARTESIAN_POINT('',(1.17875493399405,11.3705101107091,0.428252613117809));
#5592=CARTESIAN_POINT('',(1.37834574971159,11.3684649889388,0.67095793693448));
#5593=CARTESIAN_POINT('',(1.48829238267993,11.3694731833716,0.985772627664769));
#5594=CARTESIAN_POINT('',(1.4831540842022,11.3699911782297,1.29996982692168));
#5595=CARTESIAN_POINT('',(1.18729673756229,11.370153145672,0.421222820283565));
#5596=CARTESIAN_POINT('',(1.19329306438618,11.37,0.416101441064692));
#5597=CARTESIAN_POINT('',(1.05576174111291,11.37,0.230429485229022));
#5598=CARTESIAN_POINT('',(0.874233498697186,11.37,0.077572198524235));
#5599=CARTESIAN_POINT('',(0.667859279042866,11.37,-0.0263442175379605));
#5600=CARTESIAN_POINT('',(0.667924554481115,11.3699843635667,-0.0264738521822444));
#5601=CARTESIAN_POINT('',(0.667857458013221,11.37,-0.0263451344865559));
#5602=CARTESIAN_POINT('',(0.468447736913391,11.37,-0.126754346217413));
#5603=CARTESIAN_POINT('',(0.246154039080865,11.37,-0.181377546648293));
#5604=CARTESIAN_POINT('',(0.02291789835507,11.37,-0.184823144328976));
#5605=CARTESIAN_POINT('',(0.0229827648523913,11.3691335829646,-0.189025766882832));
#5606=CARTESIAN_POINT('',(-1.19331095267457,11.37,0.416125591372383));
#5607=CARTESIAN_POINT('',(-1.17674242612433,11.3699999999415,0.393756601631849));
#5608=CARTESIAN_POINT('',(-1.1421204977747,11.3700000001349,0.349651366573277));
#5609=CARTESIAN_POINT('',(-1.09523123438895,11.3700000008234,0.296445610099334));
#5610=CARTESIAN_POINT('',(-1.05561292075008,11.3700000017821,0.255242827827173));
#5611=CARTESIAN_POINT('',(-1.01462669790797,11.3700000030997,0.215013037708352));
#5612=CARTESIAN_POINT('',(-0.960897886649412,11.3700000051437,0.166672240565649));
#5613=CARTESIAN_POINT('',(-0.892649805386656,11.3700000081149,0.112168258070871));
#5614=CARTESIAN_POINT('',(-0.820941993189547,11.3700000116759,0.0615071863156269));
#5615=CARTESIAN_POINT('',(-0.746088228404652,11.370000015737,0.0150269593682409));
#5616=CARTESIAN_POINT('',(-0.668478189836813,11.3700000201679,-0.0270138469079752));
#5617=CARTESIAN_POINT('',(-0.588501556278421,11.3700000248028,-0.0643566566033893));
#5618=CARTESIAN_POINT('',(-0.506597980992972,11.3700000294367,-0.0968423039358535));
#5619=CARTESIAN_POINT('',(-0.423207117302697,11.3700000338344,-0.124311623036744));
#5620=CARTESIAN_POINT('',(-0.338787738145898,11.370000037725,-0.146713154441024));
#5621=CARTESIAN_POINT('',(-0.253798616509347,11.3700000408058,-0.16399543861008));
#5622=CARTESIAN_POINT('',(-0.168682752253274,11.3700000427521,-0.176216155558536));
#5623=CARTESIAN_POINT('',(-0.098016412868919,11.370000043388,-0.182230177688142));
#5624=CARTESIAN_POINT('',(-0.0524557914746947,11.3700000434393,-0.184162005971029));
#5625=CARTESIAN_POINT('',(-0.0323383036339511,11.3700000437261,-0.184658341485873));
#5626=CARTESIAN_POINT('',(-0.0253440505170801,11.3700000440986,-0.184787569815903));
#5627=CARTESIAN_POINT('',(-0.02009936799411,11.3700000444451,-0.184865948744313));
#5628=CARTESIAN_POINT('',(-0.0157293592012684,11.3700000447786,-0.184919688270004));
#5629=CARTESIAN_POINT('',(-0.0104860211315311,11.3700000451226,-0.184965696520692));
#5630=CARTESIAN_POINT('',(-0.00524313172642342,11.3700000454806,-0.184993265892845));
#5631=CARTESIAN_POINT('',(-0.0013985103901777,11.3700000458258,-0.184999990738283));
#5632=CARTESIAN_POINT('',(0.00104806692323435,11.3700000461304,-0.184999129170837));
#5633=CARTESIAN_POINT('',(0.00191747714664224,11.3700000463407,-0.184998212564789));
#5634=CARTESIAN_POINT('',(0.00920650087118696,11.3700000464794,-0.184986749206071));
#5635=CARTESIAN_POINT('',(0.016146304567453,11.3700000465392,-0.184927539301677));
#5636=CARTESIAN_POINT('',(0.0229181604051075,11.3700000465575,-0.184823432380968));
#5637=CARTESIAN_POINT('',(-1.18782801763742,11.3701324810527,0.420709220463587));
#5638=CARTESIAN_POINT('',(-1.19356200284882,11.37,0.416464632651618));
#5639=CARTESIAN_POINT('',(-1.38323051590298,11.37,0.672686555037924));
#5640=CARTESIAN_POINT('',(-1.48712643413365,11.37,0.991286885188934));
#5641=CARTESIAN_POINT('',(-1.48496589401417,11.37,1.31006447289219));
#5642=CARTESIAN_POINT('',(-1.48384820647366,11.3699919409169,1.31005689767716));
#5643=CARTESIAN_POINT('',(3.12250225675825E-14,11.37,1.3));
#5644=CARTESIAN_POINT('',(-1.18119642735549,11.37,2.20000000000142));
#5645=CARTESIAN_POINT('',(-0.18999999999997,11.3699999999999,2.77279496196857));
#5646=CARTESIAN_POINT('',(-0.589018892781843,11.3699999999999,2.7213189645716));
#5647=CARTESIAN_POINT('',(-0.937362755474753,11.3699999999999,2.52001718010592));
#5648=CARTESIAN_POINT('',(-1.18119642735549,11.3699999999999,2.20000000000142));
#5649=CARTESIAN_POINT('',(-0.189999999999968,11.37,2.77279496196857));
#5650=CARTESIAN_POINT('',(3.12250225675825E-14,11.37,1.3));
#5651=CARTESIAN_POINT('',(-1.41831766540491,13.1399999999996,1.74000000000032));
#5652=CARTESIAN_POINT('',(-1.4183176654049,13.1056333081926,1.74000000000036));
#5653=CARTESIAN_POINT('',(-1.41658002389972,13.0707921691204,1.74570867032541));
#5654=CARTESIAN_POINT('',(-1.41307206969618,13.0383747881237,1.75656579574523));
#5655=CARTESIAN_POINT('',(-1.40956510251007,13.005966528261,1.76741986634407));
#5656=CARTESIAN_POINT('',(-1.40417489097404,12.9751009557169,1.7837102651328));
#5657=CARTESIAN_POINT('',(-1.39691592569322,12.9482186206647,1.80383618026553));
#5658=CARTESIAN_POINT('',(-1.38959532615144,12.92110803368,1.82413298007087));
#5659=CARTESIAN_POINT('',(-1.3801606444779,12.8973370831855,1.84884029987026));
#5660=CARTESIAN_POINT('',(-1.36889898244945,12.8784570445404,1.87562190355196));
#5661=CARTESIAN_POINT('',(-1.35722078751458,12.8588786935724,1.90339407320801));
#5662=CARTESIAN_POINT('',(-1.3432804321005,12.8440479900694,1.93405131824331));
#5663=CARTESIAN_POINT('',(-1.32777808218263,12.8344255142604,1.96500403342786));
#5664=CARTESIAN_POINT('',(-1.31208531187662,12.8246848424625,1.99633695084439));
#5665=CARTESIAN_POINT('',(-1.29446576284808,12.8200115204744,2.02863316155841));
#5666=CARTESIAN_POINT('',(-1.27585421111686,12.8200000216646,2.05988224875653));
#5667=CARTESIAN_POINT('',(-1.41831766540491,13.1399999999996,1.7400000000003));
#5668=CARTESIAN_POINT('',(-1.27474330501998,12.8201986615904,2.05922068056298));
#5669=CARTESIAN_POINT('',(-1.27585417895399,12.82,2.0598823027585));
#5670=CARTESIAN_POINT('',(-1.33562447145225,12.82,1.95952705407804));
#5671=CARTESIAN_POINT('',(-1.38349653639416,12.82,1.8520923813895));
#5672=CARTESIAN_POINT('',(-1.41814858946257,12.82,1.74054463815286));
#5673=CARTESIAN_POINT('',(-1.41298746942765,12.8213782045573,1.73894134793691));
#5674=CARTESIAN_POINT('',(3.12250225675825E-14,12.82,1.3));
#5675=CARTESIAN_POINT('',(-1.41298746942769,12.8213782045575,0.861058652063635));
#5676=CARTESIAN_POINT('',(-1.27313671128753,12.820495362599,0.541868052659149));
#5677=CARTESIAN_POINT('',(-1.3380536981087,12.8171259991805,0.638581293369585));
#5678=CARTESIAN_POINT('',(-1.38395090604765,12.8172873767485,0.748127176653379));
#5679=CARTESIAN_POINT('',(-1.40760217338062,12.822374326817,0.862117348199205));
#5680=CARTESIAN_POINT('',(-1.27474330502229,12.8201986615903,0.540779319440634));
#5681=CARTESIAN_POINT('',(-1.27585421111906,12.8200000216646,0.540117751247153));
#5682=CARTESIAN_POINT('',(-1.29752532549223,12.8200134107701,0.576503892097312));
#5683=CARTESIAN_POINT('',(-1.31788366137829,12.8263974457115,0.614417033713875));
#5684=CARTESIAN_POINT('',(-1.33546580175011,12.8397105983731,0.650572488759641));
#5685=CARTESIAN_POINT('',(-1.3531426953577,12.8530954979475,0.686922791888974));
#5686=CARTESIAN_POINT('',(-1.36852537305151,12.87403150936,0.722559623295967));
#5687=CARTESIAN_POINT('',(-1.38059676777189,12.9012139909955,0.753028734925025));
#5688=CARTESIAN_POINT('',(-1.39140294383575,12.9255474412066,0.780304339144728));
#5689=CARTESIAN_POINT('',(-1.39992955854555,12.9556309983775,0.804243023631677));
#5690=CARTESIAN_POINT('',(-1.40597476566838,12.9887987586027,0.822025148879521));
#5691=CARTESIAN_POINT('',(-1.41157977375604,13.0195513135664,0.838512417852222));
#5692=CARTESIAN_POINT('',(-1.41525087907759,13.0538297963181,0.85019431415244));
#5693=CARTESIAN_POINT('',(-1.41702549345158,13.0886688554309,0.855856159664229));
#5694=CARTESIAN_POINT('',(-1.41788774827611,13.1055965594109,0.858607153727945));
#5695=CARTESIAN_POINT('',(-1.41831766540491,13.1228285523682,0.859999999999689));
#5696=CARTESIAN_POINT('',(-1.41831766540492,13.1399999999996,0.859999999999709));
#5697=CARTESIAN_POINT('',(-1.41831766540642,13.1399999999996,0.859999999999719));
#5698=CARTESIAN_POINT('',(-1.41831766540642,17.4200000000005,0.860000000004538));
#5699=CARTESIAN_POINT('',(-1.41828559728021,15.3468761968171,0.860000000002269));
#5700=CARTESIAN_POINT('',(-1.41831766540501,15.34656615407,0.86));
#5701=CARTESIAN_POINT('',(-1.43246352710488,15.4120035111395,0.905598467139327));
#5702=CARTESIAN_POINT('',(-1.44651610287142,15.4739932030078,0.958259576801322));
#5703=CARTESIAN_POINT('',(-1.45839092142349,15.5248952716747,1.02014124936043));
#5704=CARTESIAN_POINT('',(-1.46604736166375,15.5577150276268,1.06004024451889));
#5705=CARTESIAN_POINT('',(-1.47288383746561,15.586320601072,1.10462568414402));
#5706=CARTESIAN_POINT('',(-1.47767523765157,15.6061893028123,1.15268777365305));
#5707=CARTESIAN_POINT('',(-1.4815326100886,15.6221848321938,1.1913807177077));
#5708=CARTESIAN_POINT('',(-1.48409056940241,15.6326527497727,1.23321832120488));
#5709=CARTESIAN_POINT('',(-1.48479223554166,15.635528404476,1.27516016757082));
#5710=CARTESIAN_POINT('',(-1.48549608468925,15.6384130058532,1.3172325024913));
#5711=CARTESIAN_POINT('',(-1.4843255669341,15.6336408949327,1.36043265456491));
#5712=CARTESIAN_POINT('',(-1.48156456470738,15.6222653377025,1.4009526651621));
#5713=CARTESIAN_POINT('',(-1.47832159245555,15.6089040241586,1.44854598788344));
#5714=CARTESIAN_POINT('',(-1.47287430667799,15.5863537500909,1.49381429888277));
#5715=CARTESIAN_POINT('',(-1.46636778896204,15.5588499283087,1.53450054902808));
#5716=CARTESIAN_POINT('',(-1.45624232992617,15.5160484125144,1.5978165925947));
#5717=CARTESIAN_POINT('',(-1.44340213430844,15.4605173279551,1.65244024263581));
#5718=CARTESIAN_POINT('',(-1.43022221358977,15.4009810357251,1.69961158611119));
#5719=CARTESIAN_POINT('',(-1.4263013294713,15.3832696315627,1.7136445515157));
#5720=CARTESIAN_POINT('',(-1.42232283867796,15.3650936894831,1.72708952726287));
#5721=CARTESIAN_POINT('',(-1.41831766540535,15.346566154072,1.74000000000269));
#5722=CARTESIAN_POINT('',(-1.41834967870838,15.3468761968171,1.73999999999773));
#5723=CARTESIAN_POINT('',(-1.41831766540641,17.4200000000005,1.73999999999547));
#5724=CARTESIAN_POINT('',(1.41831766540498,13.1399999999996,0.859999999999725));
#5725=CARTESIAN_POINT('',(1.41831766540497,13.1056333081926,0.859999999999686));
#5726=CARTESIAN_POINT('',(1.41658002389979,13.0707921691204,0.854291329674609));
#5727=CARTESIAN_POINT('',(1.41307206969625,13.0383747881237,0.843434204254788));
#5728=CARTESIAN_POINT('',(1.40956510251013,13.005966528261,0.832580133655948));
#5729=CARTESIAN_POINT('',(1.40417489097411,12.9751009557169,0.816289734867224));
#5730=CARTESIAN_POINT('',(1.39691592569329,12.9482186206647,0.796163819734484));
#5731=CARTESIAN_POINT('',(1.38959532615151,12.92110803368,0.775867019929143));
#5732=CARTESIAN_POINT('',(1.38016064447796,12.8973370831855,0.751159700129748));
#5733=CARTESIAN_POINT('',(1.36889898244951,12.8784570445404,0.724378096448047));
#5734=CARTESIAN_POINT('',(1.35722078751464,12.8588786935724,0.696605926791976));
#5735=CARTESIAN_POINT('',(1.34328043210055,12.8440479900694,0.665948681756664));
#5736=CARTESIAN_POINT('',(1.32777808218267,12.8344255142604,0.634995966572094));
#5737=CARTESIAN_POINT('',(1.31208531187667,12.8246848424625,0.603663049155583));
#5738=CARTESIAN_POINT('',(1.29446576284814,12.8200115204744,0.571366838441573));
#5739=CARTESIAN_POINT('',(1.27585421111693,12.8200000216646,0.540117751243469));
#5740=CARTESIAN_POINT('',(1.41831766540498,13.1399999999996,0.859999999999743));
#5741=CARTESIAN_POINT('',(1.27474330502005,12.8201986615904,0.540779319437025));
#5742=CARTESIAN_POINT('',(1.27585417895405,12.82,0.540117697241501));
#5743=CARTESIAN_POINT('',(1.33562447145241,12.82,0.640472945922116));
#5744=CARTESIAN_POINT('',(1.38349653639437,12.82,0.747907618610827));
#5745=CARTESIAN_POINT('',(1.41814858946279,12.82,0.859455361847656));
#5746=CARTESIAN_POINT('',(1.41298746942775,12.8213782045575,0.861058652063638));
#5747=CARTESIAN_POINT('',(3.12250225675825E-14,12.82,1.3));
#5748=CARTESIAN_POINT('',(1.41298746942772,12.8213782045573,1.73894134793691));
#5749=CARTESIAN_POINT('',(1.27313671128758,12.820495362599,2.05813194734087));
#5750=CARTESIAN_POINT('',(1.33805369810876,12.8171259991805,1.96141870663043));
#5751=CARTESIAN_POINT('',(1.38395090604772,12.8172873767485,1.85187282334663));
#5752=CARTESIAN_POINT('',(1.4076021733807,12.822374326817,1.7378826518008));
#5753=CARTESIAN_POINT('',(1.27474330502234,12.8201986615903,2.05922068055938));
#5754=CARTESIAN_POINT('',(1.27585421111911,12.8200000216646,2.05988224875287));
#5755=CARTESIAN_POINT('',(1.2975253254923,12.8200134107701,2.02349610790268));
#5756=CARTESIAN_POINT('',(1.31788366137838,12.8263974457116,1.98558296628609));
#5757=CARTESIAN_POINT('',(1.33546580175021,12.8397105983731,1.94942751124029));
#5758=CARTESIAN_POINT('',(1.35314269535779,12.8530954979476,1.91307720811097));
#5759=CARTESIAN_POINT('',(1.3685253730516,12.87403150936,1.87744037670398));
#5760=CARTESIAN_POINT('',(1.38059676777197,12.9012139909956,1.84697126507493));
#5761=CARTESIAN_POINT('',(1.39140294383582,12.9255474412066,1.81969566085524));
#5762=CARTESIAN_POINT('',(1.39992955854562,12.9556309983775,1.7957569763683));
#5763=CARTESIAN_POINT('',(1.40597476566845,12.9887987586028,1.77797485112046));
#5764=CARTESIAN_POINT('',(1.41157977375611,13.0195513135665,1.76148758214775));
#5765=CARTESIAN_POINT('',(1.41525087907766,13.0538297963182,1.74980568584754));
#5766=CARTESIAN_POINT('',(1.41702549345165,13.0886688554309,1.74414384033576));
#5767=CARTESIAN_POINT('',(1.41788774827617,13.105596559411,1.74139284627206));
#5768=CARTESIAN_POINT('',(1.41831766540498,13.1228285523683,1.7400000000003));
#5769=CARTESIAN_POINT('',(1.41831766540498,13.1399999999996,1.74000000000028));
#5770=CARTESIAN_POINT('',(1.41831766540648,13.1399999999996,1.74000000000029));
#5771=CARTESIAN_POINT('',(1.41831766540648,17.4200000000005,1.73999999999547));
#5772=CARTESIAN_POINT('',(1.41828559728029,15.3468761968172,1.73999999999773));
#5773=CARTESIAN_POINT('',(1.41831766540507,15.3465661540703,1.74));
#5774=CARTESIAN_POINT('',(1.43246352710494,15.4120035111397,1.69440153286067));
#5775=CARTESIAN_POINT('',(1.44651610287149,15.4739932030081,1.64174042319868));
#5776=CARTESIAN_POINT('',(1.45839092142355,15.524895271675,1.57985875063957));
#5777=CARTESIAN_POINT('',(1.46604736166381,15.557715027627,1.53995975548111));
#5778=CARTESIAN_POINT('',(1.47288383746568,15.5863206010723,1.49537431585597));
#5779=CARTESIAN_POINT('',(1.47767523765163,15.6061893028126,1.44731222634694));
#5780=CARTESIAN_POINT('',(1.48153261008867,15.6221848321941,1.40861928229229));
#5781=CARTESIAN_POINT('',(1.48409056940247,15.632652749773,1.36678167879511));
#5782=CARTESIAN_POINT('',(1.48479223554172,15.6355284044762,1.32483983242917));
#5783=CARTESIAN_POINT('',(1.48549608468931,15.6384130058535,1.28276749750868));
#5784=CARTESIAN_POINT('',(1.48432556693416,15.6336408949329,1.23956734543507));
#5785=CARTESIAN_POINT('',(1.48156456470744,15.6222653377028,1.19904733483787));
#5786=CARTESIAN_POINT('',(1.47832159245561,15.6089040241589,1.15145401211653));
#5787=CARTESIAN_POINT('',(1.47287430667805,15.5863537500912,1.1061857011172));
#5788=CARTESIAN_POINT('',(1.4663677889621,15.558849928309,1.06549945097188));
#5789=CARTESIAN_POINT('',(1.45624232992623,15.5160484125146,1.00218340740525));
#5790=CARTESIAN_POINT('',(1.44340213430849,15.4605173279553,0.947559757364138));
#5791=CARTESIAN_POINT('',(1.43022221358981,15.4009810357253,0.900388413888746));
#5792=CARTESIAN_POINT('',(1.42630132947135,15.383269631563,0.886355448484258));
#5793=CARTESIAN_POINT('',(1.42232283867801,15.3650936894834,0.872910472737109));
#5794=CARTESIAN_POINT('',(1.41831766540541,15.3465661540723,0.85999999999731));
#5795=CARTESIAN_POINT('',(1.41834967870842,15.3468761968172,0.860000000002269));
#5796=CARTESIAN_POINT('',(1.41831766540648,17.4200000000005,0.860000000004538));
#5797=CARTESIAN_POINT('',(3.12250225675825E-14,17.42,1.3));
#5798=CARTESIAN_POINT('',(1.12065541400951,10.2787589990219,0.409218069218364));
#5799=CARTESIAN_POINT('',(1.14084029169363,10.6426054486633,0.414815701385717));
#5800=CARTESIAN_POINT('',(1.16022015227757,11.0064848089828,0.421176929475225));
#5801=CARTESIAN_POINT('',(1.1787430920558,11.3703940985168,0.428243143629518));
#5802=CARTESIAN_POINT('',(1.11563991034044,10.2788637401405,0.420495701140194));
#5803=CARTESIAN_POINT('',(1.10416035049085,10.2799462534373,0.424888470735622));
#5804=CARTESIAN_POINT('',(1.13152406539162,10.5948883066204,0.418786270992918));
#5805=CARTESIAN_POINT('',(1.0429214232737,10.8786077311531,0.270747306943882));
#5806=CARTESIAN_POINT('',(0.623162953081033,11.2799991073121,-0.0595232978913704));
#5807=CARTESIAN_POINT('',(0.354835992417759,11.3652923692699,-0.183016002797549));
#5808=CARTESIAN_POINT('',(0.0234154653974431,11.3680915214139,-0.19848491499093));
#5809=CARTESIAN_POINT('',(-0.0421234290446679,11.2879369033274,1.39311615541571));
#5810=CARTESIAN_POINT('',(1.1132932671603,10.2790191429333,0.416125591366352));
#5811=CARTESIAN_POINT('',(1.11496688277436,10.3042913945411,0.416125591366352));
#5812=CARTESIAN_POINT('',(1.11494401675908,10.3297389129773,0.416125591372363));
#5813=CARTESIAN_POINT('',(1.11313451866086,10.3550017989404,0.416125591372364));
#5814=CARTESIAN_POINT('',(1.10858201680858,10.4185604925112,0.416125591372364));
#5815=CARTESIAN_POINT('',(1.09209772246264,10.481943951766,0.41612559137231));
#5816=CARTESIAN_POINT('',(1.06700675324941,10.540517632421,0.416125591372311));
#5817=CARTESIAN_POINT('',(1.01513549461833,10.6616086318324,0.416125591372313));
#5818=CARTESIAN_POINT('',(0.928051197375811,10.7671609676245,0.416125591372354));
#5819=CARTESIAN_POINT('',(0.835146883144029,10.8605550038771,0.416125591372355));
#5820=CARTESIAN_POINT('',(0.743150872819342,10.9530359483241,0.416125591372356));
#5821=CARTESIAN_POINT('',(0.642574698961178,11.0372490364429,0.41612559137165));
#5822=CARTESIAN_POINT('',(0.537902237536516,11.1150928982482,0.416125591371651));
#5823=CARTESIAN_POINT('',(0.428379253246396,11.1965440453556,0.416125591371652));
#5824=CARTESIAN_POINT('',(0.311683639463254,11.2727857098855,0.416125591372374));
#5825=CARTESIAN_POINT('',(0.184036065410923,11.3211144828005,0.416125591372375));
#5826=CARTESIAN_POINT('',(0.114320585023961,11.3475095290464,0.416125591372375));
#5827=CARTESIAN_POINT('',(0.039990641824258,11.364629633719,0.416125591372375));
#5828=CARTESIAN_POINT('',(-0.0344312003468835,11.3689116986134,0.416125591372375));
#5829=CARTESIAN_POINT('',(-0.121035090266933,11.3738946910513,0.416125591372375));
#5830=CARTESIAN_POINT('',(-0.210331467505299,11.3620650436471,0.416125591372375));
#5831=CARTESIAN_POINT('',(-0.292259497530059,11.3335543112962,0.416125591372375));
#5832=CARTESIAN_POINT('',(-0.373171201249135,11.3053972577446,0.416125591372375));
#5833=CARTESIAN_POINT('',(-0.448998020851637,11.2620386021068,0.416125591372374));
#5834=CARTESIAN_POINT('',(-0.519242263914312,11.2129950522763,0.416125591372374));
#5835=CARTESIAN_POINT('',(-0.680711820898738,11.1002592618568,0.416125591372373));
#5836=CARTESIAN_POINT('',(-0.826463489297257,10.9598559335098,0.41612559137237));
#5837=CARTESIAN_POINT('',(-0.942240258572445,10.8005527132961,0.416125591372369));
#5838=CARTESIAN_POINT('',(-1.00070419427667,10.7201091728315,0.416125591372368));
#5839=CARTESIAN_POINT('',(-1.05098173259244,10.6313552221507,0.416125591372367));
#5840=CARTESIAN_POINT('',(-1.08146485487022,10.5366980817085,0.416125591372366));
#5841=CARTESIAN_POINT('',(-1.10542743890142,10.4622887196578,0.416125591372365));
#5842=CARTESIAN_POINT('',(-1.1170130350702,10.3826617354885,0.416125591372363));
#5843=CARTESIAN_POINT('',(-1.11456262287313,10.3045275299554,0.416125591372362));
#5844=CARTESIAN_POINT('',(-1.114281022818,10.2955483889717,0.416125591372362));
#5845=CARTESIAN_POINT('',(-1.11382565270576,10.2865730954587,0.416125591372361));
#5846=CARTESIAN_POINT('',(-1.11320107972342,10.2776112775636,0.416125591372361));
#5847=CARTESIAN_POINT('',(-1.11805014524397,10.2772733332593,0.411547722547718));
#5848=CARTESIAN_POINT('',(0.0229198211979006,11.3698436436086,-0.184802362692765));
#5849=CARTESIAN_POINT('',(-0.0913024491756891,11.3714022883959,-0.186766725815404));
#5850=CARTESIAN_POINT('',(-0.207627994349969,11.3610637180613,-0.173245552034033));
#5851=CARTESIAN_POINT('',(-0.3161151824901,11.3377768684525,-0.146019318543342));
#5852=CARTESIAN_POINT('',(-0.423401611241849,11.3147477626728,-0.119094430824762));
#5853=CARTESIAN_POINT('',(-0.525741144608849,11.2786485737497,-0.0784058070887619));
#5854=CARTESIAN_POINT('',(-0.616502086844296,11.231159843302,-0.0307304577877955));
#5855=CARTESIAN_POINT('',(-0.7116197429143,11.181391555108,0.0192334073521544));
#5856=CARTESIAN_POINT('',(-0.796581125390652,11.1179594534244,0.078045206773321));
#5857=CARTESIAN_POINT('',(-0.867097339553316,11.0426772449715,0.136188920589543));
#5858=CARTESIAN_POINT('',(-0.944165959681721,10.9603997717041,0.199735380735862));
#5859=CARTESIAN_POINT('',(-1.00629807224922,10.8609862270956,0.264385867279164));
#5860=CARTESIAN_POINT('',(-1.04856804876076,10.7493814905698,0.314435235742821));
#5861=CARTESIAN_POINT('',(-1.07992711061884,10.6665846658445,0.3515656382445));
#5862=CARTESIAN_POINT('',(-1.10113907936396,10.5748809611838,0.381218299566056));
#5863=CARTESIAN_POINT('',(-1.11051969748329,10.4808416189768,0.398129179381142));
#5864=CARTESIAN_POINT('',(-1.11716467219449,10.4142267069449,0.410108386645098));
#5865=CARTESIAN_POINT('',(-1.11803415094234,10.345464790723,0.415982758911115));
#5866=CARTESIAN_POINT('',(-1.11320421432379,10.2776278120936,0.416122913478896));
#5867=CARTESIAN_POINT('',(1.11465621352582,9.98767181397251,0.394098061062707));
#5868=CARTESIAN_POINT('',(1.04035845841154,9.99513740655228,0.466769525914652));
#5869=CARTESIAN_POINT('',(0.96290925063921,10.0029114832807,0.542548458126808));
#5870=CARTESIAN_POINT('',(0.88547334219441,10.0106756725137,0.618340437955047));
#5871=CARTESIAN_POINT('',(0.882310225065054,10.0109928118057,0.621436445701431));
#5872=CARTESIAN_POINT('',(1.12348624834633,10.0834478759056,0.39313529008919));
#5873=CARTESIAN_POINT('',(1.04274957002576,10.0884249381506,0.469217709751341));
#5874=CARTESIAN_POINT('',(0.958589144728212,10.0936076534851,0.548555662922724));
#5875=CARTESIAN_POINT('',(0.874444060434026,10.0987837802204,0.627909619862429));
#5876=CARTESIAN_POINT('',(0.871006887015469,10.0989952064437,0.631151133714026));
#5877=CARTESIAN_POINT('',(1.13231628316683,10.1792239378387,0.392172519115673));
#5878=CARTESIAN_POINT('',(1.04514068163998,10.181712469749,0.47166589358803));
#5879=CARTESIAN_POINT('',(0.954269038817214,10.1843038236896,0.554562867718641));
#5880=CARTESIAN_POINT('',(0.863414778673641,10.1868918879271,0.63747880176981));
#5881=CARTESIAN_POINT('',(0.859703548965885,10.1869976010817,0.64086582172662));
#5882=CARTESIAN_POINT('',(1.14114631798733,10.2749999997718,0.391209748142156));
#5883=CARTESIAN_POINT('',(1.0475317932542,10.2750000013473,0.474114077424718));
#5884=CARTESIAN_POINT('',(0.949948932906215,10.274999993894,0.560570072514555));
#5885=CARTESIAN_POINT('',(0.852385496913255,10.2749999956337,0.647047983677191));
#5886=CARTESIAN_POINT('',(0.848400210916298,10.2749999957197,0.650580509739215));
#5887=CARTESIAN_POINT('',(1.15666368385817,10.4433110228759,0.389517833019556));
#5888=CARTESIAN_POINT('',(1.0517337873018,10.4389378326725,0.478416366723143));
#5889=CARTESIAN_POINT('',(0.942357041664053,10.4343839243942,0.571126768674217));
#5890=CARTESIAN_POINT('',(0.833003308298197,10.4298358225885,0.663864281660149));
#5891=CARTESIAN_POINT('',(0.828536412455394,10.4296500489603,0.667652511297179));
#5892=CARTESIAN_POINT('',(1.12436700182106,10.710622181449,0.31990182731908));
#5893=CARTESIAN_POINT('',(1.01000966222544,10.7014701989564,0.422168608613149));
#5894=CARTESIAN_POINT('',(0.890807429673737,10.6919461380484,0.528819719082046));
#5895=CARTESIAN_POINT('',(0.771631878110791,10.6824406553195,0.635501269006186));
#5896=CARTESIAN_POINT('',(0.766763781921552,10.6820524008958,0.639859096642474));
#5897=CARTESIAN_POINT('',(0.986395174943159,10.951760538761,0.17208614927151));
#5898=CARTESIAN_POINT('',(0.87464996735342,10.9420565331679,0.298067592681975));
#5899=CARTESIAN_POINT('',(0.758172989436994,10.9319711234275,0.429440615897937));
#5900=CARTESIAN_POINT('',(0.641724705128583,10.9219192203719,0.560841257028596));
#5901=CARTESIAN_POINT('',(0.6369680168961,10.9215086696447,0.566208817237613));
#5902=CARTESIAN_POINT('',(0.844916343273625,11.10195748618,0.0528596392796648));
#5903=CARTESIAN_POINT('',(0.739981178382696,11.0933018950776,0.201186817290029));
#5904=CARTESIAN_POINT('',(0.630605121218203,11.0843207484651,0.355853196391997));
#5905=CARTESIAN_POINT('',(0.521258683411306,11.0753849119946,0.510542956631511));
#5906=CARTESIAN_POINT('',(0.516792096261596,11.0750199699642,0.516861834948604));
#5907=CARTESIAN_POINT('',(0.732515841525547,11.1862390550627,-0.0275323367930737));
#5908=CARTESIAN_POINT('',(0.634281800874156,11.1789381415904,0.138851504528154));
#5909=CARTESIAN_POINT('',(0.531892374514463,11.171377590938,0.312339989468981));
#5910=CARTESIAN_POINT('',(0.429532714343775,11.163871027802,0.485848118227201));
#5911=CARTESIAN_POINT('',(0.425351526630225,11.1635644834324,0.492935692124242));
#5912=CARTESIAN_POINT('',(0.611613148429533,11.2494511408296,-0.0965476323049194));
#5913=CARTESIAN_POINT('',(0.522234553593362,11.2437721595504,0.087656906026221));
#5914=CARTESIAN_POINT('',(0.429076345721254,11.2379103873205,0.279721128423388));
#5915=CARTESIAN_POINT('',(0.335946487157836,11.2321108060038,0.471800879930398));
#5916=CARTESIAN_POINT('',(0.332142320457133,11.2318740024964,0.479647069609363));
#5917=CARTESIAN_POINT('',(0.542735972509747,11.2781133452242,-0.130854853278488));
#5918=CARTESIAN_POINT('',(0.458219142740807,11.2733263167957,0.0648941751589005));
#5919=CARTESIAN_POINT('',(0.370128775316234,11.2683995464691,0.268992490391402));
#5920=CARTESIAN_POINT('',(0.282065739990453,11.2635403138232,0.47310416998237));
#5921=CARTESIAN_POINT('',(0.278468543638452,11.2633419307665,0.481441842053409));
#5922=CARTESIAN_POINT('',(0.498215188881225,11.2941854898421,-0.151273747251532));
#5923=CARTESIAN_POINT('',(0.416676311198019,11.2899495147346,0.052928429572441));
#5924=CARTESIAN_POINT('',(0.331690034078404,11.2856010216934,0.26583865085039));
#5925=CARTESIAN_POINT('',(0.24673037476822,11.2813240339981,0.478760923509897));
#5926=CARTESIAN_POINT('',(0.24325994543344,11.2811494411725,0.487458492733001));
#5927=CARTESIAN_POINT('',(0.452860204923469,11.3093221211871,-0.170986039434292));
#5928=CARTESIAN_POINT('',(0.374649966858048,11.305660526246,0.0417664844671518));
#5929=CARTESIAN_POINT('',(0.293133160818625,11.3019146763906,0.263589852369164));
#5930=CARTESIAN_POINT('',(0.211642002848757,11.2982443483073,0.485423854931307));
#5931=CARTESIAN_POINT('',(0.20831325493028,11.2980945430934,0.494485452424022));
#5932=CARTESIAN_POINT('',(0.396493206181839,11.3252361179463,-0.192605253577722));
#5933=CARTESIAN_POINT('',(0.322997866054536,11.3222769957987,0.0298380325087457));
#5934=CARTESIAN_POINT('',(0.246395124319649,11.3192677888961,0.261763186841777));
#5935=CARTESIAN_POINT('',(0.169816319969997,11.3163385985613,0.493697195894295));
#5936=CARTESIAN_POINT('',(0.166688231431168,11.3162190749589,0.503171360353771));
#5937=CARTESIAN_POINT('',(0.337906071891266,11.338290075527,-0.211448166342714));
#5938=CARTESIAN_POINT('',(0.269652036457129,11.3359938372576,0.0206082286204161));
#5939=CARTESIAN_POINT('',(0.198511722023722,11.3336799229101,0.262554278645692));
#5940=CARTESIAN_POINT('',(0.127393145972753,11.3314504412949,0.504507475870842));
#5941=CARTESIAN_POINT('',(0.124488095868285,11.3313595068643,0.514390906109267));
#5942=CARTESIAN_POINT('',(0.298045728803178,11.3458350937074,-0.223072149732708));
#5943=CARTESIAN_POINT('',(0.233288791358184,11.3439531406826,0.0163511505578133));
#5944=CARTESIAN_POINT('',(0.165793012646606,11.3420743959419,0.265976832751232));
#5945=CARTESIAN_POINT('',(0.0983174009568663,11.3402835101841,0.515608589066431));
#5946=CARTESIAN_POINT('',(0.0955611578441842,11.3402104972632,0.525805674985133));
#5947=CARTESIAN_POINT('',(0.267754212983832,11.3509109823244,-0.231334422017988));
#5948=CARTESIAN_POINT('',(0.205627645177304,11.349325301376,0.0142359235130057));
#5949=CARTESIAN_POINT('',(0.140873073125615,11.3477581737037,0.270269709894679));
#5950=CARTESIAN_POINT('',(0.0761374239434241,11.3462817887341,0.526308796530655));
#5951=CARTESIAN_POINT('',(0.0734931021044839,11.3462216273519,0.536767610859049));
#5952=CARTESIAN_POINT('',(0.237028558688553,11.3553996148492,-0.238932533513471));
#5953=CARTESIAN_POINT('',(0.177695567554569,11.3540962830299,0.0127738461104311));
#5954=CARTESIAN_POINT('',(0.115852226666265,11.3528262424485,0.275204273932625));
#5955=CARTESIAN_POINT('',(0.0540264236988005,11.3516498137231,0.537639246133749));
#5956=CARTESIAN_POINT('',(0.0515009623960529,11.3516019097337,0.548359321400127));
#5957=CARTESIAN_POINT('',(0.205875616450099,11.3592978442287,-0.245836719693771));
#5958=CARTESIAN_POINT('',(0.149497501628618,11.3582591072495,0.0119869325377104));
#5959=CARTESIAN_POINT('',(0.0907334311743282,11.3572676257113,0.280794466383109));
#5960=CARTESIAN_POINT('',(0.0319853764582361,11.3563726068517,0.549605814905855));
#5961=CARTESIAN_POINT('',(0.0295856340116751,11.3563362026341,0.560586354229719));
#5962=CARTESIAN_POINT('',(0.174302236801229,11.36260252341,-0.252017216033502));
#5963=CARTESIAN_POINT('',(0.12103839053809,11.36180679564,0.0118971969824643));
#5964=CARTESIAN_POINT('',(0.065519644555574,11.361071347027,0.287054228764169));
#5965=CARTESIAN_POINT('',(0.0100152584569714,11.3604351898205,0.562214379877116));
#5966=CARTESIAN_POINT('',(0.00774801224413398,11.360409364279,0.573454256969173));
#5967=CARTESIAN_POINT('',(0.142315270274702,11.3653105053398,-0.25744425800728));
#5968=CARTESIAN_POINT('',(0.0923231774216268,11.3647323698066,0.0125266536323139));
#5969=CARTESIAN_POINT('',(0.0402138247157733,11.3642264299306,0.293997502593843));
#5970=CARTESIAN_POINT('',(-0.0118829540697531,11.3638225843301,0.575470818077672));
#5971=CARTESIAN_POINT('',(-0.0140110076137866,11.3638062528939,0.586968577239841));
#5972=CARTESIAN_POINT('',(0.109921567403275,11.3674186429651,-0.26208808108972));
#5973=CARTESIAN_POINT('',(0.0633568054178666,11.3670288513545,0.0138973166748799));
#5974=CARTESIAN_POINT('',(0.0148189295606966,11.3667218979571,0.301638229390169));
#5975=CARTESIAN_POINT('',(-0.0337082848866967,11.3665198120811,0.589381006537666));
#5976=CARTESIAN_POINT('',(-0.0356905302693028,11.3665117267047,0.601134862663073));
#5977=CARTESIAN_POINT('',(0.0771066970912681,11.3689240272326,-0.265918575212653));
#5978=CARTESIAN_POINT('',(0.0341441622040647,11.368688603605,0.0160304380498556));
#5979=CARTESIAN_POINT('',(-0.0106400027396744,11.3685451827249,0.309988433054916));
#5980=CARTESIAN_POINT('',(-0.0554155358852317,11.3685093700865,0.603947748877701));
#5981=CARTESIAN_POINT('',(-0.0572445340958042,11.3685080811484,0.615955540237603));
#5982=CARTESIAN_POINT('',(0.0438562282430006,11.3698237490891,-0.268905630307914));
#5983=CARTESIAN_POINT('',(0.00469013545747589,11.3697039898792,0.0189472696969342));
#5984=CARTESIAN_POINT('',(-0.0361379340153583,11.3696837158526,0.319060137489856));
#5985=CARTESIAN_POINT('',(-0.07695950895673,11.3697737553591,0.61917384871838));
#5986=CARTESIAN_POINT('',(-0.0786269974666802,11.3697776116623,0.631433036962167));
#5987=CARTESIAN_POINT('',(0.0103384417433594,11.3701144816918,-0.271018346706206));
#5988=CARTESIAN_POINT('',(-0.024972334258362,11.3700687785865,0.0226665123968416));
#5989=CARTESIAN_POINT('',(-0.061783023055106,11.3701282345426,0.328859333608587));
#5990=CARTESIAN_POINT('',(-0.0985894570991125,11.370300670978,0.63505259620204));
#5991=CARTESIAN_POINT('',(-0.100092936854555,11.3703078973811,0.64756012418669));
#5992=CARTESIAN_POINT('',(-0.0177150943208856,11.369847654288,-0.272134515721522));
#5993=CARTESIAN_POINT('',(-0.0497429706396871,11.3698225851366,0.0267249420344079));
#5994=CARTESIAN_POINT('',(-0.0831328024840033,11.3699058122146,0.338312485672007));
#5995=CARTESIAN_POINT('',(-0.116520333484048,11.3701044100051,0.649900201057134));
#5996=CARTESIAN_POINT('',(-0.117884159428817,11.3701127089235,0.662628083766023));
#5997=CARTESIAN_POINT('',(-0.039972887092637,11.3693317546169,-0.272702817205048));
#5998=CARTESIAN_POINT('',(-0.0692863295538295,11.3692950444991,0.0306546574609474));
#5999=CARTESIAN_POINT('',(-0.0998477048789281,11.3693681213603,0.346931613940474));
#6000=CARTESIAN_POINT('',(-0.130408443390005,11.3695586714499,0.66320856418922));
#6001=CARTESIAN_POINT('',(-0.131656801867617,11.3695666450309,0.676127994694902));
#6002=CARTESIAN_POINT('',(-0.0621319911966842,11.3686149950627,-0.272978130676055));
#6003=CARTESIAN_POINT('',(-0.0886269999133081,11.3685477356479,0.034832231768259));
#6004=CARTESIAN_POINT('',(-0.116251561632924,11.3685909271286,0.355751576045809));
#6005=CARTESIAN_POINT('',(-0.143877226711595,11.3687536717107,0.676670763520356));
#6006=CARTESIAN_POINT('',(-0.145005694733926,11.3687605128413,0.689779822085387));
#6007=CARTESIAN_POINT('',(-0.0896617552825544,11.3673436512146,-0.272627816000014));
#6008=CARTESIAN_POINT('',(-0.112459976339552,11.3672032428417,0.0401260988083883));
#6009=CARTESIAN_POINT('',(-0.136232473649306,11.3671723263045,0.366199410967824));
#6010=CARTESIAN_POINT('',(-0.160008353213655,11.3672632457328,0.692272435207156));
#6011=CARTESIAN_POINT('',(-0.16097956705964,11.3672671566059,0.705592019923026));
#6012=CARTESIAN_POINT('',(-0.155225129545009,11.363099355719,-0.269011246358406));
#6013=CARTESIAN_POINT('',(-0.168442132334323,11.3626726682251,0.0514855881398087));
#6014=CARTESIAN_POINT('',(-0.182230865793701,11.3623464537745,0.385631475318388));
#6015=CARTESIAN_POINT('',(-0.196028782605023,11.3621454382623,0.71977696088537));
#6016=CARTESIAN_POINT('',(-0.196592421284956,11.3621374294752,0.733426293137392));
#6017=CARTESIAN_POINT('',(-0.251188686194111,11.3522878502498,-0.256944553536551));
#6018=CARTESIAN_POINT('',(-0.248902595849291,11.3510261244411,0.0721683440048397));
#6019=CARTESIAN_POINT('',(-0.246536880411405,11.3498326019873,0.415297885985725));
#6020=CARTESIAN_POINT('',(-0.244189730348513,11.3487677738751,0.758427701833965));
#6021=CARTESIAN_POINT('',(-0.244093882863906,11.3487244853127,0.772444031352351));
#6022=CARTESIAN_POINT('',(-0.373362872614687,11.3286183785659,-0.229235615131027));
#6023=CARTESIAN_POINT('',(-0.348927992216606,11.3255270185779,0.107720166315507));
#6024=CARTESIAN_POINT('',(-0.323482463156898,11.3224283631586,0.459029338733822));
#6025=CARTESIAN_POINT('',(-0.298068431956952,11.3194609842781,0.810341655926676));
#6026=CARTESIAN_POINT('',(-0.297030358503097,11.3193399835959,0.82469223277263));
#6027=CARTESIAN_POINT('',(-0.469964521305274,11.3013783584385,-0.198559930281576));
#6028=CARTESIAN_POINT('',(-0.425996332478466,11.2962696512362,0.144095765462305));
#6029=CARTESIAN_POINT('',(-0.380195929942854,11.2910690851472,0.501351427234851));
#6030=CARTESIAN_POINT('',(-0.334437923765186,11.2860012452578,0.858614261273204));
#6031=CARTESIAN_POINT('',(-0.332568847613241,11.2857944462939,0.873207914157474));
#6032=CARTESIAN_POINT('',(-0.58085017034012,11.2620986500297,-0.1558103177372));
#6033=CARTESIAN_POINT('',(-0.51258204651336,11.2542352792637,0.191412728921747));
#6034=CARTESIAN_POINT('',(-0.441458879012126,11.2461629707089,0.55343624159668));
#6035=CARTESIAN_POINT('',(-0.370390844674166,11.2382236653544,0.915473231752552));
#6036=CARTESIAN_POINT('',(-0.36748791310566,11.2378995718583,0.930261911817548));
#6037=CARTESIAN_POINT('',(-0.684701511161625,11.214137220193,-0.106421647434256));
#6038=CARTESIAN_POINT('',(-0.591365010941694,11.2031736569364,0.24373070851221));
#6039=CARTESIAN_POINT('',(-0.494117292620401,11.1918681681498,0.608815988827091));
#6040=CARTESIAN_POINT('',(-0.396936795885175,11.1806946997665,0.973922868665329));
#6041=CARTESIAN_POINT('',(-0.39296722963857,11.1802384940599,0.988836962166287));
#6042=CARTESIAN_POINT('',(-0.79430072971062,11.145971984912,-0.0429475541259439));
#6043=CARTESIAN_POINT('',(-0.671922081131508,11.1313878962342,0.308134384808288));
#6044=CARTESIAN_POINT('',(-0.544407508475322,11.1163043642019,0.674199573585217));
#6045=CARTESIAN_POINT('',(-0.416972995204652,11.1013493710892,1.04029768593063));
#6046=CARTESIAN_POINT('',(-0.411767619328264,11.1007386902432,1.05525228807189));
#6047=CARTESIAN_POINT('',(-0.86573464973369,11.0905030678887,0.00371296041715334));
#6048=CARTESIAN_POINT('',(-0.722354941149214,11.0734298168243,0.355976003634911));
#6049=CARTESIAN_POINT('',(-0.572953390442741,11.0557481178921,0.723281282750179));
#6050=CARTESIAN_POINT('',(-0.42364086346824,11.0381918181922,1.09062864885471));
#6051=CARTESIAN_POINT('',(-0.417541818627377,11.0374748728684,1.1056342959177));
#6052=CARTESIAN_POINT('',(-0.997069752066802,10.9695794046809,0.0986740477122499));
#6053=CARTESIAN_POINT('',(-0.813850355677288,10.9482187431631,0.447564729912858));
#6054=CARTESIAN_POINT('',(-0.622927845053302,10.9260563476271,0.811372052358194));
#6055=CARTESIAN_POINT('',(-0.432110677317686,10.904008101072,1.1752404905699));
#6056=CARTESIAN_POINT('',(-0.424316257653009,10.9031076483911,1.19010405950108));
#6057=CARTESIAN_POINT('',(-1.15701074572546,10.734058088489,0.24736203438294));
#6058=CARTESIAN_POINT('',(-0.918794664857345,10.7093476990723,0.585793475784406));
#6059=CARTESIAN_POINT('',(-0.670555832973907,10.6836614938767,0.938726475218165));
#6060=CARTESIAN_POINT('',(-0.422446237880241,10.6580563160084,1.29175265892269));
#6061=CARTESIAN_POINT('',(-0.412311548659482,10.6570105145715,1.30617339015173));
#6062=CARTESIAN_POINT('',(-1.20094341500382,10.4458724925069,0.317147537130489));
#6063=CARTESIAN_POINT('',(-0.940278529042198,10.4325306509944,0.658047247126853));
#6064=CARTESIAN_POINT('',(-0.668649646202626,10.4186500892399,1.01357015456348));
#6065=CARTESIAN_POINT('',(-0.397165703495782,10.4048008912711,1.36920372416543));
#6066=CARTESIAN_POINT('',(-0.386076233248892,10.4042352233805,1.38373099138113));
#6067=CARTESIAN_POINT('',(-1.18881602923048,10.2749999990432,0.313695766887584));
#6068=CARTESIAN_POINT('',(-0.927609192988827,10.2750000063277,0.666633010532709));
#6069=CARTESIAN_POINT('',(-0.655421533891833,10.2749999634887,1.03470738259153));
#6070=CARTESIAN_POINT('',(-0.383385463021867,10.2750001090346,1.40289378249301));
#6071=CARTESIAN_POINT('',(-0.372273449929461,10.2750001152844,1.41793381586806));
#6072=CARTESIAN_POINT('',(-1.18783613646,10.2611935015714,0.313416863851958));
#6073=CARTESIAN_POINT('',(-0.926585510635715,10.2622715302387,0.667326740215902));
#6074=CARTESIAN_POINT('',(-0.654352702417121,10.263393033328,1.0364152706162));
#6075=CARTESIAN_POINT('',(-0.382272019591574,10.2645122058298,1.40561593920588));
#6076=CARTESIAN_POINT('',(-0.371158185037251,10.2645579185502,1.4206974040866));
#6077=CARTESIAN_POINT('',(-1.18685624368951,10.2473870040995,0.313137960816331));
#6078=CARTESIAN_POINT('',(-0.925561828282601,10.2495430541496,0.668020469899096));
#6079=CARTESIAN_POINT('',(-0.653283870942408,10.2517861031674,1.03812315864086));
#6080=CARTESIAN_POINT('',(-0.381158576161282,10.2540243026251,1.40833809591875));
#6081=CARTESIAN_POINT('',(-0.370042920145041,10.2541157218161,1.42346099230515));
#6082=CARTESIAN_POINT('',(-1.18587635091902,10.2335805066276,0.312859057780704));
#6083=CARTESIAN_POINT('',(-0.92453814592949,10.2368145780605,0.668714199582289));
#6084=CARTESIAN_POINT('',(-0.652215039467696,10.2401791730067,1.03983104666553));
#6085=CARTESIAN_POINT('',(-0.380045132730989,10.2435363994204,1.41106025263162));
#6086=CARTESIAN_POINT('',(-0.368927655252831,10.2436735250819,1.42622458052369));
#6087=CARTESIAN_POINT('',(-1.18044030773535,10.1569877214444,0.311311818132253));
#6088=CARTESIAN_POINT('',(-0.918859176101876,10.1662022133542,0.672562727328613));
#6089=CARTESIAN_POINT('',(-0.646285600831538,10.1757886851044,1.04930570892921));
#6090=CARTESIAN_POINT('',(-0.373868205263045,10.1853538140965,1.42616166157105));
#6091=CARTESIAN_POINT('',(-0.362740623061248,10.1857445005099,1.44155583446331));
#6092=CARTESIAN_POINT('',(-1.17500426455167,10.0803949362612,0.309764578483802));
#6093=CARTESIAN_POINT('',(-0.913180206274262,10.0955898486479,0.676411255074937));
#6094=CARTESIAN_POINT('',(-0.64035616219538,10.1113981972021,1.05878037119288));
#6095=CARTESIAN_POINT('',(-0.367691277795101,10.1271712287725,1.44126307051048));
#6096=CARTESIAN_POINT('',(-0.356553590869664,10.1278154759379,1.45688708840292));
#6097=CARTESIAN_POINT('',(-1.16956822136799,10.0038021510779,0.308217338835351));
#6098=CARTESIAN_POINT('',(-0.907501236446648,10.0249774839416,0.680259782821261));
#6099=CARTESIAN_POINT('',(-0.634426723559221,10.0470077092999,1.06825503345656));
#6100=CARTESIAN_POINT('',(-0.361514350327156,10.0689886434486,1.45636447944991));
#6101=CARTESIAN_POINT('',(-0.350366558678081,10.0698864513659,1.47221834234254));
#6102=CARTESIAN_POINT('',(0.075311174742524,29.5795935531764,0.416125591372586));
#6103=CARTESIAN_POINT('',(1.0913183322513,9.9697299443545,0.416593866423439));
#6104=CARTESIAN_POINT('',(1.03833992856992,9.81049186664442,0.419393738913404));
#6105=CARTESIAN_POINT('',(1.05255392402408,9.86484812024564,0.417227036826687));
#6106=CARTESIAN_POINT('',(1.06651820342619,9.91855867828006,0.420582606960903));
#6107=CARTESIAN_POINT('',(1.08021635827791,9.97050398765054,0.429070470408647));
#6108=CARTESIAN_POINT('',(1.03641670062711,9.81094062657939,0.422135553089007));
#6109=CARTESIAN_POINT('',(0.532013548997852,8.63034628173624,0.406273584137087));
#6110=CARTESIAN_POINT('',(0.699529096215065,9.02411468962584,0.412253589901088));
#6111=CARTESIAN_POINT('',(0.866274502182309,9.41819057567992,0.419560354992971));
#6112=CARTESIAN_POINT('',(1.03213575766101,9.81261130022001,0.42811103126047));
#6113=CARTESIAN_POINT('',(0.529154270578804,8.63148785670057,0.411199571499548));
#6114=CARTESIAN_POINT('',(0.449839299178545,8.27181408421259,0.41612559137317));
#6115=CARTESIAN_POINT('',(0.45482326824408,8.38130038019365,0.416125591373164));
#6116=CARTESIAN_POINT('',(0.485495605656671,8.53133984931217,0.416125591373159));
#6117=CARTESIAN_POINT('',(0.526293603854827,8.63262587697845,0.416125591373149));
#6118=CARTESIAN_POINT('',(0.526295250741444,8.6326299655762,0.416125591373149));
#6119=CARTESIAN_POINT('',(0.526296897628062,8.63263405417395,0.416125591373149));
#6120=CARTESIAN_POINT('',(0.526298544514679,8.63263814277169,0.416125591373149));
#6121=CARTESIAN_POINT('',(0.449839299179199,8.27181408421259,0.416125591372339));
#6122=CARTESIAN_POINT('',(0.494284683231198,7.89222358016639,0.416125591373399));
#6123=CARTESIAN_POINT('',(0.489744038610815,7.94316236002417,0.416125591373397));
#6124=CARTESIAN_POINT('',(0.443029089424491,8.08547514278399,0.41612559137339));
#6125=CARTESIAN_POINT('',(0.449839299178939,8.27181408421259,0.416125591373388));
#6126=CARTESIAN_POINT('',(0.494284683231459,7.89222358016645,0.416125591372335));
#6127=CARTESIAN_POINT('',(0.494284683225219,7.89222358016507,0.416125591370286));
#6128=CARTESIAN_POINT('',(0.608863183341159,7.0877760392055,0.416125591370883));
#6129=CARTESIAN_POINT('',(0.631436329522033,6.31184207340364,0.416125591371476));
#6130=CARTESIAN_POINT('',(0.569600373240672,5.50500000001404,0.416125591372064));
#6131=CARTESIAN_POINT('',(0.569598996439756,5.50498203537061,0.416125591372064));
#6132=CARTESIAN_POINT('',(0.56959761963884,5.50496407072718,0.416125591372064));
#6133=CARTESIAN_POINT('',(0.569596242837924,5.50494610608375,0.416125591372064));
#6134=CARTESIAN_POINT('',(0.569588692808009,5.50494668471411,0.415765045374201));
#6135=CARTESIAN_POINT('',(0.569588692808009,5.50500000001589,0.416125591372307));
#6136=CARTESIAN_POINT('',(0.369564810966642,5.50500000001589,0.416125591372307));
#6137=CARTESIAN_POINT('',(0.169540929125275,5.50500000001589,0.416125591372307));
#6138=CARTESIAN_POINT('',(-0.0304829527160921,5.50500000001589,0.416125591372307));
#6139=CARTESIAN_POINT('',(-0.0304828962296003,5.50493147428849,0.415587944428237));
#6140=CARTESIAN_POINT('',(-0.569588709427599,5.50486337621571,0.415051826539896));
#6141=CARTESIAN_POINT('',(-0.389886771694932,5.50486337621571,0.415051826539896));
#6142=CARTESIAN_POINT('',(-0.210184833962266,5.50486337621571,0.415051826539896));
#6143=CARTESIAN_POINT('',(-0.0304828962296002,5.50486337621571,0.415051826539896));
#6144=CARTESIAN_POINT('',(-0.569588709427599,5.50494665794117,0.415765579218088));
#6145=CARTESIAN_POINT('',(-0.569596674999527,5.50495174513465,0.416125591372276));
#6146=CARTESIAN_POINT('',(-0.627333101571008,6.25830001820683,0.416125591372292));
#6147=CARTESIAN_POINT('',(-0.617214650515065,7.02914403120266,0.416125591372305));
#6148=CARTESIAN_POINT('',(-0.49428533625234,7.89222372458612,0.41612559137232));
#6149=CARTESIAN_POINT('',(-0.49428533625234,7.89222372458611,0.416125591372335));
#6150=CARTESIAN_POINT('',(-0.494285336252339,7.89222372458611,0.416125591372322));
#6151=CARTESIAN_POINT('',(-0.489744703961724,7.94316255831952,0.416125591372325));
#6152=CARTESIAN_POINT('',(-0.443029806120318,8.0854752732026,0.416125591372331));
#6153=CARTESIAN_POINT('',(-0.449840039108634,8.27181408299802,0.41612559137233));
#6154=CARTESIAN_POINT('',(-0.449840039108635,8.27181408299802,0.416125591372339));
#6155=CARTESIAN_POINT('',(-0.449840039108635,8.27181408299802,0.41612559137233));
#6156=CARTESIAN_POINT('',(-0.454746571858997,8.37959884653712,0.416125591372327));
#6157=CARTESIAN_POINT('',(-0.485629291949525,8.53166967834065,0.416125591372336));
#6158=CARTESIAN_POINT('',(-0.526294350704008,8.63262561370911,0.41612559137233));
#6159=CARTESIAN_POINT('',(-0.529881707471887,8.63122099240287,0.410212112948803));
#6160=CARTESIAN_POINT('',(-0.526354372179679,8.63276291970834,0.416125591372344));
#6161=CARTESIAN_POINT('',(-0.697780864341077,9.02492065222621,0.416125591372348));
#6162=CARTESIAN_POINT('',(-0.869207356502475,9.41707838474409,0.416125591372353));
#6163=CARTESIAN_POINT('',(-1.04063384866387,9.80923611726196,0.416125591372357));
#6164=CARTESIAN_POINT('',(-1.03808015697243,9.81035242932832,0.419723492510515));
#6165=CARTESIAN_POINT('',(-1.04074012717195,9.80952516400669,0.416125591372357));
#6166=CARTESIAN_POINT('',(-1.05727290515431,9.86268428430202,0.416125591372358));
#6167=CARTESIAN_POINT('',(-1.07380568313668,9.91584340459734,0.416125591372358));
#6168=CARTESIAN_POINT('',(-1.09033846111904,9.96900252489267,0.416125591372359));
#6169=CARTESIAN_POINT('',(-1.09414704386991,9.96982609118169,0.413701175810788));
#6170=CARTESIAN_POINT('',(-1.09065470797883,9.97008218484941,0.416125591372359));
#6171=CARTESIAN_POINT('',(-1.0981672229973,10.0725299574336,0.41612559137236));
#6172=CARTESIAN_POINT('',(-1.10567973801577,10.1749777300178,0.416125591372361));
#6173=CARTESIAN_POINT('',(-1.11319225303425,10.277425502602,0.416125591372363));
#6174=CARTESIAN_POINT('',(-0.313014283647874,10.2749999912565,0.416125591372363));
#6175=CARTESIAN_POINT('',(0.629185353259778,5.24330804783752,0.448719161579177));
#6176=CARTESIAN_POINT('',(0.603407475928145,5.37506811480317,0.432273506891165));
#6177=CARTESIAN_POINT('',(0.569600382343461,5.50500000001404,0.416125593118909));
#6178=CARTESIAN_POINT('',(0.629185522651882,5.24330716106689,0.448719271291216));
#6179=CARTESIAN_POINT('',(0.389387803399584,2.75756164162106,0.765000000000011));
#6180=CARTESIAN_POINT('',(0.879328034117404,3.96473678982781,0.608304245309985));
#6181=CARTESIAN_POINT('',(0.629185518725513,5.24330716019121,0.448719270430129));
#6182=CARTESIAN_POINT('',(0.101216558675465,2.7575616416219,0.763907303273701));
#6183=CARTESIAN_POINT('',(0.207565225194127,2.75886781774254,0.764290085900497));
#6184=CARTESIAN_POINT('',(-0.000631425116734446,3.42303701943929,0.679939459055964));
#6185=CARTESIAN_POINT('',(0.051082051548287,3.19735697437946,0.708654559452034));
#6186=CARTESIAN_POINT('',(0.120546656220348,2.97644497103248,0.736762983274458));
#6187=CARTESIAN_POINT('',(0.207762388899449,2.76030100939835,0.764264730523235));
#6188=CARTESIAN_POINT('',(-0.000631195873980882,3.42300355393619,0.67967603141389));
#6189=CARTESIAN_POINT('',(0.0291008069770519,5.24326401398721,0.44833723264635));
#6190=CARTESIAN_POINT('',(0.0191900586345089,4.63652173760939,0.525537967767214));
#6191=CARTESIAN_POINT('',(0.00927931029196587,4.02977946123158,0.602738702888078));
#6192=CARTESIAN_POINT('',(-0.000631438050577136,3.42303718485376,0.679939438008941));
#6193=CARTESIAN_POINT('',(0.029100577241773,5.24325977102679,0.448303443371902));
#6194=CARTESIAN_POINT('',(-0.0304828673414846,5.50486326799725,0.415051840309408));
#6195=CARTESIAN_POINT('',(-0.0106216252502492,5.4176635561816,0.426146966059808));
#6196=CARTESIAN_POINT('',(0.00923961684098626,5.33046384436595,0.437242091810208));
#6197=CARTESIAN_POINT('',(0.0291008589322217,5.24326413255029,0.448337217560608));
#6198=CARTESIAN_POINT('',(0.101216558675465,4.12267568336683,0.590562793990549));
#6199=CARTESIAN_POINT('',(0.205000000000031,2.1049999999999,1.05));
#6200=CARTESIAN_POINT('',(-0.329999999999969,2.1049999999999,1.05));
#6201=CARTESIAN_POINT('',(0.740000000000032,2.1049999999999,1.05));
#6202=CARTESIAN_POINT('',(0.740000000000032,2.1049999999999,2.2));
#6203=CARTESIAN_POINT('',(0.740000000000032,2.1049999999999,1.55));
#6204=CARTESIAN_POINT('',(0.205000000000031,2.1049999999999,1.55));
#6205=CARTESIAN_POINT('',(-0.329999999999969,2.1049999999999,1.55));
#6206=CARTESIAN_POINT('',(-0.329999999999969,2.1049999999999,2.2));
#6207=CARTESIAN_POINT('',(0.205000000000031,2.1049999999999,2.2));
#6208=CARTESIAN_POINT('',(-0.32999999999997,2.16999999999989,1.05));
#6209=CARTESIAN_POINT('',(-0.219979671836089,2.16999999999989,1.05));
#6210=CARTESIAN_POINT('',(-0.109959343672207,2.16999999999989,1.05));
#6211=CARTESIAN_POINT('',(6.0984491673645E-5,2.16999999999989,1.05));
#6212=CARTESIAN_POINT('',(-0.32999999999999,2.17000000218018,1.05000000407406));
#6213=CARTESIAN_POINT('',(0.205000000000031,2.1049999999999,1.05));
#6214=CARTESIAN_POINT('',(0.420000000000032,2.1049999999999,1.05));
#6215=CARTESIAN_POINT('',(0.420000000000032,2.1049999999999,1.05));
#6216=CARTESIAN_POINT('',(0.420000000000032,2.2899999999999,1.05));
#6217=CARTESIAN_POINT('',(-0.32999999999999,2.28999999999991,1.05));
#6218=CARTESIAN_POINT('',(0.740000000000032,2.28999999999989,1.05));
#6219=CARTESIAN_POINT('',(0.740000000000032,2.1049999999999,1.05));
#6220=CARTESIAN_POINT('',(-0.329999999999969,2.1699999999999,1.05));
#6221=CARTESIAN_POINT('',(-0.32999999999999,2.16999999999995,1.05));
#6222=CARTESIAN_POINT('',(0.0100000000000308,2.01444614861852,1.3));
#6223=CARTESIAN_POINT('',(0.0100000000000308,2.0152706753738,1.55));
#6224=CARTESIAN_POINT('',(0.205000000000031,2.1049999999999,1.55));
#6225=CARTESIAN_POINT('',(0.420000000000032,2.1049999999999,1.55));
#6226=CARTESIAN_POINT('',(0.420000000000032,2.1049999999999,2.2));
#6227=CARTESIAN_POINT('',(0.205000000000031,2.1049999999999,2.2));
#6228=CARTESIAN_POINT('',(0.740000000000032,2.1049999999999,1.55));
#6229=CARTESIAN_POINT('',(0.740000000000032,2.28999999999989,1.55));
#6230=CARTESIAN_POINT('',(-0.329999999999949,2.28999999999991,1.55));
#6231=CARTESIAN_POINT('',(0.420000000000032,2.2899999999999,1.55));
#6232=CARTESIAN_POINT('',(0.420000000000032,2.1049999999999,1.55));
#6233=CARTESIAN_POINT('',(0.0100000000000308,1.93007142048382,1.55));
#6234=CARTESIAN_POINT('',(0.00503049234075585,2.17000000000192,1.5499999999966));
#6235=CARTESIAN_POINT('',(-0.329999999999948,2.16999999999984,1.55));
#6236=CARTESIAN_POINT('',(-0.219979671772806,2.17000000000054,1.54999999999772));
#6237=CARTESIAN_POINT('',(-0.109959343545663,2.17000000000123,1.54999999999546));
#6238=CARTESIAN_POINT('',(6.09846814813381E-5,2.17000000000192,1.54999999999319));
#6239=CARTESIAN_POINT('',(-0.329999999999949,2.16999999999984,1.55));
#6240=CARTESIAN_POINT('',(-0.329999999999969,2.1699999999999,1.55));
#6241=CARTESIAN_POINT('',(-0.329999999999949,2.16999999999984,1.55));
#6242=CARTESIAN_POINT('',(0.0250000000000259,29.72,0.999999999999999));
#6243=CARTESIAN_POINT('',(0.0250000000000253,29.72,-1.2));
#6244=CARTESIAN_POINT('',(0.0250000000000261,29.72,3.2));
#6245=CARTESIAN_POINT('',(0.0250000000000261,31.22,3.2));
#6246=CARTESIAN_POINT('',(0.0250000000000261,27.72,3.2));
#6247=CARTESIAN_POINT('',(0.0250000000000259,27.72,0.999999999999999));
#6248=CARTESIAN_POINT('',(0.0250000000000253,27.72,-1.2));
#6249=CARTESIAN_POINT('',(0.0250000000000253,31.22,-1.2));
#6250=CARTESIAN_POINT('',(0.0250000000000259,31.22,0.999999999999999));
#6251=CARTESIAN_POINT('',(3.07913416985883E-14,29.72,-0.88));
#6252=CARTESIAN_POINT('',(-0.024999999999975,29.72,-0.88));
#6253=CARTESIAN_POINT('',(0.0250000000000259,29.72,-0.88));
#6254=CARTESIAN_POINT('',(0.0250000000000259,29.72,0.999999999999999));
#6255=CARTESIAN_POINT('',(0.0250000000000261,29.72,2.88));
#6256=CARTESIAN_POINT('',(3.07913416985883E-14,29.72,2.88));
#6257=CARTESIAN_POINT('',(-0.0249999999992095,29.72,2.88));
#6258=CARTESIAN_POINT('',(-0.0249999999999745,29.72,0.999999999999999));
#6259=CARTESIAN_POINT('',(3.07913416985883E-14,29.72,3.2));
#6260=CARTESIAN_POINT('',(-0.0249999999990795,29.72,3.2));
#6261=CARTESIAN_POINT('',(3.07913416985883E-14,29.72,-1.2));
#6262=CARTESIAN_POINT('',(-0.024999999999975,29.72,-1.2));
#6263=CARTESIAN_POINT('',(-0.0249999999999745,29.72,0.999999999999999));
#6264=CARTESIAN_POINT('',(3.07913416985883E-14,29.72,1.37));
#6265=CARTESIAN_POINT('',(0.0250000000000257,27.72,3.2));
#6266=CARTESIAN_POINT('',(-0.0249999999990795,27.72,3.2));
#6267=CARTESIAN_POINT('',(-0.0249999999999745,27.72,0.999999999999999));
#6268=CARTESIAN_POINT('',(-0.024999999999975,27.72,-1.2));
#6269=CARTESIAN_POINT('',(-0.0249999999999715,27.72,0.999999999999999));
#6270=CARTESIAN_POINT('',(-0.0249999999999745,27.72,-0.88));
#6271=CARTESIAN_POINT('',(-0.0249999999999745,27.72,0.999999999999999));
#6272=CARTESIAN_POINT('',(-0.0249999999990795,27.72,2.88));
#6273=CARTESIAN_POINT('',(0.0250000000000259,27.72,2.88));
#6274=CARTESIAN_POINT('',(0.0250000000000261,27.72,2.88));
#6275=CARTESIAN_POINT('',(0.0250000000000259,27.72,0.999999999999999));
#6276=CARTESIAN_POINT('',(0.0250000000000255,27.72,-0.879999999999999));
#6277=CARTESIAN_POINT('',(0.0250000000000255,27.72,0.999999999999999));
#6278=CARTESIAN_POINT('',(0.0250000000000259,27.72,0.999999999999999));
#6279=CARTESIAN_POINT('',(0.0250000000000261,31.22,2.88));
#6280=CARTESIAN_POINT('',(0.0250000000000253,31.22,-0.88));
#6281=CARTESIAN_POINT('',(0.0250000000000259,31.22,0.999999999999999));
#6282=CARTESIAN_POINT('',(0.42011794963188,26.1395205658317,-0.52829624047846));
#6283=CARTESIAN_POINT('',(-0.0249999999999743,27.72,-1.19999999999999));
#6284=CARTESIAN_POINT('',(-0.0249999999990798,27.72,-1.2));
#6285=CARTESIAN_POINT('',(-0.625002176140147,25.9182150969976,-0.434241416223996));
#6286=CARTESIAN_POINT('',(0.59764679276802,25.4294017625483,0.0935042509169869));
#6287=CARTESIAN_POINT('',(0.624997101269141,25.32,-0.18));
#6288=CARTESIAN_POINT('',(0.0250000000000259,27.72,-0.88));
#6289=CARTESIAN_POINT('',(-0.420121286572881,26.1395224891483,-0.20829705788804));
#6290=CARTESIAN_POINT('',(0.624997823787092,25.9182150969976,-0.114241416223996));
#6291=CARTESIAN_POINT('',(0.569588005576087,5.50485502818035,2.18501381416006));
#6292=CARTESIAN_POINT('',(0.189862702869171,5.50485502818035,2.18501381416006));
#6293=CARTESIAN_POINT('',(-0.189862599837745,5.50485502818035,2.18501381416006));
#6294=CARTESIAN_POINT('',(-0.569587902544661,5.50485502818035,2.18501381416006));
#6295=CARTESIAN_POINT('',(0.569588005576087,5.50494338888971,2.18425642744126));
#6296=CARTESIAN_POINT('',(-0.56958790254466,5.50494341588345,2.18425642874132));
#6297=CARTESIAN_POINT('',(0.589224109161106,5.81455229114711,2.1838744086265));
#6298=CARTESIAN_POINT('',(0.584085174569656,5.71170367613034,2.18387440862648));
#6299=CARTESIAN_POINT('',(0.577537277196156,5.60856155905871,2.18387440862645));
#6300=CARTESIAN_POINT('',(0.569600373248469,5.50500000001404,2.18387440862642));
#6301=CARTESIAN_POINT('',(0.56959891140478,5.50498092572354,2.18387440862642));
#6302=CARTESIAN_POINT('',(0.56959744956109,5.50496185143304,2.18387440862642));
#6303=CARTESIAN_POINT('',(0.569595987717401,5.50494277714254,2.18387440862642));
#6304=CARTESIAN_POINT('',(0.589224109161348,5.81455229114708,2.18387440862642));
#6305=CARTESIAN_POINT('',(0.494284683231129,7.89222358016638,2.18387440862691));
#6306=CARTESIAN_POINT('',(0.594054943288134,7.191743644733,2.18387440862675));
#6307=CARTESIAN_POINT('',(0.624086854499711,6.51228155971939,2.1838744086266));
#6308=CARTESIAN_POINT('',(0.589224109161343,5.81455229114698,2.18387440862645));
#6309=CARTESIAN_POINT('',(0.494288731532767,7.89222406936144,2.18387440862691));
#6310=CARTESIAN_POINT('',(0.449839299178828,8.27181408421259,2.18387440862697));
#6311=CARTESIAN_POINT('',(0.443029089424393,8.08547514278397,2.18387440862695));
#6312=CARTESIAN_POINT('',(0.489744038610736,7.94316236002413,2.18387440862693));
#6313=CARTESIAN_POINT('',(0.494284683231129,7.89222358016638,2.18387440862691));
#6314=CARTESIAN_POINT('',(0.449842054364987,8.27181397057644,2.18387440862697));
#6315=CARTESIAN_POINT('',(0.526293603855057,8.63262587697838,2.18387440862701));
#6316=CARTESIAN_POINT('',(0.485495605656923,8.53133984931212,2.18387440862699));
#6317=CARTESIAN_POINT('',(0.454823268244347,8.38130038019363,2.18387440862698));
#6318=CARTESIAN_POINT('',(0.449839299178828,8.27181408421259,2.18387440862697));
#6319=CARTESIAN_POINT('',(0.526297014097114,8.63262444532149,2.18387440862701));
#6320=CARTESIAN_POINT('',(3.86235084437833,20.8024225660156,2.18387440862951));
#6321=CARTESIAN_POINT('',(1.04340597019338,9.80919090286514,2.18752031681093));
#6322=CARTESIAN_POINT('',(1.09153664920767,9.96990971386269,2.18488689199352));
#6323=CARTESIAN_POINT('',(1.07778262656751,9.91713479685624,2.19307472187502));
#6324=CARTESIAN_POINT('',(1.06374768334531,9.8626092560694,2.19628293410436));
#6325=CARTESIAN_POINT('',(1.04944652373017,9.8073692483234,2.19412751286617));
#6326=CARTESIAN_POINT('',(1.09108975267984,9.96994703264239,2.18437672879754));
#6327=CARTESIAN_POINT('',(1.11997944478214,10.3700000436127,2.18387440862742));
#6328=CARTESIAN_POINT('',(1.11020211979205,10.2366666957412,2.18387440862739));
#6329=CARTESIAN_POINT('',(1.10042479480194,10.1033333478696,2.18387440862736));
#6330=CARTESIAN_POINT('',(1.09064746981182,9.96999999999773,2.18387440862734));
#6331=CARTESIAN_POINT('',(-0.852794726417432,11.0255902930483,2.18387440862755));
#6332=CARTESIAN_POINT('',(-0.91975541205965,10.9577459718383,2.18387440862753));
#6333=CARTESIAN_POINT('',(-0.976150654691712,10.8776315551556,2.18387440862752));
#6334=CARTESIAN_POINT('',(-1.01718505743102,10.7915922435942,2.1838744086275));
#6335=CARTESIAN_POINT('',(-1.05861202632853,10.7047298148498,2.18387440862748));
#6336=CARTESIAN_POINT('',(-1.08691205127743,10.6099604855329,2.18387440862746));
#6337=CARTESIAN_POINT('',(-1.0976525507339,10.5143261980057,2.18387440862745));
#6338=CARTESIAN_POINT('',(-1.11391261781037,10.3695452279673,2.18387440862742));
#6339=CARTESIAN_POINT('',(-1.08246220939871,10.222934419432,2.18387440862738));
#6340=CARTESIAN_POINT('',(-1.06164098467113,10.0787387341032,2.18387440862736));
#6341=CARTESIAN_POINT('',(-1.04491068125346,9.96287438901135,2.18387440862733));
#6342=CARTESIAN_POINT('',(-1.02860881066406,9.84694732568924,2.18387440862731));
#6343=CARTESIAN_POINT('',(-1.01274796937243,9.73096076082277,2.18387440862729));
#6344=CARTESIAN_POINT('',(-1.01274796937148,9.7309607608229,2.18387440862549));
#6345=CARTESIAN_POINT('',(-0.534175727196424,8.6298473758435,2.18387440862808));
#6346=CARTESIAN_POINT('',(-0.600146284465551,8.7813554030444,2.18387440862811));
#6347=CARTESIAN_POINT('',(-0.666066674483638,8.93288528037258,2.18387440862713));
#6348=CARTESIAN_POINT('',(-0.731947497876503,9.08443234844644,2.18387440862716));
#6349=CARTESIAN_POINT('',(-0.797828320118237,9.23597941387233,2.18387440862719));
#6350=CARTESIAN_POINT('',(-0.863669504061005,9.38754371484158,2.18387440862722));
#6351=CARTESIAN_POINT('',(-0.929478798766057,9.53912185478552,2.18387440862725));
#6352=CARTESIAN_POINT('',(-0.957240734652686,9.60306574936453,2.18387440862726));
#6353=CARTESIAN_POINT('',(-0.984996967532942,9.66701212021921,2.18387440862548));
#6354=CARTESIAN_POINT('',(-1.01274796937148,9.7309607608229,2.18387440862549));
#6355=CARTESIAN_POINT('',(-0.534175727196424,8.6298473758435,2.18387440862808));
#6356=CARTESIAN_POINT('',(-0.458453932553078,8.27179994358092,2.18387440862809));
#6357=CARTESIAN_POINT('',(-0.460203809140358,8.31059602610142,2.1838744086281));
#6358=CARTESIAN_POINT('',(-0.464750263178074,8.34929048587069,2.18387440862701));
#6359=CARTESIAN_POINT('',(-0.470826919180437,8.3876476538949,2.18387440862702));
#6360=CARTESIAN_POINT('',(-0.477330665718081,8.42870070982471,2.18387440862703));
#6361=CARTESIAN_POINT('',(-0.485702466649978,8.46950398632485,2.18387440862703));
#6362=CARTESIAN_POINT('',(-0.495956242385916,8.50978440592743,2.18387440862704));
#6363=CARTESIAN_POINT('',(-0.506317270369236,8.55048614989277,2.18387440862705));
#6364=CARTESIAN_POINT('',(-0.518505907895198,8.59088021498022,2.18387440862706));
#6365=CARTESIAN_POINT('',(-0.534175727199769,8.62984737584232,2.18387440862706));
#6366=CARTESIAN_POINT('',(-0.458453932553078,8.27179994358092,2.18387440862809));
#6367=CARTESIAN_POINT('',(-0.50294695606304,7.89413929598907,2.18387440862565));
#6368=CARTESIAN_POINT('',(-0.498832398651049,7.93888743478142,2.18387440862566));
#6369=CARTESIAN_POINT('',(-0.485502778124085,7.98230866517461,2.18387440862694));
#6370=CARTESIAN_POINT('',(-0.477558738210484,8.02653781549346,2.18387440862695));
#6371=CARTESIAN_POINT('',(-0.470339227246359,8.06673308630449,2.18387440862695));
#6372=CARTESIAN_POINT('',(-0.464744860037374,8.10728242530417,2.18387440862696));
#6373=CARTESIAN_POINT('',(-0.461414157702862,8.14798485221084,2.18387440862697));
#6374=CARTESIAN_POINT('',(-0.458047160856669,8.18913081161018,2.18387440862698));
#6375=CARTESIAN_POINT('',(-0.456956419112304,8.23054362168793,2.18387440862699));
#6376=CARTESIAN_POINT('',(-0.45845393255715,8.27179994358091,2.18387440862699));
#6377=CARTESIAN_POINT('',(-0.50294695606304,7.89413929598907,2.18387440862565));
#6378=CARTESIAN_POINT('',(-0.502946956060533,7.89413929598851,2.18387440862692));
#6379=CARTESIAN_POINT('',(-0.528396574422227,7.71650503251815,2.18387440862688));
#6380=CARTESIAN_POINT('',(-0.549556913618093,7.53819650935919,2.18387440862685));
#6381=CARTESIAN_POINT('',(-0.56611893062145,7.35951434957206,2.18387440862681));
#6382=CARTESIAN_POINT('',(-0.593801392837151,7.06085736015314,2.18387440862675));
#6383=CARTESIAN_POINT('',(-0.608601531592181,6.76070743467766,2.18387440862669));
#6384=CARTESIAN_POINT('',(-0.610002468715153,6.46077351959256,2.18387440862663));
#6385=CARTESIAN_POINT('',(-0.611403395583517,6.16084179996988,2.18387440862657));
#6386=CARTESIAN_POINT('',(-0.599489216128399,5.86056127269802,2.18387440862632));
#6387=CARTESIAN_POINT('',(-0.574497315230968,5.56166931241564,2.18387440862626));
#6388=CARTESIAN_POINT('',(-0.572915874762623,5.54275599151246,2.18387440862626));
#6389=CARTESIAN_POINT('',(-0.571281790666809,5.52384699912097,2.18387440862644));
#6390=CARTESIAN_POINT('',(-0.569595266559216,5.50494275890941,2.18387440862643));
#6391=CARTESIAN_POINT('',(0.340635656020536,9.97000107370672,2.18387440862734));
#6392=CARTESIAN_POINT('',(0.139932494030058,2.7575616416219,1.8354629745256));
#6393=CARTESIAN_POINT('',(-0.391238410148195,2.76005046431503,1.8345708529457));
#6394=CARTESIAN_POINT('',(0.628952864864377,5.24449546979753,2.15142904749094));
#6395=CARTESIAN_POINT('',(0.879575910306016,3.9653475166669,1.99177503190386));
#6396=CARTESIAN_POINT('',(0.389387706808238,2.7575614742859,1.835));
#6397=CARTESIAN_POINT('',(0.628734526219671,5.24560833583354,2.15156794388669));
#6398=CARTESIAN_POINT('',(0.569600373248927,5.50500000001404,2.18387440862634));
#6399=CARTESIAN_POINT('',(0.602969152487254,5.37675270770485,2.16793585592485));
#6400=CARTESIAN_POINT('',(0.628516179243268,5.24672120000525,2.15170684210387));
#6401=CARTESIAN_POINT('',(-0.569601508811618,5.50485065069296,2.1850132571921));
#6402=CARTESIAN_POINT('',(-0.805896151202338,4.59395550110221,2.06911585580197));
#6403=CARTESIAN_POINT('',(-0.744015539591136,3.63343461315555,1.9469043422771));
#6404=CARTESIAN_POINT('',(-0.393089430894278,2.7624829751508,1.83608913854418));
#6405=CARTESIAN_POINT('',(0.139932494030058,3.99042291906818,1.99232561496751));
#6406=CARTESIAN_POINT('',(-0.0364528639952929,2.7575616416219,1.675003966742));
#6407=CARTESIAN_POINT('',(-0.0898338183044128,2.7575616416219,1.6956544921862));
#6408=CARTESIAN_POINT('',(-0.141215147017271,2.75756164162226,1.72116691742755));
#6409=CARTESIAN_POINT('',(-0.19305181599734,2.75756164162226,1.74543480223699));
#6410=CARTESIAN_POINT('',(-0.244817782167276,2.75756164162226,1.76966958677812));
#6411=CARTESIAN_POINT('',(-0.296769458661449,2.7575616416219,1.79353218194564));
#6412=CARTESIAN_POINT('',(-0.349189470412086,2.7575616416219,1.8163177564024));
#6413=CARTESIAN_POINT('',(-0.362553141718667,2.7575616416219,1.82212658622526));
#6414=CARTESIAN_POINT('',(-0.375949571735456,2.7575616416219,1.82786103950759));
#6415=CARTESIAN_POINT('',(-0.389387654058645,2.7575616416219,1.8334955899046));
#6416=CARTESIAN_POINT('',(-0.0364535052010971,2.75756095044542,1.67500230924529));
#6417=CARTESIAN_POINT('',(-0.289999999999969,2.7575616416219,1.675));
#6418=CARTESIAN_POINT('',(-0.338938721949613,2.7575616416219,2.0049999999995));
#6419=CARTESIAN_POINT('',(-0.338938721949613,2.7575616416219,0.764613282477404));
#6420=CARTESIAN_POINT('',(-0.391238577349971,2.76005049229118,0.765782284609549));
#6421=CARTESIAN_POINT('',(-0.258516987777778,2.7575616416219,0.925));
#6422=CARTESIAN_POINT('',(-0.0364512119952152,2.7575616416219,0.925));
#6423=CARTESIAN_POINT('',(-0.0364500945325685,2.7575616416219,0.924997094279068));
#6424=CARTESIAN_POINT('',(-0.101975604159518,2.7575616416219,0.899797733734549));
#6425=CARTESIAN_POINT('',(-0.164753232613032,2.75756164162282,0.867951761020102));
#6426=CARTESIAN_POINT('',(-0.228469502075326,2.75756164162282,0.838475716686908));
#6427=CARTESIAN_POINT('',(-0.282399627774827,2.75756164162282,0.813526880393943));
#6428=CARTESIAN_POINT('',(-0.336529468872833,2.75756164162215,0.788973152377919));
#6429=CARTESIAN_POINT('',(-0.391237480994282,2.75756164162215,0.76577969855887));
#6430=CARTESIAN_POINT('',(-0.338938721949613,2.7575616416219,2.0049999999995));
#6431=CARTESIAN_POINT('',(0.0100000000000308,2.19555385138127,1.55746216030873));
#6432=CARTESIAN_POINT('',(0.0100000000000308,2.18703590092149,1.55497477353688));
#6433=CARTESIAN_POINT('',(0.0100000000000308,2.1785179504617,1.55248738676504));
#6434=CARTESIAN_POINT('',(0.0100000000000308,2.17000000000192,1.54999999999319));
#6435=CARTESIAN_POINT('',(0.010000000000025,2.19555385138127,1.55746216030873));
#6436=CARTESIAN_POINT('',(0.0100000000000308,1.8899999999999,1.3));
#6437=CARTESIAN_POINT('',(0.0100000000000308,1.89000000000075,1.58));
#6438=CARTESIAN_POINT('',(0.0100000000000308,1.9199999999999,1.58));
#6439=CARTESIAN_POINT('',(0.0100000000000308,1.70822670365392,1.58));
#6440=CARTESIAN_POINT('',(0.0100000000000308,1.19044704228729,1.27684290825537));
#6441=CARTESIAN_POINT('',(0.0100000000000308,1.66909250680333,1.64121843836301));
#6442=CARTESIAN_POINT('',(0.0100000000000308,1.6699999999999,1.64499868182773));
#6443=CARTESIAN_POINT('',(0.0100000000000308,1.6699999999999,1.64835665289517));
#6444=CARTESIAN_POINT('',(0.0100000000000308,1.67057975066834,1.65176093257483));
#6445=CARTESIAN_POINT('',(0.0100000000000308,1.67169125100707,1.65492961316568));
#6446=CARTESIAN_POINT('',(0.0100000000000308,1.67280275210914,1.6580982959327));
#6447=CARTESIAN_POINT('',(0.0100000000000308,1.67447666277873,1.66111877715489));
#6448=CARTESIAN_POINT('',(0.0100000000000308,1.67657437776341,1.66374090930659));
#6449=CARTESIAN_POINT('',(0.0100000000000308,1.67867205107395,1.66636298936582));
#6450=CARTESIAN_POINT('',(0.0100000000000308,1.68125137329807,1.66865905901507));
#6451=CARTESIAN_POINT('',(0.0100000000000308,1.68409874745195,1.67043894597287));
#6452=CARTESIAN_POINT('',(0.0100000000000308,1.6869460026647,1.67221875858084));
#6453=CARTESIAN_POINT('',(0.0100000000000308,1.6901398231316,1.67353152253434));
#6454=CARTESIAN_POINT('',(0.0100000000000308,1.69341571301973,1.67426850327145));
#6455=CARTESIAN_POINT('',(0.0100000000000308,1.69557013154139,1.67475318529811));
#6456=CARTESIAN_POINT('',(0.0100000000000308,1.697791734655,1.675));
#6457=CARTESIAN_POINT('',(0.0100000000000308,1.69999999999989,1.675));
#6458=CARTESIAN_POINT('',(0.0100000000000308,1.6999999999999,1.675));
#6459=CARTESIAN_POINT('',(0.0100000000000308,1.59638043265603,3.81082875487671));
#6460=CARTESIAN_POINT('',(0.0100000000000404,2.19555385138127,1.55746216030873));
#6461=CARTESIAN_POINT('',(0.010000000000034,2.32316283091932,1.59472615816591));
#6462=CARTESIAN_POINT('',(0.0100000000000275,2.45077181045737,1.6319901560231));
#6463=CARTESIAN_POINT('',(0.010000000000021,2.5783807899954,1.66925415388027));
#6464=CARTESIAN_POINT('',(0.0100000000000308,1.9199999999999,1.3));
#6465=CARTESIAN_POINT('',(-1.11006236951005,10.3724359354024,2.19731366522151));
#6466=CARTESIAN_POINT('',(-1.12969560542283,10.6549194701534,2.19857795804709));
#6467=CARTESIAN_POINT('',(-1.05854002357027,10.9442140336186,2.3116860557346));
#6468=CARTESIAN_POINT('',(-0.821843515586259,11.2248046672981,2.52090759857947));
#6469=CARTESIAN_POINT('',(-0.714957361085401,11.2984687465732,2.59797470750714));
#6470=CARTESIAN_POINT('',(-0.56304619101808,11.3459023850796,2.67093028274089));
#6471=CARTESIAN_POINT('',(-0.531430584098384,11.3534465890574,2.68460810841122));
#6472=CARTESIAN_POINT('',(-0.46597877274806,11.3644528880559,2.70958081159588));
#6473=CARTESIAN_POINT('',(-0.403539332055561,11.3690569801009,2.72898934775414));
#6474=CARTESIAN_POINT('',(-0.385689318438548,11.3697645199016,2.73405681837964));
#6475=CARTESIAN_POINT('',(-0.316444776515016,11.3699999941966,2.75648277365281));
#6476=CARTESIAN_POINT('',(-0.18999999999997,11.3699999999999,2.77279496196857));
#6477=CARTESIAN_POINT('',(-1.11003750885141,10.3721484739025,2.19730156351485));
#6478=CARTESIAN_POINT('',(-0.835134438793961,11.0519521834012,2.19914274237677));
#6479=CARTESIAN_POINT('',(-0.896838406171349,10.9940598097179,2.19908137882593));
#6480=CARTESIAN_POINT('',(-0.952668140305608,10.9283643312278,2.1988784338195));
#6481=CARTESIAN_POINT('',(-1.05199450008321,10.748191189976,2.19825839932264));
#6482=CARTESIAN_POINT('',(-1.12600534389389,10.6454107699049,2.19377472968947));
#6483=CARTESIAN_POINT('',(-1.11001042988443,10.3718620399066,2.19728946180819));
#6484=CARTESIAN_POINT('',(-0.189999999999968,11.37,2.77279496196857));
#6485=CARTESIAN_POINT('',(-0.189999999999968,11.37,2.66499731412659));
#6486=CARTESIAN_POINT('',(-0.189999999999968,11.37,2.55719966628461));
#6487=CARTESIAN_POINT('',(-0.189999999999968,11.37,2.44940201844264));
#6488=CARTESIAN_POINT('',(-1.10848480955057,10.3519034592441,2.19736865835195));
#6489=CARTESIAN_POINT('',(-1.04777019801491,10.3525855630906,2.1074659751743));
#6490=CARTESIAN_POINT('',(-0.987062041270701,10.3532675550631,2.0175589317313));
#6491=CARTESIAN_POINT('',(-0.926360358475746,10.3539494368876,1.92764751624831));
#6492=CARTESIAN_POINT('',(-1.10898942634369,10.3579380344931,2.1973121143822));
#6493=CARTESIAN_POINT('',(-1.04819194755873,10.358392094564,2.10742301498555));
#6494=CARTESIAN_POINT('',(-0.987400904082509,10.3588460796592,2.01752956257249));
#6495=CARTESIAN_POINT('',(-0.92661631500557,10.3592999916077,1.92763174538898));
#6496=CARTESIAN_POINT('',(-1.11226413901154,10.3998771775818,2.19714707489927));
#6497=CARTESIAN_POINT('',(-1.05096226106993,10.3987501707527,2.10735808130005));
#6498=CARTESIAN_POINT('',(-0.989666686047584,10.3976233458285,2.01756478625836));
#6499=CARTESIAN_POINT('',(-0.928377432575874,10.3964967053537,1.92776717816758));
#6500=CARTESIAN_POINT('',(-1.1141160673621,10.4595820020697,2.19966950659413));
#6501=CARTESIAN_POINT('',(-1.05296124334694,10.4562500727904,2.11009199342461));
#6502=CARTESIAN_POINT('',(-0.991812570213575,10.4529186964744,2.02051026669454));
#6503=CARTESIAN_POINT('',(-0.930670066040154,10.4495878767053,1.93092431505509));
#6504=CARTESIAN_POINT('',(-1.11231738610888,10.52211859968,2.20628392168224));
#6505=CARTESIAN_POINT('',(-1.05220508777058,10.5163928066524,2.11681623475998));
#6506=CARTESIAN_POINT('',(-0.992098784186525,10.5106679554637,2.02734446139122));
#6507=CARTESIAN_POINT('',(-0.931998492857376,10.5049440507832,1.93786859059872));
#6508=CARTESIAN_POINT('',(-1.11022021782575,10.5576226869671,2.21119690357953));
#6509=CARTESIAN_POINT('',(-1.0509193576576,10.5505599230647,2.12174286781565));
#6510=CARTESIAN_POINT('',(-0.991624376503956,10.5434983143695,2.03228484423392));
#6511=CARTESIAN_POINT('',(-0.932335291458142,10.5364378661347,1.94282282214089));
#6512=CARTESIAN_POINT('',(-1.10742503885473,10.5928458567078,2.21683970385897));
#6513=CARTESIAN_POINT('',(-1.04906170911209,10.584504625835,2.1273694329536));
#6514=CARTESIAN_POINT('',(-0.990704140847842,10.5761647563337,2.03789527829508));
#6515=CARTESIAN_POINT('',(-0.932352350744368,10.5678262540173,1.948417229489));
#6516=CARTESIAN_POINT('',(-1.10360355589007,10.6275671606476,2.22355203467363));
#6517=CARTESIAN_POINT('',(-1.04634089015667,10.6180554234839,2.13402049497603));
#6518=CARTESIAN_POINT('',(-0.989083864321793,10.6085452490102,2.04448518350567));
#6519=CARTESIAN_POINT('',(-0.931832494646283,10.5990366435831,1.9549460901906));
#6520=CARTESIAN_POINT('',(-1.09875914679886,10.6618378914047,2.23131074209685));
#6521=CARTESIAN_POINT('',(-1.04271928930302,10.6512314467922,2.14166306730962));
#6522=CARTESIAN_POINT('',(-0.986684943650981,10.6406267590125,2.05201173945077));
#6523=CARTESIAN_POINT('',(-0.930656125665073,10.6300238349413,1.96235674878966));
#6524=CARTESIAN_POINT('',(-1.09323432818463,10.695808713565,2.23975720328116));
#6525=CARTESIAN_POINT('',(-1.03848490318968,10.6841529125057,2.14995424502422));
#6526=CARTESIAN_POINT('',(-0.983740860527527,10.6724990591417,2.06014775400204));
#6527=CARTESIAN_POINT('',(-0.929002215578791,10.6608471608571,1.97033772083006));
#6528=CARTESIAN_POINT('',(-1.08505542686363,10.7377108005055,2.25158638560494));
#6529=CARTESIAN_POINT('',(-1.03201995319697,10.7248186215927,2.16151109945727));
#6530=CARTESIAN_POINT('',(-0.978989702606757,10.7119286256216,2.07143242854611));
#6531=CARTESIAN_POINT('',(-0.92596468993082,10.6990408206023,1.98135036391371));
#6532=CARTESIAN_POINT('',(-1.07513394202678,10.7788712705719,2.26506917628427));
#6533=CARTESIAN_POINT('',(-1.02389411484122,10.7648076696056,2.17459808312407));
#6534=CARTESIAN_POINT('',(-0.972659335840655,10.7507464757913,2.08412375810258));
#6535=CARTESIAN_POINT('',(-0.921429619278151,10.736687697728,1.99364619270188));
#6536=CARTESIAN_POINT('',(-1.06612395638084,10.8113588589841,2.27682285417968));
#6537=CARTESIAN_POINT('',(-1.01633795200178,10.7963758131711,2.18594951930619));
#6538=CARTESIAN_POINT('',(-0.966556835026539,10.7813953433001,2.09507308267865));
#6539=CARTESIAN_POINT('',(-0.916780619182474,10.7664174584047,2.00419353615128));
#6540=CARTESIAN_POINT('',(-1.06003578243345,10.8314737508769,2.28456581023453));
#6541=CARTESIAN_POINT('',(-1.01116110135488,10.8159198417711,2.19340226988774));
#6542=CARTESIAN_POINT('',(-0.962291193242461,10.8003686047523,2.10223571510965));
#6543=CARTESIAN_POINT('',(-0.913426071456784,10.7848200490947,2.01106613800238));
#6544=CARTESIAN_POINT('',(-1.05488512321724,10.8474480402636,2.29099460258468));
#6545=CARTESIAN_POINT('',(-1.00673839522935,10.8314375650081,2.19957373160207));
#6546=CARTESIAN_POINT('',(-0.958596337135204,10.815429830182,2.10814992130687));
#6547=CARTESIAN_POINT('',(-0.910458961970547,10.799424845223,2.0167231640128));
#6548=CARTESIAN_POINT('',(-1.04956034035792,10.8633028018514,2.29756056917486));
#6549=CARTESIAN_POINT('',(-1.00213504644248,10.8468484141712,2.20587092359425));
#6550=CARTESIAN_POINT('',(-0.954714317314989,10.8303968326435,2.1141784137288));
#6551=CARTESIAN_POINT('',(-0.907298165681435,10.8139480668616,2.02248303210337));
#6552=CARTESIAN_POINT('',(-1.042601548195,10.8828200547493,2.30598939642987));
#6553=CARTESIAN_POINT('',(-0.996054982488788,10.8658580724016,2.21395232556507));
#6554=CARTESIAN_POINT('',(-0.949512856966125,10.848898979255,2.12191247728332));
#6555=CARTESIAN_POINT('',(-0.902975183941366,10.8319427851026,2.02986984435525));
#6556=CARTESIAN_POINT('',(-1.03375335145372,10.905809355126,2.31645754127426));
#6557=CARTESIAN_POINT('',(-0.988218871530255,10.8882902867359,2.22397931682005));
#6558=CARTESIAN_POINT('',(-0.942688684467044,10.8707742070701,2.1314984131097));
#6559=CARTESIAN_POINT('',(-0.897162802116171,10.8532611261619,2.03901482319293));
#6560=CARTESIAN_POINT('',(-1.02440110565103,10.9283707557392,2.32726455824457));
#6561=CARTESIAN_POINT('',(-0.979831461611565,10.9103372295789,2.23431803230275));
#6562=CARTESIAN_POINT('',(-0.935265958780765,10.8923067855881,2.14136892322155));
#6563=CARTESIAN_POINT('',(-0.890704608538398,10.8742794340215,2.0484172243241));
#6564=CARTESIAN_POINT('',(-1.01618219083462,10.946818259228,2.3365405658144));
#6565=CARTESIAN_POINT('',(-0.972373150257487,10.928383709081,2.24317874484287));
#6566=CARTESIAN_POINT('',(-0.92856811546391,10.9099523089567,2.14981442248971));
#6567=CARTESIAN_POINT('',(-0.884767097416886,10.8915240692633,2.05644759230973));
#6568=CARTESIAN_POINT('',(-1.00934863153516,10.9613658154744,2.34411612792078));
#6569=CARTESIAN_POINT('',(-0.966119586948098,10.9426223609877,2.25040559232654));
#6570=CARTESIAN_POINT('',(-0.922894431110076,10.9238821018245,2.15669262377145));
#6571=CARTESIAN_POINT('',(-0.879673174627924,10.905145048487,2.06297721600306));
#6572=CARTESIAN_POINT('',(-1.00409344801703,10.9721716973305,2.34987334263716));
#6573=CARTESIAN_POINT('',(-0.961284966430563,10.9532013740837,2.25589255826534));
#6574=CARTESIAN_POINT('',(-0.918480279317999,10.9342342735056,2.16190939509058));
#6575=CARTESIAN_POINT('',(-0.875679397001885,10.9152704061479,2.06792384701205));
#6576=CARTESIAN_POINT('',(-0.999605116448649,10.9810896427228,2.35473244510742));
#6577=CARTESIAN_POINT('',(-0.95713491686768,10.9619333134796,2.26051879815292));
#6578=CARTESIAN_POINT('',(-0.914668425988578,10.9427802223849,2.1663028210082));
#6579=CARTESIAN_POINT('',(-0.872205653877887,10.9236303800082,2.07208450770754));
#6580=CARTESIAN_POINT('',(-0.995948315665636,10.9881718707554,2.35865570204355));
#6581=CARTESIAN_POINT('',(-0.953740760515378,10.9688677688568,2.26425072004529));
#6582=CARTESIAN_POINT('',(-0.911536841296047,10.9495669120362,2.1698434488991));
#6583=CARTESIAN_POINT('',(-0.869336567858673,10.9302693108604,2.07543388275257));
#6584=CARTESIAN_POINT('',(-0.993635106967302,10.9925765526192,2.36112254403609));
#6585=CARTESIAN_POINT('',(-0.951588239747894,10.9731803564866,2.26659578143297));
#6586=CARTESIAN_POINT('',(-0.909544961282931,10.9537874072676,2.17206675624328));
#6587=CARTESIAN_POINT('',(-0.867505281284441,10.9343977155194,2.07753546268761));
#6588=CARTESIAN_POINT('',(-0.990834182576306,10.9978426397797,2.36409591535059));
#6589=CARTESIAN_POINT('',(-0.948976897105027,10.9783360181291,2.26942095472374));
#6590=CARTESIAN_POINT('',(-0.90712314228355,10.9588326431485,2.17474376421476));
#6591=CARTESIAN_POINT('',(-0.865272927653368,10.9393325253761,2.08006433813384));
#6592=CARTESIAN_POINT('',(-0.987999735178197,11.0030826911678,2.36708672459929));
#6593=CARTESIAN_POINT('',(-0.946328562332298,10.9834659684031,2.27226106532641));
#6594=CARTESIAN_POINT('',(-0.904660860944872,10.9638524895377,2.17743320947858));
#6595=CARTESIAN_POINT('',(-0.862996640384348,10.9442422650833,2.08260315145695));
#6596=CARTESIAN_POINT('',(-0.984643593731375,11.0091581403932,2.37060095128543));
#6597=CARTESIAN_POINT('',(-0.943188237717586,10.9894143479007,2.27559691419989));
#6598=CARTESIAN_POINT('',(-0.90173628647508,10.9696737956045,2.18059071806732));
#6599=CARTESIAN_POINT('',(-0.860287749177433,10.9499364939849,2.08558235739124));
#6600=CARTESIAN_POINT('',(-0.982218034544081,11.0134760741,2.37312518663365));
#6601=CARTESIAN_POINT('',(-0.940917508734909,10.9936426530747,2.27799268536834));
#6602=CARTESIAN_POINT('',(-0.899620342923566,10.9738124705567,2.18285805025967));
#6603=CARTESIAN_POINT('',(-0.858326546152568,10.953985537007,2.08772127588002));
#6604=CARTESIAN_POINT('',(-0.977324215549961,11.0220794463459,2.37819449256505));
#6605=CARTESIAN_POINT('',(-0.936336502892934,11.0020689907262,2.28280410519281));
#6606=CARTESIAN_POINT('',(-0.895352067236697,10.9820617735059,2.18741163071903));
#6607=CARTESIAN_POINT('',(-0.85437091737997,10.9620578051201,2.09201706384415));
#6608=CARTESIAN_POINT('',(-0.969311430349111,11.0357062261918,2.38639369308159));
#6609=CARTESIAN_POINT('',(-0.928837659848257,11.0154218024664,2.29058651973766));
#6610=CARTESIAN_POINT('',(-0.888367059109281,10.9951406295397,2.19477731977391));
#6611=CARTESIAN_POINT('',(-0.847899636612347,10.974862717849,2.09896608805798));
#6612=CARTESIAN_POINT('',(-0.959381944064112,11.0515798629028,2.39631774072571));
#6613=CARTESIAN_POINT('',(-0.919548242291014,11.0309877367901,2.3000050781689));
#6614=CARTESIAN_POINT('',(-0.87971760258954,11.0103988826322,2.20369044976029));
#6615=CARTESIAN_POINT('',(-0.839890033117385,10.9898133108935,2.10737385053648));
#6616=CARTESIAN_POINT('',(-0.95073533543173,11.0647398940737,2.40479411555312));
#6617=CARTESIAN_POINT('',(-0.911460562289647,11.0438981868361,2.3080476848051));
#6618=CARTESIAN_POINT('',(-0.872188745097292,11.0230597571028,2.21129934794378));
#6619=CARTESIAN_POINT('',(-0.832919891698766,11.0022246153207,2.11454910017011));
#6620=CARTESIAN_POINT('',(-0.944102275542822,11.0745090949956,2.41121227083121));
#6621=CARTESIAN_POINT('',(-0.905258407768904,11.0534836207063,2.31413519317033));
#6622=CARTESIAN_POINT('',(-0.866417413034828,11.0324614235823,2.21705625614582));
#6623=CARTESIAN_POINT('',(-0.827579298940916,11.0114425140435,2.11997545508664));
#6624=CARTESIAN_POINT('',(-0.937315476810337,11.0841802719296,2.41769253338713));
#6625=CARTESIAN_POINT('',(-0.898915970501096,11.0629730998349,2.32027821380676));
#6626=CARTESIAN_POINT('',(-0.860519255402569,11.0417692016976,2.2228620812213));
#6627=CARTESIAN_POINT('',(-0.822125338875144,11.0205685879024,2.12544413108621));
#6628=CARTESIAN_POINT('',(-0.928081379737334,11.0969136094712,2.42639222189071));
#6629=CARTESIAN_POINT('',(-0.890285471980978,11.0754766634684,2.32852612519103));
#6630=CARTESIAN_POINT('',(-0.852492250477545,11.0540429876989,2.2306582748952));
#6631=CARTESIAN_POINT('',(-0.814701722279555,11.0326125925034,2.13278866662081));
#6632=CARTESIAN_POINT('',(-0.916229235143688,11.1124694724784,2.43733408343438));
#6633=CARTESIAN_POINT('',(-0.879195872587097,11.0907869728468,2.33891179825219));
#6634=CARTESIAN_POINT('',(-0.842165077938202,11.0691077480394,2.2404878257036));
#6635=CARTESIAN_POINT('',(-0.805136857900268,11.0474318083728,2.14206216158831));
#6636=CARTESIAN_POINT('',(-0.896598665851373,11.1365934762502,2.45496021750318));
#6637=CARTESIAN_POINT('',(-0.860803462552664,11.1146011079396,2.35566510185289));
#6638=CARTESIAN_POINT('',(-0.825010652844606,11.092612029159,2.25636839554959));
#6639=CARTESIAN_POINT('',(-0.789220242914198,11.070626250212,2.15707009466032));
#6640=CARTESIAN_POINT('',(-0.875957157139267,11.1595759374448,2.4727286154433));
#6641=CARTESIAN_POINT('',(-0.841428623485515,11.1373894278173,2.37258457730346));
#6642=CARTESIAN_POINT('',(-0.80690231308486,11.1152062149182,2.27243904316186));
#6643=CARTESIAN_POINT('',(-0.772378231621854,11.0930263090176,2.17229200934673));
#6644=CARTESIAN_POINT('',(-0.854249905666368,11.1814166541057,2.49057799692778));
#6645=CARTESIAN_POINT('',(-0.821032941602228,11.1591391588552,2.3895995064993));
#6646=CARTESIAN_POINT('',(-0.787818032319544,11.136864953479,2.28861961459914));
#6647=CARTESIAN_POINT('',(-0.754605183009572,11.1145940481736,2.18763831781475));
#6648=CARTESIAN_POINT('',(-0.837422894846047,11.1972262688453,2.5039902047316));
#6649=CARTESIAN_POINT('',(-0.805216155335839,11.1749289693076,2.40239075074266));
#6650=CARTESIAN_POINT('',(-0.773011344657916,11.1526349458411,2.30078996660428));
#6651=CARTESIAN_POINT('',(-0.740808467636976,11.1303442085616,2.19918784909836));
#6652=CARTESIAN_POINT('',(-0.82003561097483,11.2124649103397,2.51741226414412));
#6653=CARTESIAN_POINT('',(-0.788869740769672,11.1901930985279,2.41519436280634));
#6654=CARTESIAN_POINT('',(-0.757705673323791,11.1679245386851,2.31297520355128));
#6655=CARTESIAN_POINT('',(-0.726543413097578,11.1456592408167,2.21075478335636));
#6656=CARTESIAN_POINT('',(-0.805065684269519,11.224680534297,2.52859016148797));
#6657=CARTESIAN_POINT('',(-0.774797881359275,11.2024678717212,2.42585767422498));
#6658=CARTESIAN_POINT('',(-0.744531773823246,11.1802584276643,2.32312399160951));
#6659=CARTESIAN_POINT('',(-0.714267365814779,11.158052212,2.2203891107866));
#6660=CARTESIAN_POINT('',(-0.792793251255562,11.23415862734,2.53751897095879));
#6661=CARTESIAN_POINT('',(-0.763265391254537,11.2120161295036,2.43437450108841));
#6662=CARTESIAN_POINT('',(-0.733739137992531,11.1898768125377,2.33122888830805));
#6663=CARTESIAN_POINT('',(-0.704214495371978,11.1677406861781,2.22808212990189));
#6664=CARTESIAN_POINT('',(-0.783432722665173,11.2411220629575,2.54421009036033));
#6665=CARTESIAN_POINT('',(-0.754473303871787,11.2190425710267,2.44075509151779));
#6666=CARTESIAN_POINT('',(-0.725515426190694,11.1969662295241,2.33729898886027));
#6667=CARTESIAN_POINT('',(-0.696559093339176,11.1748930480756,2.23384177977527));
#6668=CARTESIAN_POINT('',(-0.773908032239796,11.247942433307,2.55089698856084));
#6669=CARTESIAN_POINT('',(-0.745533278168856,11.2259352893088,2.44712853364655));
#6670=CARTESIAN_POINT('',(-0.717160002646397,11.2039312663281,2.34335901234314));
#6671=CARTESIAN_POINT('',(-0.688788209213252,11.1819303738854,2.23958842213693));
#6672=CARTESIAN_POINT('',(-0.754583968339706,11.2612566101108,2.56421824308076));
#6673=CARTESIAN_POINT('',(-0.727393289367097,11.2394256276758,2.45982979264372));
#6674=CARTESIAN_POINT('',(-0.700203969190386,11.2175977107477,2.35544034764237));
#6675=CARTESIAN_POINT('',(-0.673016011012445,11.1957728686468,2.2510499057527));
#6676=CARTESIAN_POINT('',(-0.731394520039247,11.2757194077218,2.57947783605347));
#6677=CARTESIAN_POINT('',(-0.705576641156714,11.2542230018617,2.4744234792087));
#6678=CARTESIAN_POINT('',(-0.679759994846132,11.2327296100357,2.36936820367459));
#6679=CARTESIAN_POINT('',(-0.653944583952463,11.2112392413732,2.26431200732878));
#6680=CARTESIAN_POINT('',(-0.703979530075351,11.2907899213245,2.59646337641047));
#6681=CARTESIAN_POINT('',(-0.67973600148379,11.2698399709875,2.4907184216779));
#6682=CARTESIAN_POINT('',(-0.655493572435876,11.2488929767439,2.38497262954339));
#6683=CARTESIAN_POINT('',(-0.631252245400452,11.2279489475112,2.27922599810041));
#6684=CARTESIAN_POINT('',(-0.682954757530023,11.301366005317,2.60895867718668));
#6685=CARTESIAN_POINT('',(-0.65989902430616,11.2809047109999,2.50272891510261));
#6686=CARTESIAN_POINT('',(-0.636844294651193,11.2604463254284,2.39649837522763));
#6687=CARTESIAN_POINT('',(-0.613790570764092,11.239990857351,2.29026705581289));
#6688=CARTESIAN_POINT('',(-0.66145930650728,11.3112176858665,2.6211932662143));
#6689=CARTESIAN_POINT('',(-0.639602715998899,11.2913206351775,2.514509759904));
#6690=CARTESIAN_POINT('',(-0.617747035063796,11.2714264376589,2.40782553541829));
#6691=CARTESIAN_POINT('',(-0.595892265639042,11.2515351018667,2.30114059116479));
#6692=CARTESIAN_POINT('',(-0.639482095826097,11.32033992848,2.63314819409163));
#6693=CARTESIAN_POINT('',(-0.618842950274372,11.3010823265732,2.52604101049724));
#6694=CARTESIAN_POINT('',(-0.59820462174952,11.2818275105756,2.41893316879991));
#6695=CARTESIAN_POINT('',(-0.577567111933978,11.262575488817,2.31182466756336));
#6696=CARTESIAN_POINT('',(-0.617012044305444,11.3287276986639,2.64480451141696));
#6697=CARTESIAN_POINT('',(-0.597615600844945,11.3101843682398,2.53730272129745));
#6698=CARTESIAN_POINT('',(-0.578219882784202,11.2916437413187,2.42980033405703));
#6699=CARTESIAN_POINT('',(-0.558824891557578,11.2731058259608,2.32229734841585));
#6700=CARTESIAN_POINT('',(-0.597867066354488,11.3351012513815,2.65425347589333));
#6701=CARTESIAN_POINT('',(-0.579533051326643,11.3172151807317,2.54644624248274));
#6702=CARTESIAN_POINT('',(-0.561199685667098,11.2993317294102,2.43863846390467));
#6703=CARTESIAN_POINT('',(-0.542866970608361,11.2814509052075,2.33083013901056));
#6704=CARTESIAN_POINT('',(-0.584240267888151,11.3392370014143,2.66072052818381));
#6705=CARTESIAN_POINT('',(-0.566667088291259,11.3218434128909,2.55271133126625));
#6706=CARTESIAN_POINT('',(-0.549094504779149,11.304452375121,2.44470162634253));
#6707=CARTESIAN_POINT('',(-0.531522518445291,11.2870638956788,2.33669141235679));
#6708=CARTESIAN_POINT('',(-0.576383795771695,11.3415073973402,2.66437434396646));
#6709=CARTESIAN_POINT('',(-0.559252345527616,11.3244043195357,2.55625257177642));
#6710=CARTESIAN_POINT('',(-0.542121461792246,11.3073037530581,2.44813031237344));
#6711=CARTESIAN_POINT('',(-0.524991145582208,11.2902057053572,2.34000756475333));
#6712=CARTESIAN_POINT('',(-0.568479051986275,11.3437159260178,2.66800053830319));
#6713=CARTESIAN_POINT('',(-0.551794665389368,11.326909365552,2.55976789502011));
#6714=CARTESIAN_POINT('',(-0.535110816602598,11.3101052776645,2.45153478479986));
#6715=CARTESIAN_POINT('',(-0.518427506568142,11.293303669683,2.34330120668859));
#6716=CARTESIAN_POINT('',(-0.558504266165505,11.346360696943,2.67248175413825));
#6717=CARTESIAN_POINT('',(-0.542390004919635,11.3299359425233,2.56411337210448));
#6718=CARTESIAN_POINT('',(-0.52627624781177,11.3135136150902,2.45574454709019));
#6719=CARTESIAN_POINT('',(-0.510162995696745,11.2970937218279,2.34737527820089));
#6720=CARTESIAN_POINT('',(-0.534359237710152,11.3523129799389,2.68302506319918));
#6721=CARTESIAN_POINT('',(-0.519618971753854,11.336847964515,2.57435395098347));
#6722=CARTESIAN_POINT('',(-0.504879134710985,11.3213852755545,2.46568244973271));
#6723=CARTESIAN_POINT('',(-0.490139727240904,11.3059249199248,2.35701055868626));
#6724=CARTESIAN_POINT('',(-0.505867030177409,11.3580338072275,2.69457212440282));
#6725=CARTESIAN_POINT('',(-0.492657548940925,11.3438375259842,2.5856556423439));
#6726=CARTESIAN_POINT('',(-0.479448420912264,11.3296434792798,2.4767388264309));
#6727=CARTESIAN_POINT('',(-0.46623964655183,11.3154516736896,2.36782167604169));
#6728=CARTESIAN_POINT('',(-0.472928140377102,11.3629659849942,2.70669874435899));
#6729=CARTESIAN_POINT('',(-0.461365228237206,11.3503935081264,2.5976355142479));
#6730=CARTESIAN_POINT('',(-0.449802590190176,11.3378231616826,2.48857200941764));
#6731=CARTESIAN_POINT('',(-0.438240226490821,11.3252549519089,2.37950822939406));
#6732=CARTESIAN_POINT('',(-0.448034404227148,11.3658789996224,2.7152567884549));
#6733=CARTESIAN_POINT('',(-0.437661245717535,11.3546044029036,2.606145521676));
#6734=CARTESIAN_POINT('',(-0.427288305536825,11.343331854176,2.49703402271331));
#6735=CARTESIAN_POINT('',(-0.416915583797349,11.3320613594278,2.38792229119818));
#6736=CARTESIAN_POINT('',(-0.42294971393062,11.3680227321388,2.72327600151806));
#6737=CARTESIAN_POINT('',(-0.413727412244285,11.358119158076,2.61417390950113));
#6738=CARTESIAN_POINT('',(-0.404505276564537,11.3482175404082,2.50507162616864));
#6739=CARTESIAN_POINT('',(-0.395283306873763,11.3383178848401,2.39596915125174));
#6740=CARTESIAN_POINT('',(-0.401885522438991,11.3691821379632,2.72950806140883));
#6741=CARTESIAN_POINT('',(-0.393595084420514,11.360476297903,2.62045728043369));
#6742=CARTESIAN_POINT('',(-0.385304771565887,11.3517723262568,2.51140634093451));
#6743=CARTESIAN_POINT('',(-0.377014583760351,11.3430702284607,2.40235524272059));
#6744=CARTESIAN_POINT('',(-0.387055833777229,11.3696718931281,2.73363309336421));
#6745=CARTESIAN_POINT('',(-0.379406174810199,11.3618304429014,2.62463904879499));
#6746=CARTESIAN_POINT('',(-0.371756613808537,11.3539907912779,2.51564486805653));
#6747=CARTESIAN_POINT('',(-0.36410715059569,11.3461529434825,2.40665055101008));
#6748=CARTESIAN_POINT('',(-0.378823072409147,11.3698524585421,2.73585041837516));
#6749=CARTESIAN_POINT('',(-0.371525345511944,11.3624971731416,2.62689341108379));
#6750=CARTESIAN_POINT('',(-0.364227702221183,11.3551436346722,2.51793628029376));
#6751=CARTESIAN_POINT('',(-0.356930142331488,11.3477918482044,2.40897902589419));
#6752=CARTESIAN_POINT('',(-0.374566332763753,11.369916206899,2.73697342277164));
#6753=CARTESIAN_POINT('',(-0.36744941522242,11.3628143936895,2.62803732610133));
#6754=CARTESIAN_POINT('',(-0.360332574151793,11.3557142948052,2.5191011126418));
#6755=CARTESIAN_POINT('',(-0.353215809333947,11.3486159152202,2.41016478229625));
#6756=CARTESIAN_POINT('',(-0.372169644519695,11.3699431690437,2.73759866671149));
#6757=CARTESIAN_POINT('',(-0.365154199495567,11.3629847185125,2.62867486502969));
#6758=CARTESIAN_POINT('',(-0.358138827024111,11.3560279617298,2.51975095040322));
#6759=CARTESIAN_POINT('',(-0.351123526881197,11.3490729036088,2.41082692274308));
#6760=CARTESIAN_POINT('',(-0.369772395722977,11.3699679873659,2.73822230920785));
#6761=CARTESIAN_POINT('',(-0.362858363136692,11.3631530688562,2.62931093191877));
#6762=CARTESIAN_POINT('',(-0.355944399211255,11.3563398229656,2.52039944554569));
#6763=CARTESIAN_POINT('',(-0.349030503716551,11.3495282545447,2.4114878500074));
#6764=CARTESIAN_POINT('',(-0.366573114357024,11.3699900727632,2.73904534518355));
#6765=CARTESIAN_POINT('',(-0.359793967835277,11.3633672905148,2.63015120371053));
#6766=CARTESIAN_POINT('',(-0.353014884937123,11.3567461497987,2.52125695837927));
#6767=CARTESIAN_POINT('',(-0.346235865425654,11.350126655374,2.41236260911879));
#6768=CARTESIAN_POINT('',(-0.362569423936486,11.370003913096,2.74006019834165));
#6769=CARTESIAN_POINT('',(-0.35595819544822,11.3636208881853,2.63118851014111));
#6770=CARTESIAN_POINT('',(-0.349347024692839,11.3572394613439,2.52231672465397));
#6771=CARTESIAN_POINT('',(-0.34273591142731,11.3508596372033,2.41344484182155));
#6772=CARTESIAN_POINT('',(-0.358295474303946,11.3700102794981,2.74113217919934));
#6773=CARTESIAN_POINT('',(-0.351862769618055,11.3638819130695,2.63228503821873));
#6774=CARTESIAN_POINT('',(-0.345430116760702,11.3577550949571,2.52343780694983));
#6775=CARTESIAN_POINT('',(-0.338997515484297,11.3516298296465,2.41459048534656));
#6776=CARTESIAN_POINT('',(-0.354016824712927,11.3700074751411,2.74218879572301));
#6777=CARTESIAN_POINT('',(-0.347761679911582,11.3641309997295,2.63336693598382));
#6778=CARTESIAN_POINT('',(-0.341506581699383,11.3582560180606,2.52454499287431));
#6779=CARTESIAN_POINT('',(-0.335251529827353,11.3523825344606,2.41572296636018));
#6780=CARTESIAN_POINT('',(-0.350135618852861,11.3700028290009,2.74313320886617));
#6781=CARTESIAN_POINT('',(-0.344040367754678,11.3643500493085,2.63433463260886));
#6782=CARTESIAN_POINT('',(-0.337945159274672,11.3586987100205,2.52553597906348));
#6783=CARTESIAN_POINT('',(-0.331849993165868,11.3530488153075,2.41673724820532));
#6784=CARTESIAN_POINT('',(-0.347993250841857,11.3700005640043,2.74365045213349));
#6785=CARTESIAN_POINT('',(-0.341985890274279,11.3644695240664,2.63486478945499));
#6786=CARTESIAN_POINT('',(-0.335978570392366,11.3589398940177,2.52607905277111));
#6787=CARTESIAN_POINT('',(-0.329971290951277,11.35341167794,2.4172932420621));
#6788=CARTESIAN_POINT('',(-0.346519967138233,11.369999378282,2.74400447475418));
#6789=CARTESIAN_POINT('',(-0.340572887313436,11.3645512423722,2.63522770715627));
#6790=CARTESIAN_POINT('',(-0.33462584696191,11.3591044949317,2.52645086777439));
#6791=CARTESIAN_POINT('',(-0.328678845840733,11.35365913998,2.41767395659207));
#6792=CARTESIAN_POINT('',(-0.345046389469183,11.3699985815062,2.74435732461981));
#6793=CARTESIAN_POINT('',(-0.339159479786541,11.364632718735,2.63558945964192));
#6794=CARTESIAN_POINT('',(-0.333272608455036,11.3592682226916,2.52682152507289));
#6795=CARTESIAN_POINT('',(-0.327385775234012,11.353905097332,2.41805352089937));
#6796=CARTESIAN_POINT('',(-0.343438413545456,11.3699981787207,2.74474053324926));
#6797=CARTESIAN_POINT('',(-0.337616987058277,11.3647211795831,2.63598239535055));
#6798=CARTESIAN_POINT('',(-0.331795597808988,11.3594455233402,2.52722419020055));
#6799=CARTESIAN_POINT('',(-0.325974245559756,11.3541712138789,2.41846591778917));
#6800=CARTESIAN_POINT('',(-0.341695889055001,11.3699981090891,2.74515355577502));
#6801=CARTESIAN_POINT('',(-0.335945219352071,11.3648163540149,2.63640598244254));
#6802=CARTESIAN_POINT('',(-0.330194585774754,11.3596359165937,2.52765834430807));
#6803=CARTESIAN_POINT('',(-0.324443988088395,11.3544568006391,2.41891064136488));
#6804=CARTESIAN_POINT('',(-0.34042213857051,11.3699981915819,2.7454539893579));
#6805=CARTESIAN_POINT('',(-0.33472306078449,11.3648854025836,2.63671415815193));
#6806=CARTESIAN_POINT('',(-0.329024018350631,11.3597739135406,2.52797426386695));
#6807=CARTESIAN_POINT('',(-0.323325011036526,11.354663728215,2.4192343064986));
#6808=CARTESIAN_POINT('',(-0.336667163163669,11.369998492558,2.74633663297544));
#6809=CARTESIAN_POINT('',(-0.331119921182854,11.3650877461127,2.63761967388273));
#6810=CARTESIAN_POINT('',(-0.325572712310706,11.360178249732,2.52890265663081));
#6811=CARTESIAN_POINT('',(-0.320025536320967,11.3552700070331,2.42018558122219));
#6812=CARTESIAN_POINT('',(-0.331835013593856,11.3699987571069,2.74745544281798));
#6813=CARTESIAN_POINT('',(-0.3264817467004,11.3653410314774,2.63876820801611));
#6814=CARTESIAN_POINT('',(-0.321128510142205,11.3606845060999,2.53008092044316));
#6815=CARTESIAN_POINT('',(-0.315775303697567,11.3560291844465,2.42139358010978));
#6816=CARTESIAN_POINT('',(-0.325585459328085,11.3699989624954,2.74887082108946));
#6817=CARTESIAN_POINT('',(-0.320480621524613,11.3656556897083,2.64022246941224));
#6818=CARTESIAN_POINT('',(-0.315375810652477,11.361313569181,2.53157407066886));
#6819=CARTESIAN_POINT('',(-0.310271026492195,11.3569726042455,2.42292562487912));
#6820=CARTESIAN_POINT('',(-0.318052389428626,11.3699991362928,2.75055043348238));
#6821=CARTESIAN_POINT('',(-0.313245039779459,11.3660242730505,2.64194927404574));
#6822=CARTESIAN_POINT('',(-0.30843771309928,11.3620505133823,2.53334807357908));
#6823=CARTESIAN_POINT('',(-0.303630409169358,11.3580778604781,2.42474683211219));
#6824=CARTESIAN_POINT('',(-0.309968034231328,11.3699992578825,2.75230104140049));
#6825=CARTESIAN_POINT('',(-0.305476254047702,11.366399057857,2.64375107487405));
#6826=CARTESIAN_POINT('',(-0.300984492832333,11.3627999181323,2.53520107257231));
#6827=CARTESIAN_POINT('',(-0.296492750365774,11.3592018417719,2.42665103453361));
#6828=CARTESIAN_POINT('',(-0.301464333856527,11.3699995554529,2.75408305229039));
#6829=CARTESIAN_POINT('',(-0.297300768267943,11.3667702124724,2.64558729194945));
#6830=CARTESIAN_POINT('',(-0.293137217652363,11.3635418670255,2.53709150126348));
#6831=CARTESIAN_POINT('',(-0.288973681794709,11.3603145219934,2.42859568027736));
#6832=CARTESIAN_POINT('',(-0.297140032001359,11.3699998023431,2.75496978412228));
#6833=CARTESIAN_POINT('',(-0.293142231954392,11.3669515095041,2.64650166197138));
#6834=CARTESIAN_POINT('',(-0.289144444906253,11.3639041721192,2.53803351241862));
#6835=CARTESIAN_POINT('',(-0.285146670646897,11.3608577929475,2.42956533551138));
#6836=CARTESIAN_POINT('',(-0.294841382607394,11.3699999226225,2.75543580495524));
#6837=CARTESIAN_POINT('',(-0.290931430272043,11.3670460174139,2.64698237361788));
#6838=CARTESIAN_POINT('',(-0.287021490158086,11.364093045045,2.5385289163644));
#6839=CARTESIAN_POINT('',(-0.283111562059004,11.3611410082094,2.43007543324322));
#6840=CARTESIAN_POINT('',(-0.292542562680171,11.3700000412323,2.75590119380868));
#6841=CARTESIAN_POINT('',(-0.288720431521793,11.3671403010161,2.64746245411522));
#6842=CARTESIAN_POINT('',(-0.284898311843429,11.3642814710139,2.53902368998055));
#6843=CARTESIAN_POINT('',(-0.281076203442195,11.3614235538539,2.43058490145415));
#6844=CARTESIAN_POINT('',(-0.289295243490597,11.3700001863304,2.75655107517406));
#6845=CARTESIAN_POINT('',(-0.285596799657021,11.3672708904089,2.64813308405141));
#6846=CARTESIAN_POINT('',(-0.281898366688111,11.3645424728704,2.53971507043571));
#6847=CARTESIAN_POINT('',(-0.278199944387337,11.3618149362506,2.43129703437756));
#6848=CARTESIAN_POINT('',(-0.285097208728588,11.3700003377042,2.75737723522588));
#6849=CARTESIAN_POINT('',(-0.28155843499071,11.3674381338251,2.64898601265653));
#6850=CARTESIAN_POINT('',(-0.278019671857472,11.3648767673363,2.54059476991569));
#6851=CARTESIAN_POINT('',(-0.274480919142076,11.3623162406553,2.43220350705492));
#6852=CARTESIAN_POINT('',(-0.28238719114826,11.3700004204938,2.75790428216679));
#6853=CARTESIAN_POINT('',(-0.278951497921835,11.3675461641949,2.64953030452713));
#6854=CARTESIAN_POINT('',(-0.275515815308633,11.3650927188747,2.5411563081393));
#6855=CARTESIAN_POINT('',(-0.272080143128638,11.3626400868742,2.43278229305528));
#6856=CARTESIAN_POINT('',(-0.27913372193586,11.370000507633,2.75853137144692));
#6857=CARTESIAN_POINT('',(-0.275821884350425,11.367676616597,2.65017805533245));
#6858=CARTESIAN_POINT('',(-0.272510057489904,11.3653535048593,2.54182472212243));
#6859=CARTESIAN_POINT('',(-0.269198241182719,11.3630311746696,2.43347137186922));
#6860=CARTESIAN_POINT('',(-0.275878321325318,11.3700005792781,2.75915130235556));
#6861=CARTESIAN_POINT('',(-0.272690616907473,11.3678086220807,2.65081859804823));
#6862=CARTESIAN_POINT('',(-0.269502923423217,11.3656174125076,2.54248587823195));
#6863=CARTESIAN_POINT('',(-0.266315240709693,11.3634269527171,2.43415314295927));
#6864=CARTESIAN_POINT('',(-0.272077534697346,11.3700006420113,2.75986410554837));
#6865=CARTESIAN_POINT('',(-0.26903498336671,11.3679643943558,2.65155535600684));
#6866=CARTESIAN_POINT('',(-0.265992443180904,11.3659288591003,2.54324659269431));
#6867=CARTESIAN_POINT('',(-0.262949913986717,11.3638940383016,2.43493781566347));
#6868=CARTESIAN_POINT('',(-0.269361075105852,11.3700006755689,2.76036727562206));
#6869=CARTESIAN_POINT('',(-0.266422365664019,11.3680764792313,2.6520755763034));
#6870=CARTESIAN_POINT('',(-0.263483667433347,11.3661529717768,2.54378386438411));
#6871=CARTESIAN_POINT('',(-0.260544980266848,11.364230155194,2.43549213991703));
#6872=CARTESIAN_POINT('',(-0.263925736421752,11.3700007268021,2.7613646473207));
#6873=CARTESIAN_POINT('',(-0.2611949103299,11.3683015922678,2.65310694662615));
#6874=CARTESIAN_POINT('',(-0.258464095355809,11.3666031030294,2.5448492355556));
#6875=CARTESIAN_POINT('',(-0.255733291363401,11.3649052609498,2.43659151416226));
#6876=CARTESIAN_POINT('',(-0.255218868120361,11.370000743137,2.76292216417152));
#6877=CARTESIAN_POINT('',(-0.252821417092552,11.3686651894647,2.65471840265429));
#6878=CARTESIAN_POINT('',(-0.250423975856858,11.3673302281532,2.5465146338045));
#6879=CARTESIAN_POINT('',(-0.24802654428693,11.3659958609122,2.43831085767678));
#6880=CARTESIAN_POINT('',(-0.244856420174303,11.3700006559761,2.76468629677865));
#6881=CARTESIAN_POINT('',(-0.242853095695349,11.369071076049,2.65654635256022));
#6882=CARTESIAN_POINT('',(-0.240849777365057,11.3681420308146,2.54840640371032));
#6883=CARTESIAN_POINT('',(-0.238846465061409,11.3672135218151,2.44026645028343));
#6884=CARTESIAN_POINT('',(-0.236934134064883,11.3700005520246,2.76598032518637));
#6885=CARTESIAN_POINT('',(-0.235228109243808,11.3693416593738,2.65788948808022));
#6886=CARTESIAN_POINT('',(-0.233522086911044,11.3686832380922,2.54979864801096));
#6887=CARTESIAN_POINT('',(-0.231816066950436,11.3680252895386,2.44170780502952));
#6888=CARTESIAN_POINT('',(-0.232558997999438,11.3700004876125,2.76667862712317));
#6889=CARTESIAN_POINT('',(-0.231015600297009,11.3694757482084,2.65861508637736));
#6890=CARTESIAN_POINT('',(-0.229472202857759,11.368951436105,2.55055154349604));
#6891=CARTESIAN_POINT('',(-0.227928805570572,11.3684275525333,2.4424879985268));
#6892=CARTESIAN_POINT('',(-0.229549305373699,11.3700004414053,2.76715208535284));
#6893=CARTESIAN_POINT('',(-0.228117146129143,11.369560612597,2.6591073803095));
#6894=CARTESIAN_POINT('',(-0.226684985689787,11.3691211786639,2.55106267363249));
#6895=CARTESIAN_POINT('',(-0.225252823948749,11.3686821407435,2.44301796536662));
#6896=CARTESIAN_POINT('',(-0.226538272196327,11.3700003942337,2.76762057288394));
#6897=CARTESIAN_POINT('',(-0.225216936777754,11.3696395845271,2.65959474828235));
#6898=CARTESIAN_POINT('',(-0.223895598831705,11.3692791364552,2.55156892248601));
#6899=CARTESIAN_POINT('',(-0.222574258256116,11.3689190510592,2.44354309553675));
#6900=CARTESIAN_POINT('',(-0.223251557940715,11.3700003420665,2.76812441654226));
#6901=CARTESIAN_POINT('',(-0.222050534333559,11.3697165813193,2.66011924316804));
#6902=CARTESIAN_POINT('',(-0.220849507031298,11.369433145894,2.55211406896817));
#6903=CARTESIAN_POINT('',(-0.219648475937979,11.3691500367269,2.4441088939809));
#6904=CARTESIAN_POINT('',(-0.219688571491905,11.3700002861296,2.76866142408044));
#6905=CARTESIAN_POINT('',(-0.218617296114415,11.3697884709004,2.66067866582405));
#6906=CARTESIAN_POINT('',(-0.217546016131502,11.3695769420528,2.55269590703339));
#6907=CARTESIAN_POINT('',(-0.216474731454759,11.3693657004107,2.44471314774259));
#6908=CARTESIAN_POINT('',(-0.215300752776365,11.3700002191755,2.76931269762311));
#6909=CARTESIAN_POINT('',(-0.214388632571147,11.3698640224345,2.66135755378476));
#6910=CARTESIAN_POINT('',(-0.213476507033141,11.3697280649867,2.55340240967419));
#6911=CARTESIAN_POINT('',(-0.212564376084157,11.3695923475199,2.44544726532031));
#6912=CARTESIAN_POINT('',(-0.210909024742327,11.3700001569482,2.76994947364937));
#6913=CARTESIAN_POINT('',(-0.210155422332714,11.3699197006581,2.66202195348123));
#6914=CARTESIAN_POINT('',(-0.20940181446011,11.3698394384331,2.55409443319117));
#6915=CARTESIAN_POINT('',(-0.20864820105779,11.3697593708308,2.44616691280286));
#6916=CARTESIAN_POINT('',(-0.206513382624613,11.370000103213,2.77057173355717));
#6917=CARTESIAN_POINT('',(-0.205918094710761,11.3699577382667,2.6626717721825));
#6918=CARTESIAN_POINT('',(-0.205322801706917,11.3699155253009,2.55477181076324));
#6919=CARTESIAN_POINT('',(-0.204727503558456,11.3698734647521,2.44687184931802));
#6920=CARTESIAN_POINT('',(-0.202115129529388,11.3700000563946,2.77118430985201));
#6921=CARTESIAN_POINT('',(-0.201678165270343,11.3699847596972,2.66331183930999));
#6922=CARTESIAN_POINT('',(-0.20124119659845,11.3699695754192,2.55543936876499));
#6923=CARTESIAN_POINT('',(-0.200804223471412,11.3699545038833,2.44756689823083));
#6924=CARTESIAN_POINT('',(-0.196612414599285,11.3700000131939,2.77193186181996));
#6925=CARTESIAN_POINT('',(-0.196373643379976,11.3699992765862,2.66409358106166));
#6926=CARTESIAN_POINT('',(-0.196134869105798,11.3699986084797,2.55625530030963));
#6927=CARTESIAN_POINT('',(-0.195896091749896,11.369998009071,2.44841701957228));
#6928=CARTESIAN_POINT('',(-0.19220501117213,11.3699999999998,2.77251049983444));
#6929=CARTESIAN_POINT('',(-0.192125302633253,11.3699999736843,2.66469935032343));
#6930=CARTESIAN_POINT('',(-0.192045592906743,11.3699999735736,2.55688820081171));
#6931=CARTESIAN_POINT('',(-0.191965881982267,11.3699999997429,2.44907705130247));
#6932=CARTESIAN_POINT('',(-0.189999999999968,11.37,2.77279496196857));
#6933=CARTESIAN_POINT('',(-0.189999999999968,11.37,2.66499731412659));
#6934=CARTESIAN_POINT('',(-0.189999999999968,11.37,2.55719966628461));
#6935=CARTESIAN_POINT('',(-0.189999999999968,11.37,2.44940201844263));
#6936=CARTESIAN_POINT('',(-1.11004400984285,10.3721479817889,2.19731072084764));
#6937=CARTESIAN_POINT('',(-1.11003734120475,10.3720523246552,2.19731031446108));
#6938=CARTESIAN_POINT('',(-1.11003066233848,10.3719566681909,2.1973099181165));
#6939=CARTESIAN_POINT('',(-1.11002397324488,10.3718610124023,2.19730953181115));
#6940=CARTESIAN_POINT('',(-1.1007040331227,10.2385834302236,2.19677129106234));
#6941=CARTESIAN_POINT('',(-1.07996915373518,10.1065114919465,2.2068083714423));
#6942=CARTESIAN_POINT('',(-1.06336923468402,9.97404473860503,2.21201095205514));
#6943=CARTESIAN_POINT('',(-1.07244116267769,9.97259704886119,2.20409613190281));
#6944=CARTESIAN_POINT('',(-1.06332934771094,9.97388561234483,2.21198370864042));
#6945=CARTESIAN_POINT('',(-1.05943009958268,9.95021682263558,2.21134593489821));
#6946=CARTESIAN_POINT('',(-1.05556612757485,9.9266015000511,2.21070632723863));
#6947=CARTESIAN_POINT('',(-1.05173742330665,9.90303964778327,2.21006489058146));
#6948=CARTESIAN_POINT('',(-1.05192384554701,9.90297339585952,2.21040370691848));
#6949=CARTESIAN_POINT('',(-1.0127479693712,9.73096076082306,2.18387440862493));
#6950=CARTESIAN_POINT('',(-1.02542760715281,9.78835425488561,2.192904126105));
#6951=CARTESIAN_POINT('',(-1.03848726952789,9.84569903460989,2.20171876932956));
#6952=CARTESIAN_POINT('',(-1.05192384554334,9.90297339586107,2.21040370692291));
#6953=CARTESIAN_POINT('',(-1.03701671274884,9.70417110993799,2.23635568720215));
#6954=CARTESIAN_POINT('',(-1.03640281008605,9.70451908094071,2.23511281043139));
#6955=CARTESIAN_POINT('',(-1.03465937068323,9.70550729403496,2.23158311932139));
#6956=CARTESIAN_POINT('',(-0.993711335499434,9.72871741566094,2.14868081238029));
#6957=CARTESIAN_POINT('',(-0.953383453394723,9.75157675865682,2.06701782367679));
#6958=CARTESIAN_POINT('',(-0.914192286848511,9.77379257763079,1.98763757799951));
#6959=CARTESIAN_POINT('',(-1.04017412924075,9.72967823301861,2.23517296977582));
#6960=CARTESIAN_POINT('',(-1.03955141352473,9.73001285344001,2.23393055312074));
#6961=CARTESIAN_POINT('',(-1.03778294542159,9.73096315188303,2.23040216881706));
#6962=CARTESIAN_POINT('',(-0.996247045276915,9.75328277747308,2.14753056218775));
#6963=CARTESIAN_POINT('',(-0.955339808998782,9.7752651666251,2.06589797167345));
#6964=CARTESIAN_POINT('',(-0.91558559815611,9.7966286609807,1.98654719648408));
#6965=CARTESIAN_POINT('',(-1.06175924154701,9.90405575129376,2.22708759707519));
#6966=CARTESIAN_POINT('',(-1.06107627559694,9.90429910175421,2.22584832625678));
#6967=CARTESIAN_POINT('',(-1.05913669954922,9.90499020026544,2.22232887655442));
#6968=CARTESIAN_POINT('',(-1.01358189095637,9.92122202865553,2.13966716000813));
#6969=CARTESIAN_POINT('',(-0.968714198738632,9.93720908845032,2.05824223858778));
#6970=CARTESIAN_POINT('',(-0.925110843924441,9.95274570808436,1.97909289965153));
#6971=CARTESIAN_POINT('',(-1.0884838606535,10.1199763987304,2.21707761535542));
#6972=CARTESIAN_POINT('',(-1.08772628660387,10.1201067378139,2.21584224237319));
#6973=CARTESIAN_POINT('',(-1.08557482853792,10.1204768917076,2.21233386211806));
#6974=CARTESIAN_POINT('',(-1.03504353631254,10.1291706877868,2.12993212441742));
#6975=CARTESIAN_POINT('',(-0.985274093999865,10.1377332292394,2.04876307044597));
#6976=CARTESIAN_POINT('',(-0.936905163647051,10.1460546067257,1.96986283768302));
#6977=CARTESIAN_POINT('',(-1.11280435084657,10.316466421131,2.20796796319962));
#6978=CARTESIAN_POINT('',(-1.11197888433696,10.3164939177965,2.2067361362592));
#6979=CARTESIAN_POINT('',(-1.10963461573718,10.3165720064166,2.20323782667362));
#6980=CARTESIAN_POINT('',(-1.05457474044449,10.318406072747,2.1210726292118));
#6981=CARTESIAN_POINT('',(-1.00034401862832,10.3202124638649,2.04013678477428));
#6982=CARTESIAN_POINT('',(-0.947638180053831,10.3219679572379,1.96146334555293));
#6983=CARTESIAN_POINT('',(-1.11941553691492,10.4000086741733,2.20761753502415));
#6984=CARTESIAN_POINT('',(-1.11857637679029,10.399993246552,2.20638842576793));
#6985=CARTESIAN_POINT('',(-1.11619321913653,10.3999494331804,2.2028978342576));
#6986=CARTESIAN_POINT('',(-1.06021994780541,10.3989203892059,2.12091391388776));
#6987=CARTESIAN_POINT('',(-1.00508939286585,10.3979068746118,2.04015667639803));
#6988=CARTESIAN_POINT('',(-0.951508661541425,10.3969219158423,1.96165694543887));
#6989=CARTESIAN_POINT('',(-1.12125027278513,10.4599707651198,2.21011532674293));
#6990=CARTESIAN_POINT('',(-1.12041312579322,10.4599251542468,2.20888911234823));
#6991=CARTESIAN_POINT('',(-1.11803568524705,10.4597956225471,2.20540674208883));
#6992=CARTESIAN_POINT('',(-1.06219668820506,10.4567533140648,2.12361591718387));
#6993=CARTESIAN_POINT('',(-1.00719830402356,10.4537569292138,2.04304893255904));
#6994=CARTESIAN_POINT('',(-0.953745902126598,10.4508449770666,1.96473420742208));
#6995=CARTESIAN_POINT('',(-1.11932995473394,10.522786673123,2.21671697381591));
#6996=CARTESIAN_POINT('',(-1.11850707888836,10.5227082925913,2.21549226272611));
#6997=CARTESIAN_POINT('',(-1.11617016741033,10.5224856973414,2.2120141617993));
#6998=CARTESIAN_POINT('',(-1.06128307629112,10.5172576068201,2.13032361410161));
#6999=CARTESIAN_POINT('',(-1.00722224047135,10.5121084281416,2.04985547408528));
#7000=CARTESIAN_POINT('',(-0.954680983442157,10.5071043360758,1.97163694573878));
#7001=CARTESIAN_POINT('',(-1.11713811533312,10.558446753324,2.22162839416784));
#7002=CARTESIAN_POINT('',(-1.11632634727295,10.5583500709676,2.22040386987138));
#7003=CARTESIAN_POINT('',(-1.1140209811379,10.5580754998083,2.21692629946092));
#7004=CARTESIAN_POINT('',(-1.05987479532481,10.5516266519047,2.13524821444057));
#7005=CARTESIAN_POINT('',(-1.00654369149783,10.5452751380397,2.05479240606024));
#7006=CARTESIAN_POINT('',(-0.954711622035367,10.53910258208,1.976585956716));
#7007=CARTESIAN_POINT('',(-1.11423355859328,10.5938190907569,2.22727312034856));
#7008=CARTESIAN_POINT('',(-1.11343462438352,10.5937049074358,2.22604837373108));
#7009=CARTESIAN_POINT('',(-1.11116570550285,10.5933806347541,2.22257017198073));
#7010=CARTESIAN_POINT('',(-1.05787555657226,10.5857644480091,2.14087726114553));
#7011=CARTESIAN_POINT('',(-1.00538758955822,10.5782632124502,2.06040690790027));
#7012=CARTESIAN_POINT('',(-0.954374934750033,10.5709733259877,1.98218641895753));
#7013=CARTESIAN_POINT('',(-1.11028367093584,10.6286769697488,2.23399263161432));
#7014=CARTESIAN_POINT('',(-1.10949980369906,10.6285467633296,2.23276704620852));
#7015=CARTESIAN_POINT('',(-1.10727367399342,10.6281769861685,2.22928646239431));
#7016=CARTESIAN_POINT('',(-1.05498851506773,10.619492036765,2.14753760653657));
#7017=CARTESIAN_POINT('',(-1.00349040252092,10.6109381751223,2.06701221018684));
#7018=CARTESIAN_POINT('',(-0.953439767531289,10.6026253300908,1.9887383249552));
#7019=CARTESIAN_POINT('',(-1.10529660983706,10.663075433157,2.24176492046788));
#7020=CARTESIAN_POINT('',(-1.10452948159834,10.6629302412479,2.24053774520935));
#7021=CARTESIAN_POINT('',(-1.10235088950737,10.6625179063446,2.23705264635986));
#7022=CARTESIAN_POINT('',(-1.0511822474314,10.6528334043722,2.15519774836286));
#7023=CARTESIAN_POINT('',(-1.00078384053438,10.6432950850766,2.07456796663754));
#7024=CARTESIAN_POINT('',(-0.951801994136375,10.6340255341442,1.99619273097217));
#7025=CARTESIAN_POINT('',(-1.09962125195971,10.6971686978086,2.2502295293329));
#7026=CARTESIAN_POINT('',(-1.09887178842193,10.6970091412176,2.24900022832216));
#7027=CARTESIAN_POINT('',(-1.09674336288085,10.6965560116245,2.24550909251842));
#7028=CARTESIAN_POINT('',(-1.04675298364159,10.6859133659675,2.16351240698245));
#7029=CARTESIAN_POINT('',(-0.997515101861246,10.6754313752446,2.0827430312842));
#7030=CARTESIAN_POINT('',(-0.9496611589409,10.6652447593593,2.00423222409305));
#7031=CARTESIAN_POINT('',(-1.09124240849506,10.739215052766,2.26209051847242));
#7032=CARTESIAN_POINT('',(-1.09051640718797,10.7390385713416,2.26085748947882));
#7033=CARTESIAN_POINT('',(-1.0884546127917,10.738537376412,2.25735576650046));
#7034=CARTESIAN_POINT('',(-1.04002920099349,10.726765821853,2.17511042268774));
#7035=CARTESIAN_POINT('',(-0.992332734631648,10.7151719796535,2.09409620012222));
#7036=CARTESIAN_POINT('',(-0.945976890914671,10.703904870297,2.01534754210966));
#7037=CARTESIAN_POINT('',(-1.0811114488049,10.7805122118295,2.2756195184616));
#7038=CARTESIAN_POINT('',(-1.08041002805727,10.7803196947537,2.27438107118803));
#7039=CARTESIAN_POINT('',(-1.07841804078087,10.7797729597022,2.27086396070344));
#7040=CARTESIAN_POINT('',(-1.03163219043812,10.7669318059014,2.18825721294083));
#7041=CARTESIAN_POINT('',(-0.985550606366886,10.7542845264818,2.10688709089462));
#7042=CARTESIAN_POINT('',(-0.940764256623881,10.7419936916704,2.02779264401211));
#7043=CARTESIAN_POINT('',(-1.07193185847652,10.8131070846935,2.28742014902595));
#7044=CARTESIAN_POINT('',(-1.07125033908741,10.8129019812995,2.28617619540592));
#7045=CARTESIAN_POINT('',(-1.069314870311,10.8123195019876,2.28264344730388));
#7046=CARTESIAN_POINT('',(-1.02385647083378,10.7986388238226,2.19966942065601));
#7047=CARTESIAN_POINT('',(-0.979082345623421,10.7851647014887,2.11793759941006));
#7048=CARTESIAN_POINT('',(-0.935566688899283,10.7720703377568,2.03849170490466));
#7049=CARTESIAN_POINT('',(-1.06573736422529,10.8332885844735,2.29519697800142));
#7050=CARTESIAN_POINT('',(-1.0650683199376,10.8330756665151,2.29394905172066));
#7051=CARTESIAN_POINT('',(-1.06316827959295,10.8324709943856,2.29040502155305));
#7052=CARTESIAN_POINT('',(-1.01854198789862,10.8182690739765,2.20716601419742));
#7053=CARTESIAN_POINT('',(-0.974587430853332,10.8042815781492,2.12517323412615));
#7054=CARTESIAN_POINT('',(-0.931868283128298,10.7906883080628,2.04547377094386));
#7055=CARTESIAN_POINT('',(-1.06050177411319,10.8493161429821,2.30165580538584));
#7056=CARTESIAN_POINT('',(-1.05984269478172,10.8490969750829,2.30040435647408));
#7057=CARTESIAN_POINT('',(-1.05797095422456,10.8484745535544,2.29685032229156));
#7058=CARTESIAN_POINT('',(-1.01400933952157,10.8338557531728,2.21337635161566));
#7059=CARTESIAN_POINT('',(-0.970709436403668,10.8194576658291,2.13115217319739));
#7060=CARTESIAN_POINT('',(-0.928626512452766,10.805465366863,2.0512278625102));
#7061=CARTESIAN_POINT('',(-1.05509282001625,10.8652226971134,2.30825314165405));
#7062=CARTESIAN_POINT('',(-1.05444361640436,10.8649974524909,2.3069980134561));
#7063=CARTESIAN_POINT('',(-1.05259992220777,10.864357773489,2.30343353036815));
#7064=CARTESIAN_POINT('',(-1.00929703218743,10.8493336469715,2.21971414718874));
#7065=CARTESIAN_POINT('',(-0.966645918778876,10.8345363472538,2.1372482778441));
#7066=CARTESIAN_POINT('',(-0.925193516694619,10.8201560774202,2.05708911522379));
#7067=CARTESIAN_POINT('',(-1.04803150584081,10.8847991750063,2.31672251504845));
#7068=CARTESIAN_POINT('',(-1.04739433114719,10.8845669819075,2.31546263091385));
#7069=CARTESIAN_POINT('',(-1.04558479824773,10.8839075697164,2.31188464130774));
#7070=CARTESIAN_POINT('',(-1.00308425446681,10.8684199701379,2.22784803150437));
#7071=CARTESIAN_POINT('',(-0.961223388133152,10.8531661926389,2.14506974043759));
#7072=CARTESIAN_POINT('',(-0.920538985510554,10.838342306511,2.0646069869992));
#7073=CARTESIAN_POINT('',(-1.03906522695238,10.9078534775298,2.3272421407767));
#7074=CARTESIAN_POINT('',(-1.03844190671296,10.9076136584595,2.32597621765938));
#7075=CARTESIAN_POINT('',(-1.03667171950525,10.9069325890433,2.32238107777216));
#7076=CARTESIAN_POINT('',(-0.995095287725417,10.8909363268078,2.23794166025177));
#7077=CARTESIAN_POINT('',(-0.95414459588473,10.8751815687115,2.15476665578176));
#7078=CARTESIAN_POINT('',(-0.914344740273076,10.8598708252445,2.07391839100373));
#7079=CARTESIAN_POINT('',(-1.02960040825548,10.9304749068001,2.33810380416511));
#7080=CARTESIAN_POINT('',(-1.02899029567444,10.930228045297,2.33683147044177));
#7081=CARTESIAN_POINT('',(-1.02725761729905,10.9295269758657,2.33321812488683));
#7082=CARTESIAN_POINT('',(-0.98656215494404,10.9130609738554,2.2483511116459));
#7083=CARTESIAN_POINT('',(-0.946479139376681,10.8968435710788,2.16475497624027));
#7084=CARTESIAN_POINT('',(-0.907522518618822,10.8810832268976,2.08349746446357));
#7085=CARTESIAN_POINT('',(-1.02129274455884,10.9489692015599,2.34742827170993));
#7086=CARTESIAN_POINT('',(-1.02069304390652,10.9487168504275,2.34615025299168));
#7087=CARTESIAN_POINT('',(-1.01898993467972,10.948000190832,2.34252076245206));
#7088=CARTESIAN_POINT('',(-0.978988962123445,10.931168022966,2.25727455257832));
#7089=CARTESIAN_POINT('',(-0.93958994808189,10.9145899822003,2.17330495161962));
#7090=CARTESIAN_POINT('',(-0.901298046392815,10.8984791632872,2.09168450987727));
#7091=CARTESIAN_POINT('',(-1.01439150576671,10.963552798436,2.35504452458105));
#7092=CARTESIAN_POINT('',(-1.01379974471135,10.9632962187082,2.35376173229068));
#7093=CARTESIAN_POINT('',(-1.01211918337912,10.9625675501943,2.3501186851427));
#7094=CARTESIAN_POINT('',(-0.972647792283625,10.9454533289507,2.26455407172568));
#7095=CARTESIAN_POINT('',(-0.933770354130171,10.9285974889289,2.18027087936263));
#7096=CARTESIAN_POINT('',(-0.895985311803443,10.9122166929537,2.09834569251716));
#7097=CARTESIAN_POINT('',(-1.00908724399365,10.9743851477839,2.36083327440342));
#7098=CARTESIAN_POINT('',(-1.00850124005553,10.9741254624514,2.35954678266298));
#7099=CARTESIAN_POINT('',(-1.00683702852622,10.9733879742328,2.35589322933797));
#7100=CARTESIAN_POINT('',(-0.967749644343349,10.9560666045037,2.27008185776952));
#7101=CARTESIAN_POINT('',(-0.929250402840345,10.9390067370079,2.18555563723212));
#7102=CARTESIAN_POINT('',(-0.891832877298309,10.9224276529302,2.10339427901569));
#7103=CARTESIAN_POINT('',(-1.00455943298235,10.9833247912803,2.36571955002238));
#7104=CARTESIAN_POINT('',(-1.00397805981862,10.9830625597184,2.36442987061201));
#7105=CARTESIAN_POINT('',(-1.0023269993552,10.9823178403803,2.36076726453016));
#7106=CARTESIAN_POINT('',(-0.963548493285492,10.9648266331153,2.27474327127767));
#7107=CARTESIAN_POINT('',(-0.925353450770382,10.9475994830317,2.19000764412727));
#7108=CARTESIAN_POINT('',(-0.888231524609091,10.9308578155572,2.10764278933344));
#7109=CARTESIAN_POINT('',(-1.00087197816921,10.9904242557225,2.36966513452745));
#7110=CARTESIAN_POINT('',(-1.00029420037469,10.9901600013101,2.36837283591929));
#7111=CARTESIAN_POINT('',(-0.998653350498785,10.9894095372115,2.3647027915016));
#7112=CARTESIAN_POINT('',(-0.960114659594044,10.9717834024406,2.2785040944238));
#7113=CARTESIAN_POINT('',(-0.922155795853144,10.9544233516018,2.19359640577962));
#7114=CARTESIAN_POINT('',(-0.88526336595538,10.937552511679,2.11106434657857));
#7115=CARTESIAN_POINT('',(-0.998540014266823,10.9948396788136,2.37214618767009));
#7116=CARTESIAN_POINT('',(-0.99796443614953,10.9945741637311,2.37085222199903));
#7117=CARTESIAN_POINT('',(-0.996329833196301,10.9938201194122,2.36717744324113));
#7118=CARTESIAN_POINT('',(-0.957937863147116,10.9761098957517,2.2808675509601));
#7119=CARTESIAN_POINT('',(-0.920123493990968,10.9586670177245,2.19585034914701));
#7120=CARTESIAN_POINT('',(-0.883371467808052,10.9417156718536,2.11321186861332));
#7121=CARTESIAN_POINT('',(-0.99571696147598,11.0001186444728,2.37513685302612));
#7122=CARTESIAN_POINT('',(-0.995143978568881,10.9998516177866,2.37384085866202));
#7123=CARTESIAN_POINT('',(-0.993516745822174,10.999093280612,2.37016031856021));
#7124=CARTESIAN_POINT('',(-0.955297879026146,10.9812822302807,2.28371510990225));
#7125=CARTESIAN_POINT('',(-0.917653985159305,10.9637400370446,2.19856463883918));
#7126=CARTESIAN_POINT('',(-0.881067605539866,10.9466921569828,2.11579665194521));
#7127=CARTESIAN_POINT('',(-0.99286078993183,11.0053715357385,2.37814524814366));
#7128=CARTESIAN_POINT('',(-0.992290354747284,11.0051030018913,2.3768471908553));
#7129=CARTESIAN_POINT('',(-0.990670357344915,11.0043403844769,2.37316079219532));
#7130=CARTESIAN_POINT('',(-0.952621426256237,10.9864288037265,2.28657798389591));
#7131=CARTESIAN_POINT('',(-0.915144887008138,10.9687875856658,2.20129199488923));
#7132=CARTESIAN_POINT('',(-0.878721119651609,10.9516434512874,2.11839231648152));
#7133=CARTESIAN_POINT('',(-0.989479457699246,11.0114618035461,2.38168029014466));
#7134=CARTESIAN_POINT('',(-0.988911976860922,11.0111915302569,2.38037979103145));
#7135=CARTESIAN_POINT('',(-0.987300369584852,11.0104239729396,2.37668645776193));
#7136=CARTESIAN_POINT('',(-0.949448496483025,10.9923963681866,2.28994077661391));
#7137=CARTESIAN_POINT('',(-0.912166023284128,10.9746408634726,2.20449437773603));
#7138=CARTESIAN_POINT('',(-0.875930824531337,10.9573856394678,2.12143881694026));
#7139=CARTESIAN_POINT('',(-0.987035827223608,11.0157901898153,2.38421951570377));
#7140=CARTESIAN_POINT('',(-0.986470465874841,11.0155186896114,2.3829172580379));
#7141=CARTESIAN_POINT('',(-0.984864877794554,11.0147476479359,2.37921893060278));
#7142=CARTESIAN_POINT('',(-0.947154376965871,10.9966382057266,2.29235595167788));
#7143=CARTESIAN_POINT('',(-0.910011131311799,10.9788020895152,2.20679402778181));
#7144=CARTESIAN_POINT('',(-0.873911218995653,10.961468509888,2.12362620088425));
#7145=CARTESIAN_POINT('',(-0.982105499999022,11.0244142090046,2.38931891261386));
#7146=CARTESIAN_POINT('',(-0.981544420781926,11.024140285392,2.38801312473498));
#7147=CARTESIAN_POINT('',(-0.979950993645994,11.0233623613938,2.38430477174235));
#7148=CARTESIAN_POINT('',(-0.942526115929827,11.0050912734918,2.2972063228374));
#7149=CARTESIAN_POINT('',(-0.905664164471018,10.9870959349293,2.21141248552039));
#7150=CARTESIAN_POINT('',(-0.869837590789794,10.9696075917527,2.12801928376429));
#7151=CARTESIAN_POINT('',(-0.974032741997291,11.0380729447319,2.39756674036297));
#7152=CARTESIAN_POINT('',(-0.973478698165306,11.0377952707877,2.39625524709616));
#7153=CARTESIAN_POINT('',(-0.971905251024887,11.0370066960975,2.39253069119635));
#7154=CARTESIAN_POINT('',(-0.934949642545895,11.018485454797,2.3050516847129));
#7155=CARTESIAN_POINT('',(-0.898549864487481,11.0002437201482,2.21888302929631));
#7156=CARTESIAN_POINT('',(-0.863172420430355,10.9825158926951,2.13512556288254));
#7157=CARTESIAN_POINT('',(-0.964028573040189,11.0539824743711,2.40754976049876));
#7158=CARTESIAN_POINT('',(-0.963483291127697,11.0537005883035,2.406231347594));
#7159=CARTESIAN_POINT('',(-0.961934727227445,11.0529000514655,2.40248714039639));
#7160=CARTESIAN_POINT('',(-0.925563550893916,11.0340978547068,2.31454658370121));
#7161=CARTESIAN_POINT('',(-0.88973938235473,11.01557938864,2.22792333196341));
#7162=CARTESIAN_POINT('',(-0.854921326911671,10.9975825993397,2.14372405707614));
#7163=CARTESIAN_POINT('',(-0.955316745328174,11.0671716151153,2.41607674290845));
#7164=CARTESIAN_POINT('',(-0.954779114615295,11.0668863125523,2.41475239214843));
#7165=CARTESIAN_POINT('',(-0.953252279583896,11.0660760730929,2.41099132185132));
#7166=CARTESIAN_POINT('',(-0.917391448449726,11.0470459901822,2.32265470156743));
#7167=CARTESIAN_POINT('',(-0.882069914088714,11.0283030575784,2.23564135776805));
#7168=CARTESIAN_POINT('',(-0.847740317022404,11.0100880929826,2.1510629712985));
#7169=CARTESIAN_POINT('',(-0.948633404525274,11.0769622480931,2.42253347502364));
#7170=CARTESIAN_POINT('',(-0.948101672496543,11.0766744299616,2.42120459803521));
#7171=CARTESIAN_POINT('',(-0.946591589312925,11.0758570464517,2.41743067356193));
#7172=CARTESIAN_POINT('',(-0.911124208227969,11.0566591706208,2.32879214729386));
#7173=CARTESIAN_POINT('',(-0.876190178495511,11.0377509604674,2.24148145008923));
#7174=CARTESIAN_POINT('',(-0.842237156226942,11.019375346478,2.15661408138732));
#7175=CARTESIAN_POINT('',(-0.941794755874458,11.0866546148598,2.42905308344912));
#7176=CARTESIAN_POINT('',(-0.941269106728205,11.0863643094876,2.42771958995418));
#7177=CARTESIAN_POINT('',(-0.93977629850398,11.0855398623758,2.42393255492072));
#7178=CARTESIAN_POINT('',(-0.904714653860768,11.0661760830528,2.33498610094631));
#7179=CARTESIAN_POINT('',(-0.870180231560458,11.0471044548333,2.24737211867177));
#7180=CARTESIAN_POINT('',(-0.836615548979647,11.0285699961604,2.16221000181691));
#7181=CARTESIAN_POINT('',(-0.932490230376056,11.0994147490349,2.4378054797554));
#7182=CARTESIAN_POINT('',(-0.931972843910618,11.0991212983135,2.43646580188303));
#7183=CARTESIAN_POINT('',(-0.93050350112232,11.0982879186142,2.43266120364312));
#7184=CARTESIAN_POINT('',(-0.895992988603488,11.078714338767,2.34330224260114));
#7185=CARTESIAN_POINT('',(-0.862001376581955,11.0594360532646,2.25528197112223));
#7186=CARTESIAN_POINT('',(-0.828964204470175,11.0407007210877,2.16972499882176));
#7187=CARTESIAN_POINT('',(-0.920549115757917,11.1149992516047,2.44881222838366));
#7188=CARTESIAN_POINT('',(-0.920042167788333,11.1147024395208,2.44746493685191));
#7189=CARTESIAN_POINT('',(-0.918602469603687,11.1138595137729,2.44363871634066));
#7190=CARTESIAN_POINT('',(-0.884788219516696,11.0940617251935,2.35377191279799));
#7191=CARTESIAN_POINT('',(-0.851482364719323,11.0745625948999,2.26525144980842));
#7192=CARTESIAN_POINT('',(-0.81911163428888,11.0556126068449,2.17920835584619));
#7193=CARTESIAN_POINT('',(-0.900774089689198,11.1391593989503,2.46654018795711));
#7194=CARTESIAN_POINT('',(-0.900284090891734,11.1388583450937,2.46518094826209));
#7195=CARTESIAN_POINT('',(-0.898892527185801,11.138003372994,2.46132079578264));
#7196=CARTESIAN_POINT('',(-0.866208811424831,11.1179226510913,2.37065703159259));
#7197=CARTESIAN_POINT('',(-0.834016443517464,11.0981448375225,2.28135161063215));
#7198=CARTESIAN_POINT('',(-0.802727853476831,11.0789239843431,2.19454563192718));
#7199=CARTESIAN_POINT('',(-0.879984800365824,11.1621645044745,2.48440762244992));
#7200=CARTESIAN_POINT('',(-0.879512141013265,11.1618607930313,2.48303676186715));
#7201=CARTESIAN_POINT('',(-0.878169820136678,11.1609982735619,2.47914360685981));
#7202=CARTESIAN_POINT('',(-0.846642670722584,11.1407402861267,2.38770471181552));
#7203=CARTESIAN_POINT('',(-0.815589433697071,11.1207878686558,2.29763583423936));
#7204=CARTESIAN_POINT('',(-0.785407913641113,11.1013973079878,2.2100878680751));
#7205=CARTESIAN_POINT('',(-0.858124532327247,11.1840158303748,2.50235435283745));
#7206=CARTESIAN_POINT('',(-0.857669827049016,11.1837108734438,2.50097206944816));
#7207=CARTESIAN_POINT('',(-0.856378494509839,11.1828448168679,2.49704647445064));
#7208=CARTESIAN_POINT('',(-0.826048908382441,11.1625037529485,2.40484566091934));
#7209=CARTESIAN_POINT('',(-0.796175185601932,11.142469500604,2.31402634094476));
#7210=CARTESIAN_POINT('',(-0.767139989742326,11.1229993903174,2.22574903696922));
#7211=CARTESIAN_POINT('',(-0.844970189079985,11.1962906624865,2.512822520219));
#7212=CARTESIAN_POINT('',(-0.844526219256767,11.195985495109,2.51143363797733));
#7213=CARTESIAN_POINT('',(-0.843265374673222,11.1951188408749,2.50748930269015));
#7214=CARTESIAN_POINT('',(-0.813651859354595,11.1747637394477,2.41484833574099));
#7215=CARTESIAN_POINT('',(-0.784483416812774,11.1547156539937,2.3235954924088));
#7216=CARTESIAN_POINT('',(-0.756133658279939,11.1352320878858,2.23489685770597));
#7217=CARTESIAN_POINT('',(-0.837298177096102,11.2031252429128,2.5187986172974));
#7218=CARTESIAN_POINT('',(-0.836860456545096,11.2028201379394,2.51740597979547));
#7219=CARTESIAN_POINT('',(-0.835617359466238,11.2019536609254,2.51345097982598));
#7220=CARTESIAN_POINT('',(-0.806420679929947,11.1816027216617,2.42055953135849));
#7221=CARTESIAN_POINT('',(-0.777662792428465,11.161558730807,2.3290599797267));
#7222=CARTESIAN_POINT('',(-0.749712039080199,11.1420791360168,2.24012157560524));
#7223=CARTESIAN_POINT('',(-0.835389070858181,11.2048063726982,2.52027777778035));
#7224=CARTESIAN_POINT('',(-0.834952905079029,11.2045012943647,2.51888421133715));
#7225=CARTESIAN_POINT('',(-0.833714223445674,11.2036348930059,2.51492657323798));
#7226=CARTESIAN_POINT('',(-0.804621249513996,11.1832857305997,2.42197316298868));
#7227=CARTESIAN_POINT('',(-0.775965505046282,11.1632434885616,2.33041258297682));
#7228=CARTESIAN_POINT('',(-0.748114021264609,11.1437655912745,2.2414148669806));
#7229=CARTESIAN_POINT('',(-0.0364512126953168,2.75756164381936,1.675));
#7230=CARTESIAN_POINT('',(-0.0188170709181438,2.69925779032253,1.675));
#7231=CARTESIAN_POINT('',(-0.0100000000180193,2.63953083904788,1.675));
#7232=CARTESIAN_POINT('',(-0.0099999999949432,2.5783807899954,1.675));
#7233=CARTESIAN_POINT('',(-0.389387685756862,2.75756158567098,1.83349560347698));
#7234=CARTESIAN_POINT('',(-0.380246333006315,2.7450181345784,1.82972574725508));
#7235=CARTESIAN_POINT('',(-0.367357608683087,2.72434223383035,1.82375771516621));
#7236=CARTESIAN_POINT('',(-0.355035307963162,2.69840303192249,1.81670328879802));
#7237=CARTESIAN_POINT('',(-0.349306595851934,2.68412184134256,1.81294015749418));
#7238=CARTESIAN_POINT('',(-0.346854441492149,2.67741218496343,1.81119679028535));
#7239=CARTESIAN_POINT('',(-0.345853322296426,2.67455951459899,1.81046269120944));
#7240=CARTESIAN_POINT('',(-0.345538780723735,2.67365119271776,1.81022706740607));
#7241=CARTESIAN_POINT('',(-0.345381659574192,2.6731957897304,1.81011263246912));
#7242=CARTESIAN_POINT('',(-0.345304465255846,2.67296946496274,1.810050178706));
#7243=CARTESIAN_POINT('',(-0.345262113935741,2.67284646107277,1.81002028535305));
#7244=CARTESIAN_POINT('',(-0.345242736784281,2.67278933692839,1.81000403349916));
#7245=CARTESIAN_POINT('',(-0.345234511791678,2.67276475199455,1.8099960750506));
#7246=CARTESIAN_POINT('',(-0.345240174510169,2.6727622256022,1.80999595572641));
#7247=CARTESIAN_POINT('',(-0.345234327351139,2.67276420063407,1.80999589640486));
#7248=CARTESIAN_POINT('',(-0.345231921071825,2.6727570066234,1.8099935633443));
#7249=CARTESIAN_POINT('',(-0.345208304722568,2.67268610731331,1.80996974237866));
#7250=CARTESIAN_POINT('',(-0.345167127721234,2.67255609871378,1.80990806477759));
#7251=CARTESIAN_POINT('',(-0.345088865160102,2.67230939363337,1.80979353062341));
#7252=CARTESIAN_POINT('',(-0.344951528913825,2.67187668151026,1.80959695522998));
#7253=CARTESIAN_POINT('',(-0.344756547070968,2.67125824942301,1.80931547813419));
#7254=CARTESIAN_POINT('',(-0.344524449265949,2.67051565151933,1.80897703570366));
#7255=CARTESIAN_POINT('',(-0.344294171802264,2.66977252987589,1.80863830161025));
#7256=CARTESIAN_POINT('',(-0.34410374081274,2.66915278843924,1.80835609535724));
#7257=CARTESIAN_POINT('',(-0.343971182962463,2.66871870149927,1.80815875434872));
#7258=CARTESIAN_POINT('',(-0.343905102115908,2.66850160376914,1.80806007045232));
#7259=CARTESIAN_POINT('',(-0.343872111217086,2.66839304136314,1.80801072517076));
#7260=CARTESIAN_POINT('',(-0.34385327342543,2.66833100183719,1.80798252691672));
#7261=CARTESIAN_POINT('',(-0.343834445067693,2.66826895973546,1.80795432802987));
#7262=CARTESIAN_POINT('',(-0.343810927309549,2.66819140228087,1.80791907823607));
#7263=CARTESIAN_POINT('',(-0.343773336634928,2.66806730006419,1.80786267604307));
#7264=CARTESIAN_POINT('',(-0.343707652022487,2.66785009419963,1.80776396559737));
#7265=CARTESIAN_POINT('',(-0.343576679108691,2.66741557472197,1.80756651839173));
#7266=CARTESIAN_POINT('',(-0.343167541532987,2.66604926722707,1.80694580610462));
#7267=CARTESIAN_POINT('',(-0.3422201273495,2.66281453436275,1.80547739970791));
#7268=CARTESIAN_POINT('',(-0.340281215305626,2.65582092046723,1.80230860362971));
#7269=CARTESIAN_POINT('',(-0.33681134151289,2.6417340272729,1.79595056374716));
#7270=CARTESIAN_POINT('',(-0.33151348222497,2.61321215866879,1.78318349873536));
#7271=CARTESIAN_POINT('',(-0.32982845896842,2.58835127124195,1.77223139760502));
#7272=CARTESIAN_POINT('',(-0.33,2.57175947116503,1.76500000000003));
#7273=CARTESIAN_POINT('',(-0.32999999999998,2.5717594711649,1.76499999999998));
#7274=CARTESIAN_POINT('',(-0.33,2.57175947116503,1.76500000000003));
#7275=CARTESIAN_POINT('',(-0.223333333331576,2.57396657744169,1.73500000000026));
#7276=CARTESIAN_POINT('',(-0.116666666663154,2.57617368371836,1.7050000000005));
#7277=CARTESIAN_POINT('',(-0.00999999999473006,2.57838078999501,1.67500000000073));
#7278=CARTESIAN_POINT('',(-0.393089430894323,2.76253934295977,1.83500000000009));
#7279=CARTESIAN_POINT('',(-0.300609237788633,2.82866077587926,1.79592708333337));
#7280=CARTESIAN_POINT('',(-0.208129044682936,2.89478220879877,1.75685416666668));
#7281=CARTESIAN_POINT('',(-0.115648851577227,2.96090364171829,1.71778125000002));
#7282=CARTESIAN_POINT('',(-0.382456024122048,2.74852509518516,1.83074067057322));
#7283=CARTESIAN_POINT('',(-0.286839454168114,2.81034080077719,1.79028923519821));
#7284=CARTESIAN_POINT('',(-0.191222884214174,2.87215650636923,1.74983779982323));
#7285=CARTESIAN_POINT('',(-0.095606314260225,2.93397221196126,1.70938636444827));
#7286=CARTESIAN_POINT('',(-0.368244952514835,2.72621014724495,1.82426571297171));
#7287=CARTESIAN_POINT('',(-0.268413633431444,2.78121859574662,1.78172466043273));
#7288=CARTESIAN_POINT('',(-0.168582314348049,2.83622704424831,1.73918360789377));
#7289=CARTESIAN_POINT('',(-0.068750995264648,2.89123549275,1.69664255535485));
#7290=CARTESIAN_POINT('',(-0.355035307963162,2.69840303192249,1.81670328879802));
#7291=CARTESIAN_POINT('',(-0.251212035512453,2.74498816562457,1.77172821704724));
#7292=CARTESIAN_POINT('',(-0.147388763061742,2.79157329932663,1.72675314529648));
#7293=CARTESIAN_POINT('',(-0.0435654906110219,2.83815843302872,1.68177807354573));
#7294=CARTESIAN_POINT('',(-0.349306595851934,2.68412184134256,1.81294015749418));
#7295=CARTESIAN_POINT('',(-0.243724703378541,2.72639210793048,1.76675150963988));
#7296=CARTESIAN_POINT('',(-0.138142810905139,2.76866237451838,1.7205628617856));
#7297=CARTESIAN_POINT('',(-0.0325609184317342,2.8109326411063,1.67437421393135));
#7298=CARTESIAN_POINT('',(-0.346854441492149,2.67741218496343,1.81119679028535));
#7299=CARTESIAN_POINT('',(-0.240511735587534,2.71765681828184,1.76444675165167));
#7300=CARTESIAN_POINT('',(-0.134169029682914,2.75790145160027,1.717696713018));
#7301=CARTESIAN_POINT('',(-0.027826323778288,2.79814608491866,1.67094667438435));
#7302=CARTESIAN_POINT('',(-0.345853322296426,2.67455951459899,1.81046269120944));
#7303=CARTESIAN_POINT('',(-0.239198829314338,2.71394364077206,1.76347460399015));
#7304=CARTESIAN_POINT('',(-0.132544336332246,2.7533277669451,1.71648651677088));
#7305=CARTESIAN_POINT('',(-0.025889843350147,2.79271189311818,1.66949842955164));
#7306=CARTESIAN_POINT('',(-0.345538780723735,2.67365119271776,1.81022706740607));
#7307=CARTESIAN_POINT('',(-0.238785863118599,2.71276095481043,1.76316403355764));
#7308=CARTESIAN_POINT('',(-0.132032945513461,2.75187071690311,1.71610099970923));
#7309=CARTESIAN_POINT('',(-0.0252800279083178,2.7909804789958,1.66903796586083));
#7310=CARTESIAN_POINT('',(-0.345381659574192,2.6731957897304,1.81011263246912));
#7311=CARTESIAN_POINT('',(-0.238580027027748,2.71216861253549,1.76301094333725));
#7312=CARTESIAN_POINT('',(-0.131778394481303,2.75114143534058,1.7159092542054));
#7313=CARTESIAN_POINT('',(-0.0249767619348513,2.79011425814569,1.66880756507356));
#7314=CARTESIAN_POINT('',(-0.345304465255846,2.67296946496274,1.810050178706));
#7315=CARTESIAN_POINT('',(-0.238478127632311,2.71187327964572,1.76293102633391));
#7316=CARTESIAN_POINT('',(-0.131651790008772,2.75077709432869,1.71581187396184));
#7317=CARTESIAN_POINT('',(-0.024825452385226,2.78968090901167,1.6686927215898));
#7318=CARTESIAN_POINT('',(-0.345259520014008,2.67283892736514,1.81001845445338));
#7319=CARTESIAN_POINT('',(-0.238419400871785,2.71170372423122,1.76288791644869));
#7320=CARTESIAN_POINT('',(-0.131579281729553,2.7505685210973,1.71575737844401));
#7321=CARTESIAN_POINT('',(-0.0247391625873175,2.78943331796337,1.66862684043936));
#7322=CARTESIAN_POINT('',(-0.345215856730152,2.67270995134997,1.8099810542687));
#7323=CARTESIAN_POINT('',(-0.238361526945307,2.71153516631435,1.76284114761806));
#7324=CARTESIAN_POINT('',(-0.131507197160454,2.75036038127872,1.71570124096744));
#7325=CARTESIAN_POINT('',(-0.0246528673755978,2.78918559624309,1.66856133431684));
#7326=CARTESIAN_POINT('',(-0.345167127721234,2.67255609871378,1.80990806477759));
#7327=CARTESIAN_POINT('',(-0.238293005833094,2.71132920173835,1.76276576931725));
#7328=CARTESIAN_POINT('',(-0.131418883944955,2.75010230476293,1.71562347385694));
#7329=CARTESIAN_POINT('',(-0.0245447620568087,2.7888754077875,1.66848117839665));
#7330=CARTESIAN_POINT('',(-0.345088865160102,2.67230939363337,1.80979353062341));
#7331=CARTESIAN_POINT('',(-0.238183286092646,2.71099927217053,1.76264661760697));
#7332=CARTESIAN_POINT('',(-0.131277707025194,2.74968915070771,1.71549970459055));
#7333=CARTESIAN_POINT('',(-0.0243721279577345,2.78837902924487,1.66835279157415));
#7334=CARTESIAN_POINT('',(-0.344951528913825,2.67187668151026,1.80959695522998));
#7335=CARTESIAN_POINT('',(-0.237991309056869,2.71042116556305,1.76244058956169));
#7336=CARTESIAN_POINT('',(-0.131031089199911,2.74896564961582,1.71528422389342));
#7337=CARTESIAN_POINT('',(-0.0240708693429508,2.78751013366861,1.66812785822518));
#7338=CARTESIAN_POINT('',(-0.344756547070968,2.67125824942301,1.80931547813419));
#7339=CARTESIAN_POINT('',(-0.237718624219449,2.70959483669894,1.76214578119807));
#7340=CARTESIAN_POINT('',(-0.130680701367926,2.74793142397483,1.71497608426198));
#7341=CARTESIAN_POINT('',(-0.0236427785164036,2.78626801125076,1.6678063873259));
#7342=CARTESIAN_POINT('',(-0.344524449265949,2.67051565151933,1.80897703570366));
#7343=CARTESIAN_POINT('',(-0.237393876909882,2.70860248758686,1.76179161800259));
#7344=CARTESIAN_POINT('',(-0.130263304553811,2.74668932365434,1.71460620030155));
#7345=CARTESIAN_POINT('',(-0.0231327321977403,2.78477615972185,1.66742078260052));
#7346=CARTESIAN_POINT('',(-0.344294171802264,2.66977252987589,1.80863830161025));
#7347=CARTESIAN_POINT('',(-0.237071569677656,2.70760936917565,1.76143744062428));
#7348=CARTESIAN_POINT('',(-0.129848967553046,2.74544620847536,1.71423657963834));
#7349=CARTESIAN_POINT('',(-0.0226263654284338,2.78328304777509,1.66703571865241));
#7350=CARTESIAN_POINT('',(-0.34410374081274,2.66915278843924,1.80835609535724));
#7351=CARTESIAN_POINT('',(-0.23680498503359,2.70678111706373,1.76114259680358));
#7352=CARTESIAN_POINT('',(-0.129506229254436,2.74440944568815,1.71392909824994));
#7353=CARTESIAN_POINT('',(-0.0222074734752782,2.78203777431261,1.66671559969631));
#7354=CARTESIAN_POINT('',(-0.343971182962463,2.66871870149927,1.80815875434872));
#7355=CARTESIAN_POINT('',(-0.236619413200834,2.70620099104604,1.76093653152836));
#7356=CARTESIAN_POINT('',(-0.129267643439196,2.74368328059275,1.71371430870801));
#7357=CARTESIAN_POINT('',(-0.0219158736775558,2.7811655701395,1.66649208588767));
#7358=CARTESIAN_POINT('',(-0.343905102115908,2.66850160376914,1.80806007045232));
#7359=CARTESIAN_POINT('',(-0.236526878938073,2.70591080195084,1.76083296512511));
#7360=CARTESIAN_POINT('',(-0.12914865576023,2.7433200001325,1.71360585979792));
#7361=CARTESIAN_POINT('',(-0.0217704325823872,2.78072919831417,1.66637875447075));
#7362=CARTESIAN_POINT('',(-0.343872111217086,2.66839304136314,1.80801072517076));
#7363=CARTESIAN_POINT('',(-0.236480705407399,2.70576576911883,1.76078195169667));
#7364=CARTESIAN_POINT('',(-0.129089299597706,2.74313849687447,1.7135531782226));
#7365=CARTESIAN_POINT('',(-0.0216978937880079,2.78051122463012,1.66632440474854));
#7366=CARTESIAN_POINT('',(-0.34385327342543,2.66833100183719,1.80798252691672));
#7367=CARTESIAN_POINT('',(-0.236454306952466,2.70568278822559,1.76075143503844));
#7368=CARTESIAN_POINT('',(-0.129055340479497,2.74303457461394,1.71352034316018));
#7369=CARTESIAN_POINT('',(-0.0216563740065228,2.78038636100231,1.66628925128194));
#7370=CARTESIAN_POINT('',(-0.343834445067693,2.66826895973546,1.80795432802987));
#7371=CARTESIAN_POINT('',(-0.236427678601184,2.70559907184793,1.76072763687378));
#7372=CARTESIAN_POINT('',(-0.12902091213467,2.74292918396035,1.71350094571771));
#7373=CARTESIAN_POINT('',(-0.021614145668151,2.7802592960728,1.66627425456167));
#7374=CARTESIAN_POINT('',(-0.343810927309549,2.66819140228087,1.80791907823607));
#7375=CARTESIAN_POINT('',(-0.236394125710577,2.70549353962961,1.7607061148239));
#7376=CARTESIAN_POINT('',(-0.128977324111604,2.7427956769783,1.71349315141177));
#7377=CARTESIAN_POINT('',(-0.0215605225126244,2.78009781432702,1.66628018799963));
#7378=CARTESIAN_POINT('',(-0.343773336634928,2.66806730006419,1.80786267604307));
#7379=CARTESIAN_POINT('',(-0.236340568566781,2.70532489677962,1.76067057579367));
#7380=CARTESIAN_POINT('',(-0.128907800498634,2.74258249349501,1.7134784755443));
#7381=CARTESIAN_POINT('',(-0.0214750324304796,2.77984009021041,1.66628637529493));
#7382=CARTESIAN_POINT('',(-0.343707652022487,2.66785009419963,1.80776396559737));
#7383=CARTESIAN_POINT('',(-0.236247104541648,2.70503009921326,1.76060654812347));
#7384=CARTESIAN_POINT('',(-0.128786557060806,2.74221010422688,1.71344913064959));
#7385=CARTESIAN_POINT('',(-0.0213260095799566,2.77939010924048,1.66629171317572));
#7386=CARTESIAN_POINT('',(-0.343576679108691,2.66741557472197,1.80756651839173));
#7387=CARTESIAN_POINT('',(-0.236060631104806,2.70444005044821,1.7604796591346));
#7388=CARTESIAN_POINT('',(-0.128544583100917,2.74146452617439,1.71339279987748));
#7389=CARTESIAN_POINT('',(-0.0210285350970206,2.77848900190061,1.66630594062037));
#7390=CARTESIAN_POINT('',(-0.343167541532987,2.66604926722707,1.80694580610462));
#7391=CARTESIAN_POINT('',(-0.235478039041506,2.70258458595419,1.76007900179699));
#7392=CARTESIAN_POINT('',(-0.127788536550021,2.73911990468127,1.71321219748939));
#7393=CARTESIAN_POINT('',(-0.0200990340585325,2.77565522340839,1.66634539318181));
#7394=CARTESIAN_POINT('',(-0.3422201273495,2.66281453436275,1.80547739970791));
#7395=CARTESIAN_POINT('',(-0.234128290418839,2.69819075901672,1.75913254093634));
#7396=CARTESIAN_POINT('',(-0.126036453488173,2.73356698367065,1.71278768216479));
#7397=CARTESIAN_POINT('',(-0.0179446165575039,2.7689432083246,1.66644282339326));
#7398=CARTESIAN_POINT('',(-0.340281215305626,2.65582092046723,1.80230860362971));
#7399=CARTESIAN_POINT('',(-0.231362586618898,2.68868618477193,1.75708959021005));
#7400=CARTESIAN_POINT('',(-0.122443957932165,2.72155144907661,1.71187057679039));
#7401=CARTESIAN_POINT('',(-0.0135253292454291,2.75441671338129,1.66665156337076));
#7402=CARTESIAN_POINT('',(-0.33681134151289,2.6417340272729,1.79595056374716));
#7403=CARTESIAN_POINT('',(-0.226399513148319,2.66952353664442,1.75298923378396));
#7404=CARTESIAN_POINT('',(-0.115987684783747,2.69731304601593,1.71002790382077));
#7405=CARTESIAN_POINT('',(-0.00557585641916822,2.72510255538744,1.66706657385759));
#7406=CARTESIAN_POINT('',(-0.33151348222497,2.61321215866879,1.78318349873536));
#7407=CARTESIAN_POINT('',(-0.218767069209947,2.63066654856896,1.74475648978748));
#7408=CARTESIAN_POINT('',(-0.106020656194919,2.64812093846913,1.7063294808396));
#7409=CARTESIAN_POINT('',(0.00672575682010823,2.66557532836929,1.66790247189173));
#7410=CARTESIAN_POINT('',(-0.32982845896842,2.58835127124195,1.77223139760502));
#7411=CARTESIAN_POINT('',(-0.216222725110172,2.59674045594598,1.73769428298158));
#7412=CARTESIAN_POINT('',(-0.102616991251924,2.60512964065,1.70315716835815));
#7413=CARTESIAN_POINT('',(0.0109887426063273,2.61351882535404,1.6686200537347));
#7414=CARTESIAN_POINT('',(-0.33,2.57175947116503,1.76500000000003));
#7415=CARTESIAN_POINT('',(-0.216333333333321,2.57411141879105,1.7330312500008));
#7416=CARTESIAN_POINT('',(-0.102666666666645,2.57646336641709,1.70106250000157));
#7417=CARTESIAN_POINT('',(0.0110000000000338,2.57881531404312,1.66909375000234));
#7418=CARTESIAN_POINT('',(-0.0100000000484043,2.57838078999558,0.925));
#7419=CARTESIAN_POINT('',(-0.0100000000723211,2.63953083827496,0.925));
#7420=CARTESIAN_POINT('',(-0.0188170707212097,2.69925778881707,0.925));
#7421=CARTESIAN_POINT('',(-0.0364512119950701,2.75756164162192,0.925));
#7422=CARTESIAN_POINT('',(-0.329992273254245,2.57175959869754,0.835002198487275));
#7423=CARTESIAN_POINT('',(-0.223328182169506,2.57396666246304,0.865001465656737));
#7424=CARTESIAN_POINT('',(-0.116664091084769,2.57617372622854,0.895000732826201));
#7425=CARTESIAN_POINT('',(-0.0100000000000302,2.57838078999403,0.924999999995664));
#7426=CARTESIAN_POINT('',(-0.32999172937676,2.57175936008913,0.83500028225468));
#7427=CARTESIAN_POINT('',(-0.330000101695449,2.57175943762232,0.834999998436199));
#7428=CARTESIAN_POINT('',(-0.329828059850889,2.58839780542183,0.827909457180959));
#7429=CARTESIAN_POINT('',(-0.331523144485833,2.61332988456869,0.817168884360407));
#7430=CARTESIAN_POINT('',(-0.336852540481226,2.64193152707718,0.804651951927487));
#7431=CARTESIAN_POINT('',(-0.340341678671681,2.65605514442211,0.798415210637222));
#7432=CARTESIAN_POINT('',(-0.342291591624789,2.66306693703249,0.795308078463254));
#7433=CARTESIAN_POINT('',(-0.34324448853008,2.66631013794341,0.793868764367887));
#7434=CARTESIAN_POINT('',(-0.343656056064626,2.66768009320454,0.793260608785022));
#7435=CARTESIAN_POINT('',(-0.343787813236929,2.66811578030173,0.793067182720548));
#7436=CARTESIAN_POINT('',(-0.343853892820665,2.66833357181141,0.792970489566114));
#7437=CARTESIAN_POINT('',(-0.343891710015125,2.66845800922021,0.792915242068907));
#7438=CARTESIAN_POINT('',(-0.343915369692724,2.66853577639674,0.792880714783637));
#7439=CARTESIAN_POINT('',(-0.343934311793995,2.66859798641381,0.792853094402496));
#7440=CARTESIAN_POINT('',(-0.343953263468246,2.66866019394752,0.792825474988333));
#7441=CARTESIAN_POINT('',(-0.343986454027748,2.66876905061114,0.792777143557919));
#7442=CARTESIAN_POINT('',(-0.344052935668876,2.66898673784448,0.792680490922219));
#7443=CARTESIAN_POINT('',(-0.34418630107077,2.66942200783636,0.792487226933031));
#7444=CARTESIAN_POINT('',(-0.344378156320007,2.67004377542631,0.792211946343095));
#7445=CARTESIAN_POINT('',(-0.344609862630653,2.67078892406715,0.79188046197013));
#7446=CARTESIAN_POINT('',(-0.344842395769973,2.67153220246848,0.791545384949977));
#7447=CARTESIAN_POINT('',(-0.345019003504652,2.67209043508544,0.791297352268261));
#7448=CARTESIAN_POINT('',(-0.345138323510634,2.6724638194599,0.791135849085528));
#7449=CARTESIAN_POINT('',(-0.345186211983673,2.67261688574668,0.791060898935078));
#7450=CARTESIAN_POINT('',(-0.345218956913609,2.67271800172304,0.79101959666539));
#7451=CARTESIAN_POINT('',(-0.345231943120647,2.67275719209965,0.791005815865831));
#7452=CARTESIAN_POINT('',(-0.345234430927797,2.67276467136693,0.791003257039603));
#7453=CARTESIAN_POINT('',(-0.345240550089666,2.67276236342174,0.791002460511731));
#7454=CARTESIAN_POINT('',(-0.345235177950954,2.67276437417833,0.791002934582537));
#7455=CARTESIAN_POINT('',(-0.345243273580422,2.67278871283535,0.79099460727067));
#7456=CARTESIAN_POINT('',(-0.34526233355475,2.67284532141543,0.79097697339137));
#7457=CARTESIAN_POINT('',(-0.34529304296679,2.67293497518834,0.790952895377139));
#7458=CARTESIAN_POINT('',(-0.34549407201337,2.67351914430024,0.790801556223167));
#7459=CARTESIAN_POINT('',(-0.345863065720589,2.6745863956589,0.790512552966762));
#7460=CARTESIAN_POINT('',(-0.346954239690611,2.67768733222307,0.789679129814596));
#7461=CARTESIAN_POINT('',(-0.349405668918143,2.68437527329699,0.787874100544592));
#7462=CARTESIAN_POINT('',(-0.35512819935236,2.69860819495306,0.783969894732627));
#7463=CARTESIAN_POINT('',(-0.367870977396254,2.72538922735149,0.776394213975731));
#7464=CARTESIAN_POINT('',(-0.38137861368561,2.74681547358037,0.769944022005636));
#7465=CARTESIAN_POINT('',(-0.39122708360434,2.76005877580248,0.765781445487541));
#7466=CARTESIAN_POINT('',(-0.421000444641421,2.74258352294992,0.753207580776009));
#7467=CARTESIAN_POINT('',(-0.315607588931135,2.81793731976504,0.79773612241229));
#7468=CARTESIAN_POINT('',(-0.210214733220849,2.8932911165802,0.842264664048571));
#7469=CARTESIAN_POINT('',(-0.104821877510563,2.96864491339532,0.886793205684849));
#7470=CARTESIAN_POINT('',(-0.411348546522355,2.72991481171115,0.75722495100373));
#7471=CARTESIAN_POINT('',(-0.302368615269784,2.80034484900282,0.803260839253807));
#7472=CARTESIAN_POINT('',(-0.193388684017215,2.87077488629448,0.849296727503888));
#7473=CARTESIAN_POINT('',(-0.0844087527646457,2.94120492358616,0.895332615753966));
#7474=CARTESIAN_POINT('',(-0.39845159877621,2.70973352800519,0.763333754462219));
#7475=CARTESIAN_POINT('',(-0.28465302869093,2.77237687481798,0.811654317677136));
#7476=CARTESIAN_POINT('',(-0.17085445860565,2.8350202216308,0.859974880892052));
#7477=CARTESIAN_POINT('',(-0.0570558885203681,2.89766356844359,0.908295444106968));
#7478=CARTESIAN_POINT('',(-0.386471770514799,2.68457089739823,0.77046869474515));
#7479=CARTESIAN_POINT('',(-0.26811470328947,2.73757740906051,0.821450837981443));
#7480=CARTESIAN_POINT('',(-0.149757636064141,2.79058392072277,0.872432981217739));
#7481=CARTESIAN_POINT('',(-0.0314005688388162,2.84359043238504,0.923415124454037));
#7482=CARTESIAN_POINT('',(-0.38128065157254,2.67164536747333,0.774021768947896));
#7483=CARTESIAN_POINT('',(-0.26091691110146,2.71971501185223,0.82632982706676));
#7484=CARTESIAN_POINT('',(-0.140553170630379,2.76778465623113,0.878637885185626));
#7485=CARTESIAN_POINT('',(-0.0201894301592991,2.81585430061003,0.930945943304492));
#7486=CARTESIAN_POINT('',(-0.379058912353954,2.66557108583886,0.775663981127214));
#7487=CARTESIAN_POINT('',(-0.25782783498342,2.71132347890164,0.828586856021357));
#7488=CARTESIAN_POINT('',(-0.136596757612884,2.75707587196442,0.881509730915502));
#7489=CARTESIAN_POINT('',(-0.0153656802423498,2.80282826502719,0.934432605809645));
#7490=CARTESIAN_POINT('',(-0.378070491960744,2.66275464382434,0.776422523513022));
#7491=CARTESIAN_POINT('',(-0.256451404815084,2.70743275149816,0.829628157121921));
#7492=CARTESIAN_POINT('',(-0.134832317669425,2.75211085917196,0.88283379073082));
#7493=CARTESIAN_POINT('',(-0.0132132305237693,2.79678896684576,0.936039424339719));
#7494=CARTESIAN_POINT('',(-0.377736430126954,2.6617854264036,0.776686088741685));
#7495=CARTESIAN_POINT('',(-0.255985436056255,2.70609334622226,0.829987779380714));
#7496=CARTESIAN_POINT('',(-0.134234441985556,2.75040126604093,0.883289470019742));
#7497=CARTESIAN_POINT('',(-0.0124834479148552,2.79470918585959,0.936591160658767));
#7498=CARTESIAN_POINT('',(-0.377554177657988,2.66125462091491,0.776822887156182));
#7499=CARTESIAN_POINT('',(-0.255732280988239,2.70536103332055,0.830179485363676));
#7500=CARTESIAN_POINT('',(-0.133910384318491,2.74946744572619,0.883536083571173));
#7501=CARTESIAN_POINT('',(-0.0120884876487424,2.79357385813182,0.936892681778672));
#7502=CARTESIAN_POINT('',(-0.377524003335877,2.6611662579764,0.776846683563339));
#7503=CARTESIAN_POINT('',(-0.255690236306011,2.70523904031139,0.830212067981971));
#7504=CARTESIAN_POINT('',(-0.133856469276144,2.74931182264638,0.883577452400605));
#7505=CARTESIAN_POINT('',(-0.0120227022462757,2.79338460498137,0.936942836819241));
#7506=CARTESIAN_POINT('',(-0.377494981881759,2.66107922384003,0.77687530655592));
#7507=CARTESIAN_POINT('',(-0.255648943254124,2.70511788304324,0.830247711878725));
#7508=CARTESIAN_POINT('',(-0.133802904626488,2.74915654224645,0.883620117201531));
#7509=CARTESIAN_POINT('',(-0.0119568659988487,2.79319520144967,0.936992522524336));
#7510=CARTESIAN_POINT('',(-0.377459092805072,2.66096658227328,0.776925012545282));
#7511=CARTESIAN_POINT('',(-0.255595693093711,2.70495848980687,0.830302558322106));
#7512=CARTESIAN_POINT('',(-0.133732293382348,2.74895039734046,0.883680104098932));
#7513=CARTESIAN_POINT('',(-0.0118688936709826,2.79294230487406,0.937057649875754));
#7514=CARTESIAN_POINT('',(-0.377417228203518,2.6608293420946,0.776999453184731));
#7515=CARTESIAN_POINT('',(-0.255531082166449,2.70476148975278,0.830378922890907));
#7516=CARTESIAN_POINT('',(-0.133644936129381,2.74869363741094,0.883758392597083));
#7517=CARTESIAN_POINT('',(-0.0117587900923118,2.7926257850691,0.937137862303256));
#7518=CARTESIAN_POINT('',(-0.377311847559475,2.66049331137032,0.77715776499473));
#7519=CARTESIAN_POINT('',(-0.255373066059054,2.70428441048599,0.830549285423409));
#7520=CARTESIAN_POINT('',(-0.133434284558636,2.74807550960166,0.88394080585209));
#7521=CARTESIAN_POINT('',(-0.0114955030582159,2.79186660871733,0.937332326280772));
#7522=CARTESIAN_POINT('',(-0.37715622481043,2.6599913702731,0.777401635894497));
#7523=CARTESIAN_POINT('',(-0.255138203352897,2.70356991086296,0.830808871340995));
#7524=CARTESIAN_POINT('',(-0.133120181895365,2.74714845145282,0.884216106787495));
#7525=CARTESIAN_POINT('',(-0.0111021604378307,2.79072699204268,0.937623342233997));
#7526=CARTESIAN_POINT('',(-0.376951606548416,2.65932339294304,0.777731635063498));
#7527=CARTESIAN_POINT('',(-0.254828177647715,2.70261759435048,0.831158044633556));
#7528=CARTESIAN_POINT('',(-0.132704748747009,2.74591179575792,0.884584454203612));
#7529=CARTESIAN_POINT('',(-0.0105813198463031,2.78920599716536,0.938010863773669));
#7530=CARTESIAN_POINT('',(-0.376747522896855,2.6586534799018,0.778057650043617));
#7531=CARTESIAN_POINT('',(-0.254519789978059,2.70166358934989,0.83150471221083));
#7532=CARTESIAN_POINT('',(-0.132292057059263,2.744673698798,0.884951774378041));
#7533=CARTESIAN_POINT('',(-0.0100643241404622,2.78768380824609,0.93839883654525));
#7534=CARTESIAN_POINT('',(-0.376578499290798,2.6580944272602,0.778328343965114));
#7535=CARTESIAN_POINT('',(-0.254264553378676,2.70086772311672,0.831792725534722));
#7536=CARTESIAN_POINT('',(-0.131950607466556,2.74364101897324,0.88525710710433));
#7537=CARTESIAN_POINT('',(-0.00963666155443373,2.78641431482975,0.938721488673936));
#7538=CARTESIAN_POINT('',(-0.376461047283241,2.65770310592213,0.778518538302765));
#7539=CARTESIAN_POINT('',(-0.254087011900161,2.70031045029772,0.831994510971857));
#7540=CARTESIAN_POINT('',(-0.131712976517082,2.7429177946733,0.885470483640948));
#7541=CARTESIAN_POINT('',(-0.00933894113400689,2.78552513904887,0.938946456310045));
#7542=CARTESIAN_POINT('',(-0.376402506444729,2.65750741477456,0.778613498912885));
#7543=CARTESIAN_POINT('',(-0.253998486344491,2.70003170124751,0.832095860723085));
#7544=CARTESIAN_POINT('',(-0.131594466244252,2.74255598772043,0.885578222533285));
#7545=CARTESIAN_POINT('',(-0.00919044614401389,2.78508027419335,0.93906058434349));
#7546=CARTESIAN_POINT('',(-0.376373273135251,2.65740953371237,0.778661219314113));
#7547=CARTESIAN_POINT('',(-0.253954310336094,2.69989237597368,0.832145888389484));
#7548=CARTESIAN_POINT('',(-0.131535347536934,2.74237521823497,0.885630557464856));
#7549=CARTESIAN_POINT('',(-0.00911638473777284,2.78485806049627,0.93911522654023));
#7550=CARTESIAN_POINT('',(-0.376356591027246,2.65735362814919,0.778688075270643));
#7551=CARTESIAN_POINT('',(-0.253929058275498,2.69981267397416,0.832175627185734));
#7552=CARTESIAN_POINT('',(-0.131501525523751,2.74227171979912,0.88566317910083));
#7553=CARTESIAN_POINT('',(-0.00907399277200329,2.78473076562408,0.939150731015925));
#7554=CARTESIAN_POINT('',(-0.376339990779247,2.65729794143592,0.778716960836881));
#7555=CARTESIAN_POINT('',(-0.253903615116856,2.69973235506327,0.832199735373774));
#7556=CARTESIAN_POINT('',(-0.131467239454469,2.74216676869061,0.885682509910672));
#7557=CARTESIAN_POINT('',(-0.00903086379208203,2.78460118231795,0.939165284447569));
#7558=CARTESIAN_POINT('',(-0.37631934455356,2.65722859473276,0.778755553543655));
#7559=CARTESIAN_POINT('',(-0.253871590003214,2.6996312123913,0.832222976922762));
#7560=CARTESIAN_POINT('',(-0.131423835452871,2.74203383004983,0.885690400301868));
#7561=CARTESIAN_POINT('',(-0.00897608090253001,2.78443644770835,0.939157823680979));
#7562=CARTESIAN_POINT('',(-0.376286321852023,2.6571175640144,0.778816973790268));
#7563=CARTESIAN_POINT('',(-0.253820463147579,2.69946955759368,0.83226108867602));
#7564=CARTESIAN_POINT('',(-0.131354604443138,2.74182155117296,0.885705203561769));
#7565=CARTESIAN_POINT('',(-0.0088887457386977,2.78417354475222,0.939149318447525));
#7566=CARTESIAN_POINT('',(-0.376228583913035,2.65692312732911,0.778923918464174));
#7567=CARTESIAN_POINT('',(-0.253731226899104,2.69918693236656,0.832329323294202));
#7568=CARTESIAN_POINT('',(-0.131233869885173,2.741450737404,0.885734728124231));
#7569=CARTESIAN_POINT('',(-0.00873651287124264,2.78371454244142,0.939140132954259));
#7570=CARTESIAN_POINT('',(-0.376113493048644,2.65653425467999,0.779138208488727));
#7571=CARTESIAN_POINT('',(-0.253553203538724,2.69862128690847,0.832464830357891));
#7572=CARTESIAN_POINT('',(-0.130992914028801,2.74070831913692,0.885791452227058));
#7573=CARTESIAN_POINT('',(-0.00843262451888137,2.78279535136538,0.939118074096226));
#7574=CARTESIAN_POINT('',(-0.375754014590088,2.65531153870598,0.779811431565287));
#7575=CARTESIAN_POINT('',(-0.252997035112417,2.69684259081608,0.832892356558603));
#7576=CARTESIAN_POINT('',(-0.130240055634749,2.73837364292616,0.885973281551922));
#7577=CARTESIAN_POINT('',(-0.00748307615707872,2.77990469503624,0.939054206545238));
#7578=CARTESIAN_POINT('',(-0.374921956802226,2.65241725113113,0.781405153061515));
#7579=CARTESIAN_POINT('',(-0.251708685066374,2.69263079565416,0.833903030916472));
#7580=CARTESIAN_POINT('',(-0.128495413330521,2.73284434017717,0.886400908771431));
#7581=CARTESIAN_POINT('',(-0.00528214159466546,2.77305788470019,0.93889878662639));
#7582=CARTESIAN_POINT('',(-0.373220395094579,2.64616133171969,0.784845461106931));
#7583=CARTESIAN_POINT('',(-0.249069341347202,2.68352067558168,0.836085256529732));
#7584=CARTESIAN_POINT('',(-0.124918287599822,2.72088001944367,0.887325051952536));
#7585=CARTESIAN_POINT('',(-0.000767233852438812,2.75823936330566,0.938564847375344));
#7586=CARTESIAN_POINT('',(-0.370179848075083,2.63356566894113,0.791750579782641));
#7587=CARTESIAN_POINT('',(-0.244334900142181,2.66515540893376,0.840466561451992));
#7588=CARTESIAN_POINT('',(-0.118489952209282,2.69674514892639,0.889182543121343));
#7589=CARTESIAN_POINT('',(0.00735499572361575,2.72833488891902,0.937898524790692));
#7590=CARTESIAN_POINT('',(-0.365551662513186,2.6080746719228,0.80560917997776));
#7591=CARTESIAN_POINT('',(-0.237058922218274,2.62791851799214,0.849258982532531));
#7592=CARTESIAN_POINT('',(-0.108566181923361,2.6477623640615,0.892908785087307));
#7593=CARTESIAN_POINT('',(0.0199265583715558,2.66760621013085,0.936558587642077));
#7594=CARTESIAN_POINT('',(-0.364114847297161,2.58587089106602,0.817501067652118));
#7595=CARTESIAN_POINT('',(-0.234646873659893,2.59541259810736,0.856803469582835));
#7596=CARTESIAN_POINT('',(-0.105178900022625,2.60495430514872,0.896105871513551));
#7597=CARTESIAN_POINT('',(0.024289073614639,2.61449601219007,0.935408273444268));
#7598=CARTESIAN_POINT('',(-0.364305332684822,2.57104960340224,0.825351655119256));
#7599=CARTESIAN_POINT('',(-0.234767715656328,2.57372995945005,0.861784098962493));
#7600=CARTESIAN_POINT('',(-0.105230098627835,2.57641031549785,0.898216542805728));
#7601=CARTESIAN_POINT('',(0.0243075184006543,2.57909067154565,0.934648986648961));
#7602=CARTESIAN_POINT('',(-0.393092262716991,2.76253719287916,1.83457085288006));
#7603=CARTESIAN_POINT('',(-0.393089655769704,2.76253919887624,1.65638056876196));
#7604=CARTESIAN_POINT('',(-0.393091930994285,2.7625374980527,1.47819028453069));
#7605=CARTESIAN_POINT('',(-0.393099127803274,2.76253214289913,1.30000000060803));
#7606=CARTESIAN_POINT('',(-0.393093467154798,2.76253634586293,1.3000000002871));
#7607=CARTESIAN_POINT('',(-0.346187452277185,2.67222796090855,1.29999989802228));
#7608=CARTESIAN_POINT('',(-0.356882949775514,2.70457135357417,1.3000077112255));
#7609=CARTESIAN_POINT('',(-0.372782365846456,2.73518770754792,1.30000382812571));
#7610=CARTESIAN_POINT('',(-0.393087805783218,2.76254054782508,1.30000000036202));
#7611=CARTESIAN_POINT('',(-0.346178291691199,2.67223097713954,1.30000024457458));
#7612=CARTESIAN_POINT('',(-0.345235284177339,2.67276308057958,1.8099959457593));
#7613=CARTESIAN_POINT('',(-0.345550686007333,2.67258532766668,1.63999738132027));
#7614=CARTESIAN_POINT('',(-0.345870631278239,2.67240611850212,1.46999882683346));
#7615=CARTESIAN_POINT('',(-0.34619510600678,2.67222541016044,1.30000028258561));
#7616=CARTESIAN_POINT('',(-0.648952478342915,2.56912813344069,1.72864623598472));
#7617=CARTESIAN_POINT('',(-0.258516987777778,2.77343912773417,0.925));
#7618=CARTESIAN_POINT('',(-0.289999999999969,2.5783807899954,1.675));
#7619=CARTESIAN_POINT('',(0.310000000000032,11.37,2.6110984902056));
#7620=CARTESIAN_POINT('',(-0.62500289873086,21.7200000000009,0.395));
#7621=CARTESIAN_POINT('',(-0.62500289873086,25.2200000000009,0.395));
#7622=CARTESIAN_POINT('',(-0.625002898658098,21.6895666186769,-0.18));
#7623=CARTESIAN_POINT('',(-0.668869972194718,21.7038219805671,-0.180000000005551));
#7624=CARTESIAN_POINT('',(-0.715321547914217,21.7113523931584,-0.174717537380035));
#7625=CARTESIAN_POINT('',(-0.759978400545544,21.7154760680496,-0.163933461075533));
#7626=CARTESIAN_POINT('',(-0.797061632873042,21.7189003844764,-0.15497832018509));
#7627=CARTESIAN_POINT('',(-0.83363648257194,21.7200000000008,-0.142181639955091));
#7628=CARTESIAN_POINT('',(-0.868340085504349,21.7200000000009,-0.125972181150936));
#7629=CARTESIAN_POINT('',(-0.868340085504349,21.7200000000009,-0.125972181150936));
#7630=CARTESIAN_POINT('',(-0.62500289873086,21.7200000000009,0.395));
#7631=CARTESIAN_POINT('',(-1.19669017969464,21.7200000000009,0.433418639212457));
#7632=CARTESIAN_POINT('',(-0.62500289873086,21.7200000000009,0.395));
#7633=CARTESIAN_POINT('',(-0.62500289873086,25.2200000000009,0.395));
#7634=CARTESIAN_POINT('',(-0.781596657627337,21.7199372097304,0.948164688526162));
#7635=CARTESIAN_POINT('',(-0.775250977245793,21.6718748161034,0.933778765102448));
#7636=CARTESIAN_POINT('',(-0.770495300219544,21.6278646808611,0.906690419198014));
#7637=CARTESIAN_POINT('',(-0.764814835556929,21.588649506713,0.867734279687616));
#7638=CARTESIAN_POINT('',(-0.764796673069979,21.5886461036889,0.867740353777064));
#7639=CARTESIAN_POINT('',(-0.764816650068524,21.5886458773606,0.867737671954845));
#7640=CARTESIAN_POINT('',(-0.760838032190684,21.5611276903417,0.840423146742736));
#7641=CARTESIAN_POINT('',(-0.760623117091366,21.5294330538927,0.815939060277366));
#7642=CARTESIAN_POINT('',(-0.765666708373394,21.4963673314536,0.795929475295338));
#7643=CARTESIAN_POINT('',(-0.770720775059457,21.4632329323945,0.775878330941119));
#7644=CARTESIAN_POINT('',(-0.781281166184324,21.4278912652102,0.759816380901787));
#7645=CARTESIAN_POINT('',(-0.796874571886582,21.3940448224351,0.748122605161146));
#7646=CARTESIAN_POINT('',(-0.813658989257867,21.357613215837,0.735535668322281));
#7647=CARTESIAN_POINT('',(-0.836622828295481,21.321979889033,0.727553547729212));
#7648=CARTESIAN_POINT('',(-0.863435463367066,21.2899459892511,0.72282898742372));
#7649=CARTESIAN_POINT('',(-2.62293435552465,21.7200000000069,4.458510706491));
#7650=CARTESIAN_POINT('',(-1.36000702496613,21.7000510103869,0.670980462829083));
#7651=CARTESIAN_POINT('',(1.17274509050507,21.7200000000009,1.85407112869697));
#7652=CARTESIAN_POINT('',(-0.868340085504349,21.7200000000009,-0.125972181150936));
#7653=CARTESIAN_POINT('',(-0.939150272153942,21.7200000000009,-0.0583321004505988));
#7654=CARTESIAN_POINT('',(-1.00147576581622,21.7200000000009,0.0192537368290462));
#7655=CARTESIAN_POINT('',(-1.05290767834835,21.7200000000009,0.102584531999777));
#7656=CARTESIAN_POINT('',(-1.11511811180304,21.7200000000009,0.20337885662182));
#7657=CARTESIAN_POINT('',(-1.16277243214058,21.7200000000009,0.314295507910453));
#7658=CARTESIAN_POINT('',(-1.19503074836465,21.7200000000009,0.428264955312036));
#7659=CARTESIAN_POINT('',(0.624997101269141,21.7200000000009,0.395));
#7660=CARTESIAN_POINT('',(-1.09247757779297,21.4342656852579,0.719366263627565));
#7661=CARTESIAN_POINT('',(-1.06752228384136,21.4342771860345,0.64094902873942));
#7662=CARTESIAN_POINT('',(-1.04265966967002,21.4343477454327,0.562502308346523));
#7663=CARTESIAN_POINT('',(-1.0178906364122,21.4344759470095,0.484026145648475));
#7664=CARTESIAN_POINT('',(-1.09701775596975,21.4371588376812,0.71792183361602));
#7665=CARTESIAN_POINT('',(-1.2116375646914,21.2432827520556,0.680423820166058));
#7666=CARTESIAN_POINT('',(-1.18103546421435,21.2848316764348,0.681692030453813));
#7667=CARTESIAN_POINT('',(-1.15251284122797,21.3283666331263,0.688487654879536));
#7668=CARTESIAN_POINT('',(-1.12771778973105,21.3716820582173,0.701655395705486));
#7669=CARTESIAN_POINT('',(-1.12808722242945,21.3718923663453,0.701659232172863));
#7670=CARTESIAN_POINT('',(-1.1277596786265,21.3716726324105,0.701765263142005));
#7671=CARTESIAN_POINT('',(-1.11578109456156,21.3923932824063,0.707702386785042));
#7672=CARTESIAN_POINT('',(-1.10401926342166,21.4132593417512,0.713569344192947));
#7673=CARTESIAN_POINT('',(-1.09247757779297,21.4342656852579,0.719366263627565));
#7674=CARTESIAN_POINT('',(-3.67219120099781,23.0820018258113,0.034642671992577));
#7675=CARTESIAN_POINT('',(-0.659547683871186,20.82,1.45776961367857));
#7676=CARTESIAN_POINT('',(-1.49556279945874,20.82,1.098138184368));
#7677=CARTESIAN_POINT('',(-1.4955627994535,20.82,1.09813818436978));
#7678=CARTESIAN_POINT('',(-1.47862461152017,20.8199999999999,1.04838915986387));
#7679=CARTESIAN_POINT('',(-1.4615640284933,20.82907904603,0.997916206398982));
#7680=CARTESIAN_POINT('',(-1.44507497217777,20.8464669870519,0.951144011896311));
#7681=CARTESIAN_POINT('',(-1.4411405198058,20.8506159222298,0.939983702410924));
#7682=CARTESIAN_POINT('',(-1.43721551746179,20.8552414443304,0.928985939113058));
#7683=CARTESIAN_POINT('',(-1.43329834676709,20.8603189318487,0.918209994577293));
#7684=CARTESIAN_POINT('',(-0.624687267126241,20.8195018635758,1.3553807886712));
#7685=CARTESIAN_POINT('',(-0.764796673061656,21.5886461036556,0.867740353777923));
#7686=CARTESIAN_POINT('',(-0.766759998298329,21.5881362921431,0.866984165930974));
#7687=CARTESIAN_POINT('',(-0.768712070412783,21.5876065411677,0.866211691550882));
#7688=CARTESIAN_POINT('',(-0.770652063245434,21.5870570229809,0.865423763004154));
#7689=CARTESIAN_POINT('',(-0.79188604132489,21.5810423321345,0.856799577796971));
#7690=CARTESIAN_POINT('',(-0.811772808468799,21.5725347452102,0.846192342778885));
#7691=CARTESIAN_POINT('',(-0.829805840949971,21.5620424171967,0.83496043760057));
#7692=CARTESIAN_POINT('',(-0.877232223641854,21.534447881213,0.805420833881569));
#7693=CARTESIAN_POINT('',(-0.912527072033071,21.4915147266627,0.77299475170423));
#7694=CARTESIAN_POINT('',(-0.957585120309693,21.4546587945975,0.750752428615732));
#7695=CARTESIAN_POINT('',(-0.981275316708639,21.4352810296368,0.739058069394924));
#7696=CARTESIAN_POINT('',(-1.00787615105679,21.4176851192856,0.729506030667995));
#7697=CARTESIAN_POINT('',(-1.03647096848901,21.403765335493,0.72162838805968));
#7698=CARTESIAN_POINT('',(-1.06528229889345,21.389740154498,0.713691097865946));
#7699=CARTESIAN_POINT('',(-1.09635629702036,21.3790887641449,0.707241280957222));
#7700=CARTESIAN_POINT('',(-1.1280872224302,21.3718923663482,0.701659232173444));
#7701=CARTESIAN_POINT('',(-1.33791948772588,20.82,1.11749685068177));
#7702=CARTESIAN_POINT('',(-1.18038939145486,20.82,1.13684161408825));
#7703=CARTESIAN_POINT('',(-1.14722570325828,20.82,1.06563631746913));
#7704=CARTESIAN_POINT('',(-1.15639096640787,20.82,1.08909351934526));
#7705=CARTESIAN_POINT('',(-1.16698719610137,20.82,1.11199151069389));
#7706=CARTESIAN_POINT('',(-1.17893589237218,20.82,1.13416065650257));
#7707=CARTESIAN_POINT('',(-1.21730058525041,21.27,1.13230890365432));
#7708=CARTESIAN_POINT('',(-2.01749999999997,20.82,1.3));
#7709=CARTESIAN_POINT('',(-2.01749999999997,20.82,1.14));
#7710=CARTESIAN_POINT('',(-2.01749999999997,20.82,1.46));
#7711=CARTESIAN_POINT('',(-2.01749999999997,20.82,1.14));
#7712=CARTESIAN_POINT('',(-2.01749999999997,19.37,1.14));
#7713=CARTESIAN_POINT('',(-2.01749999999997,19.37,-0.185000000000003));
#7714=CARTESIAN_POINT('',(-2.01749999999997,19.37,1.46));
#7715=CARTESIAN_POINT('',(-2.01749999999997,20.095,1.46));
#7716=CARTESIAN_POINT('',(-2.01749999999997,20.82,1.3));
#7717=CARTESIAN_POINT('',(-2.01749999999996,19.37,1.46));
#7718=CARTESIAN_POINT('',(-1.91990337352363,19.37,1.46));
#7719=CARTESIAN_POINT('',(-1.82230674704729,19.37,1.46));
#7720=CARTESIAN_POINT('',(-1.72471012057096,19.37,1.46));
#7721=CARTESIAN_POINT('',(-1.72471012057096,19.37,1.46));
#7722=CARTESIAN_POINT('',(-1.72471012057096,19.37,1.46));
#7723=CARTESIAN_POINT('',(-1.72471012057096,20.82,1.46));
#7724=CARTESIAN_POINT('',(-1.61532322085588,20.82,1.46));
#7725=CARTESIAN_POINT('',(1.47635530953768,19.37,1.46));
#7726=CARTESIAN_POINT('',(-1.61532322085588,20.82,1.14));
#7727=CARTESIAN_POINT('',(-1.72471012057096,20.82,1.14));
#7728=CARTESIAN_POINT('',(-1.72471012057096,19.37,1.14));
#7729=CARTESIAN_POINT('',(-1.72471012057096,19.37,1.14));
#7730=CARTESIAN_POINT('',(-1.72471012057096,19.37,1.14));
#7731=CARTESIAN_POINT('',(-1.8223067470473,19.37,1.14));
#7732=CARTESIAN_POINT('',(-1.91990337352364,19.37,1.14));
#7733=CARTESIAN_POINT('',(-2.01749999999998,19.37,1.14));
#7734=CARTESIAN_POINT('',(2.01750000000003,20.82,1.14));
#7735=CARTESIAN_POINT('',(-1.72471012057096,20.82,0.84));
#7736=CARTESIAN_POINT('',(-1.72471012057096,20.82,0.84));
#7737=CARTESIAN_POINT('',(-1.61532322085588,20.82,9.3560196013092));
#7738=CARTESIAN_POINT('',(-1.30929997024499,19.37,1.29993901571093));
#7739=CARTESIAN_POINT('',(-1.40360462358136,19.37,1.2346627348868));
#7740=CARTESIAN_POINT('',(-1.49959505789427,19.37,1.17175719889537));
#7741=CARTESIAN_POINT('',(-1.59708647358056,19.37,1.11134375381394));
#7742=CARTESIAN_POINT('',(-1.72471012057096,19.37,0.84));
#7743=CARTESIAN_POINT('',(-1.72471012057096,19.37,0.84));
#7744=CARTESIAN_POINT('',(-2.2287212247121,19.37,3.41388639202386));
#7745=CARTESIAN_POINT('',(-1.72471012057096,19.37,0.84));
#7746=CARTESIAN_POINT('',(-2.10000000000251,16.585392926615,1.74));
#7747=CARTESIAN_POINT('',(-2.10000000000251,16.5853929266068,1.55000000000443));
#7748=CARTESIAN_POINT('',(-2.10000000000251,16.5853929266068,1.04999999999557));
#7749=CARTESIAN_POINT('',(-2.10000000000437,16.5853929266062,1.55000000000443));
#7750=CARTESIAN_POINT('',(-1.93015596330272,16.645,1.55));
#7751=CARTESIAN_POINT('',(-1.93015596330272,16.645,1.74));
#7752=CARTESIAN_POINT('',(-1.93015596330272,16.645,1.05));
#7753=CARTESIAN_POINT('',(-2.10000000000437,16.5853929266062,1.04999999999557));
#7754=CARTESIAN_POINT('',(-2.09999999999996,16.5853929266077,1.74));
#7755=CARTESIAN_POINT('',(-1.72471012057096,19.37,0.84));
#7756=CARTESIAN_POINT('',(-1.50421903633997,19.2505250519387,1.05369495302647));
#7757=CARTESIAN_POINT('',(-1.41901942317316,19.2622698763152,1.10454621884975));
#7758=CARTESIAN_POINT('',(-1.33604500584464,19.2751840004557,1.15919054703868));
#7759=CARTESIAN_POINT('',(-1.25567728734882,19.2867259603381,1.21715078457189));
#7760=CARTESIAN_POINT('',(-1.3025198457905,19.37,1.30463790602436));
#7761=CARTESIAN_POINT('',(-1.25501954341657,19.37,1.23618295746115));
#7762=CARTESIAN_POINT('',(-1.2464470129678,19.2880473176387,1.22382867545454));
#7763=CARTESIAN_POINT('',(-1.39959934343312,19.37,1.23727526851108));
#7764=CARTESIAN_POINT('',(-1.35206718647479,19.3700000000037,1.15344555747832));
#7765=CARTESIAN_POINT('',(-1.34343718138666,19.2742084761953,1.15343736710564));
#7766=CARTESIAN_POINT('',(-1.49841818840725,19.37,1.17244319832315));
#7767=CARTESIAN_POINT('',(-1.44606021754593,19.3699999999994,1.07277377842834));
#7768=CARTESIAN_POINT('',(-1.44421650197908,19.2582703864688,1.08802427016302));
#7769=CARTESIAN_POINT('',(-1.5989930669687,19.37,1.11016269101554));
#7770=CARTESIAN_POINT('',(-1.53074605260074,19.37,0.999952693480829));
#7771=CARTESIAN_POINT('',(-1.54806986689773,19.2446160114733,1.02792838661034));
#7772=CARTESIAN_POINT('',(-1.23076763607596,18.9788220039725,1.18387900843501));
#7773=CARTESIAN_POINT('',(-1.31759504160018,18.9678160719825,1.16276864693185));
#7774=CARTESIAN_POINT('',(-1.40534219203157,18.9565239223361,1.14532326385034));
#7775=CARTESIAN_POINT('',(-1.49341806526211,18.9466322521634,1.1308854532726));
#7776=CARTESIAN_POINT('',(-1.23490945766475,19.3231840058545,1.24080635870048));
#7777=CARTESIAN_POINT('',(-1.54153343604968,19.3231840058545,1.0086684452502));
#7778=CARTESIAN_POINT('',(-1.15696493522017,18.910174206647,1.18943264438793));
#7779=CARTESIAN_POINT('',(-1.53819700423491,18.910174206647,1.13325597116297));
#7780=CARTESIAN_POINT('',(-1.51379047200696,18.87,1.22598285347298));
#7781=CARTESIAN_POINT('',(-1.49903326920561,18.87,1.1487652716486));
#7782=CARTESIAN_POINT('',(-1.49554955501449,18.946393126543,1.13053661482075));
#7783=CARTESIAN_POINT('',(-1.39605571581327,18.87,1.24848336683381));
#7784=CARTESIAN_POINT('',(-1.37109560925924,18.8699999999996,1.16118319547839));
#7785=CARTESIAN_POINT('',(-1.37565765985147,18.9598288816212,1.15012630179229));
#7786=CARTESIAN_POINT('',(-1.27900892005438,18.87,1.27392080266123));
#7787=CARTESIAN_POINT('',(-1.24596730519454,18.8700000000004,1.17292412966263));
#7788=CARTESIAN_POINT('',(-1.25658779036471,18.9759191559777,1.17553712304704));
#7789=CARTESIAN_POINT('',(-1.16269309379376,18.87,1.30255552270803));
#7790=CARTESIAN_POINT('',(-1.13334109274619,18.87,1.18332604490916));
#7791=CARTESIAN_POINT('',(-1.13928378870076,18.9902463060182,1.20746560984826));
#7792=CARTESIAN_POINT('',(-12.385,12.9758534823018,1.55000000027277));
#7793=CARTESIAN_POINT('',(-1.9957104873361,16.2732256818044,1.74));
#7794=CARTESIAN_POINT('',(-12.2760218272524,12.6653317317695,1.74));
#7795=CARTESIAN_POINT('',(-1.77360375024893,16.351174444882,1.74));
#7796=CARTESIAN_POINT('',(-1.6225633800165,16.0676938107659,1.92331053764345));
#7797=CARTESIAN_POINT('',(-2.09999999999996,16.5853929266077,1.55000000000443));
#7798=CARTESIAN_POINT('',(-1.57337124350701,15.9753673815486,1.74));
#7799=CARTESIAN_POINT('',(-1.57337124350701,15.9753673815486,1.74));
#7800=CARTESIAN_POINT('',(-1.57337124350701,15.9753673815486,1.74));
#7801=CARTESIAN_POINT('',(-1.57337124350701,15.9753673815486,0.86));
#7802=CARTESIAN_POINT('',(-1.57337124350701,15.9753673815486,0.86));
#7803=CARTESIAN_POINT('',(-1.77360375024893,16.351174444882,0.86));
#7804=CARTESIAN_POINT('',(-1.6225633800165,16.0676938107659,0.676689462356552));
#7805=CARTESIAN_POINT('',(-1.57337124350701,15.9753673815486,1.74));
#7806=CARTESIAN_POINT('',(-12.385,12.9758534823018,1.04999999972724));
#7807=CARTESIAN_POINT('',(-1.9957104873361,16.2732256818044,0.86));
#7808=CARTESIAN_POINT('',(-12.2760218272524,12.6653317317695,0.86));
#7809=CARTESIAN_POINT('',(-2.09999999999996,16.5853929266077,1.04999999999557));
#7810=CARTESIAN_POINT('',(-1.4904342365399,13.32,1.3));
#7811=CARTESIAN_POINT('',(-1.4904342365399,13.32,1.74000000000008));
#7812=CARTESIAN_POINT('',(-1.4904342365399,13.32,0.859999999999928));
#7813=CARTESIAN_POINT('',(-1.99571048733611,16.2732256818045,1.73999999999706));
#7814=CARTESIAN_POINT('',(-1.69197477648156,15.3160542257081,1.739999999998));
#7815=CARTESIAN_POINT('',(-1.52216749797525,14.3229687270347,1.73999999999904));
#7816=CARTESIAN_POINT('',(-1.4904342365399,13.32,1.74000000000016));
#7817=CARTESIAN_POINT('',(-1.99571048733613,16.2732256818044,0.86));
#7818=CARTESIAN_POINT('',(-1.69262934626351,15.3182841314065,0.86));
#7819=CARTESIAN_POINT('',(-1.52206679512577,14.3213845035686,0.86));
#7820=CARTESIAN_POINT('',(-1.49043423653993,13.3199999999999,0.86));
#7821=CARTESIAN_POINT('',(-12.385,12.9758534823018,1.74));
#7822=CARTESIAN_POINT('',(-1.4644722709313,13.1399999999996,1.74000000000034));
#7823=CARTESIAN_POINT('',(-1.4490874024225,13.1399999999996,1.74000000000033));
#7824=CARTESIAN_POINT('',(-1.4337025339137,13.1399999999996,1.74000000000033));
#7825=CARTESIAN_POINT('',(-1.41831766540491,13.1399999999996,1.74000000000032));
#7826=CARTESIAN_POINT('',(-1.4644722709313,13.1399999999996,1.74000000000026));
#7827=CARTESIAN_POINT('',(-1.57337124350704,15.9753673815486,1.74));
#7828=CARTESIAN_POINT('',(-1.51567799985532,15.7674143754708,1.74));
#7829=CARTESIAN_POINT('',(-1.4639861449019,15.557796421225,1.74));
#7830=CARTESIAN_POINT('',(-1.41838169201174,15.3468623154564,1.74));
#7831=CARTESIAN_POINT('',(-1.46447227093129,13.1399999999996,1.74000000000019));
#7832=CARTESIAN_POINT('',(-1.4904342365399,13.32,1.74));
#7833=CARTESIAN_POINT('',(-1.12449684405667,13.07,1.74000000000026));
#7834=CARTESIAN_POINT('',(-1.57337124350701,15.9753673815486,0.860000000002817));
#7835=CARTESIAN_POINT('',(-1.51552070019363,15.7668077090272,0.860000000002609));
#7836=CARTESIAN_POINT('',(-1.46381479540929,15.5573152634853,0.860000000002397));
#7837=CARTESIAN_POINT('',(-1.418253529154,15.3468900449229,0.86000000000218));
#7838=CARTESIAN_POINT('',(-12.385,12.9758534823018,1.74));
#7839=CARTESIAN_POINT('',(-1.4644722709313,13.1399999999996,0.859999999999662));
#7840=CARTESIAN_POINT('',(-1.449087402423,13.1399999999996,0.859999999999669));
#7841=CARTESIAN_POINT('',(-1.43370253391471,13.1399999999996,0.859999999999676));
#7842=CARTESIAN_POINT('',(-1.41831766540642,13.1399999999996,0.859999999999683));
#7843=CARTESIAN_POINT('',(-1.4644722709313,13.1399999999996,0.859999999999738));
#7844=CARTESIAN_POINT('',(-1.46447227093129,13.1399999999996,0.859999999999647));
#7845=CARTESIAN_POINT('',(-1.47312625946749,13.1999999999997,0.859999999999711));
#7846=CARTESIAN_POINT('',(-1.4817802480037,13.2599999999998,0.859999999999775));
#7847=CARTESIAN_POINT('',(-1.4904342365399,13.32,0.859999999999839));
#7848=CARTESIAN_POINT('',(-1.12449684405667,13.07,0.859999999999738));
#7849=CARTESIAN_POINT('',(-1.27585400987243,12.8200000216991,0.540117844959481));
#7850=CARTESIAN_POINT('',(-1.37801787342759,12.8200631895238,0.711645779291564));
#7851=CARTESIAN_POINT('',(-1.44089062711388,12.9765032928886,0.859999999999488));
#7852=CARTESIAN_POINT('',(-1.46447227093126,13.1399999999996,0.859999999999662));
#7853=CARTESIAN_POINT('',(-1.27472230030609,12.82,0.539999999999779));
#7854=CARTESIAN_POINT('',(-1.27472230030623,12.82,0.85999999999943));
#7855=CARTESIAN_POINT('',(-1.27472230030623,13.1399999999996,0.859999999999793));
#7856=CARTESIAN_POINT('',(-1.33834952703873,12.82,0.539999999997285));
#7857=CARTESIAN_POINT('',(-1.33834952703888,12.8200000000013,0.859999999995533));
#7858=CARTESIAN_POINT('',(-1.33834952703888,13.1399999999993,0.859999999999764));
#7859=CARTESIAN_POINT('',(-1.40197675376674,12.82,0.539999999997624));
#7860=CARTESIAN_POINT('',(-1.40197675376688,12.8199999999992,0.859999999998063));
#7861=CARTESIAN_POINT('',(-1.40197675376688,13.1399999999998,0.859999999999671));
#7862=CARTESIAN_POINT('',(-1.46560398049751,12.82,0.539999999999663));
#7863=CARTESIAN_POINT('',(-1.46560398049766,12.82,0.859999999999281));
#7864=CARTESIAN_POINT('',(-1.46560398049765,13.1399999999996,0.859999999999642));
#7865=CARTESIAN_POINT('',(-1.4076432588771,12.8225623548957,0.862114426210202));
#7866=CARTESIAN_POINT('',(-1.43057320943542,12.9275018874371,0.860483665674264));
#7867=CARTESIAN_POINT('',(-1.45334834574897,13.0324757232855,0.858883499426277));
#7868=CARTESIAN_POINT('',(-1.47596966348947,13.1374832299126,0.857319198244109));
#7869=CARTESIAN_POINT('',(-0.627248617465559,13.2168840073705,1.04201506453017));
#7870=CARTESIAN_POINT('',(-1.41840377176191,12.8205969942521,1.74000000000054));
#7871=CARTESIAN_POINT('',(-1.46447227093129,13.1399999999996,1.74000000000019));
#7872=CARTESIAN_POINT('',(-1.41831766540501,12.82,0.860000000000539));
#7873=CARTESIAN_POINT('',(-1.4904342365399,13.32,0.86));
#7874=CARTESIAN_POINT('',(-1.554817410647,12.82,1.30000000000054));
#7875=CARTESIAN_POINT('',(-1.4904342365399,13.32,1.3));
#7876=CARTESIAN_POINT('',(-1.41831766540501,12.82,1.74000000000054));
#7877=CARTESIAN_POINT('',(-1.4904342365399,13.32,1.74));
#7878=CARTESIAN_POINT('',(-1.27313688376655,12.8204965660611,2.05813202208689));
#7879=CARTESIAN_POINT('',(-1.38139161888463,12.8188266409682,1.89793468876447));
#7880=CARTESIAN_POINT('',(-1.43673616923853,12.955138514064,1.73975748169243));
#7881=CARTESIAN_POINT('',(-1.47596966348938,13.1374832299126,1.74268080175626));
#7882=CARTESIAN_POINT('',(-0.627248617465443,13.2168840073706,1.55798493546977));
#7883=CARTESIAN_POINT('',(-1.27472230030401,13.1399999999996,1.74000000000025));
#7884=CARTESIAN_POINT('',(-1.274722300304,12.82,1.74000000000062));
#7885=CARTESIAN_POINT('',(-1.27472230030385,12.82,2.06000000000028));
#7886=CARTESIAN_POINT('',(-1.33834952703744,13.1399999999998,1.74000000000028));
#7887=CARTESIAN_POINT('',(-1.33834952703745,12.8200000000045,1.74000000000321));
#7888=CARTESIAN_POINT('',(-1.3383495270373,12.82,2.05999999999831));
#7889=CARTESIAN_POINT('',(-1.40197675376614,13.1399999999999,1.74000000000029));
#7890=CARTESIAN_POINT('',(-1.40197675376613,12.8200000000024,1.74000000000657));
#7891=CARTESIAN_POINT('',(-1.40197675376598,12.82,2.06000000000423));
#7892=CARTESIAN_POINT('',(-1.46560398049766,13.1399999999996,1.74000000000032));
#7893=CARTESIAN_POINT('',(-1.46560398049766,12.82,1.74000000000068));
#7894=CARTESIAN_POINT('',(-1.46560398049751,12.82,2.06000000000033));
#7895=CARTESIAN_POINT('',(-0.330000000000023,2.57175947116491,1.29999974936782));
#7896=CARTESIAN_POINT('',(-0.330000034056974,2.57175946028355,1.14499992699739));
#7897=CARTESIAN_POINT('',(-0.330000068113924,2.57175944940219,0.99000010462695));
#7898=CARTESIAN_POINT('',(-0.330000102170875,2.57175943852083,0.835000282256514));
#7899=CARTESIAN_POINT('',(-0.330006740075462,2.57175947287131,1.2999997493693));
#7900=CARTESIAN_POINT('',(-0.330013480197335,2.57175947457794,1.29999999872883));
#7901=CARTESIAN_POINT('',(-0.33000485556568,2.60582530360422,1.30000418378864));
#7902=CARTESIAN_POINT('',(-0.335486026619253,2.63988662650297,1.30000781360802));
#7903=CARTESIAN_POINT('',(-0.346181250699183,2.67222998625397,1.30000000051236));
#7904=CARTESIAN_POINT('',(-0.346181250699183,2.67222998625397,1.30000000051236));
#7905=CARTESIAN_POINT('',(-0.345866363327803,2.67240766196217,1.13033415659848));
#7906=CARTESIAN_POINT('',(-0.345555505181178,2.67258400529401,0.960668303811379));
#7907=CARTESIAN_POINT('',(-0.345248687988845,2.67275905225737,0.791002442379288));
#7908=CARTESIAN_POINT('',(-0.64974631038094,2.57248084790662,1.19942763994592));
#7909=CARTESIAN_POINT('',(-0.329999999999969,2.57175947116493,1.5325));
#7910=CARTESIAN_POINT('',(-0.649691171836945,2.57444917991892,1.70130829926941));
#7911=CARTESIAN_POINT('',(-0.400002174820224,5.50500000001403,1.30000081109177));
#7912=CARTESIAN_POINT('',(-1.29999999999997,5.50500000001404,1.3));
#7913=CARTESIAN_POINT('',(3.30000000000001,5.50499999999989,1.29999999999996));
#7914=CARTESIAN_POINT('',(-0.557374103069252,5.50500000001404,2.18613672733786));
#7915=CARTESIAN_POINT('',(-0.561446587056767,5.50500000001404,2.18540985071429));
#7916=CARTESIAN_POINT('',(-0.596191654987693,5.50500000001404,2.17899189382293));
#7917=CARTESIAN_POINT('',(-0.667158018484514,5.50500000001404,2.16156085543298));
#7918=CARTESIAN_POINT('',(-0.769385764486066,5.50500000001404,2.12342978975116));
#7919=CARTESIAN_POINT('',(-0.873098711061698,5.50500000001404,2.06866176260331));
#7920=CARTESIAN_POINT('',(-0.970233946515513,5.50500000001405,1.99971540817534));
#7921=CARTESIAN_POINT('',(-1.05797049824568,5.50500000001404,1.9179532963803));
#7922=CARTESIAN_POINT('',(-1.1339102278265,5.50500000001405,1.82545639547397));
#7923=CARTESIAN_POINT('',(-1.19629561823499,5.50500000001404,1.72485305166023));
#7924=CARTESIAN_POINT('',(-1.24413646723786,5.50500000001405,1.61907477246701));
#7925=CARTESIAN_POINT('',(-1.27723998553238,5.50500000001404,1.51109111455709));
#7926=CARTESIAN_POINT('',(-1.29613534951178,5.50500000001404,1.40367005487322));
#7927=CARTESIAN_POINT('',(-1.29999999999997,5.50500000001404,1.33401914026247));
#7928=CARTESIAN_POINT('',(-1.29999999999997,5.50500000001404,1.3));
#7929=CARTESIAN_POINT('',(-0.928683158271823,4.10660646207004,2.01337944940375));
#7930=CARTESIAN_POINT('',(-0.930723293532671,4.10593246552275,2.01207742535714));
#7931=CARTESIAN_POINT('',(-0.948095827498152,4.1001875026461,2.00088615398565));
#7932=CARTESIAN_POINT('',(-0.983579009246598,4.08845348835118,1.97597627949076));
#7933=CARTESIAN_POINT('',(-1.03469288224743,4.07155052511882,1.9334405789758));
#7934=CARTESIAN_POINT('',(-1.08654935553529,4.05440198970398,1.88142037827951));
#7935=CARTESIAN_POINT('',(-1.13511697326225,4.03834105343511,1.82231101394315));
#7936=CARTESIAN_POINT('',(-1.17898524912738,4.02383415324378,1.75679377092326));
#7937=CARTESIAN_POINT('',(-1.21695511391783,4.01127781206259,1.68590913334772));
#7938=CARTESIAN_POINT('',(-1.2481478091221,4.00096262854779,1.61097127431849));
#7939=CARTESIAN_POINT('',(-1.27206823362356,3.99305232881675,1.53344594759951));
#7940=CARTESIAN_POINT('',(-1.28861999277084,3.98757878983659,1.45481793152218));
#7941=CARTESIAN_POINT('',(-1.29806767476055,3.98445451433314,1.37647121455825));
#7942=CARTESIAN_POINT('',(-1.30000000000464,3.98381550929133,1.32522163250499));
#7943=CARTESIAN_POINT('',(-1.30000000000464,3.98381550929132,1.3));
#7944=CARTESIAN_POINT('',(-0.393089430894278,2.76253934295908,1.84061750000001));
#7945=CARTESIAN_POINT('',(-0.393089430894278,2.76253934295908,1.83874500000001));
#7946=CARTESIAN_POINT('',(-0.393089430894278,2.76253934295908,1.8227804141484));
#7947=CARTESIAN_POINT('',(-0.393089430894278,2.76253934295908,1.79039170354853));
#7948=CARTESIAN_POINT('',(-0.393089430894278,2.76253934295908,1.74345136820044));
#7949=CARTESIAN_POINT('',(-0.393089430894278,2.76253934295908,1.6941789939557));
#7950=CARTESIAN_POINT('',(-0.393089430894278,2.76253934295908,1.64490661971096));
#7951=CARTESIAN_POINT('',(-0.393089430894278,2.76253934295908,1.59563424546622));
#7952=CARTESIAN_POINT('',(-0.393089430894278,2.76253934295908,1.54636187122148));
#7953=CARTESIAN_POINT('',(-0.393089430894278,2.76253934295908,1.49708949697674));
#7954=CARTESIAN_POINT('',(-0.393089430894278,2.76253934295908,1.447817122732));
#7955=CARTESIAN_POINT('',(-0.393089430894278,2.76253934295908,1.39854474848726));
#7956=CARTESIAN_POINT('',(-0.393089430894278,2.76253934295908,1.34927237424326));
#7957=CARTESIAN_POINT('',(-0.393089430894278,2.76253934295908,1.31642412474751));
#7958=CARTESIAN_POINT('',(-0.393089430894278,2.76253934295908,1.3));
#7959=CARTESIAN_POINT('',(-0.393087806519648,2.76254054881709,1.2999999999647));
#7960=CARTESIAN_POINT('',(-0.3930902524588,2.76253863152809,1.1219274287824));
#7961=CARTESIAN_POINT('',(-0.393098331877083,2.76253253221325,0.943854857722504));
#7962=CARTESIAN_POINT('',(-0.39311199645066,2.76252218655091,0.765782287337892));
#7963=CARTESIAN_POINT('',(-0.649699973054418,2.5711357508662,1.19389490045584));
#7964=CARTESIAN_POINT('',(-0.520573931699557,8.63464209962379,2.19194807229745));
#7965=CARTESIAN_POINT('',(-0.541787824059614,8.62716406084614,2.17960067302693));
#7966=CARTESIAN_POINT('',(-0.587573341175259,8.61102436018987,2.15048929028419));
#7967=CARTESIAN_POINT('',(-0.656317559524225,8.5867915639718,2.0977471273711));
#7968=CARTESIAN_POINT('',(-0.725142776009195,8.56253021536969,2.03321832143727));
#7969=CARTESIAN_POINT('',(-0.789061998653294,8.53999826237129,1.95989453544162));
#7970=CARTESIAN_POINT('',(-0.846572675752804,8.51972536449003,1.87859892102588));
#7971=CARTESIAN_POINT('',(-0.89638434438155,8.50216641852844,1.79053815535693));
#7972=CARTESIAN_POINT('',(-0.937524977123123,8.48766407064447,1.69721542662882));
#7973=CARTESIAN_POINT('',(-0.969404214973716,8.4764264263309,1.60030610937288));
#7974=CARTESIAN_POINT('',(-0.991830738840335,8.46852092684612,1.5015222836201));
#7975=CARTESIAN_POINT('',(-1.00497941581977,8.4638859303703,1.40248933622041));
#7976=CARTESIAN_POINT('',(-1.00787729646235,8.46286440808432,1.33727247772069));
#7977=CARTESIAN_POINT('',(-1.00797488540487,8.46283000733013,1.30504909531349));
#7978=CARTESIAN_POINT('',(-1.00797488540487,8.46283000733014,1.30504909531349));
#7979=CARTESIAN_POINT('',(-1.05190283541674,9.90293929630472,2.21040790164624));
#7980=CARTESIAN_POINT('',(-1.14211377069946,9.83675918854686,2.12425928138887));
#7981=CARTESIAN_POINT('',(-1.13913544528397,9.83616387156589,2.12071604260191));
#7982=CARTESIAN_POINT('',(-1.23972803567646,9.78118723196576,1.98938931008656));
#7983=CARTESIAN_POINT('',(-1.31256783917156,9.74971323834657,1.86230320436403));
#7984=CARTESIAN_POINT('',(-1.37987422995008,9.7217499128256,1.71321027433323));
#7985=CARTESIAN_POINT('',(-1.43912854281675,9.68925379336601,1.54040698415597));
#7986=CARTESIAN_POINT('',(-1.43378390123739,9.67079800445981,1.30720808918035));
#7987=CARTESIAN_POINT('',(-1.4336621704722,9.67083892781497,1.30719216420345));
#7988=CARTESIAN_POINT('',(-1.01013069309921,8.46207727492799,1.30502281296968));
#7989=CARTESIAN_POINT('',(-1.15087733985925,8.86514749282975,1.3057339627348));
#7990=CARTESIAN_POINT('',(-1.29140982002406,9.26829249018162,1.30644772315748));
#7991=CARTESIAN_POINT('',(-1.43172810564958,9.6715120356434,1.30715606224748));
#7992=CARTESIAN_POINT('',(-0.962573103794645,9.96801516186303,2.29264933774169));
#7993=CARTESIAN_POINT('',(-0.968644297831,9.9658979516369,2.28783343898768));
#7994=CARTESIAN_POINT('',(-0.994384575950069,9.9569215328714,2.26741528523934));
#7995=CARTESIAN_POINT('',(-1.03979393809351,9.94108590555054,2.23139487663627));
#7996=CARTESIAN_POINT('',(-1.06697793687642,9.93160930766361,2.20889537623308));
#7997=CARTESIAN_POINT('',(-1.09835343218366,9.92067092650837,2.1816410648675));
#7998=CARTESIAN_POINT('',(-1.13746900595193,9.90703096251557,2.14529579758906));
#7999=CARTESIAN_POINT('',(-1.1933076193614,9.88755160803072,2.08569803740511));
#8000=CARTESIAN_POINT('',(-1.24860135200502,9.86825554842434,2.01658770926163));
#8001=CARTESIAN_POINT('',(-1.29958760275042,9.85045792447078,1.94120774498189));
#8002=CARTESIAN_POINT('',(-1.34530765645127,9.83449562020167,1.86012912306355));
#8003=CARTESIAN_POINT('',(-1.38492747181477,9.82066167746787,1.77414886756296));
#8004=CARTESIAN_POINT('',(-1.41779741377402,9.80918425440569,1.68424243064702));
#8005=CARTESIAN_POINT('',(-1.44348896188406,9.80021369857563,1.59149566728808));
#8006=CARTESIAN_POINT('',(-1.46180681774236,9.7938182903113,1.4970302748821));
#8007=CARTESIAN_POINT('',(-1.47277397757116,9.78998951387082,1.4019350538393));
#8008=CARTESIAN_POINT('',(-1.47532379970118,9.78909897280455,1.33879978557209));
#8009=CARTESIAN_POINT('',(-1.47546720259002,9.78904842231496,1.3074194374342));
#8010=CARTESIAN_POINT('',(-1.4754848719283,9.78904219375354,1.30355291848801));
#8011=CARTESIAN_POINT('',(-1.47550254126658,9.78903596519211,1.29968639954182));
#8012=CARTESIAN_POINT('',(-1.47552021060486,9.7890297366307,1.29581988059563));
#8013=CARTESIAN_POINT('',(-0.957924231034873,9.95754742755679,2.29235083960892));
#8014=CARTESIAN_POINT('',(-0.96399582340677,9.95542737071514,2.28755094882881));
#8015=CARTESIAN_POINT('',(-0.989737790369836,9.94643888304424,2.26720066469907));
#8016=CARTESIAN_POINT('',(-1.03515013192407,9.93058196454408,2.23129998721971));
#8017=CARTESIAN_POINT('',(-1.06237104934799,9.92108054251876,2.20884334291522));
#8018=CARTESIAN_POINT('',(-1.09379423903634,9.9101116579282,2.18163311763682));
#8019=CARTESIAN_POINT('',(-1.13297227743714,9.89643295241794,2.1453382424593));
#8020=CARTESIAN_POINT('',(-1.18890873608513,9.87689610220849,2.08579671443282));
#8021=CARTESIAN_POINT('',(-1.24430613475774,9.85754146057433,2.01672414749038));
#8022=CARTESIAN_POINT('',(-1.29539221465071,9.83968884166175,1.94136128794935));
#8023=CARTESIAN_POINT('',(-1.34120374848155,9.82367684732163,1.86028108592046));
#8024=CARTESIAN_POINT('',(-1.38090288026486,9.80979997898731,1.77428386596673));
#8025=CARTESIAN_POINT('',(-1.4138372545358,9.79828745442714,1.68434938860493));
#8026=CARTESIAN_POINT('',(-1.43957695594767,9.78929019773501,1.59156835851528));
#8027=CARTESIAN_POINT('',(-1.45792666997266,9.78287656247082,1.49706735434084));
#8028=CARTESIAN_POINT('',(-1.46891061322654,9.77903765180574,1.40193962797808));
#8029=CARTESIAN_POINT('',(-1.47146303666446,9.77814525438682,1.33878717113118));
#8030=CARTESIAN_POINT('',(-1.47160606117426,9.77809483728221,1.30739986015818));
#8031=CARTESIAN_POINT('',(-1.47162368389069,9.77808862515577,1.30353248328863));
#8032=CARTESIAN_POINT('',(-1.47164130660713,9.77808241302934,1.29966510641907));
#8033=CARTESIAN_POINT('',(-1.47165892932356,9.77807620090291,1.29579772954952));
#8034=CARTESIAN_POINT('',(-0.941075446045019,9.91960178744121,2.29127016769515));
#8035=CARTESIAN_POINT('',(-0.947148494982149,9.91747204434394,2.28652820802841));
#8036=CARTESIAN_POINT('',(-0.972896637401639,9.90844248947731,2.26642353669927));
#8037=CARTESIAN_POINT('',(-1.01831987330349,9.89251312284132,2.23095615370775));
#8038=CARTESIAN_POINT('',(-1.04567608289333,9.88292520306665,2.20865477821977));
#8039=CARTESIAN_POINT('',(-1.07727396995501,9.8718500788136,2.18160432821152));
#8040=CARTESIAN_POINT('',(-1.11668058370079,9.85803626889894,2.14549204491198));
#8041=CARTESIAN_POINT('',(-1.1729745511118,9.83829841175576,2.08615418031627));
#8042=CARTESIAN_POINT('',(-1.22875028380982,9.81873860318905,2.01721830459408));
#8043=CARTESIAN_POINT('',(-1.28020038965631,9.80069316889733,1.94191729946454));
#8044=CARTESIAN_POINT('',(-1.32634531571897,9.7845068708674,1.86083129401267));
#8045=CARTESIAN_POINT('',(-1.36633341467329,9.7704794375239,1.77477259030876));
#8046=CARTESIAN_POINT('',(-1.39950250564303,9.75884387015571,1.68473656113324));
#8047=CARTESIAN_POINT('',(-1.42541764575078,9.74975313451566,1.59183147040082));
#8048=CARTESIAN_POINT('',(-1.44388347973938,9.74327581293734,1.49720156044791));
#8049=CARTESIAN_POINT('',(-1.45492865311434,9.73940160321199,1.40195618571447));
#8050=CARTESIAN_POINT('',(-1.45749059942069,9.73850279463859,1.33874151837814));
#8051=CARTESIAN_POINT('',(-1.45763225453406,9.73845286026482,1.30732900829335));
#8052=CARTESIAN_POINT('',(-1.45764970852078,9.7384467076179,1.30345852652379));
#8053=CARTESIAN_POINT('',(-1.4576671625075,9.73844055497098,1.29958804475423));
#8054=CARTESIAN_POINT('',(-1.45768461649423,9.73843440232406,1.29571756298466));
#8055=CARTESIAN_POINT('',(-0.75100841787859,9.49125291212255,2.27913749072733));
#8056=CARTESIAN_POINT('',(-0.757098414669901,9.48903793510129,2.27504469439498));
#8057=CARTESIAN_POINT('',(-0.782918411567708,9.47964701064315,2.25769230617121));
#8058=CARTESIAN_POINT('',(-0.828468408572011,9.46308013874812,2.22708032605601));
#8059=CARTESIAN_POINT('',(-0.857489840165727,9.45283707840657,2.20652920830287));
#8060=CARTESIAN_POINT('',(-0.891230720949284,9.44096697708093,2.18128034219827));
#8061=CARTESIAN_POINT('',(-0.93342013168287,9.42612389330761,2.14722288012298));
#8062=CARTESIAN_POINT('',(-0.994015639509941,9.40480325541714,2.09016972877679));
#8063=CARTESIAN_POINT('',(-1.05430142204536,9.38358996064574,2.02276068568108));
#8064=CARTESIAN_POINT('',(-1.11006202214916,9.36396784412101,1.94814490788909));
#8065=CARTESIAN_POINT('',(-1.16013665783064,9.34634591881359,1.86698657089536));
#8066=CARTESIAN_POINT('',(-1.20352158487694,9.33107785886135,1.78023450236589));
#8067=CARTESIAN_POINT('',(-1.23944719147626,9.31843482509876,1.68905995050618));
#8068=CARTESIAN_POINT('',(-1.26742460855628,9.30858903629126,1.59476764258339));
#8069=CARTESIAN_POINT('',(-1.28725981319801,9.3016087990308,1.498698570518));
#8070=CARTESIAN_POINT('',(-1.29903206742535,9.29746610936732,1.40214090953806));
#8071=CARTESIAN_POINT('',(-1.30171002306083,9.29652369442813,1.3382325298789));
#8072=CARTESIAN_POINT('',(-1.30183641026854,9.29647914209305,1.30653907135039));
#8073=CARTESIAN_POINT('',(-1.30185198302544,9.2964736525922,1.30263397261369));
#8074=CARTESIAN_POINT('',(-1.30186755578235,9.29646816309136,1.29872887387698));
#8075=CARTESIAN_POINT('',(-1.30188312853925,9.29646267359051,1.29482377514027));
#8076=CARTESIAN_POINT('',(-0.565428946583454,9.07216637778673,2.26844171227114));
#8077=CARTESIAN_POINT('',(-0.571547786172672,9.06996042697568,2.26489462078422));
#8078=CARTESIAN_POINT('',(-0.597490069005594,9.06060777129295,2.24985587867531));
#8079=CARTESIAN_POINT('',(-0.643255795082221,9.04410841073855,2.22332548594441));
#8080=CARTESIAN_POINT('',(-0.673910798299736,9.0332793363888,2.20445361102917));
#8081=CARTESIAN_POINT('',(-0.709748048019344,9.02064646644968,2.1809640522628));
#8082=CARTESIAN_POINT('',(-0.754658792666381,9.00481512893258,2.14891122267876));
#8083=CARTESIAN_POINT('',(-0.819459297948897,8.98197251791666,2.094086490688));
#8084=CARTESIAN_POINT('',(-0.884152696850883,8.95916766261538,2.02816644795982));
#8085=CARTESIAN_POINT('',(-0.944125048900216,8.93802700786897,1.95421873184598));
#8086=CARTESIAN_POINT('',(-0.998038850459187,8.91902203264491,1.87298960887859));
#8087=CARTESIAN_POINT('',(-1.0447420765246,8.90255883345304,1.78556114056031));
#8088=CARTESIAN_POINT('',(-1.08336040917071,8.88894561320308,1.69327614251074));
#8089=CARTESIAN_POINT('',(-1.11335245237624,8.87837321760943,1.59763094837911));
#8090=CARTESIAN_POINT('',(-1.1345255335707,8.8709095650403,1.50015840580152));
#8091=CARTESIAN_POINT('',(-1.14700830922537,8.86650930323006,1.40232104439969));
#8092=CARTESIAN_POINT('',(-1.14979972539134,8.8655253103833,1.33773618690574));
#8093=CARTESIAN_POINT('',(-1.14991122401571,8.86548600637336,1.30576875993577));
#8094=CARTESIAN_POINT('',(-1.14992496228088,8.86548116354311,1.30182990427053));
#8095=CARTESIAN_POINT('',(-1.14993870054604,8.86547632071287,1.29789104860528));
#8096=CARTESIAN_POINT('',(-1.1499524388112,8.86547147788262,1.29395219294004));
#8097=CARTESIAN_POINT('',(-0.391961406555127,8.67997887394152,2.25920866053907));
#8098=CARTESIAN_POINT('',(-0.398106018682246,8.67781285711722,2.25611293077323));
#8099=CARTESIAN_POINT('',(-0.424157570349204,8.66862951111552,2.24298784455572));
#8100=CARTESIAN_POINT('',(-0.470116061556,8.65242883593639,2.21983340188652));
#8101=CARTESIAN_POINT('',(-0.502303360035569,8.64108259819304,2.20251178214481));
#8102=CARTESIAN_POINT('',(-0.540108826091507,8.62775591884656,2.18066821480768));
#8103=CARTESIAN_POINT('',(-0.587573341175259,8.61102436018987,2.15048929028419));
#8104=CARTESIAN_POINT('',(-0.656317559524224,8.5867915639718,2.0977471273711));
#8105=CARTESIAN_POINT('',(-0.725142776009195,8.5625302153697,2.03321832143727));
#8106=CARTESIAN_POINT('',(-0.789061998653294,8.53999826237129,1.95989453544162));
#8107=CARTESIAN_POINT('',(-0.846572675752804,8.51972536449004,1.87859892102589));
#8108=CARTESIAN_POINT('',(-0.896384344381549,8.50216641852844,1.79053815535693));
#8109=CARTESIAN_POINT('',(-0.937524977123124,8.48766407064447,1.69721542662882));
#8110=CARTESIAN_POINT('',(-0.969404214973716,8.4764264263309,1.60030610937288));
#8111=CARTESIAN_POINT('',(-0.991830738840335,8.46852092684612,1.5015222836201));
#8112=CARTESIAN_POINT('',(-1.00497941581977,8.46388593037031,1.40248933622041));
#8113=CARTESIAN_POINT('',(-1.00787729646235,8.46286440808432,1.33727247772069));
#8114=CARTESIAN_POINT('',(-1.00797488540487,8.46283000733013,1.30504909531349));
#8115=CARTESIAN_POINT('',(-1.0079869097933,8.46282576865288,1.30107870218591));
#8116=CARTESIAN_POINT('',(-1.00799893418174,8.46282152997563,1.29710830905833));
#8117=CARTESIAN_POINT('',(-1.00801095857017,8.46281729129838,1.29313791593075));
#8118=CARTESIAN_POINT('',(-0.444172613103979,8.27182338588766,2.19141830460934));
#8119=CARTESIAN_POINT('',(-0.467204027382152,8.27178558059382,2.17949460182084));
#8120=CARTESIAN_POINT('',(-0.516952759719913,8.27170391971872,2.15121577056815));
#8121=CARTESIAN_POINT('',(-0.5917679880807,8.27158111303136,2.09943234058242));
#8122=CARTESIAN_POINT('',(-0.666760918149506,8.27145801465262,2.03554400537236));
#8123=CARTESIAN_POINT('',(-0.736461695139806,8.27134360316562,1.96250745227338));
#8124=CARTESIAN_POINT('',(-0.799196583888796,8.27124062595046,1.88118122780892));
#8125=CARTESIAN_POINT('',(-0.853529718229638,8.27115143993326,1.79282937729842));
#8126=CARTESIAN_POINT('',(-0.898382753019281,8.27107781518145,1.69902891816422));
#8127=CARTESIAN_POINT('',(-0.933105824461296,8.27102081842461,1.60153764832071));
#8128=CARTESIAN_POINT('',(-0.957496735617374,8.27098078156226,1.50215015934705));
#8129=CARTESIAN_POINT('',(-0.971763456440933,8.27095736321867,1.40256681115829));
#8130=CARTESIAN_POINT('',(-0.974888077123538,8.27095223425864,1.33705900424257));
#8131=CARTESIAN_POINT('',(-0.974984762018479,8.27095207555363,1.30471779001494));
#8132=CARTESIAN_POINT('',(-0.974984762018478,8.27095207555363,1.30471779001493));
#8133=CARTESIAN_POINT('',(-0.974984762018479,8.27095207555363,1.30471779001494));
#8134=CARTESIAN_POINT('',(-0.975091930602954,8.33646883967966,1.30482822511446));
#8135=CARTESIAN_POINT('',(-0.986193777525262,8.40103967346704,1.30493866021397));
#8136=CARTESIAN_POINT('',(-1.00797488540487,8.46283000733013,1.30504909531349));
#8137=CARTESIAN_POINT('',(-0.515504134989128,8.63642923683331,2.19487755194026));
#8138=CARTESIAN_POINT('',(-0.51719714537223,8.63583243936301,2.1939063227537));
#8139=CARTESIAN_POINT('',(-0.540108845970568,8.62775591183905,2.18066820216815));
#8140=CARTESIAN_POINT('',(-0.587573341175259,8.61102436018987,2.15048929028419));
#8141=CARTESIAN_POINT('',(-0.656317559524225,8.5867915639718,2.0977471273711));
#8142=CARTESIAN_POINT('',(-0.725142776009195,8.56253021536969,2.03321832143727));
#8143=CARTESIAN_POINT('',(-0.789061998653294,8.53999826237129,1.95989453544162));
#8144=CARTESIAN_POINT('',(-0.846572675752804,8.51972536449003,1.87859892102588));
#8145=CARTESIAN_POINT('',(-0.89638434438155,8.50216641852844,1.79053815535693));
#8146=CARTESIAN_POINT('',(-0.937524977123123,8.48766407064447,1.69721542662882));
#8147=CARTESIAN_POINT('',(-0.969404214973716,8.4764264263309,1.60030610937288));
#8148=CARTESIAN_POINT('',(-0.991830738840335,8.46852092684612,1.5015222836201));
#8149=CARTESIAN_POINT('',(-1.00497941581977,8.4638859303703,1.40248933622041));
#8150=CARTESIAN_POINT('',(-1.00787729646235,8.46286440808432,1.33727247772069));
#8151=CARTESIAN_POINT('',(-1.00797488540487,8.46283000733013,1.30504909531349));
#8152=CARTESIAN_POINT('',(-0.474471664300837,8.53420869673121,2.19466715398163));
#8153=CARTESIAN_POINT('',(-0.476229084686672,8.53375134066503,2.19370727830995));
#8154=CARTESIAN_POINT('',(-0.500011007352113,8.52756240513593,2.18062278976271));
#8155=CARTESIAN_POINT('',(-0.549293159062856,8.51473736722941,2.15073145037885));
#8156=CARTESIAN_POINT('',(-0.620708656617183,8.49615241443306,2.09830886510822));
#8157=CARTESIAN_POINT('',(-0.692237290738889,8.47753801931907,2.03399354941563));
#8158=CARTESIAN_POINT('',(-0.758684542140464,8.46024598785481,1.96076550771887));
#8159=CARTESIAN_POINT('',(-0.818477012339867,8.4446857764961,1.87945968995356));
#8160=CARTESIAN_POINT('',(-0.87026391539695,8.43120890968505,1.79130189600409));
#8161=CARTESIAN_POINT('',(-0.913028824044368,8.42007989937538,1.69781992380729));
#8162=CARTESIAN_POINT('',(-0.946156053525545,8.41145896950349,1.6007166223555));
#8163=CARTESIAN_POINT('',(-0.969448798728126,8.4053973360358,1.50173157552909));
#8164=CARTESIAN_POINT('',(-0.9830944389537,8.40184623595033,1.40251516119971));
#8165=CARTESIAN_POINT('',(-0.9860954792317,8.40106525431726,1.33720131989465));
#8166=CARTESIAN_POINT('',(-0.986193777525263,8.40103967346705,1.30493866021397));
#8167=CARTESIAN_POINT('',(-0.443563908261161,8.38227057388946,2.19445666794986));
#8168=CARTESIAN_POINT('',(-0.445387381438705,8.3821134703761,2.19350823008124));
#8169=CARTESIAN_POINT('',(-0.470063833302206,8.37998710099907,2.18057737352411));
#8170=CARTESIAN_POINT('',(-0.521214875617884,8.37557941667783,2.1509736104735));
#8171=CARTESIAN_POINT('',(-0.595378138589019,8.36918876975042,2.09887060284532));
#8172=CARTESIAN_POINT('',(-0.669688476678047,8.36278544936294,2.03476877739399));
#8173=CARTESIAN_POINT('',(-0.738737484127064,8.35683549773437,1.96163647999612));
#8174=CARTESIAN_POINT('',(-0.800878508952214,8.35148080683409,1.88032045888124));
#8175=CARTESIAN_POINT('',(-0.854698406072837,8.34684314734624,1.79206563665124));
#8176=CARTESIAN_POINT('',(-0.899134875894436,8.34301405760622,1.69842442098575));
#8177=CARTESIAN_POINT('',(-0.93354611035981,8.34004884220177,1.6011271353381));
#8178=CARTESIAN_POINT('',(-0.957729720390076,8.33796494099594,1.50194086743807));
#8179=CARTESIAN_POINT('',(-0.971886129273278,8.33674508351788,1.402540986179));
#8180=CARTESIAN_POINT('',(-0.974992996213229,8.3364773648541,1.33713016206862));
#8181=CARTESIAN_POINT('',(-0.975091930602953,8.33646883967966,1.30482822511446));
#8182=CARTESIAN_POINT('',(-0.438668268761051,8.27183242108423,2.19424610590185));
#8183=CARTESIAN_POINT('',(-0.440506038455753,8.27182940444693,2.19330917813723));
#8184=CARTESIAN_POINT('',(-0.465379095802176,8.27178857615778,2.18053195352354));
#8185=CARTESIAN_POINT('',(-0.516952759719913,8.27170391971872,2.15121577056815));
#8186=CARTESIAN_POINT('',(-0.5917679880807,8.27158111303136,2.09943234058242));
#8187=CARTESIAN_POINT('',(-0.666760918149506,8.27145801465262,2.03554400537236));
#8188=CARTESIAN_POINT('',(-0.736461695139806,8.27134360316562,1.96250745227338));
#8189=CARTESIAN_POINT('',(-0.799196583888796,8.27124062595046,1.88118122780892));
#8190=CARTESIAN_POINT('',(-0.853529718229638,8.27115143993326,1.79282937729842));
#8191=CARTESIAN_POINT('',(-0.898382753019281,8.27107781518145,1.69902891816422));
#8192=CARTESIAN_POINT('',(-0.933105824461296,8.27102081842461,1.60153764832071));
#8193=CARTESIAN_POINT('',(-0.957496735617374,8.27098078156226,1.50215015934705));
#8194=CARTESIAN_POINT('',(-0.971763456440933,8.27095736321867,1.40256681115829));
#8195=CARTESIAN_POINT('',(-0.974888077123538,8.27095223425864,1.33705900424257));
#8196=CARTESIAN_POINT('',(-0.974984762018479,8.27095207555363,1.30471779001494));
#8197=CARTESIAN_POINT('',(-0.489283573755396,7.89111755352193,2.19069310645639));
#8198=CARTESIAN_POINT('',(-0.512490871488856,7.89624999258641,2.17934940111407));
#8199=CARTESIAN_POINT('',(-0.562672378960983,7.90734794686882,2.15221024828338));
#8200=CARTESIAN_POINT('',(-0.638295583903225,7.92407249169449,2.10173922629022));
#8201=CARTESIAN_POINT('',(-0.714215023283543,7.94086255061924,2.03872763044405));
#8202=CARTESIAN_POINT('',(-0.784846495625326,7.95648314255507,1.96608427000442));
#8203=CARTESIAN_POINT('',(-0.848448069756561,7.97054902852691,1.88471614349254));
#8204=CARTESIAN_POINT('',(-0.903527433016608,7.98273017425481,1.79596582740142));
#8205=CARTESIAN_POINT('',(-0.948967931681554,7.99277962478265,1.70151140386756));
#8206=CARTESIAN_POINT('',(-0.984103088443686,8.00054998448472,1.60322350004455));
#8207=CARTESIAN_POINT('',(-1.0087363595875,8.00599778648892,1.50300965743967));
#8208=CARTESIAN_POINT('',(-1.02310095789324,8.00917460726042,1.4026728664786));
#8209=CARTESIAN_POINT('',(-1.02622132401242,8.00986469574678,1.33676678073498));
#8210=CARTESIAN_POINT('',(-1.02630665285147,8.0098835667533,1.30426426671413));
#8211=CARTESIAN_POINT('',(-1.02630665285146,8.00988356675331,1.30426426671413));
#8212=CARTESIAN_POINT('',(-1.02630665285147,8.0098835667533,1.30426426671413));
#8213=CARTESIAN_POINT('',(-1.00697076539988,8.0973120798121,1.30441520218322));
#8214=CARTESIAN_POINT('',(-0.974839667881114,8.18224979345229,1.30456827503173));
#8215=CARTESIAN_POINT('',(-0.974984762018479,8.27095207555363,1.30471779001494));
#8216=CARTESIAN_POINT('',(-0.438668125207534,8.27183242131987,2.19424618875464));
#8217=CARTESIAN_POINT('',(-0.440506115242818,8.27182940432089,2.19330913869192));
#8218=CARTESIAN_POINT('',(-0.465379134014373,8.27178857609506,2.18053193180246));
#8219=CARTESIAN_POINT('',(-0.516952759719913,8.27170391971872,2.15121577056815));
#8220=CARTESIAN_POINT('',(-0.5917679880807,8.27158111303136,2.09943234058242));
#8221=CARTESIAN_POINT('',(-0.666760918149506,8.27145801465262,2.03554400537236));
#8222=CARTESIAN_POINT('',(-0.736461695139806,8.27134360316562,1.96250745227338));
#8223=CARTESIAN_POINT('',(-0.799196583888796,8.27124062595046,1.88118122780892));
#8224=CARTESIAN_POINT('',(-0.853529718229638,8.27115143993326,1.79282937729842));
#8225=CARTESIAN_POINT('',(-0.898382753019281,8.27107781518145,1.69902891816422));
#8226=CARTESIAN_POINT('',(-0.933105824461296,8.27102081842461,1.60153764832071));
#8227=CARTESIAN_POINT('',(-0.957496735617374,8.27098078156226,1.50215015934705));
#8228=CARTESIAN_POINT('',(-0.971763456440933,8.27095736321867,1.40256681115829));
#8229=CARTESIAN_POINT('',(-0.974888077123538,8.27095223425864,1.33705900424257));
#8230=CARTESIAN_POINT('',(-0.974984762018479,8.27095207555363,1.30471779001494));
#8231=CARTESIAN_POINT('',(-0.431976058846486,8.08346378022841,2.19396120599387));
#8232=CARTESIAN_POINT('',(-0.433833849006525,8.08380186621653,2.19303964268889));
#8233=CARTESIAN_POINT('',(-0.458975988067607,8.08837703230621,2.18047043335213));
#8234=CARTESIAN_POINT('',(-0.511127899654596,8.09786722153893,2.151543624327));
#8235=CARTESIAN_POINT('',(-0.586834691700004,8.11164374019088,2.10019286154631));
#8236=CARTESIAN_POINT('',(-0.662760688373617,8.12546014795407,2.03659356478485));
#8237=CARTESIAN_POINT('',(-0.733352182885887,8.1383058255286,1.96368663720623));
#8238=CARTESIAN_POINT('',(-0.796898566673543,8.14986949000127,1.88234659871302));
#8239=CARTESIAN_POINT('',(-0.851933035501273,8.15988422402737,1.79386338433546));
#8240=CARTESIAN_POINT('',(-0.897355388566625,8.16814982183325,1.69984732993622));
#8241=CARTESIAN_POINT('',(-0.932504777021296,8.17454602741228,1.60209343033178));
#8242=CARTESIAN_POINT('',(-0.95717924121004,8.17903608975593,1.50243351379137));
#8243=CARTESIAN_POINT('',(-0.971596996424143,8.18165971794385,1.40260177487329));
#8244=CARTESIAN_POINT('',(-0.974746018873601,8.18223275195226,1.33696266565809));
#8245=CARTESIAN_POINT('',(-0.974839667881113,8.18224979345229,1.30456827503173));
#8246=CARTESIAN_POINT('',(-0.479246596321617,7.94003380556663,2.1936694374843));
#8247=CARTESIAN_POINT('',(-0.481050017332649,7.94057127013177,2.19276372699178));
#8248=CARTESIAN_POINT('',(-0.505457449402333,7.94784544723713,2.18040746464471));
#8249=CARTESIAN_POINT('',(-0.556105099895695,7.96294002902709,2.15187927970871));
#8250=CARTESIAN_POINT('',(-0.629679456464491,7.98486748532669,2.10097147990139));
#8251=CARTESIAN_POINT('',(-0.703505130291041,8.00686984201882,2.03766809956054));
#8252=CARTESIAN_POINT('',(-0.772166698169085,8.02733313384117,1.964893882077));
#8253=CARTESIAN_POINT('',(-0.83398527863568,8.04575700167911,1.8835397008358));
#8254=CARTESIAN_POINT('',(-0.88752194152354,8.06171259939885,1.79492199665066));
#8255=CARTESIAN_POINT('',(-0.931698721381372,8.07487865962643,1.70068521667173));
#8256=CARTESIAN_POINT('',(-0.96587023317396,8.08506283746321,1.60266243775668));
#8257=CARTESIAN_POINT('',(-0.989842778878509,8.09220740484839,1.50272361095085));
#8258=CARTESIAN_POINT('',(-1.00383597770539,8.0963778151663,1.40263757058644));
#8259=CARTESIAN_POINT('',(-1.00688382548737,8.09728616900268,1.3368640345963));
#8260=CARTESIAN_POINT('',(-1.00697076539988,8.0973120798121,1.30441520218322));
#8261=CARTESIAN_POINT('',(-0.483736827056184,7.88989085579233,2.19338173880124));
#8262=CARTESIAN_POINT('',(-0.485588442198935,7.89030035206372,2.19249165741988));
#8263=CARTESIAN_POINT('',(-0.510649283108589,7.89584271379626,2.18034536857342));
#8264=CARTESIAN_POINT('',(-0.562672378960983,7.90734794686882,2.15221024828338));
#8265=CARTESIAN_POINT('',(-0.638295583903225,7.92407249169449,2.10173922629022));
#8266=CARTESIAN_POINT('',(-0.714215023283543,7.94086255061924,2.03872763044405));
#8267=CARTESIAN_POINT('',(-0.784846495625326,7.95648314255507,1.96608427000442));
#8268=CARTESIAN_POINT('',(-0.848448069756561,7.97054902852691,1.88471614349254));
#8269=CARTESIAN_POINT('',(-0.903527433016608,7.98273017425481,1.79596582740142));
#8270=CARTESIAN_POINT('',(-0.948967931681554,7.99277962478265,1.70151140386756));
#8271=CARTESIAN_POINT('',(-0.984103088443686,8.00054998448472,1.60322350004455));
#8272=CARTESIAN_POINT('',(-1.0087363595875,8.00599778648892,1.50300965743967));
#8273=CARTESIAN_POINT('',(-1.02310095789324,8.00917460726042,1.4026728664786));
#8274=CARTESIAN_POINT('',(-1.02622132401242,8.00986469574678,1.33676678073498));
#8275=CARTESIAN_POINT('',(-1.02630665285147,8.0098835667533,1.30426426671413));
#8276=CARTESIAN_POINT('',(-1.29999999999997,5.50500000001404,1.3));
#8277=CARTESIAN_POINT('',(-1.29999517352569,6.3482564640748,1.301421422238));
#8278=CARTESIAN_POINT('',(-1.20840285145686,7.18652338106034,1.30284284447606));
#8279=CARTESIAN_POINT('',(-1.02630665285147,8.0098835667533,1.30426426671413));
#8280=CARTESIAN_POINT('',(-0.483734822171474,7.88989041239954,2.19338278628748));
#8281=CARTESIAN_POINT('',(-0.48558844219876,7.89030035206369,2.19249165741995));
#8282=CARTESIAN_POINT('',(-0.510649283108502,7.89584271379624,2.18034536857346));
#8283=CARTESIAN_POINT('',(-0.562672378960983,7.90734794686882,2.15221024828338));
#8284=CARTESIAN_POINT('',(-0.638295583903225,7.92407249169449,2.10173922629022));
#8285=CARTESIAN_POINT('',(-0.714215023283543,7.94086255061924,2.03872763044405));
#8286=CARTESIAN_POINT('',(-0.784846495625326,7.95648314255508,1.96608427000442));
#8287=CARTESIAN_POINT('',(-0.848448069756561,7.97054902852691,1.88471614349254));
#8288=CARTESIAN_POINT('',(-0.903527433016608,7.98273017425481,1.79596582740142));
#8289=CARTESIAN_POINT('',(-0.948967931681554,7.99277962478265,1.70151140386756));
#8290=CARTESIAN_POINT('',(-0.984103088443686,8.00054998448472,1.60322350004455));
#8291=CARTESIAN_POINT('',(-1.0087363595875,8.00599778648892,1.50300965743967));
#8292=CARTESIAN_POINT('',(-1.02310095789325,8.00917460726042,1.4026728664786));
#8293=CARTESIAN_POINT('',(-1.02622132401242,8.00986469574678,1.33676678073498));
#8294=CARTESIAN_POINT('',(-1.02630665285147,8.0098835667533,1.30426426671413));
#8295=CARTESIAN_POINT('',(-0.599327586274226,7.08620625219123,2.19067258475555));
#8296=CARTESIAN_POINT('',(-0.601384053743339,7.08654418715894,2.18992917448876));
#8297=CARTESIAN_POINT('',(-0.629203797581812,7.09112624553008,2.1797602903987));
#8298=CARTESIAN_POINT('',(-0.687138629899307,7.10066841762712,2.15532711733331));
#8299=CARTESIAN_POINT('',(-0.771834135988755,7.11461821367593,2.10896941411068));
#8300=CARTESIAN_POINT('',(-0.857218720075281,7.12868150450107,2.04870567449733));
#8301=CARTESIAN_POINT('',(-0.936868898954396,7.14180030857836,1.97729464939495));
#8302=CARTESIAN_POINT('',(-1.00868019789691,7.15362800783304,1.89579519445535));
#8303=CARTESIAN_POINT('',(-1.07085583620632,7.1638686630185,1.80579601675913));
#8304=CARTESIAN_POINT('',(-1.12206350315858,7.17230283553959,1.70929195313194));
#8305=CARTESIAN_POINT('',(-1.16152736620344,7.17880274168801,1.60850725751881));
#8306=CARTESIAN_POINT('',(-1.18905131508619,7.18333608107162,1.50570347647886));
#8307=CARTESIAN_POINT('',(-1.20496700294881,7.18595747871021,1.40300526261015));
#8308=CARTESIAN_POINT('',(-1.20834528033283,7.1865138987929,1.33585090057746));
#8309=CARTESIAN_POINT('',(-1.20840285145686,7.18652338106034,1.30284284447606));
#8310=CARTESIAN_POINT('',(-0.622942107867051,6.31137995051063,2.18796229347927));
#8311=CARTESIAN_POINT('',(-0.625205263455829,6.31150268596444,2.18736624039006));
#8312=CARTESIAN_POINT('',(-0.655844528495694,6.3131715146353,2.17917475659554));
#8313=CARTESIAN_POINT('',(-0.719821478217742,6.31665614678403,2.15844398638324));
#8314=CARTESIAN_POINT('',(-0.813790141304793,6.32177433741031,2.11619960193114));
#8315=CARTESIAN_POINT('',(-0.908850068903031,6.32695196593438,2.05868371855062));
#8316=CARTESIAN_POINT('',(-0.997719608819241,6.33179242264854,1.98850502878547));
#8317=CARTESIAN_POINT('',(-1.07792343876621,6.33616088418819,1.90687424541816));
#8318=CARTESIAN_POINT('',(-1.14735334259833,6.33994252235675,1.81562620611684));
#8319=CARTESIAN_POINT('',(-1.20445643044761,6.34305275591078,1.71707250239631));
#8320=CARTESIAN_POINT('',(-1.248345040333,6.34544323657034,1.61379101499307));
#8321=CARTESIAN_POINT('',(-1.2788235484446,6.34710330929455,1.50839729551805));
#8322=CARTESIAN_POINT('',(-1.29632435502051,6.34805652562462,1.4033376587417));
#8323=CARTESIAN_POINT('',(-1.29996604330911,6.34825487743946,1.33493502041995));
#8324=CARTESIAN_POINT('',(-1.29999517352569,6.3482564640748,1.301421422238));
#8325=CARTESIAN_POINT('',(-0.562261747390577,5.50500000001404,2.18525192027402));
#8326=CARTESIAN_POINT('',(-0.564706855998154,5.50500000001404,2.1848029397954));
#8327=CARTESIAN_POINT('',(-0.597832539522501,5.50500000001404,2.17858885328499));
#8328=CARTESIAN_POINT('',(-0.667158018484514,5.50500000001404,2.16156085543298));
#8329=CARTESIAN_POINT('',(-0.769385764486066,5.50500000001404,2.12342978975116));
#8330=CARTESIAN_POINT('',(-0.873098711061698,5.50500000001404,2.06866176260331));
#8331=CARTESIAN_POINT('',(-0.970233946515513,5.50500000001405,1.99971540817534));
#8332=CARTESIAN_POINT('',(-1.05797049824568,5.50500000001404,1.9179532963803));
#8333=CARTESIAN_POINT('',(-1.1339102278265,5.50500000001405,1.82545639547397));
#8334=CARTESIAN_POINT('',(-1.19629561823499,5.50500000001404,1.72485305166023));
#8335=CARTESIAN_POINT('',(-1.24413646723786,5.50500000001405,1.61907477246701));
#8336=CARTESIAN_POINT('',(-1.27723998553238,5.50500000001404,1.51109111455709));
#8337=CARTESIAN_POINT('',(-1.29613534951178,5.50500000001404,1.40367005487322));
#8338=CARTESIAN_POINT('',(-1.29999999999997,5.50500000001404,1.33401914026247));
#8339=CARTESIAN_POINT('',(-1.29999999999997,5.50500000001404,1.3));
#8340=CARTESIAN_POINT('',(-0.400002174820229,5.50500000001403,1.29999918890822));
#8341=CARTESIAN_POINT('',(-0.62933488255819,5.24326258499382,0.448337414468755));
#8342=CARTESIAN_POINT('',(-0.612099834277294,5.33107474665322,0.4371643617632));
#8343=CARTESIAN_POINT('',(-0.592188691437093,5.41827362936052,0.426069341506972));
#8344=CARTESIAN_POINT('',(-0.569601454037589,5.50485923311573,0.415052353700071));
#8345=CARTESIAN_POINT('',(-0.629334764207592,5.24332015530253,0.448790058252375));
#8346=CARTESIAN_POINT('',(-0.391947974754841,2.75958278252037,0.764356116347369));
#8347=CARTESIAN_POINT('',(-0.70969670855838,3.54705046479999,0.664160223753832));
#8348=CARTESIAN_POINT('',(-0.793308118900549,4.40782340854302,0.554637108888943));
#8349=CARTESIAN_POINT('',(-0.629334874978607,5.24326258353378,0.448337414654528));
#8350=CARTESIAN_POINT('',(-1.29999999999997,5.50500000001404,1.3));
#8351=CARTESIAN_POINT('',(-1.29999999999997,5.50500000001404,1.26598085973752));
#8352=CARTESIAN_POINT('',(-1.29613534951178,5.50500000001404,1.19632994512677));
#8353=CARTESIAN_POINT('',(-1.27723998553238,5.50500000001404,1.0889088854429));
#8354=CARTESIAN_POINT('',(-1.24413646723786,5.50500000001405,0.980925227532984));
#8355=CARTESIAN_POINT('',(-1.19629561823499,5.50500000001404,0.875146948339763));
#8356=CARTESIAN_POINT('',(-1.1339102278265,5.50500000001405,0.774543604526031));
#8357=CARTESIAN_POINT('',(-1.05797049824568,5.50500000001404,0.682046703619698));
#8358=CARTESIAN_POINT('',(-0.970233946515513,5.50500000001405,0.600284591824657));
#8359=CARTESIAN_POINT('',(-0.873098711061698,5.50500000001404,0.53133823739669));
#8360=CARTESIAN_POINT('',(-0.769385764486066,5.50500000001404,0.476570210248833));
#8361=CARTESIAN_POINT('',(-0.667158018490863,5.50500000001404,0.438439144569378));
#8362=CARTESIAN_POINT('',(-0.600294458513995,5.50500000001404,0.422015852977792));
#8363=CARTESIAN_POINT('',(-0.569600373241629,5.50500000001404,0.416125591372276));
#8364=CARTESIAN_POINT('',(-0.565716080597539,5.50500000001404,0.415380187180456));
#8365=CARTESIAN_POINT('',(-0.561831787953449,5.50500000001404,0.414634782988637));
#8366=CARTESIAN_POINT('',(-0.55794749530936,5.50500000001404,0.413889378796818));
#8367=CARTESIAN_POINT('',(-1.30000000000465,3.98381550929133,1.3));
#8368=CARTESIAN_POINT('',(-1.30000000000465,3.98381550929133,1.2747783674942));
#8369=CARTESIAN_POINT('',(-1.29806767476055,3.98445451433314,1.22352878544008));
#8370=CARTESIAN_POINT('',(-1.28861999277084,3.98757878983659,1.14518206847521));
#8371=CARTESIAN_POINT('',(-1.27206823362356,3.99305232881675,1.06655405239768));
#8372=CARTESIAN_POINT('',(-1.2481478091221,4.00096262854779,0.989028725678503));
#8373=CARTESIAN_POINT('',(-1.21695511391783,4.01127781206259,0.914090866649068));
#8374=CARTESIAN_POINT('',(-1.17898524912738,4.02383415324378,0.843206229073332));
#8375=CARTESIAN_POINT('',(-1.13511697326225,4.03834105343511,0.777688986053245));
#8376=CARTESIAN_POINT('',(-1.08654935553529,4.05440198970398,0.718579621716693));
#8377=CARTESIAN_POINT('',(-1.03469288224743,4.07155052511882,0.666559421020198));
#8378=CARTESIAN_POINT('',(-0.98357900924977,4.08845348835012,0.624023720507687));
#8379=CARTESIAN_POINT('',(-0.950147229261303,4.09950911991865,0.600553969413306));
#8380=CARTESIAN_POINT('',(-0.934800186625106,4.1045842684483,0.590562795686146));
#8381=CARTESIAN_POINT('',(-0.932858040303059,4.10522652124477,0.58929842692357));
#8382=CARTESIAN_POINT('',(-0.930915893981013,4.10586877404125,0.588034058160994));
#8383=CARTESIAN_POINT('',(-0.928973747658966,4.10651102683772,0.586769689398417));
#8384=CARTESIAN_POINT('',(-0.393089430894278,2.76253934295908,1.3));
#8385=CARTESIAN_POINT('',(-0.393089430894278,2.76253934295908,1.28357587525088));
#8386=CARTESIAN_POINT('',(-0.393089430894278,2.76253934295908,1.25072762575339));
#8387=CARTESIAN_POINT('',(-0.393089430894278,2.76253934295908,1.20145525150751));
#8388=CARTESIAN_POINT('',(-0.393089430894278,2.76253934295908,1.15218287726238));
#8389=CARTESIAN_POINT('',(-0.393089430894278,2.76253934295908,1.10291050301724));
#8390=CARTESIAN_POINT('',(-0.393089430894278,2.76253934295908,1.0536381287721));
#8391=CARTESIAN_POINT('',(-0.393089430894278,2.76253934295908,1.00436575452697));
#8392=CARTESIAN_POINT('',(-0.393089430894278,2.76253934295908,0.955093380281829));
#8393=CARTESIAN_POINT('',(-0.393089430894278,2.76253934295908,0.905821006036691));
#8394=CARTESIAN_POINT('',(-0.393089430894278,2.76253934295908,0.856548631791557));
#8395=CARTESIAN_POINT('',(-0.393089430894278,2.76253934295908,0.809608296445994));
#8396=CARTESIAN_POINT('',(-0.393089430894278,2.76253934295908,0.779092085848815));
#8397=CARTESIAN_POINT('',(-0.393089430894278,2.76253934295908,0.765000000000011));
#8398=CARTESIAN_POINT('',(-0.393089430894278,2.76253934295908,0.763216666666677));
#8399=CARTESIAN_POINT('',(-0.393089430894278,2.76253934295908,0.761433333333344));
#8400=CARTESIAN_POINT('',(-0.393089430894278,2.76253934295908,0.75965000000001));
#8401=CARTESIAN_POINT('',(-1.07479393792196,9.96972011173161,2.20687195460798));
#8402=CARTESIAN_POINT('',(-1.24000166959144,9.96952559043761,2.0667442786746));
#8403=CARTESIAN_POINT('',(-1.32692714745925,9.96962220654899,1.92035133971343));
#8404=CARTESIAN_POINT('',(-1.38936140105874,9.96951329829146,1.79191031616603));
#8405=CARTESIAN_POINT('',(-1.42038642669369,9.96921370076211,1.71874663444005));
#8406=CARTESIAN_POINT('',(-1.44855323893569,9.96912358293037,1.63524241772644));
#8407=CARTESIAN_POINT('',(-1.45826735825418,9.96931358247362,1.59905670695142));
#8408=CARTESIAN_POINT('',(-1.47241628561539,9.96925889494727,1.53901389392281));
#8409=CARTESIAN_POINT('',(-1.48747974060045,9.96432090599341,1.45018358381989));
#8410=CARTESIAN_POINT('',(-1.49567379760141,9.96532947819704,1.36450536804838));
#8411=CARTESIAN_POINT('',(-1.49685281697126,9.96908960012706,1.33557301609353));
#8412=CARTESIAN_POINT('',(-1.49715898504698,9.96907734728774,1.30786460971678));
#8413=CARTESIAN_POINT('',(-1.49106306105942,9.96949522253604,1.30779706712882));
#8414=CARTESIAN_POINT('',(-1.43315005685277,9.67101095118191,1.30714861001985));
#8415=CARTESIAN_POINT('',(-1.48711002092376,9.83661098329371,1.32674361363499));
#8416=CARTESIAN_POINT('',(-1.48582233557596,9.94078874301321,1.31076704494592));
#8417=CARTESIAN_POINT('',(-1.48703900531692,9.96946974046325,1.30753248021316));
#8418=CARTESIAN_POINT('',(-0.301126633527341,10.0596395802163,1.29460882867121));
#8419=CARTESIAN_POINT('',(-1.48705209608034,9.96992041669818,1.30766491259029));
#8420=CARTESIAN_POINT('',(-1.48995570421876,9.96998701869557,1.21828188524754));
#8421=CARTESIAN_POINT('',(-1.50062388774449,9.96969881273911,1.22296005853318));
#8422=CARTESIAN_POINT('',(-1.45585557335092,9.96981436222067,1.00785484611479));
#8423=CARTESIAN_POINT('',(-1.45846525709505,9.96972937781616,1.02170898048624));
#8424=CARTESIAN_POINT('',(-1.44971572315353,9.96963139502672,0.987313751526448));
#8425=CARTESIAN_POINT('',(-1.44444376155397,9.96959679053213,0.968327951983766));
#8426=CARTESIAN_POINT('',(-1.42504398591265,9.96961685523448,0.90634716451504));
#8427=CARTESIAN_POINT('',(-1.40736488990938,9.96984458110772,0.858250027871744));
#8428=CARTESIAN_POINT('',(-1.35673250445196,9.96993319444847,0.751899003128502));
#8429=CARTESIAN_POINT('',(-1.35624343738747,9.96989137280335,0.753240779512751));
#8430=CARTESIAN_POINT('',(-1.32215227136869,9.96988683161556,0.694882230364846));
#8431=CARTESIAN_POINT('',(-1.30206596678812,9.96989982686327,0.663594476188849));
#8432=CARTESIAN_POINT('',(-1.23043319571277,9.97003770975677,0.565578334256062));
#8433=CARTESIAN_POINT('',(-1.16735946623265,9.97028392901766,0.494348936443782));
#8434=CARTESIAN_POINT('',(-1.08363727047272,9.97047606660717,0.426712254489304));
#8435=CARTESIAN_POINT('',(-1.43172575309792,9.67150275227059,1.30712133453377));
#8436=CARTESIAN_POINT('',(-1.43911816298029,9.66817193807925,0.968812964953695));
#8437=CARTESIAN_POINT('',(-1.28704548477485,9.72046578148104,0.630617810447978));
#8438=CARTESIAN_POINT('',(-1.0354910113504,9.8113878093784,0.423321339860184));
#8439=CARTESIAN_POINT('',(-0.400525448626572,10.0115983433367,1.2724001439122));
#8440=CARTESIAN_POINT('',(-1.00797488540487,8.46283000733013,1.30504909531349));
#8441=CARTESIAN_POINT('',(-1.00807247434739,8.46279560657594,1.27282571290603));
#8442=CARTESIAN_POINT('',(-1.00556458082774,8.46367965579575,1.20759613893279));
#8443=CARTESIAN_POINT('',(-0.992997762488638,8.46810954321371,1.10850616948148));
#8444=CARTESIAN_POINT('',(-0.971146546508706,8.47581224282506,1.00962801960468));
#8445=CARTESIAN_POINT('',(-0.939832942944201,8.48685049727403,0.912588124191285));
#8446=CARTESIAN_POINT('',(-0.899245324450555,8.50115790394116,0.819099989832136));
#8447=CARTESIAN_POINT('',(-0.849971328230006,8.51852731678691,0.730840757945641));
#8448=CARTESIAN_POINT('',(-0.792980524580259,8.53861695580406,0.649315678179183));
#8449=CARTESIAN_POINT('',(-0.729561214818996,8.56097268617157,0.575733732528356));
#8450=CARTESIAN_POINT('',(-0.661214105645976,8.58506549875221,0.51092056647372));
#8451=CARTESIAN_POINT('',(-0.593032779272239,8.60909987178855,0.457985200508394));
#8452=CARTESIAN_POINT('',(-0.547652588953267,8.62509669204119,0.428740481647092));
#8453=CARTESIAN_POINT('',(-0.526694753349326,8.63248446910172,0.416361948745808));
#8454=CARTESIAN_POINT('',(-0.321782567520335,9.78154423895669,1.28863118724766));
#8455=CARTESIAN_POINT('',(-0.974984762018479,8.27095207555364,1.30471779001494));
#8456=CARTESIAN_POINT('',(-0.975081446913424,8.27095191684862,1.27237657578706));
#8457=CARTESIAN_POINT('',(-0.972343200578544,8.27095641158812,1.20685688774605));
#8458=CARTESIAN_POINT('',(-0.958652948154577,8.27097888367818,1.10722025910821));
#8459=CARTESIAN_POINT('',(-0.934832015329529,8.27101798494022,1.00774463525437));
#8460=CARTESIAN_POINT('',(-0.900669338232567,8.27107406182855,0.910131355369633));
#8461=CARTESIAN_POINT('',(-0.85636419465972,8.27114678723532,0.816176343986729));
#8462=CARTESIAN_POINT('',(-0.802563751820177,8.27123509885726,0.727639049969769));
#8463=CARTESIAN_POINT('',(-0.740343920500604,8.27133723062294,0.646098416928495));
#8464=CARTESIAN_POINT('',(-0.671138425284145,8.27145082912153,0.57282064377565));
#8465=CARTESIAN_POINT('',(-0.596619173421439,8.27157314997338,0.50866660723589));
#8466=CARTESIAN_POINT('',(-0.522233524997615,8.27169525151969,0.456608854728572));
#8467=CARTESIAN_POINT('',(-0.47275146644886,8.27177647465871,0.428139435764606));
#8468=CARTESIAN_POINT('',(-0.449840039108635,8.27181408299802,0.41612559137233));
#8469=CARTESIAN_POINT('',(-1.00797488540487,8.46283000733013,1.30504909531349));
#8470=CARTESIAN_POINT('',(-1.00807247434739,8.46279560657594,1.27282571290603));
#8471=CARTESIAN_POINT('',(-1.00556458082774,8.46367965579575,1.20759613893279));
#8472=CARTESIAN_POINT('',(-0.992997762488638,8.46810954321371,1.10850616948148));
#8473=CARTESIAN_POINT('',(-0.971146546508706,8.47581224282506,1.00962801960468));
#8474=CARTESIAN_POINT('',(-0.939832942944201,8.48685049727403,0.912588124191285));
#8475=CARTESIAN_POINT('',(-0.899245324450555,8.50115790394116,0.819099989832136));
#8476=CARTESIAN_POINT('',(-0.849971328230006,8.51852731678691,0.730840757945641));
#8477=CARTESIAN_POINT('',(-0.792980524580259,8.53861695580406,0.649315678179183));
#8478=CARTESIAN_POINT('',(-0.729561214818996,8.56097268617157,0.575733732528356));
#8479=CARTESIAN_POINT('',(-0.661214105645976,8.58506549875221,0.51092056647372));
#8480=CARTESIAN_POINT('',(-0.5929034840006,8.60914544923557,0.457884816827322));
#8481=CARTESIAN_POINT('',(-0.547387134194303,8.62519026661711,0.428569462412038));
#8482=CARTESIAN_POINT('',(-0.526294350704008,8.63262561370911,0.41612559137233));
#8483=CARTESIAN_POINT('',(-0.986193777525262,8.40103967346704,1.30493866021397));
#8484=CARTESIAN_POINT('',(-0.98629207581883,8.40101409261684,1.27267600053304));
#8485=CARTESIAN_POINT('',(-0.98368385738835,8.40169284748199,1.20734972187054));
#8486=CARTESIAN_POINT('',(-0.970624305196558,8.40509142579256,1.10807753269038));
#8487=CARTESIAN_POINT('',(-0.94791104965824,8.41100225462506,1.00900022482125));
#8488=CARTESIAN_POINT('',(-0.915353565925595,8.41947491558884,0.911769201250744));
#8489=CARTESIAN_POINT('',(-0.873145691256473,8.43045896506302,0.818125441217003));
#8490=CARTESIAN_POINT('',(-0.821900368821728,8.44379489257315,0.729773521953682));
#8491=CARTESIAN_POINT('',(-0.762631550909786,8.45921883024648,0.648243257762286));
#8492=CARTESIAN_POINT('',(-0.696687846140097,8.47637982026029,0.574762702944125));
#8493=CARTESIAN_POINT('',(-0.625640794579819,8.49486888978701,0.51016924672778));
#8494=CARTESIAN_POINT('',(-0.554662045441576,8.51334018449829,0.45745949612774));
#8495=CARTESIAN_POINT('',(-0.507394485245288,8.52564095121041,0.428426120196226));
#8496=CARTESIAN_POINT('',(-0.485496357934392,8.53133965354169,0.416125591372336));
#8497=CARTESIAN_POINT('',(-0.975091930602954,8.33646883967966,1.30482822511446));
#8498=CARTESIAN_POINT('',(-0.975190864992684,8.33646031450524,1.27252628816005));
#8499=CARTESIAN_POINT('',(-0.972479361882021,8.33669396467553,1.2071033048083));
#8500=CARTESIAN_POINT('',(-0.958912833655411,8.33786299214888,1.10764889589929));
#8501=CARTESIAN_POINT('',(-0.935312463213629,8.33989663561073,1.00837243003781));
#8502=CARTESIAN_POINT('',(-0.901474661367357,8.34281243833752,0.910950278310195));
#8503=CARTESIAN_POINT('',(-0.857598830135728,8.34659321786119,0.81715089260187));
#8504=CARTESIAN_POINT('',(-0.804324018249213,8.35118390736502,0.728706285961727));
#8505=CARTESIAN_POINT('',(-0.742710034307595,8.35649318316261,0.647170837345397));
#8506=CARTESIAN_POINT('',(-0.67416783198121,8.36239946340362,0.573791673359891));
#8507=CARTESIAN_POINT('',(-0.600342192813098,8.3687610172945,0.50941792698184));
#8508=CARTESIAN_POINT('',(-0.526618504492314,8.37511378608286,0.457034175428155));
#8509=CARTESIAN_POINT('',(-0.477550122220701,8.37934200762862,0.428282777980418));
#8510=CARTESIAN_POINT('',(-0.454824025389713,8.38130031495042,0.416125591372327));
#8511=CARTESIAN_POINT('',(-0.974984762018479,8.27095207555364,1.30471779001494));
#8512=CARTESIAN_POINT('',(-0.975081446913424,8.27095191684862,1.27237657578706));
#8513=CARTESIAN_POINT('',(-0.972343200578544,8.27095641158812,1.20685688774605));
#8514=CARTESIAN_POINT('',(-0.958652948154577,8.27097888367818,1.10722025910821));
#8515=CARTESIAN_POINT('',(-0.934832015329529,8.27101798494022,1.00774463525437));
#8516=CARTESIAN_POINT('',(-0.900669338232567,8.27107406182855,0.910131355369633));
#8517=CARTESIAN_POINT('',(-0.85636419465972,8.27114678723532,0.816176343986729));
#8518=CARTESIAN_POINT('',(-0.802563751820177,8.27123509885726,0.727639049969769));
#8519=CARTESIAN_POINT('',(-0.740343920500604,8.27133723062294,0.646098416928495));
#8520=CARTESIAN_POINT('',(-0.671138425284145,8.27145082912153,0.57282064377565));
#8521=CARTESIAN_POINT('',(-0.596619173421439,8.27157314997338,0.50866660723589));
#8522=CARTESIAN_POINT('',(-0.522233524997615,8.27169525151969,0.456608854728572));
#8523=CARTESIAN_POINT('',(-0.47275146644886,8.27177647465871,0.428139435764606));
#8524=CARTESIAN_POINT('',(-0.449840039108635,8.27181408299802,0.41612559137233));
#8525=CARTESIAN_POINT('',(-1.02630665285147,8.0098835667533,1.30426426671413));
#8526=CARTESIAN_POINT('',(-1.02639198169051,8.00990243775983,1.27176175269306));
#8527=CARTESIAN_POINT('',(-1.02361260859356,8.00928776201338,1.20584492796214));
#8528=CARTESIAN_POINT('',(-1.0097567699996,8.00622345663463,1.1054599784258));
#8529=CARTESIAN_POINT('',(-0.985626530785435,8.00088690328834,1.00516647338688));
#8530=CARTESIAN_POINT('',(-0.950985947647243,7.99322592163694,0.906768288403417));
#8531=CARTESIAN_POINT('',(-0.906028988024078,7.98328340879292,0.812174169798838));
#8532=CARTESIAN_POINT('',(-0.851419749362125,7.9712062340607,0.723256236969916));
#8533=CARTESIAN_POINT('',(-0.788272736954538,7.95724087725752,0.64169431307527));
#8534=CARTESIAN_POINT('',(-0.718078373416456,7.94171695466788,0.568832921175308));
#8535=CARTESIAN_POINT('',(-0.642576976703843,7.92501934849415,0.505581165989171));
#8536=CARTESIAN_POINT('',(-0.567332895691757,7.90837864929717,0.454862192223469));
#8537=CARTESIAN_POINT('',(-0.517386740028135,7.89733274453945,0.427550772964987));
#8538=CARTESIAN_POINT('',(-0.49428533625234,7.89222372458611,0.416125591372323));
#8539=CARTESIAN_POINT('',(-0.974984762018479,8.27095207555364,1.30471779001494));
#8540=CARTESIAN_POINT('',(-0.975081446913424,8.27095191684862,1.27237657578706));
#8541=CARTESIAN_POINT('',(-0.972343200578544,8.27095641158812,1.20685688774605));
#8542=CARTESIAN_POINT('',(-0.958652948154577,8.27097888367818,1.10722025910821));
#8543=CARTESIAN_POINT('',(-0.934832015329529,8.27101798494022,1.00774463525437));
#8544=CARTESIAN_POINT('',(-0.900669338232567,8.27107406182855,0.910131355369633));
#8545=CARTESIAN_POINT('',(-0.85636419465972,8.27114678723532,0.816176343986729));
#8546=CARTESIAN_POINT('',(-0.802563751820177,8.27123509885726,0.727639049969769));
#8547=CARTESIAN_POINT('',(-0.740343920500604,8.27133723062294,0.646098416928495));
#8548=CARTESIAN_POINT('',(-0.671138425284145,8.27145082912153,0.57282064377565));
#8549=CARTESIAN_POINT('',(-0.596619173421439,8.27157314997338,0.50866660723589));
#8550=CARTESIAN_POINT('',(-0.522233524997615,8.27169525151969,0.456608854728572));
#8551=CARTESIAN_POINT('',(-0.47275146644886,8.27177647465871,0.428139435764606));
#8552=CARTESIAN_POINT('',(-0.449840039108635,8.27181408299802,0.41612559137233));
#8553=CARTESIAN_POINT('',(-0.974839667881114,8.18224979345229,1.30456827503173));
#8554=CARTESIAN_POINT('',(-0.97493331688863,8.18226683495231,1.27217388440513));
#8555=CARTESIAN_POINT('',(-0.972158536705405,8.18176190256891,1.20652327059819));
#8556=CARTESIAN_POINT('',(-0.958299148892107,8.17923988163054,1.10663993978126));
#8557=CARTESIAN_POINT('',(-0.934176765822533,8.17485028260899,1.00689468150855));
#8558=CARTESIAN_POINT('',(-0.899570175436397,8.16855285109652,0.909022638573608));
#8559=CARTESIAN_POINT('',(-0.854678509907195,8.16038382357902,0.814856929955629));
#8560=CARTESIAN_POINT('',(-0.800160006168304,8.15046298076766,0.726194149099347));
#8561=CARTESIAN_POINT('',(-0.737112507104136,8.13899009936099,0.644646497010587));
#8562=CARTESIAN_POINT('',(-0.667000742611623,8.12623171923213,0.571505994061775));
#8563=CARTESIAN_POINT('',(-0.591533550737963,8.11249880110988,0.507649416508569));
#8564=CARTESIAN_POINT('',(-0.516242849900897,8.09879799941988,0.456033024964892));
#8565=CARTESIAN_POINT('',(-0.466194859957802,8.08969066508019,0.427945368759787));
#8566=CARTESIAN_POINT('',(-0.443029806120319,8.0854752732026,0.416125591372332));
#8567=CARTESIAN_POINT('',(-1.00697076539988,8.0973120798121,1.30441520218322));
#8568=CARTESIAN_POINT('',(-1.00705770531239,8.09733799062153,1.27196636976992));
#8569=CARTESIAN_POINT('',(-1.00435728876056,8.09653318214352,1.20618171468161));
#8570=CARTESIAN_POINT('',(-0.990882455416253,8.09251726093018,1.1060458111494));
#8571=CARTESIAN_POINT('',(-0.967422439267246,8.08552544336105,1.006024502225));
#8572=CARTESIAN_POINT('',(-0.933754839025246,8.07549144690567,0.907887538702614));
#8573=CARTESIAN_POINT('',(-0.890070727794521,8.0624722173171,0.813506119088653));
#8574=CARTESIAN_POINT('',(-0.837013065815175,8.04665937682934,0.724714865302537));
#8575=CARTESIAN_POINT('',(-0.775657629543728,8.02837354042754,0.643160027140718));
#8576=CARTESIAN_POINT('',(-0.70744142341646,8.0080429803175,0.570160060883916));
#8577=CARTESIAN_POINT('',(-0.634041685221535,7.98616756574738,0.506608020664751));
#8578=CARTESIAN_POINT('',(-0.560853610731186,7.96435523357238,0.455443492730142));
#8579=CARTESIAN_POINT('',(-0.512238402087503,7.94986638293549,0.427746683727759));
#8580=CARTESIAN_POINT('',(-0.489744703961725,7.94316255831952,0.416125591372325));
#8581=CARTESIAN_POINT('',(-1.02630665285147,8.0098835667533,1.30426426671413));
#8582=CARTESIAN_POINT('',(-1.02639198169051,8.00990243775983,1.27176175269306));
#8583=CARTESIAN_POINT('',(-1.02361260859356,8.00928776201338,1.20584492796214));
#8584=CARTESIAN_POINT('',(-1.0097567699996,8.00622345663463,1.1054599784258));
#8585=CARTESIAN_POINT('',(-0.985626530785435,8.00088690328834,1.00516647338688));
#8586=CARTESIAN_POINT('',(-0.950985947647243,7.99322592163694,0.906768288403417));
#8587=CARTESIAN_POINT('',(-0.906028988024078,7.98328340879292,0.812174169798838));
#8588=CARTESIAN_POINT('',(-0.851419749362125,7.9712062340607,0.723256236969916));
#8589=CARTESIAN_POINT('',(-0.788272736954538,7.95724087725752,0.64169431307527));
#8590=CARTESIAN_POINT('',(-0.718078373416456,7.94171695466788,0.568832921175308));
#8591=CARTESIAN_POINT('',(-0.642576976703843,7.92501934849415,0.505581165989171));
#8592=CARTESIAN_POINT('',(-0.567332895691757,7.90837864929717,0.454862192223469));
#8593=CARTESIAN_POINT('',(-0.517386740028135,7.89733274453945,0.427550772964987));
#8594=CARTESIAN_POINT('',(-0.49428533625234,7.89222372458611,0.416125591372323));
#8595=CARTESIAN_POINT('',(-1.02630665285147,8.0098835667533,1.30426426671413));
#8596=CARTESIAN_POINT('',(-1.02639198169051,8.00990243775983,1.27176175269306));
#8597=CARTESIAN_POINT('',(-1.02361260859356,8.00928776201338,1.20584492796214));
#8598=CARTESIAN_POINT('',(-1.0097567699996,8.00622345663463,1.1054599784258));
#8599=CARTESIAN_POINT('',(-0.985626530785435,8.00088690328834,1.00516647338688));
#8600=CARTESIAN_POINT('',(-0.950985947647243,7.99322592163694,0.906768288403417));
#8601=CARTESIAN_POINT('',(-0.906028988024078,7.98328340879292,0.812174169798838));
#8602=CARTESIAN_POINT('',(-0.851419749362125,7.9712062340607,0.723256236969916));
#8603=CARTESIAN_POINT('',(-0.788272736954538,7.95724087725752,0.641694313075271));
#8604=CARTESIAN_POINT('',(-0.718078373416456,7.94171695466788,0.568832921175308));
#8605=CARTESIAN_POINT('',(-0.642576976703843,7.92501934849415,0.505581165989171));
#8606=CARTESIAN_POINT('',(-0.567332895691757,7.90837864929717,0.454862192223469));
#8607=CARTESIAN_POINT('',(-0.517386740028135,7.89733274453945,0.427550772964987));
#8608=CARTESIAN_POINT('',(-0.49428533625234,7.89222372458612,0.41612559137232));
#8609=CARTESIAN_POINT('',(-1.20840285145686,7.18652338106033,1.30284284447606));
#8610=CARTESIAN_POINT('',(-1.20846042258089,7.18653286332776,1.26983478837451));
#8611=CARTESIAN_POINT('',(-1.2053122122152,7.18601433649502,1.20267326701695));
#8612=CARTESIAN_POINT('',(-1.18973978307726,7.18344947537679,1.0999429474314));
#8613=CARTESIAN_POINT('',(-1.16255522840094,7.17897203600695,0.997086058102084));
#8614=CARTESIAN_POINT('',(-1.1234250527678,7.17252708993319,0.896227841715321));
#8615=CARTESIAN_POINT('',(-1.07254362822621,7.16414665125586,0.799630648040993));
#8616=CARTESIAN_POINT('',(-1.01068518164059,7.15395823921836,0.709519725852908));
#8617=CARTESIAN_POINT('',(-0.93918057419494,7.14218105366893,0.627891072658129));
#8618=CARTESIAN_POINT('',(-0.859825311377432,7.12911082382068,0.556334693248855));
#8619=CARTESIAN_POINT('',(-0.774722779485014,7.11509398847782,0.495910847408868));
#8620=CARTESIAN_POINT('',(-0.69028306723067,7.10118632302123,0.449387843005328));
#8621=CARTESIAN_POINT('',(-0.634560384353722,7.09200850359118,0.425705799635885));
#8622=CARTESIAN_POINT('',(-0.608863623937007,7.08777611177397,0.416125591372306));
#8623=CARTESIAN_POINT('',(-1.29999517352569,6.3482564640748,1.301421422238));
#8624=CARTESIAN_POINT('',(-1.30002430374226,6.34825805071013,1.26790782405596));
#8625=CARTESIAN_POINT('',(-1.29649902627912,6.34806603944304,1.19950160607176));
#8626=CARTESIAN_POINT('',(-1.27917190401386,6.34712228317531,1.09442591643699));
#8627=CARTESIAN_POINT('',(-1.24886512481852,6.34547156400901,0.989005642817293));
#8628=CARTESIAN_POINT('',(-1.20514535628781,6.34309027963051,0.885687395027236));
#8629=CARTESIAN_POINT('',(-1.14820734272252,6.33998903717653,0.78708712628314));
#8630=CARTESIAN_POINT('',(-1.07893793364824,6.33621614067503,0.695783214735897));
#8631=CARTESIAN_POINT('',(-0.998889285485119,6.3318561314207,0.614087832240985));
#8632=CARTESIAN_POINT('',(-0.91016896914046,6.32702380246594,0.543836465322401));
#8633=CARTESIAN_POINT('',(-0.815251756169354,6.32185394717864,0.486240528828567));
#8634=CARTESIAN_POINT('',(-0.721412521335152,6.31674280612025,0.443913493787195));
#8635=CARTESIAN_POINT('',(-0.659785811202331,6.31338618445759,0.423860826306782));
#8636=CARTESIAN_POINT('',(-0.631436552458104,6.31184208554629,0.416125591372293));
#8637=CARTESIAN_POINT('',(-1.29999999999997,5.50500000001404,1.3));
#8638=CARTESIAN_POINT('',(-1.29999999999997,5.50500000001404,1.26598085973752));
#8639=CARTESIAN_POINT('',(-1.29613534951178,5.50500000001404,1.19632994512677));
#8640=CARTESIAN_POINT('',(-1.27723998553238,5.50500000001404,1.0889088854429));
#8641=CARTESIAN_POINT('',(-1.24413646723786,5.50500000001405,0.980925227532984));
#8642=CARTESIAN_POINT('',(-1.19629561823499,5.50500000001404,0.875146948339763));
#8643=CARTESIAN_POINT('',(-1.1339102278265,5.50500000001405,0.774543604526031));
#8644=CARTESIAN_POINT('',(-1.05797049824568,5.50500000001404,0.682046703619698));
#8645=CARTESIAN_POINT('',(-0.970233946515513,5.50500000001405,0.600284591824657));
#8646=CARTESIAN_POINT('',(-0.873098711061698,5.50500000001404,0.53133823739669));
#8647=CARTESIAN_POINT('',(-0.769385764486066,5.50500000001404,0.476570210248833));
#8648=CARTESIAN_POINT('',(-0.667158018490863,5.50500000001404,0.438439144569378));
#8649=CARTESIAN_POINT('',(-0.600294458513995,5.50500000001404,0.422015852977792));
#8650=CARTESIAN_POINT('',(-0.569600373241629,5.50500000001404,0.416125591372276));
#8651=CARTESIAN_POINT('',(-1.18119642735549,11.3699999999999,2.20000000000142));
#8652=CARTESIAN_POINT('',(-1.15750084229311,11.0374047174427,2.19910496049389));
#8653=CARTESIAN_POINT('',(-1.13377683940583,10.7048981086034,2.19820828865742));
#8654=CARTESIAN_POINT('',(-1.1100645878185,10.3724357830578,2.19731148887556));
#8655=CARTESIAN_POINT('',(-1.18119642735549,11.3699999999999,2.20000000000142));
#8656=CARTESIAN_POINT('',(-0.937362755474753,11.3699999999999,2.52001718010592));
#8657=CARTESIAN_POINT('',(-0.589018892781843,11.3699999999999,2.7213189645716));
#8658=CARTESIAN_POINT('',(-0.18999999999997,11.3699999999999,2.77279496196857));
#8659=CARTESIAN_POINT('',(-1.15744815523222,11.0366651928495,2.19910297037628));
#8660=CARTESIAN_POINT('',(-0.920367094951384,11.036654424245,2.48424976134884));
#8661=CARTESIAN_POINT('',(-0.583918236019411,11.0366545351385,2.6665148295325));
#8662=CARTESIAN_POINT('',(-0.181855294006494,11.0366666666617,2.72578730352124));
#8663=CARTESIAN_POINT('',(-1.13366516295393,10.7033328964414,2.19820406773404));
#8664=CARTESIAN_POINT('',(-0.903384266401045,10.7033214936325,2.44932195223796));
#8665=CARTESIAN_POINT('',(-0.578616182705792,10.7033211346278,2.61314773072751));
#8666=CARTESIAN_POINT('',(-0.173710588013024,10.7033333333235,2.67877964507391));
#8667=CARTESIAN_POINT('',(-1.10989086031077,10.37,2.19730491847357));
#8668=CARTESIAN_POINT('',(-0.886505642993557,10.3699999999999,2.41516376074238));
#8669=CARTESIAN_POINT('',(-0.573183067602217,10.369999999999,2.5611468534431));
#8670=CARTESIAN_POINT('',(-0.165565882019547,10.3699999999853,2.63177198662657));
#8671=CARTESIAN_POINT('',(-1.48836778958812,9.96960912504742,1.30764347061361));
#8672=CARTESIAN_POINT('',(-1.48701401375517,10.4364034180824,1.30843474776488));
#8673=CARTESIAN_POINT('',(-1.48513496696178,10.9031961665253,1.30923849122368));
#8674=CARTESIAN_POINT('',(-1.48273066696662,11.3699862316725,1.3100292250544));
#8675=CARTESIAN_POINT('',(-1.17774051054606,11.3699999999999,2.20451758277201));
#8676=CARTESIAN_POINT('',(-1.17889776143558,11.3699999999999,2.2030108820534));
#8677=CARTESIAN_POINT('',(-1.19439617543893,11.3699999999999,2.18275068426532));
#8678=CARTESIAN_POINT('',(-1.2257906915748,11.3699999999999,2.1394475320645));
#8679=CARTESIAN_POINT('',(-1.26942252985587,11.3699999999999,2.07213360799715));
#8680=CARTESIAN_POINT('',(-1.31174470135971,11.3699999999999,1.99787030130012));
#8681=CARTESIAN_POINT('',(-1.350237114362,11.3699999999999,1.92018086868234));
#8682=CARTESIAN_POINT('',(-1.38453108959042,11.3699999999999,1.83935049573908));
#8683=CARTESIAN_POINT('',(-1.41428540696553,11.3699999999999,1.75571392231959));
#8684=CARTESIAN_POINT('',(-1.43919432250201,11.3699999999999,1.66965220776482));
#8685=CARTESIAN_POINT('',(-1.45899512867991,11.3699999999999,1.58158797537763));
#8686=CARTESIAN_POINT('',(-1.47347492615261,11.3699999999999,1.49197921394283));
#8687=CARTESIAN_POINT('',(-1.48247629127389,11.3699999999999,1.40131179630489));
#8688=CARTESIAN_POINT('',(-1.48475908665688,11.37,1.34051705652575));
#8689=CARTESIAN_POINT('',(-1.4849657574822,11.37,1.31008459742456));
#8690=CARTESIAN_POINT('',(-1.14415553672171,10.9033335497158,2.20301783246981));
#8691=CARTESIAN_POINT('',(-1.14541542989474,10.9033333333332,2.20159311372135));
#8692=CARTESIAN_POINT('',(-1.1622910830013,10.9033333333332,2.18242830127267));
#8693=CARTESIAN_POINT('',(-1.19664620873537,10.9033333333332,2.14117243842267));
#8694=CARTESIAN_POINT('',(-1.24484870571418,10.9033333333332,2.07613486590775));
#8695=CARTESIAN_POINT('',(-1.29195954405429,10.9033333333332,2.00339225020268));
#8696=CARTESIAN_POINT('',(-1.33502627524579,10.9033333333332,1.92638480422745));
#8697=CARTESIAN_POINT('',(-1.37348893369151,10.9033333333332,1.84548175282501));
#8698=CARTESIAN_POINT('',(-1.4068458534363,10.9033333333332,1.76115404696184));
#8699=CARTESIAN_POINT('',(-1.43467804779033,10.9033333333332,1.6739580411769));
#8700=CARTESIAN_POINT('',(-1.45666606243737,10.9033333333332,1.58451205935948));
#8701=CARTESIAN_POINT('',(-1.47259856667527,10.9033333333332,1.49347000021395));
#8702=CARTESIAN_POINT('',(-1.48237169374539,10.9033333333332,1.40149574763283));
#8703=CARTESIAN_POINT('',(-1.48477787862905,10.9033333333332,1.34001019932972));
#8704=CARTESIAN_POINT('',(-1.48496842850255,10.9033333333332,1.30929796820889));
#8705=CARTESIAN_POINT('',(-1.11057050167745,10.4366668127527,2.20151762142188));
#8706=CARTESIAN_POINT('',(-1.1119330196551,10.4366666666666,2.20017489202094));
#8707=CARTESIAN_POINT('',(-1.13018589565097,10.4366666666666,2.18210545499636));
#8708=CARTESIAN_POINT('',(-1.16750172589593,10.4366666666666,2.14289734478085));
#8709=CARTESIAN_POINT('',(-1.22027488157248,10.4366666666665,2.08013612381834));
#8710=CARTESIAN_POINT('',(-1.27217438674888,10.4366666666665,2.00891419910523));
#8711=CARTESIAN_POINT('',(-1.31981543612957,10.4366666666665,1.93258873977254));
#8712=CARTESIAN_POINT('',(-1.3624467777926,10.4366666666665,1.85161300991093));
#8713=CARTESIAN_POINT('',(-1.39940629990706,10.4366666666665,1.76659417160409));
#8714=CARTESIAN_POINT('',(-1.43016177307865,10.4366666666665,1.67826387458896));
#8715=CARTESIAN_POINT('',(-1.45433699619482,10.4366666666666,1.58743614334132));
#8716=CARTESIAN_POINT('',(-1.47172220719793,10.4366666666666,1.49496078648506));
#8717=CARTESIAN_POINT('',(-1.48226709621688,10.4366666666666,1.40167969896077));
#8718=CARTESIAN_POINT('',(-1.48479667060121,10.4366666666665,1.33950334213369));
#8719=CARTESIAN_POINT('',(-1.4849710995229,10.4366666666665,1.30851133899321));
#8720=CARTESIAN_POINT('',(-1.07698540966855,9.96999999999775,2.20001700647658));
#8721=CARTESIAN_POINT('',(-1.07845054309988,9.96999999999774,2.19875628829054));
#8722=CARTESIAN_POINT('',(-1.09808062848522,9.9699999999977,2.1817822191296));
#8723=CARTESIAN_POINT('',(-1.13835724305631,9.96999999999766,2.14462225113903));
#8724=CARTESIAN_POINT('',(-1.19570105743064,9.96999999999756,2.08413738172896));
#8725=CARTESIAN_POINT('',(-1.25238922944335,9.96999999999747,2.01443614800782));
#8726=CARTESIAN_POINT('',(-1.30460459701326,9.96999999999741,1.93879267531769));
#8727=CARTESIAN_POINT('',(-1.35140462189363,9.96999999999733,1.8577442669969));
#8728=CARTESIAN_POINT('',(-1.39196674637779,9.96999999999728,1.77203429624637));
#8729=CARTESIAN_POINT('',(-1.42564549836693,9.9699999999972,1.68256970800106));
#8730=CARTESIAN_POINT('',(-1.45200792995226,9.96999999999718,1.59036022732319));
#8731=CARTESIAN_POINT('',(-1.47084584772057,9.96999999999714,1.49645157275617));
#8732=CARTESIAN_POINT('',(-1.48216249868837,9.96999999999713,1.4018636502887));
#8733=CARTESIAN_POINT('',(-1.48481546257338,9.96999999999712,1.33899648493767));
#8734=CARTESIAN_POINT('',(-1.48497377054324,9.96999999999712,1.30772470977754));
#8735=CARTESIAN_POINT('',(-1.17950502537554,11.3704060830811,0.427442138749151));
#8736=CARTESIAN_POINT('',(-1.16144447210548,11.0059390597249,0.419926977999271));
#8737=CARTESIAN_POINT('',(-1.14256293558637,10.6414988401494,0.413084946603544));
#8738=CARTESIAN_POINT('',(-1.122908807866,10.277088073364,0.406970974569554));
#8739=CARTESIAN_POINT('',(-0.146973844144865,11.0760692483554,1.28974404834254));
#8740=CARTESIAN_POINT('',(0.170582761080309,11.4795005437413,-0.188892609433499));
#8741=CARTESIAN_POINT('',(0.170289715055448,11.4466503942957,-0.184809458114468));
#8742=CARTESIAN_POINT('',(0.169996669030588,11.4138002448501,-0.180726306795438));
#8743=CARTESIAN_POINT('',(0.169703623005725,11.3809500954045,-0.176643155476407));
#8744=CARTESIAN_POINT('',(0.169671062336298,11.3773000787995,-0.176189471996515));
#8745=CARTESIAN_POINT('',(0.16963850166687,11.3736500621944,-0.175735788516624));
#8746=CARTESIAN_POINT('',(0.16960594099744,11.3700000455893,-0.175282105036731));
#8747=CARTESIAN_POINT('',(0.167380203938416,11.1204972753325,-0.144269839258041));
#8748=CARTESIAN_POINT('',(0.164124015887295,10.755495595029,-0.0989016580363677));
#8749=CARTESIAN_POINT('',(0.160868199052007,10.3904939754062,-0.0535329656457491));
#8750=CARTESIAN_POINT('',(0.159837767690903,10.2749950685684,-0.0391770231706093));
#8751=CARTESIAN_POINT('',(0.159512128927596,10.2384948972755,-0.0346402325311153));
#8752=CARTESIAN_POINT('',(0.15918649016429,10.2019947259826,-0.0301034418916244));
#8753=CARTESIAN_POINT('',(0.158860851400982,10.1654945546897,-0.0255666512521304));
#8754=CARTESIAN_POINT('',(0.158846057922347,10.1638363844561,-0.0253605488989618));
#8755=CARTESIAN_POINT('',(0.158831264443711,10.1621782142225,-0.0251544465457932));
#8756=CARTESIAN_POINT('',(0.158816470965075,10.1605200439889,-0.0249483441926245));
#8757=CARTESIAN_POINT('',(0.170289031411321,11.479500543803,-0.188928009265289));
#8758=CARTESIAN_POINT('',(0.169996955474236,11.4466503943396,-0.18484425970969));
#8759=CARTESIAN_POINT('',(0.16970487953715,11.4138002448762,-0.180760510154093));
#8760=CARTESIAN_POINT('',(0.169412803600063,11.3809500954128,-0.176676760598494));
#8761=CARTESIAN_POINT('',(0.169380350718166,11.3773000788058,-0.176223010647872));
#8762=CARTESIAN_POINT('',(0.169347897836268,11.3736500621987,-0.175769260697251));
#8763=CARTESIAN_POINT('',(0.169315444954369,11.3700000455917,-0.175315510746629));
#8764=CARTESIAN_POINT('',(0.16709707588579,11.1204972751995,-0.144298701254029));
#8765=CARTESIAN_POINT('',(0.163851666522347,10.7554955946906,-0.0989238729714075));
#8766=CARTESIAN_POINT('',(0.160606628575126,10.3904939748853,-0.0535485334829747));
#8767=CARTESIAN_POINT('',(0.159579607921852,10.2749950679786,-0.0391904876588455));
#8768=CARTESIAN_POINT('',(0.159255047016539,10.2384948966639,-0.0346530323152387));
#8769=CARTESIAN_POINT('',(0.158930486111227,10.2019947253493,-0.0301155769716351));
#8770=CARTESIAN_POINT('',(0.158605925205914,10.1654945540346,-0.0255781216280283));
#8771=CARTESIAN_POINT('',(0.158591180693406,10.1638363838,-0.0253719890779445));
#8772=CARTESIAN_POINT('',(0.158576436180897,10.1621782135654,-0.0251658565278608));
#8773=CARTESIAN_POINT('',(0.158561691668389,10.1605200433308,-0.024959723977777));
#8774=CARTESIAN_POINT('',(0.155677874087794,11.479500546891,-0.190684644161709));
#8775=CARTESIAN_POINT('',(0.155434031967311,11.4466503965363,-0.186571121969954));
#8776=CARTESIAN_POINT('',(0.155190189846827,11.4138002461816,-0.1824575997782));
#8777=CARTESIAN_POINT('',(0.154946347726342,11.3809500958268,-0.178344077586445));
#8778=CARTESIAN_POINT('',(0.154919254157401,11.3773000791208,-0.177887019565139));
#8779=CARTESIAN_POINT('',(0.154892160588459,11.3736500624147,-0.177429961543834));
#8780=CARTESIAN_POINT('',(0.154865067019516,11.3700000457086,-0.176972903522528));
#8781=CARTESIAN_POINT('',(0.153013042429287,11.1204972685466,-0.145729965524449));
#8782=CARTESIAN_POINT('',(0.150303561107212,10.7554955777605,-0.100024330771481));
#8783=CARTESIAN_POINT('',(0.147594461176036,10.390493948823,-0.0543181829795592));
#8784=CARTESIAN_POINT('',(0.146737024613273,10.2749950384694,-0.0398554590936196));
#8785=CARTESIAN_POINT('',(0.146466055975815,10.2384948660655,-0.0352849232015359));
#8786=CARTESIAN_POINT('',(0.146195087338357,10.2019946936616,-0.0307143873094557));
#8787=CARTESIAN_POINT('',(0.145924118700899,10.1654945212576,-0.0261438514173721));
#8788=CARTESIAN_POINT('',(0.145911808837329,10.1638363509736,-0.0259362160474699));
#8789=CARTESIAN_POINT('',(0.14589949897376,10.1621781806895,-0.0257285806775677));
#8790=CARTESIAN_POINT('',(0.145887189110191,10.1605200104054,-0.0255209453076655));
#8791=CARTESIAN_POINT('',(0.126784018055978,11.4795005547095,-0.193737161159573));
#8792=CARTESIAN_POINT('',(0.126633404505951,11.4466504020844,-0.189563351329818));
#8793=CARTESIAN_POINT('',(0.126482790955923,11.4138002494593,-0.185389541500066));
#8794=CARTESIAN_POINT('',(0.126332177405895,11.3809500968342,-0.181215731670311));
#8795=CARTESIAN_POINT('',(0.126315442567006,11.3773000798759,-0.180751975022561));
#8796=CARTESIAN_POINT('',(0.126298707728113,11.3736500629175,-0.180288218374814));
#8797=CARTESIAN_POINT('',(0.126281972889223,11.3700000459592,-0.179824461727063));
#8798=CARTESIAN_POINT('',(0.12513803599383,11.1204972515532,-0.148123628317643));
#8799=CARTESIAN_POINT('',(0.123464421026127,10.7554955347756,-0.101748132081468));
#8800=CARTESIAN_POINT('',(0.12179120783477,10.3904938821911,-0.0553721192469974));
#8801=CARTESIAN_POINT('',(0.121261551009586,10.2749949632142,-0.0406974291009606));
#8802=CARTESIAN_POINT('',(0.121094167911555,10.238494788085,-0.0360599072519227));
#8803=CARTESIAN_POINT('',(0.120926784813524,10.2019946129559,-0.0314223854028882));
#8804=CARTESIAN_POINT('',(0.120759401715492,10.1654944378268,-0.0267848635538501));
#8805=CARTESIAN_POINT('',(0.120751797650609,10.1638362674189,-0.0265741850716568));
#8806=CARTESIAN_POINT('',(0.120744193585725,10.162178097011,-0.0263635065894634));
#8807=CARTESIAN_POINT('',(0.120736589520842,10.1605199266031,-0.02615282810727));
#8808=CARTESIAN_POINT('',(0.084421836434808,11.4795005744932,-0.197026584180972));
#8809=CARTESIAN_POINT('',(0.0844000388319569,11.4466504160116,-0.192758456966138));
#8810=CARTESIAN_POINT('',(0.0843782412291091,11.41380025753,-0.1884903297513));
#8811=CARTESIAN_POINT('',(0.084356443626258,11.3809500990484,-0.184222202536466));
#8812=CARTESIAN_POINT('',(0.084354021670386,11.3773000814393,-0.183747966179265));
#8813=CARTESIAN_POINT('',(0.084351599714514,11.3736500638303,-0.18327372982206));
#8814=CARTESIAN_POINT('',(0.0843491777586421,11.3700000462212,-0.182799493464855));
#8815=CARTESIAN_POINT('',(0.0841836210598787,11.1204972073343,-0.150382302618467));
#8816=CARTESIAN_POINT('',(0.083941283518546,10.755495424226,-0.102958837459208));
#8817=CARTESIAN_POINT('',(0.0836993810889759,10.3904937091693,-0.0555348495031426));
#8818=CARTESIAN_POINT('',(0.0836226232564068,10.2749947685466,-0.0405285475431946));
#8819=CARTESIAN_POINT('',(0.0835983661087551,10.238494586577,-0.0357862291351079));
#8820=CARTESIAN_POINT('',(0.0835741089611035,10.2019944046073,-0.0310439107270213));
#8821=CARTESIAN_POINT('',(0.0835498518134518,10.1654942226377,-0.0263015923189381));
#8822=CARTESIAN_POINT('',(0.0835487498328648,10.163836051919,-0.0260861530225173));
#8823=CARTESIAN_POINT('',(0.0835476478522777,10.1621778812004,-0.0258707137260966));
#8824=CARTESIAN_POINT('',(0.0835465458716907,10.1605197104817,-0.0256552744296758));
#8825=CARTESIAN_POINT('',(0.0428446262212695,11.4795006007532,-0.199121724041384));
#8826=CARTESIAN_POINT('',(0.0429399031334765,11.4466504344978,-0.194753407087556));
#8827=CARTESIAN_POINT('',(0.043035180045687,11.4138002682423,-0.190385090133726));
#8828=CARTESIAN_POINT('',(0.043130456957894,11.3809501019868,-0.186016773179898));
#8829=CARTESIAN_POINT('',(0.0431410432814721,11.377300083514,-0.185531404629473));
#8830=CARTESIAN_POINT('',(0.0431516296050503,11.3736500650412,-0.185046036079049));
#8831=CARTESIAN_POINT('',(0.0431622159286285,11.3700000465684,-0.184560667528621));
#8832=CARTESIAN_POINT('',(0.0438858611460334,11.1204971486374,-0.151382517665227));
#8833=CARTESIAN_POINT('',(0.0449443404949152,10.7554952778921,-0.102845834670457));
#8834=CARTESIAN_POINT('',(0.046003288840489,10.3904934790624,-0.0543086243220432));
#8835=CARTESIAN_POINT('',(0.0463381477739042,10.274994510051,-0.0389500633026108));
#8836=CARTESIAN_POINT('',(0.0464439704934705,10.2384943191099,-0.0340964233559675));
#8837=CARTESIAN_POINT('',(0.0465497932130368,10.2019941281688,-0.0292427834093275));
#8838=CARTESIAN_POINT('',(0.0466556159326031,10.1654939372277,-0.0243891434626841));
#8839=CARTESIAN_POINT('',(0.0466604233643879,10.1638357661015,-0.0241686469280351));
#8840=CARTESIAN_POINT('',(0.0466652307961727,10.1621775949753,-0.0239481503933861));
#8841=CARTESIAN_POINT('',(0.0466700382279575,10.1605194238491,-0.0237276538587371));
#8842=CARTESIAN_POINT('',(0.0153355819236707,11.4795006250272,-0.199777977914038));
#8843=CARTESIAN_POINT('',(0.0155043011481719,11.4466504515011,-0.195337452219674));
#8844=CARTESIAN_POINT('',(0.015673020372673,11.4138002779749,-0.190896926525309));
#8845=CARTESIAN_POINT('',(0.0158417395971743,11.3809501044488,-0.186456400830945));
#8846=CARTESIAN_POINT('',(0.0158604861776774,11.3773000851681,-0.185963009087129));
#8847=CARTESIAN_POINT('',(0.0158792327581772,11.3736500658874,-0.185469617343311));
#8848=CARTESIAN_POINT('',(0.015897979338677,11.3700000466067,-0.184976225599492));
#8849=CARTESIAN_POINT('',(0.0171794320753954,11.1204970934536,-0.151249637415288));
#8850=CARTESIAN_POINT('',(0.0190539287277802,10.7554951409418,-0.101910636630757));
#8851=CARTESIAN_POINT('',(0.0209289200893831,10.3904932633529,-0.0525711037430519));
#8852=CARTESIAN_POINT('',(0.0215219901667472,10.2749942679561,-0.0369586630035047));
#8853=CARTESIAN_POINT('',(0.0217094132342472,10.2384940686766,-0.032024791533242));
#8854=CARTESIAN_POINT('',(0.021896836301747,10.2019938693972,-0.0270909200629794));
#8855=CARTESIAN_POINT('',(0.0220842593692469,10.1654936701178,-0.0221570485927168));
#8856=CARTESIAN_POINT('',(0.022092773832073,10.1638354986127,-0.0219329072114944));
#8857=CARTESIAN_POINT('',(0.0221012882948991,10.1621773271077,-0.0217087658302721));
#8858=CARTESIAN_POINT('',(0.0221098027577252,10.1605191556027,-0.0214846244490498));
#8859=CARTESIAN_POINT('',(0.00123118235655084,11.4795006417283,-0.199929252606241));
#8860=CARTESIAN_POINT('',(0.00143707079357583,11.446650463112,-0.195449940593806));
#8861=CARTESIAN_POINT('',(0.00164295923060428,11.4138002844957,-0.190970628581371));
#8862=CARTESIAN_POINT('',(0.00184884766763274,11.3809501058794,-0.186491316568937));
#8863=CARTESIAN_POINT('',(0.00187172416063475,11.3773000860332,-0.185993615234222));
#8864=CARTESIAN_POINT('',(0.00189460065363675,11.3736500661869,-0.185495913899504));
#8865=CARTESIAN_POINT('',(0.00191747714664223,11.3700000463407,-0.184998212564789));
#8866=CARTESIAN_POINT('',(0.00348123671148684,11.120497054527,-0.150977035346138));
#8867=CARTESIAN_POINT('',(0.00576871927292222,10.7554950448039,-0.101207077144611));
#8868=CARTESIAN_POINT('',(0.00805671291531987,10.3904931120084,-0.0514365817128933));
#8869=CARTESIAN_POINT('',(0.00878046293939158,10.274994098167,-0.0356877723196644));
#8870=CARTESIAN_POINT('',(0.00900918371758014,10.2384938930587,-0.0307108053833518));
#8871=CARTESIAN_POINT('',(0.00923790449576523,10.2019936879504,-0.0257338384470427));
#8872=CARTESIAN_POINT('',(0.00946662527395378,10.165493482842,-0.0207568715107336));
#8873=CARTESIAN_POINT('',(0.00947701585495015,10.1638353110722,-0.0205307723409182));
#8874=CARTESIAN_POINT('',(0.00948740643594651,10.1621771393024,-0.0203046731711028));
#8875=CARTESIAN_POINT('',(0.00949779701694288,10.1605189675326,-0.0200785740012875));
#8876=CARTESIAN_POINT('',(0.000354015496948495,11.4795006448723,-0.199938225672223));
#8877=CARTESIAN_POINT('',(0.000562230924833901,11.4466504652497,-0.195456496721804));
#8878=CARTESIAN_POINT('',(0.000770446352719306,11.4138002856271,-0.19097476777139));
#8879=CARTESIAN_POINT('',(0.000978661780604712,11.3809501060046,-0.186493038820975));
#8880=CARTESIAN_POINT('',(0.00100179682814908,11.3773000860465,-0.185995068937595));
#8881=CARTESIAN_POINT('',(0.00102493187568997,11.3736500660884,-0.185497099054218));
#8882=CARTESIAN_POINT('',(0.00104806692323434,11.3700000461304,-0.184999129170837));
#8883=CARTESIAN_POINT('',(0.00262950040053403,11.120497046674,-0.150959594875226));
#8884=CARTESIAN_POINT('',(0.00494283744241139,10.7554950256344,-0.101162782571896));
#8885=CARTESIAN_POINT('',(0.00725668854927725,10.3904930819388,-0.0513654306946391));
#8886=CARTESIAN_POINT('',(0.00798861929914366,10.2749940644457,-0.0356081241526234));
#8887=CARTESIAN_POINT('',(0.00821992536494121,10.2384938581833,-0.0306284719321423));
#8888=CARTESIAN_POINT('',(0.00845123143073875,10.2019936519209,-0.025648819711661));
#8889=CARTESIAN_POINT('',(0.0086825374965363,10.1654934456585,-0.0206691674911798));
#8890=CARTESIAN_POINT('',(0.00869304552484337,10.1638352738363,-0.0204429463312991));
#8891=CARTESIAN_POINT('',(0.00870355355315044,10.1621771020141,-0.0202167251714183));
#8892=CARTESIAN_POINT('',(0.00871406158145751,10.1605189301918,-0.0199905040115375));
#8893=CARTESIAN_POINT('',(-0.0021138916737086,11.4795006511998,-0.199961862190198));
#8894=CARTESIAN_POINT('',(-0.00189927728865002,11.4466504695876,-0.195473300754622));
#8895=CARTESIAN_POINT('',(-0.00168466290359145,11.4138002879754,-0.19098473931905));
#8896=CARTESIAN_POINT('',(-0.00147004851852942,11.3809501063632,-0.186496177883475));
#8897=CARTESIAN_POINT('',(-0.00144620247574667,11.3773000861841,-0.185997448835079));
#8898=CARTESIAN_POINT('',(-0.00142235643296046,11.3736500660049,-0.185498719786679));
#8899=CARTESIAN_POINT('',(-0.00139851039017771,11.3700000458258,-0.184999990738283));
#8900=CARTESIAN_POINT('',(0.000231524313259318,11.1204970312577,-0.150908562493822));
#8901=CARTESIAN_POINT('',(0.00261595904217996,10.7554949878761,-0.101035834805209));
#8902=CARTESIAN_POINT('',(0.00500091346716108,10.3904930225585,-0.0511625641204574));
#8903=CARTESIAN_POINT('',(0.00575534097571953,10.2749939978731,-0.0353812359610313));
#8904=CARTESIAN_POINT('',(0.00599375650747053,10.2384937893378,-0.0303939923860155));
#8905=CARTESIAN_POINT('',(0.00623217203922152,10.2019935808025,-0.0254067488109997));
#8906=CARTESIAN_POINT('',(0.00647058757097252,10.1654933722672,-0.0204195052359839));
#8907=CARTESIAN_POINT('',(0.00648141857597814,10.1638352003417,-0.0201929392076361));
#8908=CARTESIAN_POINT('',(0.00649224958098377,10.1621770284162,-0.0199663731792882));
#8909=CARTESIAN_POINT('',(0.00650308058598939,10.1605188564907,-0.0197398071509404));
#8910=CARTESIAN_POINT('',(-0.00598815476544196,11.4795006612176,-0.199991721383483));
#8911=CARTESIAN_POINT('',(-0.00576464785373779,11.4466504764965,-0.195492184736292));
#8912=CARTESIAN_POINT('',(-0.00554114094203015,11.4138002917754,-0.190992648089099));
#8913=CARTESIAN_POINT('',(-0.00531763403032598,11.3809501070543,-0.186493111441909));
#8914=CARTESIAN_POINT('',(-0.00529279992902629,11.3773000865297,-0.185993162925556));
#8915=CARTESIAN_POINT('',(-0.0052679658277266,11.3736500660052,-0.185493214409199));
#8916=CARTESIAN_POINT('',(-0.00524313172642343,11.3700000454806,-0.184993265892846));
#8917=CARTESIAN_POINT('',(-0.00354555668999335,11.1204970073,-0.150818478949903));
#8918=CARTESIAN_POINT('',(-0.00106231865228817,10.7554949290846,-0.100823805684038));
#8919=CARTESIAN_POINT('',(0.00142144687563864,10.3904929298243,-0.0508285856871491));
#8920=CARTESIAN_POINT('',(0.0022071377721658,10.2749938939647,-0.0350086704514388));
#8921=CARTESIAN_POINT('',(0.00245543321574643,10.2384936818981,-0.0300092325195029));
#8922=CARTESIAN_POINT('',(0.00270372865932706,10.2019934698315,-0.025009794587567));
#8923=CARTESIAN_POINT('',(0.00295202410291115,10.165493257765,-0.0200103566556278));
#8924=CARTESIAN_POINT('',(0.00296330394350116,10.163835085679,-0.0197832366485189));
#8925=CARTESIAN_POINT('',(0.00297458378409117,10.1621769135931,-0.0195561166414101));
#8926=CARTESIAN_POINT('',(0.00298586362468117,10.1605187415072,-0.0193289966343012));
#8927=CARTESIAN_POINT('',(-0.0112386787830612,11.4795006787263,-0.200017783606296));
#8928=CARTESIAN_POINT('',(-0.0110128814876029,11.4466504886452,-0.195502157480614));
#8929=CARTESIAN_POINT('',(-0.0107870841921411,11.4138002985641,-0.190986531354935));
#8930=CARTESIAN_POINT('',(-0.0105612868966827,11.380950108483,-0.186470905229252));
#8931=CARTESIAN_POINT('',(-0.0105361983082988,11.3773000873629,-0.185969168993065));
#8932=CARTESIAN_POINT('',(-0.0105111097199149,11.3736500662427,-0.185467432756879));
#8933=CARTESIAN_POINT('',(-0.0104860211315311,11.3700000451226,-0.184965696520693));
#8934=CARTESIAN_POINT('',(-0.00877105022014865,11.1204969662317,-0.150668707106129));
#8935=CARTESIAN_POINT('',(-0.00626236665418611,10.7554948281612,-0.100495263138404));
#8936=CARTESIAN_POINT('',(-0.00375314585039297,10.390492769963,-0.0503212685120606));
#8937=CARTESIAN_POINT('',(-0.00295940478507728,10.2749937150072,-0.0344447848384094));
#8938=CARTESIAN_POINT('',(-0.00270856531274511,10.2384934969058,-0.0294274700474526));
#8939=CARTESIAN_POINT('',(-0.00245772584041293,10.2019932788045,-0.0244101552564924));
#8940=CARTESIAN_POINT('',(-0.00220688636808075,10.1654930607031,-0.0193928404655323));
#8941=CARTESIAN_POINT('',(-0.0021954909545333,10.163834888343,-0.0191649083286594));
#8942=CARTESIAN_POINT('',(-0.00218409554098585,10.1621767159829,-0.0189369761917865));
#8943=CARTESIAN_POINT('',(-0.0021727001274384,10.1605185436228,-0.0187090440549137));
#8944=CARTESIAN_POINT('',(-0.0164384214867592,11.4795007006576,-0.200030280370416));
#8945=CARTESIAN_POINT('',(-0.0162257028011107,11.4466505038939,-0.195497102740293));
#8946=CARTESIAN_POINT('',(-0.0160129841154655,11.4138003071302,-0.190963925110169));
#8947=CARTESIAN_POINT('',(-0.0158002654298169,11.3809501103665,-0.186430747480046));
#8948=CARTESIAN_POINT('',(-0.0157766300203019,11.3773000885038,-0.185927061076696));
#8949=CARTESIAN_POINT('',(-0.0157529946107835,11.3736500666412,-0.18542337467335));
#8950=CARTESIAN_POINT('',(-0.0157293592012684,11.3700000447786,-0.184919688270004));
#8951=CARTESIAN_POINT('',(-0.0141137226744893,11.120496915132,-0.150489392034795));
#8952=CARTESIAN_POINT('',(-0.0117503599225445,10.755494702558,-0.100120932840233));
#8953=CARTESIAN_POINT('',(-0.00938645096040455,10.3904925706294,-0.0497519184224759));
#8954=CARTESIAN_POINT('',(-0.00863869585001828,10.2749934919666,-0.0338137261012475));
#8955=CARTESIAN_POINT('',(-0.00840238894148082,10.2384932663733,-0.0287769100330172));
#8956=CARTESIAN_POINT('',(-0.00816608203294336,10.20199304078,-0.0237400939647868));
#8957=CARTESIAN_POINT('',(-0.0079297751244059,10.1654928151867,-0.0187032778965566));
#8958=CARTESIAN_POINT('',(-0.00791903991227255,10.1638346424862,-0.0184744598340472));
#8959=CARTESIAN_POINT('',(-0.00790830470013919,10.1621764697858,-0.0182456417715378));
#8960=CARTESIAN_POINT('',(-0.00789756948800584,10.1605182970854,-0.0180168237090284));
#8961=CARTESIAN_POINT('',(-0.0207550856835479,11.4795007195415,-0.200026514397446));
#8962=CARTESIAN_POINT('',(-0.0205583703767158,11.4466505170126,-0.195478344701508));
#8963=CARTESIAN_POINT('',(-0.0203616550698838,11.4138003144837,-0.190930175005566));
#8964=CARTESIAN_POINT('',(-0.0201649397630517,11.3809501119547,-0.186382005309628));
#8965=CARTESIAN_POINT('',(-0.0201430825067378,11.3773000894515,-0.185876653121189));
#8966=CARTESIAN_POINT('',(-0.0201212252504239,11.3736500669483,-0.185371300932753));
#8967=CARTESIAN_POINT('',(-0.02009936799411,11.3700000444451,-0.184865948744314));
#8968=CARTESIAN_POINT('',(-0.0186052799964926,11.1204968710106,-0.150321785083346));
#8969=CARTESIAN_POINT('',(-0.0164197349274038,10.7554945941499,-0.0997867489491624));
#8970=CARTESIAN_POINT('',(-0.0142336364061212,10.3904923986359,-0.0492511527811542));
#8971=CARTESIAN_POINT('',(-0.0135421500664472,10.2749932995114,-0.0332602506916638));
#8972=CARTESIAN_POINT('',(-0.0133236253155554,10.2384930674517,-0.0282067771881136));
#8973=CARTESIAN_POINT('',(-0.0131051005646671,10.201992835392,-0.0231533036845599));
#8974=CARTESIAN_POINT('',(-0.0128865758137753,10.1654926033323,-0.0180998301810062));
#8975=CARTESIAN_POINT('',(-0.0128766484292069,10.1638344303381,-0.0178702553860639));
#8976=CARTESIAN_POINT('',(-0.0128667210446386,10.1621762573439,-0.0176406805911217));
#8977=CARTESIAN_POINT('',(-0.0128567936600702,10.1605180843497,-0.0174111057961794));
#8978=CARTESIAN_POINT('',(-0.0259435081490199,11.4795007393465,-0.200006634198223));
#8979=CARTESIAN_POINT('',(-0.025763670859439,11.4466505307721,-0.195440914883527));
#8980=CARTESIAN_POINT('',(-0.0255838335698582,11.4138003221978,-0.19087519556883));
#8981=CARTESIAN_POINT('',(-0.0254039962802773,11.3809501136234,-0.186309476254138));
#8982=CARTESIAN_POINT('',(-0.0253840143592115,11.3773000904485,-0.185802174108058));
#8983=CARTESIAN_POINT('',(-0.0253640324381459,11.3736500672736,-0.185294871961983));
#8984=CARTESIAN_POINT('',(-0.0253440505170801,11.3700000440986,-0.184787569815904));
#8985=CARTESIAN_POINT('',(-0.0239781540842359,11.1204968247481,-0.150110113656415));
#8986=CARTESIAN_POINT('',(-0.0219801450343781,10.7554944804544,-0.0993800834950664));
#8987=CARTESIAN_POINT('',(-0.0199815748871124,10.3904922183089,-0.0486494879763915));
#8988=CARTESIAN_POINT('',(-0.0193494325975985,10.27499309771,-0.032596884076733));
#8989=CARTESIAN_POINT('',(-0.0191496618596708,10.2384928588639,-0.0275239114566773));
#8990=CARTESIAN_POINT('',(-0.0189498911217466,10.2019926200178,-0.022450938836625));
#8991=CARTESIAN_POINT('',(-0.0187501203838189,10.1654923811718,-0.0173779662165692));
#8992=CARTESIAN_POINT('',(-0.018741044977336,10.1638342078693,-0.0171475055941522));
#8993=CARTESIAN_POINT('',(-0.0187319695708531,10.1621760345668,-0.0169170449717352));
#8994=CARTESIAN_POINT('',(-0.0187228941643703,10.1605178612643,-0.0166865843493182));
#8995=CARTESIAN_POINT('',(-0.0328747728818371,11.4795007637701,-0.199952965896448));
#8996=CARTESIAN_POINT('',(-0.0327138321074734,11.4466505477569,-0.195364578573274));
#8997=CARTESIAN_POINT('',(-0.0325528913331062,11.4138003317437,-0.190776191250105));
#8998=CARTESIAN_POINT('',(-0.0323919505587391,11.3809501157305,-0.186187803926931));
#8999=CARTESIAN_POINT('',(-0.0323740682504764,11.377300091729,-0.185677983113247));
#9000=CARTESIAN_POINT('',(-0.0323561859422137,11.3736500677275,-0.18516816229956));
#9001=CARTESIAN_POINT('',(-0.0323383036339511,11.3700000437261,-0.184658341485873));
#9002=CARTESIAN_POINT('',(-0.0311159296195497,11.120496767876,-0.14980871774095));
#9003=CARTESIAN_POINT('',(-0.0293278848645592,10.7554943406275,-0.0988268226947298));
#9004=CARTESIAN_POINT('',(-0.0275392697716669,10.3904919964491,-0.0478443565410016));
#9005=CARTESIAN_POINT('',(-0.0269735688699126,10.2749928494435,-0.0317120550378161));
#9006=CARTESIAN_POINT('',(-0.0267947950582832,10.2384926022524,-0.0266138962384307));
#9007=CARTESIAN_POINT('',(-0.0266160212466539,10.2019923550613,-0.0215157374390453));
#9008=CARTESIAN_POINT('',(-0.0264372474350211,10.1654921078702,-0.0164175786396599));
#9009=CARTESIAN_POINT('',(-0.0264291259001762,10.1638339341886,-0.0161859738315752));
#9010=CARTESIAN_POINT('',(-0.0264210043653313,10.162175760507,-0.0159543690234904));
#9011=CARTESIAN_POINT('',(-0.0264128828304865,10.1605175868254,-0.0157227642154057));
#9012=CARTESIAN_POINT('',(-0.0528449589863346,11.4795008228593,-0.199664534703681));
#9013=CARTESIAN_POINT('',(-0.0527282087328454,11.4466505890333,-0.195013776083887));
#9014=CARTESIAN_POINT('',(-0.0526114584793527,11.4138003552073,-0.19036301746409));
#9015=CARTESIAN_POINT('',(-0.0524947082258601,11.3809501213813,-0.185712258844296));
#9016=CARTESIAN_POINT('',(-0.0524817359754716,11.3773000954007,-0.185195507886539));
#9017=CARTESIAN_POINT('',(-0.0524687637250831,11.37365006942,-0.184678756928786));
#9018=CARTESIAN_POINT('',(-0.0524557914746947,11.3700000434393,-0.184162005971029));
#9019=CARTESIAN_POINT('',(-0.0515690523832137,11.1204966322981,-0.148838661054229));
#9020=CARTESIAN_POINT('',(-0.0502720194371017,10.755494006677,-0.0971637538848043));
#9021=CARTESIAN_POINT('',(-0.0489743976965634,10.3904914655145,-0.0454882686079395));
#9022=CARTESIAN_POINT('',(-0.0485640727047355,10.2749922555009,-0.0291366757832566));
#9023=CARTESIAN_POINT('',(-0.0484344010662947,10.2384919883978,-0.0239692161478951));
#9024=CARTESIAN_POINT('',(-0.0483047294278574,10.2019917212948,-0.0188017565125373));
#9025=CARTESIAN_POINT('',(-0.0481750577894201,10.1654914541918,-0.0136342968771758));
#9026=CARTESIAN_POINT('',(-0.0481691669225177,10.1638332796056,-0.0133995437939102));
#9027=CARTESIAN_POINT('',(-0.0481632760556154,10.1621751050194,-0.0131647907106446));
#9028=CARTESIAN_POINT('',(-0.048157385188713,10.1605169304333,-0.0129300376273789));
#9029=CARTESIAN_POINT('',(-0.0980628166479744,11.4795009540309,-0.19816787406733));
#9030=CARTESIAN_POINT('',(-0.0980488955142599,11.446650680838,-0.193386565153572));
#9031=CARTESIAN_POINT('',(-0.0980349743805418,11.4138004076452,-0.188605256239817));
#9032=CARTESIAN_POINT('',(-0.0980210532468238,11.3809501344523,-0.183823947326063));
#9033=CARTESIAN_POINT('',(-0.0980195064541889,11.3773001040976,-0.183292690780089));
#9034=CARTESIAN_POINT('',(-0.0980179596615539,11.3736500737428,-0.182761434234116));
#9035=CARTESIAN_POINT('',(-0.098016412868919,11.370000043388,-0.182230177688142));
#9036=CARTESIAN_POINT('',(-0.0979106793643179,11.1204963332485,-0.145915279900174));
#9037=CARTESIAN_POINT('',(-0.0977562028775941,10.7554932697994,-0.0927898156455279));
#9038=CARTESIAN_POINT('',(-0.0976011048479629,10.3904902920917,-0.0396637679606123));
#9039=CARTESIAN_POINT('',(-0.0975523289967993,10.2749909433163,-0.0228531706403818));
#9040=CARTESIAN_POINT('',(-0.0975369147650021,10.2384906323615,-0.01754065558268));
#9041=CARTESIAN_POINT('',(-0.0975215005332049,10.2019903214067,-0.0122281405249783));
#9042=CARTESIAN_POINT('',(-0.0975060863014077,10.1654900104519,-0.00691562546727663));
#9043=CARTESIAN_POINT('',(-0.0975053860466024,10.1638318338736,-0.00667428264552406));
#9044=CARTESIAN_POINT('',(-0.0975046857917972,10.1621736572952,-0.00643293982377149));
#9045=CARTESIAN_POINT('',(-0.097503985536992,10.1605154807169,-0.00619159700201893));
#9046=CARTESIAN_POINT('',(-0.16847110561952,11.4795011219003,-0.192658814530999));
#9047=CARTESIAN_POINT('',(-0.168534599609648,11.4466507981558,-0.187726016839256));
#9048=CARTESIAN_POINT('',(-0.168598093599773,11.4138004744114,-0.182793219147518));
#9049=CARTESIAN_POINT('',(-0.168661587589897,11.3809501506669,-0.17786042145578));
#9050=CARTESIAN_POINT('',(-0.16866864247769,11.3773001146953,-0.177312332823367));
#9051=CARTESIAN_POINT('',(-0.168675697365481,11.3736500787237,-0.17676424419095));
#9052=CARTESIAN_POINT('',(-0.168682752253274,11.3700000427521,-0.176216155558537));
#9053=CARTESIAN_POINT('',(-0.169165000483442,11.1204959486641,-0.138750673362045));
#9054=CARTESIAN_POINT('',(-0.169870706909214,10.7554923231546,-0.0839420004831119));
#9055=CARTESIAN_POINT('',(-0.170575746213792,10.3904887845387,-0.0291327441126737));
#9056=CARTESIAN_POINT('',(-0.170799169130039,10.2749892577123,-0.0117895225734427));
#9057=CARTESIAN_POINT('',(-0.17086977563998,10.2384888904895,-0.00630868665660485));
#9058=CARTESIAN_POINT('',(-0.17094038214992,10.2019885232668,-0.000827850739766947));
#9059=CARTESIAN_POINT('',(-0.171010988659858,10.165488156044,0.00465298517707095));
#9060=CARTESIAN_POINT('',(-0.171014196250643,10.1638299769094,0.00490197466535764));
#9061=CARTESIAN_POINT('',(-0.171017403841427,10.1621717977749,0.00515096415364433));
#9062=CARTESIAN_POINT('',(-0.171020611432212,10.1605136186404,0.00539995364193102));
#9063=CARTESIAN_POINT('',(-0.253574626269664,11.4795012899465,-0.180775185900537));
#9064=CARTESIAN_POINT('',(-0.253641823341567,11.4466509152043,-0.175741261713399));
#9065=CARTESIAN_POINT('',(-0.253709020413474,11.413800540462,-0.170707337526265));
#9066=CARTESIAN_POINT('',(-0.253776217485378,11.3809501657198,-0.165673413339127));
#9067=CARTESIAN_POINT('',(-0.253783683826701,11.3773001240818,-0.165114088429444));
#9068=CARTESIAN_POINT('',(-0.253791150168024,11.3736500824438,-0.164554763519764));
#9069=CARTESIAN_POINT('',(-0.253798616509347,11.3700000408058,-0.163995438610081));
#9070=CARTESIAN_POINT('',(-0.254308990309052,11.1204955593807,-0.125761882563883));
#9071=CARTESIAN_POINT('',(-0.255055859671338,10.7554913670439,-0.0698295797559295));
#9072=CARTESIAN_POINT('',(-0.255802008016507,10.3904872621696,-0.0138967002071295));
#9073=CARTESIAN_POINT('',(-0.256038465449554,10.2749875558831,0.0038020770544208));
#9074=CARTESIAN_POINT('',(-0.25611319115083,10.238487131947,0.00939527632710761));
#9075=CARTESIAN_POINT('',(-0.256187916852103,10.2019867080109,0.0149884755997944));
#9076=CARTESIAN_POINT('',(-0.256262642553375,10.1654862840748,0.0205816748724778));
#9077=CARTESIAN_POINT('',(-0.256266037275349,10.1638281023639,0.0208357689278229));
#9078=CARTESIAN_POINT('',(-0.256269431997323,10.1621699206529,0.0210898629831681));
#9079=CARTESIAN_POINT('',(-0.256272826719297,10.1605117389419,0.0213439570385133));
#9080=CARTESIAN_POINT('',(-0.338810587625246,11.4795014262796,-0.163554569563051));
#9081=CARTESIAN_POINT('',(-0.338803732781442,11.4466510097132,-0.158502145026442));
#9082=CARTESIAN_POINT('',(-0.338796877937638,11.4138005931468,-0.153449720489832));
#9083=CARTESIAN_POINT('',(-0.338790023093831,11.3809501765804,-0.148397295953227));
#9084=CARTESIAN_POINT('',(-0.338789261444521,11.3773001302953,-0.147835915449158));
#9085=CARTESIAN_POINT('',(-0.338788499795208,11.3736500840101,-0.147274534945089));
#9086=CARTESIAN_POINT('',(-0.338787738145898,11.370000037725,-0.146713154441024));
#9087=CARTESIAN_POINT('',(-0.338735674379136,11.1204952386378,-0.108339084926185));
#9088=CARTESIAN_POINT('',(-0.338659762785958,10.7554905815432,-0.0522012188394778));
#9089=CARTESIAN_POINT('',(-0.338583074671866,10.3904860120488,0.00393721221733472));
#9090=CARTESIAN_POINT('',(-0.338559185780713,10.2749861586737,0.0217010386665221));
#9091=CARTESIAN_POINT('',(-0.338551636370567,10.2384856882544,0.0273147948999294));
#9092=CARTESIAN_POINT('',(-0.338544086960421,10.2019852178351,0.0329285511333366));
#9093=CARTESIAN_POINT('',(-0.338536537550275,10.1654847474158,0.038542307366744));
#9094=CARTESIAN_POINT('',(-0.338536194587305,10.1638265635932,0.0387973353064836));
#9095=CARTESIAN_POINT('',(-0.338535851624334,10.1621683797705,0.0390523632462233));
#9096=CARTESIAN_POINT('',(-0.338535508661363,10.1605101959479,0.0393073911859629));
#9097=CARTESIAN_POINT('',(-0.423697789181346,11.4795015263232,-0.140932743315005));
#9098=CARTESIAN_POINT('',(-0.423550587617752,11.4466510785766,-0.135946407231526));
#9099=CARTESIAN_POINT('',(-0.423403386054157,11.4138006308299,-0.130960071148047));
#9100=CARTESIAN_POINT('',(-0.423256184490562,11.3809501830832,-0.125973735064571));
#9101=CARTESIAN_POINT('',(-0.423239828761274,11.3773001333336,-0.12541969772196));
#9102=CARTESIAN_POINT('',(-0.423223473031985,11.373650083584,-0.124865660379352));
#9103=CARTESIAN_POINT('',(-0.423207117302697,11.3700000338344,-0.124311623036744));
#9104=CARTESIAN_POINT('',(-0.422089095055537,11.1204949979274,-0.0864395071634005));
#9105=CARTESIAN_POINT('',(-0.420453793942691,10.7554899944337,-0.0310359516961424));
#9106=CARTESIAN_POINT('',(-0.418817659670959,10.3904850783916,0.0243681518018058));
#9107=CARTESIAN_POINT('',(-0.418300336745354,10.2749851154295,0.0418996203772355));
#9108=CARTESIAN_POINT('',(-0.418136851428348,10.2384846103783,0.0474399464594367));
#9109=CARTESIAN_POINT('',(-0.417973366111341,10.2019841053271,0.0529802725416344));
#9110=CARTESIAN_POINT('',(-0.417809880794335,10.1654836002759,0.0585205986238322));
#9111=CARTESIAN_POINT('',(-0.417802453802168,10.16382541488,0.0587722906972821));
#9112=CARTESIAN_POINT('',(-0.417795026810001,10.162167229484,0.0590239827707321));
#9113=CARTESIAN_POINT('',(-0.417787599817834,10.1605090440881,0.059275674844182));
#9114=CARTESIAN_POINT('',(-0.507730694843202,11.4795015880147,-0.112966308509621));
#9115=CARTESIAN_POINT('',(-0.50739088068813,11.4466511204413,-0.10812910713749));
#9116=CARTESIAN_POINT('',(-0.507051066533062,11.4138006528679,-0.103291905765362));
#9117=CARTESIAN_POINT('',(-0.506711252377994,11.3809501852945,-0.0984547043932308));
#9118=CARTESIAN_POINT('',(-0.506673495249653,11.3773001333419,-0.0979172375741074));
#9119=CARTESIAN_POINT('',(-0.506635738121312,11.3736500813893,-0.0973797707549805));
#9120=CARTESIAN_POINT('',(-0.506597980992972,11.3700000294367,-0.0968423039358537));
#9121=CARTESIAN_POINT('',(-0.504017031606348,11.1204948429422,-0.0601028929132028));
#9122=CARTESIAN_POINT('',(-0.500241609320593,10.7554896192598,-0.00635638247438626));
#9123=CARTESIAN_POINT('',(-0.496465296458293,10.3904844826966,0.0473906535585471));
#9124=CARTESIAN_POINT('',(-0.49527077646282,10.2749844501159,0.0643977807697083));
#9125=CARTESIAN_POINT('',(-0.494893282115549,10.2384839230637,0.0697724035553533));
#9126=CARTESIAN_POINT('',(-0.494515787768275,10.2019833960115,0.0751470263409947));
#9127=CARTESIAN_POINT('',(-0.494138293421001,10.1654828689593,0.0805216491266362));
#9128=CARTESIAN_POINT('',(-0.494121144189427,10.1638246825639,0.0807658134470859));
#9129=CARTESIAN_POINT('',(-0.494103994957852,10.1621664961684,0.0810099777675355));
#9130=CARTESIAN_POINT('',(-0.494086845726278,10.160508309773,0.0812541420879852));
#9131=CARTESIAN_POINT('',(-0.590403769058341,11.4795016088083,-0.0797118725826256));
#9132=CARTESIAN_POINT('',(-0.589833105224365,11.4466511336066,-0.0751053077888541));
#9133=CARTESIAN_POINT('',(-0.58926244139039,11.413800658405,-0.0704987429950826));
#9134=CARTESIAN_POINT('',(-0.588691777556414,11.3809501832033,-0.065892178201311));
#9135=CARTESIAN_POINT('',(-0.588628370463751,11.3773001304032,-0.0653803376686728));
#9136=CARTESIAN_POINT('',(-0.588564963371084,11.373650077603,-0.0648684971360312));
#9137=CARTESIAN_POINT('',(-0.588501556278421,11.3700000248028,-0.0643566566033895));
#9138=CARTESIAN_POINT('',(-0.584167262222983,11.1204947803702,-0.0293689717127174));
#9139=CARTESIAN_POINT('',(-0.577826862320635,10.7554894720496,0.0218149192119324));
#9140=CARTESIAN_POINT('',(-0.571485514168628,10.3904842504799,0.0729993077327167));
#9141=CARTESIAN_POINT('',(-0.569479358175452,10.2749841911794,0.0891955400810721));
#9142=CARTESIAN_POINT('',(-0.568845369167282,10.2384836556832,0.09431390242059));
#9143=CARTESIAN_POINT('',(-0.568211380159108,10.201983120187,0.0994322647601079));
#9144=CARTESIAN_POINT('',(-0.567577391150934,10.1654825846908,0.104550627099629));
#9145=CARTESIAN_POINT('',(-0.567548589595638,10.1638243979117,0.104783149736526));
#9146=CARTESIAN_POINT('',(-0.567519788040343,10.1621662111327,0.105015672373423));
#9147=CARTESIAN_POINT('',(-0.567490986485047,10.1605080243536,0.10524819501032));
#9148=CARTESIAN_POINT('',(-0.67123293569047,11.4795015876493,-0.0413444684247855));
#9149=CARTESIAN_POINT('',(-0.670406511934372,11.4466511174048,-0.0370452819697439));
#9150=CARTESIAN_POINT('',(-0.669580088178277,11.4138006471604,-0.0327460955146988));
#9151=CARTESIAN_POINT('',(-0.668753664422182,11.380950176916,-0.0284469090596536));
#9152=CARTESIAN_POINT('',(-0.668661839560391,11.3773001246666,-0.027969221675762));
#9153=CARTESIAN_POINT('',(-0.668570014698604,11.3736500724173,-0.027491534291867));
#9154=CARTESIAN_POINT('',(-0.668478189836813,11.3700000201679,-0.0270138469079754));
#9155=CARTESIAN_POINT('',(-0.662201353352591,11.1204948133863,0.00563924443218629));
#9156=CARTESIAN_POINT('',(-0.653019195303643,10.755489560237,0.0534078315272257));
#9157=CARTESIAN_POINT('',(-0.643836031484716,10.3904843935596,0.101176882363352));
#9158=CARTESIAN_POINT('',(-0.640930656731879,10.2749843517646,0.116292402642252));
#9159=CARTESIAN_POINT('',(-0.640012495001591,10.2384838218006,0.121069236419006));
#9160=CARTESIAN_POINT('',(-0.639094333271303,10.2019832918365,0.125846070195756));
#9161=CARTESIAN_POINT('',(-0.638176171541015,10.1654827618724,0.13062290397251));
#9162=CARTESIAN_POINT('',(-0.638134460272359,10.1638245753447,0.130839911271351));
#9163=CARTESIAN_POINT('',(-0.638092749003702,10.162166388817,0.131056918570192));
#9164=CARTESIAN_POINT('',(-0.638051037735046,10.1605082022893,0.131273925869033));
#9165=CARTESIAN_POINT('',(-0.749734120788045,11.4795015231369,0.00196086248584367));
#9166=CARTESIAN_POINT('',(-0.748640353073028,11.4466510709169,0.00588069155056138));
#9167=CARTESIAN_POINT('',(-0.747546585358007,11.413800618697,0.00980052061528257));
#9168=CARTESIAN_POINT('',(-0.74645281764299,11.380950166477,0.0137203496800003));
#9169=CARTESIAN_POINT('',(-0.746331287896879,11.3773001162303,0.0141558862427459));
#9170=CARTESIAN_POINT('',(-0.746209758150766,11.3736500659837,0.0145914228054916));
#9171=CARTESIAN_POINT('',(-0.746088228404652,11.370000015737,0.0150269593682407));
#9172=CARTESIAN_POINT('',(-0.73778086665683,11.1204949458545,0.0447987633656905));
#9173=CARTESIAN_POINT('',(-0.72562823869109,10.7554898929823,0.0883522812655611));
#9174=CARTESIAN_POINT('',(-0.713474548201941,10.3904849265657,0.131906223306026));
#9175=CARTESIAN_POINT('',(-0.709629225794616,10.274984948148,0.145687959638268));
#9176=CARTESIAN_POINT('',(-0.708414020123963,10.2384844382125,0.150043288624601));
#9177=CARTESIAN_POINT('',(-0.70719881445331,10.201983928277,0.154398617610933));
#9178=CARTESIAN_POINT('',(-0.705983608782653,10.1654834183416,0.158753946597265));
#9179=CARTESIAN_POINT('',(-0.705928403072668,10.1638252327237,0.158951805309345));
#9180=CARTESIAN_POINT('',(-0.705873197362683,10.1621670471059,0.159149664021425));
#9181=CARTESIAN_POINT('',(-0.705817991652698,10.160508861488,0.159347522733505));
#9182=CARTESIAN_POINT('',(-0.825478646165709,11.4795014152733,0.0499197771463966));
#9183=CARTESIAN_POINT('',(-0.824117650272859,11.4466509941941,0.0533959998971646));
#9184=CARTESIAN_POINT('',(-0.822756654380009,11.4138005731149,0.0568722226479326));
#9185=CARTESIAN_POINT('',(-0.821395658487163,11.3809501520357,0.060348445398704));
#9186=CARTESIAN_POINT('',(-0.82124443672129,11.3773001052491,0.0607346923710093));
#9187=CARTESIAN_POINT('',(-0.821093214955417,11.3736500584625,0.061120939343318));
#9188=CARTESIAN_POINT('',(-0.820941993189547,11.3700000116759,0.0615071863156267));
#9189=CARTESIAN_POINT('',(-0.810604985556244,11.120495178313,0.0879097208850137));
#9190=CARTESIAN_POINT('',(-0.79548317370999,10.7554904713209,0.126534294542015));
#9191=CARTESIAN_POINT('',(-0.780360243875101,10.3904858511776,0.165159246972102));
#9192=CARTESIAN_POINT('',(-0.775575380539576,10.2749859821412,0.177381306090367));
#9193=CARTESIAN_POINT('',(-0.774063259462925,10.2384855067726,0.18124374309157));
#9194=CARTESIAN_POINT('',(-0.772551138386275,10.201985031404,0.18510618009277));
#9195=CARTESIAN_POINT('',(-0.77103901730962,10.1654845560354,0.188968617093969));
#9196=CARTESIAN_POINT('',(-0.770970322997508,10.1638263719879,0.18914408416269));
#9197=CARTESIAN_POINT('',(-0.770901628685397,10.1621681879404,0.189319551231411));
#9198=CARTESIAN_POINT('',(-0.770832934373285,10.1605100038929,0.189495018300132));
#9199=CARTESIAN_POINT('',(-0.898037836357918,11.4795012647872,0.102247927338013));
#9200=CARTESIAN_POINT('',(-0.89642142706654,11.4466508877855,0.10522402655787));
#9201=CARTESIAN_POINT('',(-0.894805017775162,11.4138005107838,0.108200125777726));
#9202=CARTESIAN_POINT('',(-0.893188608483784,11.3809501337821,0.111176224997586));
#9203=CARTESIAN_POINT('',(-0.893009007451408,11.377300091893,0.11150690268868));
#9204=CARTESIAN_POINT('',(-0.892829406419032,11.3736500500039,0.111837580379777));
#9205=CARTESIAN_POINT('',(-0.892649805386656,11.3700000081149,0.112168258070871));
#9206=CARTESIAN_POINT('',(-0.88037288723334,11.1204955095287,0.134772264824138));
#9207=CARTESIAN_POINT('',(-0.862413166217865,10.7554912919769,0.167839926953789));
#9208=CARTESIAN_POINT('',(-0.844452273631422,10.3904871622244,0.20090791699367));
#9209=CARTESIAN_POINT('',(-0.838769408813105,10.2749874479018,0.211371589710926));
#9210=CARTESIAN_POINT('',(-0.836973499700352,10.2384870214261,0.214678338294002));
#9211=CARTESIAN_POINT('',(-0.835177590587599,10.2019865949504,0.217985086877077));
#9212=CARTESIAN_POINT('',(-0.833381681474846,10.1654861684748,0.221291835460153));
#9213=CARTESIAN_POINT('',(-0.833300094925316,10.1638279866484,0.221442058099561));
#9214=CARTESIAN_POINT('',(-0.833218508375786,10.1621698048221,0.22159228073897));
#9215=CARTESIAN_POINT('',(-0.833136921826257,10.1605116229958,0.221742503378378));
#9216=CARTESIAN_POINT('',(-0.96706650529799,11.479501074092,0.158573675730868));
#9217=CARTESIAN_POINT('',(-0.965215919703416,11.4466507534075,0.1610032451813));
#9218=CARTESIAN_POINT('',(-0.963365334108842,11.413800432723,0.163432814631737));
#9219=CARTESIAN_POINT('',(-0.961514748514268,11.3809501120385,0.16586238408217));
#9220=CARTESIAN_POINT('',(-0.961309127892648,11.3773000764069,0.166132336243329));
#9221=CARTESIAN_POINT('',(-0.961103507271029,11.3736500407753,0.166402288404489));
#9222=CARTESIAN_POINT('',(-0.960897886649412,11.3700000051437,0.166672240565649));
#9223=CARTESIAN_POINT('',(-0.94684235751983,11.1204959342967,0.185125255807455));
#9224=CARTESIAN_POINT('',(-0.926280694293086,10.7554923419692,0.21212038332173));
#9225=CARTESIAN_POINT('',(-0.905717808267009,10.3904888390418,0.239115782414102));
#9226=CARTESIAN_POINT('',(-0.899211609504572,10.274989322289,0.247657909048434));
#9227=CARTESIAN_POINT('',(-0.897155508924954,10.2384889582497,0.250357407198634));
#9228=CARTESIAN_POINT('',(-0.895099408345337,10.2019885942104,0.253056905348834));
#9229=CARTESIAN_POINT('',(-0.893043307765719,10.1654882301711,0.255756403499034));
#9230=CARTESIAN_POINT('',(-0.89294990094987,10.1638300511812,0.255879039292779));
#9231=CARTESIAN_POINT('',(-0.89285649413402,10.1621718721913,0.256001675086524));
#9232=CARTESIAN_POINT('',(-0.892763087318171,10.1605136932014,0.25612431088027));
#9233=CARTESIAN_POINT('',(-1.02136069918885,11.479500889137,0.208533455447647));
#9234=CARTESIAN_POINT('',(-1.01934049880458,11.4466506233258,0.21047733012586));
#9235=CARTESIAN_POINT('',(-1.01732029842032,11.4138003575146,0.212421204804069));
#9236=CARTESIAN_POINT('',(-1.01530009803606,11.3809500917034,0.214365079482281));
#9237=CARTESIAN_POINT('',(-1.0150756313267,11.3773000621689,0.214581065557639));
#9238=CARTESIAN_POINT('',(-1.01485116461733,11.3736500326343,0.214797051632994));
#9239=CARTESIAN_POINT('',(-1.01462669790797,11.3700000030997,0.215013037708352));
#9240=CARTESIAN_POINT('',(-0.999282914063624,11.1204963490252,0.229777114141219));
#9241=CARTESIAN_POINT('',(-0.976836656140973,10.7554933657201,0.251375649542208));
#9242=CARTESIAN_POINT('',(-0.954389132266403,10.3904904739021,0.272974406047408));
#9243=CARTESIAN_POINT('',(-0.947286591240794,10.2749911495096,0.279808876708176));
#9244=CARTESIAN_POINT('',(-0.945042033511659,10.2384908462603,0.281968718360745));
#9245=CARTESIAN_POINT('',(-0.94279747578252,10.201990543011,0.284128560013314));
#9246=CARTESIAN_POINT('',(-0.940552918053384,10.1654902397618,0.286288401665878));
#9247=CARTESIAN_POINT('',(-0.940450949797284,10.1638320635335,0.286386521346163));
#9248=CARTESIAN_POINT('',(-0.940348981541185,10.1621738873053,0.286484641026448));
#9249=CARTESIAN_POINT('',(-0.940247013285085,10.160515711077,0.286582760706732));
#9250=CARTESIAN_POINT('',(-1.06273711165085,11.4795007261341,0.250099463215214));
#9251=CARTESIAN_POINT('',(-1.06059985438062,11.4466505088285,0.251642472598802));
#9252=CARTESIAN_POINT('',(-1.05846259711038,11.4138002915229,0.253185481982389));
#9253=CARTESIAN_POINT('',(-1.05632533984016,11.3809500742173,0.254728491365977));
#9254=CARTESIAN_POINT('',(-1.05608786681013,11.3773000500722,0.254899936853041));
#9255=CARTESIAN_POINT('',(-1.0558503937801,11.3736500259272,0.255071382340105));
#9256=CARTESIAN_POINT('',(-1.05561292075008,11.3700000017821,0.255242827827172));
#9257=CARTESIAN_POINT('',(-1.03938006888565,11.1204967161163,0.266962260530976));
#9258=CARTESIAN_POINT('',(-1.01563319061916,10.7554942710259,0.284106750950043));
#9259=CARTESIAN_POINT('',(-0.991885010469505,10.3904919196796,0.301251420029376));
#9260=CARTESIAN_POINT('',(-0.984370915219974,10.2749927652125,0.306676487192731));
#9261=CARTESIAN_POINT('',(-0.981996297388276,10.2384925156633,0.30839092662908));
#9262=CARTESIAN_POINT('',(-0.979621679556578,10.2019922661142,0.310105366065428));
#9263=CARTESIAN_POINT('',(-0.977247061724879,10.165492016565,0.311819805501776));
#9264=CARTESIAN_POINT('',(-0.977139184954298,10.1638338427763,0.311897690956556));
#9265=CARTESIAN_POINT('',(-0.977031308183718,10.1621756689876,0.311975576411335));
#9266=CARTESIAN_POINT('',(-0.976923431413137,10.1605174951989,0.312053461866114));
#9267=CARTESIAN_POINT('',(-1.10270046587306,11.4795005471567,0.292659300910764));
#9268=CARTESIAN_POINT('',(-1.10045969642783,11.4466503832567,0.293795193667337));
#9269=CARTESIAN_POINT('',(-1.0982189269826,11.4138002193567,0.294931086423907));
#9270=CARTESIAN_POINT('',(-1.09597815753736,11.3809500554567,0.296066979180475));
#9271=CARTESIAN_POINT('',(-1.09572918315456,11.3773000372456,0.296193189486761));
#9272=CARTESIAN_POINT('',(-1.09548020877176,11.3736500190345,0.296319399793048));
#9273=CARTESIAN_POINT('',(-1.09523123438895,11.3700000008234,0.296445610099334));
#9274=CARTESIAN_POINT('',(-1.07821218901084,11.1204971207827,0.305072919084598));
#9275=CARTESIAN_POINT('',(-1.05331518676576,10.7554952682345,0.317693905975658));
#9276=CARTESIAN_POINT('',(-1.02841684800369,10.3904935120463,0.33031502692908));
#9277=CARTESIAN_POINT('',(-1.02053882045773,10.2749945446346,0.334308711924495));
#9278=CARTESIAN_POINT('',(-1.01804919209024,10.238494354199,0.335570803405819));
#9279=CARTESIAN_POINT('',(-1.01555956372275,10.2019941637634,0.336832894887144));
#9280=CARTESIAN_POINT('',(-1.01306993535526,10.1654939733279,0.338094986368472));
#9281=CARTESIAN_POINT('',(-1.0129568337586,10.1638358022246,0.338152322059026));
#9282=CARTESIAN_POINT('',(-1.01284373216194,10.1621776311214,0.338209657749581));
#9283=CARTESIAN_POINT('',(-1.01273063056527,10.1605194600182,0.338266993440135));
#9284=CARTESIAN_POINT('',(-1.14992942761562,11.4795003038626,0.347588204411659));
#9285=CARTESIAN_POINT('',(-1.14758674866335,11.4466502127443,0.348207153060146));
#9286=CARTESIAN_POINT('',(-1.14524406971107,11.413800121626,0.348826101708629));
#9287=CARTESIAN_POINT('',(-1.14290139075879,11.3809500305077,0.349445050357113));
#9288=CARTESIAN_POINT('',(-1.14264109309743,11.3773000203834,0.349513822429168));
#9289=CARTESIAN_POINT('',(-1.14238079543606,11.3736500102592,0.349582594501222));
#9290=CARTESIAN_POINT('',(-1.1421204977747,11.3700000001349,0.349651366573277));
#9291=CARTESIAN_POINT('',(-1.12432743143312,11.1204976728842,0.354352392445306));
#9292=CARTESIAN_POINT('',(-1.09829811344176,10.7554966278911,0.361229575171781));
#9293=CARTESIAN_POINT('',(-1.07226742181499,10.3904956827224,0.368106832929994));
#9294=CARTESIAN_POINT('',(-1.06403109752327,10.2749969702591,0.370282993752338));
#9295=CARTESIAN_POINT('',(-1.0614282395768,10.2384968603928,0.37097070799095));
#9296=CARTESIAN_POINT('',(-1.05882538163033,10.2019967505265,0.371658422229563));
#9297=CARTESIAN_POINT('',(-1.05622252368386,10.1654966406602,0.372346136468178));
#9298=CARTESIAN_POINT('',(-1.0561042781684,10.1638384732172,0.372377378712784));
#9299=CARTESIAN_POINT('',(-1.05598603265293,10.1621803057741,0.37240862095739));
#9300=CARTESIAN_POINT('',(-1.05586778713746,10.1605221383311,0.372439863201997));
#9301=CARTESIAN_POINT('',(-1.18471742747157,11.479500103311,0.393073201390511));
#9302=CARTESIAN_POINT('',(-1.1823249270674,11.4466500723002,0.393278221462912));
#9303=CARTESIAN_POINT('',(-1.17993242666323,11.4138000412893,0.393483241535315));
#9304=CARTESIAN_POINT('',(-1.17753992625906,11.3809500102785,0.393688261607716));
#9305=CARTESIAN_POINT('',(-1.17727409288081,11.3773000068328,0.393711041615759));
#9306=CARTESIAN_POINT('',(-1.17700825950257,11.3736500033872,0.393733821623806));
#9307=CARTESIAN_POINT('',(-1.17674242612433,11.3699999999415,0.393756601631849));
#9308=CARTESIAN_POINT('',(-1.15857095692995,11.1204981292177,0.395313765811792));
#9309=CARTESIAN_POINT('',(-1.13198807713027,10.7554977510285,0.397591758294733));
#9310=CARTESIAN_POINT('',(-1.10540379341335,10.390497475903,0.399869776284445));
#9311=CARTESIAN_POINT('',(-1.09699230856473,10.2749989738879,0.400590605936316));
#9312=CARTESIAN_POINT('',(-1.09433409606552,10.2384989305278,0.400818403813256));
#9313=CARTESIAN_POINT('',(-1.0916758835663,10.2019988871678,0.401046201690196));
#9314=CARTESIAN_POINT('',(-1.08901767106708,10.1654988438077,0.401273999567133));
#9315=CARTESIAN_POINT('',(-1.08889691084365,10.163840679386,0.401284348221549));
#9316=CARTESIAN_POINT('',(-1.08877615062021,10.1621825149642,0.401294696875964));
#9317=CARTESIAN_POINT('',(-1.08865539039677,10.1605243505425,0.401305045530379));
#9318=CARTESIAN_POINT('',(-1.20134060895338,11.4795000007799,0.416125591372383));
#9319=CARTESIAN_POINT('',(-1.19893171206974,11.4466500005459,0.416125591372383));
#9320=CARTESIAN_POINT('',(-1.1965228151861,11.4138000003119,0.416125591372383));
#9321=CARTESIAN_POINT('',(-1.19411391830245,11.3809500000779,0.416125591372383));
#9322=CARTESIAN_POINT('',(-1.19384626309316,11.3773000000519,0.416125591372383));
#9323=CARTESIAN_POINT('',(-1.19357860788387,11.3736500000259,0.416125591372383));
#9324=CARTESIAN_POINT('',(-1.19331095267457,11.37,0.416125591372383));
#9325=CARTESIAN_POINT('',(-1.17501494928113,11.1204983630317,0.416125591372377));
#9326=CARTESIAN_POINT('',(-1.14824989302216,10.7554983261091,0.416125591372373));
#9327=CARTESIAN_POINT('',(-1.12148341247512,10.3904983943909,0.416125591372363));
#9328=CARTESIAN_POINT('',(-1.113014284289,10.275,0.416125591372363));
#9329=CARTESIAN_POINT('',(-1.11033785523908,10.2384999906514,0.416125591372363));
#9330=CARTESIAN_POINT('',(-1.10766142618916,10.2019999813029,0.416125591372363));
#9331=CARTESIAN_POINT('',(-1.10498499713924,10.1654999719544,0.416125591372363));
#9332=CARTESIAN_POINT('',(-1.10486340935415,10.1638418090777,0.416125591372363));
#9333=CARTESIAN_POINT('',(-1.10474182156905,10.1621836462011,0.416125591372363));
#9334=CARTESIAN_POINT('',(-1.10462023378396,10.1605254833245,0.416125591372363));
#9335=CARTESIAN_POINT('',(-1.20666002702756,11.47949996797,0.423502356166582));
#9336=CARTESIAN_POINT('',(-1.20424588327049,11.4466499775845,0.423436749743414));
#9337=CARTESIAN_POINT('',(-1.20183173951342,11.4137999871991,0.423371143320245));
#9338=CARTESIAN_POINT('',(-1.19941759575634,11.3809499968137,0.423305536897076));
#9339=CARTESIAN_POINT('',(-1.19914935756112,11.377299997882,0.423298247294503));
#9340=CARTESIAN_POINT('',(-1.19888111936589,11.3736499989503,0.423290957691928));
#9341=CARTESIAN_POINT('',(-1.19861288117065,11.3700000000187,0.423283668089354));
#9342=CARTESIAN_POINT('',(-1.18027702683351,11.1204984378522,0.422785375551764));
#9343=CARTESIAN_POINT('',(-1.15345367410756,10.7554985101349,0.422056417957218));
#9344=CARTESIAN_POINT('',(-1.12662889057489,10.390498688307,0.421327452200496));
#9345=CARTESIAN_POINT('',(-1.11814131652076,10.2750003283559,0.421096786711897));
#9346=CARTESIAN_POINT('',(-1.11545905817461,10.2385003298909,0.421023891391277));
#9347=CARTESIAN_POINT('',(-1.11277679982847,10.2020003314261,0.420950996070656));
#9348=CARTESIAN_POINT('',(-1.11009454148233,10.1655003329613,0.420878100750036));
#9349=CARTESIAN_POINT('',(-1.10997268887751,10.1638421705791,0.420874789180623));
#9350=CARTESIAN_POINT('',(-1.10985083627268,10.1621840081969,0.42087147761121));
#9351=CARTESIAN_POINT('',(-1.10972898366786,10.1605258458147,0.420868166041797));
#9352=CARTESIAN_POINT('',(-1.21197944510174,11.47949993516,0.430879120960781));
#9353=CARTESIAN_POINT('',(-1.20956005447123,11.4466499546232,0.430747908114444));
#9354=CARTESIAN_POINT('',(-1.20714066384074,11.4137999740864,0.430616695268107));
#9355=CARTESIAN_POINT('',(-1.20472127321023,11.3809499935495,0.43048548242177));
#9356=CARTESIAN_POINT('',(-1.20445245202907,11.3772999957121,0.430470903216622));
#9357=CARTESIAN_POINT('',(-1.2041836308479,11.3736499978747,0.430456324011472));
#9358=CARTESIAN_POINT('',(-1.20391480966673,11.3700000000374,0.430441744806325));
#9359=CARTESIAN_POINT('',(-1.18553910438589,11.1204985126727,0.429445159731151));
#9360=CARTESIAN_POINT('',(-1.15865745519297,10.7554986941607,0.427987244542062));
#9361=CARTESIAN_POINT('',(-1.13177436867465,10.3904989822232,0.426529313028629));
#9362=CARTESIAN_POINT('',(-1.12326834875253,10.2750006567117,0.426067982051432));
#9363=CARTESIAN_POINT('',(-1.12058026111015,10.2385006691305,0.425922191410191));
#9364=CARTESIAN_POINT('',(-1.11789217346779,10.2020006815494,0.425776400768949));
#9365=CARTESIAN_POINT('',(-1.11520408582541,10.1655006939682,0.425630610127709));
#9366=CARTESIAN_POINT('',(-1.11508196840087,10.1638425320805,0.425623986988884));
#9367=CARTESIAN_POINT('',(-1.11495985097632,10.1621843701927,0.425617363850058));
#9368=CARTESIAN_POINT('',(-1.11483773355177,10.160526208305,0.425610740711232));
#9369=CARTESIAN_POINT('',(-1.21729886317592,11.4794999023501,0.43825588575498));
#9370=CARTESIAN_POINT('',(-1.21487422567198,11.4466499316618,0.438059066485475));
#9371=CARTESIAN_POINT('',(-1.21244958816806,11.4137999609736,0.437862247215969));
#9372=CARTESIAN_POINT('',(-1.21002495066412,11.3809499902854,0.437665427946463));
#9373=CARTESIAN_POINT('',(-1.20975554649702,11.3772999935422,0.437643559138742));
#9374=CARTESIAN_POINT('',(-1.20948614232992,11.3736499967991,0.437621690331017));
#9375=CARTESIAN_POINT('',(-1.20921673816281,11.3700000000562,0.437599821523296));
#9376=CARTESIAN_POINT('',(-1.19080118193827,11.1204985874932,0.436104943910538));
#9377=CARTESIAN_POINT('',(-1.16386123627837,10.7554988781864,0.433918071126907));
#9378=CARTESIAN_POINT('',(-1.13691984677442,10.3904992761393,0.431731173856763));
#9379=CARTESIAN_POINT('',(-1.12839538098429,10.2750009850676,0.431039177390967));
#9380=CARTESIAN_POINT('',(-1.12570146404569,10.23850100837,0.430820491429105));
#9381=CARTESIAN_POINT('',(-1.1230075471071,10.2020010316726,0.430601805467242));
#9382=CARTESIAN_POINT('',(-1.1203136301685,10.1655010549752,0.430383119505383));
#9383=CARTESIAN_POINT('',(-1.12019124792422,10.1638428935818,0.430373184797144));
#9384=CARTESIAN_POINT('',(-1.12006886567995,10.1621847321885,0.430363250088905));
#9385=CARTESIAN_POINT('',(-1.11994648343567,10.1605265707952,0.430353315380666));
#9386=CARTESIAN_POINT('',(-0.101271592174151,4.11181810478224,0.592300261663511));
#9387=CARTESIAN_POINT('',(0.0100000000000308,1.66999999999989,0.962561805101686));
#9388=CARTESIAN_POINT('',(0.116666666666698,1.66999999999989,0.962561805101686));
#9389=CARTESIAN_POINT('',(0.223333333333365,1.66999999999989,0.962561805101686));
#9390=CARTESIAN_POINT('',(0.330000000000031,1.66999999999989,0.962561805101686));
#9391=CARTESIAN_POINT('',(0.330000000000032,1.66875057970806,0.9573562645826));
#9392=CARTESIAN_POINT('',(0.330000000000031,1.19044704228729,1.32315709174462));
#9393=CARTESIAN_POINT('',(0.330000000000031,1.70822670365392,1.02));
#9394=CARTESIAN_POINT('',(-1.66999999999998,1.70822670365392,1.02));
#9395=CARTESIAN_POINT('',(-1.66999999999998,1.19044704228729,1.32315709174462));
#9396=CARTESIAN_POINT('',(0.330000000000031,1.9199999999999,1.02));
#9397=CARTESIAN_POINT('',(0.330000000000031,1.89000000000066,1.02));
#9398=CARTESIAN_POINT('',(-1.66999999999997,1.89000000000066,1.02));
#9399=CARTESIAN_POINT('',(-1.66999999999997,1.89000000000066,1.02));
#9400=CARTESIAN_POINT('',(0.330000000000031,1.8899999999999,1.3));
#9401=CARTESIAN_POINT('',(0.330000000000031,1.89000000000075,1.58));
#9402=CARTESIAN_POINT('',(-1.66999999999998,1.89000000000075,1.58));
#9403=CARTESIAN_POINT('',(0.0100000000000308,1.8899999999999,1.3));
#9404=CARTESIAN_POINT('',(-1.66999999999998,1.8899999999999,1.3));
#9405=CARTESIAN_POINT('',(0.330000000000031,1.9199999999999,1.58));
#9406=CARTESIAN_POINT('',(0.330000000000031,1.70822670365392,1.58));
#9407=CARTESIAN_POINT('',(-1.66999999999998,1.70822670365392,1.58));
#9408=CARTESIAN_POINT('',(-1.66999999999997,1.89000000000066,1.58));
#9409=CARTESIAN_POINT('',(0.330000000000031,1.19044704228729,1.27684290825537));
#9410=CARTESIAN_POINT('',(0.330000000000032,1.6687505797079,1.64264373541803));
#9411=CARTESIAN_POINT('',(0.330000000000031,1.6699999999999,1.6374381948983));
#9412=CARTESIAN_POINT('',(0.223333333333365,1.6699999999999,1.6374381948983));
#9413=CARTESIAN_POINT('',(0.116666666666698,1.6699999999999,1.6374381948983));
#9414=CARTESIAN_POINT('',(0.0100000000000308,1.6699999999999,1.6374381948983));
#9415=CARTESIAN_POINT('',(-1.66999999999998,1.19044704228729,1.27684290825537));
#9416=CARTESIAN_POINT('',(0.330000000000031,1.6699999999999,0.952150724063513));
#9417=CARTESIAN_POINT('',(0.330000000000031,1.6699999999999,0.948792801584527));
#9418=CARTESIAN_POINT('',(0.330000000000031,1.67057974378275,0.945388571185732));
#9419=CARTESIAN_POINT('',(0.330000000000031,1.67169122933321,0.942219936898535));
#9420=CARTESIAN_POINT('',(0.330000000000031,1.67280271550288,0.939051300846064));
#9421=CARTESIAN_POINT('',(0.330000000000031,1.6744766022978,0.93603086490669));
#9422=CARTESIAN_POINT('',(0.330000000000031,1.67657428417348,0.933408769049009));
#9423=CARTESIAN_POINT('',(0.330000000000031,1.67867193224426,0.930786715447332));
#9424=CARTESIAN_POINT('',(0.330000000000031,1.68125122153046,0.928490667481443));
#9425=CARTESIAN_POINT('',(0.330000000000031,1.68409855818928,0.926710789263614));
#9426=CARTESIAN_POINT('',(0.330000000000031,1.68694579836423,0.924930971358124));
#9427=CARTESIAN_POINT('',(0.330000000000031,1.69013960212369,0.923618197440214));
#9428=CARTESIAN_POINT('',(0.330000000000031,1.69341547769408,0.922881198364316));
#9429=CARTESIAN_POINT('',(0.330000000000031,1.69460131776297,0.922614410747951));
#9430=CARTESIAN_POINT('',(0.330000000000031,1.69580561604394,0.922419468708553));
#9431=CARTESIAN_POINT('',(0.330000000000031,1.69701506440871,0.922298526763095));
#9432=CARTESIAN_POINT('',(0.329999999996528,1.69701506660728,0.922298509788779));
#9433=CARTESIAN_POINT('',(0.326935837506393,1.69593080275078,0.901629565142129));
#9434=CARTESIAN_POINT('',(0.222020670127967,1.69755337866564,0.917098064681203));
#9435=CARTESIAN_POINT('',(0.116073180849924,1.69881065287738,0.925598936613752));
#9436=CARTESIAN_POINT('',(0.0100281425952778,1.70001523760475,0.927047526907188));
#9437=CARTESIAN_POINT('',(0.00772578927836196,1.70002131728558,0.925021333645615));
#9438=CARTESIAN_POINT('',(0.00772565997898951,1.68062270473167,0.92500755005639));
#9439=CARTESIAN_POINT('',(0.00793876859030295,1.66502729420448,0.947725383121208));
#9440=CARTESIAN_POINT('',(0.00810852674064799,1.67201237005581,0.965821964470793));
#9441=CARTESIAN_POINT('',(0.115790384964871,1.69900837639335,0.924006894978443));
#9442=CARTESIAN_POINT('',(0.115796406761236,1.68002608846268,0.92464836710884));
#9443=CARTESIAN_POINT('',(0.115997249698365,1.66523510691401,0.946823773997159));
#9444=CARTESIAN_POINT('',(0.116158162226185,1.6719268762498,0.964586873423167));
#9445=CARTESIAN_POINT('',(0.223855950274151,1.69799528872173,0.923095479314534));
#9446=CARTESIAN_POINT('',(0.223867098579258,1.67946279262893,0.92434973953599));
#9447=CARTESIAN_POINT('',(0.224056146635209,1.66543696192116,0.945977791559751));
#9448=CARTESIAN_POINT('',(0.224208480383533,1.67184401758312,0.963402058392042));
#9449=CARTESIAN_POINT('',(0.331922125582344,1.69699731226067,0.922284084341036));
#9450=CARTESIAN_POINT('',(0.331937454424857,1.67893619313161,0.924100873166366));
#9451=CARTESIAN_POINT('',(0.332115349401436,1.66563086188564,0.945185153030475));
#9452=CARTESIAN_POINT('',(0.332259492385709,1.67176457575249,0.962269115035899));
#9453=CARTESIAN_POINT('',(0.330000000000031,1.69701506826359,1.67770147362358));
#9454=CARTESIAN_POINT('',(0.330000000000031,1.69367408507727,1.67736738329082));
#9455=CARTESIAN_POINT('',(0.330000000000031,1.69034470986148,1.67645185153478));
#9456=CARTESIAN_POINT('',(0.330000000000031,1.68730265091205,1.67503070328427));
#9457=CARTESIAN_POINT('',(0.330000000000031,1.68426059530889,1.67360955659701));
#9458=CARTESIAN_POINT('',(0.330000000000031,1.68142195266865,1.67164360054757));
#9459=CARTESIAN_POINT('',(0.330000000000031,1.67902177234668,1.66929564513457));
#9460=CARTESIAN_POINT('',(0.330000000000031,1.67662154479285,1.66694764351741));
#9461=CARTESIAN_POINT('',(0.330000000000031,1.67459359734432,1.66415287095349));
#9462=CARTESIAN_POINT('',(0.330000000000031,1.67310583852263,1.66114275839863));
#9463=CARTESIAN_POINT('',(0.330000000000031,1.67161802784018,1.65813254091632));
#9464=CARTESIAN_POINT('',(0.330000000000031,1.67062940862958,1.65482394642683));
#9465=CARTESIAN_POINT('',(0.330000000000031,1.67022183410778,1.65149094883804));
#9466=CARTESIAN_POINT('',(0.330000000000031,1.67007421828851,1.65028379985464));
#9467=CARTESIAN_POINT('',(0.330000000000031,1.6699999999999,1.64906541700615));
#9468=CARTESIAN_POINT('',(0.330000000000031,1.6699999999999,1.64784927593776));
#9469=CARTESIAN_POINT('',(0.329999999994397,1.69701506660483,1.67770149021156));
#9470=CARTESIAN_POINT('',(0.0100281419733343,1.70001523719064,1.67295250436384));
#9471=CARTESIAN_POINT('',(0.116073180174311,1.6988106522636,1.67440108481075));
#9472=CARTESIAN_POINT('',(0.222020670046849,1.69755337846949,1.68290194785126));
#9473=CARTESIAN_POINT('',(0.326935838407201,1.69593080313046,1.69837043951633));
#9474=CARTESIAN_POINT('',(0.00810852674183445,1.67201237005659,1.63417803552643));
#9475=CARTESIAN_POINT('',(0.00793876858527246,1.66502729420359,1.65227461687641));
#9476=CARTESIAN_POINT('',(0.00772565996613966,1.68062270473156,1.6749924499433));
#9477=CARTESIAN_POINT('',(0.00772578926552234,1.70002131728648,1.67497866635349));
#9478=CARTESIAN_POINT('',(0.116158162223402,1.67192687624738,1.63541312661937));
#9479=CARTESIAN_POINT('',(0.1159972496941,1.66523510692086,1.65317622603346));
#9480=CARTESIAN_POINT('',(0.115796406755181,1.68002608844042,1.67535163290371));
#9481=CARTESIAN_POINT('',(0.11579038495837,1.69900837635667,1.67599310505788));
#9482=CARTESIAN_POINT('',(0.224208480377799,1.6718440175808,1.63659794164751));
#9483=CARTESIAN_POINT('',(0.224056146631729,1.66543696192773,1.65402220846735));
#9484=CARTESIAN_POINT('',(0.223867098578626,1.67946279260869,1.67565026047244));
#9485=CARTESIAN_POINT('',(0.223855950273389,1.69799528868461,1.67690452071491));
#9486=CARTESIAN_POINT('',(0.332259492377772,1.67176457575294,1.63773088496339));
#9487=CARTESIAN_POINT('',(0.332115349398641,1.6656308618854,1.65481484696837));
#9488=CARTESIAN_POINT('',(0.331937454428399,1.67893619312996,1.6758991268329));
#9489=CARTESIAN_POINT('',(0.331922125586422,1.69699731225868,1.67771591565942));
#9490=CARTESIAN_POINT('',(0.330000000000031,0.640251437322659,-1.20811236491929));
#9491=CARTESIAN_POINT('',(0.330000000058013,2.17000009305327,0.87500093709283));
#9492=CARTESIAN_POINT('',(0.330000300247306,0.640250540213764,-1.20811236236985));
#9493=CARTESIAN_POINT('',(0.330000025542773,2.57838078183437,1.06750000000001));
#9494=CARTESIAN_POINT('',(0.330000000000031,2.5783807899954,1.3));
#9495=CARTESIAN_POINT('',(0.32999997445729,2.57838079815643,1.5325));
#9496=CARTESIAN_POINT('',(0.32999994604589,0.640253646987584,3.80811165200613));
#9497=CARTESIAN_POINT('',(0.329999999941953,2.17000009305293,1.72499906291057));
#9498=CARTESIAN_POINT('',(0.330000000000031,0.640253485778183,3.80811165154801));
#9499=CARTESIAN_POINT('',(0.330000000000031,1.9199999999999,0.899999997177386));
#9500=CARTESIAN_POINT('',(-0.203303669439078,2.23370976458933,3.81263990522126));
#9501=CARTESIAN_POINT('',(-0.203303729065486,2.2337097601151,-1.21264072411101));
#9502=CARTESIAN_POINT('',(-0.330000102170892,2.57175925831106,0.83500009207123));
#9503=CARTESIAN_POINT('',(-0.330000068113924,2.43783950735754,0.906666731442536));
#9504=CARTESIAN_POINT('',(-0.330000034056955,2.30391975640403,0.978333370813841));
#9505=CARTESIAN_POINT('',(-0.329999999999987,2.17000000545051,1.05000001018515));
#9506=CARTESIAN_POINT('',(-0.329999999999969,2.57175947116473,1.76499999999989));
#9507=CARTESIAN_POINT('',(-0.329999999999963,2.4378396474431,1.69333333333325));
#9508=CARTESIAN_POINT('',(-0.329999999999956,2.30391982372147,1.62166666666662));
#9509=CARTESIAN_POINT('',(-0.329999999999948,2.16999999999984,1.55));
#9510=CARTESIAN_POINT('',(-0.330000051085452,2.57175945484286,1.0675));
#9511=CARTESIAN_POINT('',(-0.380399999999947,2.16999999999952,1.55000000000104));
#9512=CARTESIAN_POINT('',(-0.240133333333284,2.17000000000041,1.54999999999814));
#9513=CARTESIAN_POINT('',(-0.0998666666666154,2.1700000000013,1.54999999999525));
#9514=CARTESIAN_POINT('',(0.0404000000000531,2.17000000000217,1.54999999999236));
#9515=CARTESIAN_POINT('',(-0.380399999999955,2.30357220448273,1.62639166666708));
#9516=CARTESIAN_POINT('',(-0.24013333333329,2.30453965273445,1.6132416666658));
#9517=CARTESIAN_POINT('',(-0.0998666666666224,2.30550710098618,1.60009166666453));
#9518=CARTESIAN_POINT('',(0.0404000000000462,2.30647454923792,1.58694166666325));
#9519=CARTESIAN_POINT('',(-0.380399999999963,2.43714440896593,1.70278333333313));
#9520=CARTESIAN_POINT('',(-0.240133333333294,2.43907930546853,1.67648333333347));
#9521=CARTESIAN_POINT('',(-0.0998666666666291,2.4410142019711,1.6501833333338));
#9522=CARTESIAN_POINT('',(0.0404000000000392,2.44294909847369,1.62388333333415));
#9523=CARTESIAN_POINT('',(-0.38039999999997,2.57071661344914,1.77917499999919));
#9524=CARTESIAN_POINT('',(-0.240133333333301,2.57361895820257,1.73972500000114));
#9525=CARTESIAN_POINT('',(-0.0998666666666362,2.576521302956,1.70027500000308));
#9526=CARTESIAN_POINT('',(0.0404000000000323,2.57942364770943,1.66082500000503));
#9527=CARTESIAN_POINT('',(-0.380399999999985,2.17000000315416,1.05000000589363));
#9528=CARTESIAN_POINT('',(-0.240133333333321,2.17000000196046,1.05000000366425));
#9529=CARTESIAN_POINT('',(-0.099866666666657,2.17000000076675,1.05000000143488));
#9530=CARTESIAN_POINT('',(0.0404000000000114,2.16999999957306,1.04999999920551));
#9531=CARTESIAN_POINT('',(-0.380400039420946,2.30357219328961,0.973608335952767));
#9532=CARTESIAN_POINT('',(-0.240133357825974,2.30453964578011,0.986758334961921));
#9533=CARTESIAN_POINT('',(-0.0998666762310022,2.30550709827063,0.999908333971075));
#9534=CARTESIAN_POINT('',(0.0404000053639697,2.30647455076113,1.01305833298023));
#9535=CARTESIAN_POINT('',(-0.380400078841901,2.43714438342508,0.89721666601191));
#9536=CARTESIAN_POINT('',(-0.240133382318626,2.43907928959978,0.923516666259592));
#9537=CARTESIAN_POINT('',(-0.099866685795347,2.44101419577447,0.949816666507275));
#9538=CARTESIAN_POINT('',(0.0404000107279279,2.4429491019492,0.976116666754958));
#9539=CARTESIAN_POINT('',(-0.380400118262858,2.57071657356054,0.820824996071057));
#9540=CARTESIAN_POINT('',(-0.240133406811274,2.57361893341946,0.860274997557264));
#9541=CARTESIAN_POINT('',(-0.0998666953596952,2.57652129327835,0.899724999043474));
#9542=CARTESIAN_POINT('',(0.0404000160918877,2.57942365313724,0.939175000529682));
#9543=CARTESIAN_POINT('',(-0.0249999999990795,31.22,3.2));
#9544=CARTESIAN_POINT('',(0.0250000000000257,31.22,3.2));
#9545=CARTESIAN_POINT('',(-0.024999999999975,31.22,-1.2));
#9546=CARTESIAN_POINT('',(-0.0249999999999745,31.22,0.999999999999999));
#9547=CARTESIAN_POINT('',(-0.0249999999990798,31.22,-1.2));
#9548=CARTESIAN_POINT('',(-0.0249999999990795,31.22,2.88));
#9549=CARTESIAN_POINT('',(0.0250000000000257,31.22,2.88));
#9550=CARTESIAN_POINT('',(-0.0249999999999745,31.22,-0.88));
#9551=CARTESIAN_POINT('',(-0.0249999999999745,31.22,0.999999999999999));
#9552=CARTESIAN_POINT('',(-0.0249999999990798,31.22,-0.88));
#9553=CARTESIAN_POINT('',(-0.0249999999999749,27.72,-1.2));
#9554=CARTESIAN_POINT('',(-1.19834961116457,21.7200000000009,0.438572323112879));
#9555=CARTESIAN_POINT('',(-1.19464118269557,21.720000000001,0.48736970453364));
#9556=CARTESIAN_POINT('',(-1.18707541495274,21.7178375532797,0.536715336936325));
#9557=CARTESIAN_POINT('',(-1.1738690062465,21.7082609206207,0.582854428293134));
#9558=CARTESIAN_POINT('',(-1.16729826707367,21.70349614643,0.605810550712211));
#9559=CARTESIAN_POINT('',(-1.15930421095154,21.6967486986692,0.628252402846626));
#9560=CARTESIAN_POINT('',(-1.15018993795866,21.6869124601557,0.648575780582695));
#9561=CARTESIAN_POINT('',(-1.142657903239,21.678783793168,0.665371018869777));
#9562=CARTESIAN_POINT('',(-1.13417497064349,21.6682966464144,0.681016875765864));
#9563=CARTESIAN_POINT('',(-1.12565116050599,21.6552167069415,0.693711230702641));
#9564=CARTESIAN_POINT('',(-1.1186693232741,21.6445029525371,0.70410915352151));
#9565=CARTESIAN_POINT('',(-1.1115185323102,21.6317619966457,0.712697951162002));
#9566=CARTESIAN_POINT('',(-1.10521663321016,21.6177702221342,0.718711577128736));
#9567=CARTESIAN_POINT('',(-1.09891409200485,21.6037770219901,0.724725815828379));
#9568=CARTESIAN_POINT('',(-1.09333616272118,21.5882186664163,0.728324485680697));
#9569=CARTESIAN_POINT('',(-1.08933813170459,21.5723125753186,0.72997213765695));
#9570=CARTESIAN_POINT('',(-1.08426269288306,21.5521200375617,0.732063806473412));
#9571=CARTESIAN_POINT('',(-1.08160331836897,21.5307892942275,0.731258668172415));
#9572=CARTESIAN_POINT('',(-1.08206652105333,21.5099626785738,0.729280976987503));
#9573=CARTESIAN_POINT('',(-1.08253533053282,21.4888839690285,0.727279347017935));
#9574=CARTESIAN_POINT('',(-1.08619651363995,21.4677359557875,0.724008777892372));
#9575=CARTESIAN_POINT('',(-1.09293625426695,21.4480332536012,0.720146430963657));
#9576=CARTESIAN_POINT('',(-1.09419075107931,21.4443659051889,0.719427515774123));
#9577=CARTESIAN_POINT('',(-1.09555225581392,21.4407379446637,0.71868495102519));
#9578=CARTESIAN_POINT('',(-1.09701775596975,21.4371588376812,0.71792183361602));
#9579=CARTESIAN_POINT('',(-0.772592005029518,21.7200000000036,0.950735958618805));
#9580=CARTESIAN_POINT('',(-0.751900340382148,21.6476526767277,0.931665887925992));
#9581=CARTESIAN_POINT('',(-0.724623047747331,21.5961256648075,0.880412945411713));
#9582=CARTESIAN_POINT('',(-0.975273185471926,21.7200000645736,0.896909097792258));
#9583=CARTESIAN_POINT('',(-0.906325280242358,21.6385115328417,0.898865228715264));
#9584=CARTESIAN_POINT('',(-0.828236237172491,21.5839243784351,0.85475963281237));
#9585=CARTESIAN_POINT('',(-1.09572153850344,21.7200000956064,0.74985103864911));
#9586=CARTESIAN_POINT('',(-1.02279490537477,21.5911921036438,0.831681371521841));
#9587=CARTESIAN_POINT('',(-0.869003454699988,21.5361202359078,0.805508907173323));
#9588=CARTESIAN_POINT('',(-1.20254686670529,21.7199999044017,0.51306069222615));
#9589=CARTESIAN_POINT('',(-1.22486841377817,21.5839880890711,0.771432946394049));
#9590=CARTESIAN_POINT('',(-0.968337291249068,21.442501407302,0.740667036296314));
#9591=CARTESIAN_POINT('',(-1.19893951000204,21.7199999787647,0.436180842000872));
#9592=CARTESIAN_POINT('',(-1.27020052910742,21.6490751714468,0.767896774523536));
#9593=CARTESIAN_POINT('',(-1.0321501616525,21.3928703862404,0.71831414062293));
#9594=CARTESIAN_POINT('',(-1.19967482503421,21.7200000000041,0.414421048344539));
#9595=CARTESIAN_POINT('',(-1.26155333604049,21.692876255435,0.759853401099893));
#9596=CARTESIAN_POINT('',(-1.13151457509746,21.3711287766948,0.701060216540202));
#9597=CARTESIAN_POINT('',(-1.02090630922396,21.4367419445111,0.480801390281062));
#9598=CARTESIAN_POINT('',(-1.01198317723507,21.4570910334764,0.483486970919002));
#9599=CARTESIAN_POINT('',(-1.00630072991307,21.4793295208744,0.485196232691903));
#9600=CARTESIAN_POINT('',(-1.0043302837267,21.5016159753928,0.485788969054827));
#9601=CARTESIAN_POINT('',(-1.0023598341753,21.523902467971,0.486381706429998));
#9602=CARTESIAN_POINT('',(-1.0040470808745,21.5468515821316,0.485874287472565));
#9603=CARTESIAN_POINT('',(-1.00925205546,21.5685628176406,0.484308320453327));
#9604=CARTESIAN_POINT('',(-1.01445690324267,21.5902735242236,0.482742391583948));
#9605=CARTESIAN_POINT('',(-1.02332277336049,21.6113451494785,0.480074718803706));
#9606=CARTESIAN_POINT('',(-1.03511453230498,21.6300332699338,0.476524235900859));
#9607=CARTESIAN_POINT('',(-1.04690733044765,21.648723037358,0.472973440096824));
#9608=CARTESIAN_POINT('',(-1.06195162655089,21.6655442813189,0.468441645959129));
#9609=CARTESIAN_POINT('',(-1.07900078317808,21.6791049380129,0.463301559035753));
#9610=CARTESIAN_POINT('',(-1.09605278459255,21.6926678574101,0.458160614448024));
#9611=CARTESIAN_POINT('',(-1.11558047272173,21.7033431328029,0.452269302625732));
#9612=CARTESIAN_POINT('',(-1.13596650827722,21.7102474258914,0.446113562430751));
#9613=CARTESIAN_POINT('',(-1.15042242463387,21.7151433205894,0.441748473145505));
#9614=CARTESIAN_POINT('',(-1.1655446947625,21.7182506575767,0.43717958767135));
#9615=CARTESIAN_POINT('',(-1.18069732703,21.7194388184756,0.432598832699006));
#9616=CARTESIAN_POINT('',(-1.18546514838604,21.7198126768791,0.431157484357783));
#9617=CARTESIAN_POINT('',(-1.19024958718133,21.7199999999973,0.429710595252045));
#9618=CARTESIAN_POINT('',(-1.19503074822471,21.7200000000009,0.4282649553567));
#9619=CARTESIAN_POINT('',(-1.02031621424582,21.4367409795195,0.478967381007872));
#9620=CARTESIAN_POINT('',(-0.896866986235314,21.7200000000009,0.518718766566745));
#9621=CARTESIAN_POINT('',(-1.1934095765677,21.7200000000009,0.423230288972327));
#9622=CARTESIAN_POINT('',(-1.04707237067265,21.4367840009174,0.562123764466475));
#9623=CARTESIAN_POINT('',(-0.923709211733105,21.7200000000106,0.601813754413763));
#9624=CARTESIAN_POINT('',(-1.22019135430596,21.7200000000009,0.506401975826891));
#9625=CARTESIAN_POINT('',(-1.07377023729506,21.4369267721715,0.645301677486142));
#9626=CARTESIAN_POINT('',(-0.950695623982197,21.7200000000047,0.684796899520793));
#9627=CARTESIAN_POINT('',(-1.24695762075836,21.7200000000009,0.58957866482787));
#9628=CARTESIAN_POINT('',(-1.10040567417669,21.437191901071,0.728503604109571));
#9629=CARTESIAN_POINT('',(-0.977946434948652,21.7200000000009,0.767892940420022));
#9630=CARTESIAN_POINT('',(-1.27371276894356,21.7200000000009,0.672758921358047));
#9631=CARTESIAN_POINT('',(-0.399759057731556,21.5176367374805,-0.181877753254781));
#9632=CARTESIAN_POINT('',(-0.398996850663275,21.7200000000009,-0.179611122090791));
#9633=CARTESIAN_POINT('',(-0.463501497242746,21.7200000000009,-0.371433329261982));
#9634=CARTESIAN_POINT('',(-0.546369340585495,21.5160793509129,-0.132596076767059));
#9635=CARTESIAN_POINT('',(-0.544896781569626,21.7200000000049,-0.128883730371626));
#9636=CARTESIAN_POINT('',(-0.643592602201578,21.7200000000009,-0.310873503346491));
#9637=CARTESIAN_POINT('',(-0.679677907626725,21.5106231967806,-0.0425831623540333));
#9638=CARTESIAN_POINT('',(-0.679339568968793,21.7200000000454,-0.028946187322334));
#9639=CARTESIAN_POINT('',(-0.807598577168666,21.7200000000009,-0.200130830852662));
#9640=CARTESIAN_POINT('',(-0.836712147397107,21.4899927281581,0.130665669605703));
#9641=CARTESIAN_POINT('',(-0.810285792422907,21.7199999999774,0.153262892009756));
#9642=CARTESIAN_POINT('',(-0.995583005149051,21.7200000000009,0.0115949439539178));
#9643=CARTESIAN_POINT('',(-0.883211196538656,21.48047462195,0.195810186088674));
#9644=CARTESIAN_POINT('',(-0.84466051352851,21.7200000000003,0.225171372028359));
#9645=CARTESIAN_POINT('',(-1.05017764303774,21.7200000000006,0.0912576551335228));
#9646=CARTESIAN_POINT('',(-0.963680765345978,21.4565628726022,0.335052686368574));
#9647=CARTESIAN_POINT('',(-0.885300727985192,21.720000000001,0.37407675956844));
#9648=CARTESIAN_POINT('',(-1.13876793772593,21.7200000000006,0.259610649951791));
#9649=CARTESIAN_POINT('',(-1.00442118740545,21.4285953839737,0.406314738922989));
#9650=CARTESIAN_POINT('',(-0.863700189956894,21.7199999999931,0.459861986738679));
#9651=CARTESIAN_POINT('',(-1.17282911236269,21.7200000000009,0.34787391971258));
#9652=CARTESIAN_POINT('',(-1.02699898953899,21.4280951710186,0.487001034612094));
#9653=CARTESIAN_POINT('',(-0.881433276375433,21.7200000000009,0.527249102447488));
#9654=CARTESIAN_POINT('',(-1.19820817226589,21.7200000000009,0.439662697508688));
#9655=CARTESIAN_POINT('',(0.420000000000032,2.2899999999999,1.29999999999998));
#9656=CARTESIAN_POINT('',(0.420000000000032,2.1049999999999,2.2));
#9657=CARTESIAN_POINT('',(0.740000000000032,2.28999999999989,1.29999999999998));
#9658=CARTESIAN_POINT('',(0.420000000000028,2.2899999999999,1.29999999999998));
#9659=CARTESIAN_POINT('',(0.740000000000032,2.1049999999999,2.2));
#9660=CARTESIAN_POINT('',(2.01750000000003,19.37,-0.185000000000003));
#9661=CARTESIAN_POINT('',(2.01750000000003,19.37,1.46));
#9662=CARTESIAN_POINT('',(2.01750000000003,19.37,1.14));
#9663=CARTESIAN_POINT('',(2.01750000000003,20.82,1.14));
#9664=CARTESIAN_POINT('',(2.01750000000003,20.82,1.14));
#9665=CARTESIAN_POINT('',(2.01750000000003,20.82,-0.185000000000003));
#9666=CARTESIAN_POINT('',(2.01750000000003,20.82,1.46));
#9667=CARTESIAN_POINT('',(2.01750000000003,20.095,1.46));
#9668=CARTESIAN_POINT('',(2.01750000000003,20.82,1.46));
#9669=CARTESIAN_POINT('',(2.10000000000257,16.585392926615,1.74));
#9670=CARTESIAN_POINT('',(2.10000000000257,16.5853929266068,1.55000000000443));
#9671=CARTESIAN_POINT('',(2.10000000000257,16.5853929266068,1.04999999999557));
#9672=CARTESIAN_POINT('',(2.10000000000444,16.5853929266062,1.04999999999557));
#9673=CARTESIAN_POINT('',(1.93015596330278,16.645,1.05));
#9674=CARTESIAN_POINT('',(1.93015596330278,16.645,1.74));
#9675=CARTESIAN_POINT('',(1.93015596330278,16.645,1.55));
#9676=CARTESIAN_POINT('',(2.10000000000444,16.5853929266062,1.55000000000443));
#9677=CARTESIAN_POINT('',(2.10000000000003,16.5853929266077,1.74));
#9678=CARTESIAN_POINT('',(0.764148629412505,21.5888239401475,0.867988521583728));
#9679=CARTESIAN_POINT('',(0.769861123664567,21.6279538682366,0.906904640410315));
#9680=CARTESIAN_POINT('',(0.774781690988119,21.67192188094,0.933927996697561));
#9681=CARTESIAN_POINT('',(0.781457059403155,21.7199275647009,0.948210801833153));
#9682=CARTESIAN_POINT('',(0.764120383645343,21.5888187277322,0.867997908830738));
#9683=CARTESIAN_POINT('',(1.12873128774127,21.3717454698895,0.701545762008069));
#9684=CARTESIAN_POINT('',(1.09677782773245,21.3789437214579,0.707153010712967));
#9685=CARTESIAN_POINT('',(1.06548175636167,21.3896416272799,0.713635944953523));
#9686=CARTESIAN_POINT('',(1.03647896801975,21.4037585800448,0.721625286806564));
#9687=CARTESIAN_POINT('',(1.00788443725657,21.4176768156074,0.729502166736211));
#9688=CARTESIAN_POINT('',(0.98128346329336,21.4352709577763,0.739053155823015));
#9689=CARTESIAN_POINT('',(0.957593068799969,21.4546473815844,0.750746278473728));
#9690=CARTESIAN_POINT('',(0.912529693892947,21.491504811319,0.77298869279865));
#9691=CARTESIAN_POINT('',(0.877232822891326,21.5344426942833,0.805416646896074));
#9692=CARTESIAN_POINT('',(0.829803254390139,21.5620399626026,0.834958645690169));
#9693=CARTESIAN_POINT('',(0.809952658360141,21.5735901883848,0.8473227953654));
#9694=CARTESIAN_POINT('',(0.787807102754908,21.5827307018234,0.858931412599229));
#9695=CARTESIAN_POINT('',(0.76412038364531,21.5888187277321,0.867997908830683));
#9696=CARTESIAN_POINT('',(1.12873128774127,21.3717454698895,0.701545762008067));
#9697=CARTESIAN_POINT('',(1.09722437281064,21.4362642421338,0.717841477467003));
#9698=CARTESIAN_POINT('',(1.10693410551882,21.4143200971837,0.712664458247934));
#9699=CARTESIAN_POINT('',(1.11744237953749,21.3927896294636,0.707231726654912));
#9700=CARTESIAN_POINT('',(1.12871576712685,21.3717358007556,0.701550796815411));
#9701=CARTESIAN_POINT('',(1.09770910500424,21.4365153437725,0.717686254794259));
#9702=CARTESIAN_POINT('',(1.09770910500424,21.4365153437725,0.71768625479426));
#9703=CARTESIAN_POINT('',(1.08927992236716,21.45687915464,0.722031074354567));
#9704=CARTESIAN_POINT('',(1.08423126993915,21.4791065525572,0.725779501198316));
#9705=CARTESIAN_POINT('',(1.08283057857018,21.5013923898929,0.728227538764312));
#9706=CARTESIAN_POINT('',(1.08142916109041,21.5236897800856,0.730676845379693));
#9707=CARTESIAN_POINT('',(1.08366907351517,21.5467268160444,0.731960407113402));
#9708=CARTESIAN_POINT('',(1.08878853906248,21.568529181996,0.730067104527538));
#9709=CARTESIAN_POINT('',(1.09268929964926,21.5851414257969,0.728624508608583));
#9710=CARTESIAN_POINT('',(1.09834069647021,21.6014447550881,0.725158790973015));
#9711=CARTESIAN_POINT('',(1.10481443081136,21.6160886089355,0.719083268903282));
#9712=CARTESIAN_POINT('',(1.11130735954696,21.630775881294,0.712989733124471));
#9713=CARTESIAN_POINT('',(1.11876234605575,21.6441399094965,0.704087770189061));
#9714=CARTESIAN_POINT('',(1.12602463830622,21.655286762778,0.693224435324668));
#9715=CARTESIAN_POINT('',(1.13459330148316,21.6684387577623,0.680406959213695));
#9716=CARTESIAN_POINT('',(1.14311456314364,21.6789608330024,0.664605343509502));
#9717=CARTESIAN_POINT('',(1.15066759358021,21.687101323788,0.647653388001266));
#9718=CARTESIAN_POINT('',(1.16220705636368,21.6995383040504,0.621754318569878));
#9719=CARTESIAN_POINT('',(1.1719005228831,21.7070352278044,0.592497799793658));
#9720=CARTESIAN_POINT('',(1.17928725313766,21.711799055826,0.562810401195676));
#9721=CARTESIAN_POINT('',(1.1894107040662,21.7183278415739,0.522124074154378));
#9722=CARTESIAN_POINT('',(1.1953277047204,21.7200000000009,0.479548739062795));
#9723=CARTESIAN_POINT('',(1.19844415712389,21.7200000000009,0.437231198555674));
#9724=CARTESIAN_POINT('',(1.19747472949974,21.7200000000009,0.434217768499152));
#9725=CARTESIAN_POINT('',(0.624997101269141,21.7200000000009,0.395));
#9726=CARTESIAN_POINT('',(0.724615876717529,21.5961252393648,0.880413375180904));
#9727=CARTESIAN_POINT('',(0.751892479244515,21.647652487469,0.931666502690855));
#9728=CARTESIAN_POINT('',(0.772583530041527,21.7200000000009,0.950736669693671));
#9729=CARTESIAN_POINT('',(0.828350123139672,21.5839101402983,0.854730595137479));
#9730=CARTESIAN_POINT('',(0.906472729063141,21.6385024854348,0.898833385218792));
#9731=CARTESIAN_POINT('',(0.975506569955393,21.720000064611,0.896846623889529));
#9732=CARTESIAN_POINT('',(0.869091961631852,21.5360204916977,0.805416916744944));
#9733=CARTESIAN_POINT('',(1.02307990984782,21.5910858157166,0.831559551965355));
#9734=CARTESIAN_POINT('',(1.09597386769523,21.7200000959917,0.749520079007413));
#9735=CARTESIAN_POINT('',(0.968574297687804,21.4422828318278,0.740540141545682));
#9736=CARTESIAN_POINT('',(1.22529456199437,21.5840909375049,0.771348726545019));
#9737=CARTESIAN_POINT('',(1.20264431305248,21.7199999040102,0.512589815322541));
#9738=CARTESIAN_POINT('',(1.03258211094723,21.3926232880734,0.718196193689362));
#9739=CARTESIAN_POINT('',(1.27033355650334,21.6494356880958,0.767797101899655));
#9740=CARTESIAN_POINT('',(1.1989508512655,21.7199999790823,0.435886702198872));
#9741=CARTESIAN_POINT('',(1.13216678512886,21.3709852977106,0.700946810661059));
#9742=CARTESIAN_POINT('',(1.26149664781331,21.6931301444583,0.759807543916168));
#9743=CARTESIAN_POINT('',(1.19967547239566,21.7200000000009,0.414229398310111));
#9744=CARTESIAN_POINT('',(1.02308594550259,21.4360812674668,0.485828855711403));
#9745=CARTESIAN_POINT('',(1.04778345517809,21.4361344749911,0.563171289914554));
#9746=CARTESIAN_POINT('',(1.07249629136703,21.436195409878,0.640508824635629));
#9747=CARTESIAN_POINT('',(1.09722437281128,21.4362642421324,0.717841477466685));
#9748=CARTESIAN_POINT('',(1.19650530187552,21.7200000000009,0.431204338442616));
#9749=CARTESIAN_POINT('',(1.19168471795279,21.7200000000009,0.432662047169968));
#9750=CARTESIAN_POINT('',(1.18686077269319,21.719809565371,0.43412103052981));
#9751=CARTESIAN_POINT('',(1.18205386344563,21.7194295102812,0.435574345947868));
#9752=CARTESIAN_POINT('',(1.16674927887683,21.7182194634583,0.440201516459174));
#9753=CARTESIAN_POINT('',(1.1514758157766,21.715050698765,0.444816575155265));
#9754=CARTESIAN_POINT('',(1.13688871857597,21.7100590920121,0.449221763728006));
#9755=CARTESIAN_POINT('',(1.1165231379387,21.7030901270126,0.455372008829314));
#9756=CARTESIAN_POINT('',(1.09702689389793,21.6923529171827,0.461254569913995));
#9757=CARTESIAN_POINT('',(1.08001472793195,21.6787359476576,0.466384210521529));
#9758=CARTESIAN_POINT('',(1.06300530306608,21.6651211721786,0.471513024611236));
#9759=CARTESIAN_POINT('',(1.04801024454719,21.6482521624433,0.476030674583151));
#9760=CARTESIAN_POINT('',(1.03627210294917,21.6295249678511,0.479565585347293));
#9761=CARTESIAN_POINT('',(1.02453495077071,21.6107993517928,0.483100198150312));
#9762=CARTESIAN_POINT('',(1.01573063008279,21.589699514811,0.485749814428775));
#9763=CARTESIAN_POINT('',(1.01058915478141,21.5679722390256,0.487296955134371));
#9764=CARTESIAN_POINT('',(1.00544755400846,21.5462444330119,0.488844133596092));
#9765=CARTESIAN_POINT('',(1.00382724911423,21.5232899316068,0.489331512787686));
#9766=CARTESIAN_POINT('',(1.00586265001187,21.5010096826295,0.488719121927434));
#9767=CARTESIAN_POINT('',(1.00789804747902,21.4787294712036,0.488106732099312));
#9768=CARTESIAN_POINT('',(1.01364524713566,21.456509028273,0.48637766051071));
#9769=CARTESIAN_POINT('',(1.02262758045021,21.4361882926352,0.48367376023486));
#9770=CARTESIAN_POINT('',(1.10100881878383,21.436544293076,0.727998390494305));
#9771=CARTESIAN_POINT('',(0.977096221227549,21.720000000001,0.767815346349986));
#9772=CARTESIAN_POINT('',(1.27405038319436,21.720000000001,0.67239477579159));
#9773=CARTESIAN_POINT('',(1.07475085934247,21.4363086821365,0.645928520003535));
#9774=CARTESIAN_POINT('',(0.950288450798437,21.7200000000037,0.685843859344615));
#9775=CARTESIAN_POINT('',(1.24768401465055,21.720000000001,0.590341159405079));
#9776=CARTESIAN_POINT('',(1.04842764410224,21.436198199619,0.563883676718272));
#9777=CARTESIAN_POINT('',(0.923747476265341,21.7200000000008,0.6039730676109));
#9778=CARTESIAN_POINT('',(1.22130552401344,21.7200000000009,0.508291432762968));
#9779=CARTESIAN_POINT('',(1.02204447397191,21.4361880520157,0.481860903722087));
#9780=CARTESIAN_POINT('',(0.897348033852548,21.7200000000009,0.521977822147848));
#9781=CARTESIAN_POINT('',(1.19491047719624,21.7200000000009,0.426247035809742));
#9782=CARTESIAN_POINT('',(0.624997101269141,21.7200000000009,0.395));
#9783=CARTESIAN_POINT('',(0.867058672201086,21.7200000000009,-0.126566099241466));
#9784=CARTESIAN_POINT('',(1.19650530193848,21.7200000000009,0.431204338664836));
#9785=CARTESIAN_POINT('',(1.167968835748,21.7200000000009,0.330506701850313));
#9786=CARTESIAN_POINT('',(1.12750004855776,21.7200000000009,0.232330222621605));
#9787=CARTESIAN_POINT('',(1.07569680574358,21.7200000000009,0.14138645979751));
#9788=CARTESIAN_POINT('',(1.01966808290575,21.7200000000009,0.0430246082165325));
#9789=CARTESIAN_POINT('',(0.949014017240556,21.7200000000009,-0.0484790129289996));
#9790=CARTESIAN_POINT('',(0.867058672200902,21.7200000000009,-0.12656609924107));
#9791=CARTESIAN_POINT('',(0.624997101269141,21.7200000000009,0.395));
#9792=CARTESIAN_POINT('',(1.66387421632353,20.82,1.46));
#9793=CARTESIAN_POINT('',(1.72471012057102,20.82,1.46));
#9794=CARTESIAN_POINT('',(1.72471012057102,19.37,1.46));
#9795=CARTESIAN_POINT('',(1.72471012057102,19.37,1.46));
#9796=CARTESIAN_POINT('',(1.72471012057102,19.37,1.46));
#9797=CARTESIAN_POINT('',(1.82230674704736,19.37,1.46));
#9798=CARTESIAN_POINT('',(1.91990337352369,19.37,1.46));
#9799=CARTESIAN_POINT('',(2.01750000000003,19.37,1.46));
#9800=CARTESIAN_POINT('',(1.47635530953768,19.37,1.46));
#9801=CARTESIAN_POINT('',(1.72471012057102,19.37,0.84));
#9802=CARTESIAN_POINT('',(1.59708647312298,19.37,1.11134375409754));
#9803=CARTESIAN_POINT('',(1.49958839145552,19.37,1.17176132996195));
#9804=CARTESIAN_POINT('',(1.40359150534522,19.37,1.23467135486046));
#9805=CARTESIAN_POINT('',(1.30928061933605,19.37,1.29995241017005));
#9806=CARTESIAN_POINT('',(1.72471012057102,19.37,0.84));
#9807=CARTESIAN_POINT('',(1.72471012057102,19.37,1.14));
#9808=CARTESIAN_POINT('',(2.01750000000003,19.37,1.14));
#9809=CARTESIAN_POINT('',(1.91990337352369,19.37,1.14));
#9810=CARTESIAN_POINT('',(1.82230674704735,19.37,1.14));
#9811=CARTESIAN_POINT('',(1.72471012057102,19.37,1.14));
#9812=CARTESIAN_POINT('',(0.762507103574294,19.37,4.65348961522717));
#9813=CARTESIAN_POINT('',(1.72471012057102,19.37,1.14));
#9814=CARTESIAN_POINT('',(1.72471012057102,20.82,1.14));
#9815=CARTESIAN_POINT('',(1.66387421632353,20.82,1.14));
#9816=CARTESIAN_POINT('',(2.01750000000003,20.82,1.14));
#9817=CARTESIAN_POINT('',(1.72471012057102,20.82,0.84));
#9818=CARTESIAN_POINT('',(1.44998101568153,20.8307297040379,0.962182973698397));
#9819=CARTESIAN_POINT('',(1.45036845493047,20.82,0.962051274384814));
#9820=CARTESIAN_POINT('',(1.46576996330731,20.82,1.0073601577468));
#9821=CARTESIAN_POINT('',(1.48117147168415,20.82,1.05266904110879));
#9822=CARTESIAN_POINT('',(1.49657298006099,20.82,1.09797792447078));
#9823=CARTESIAN_POINT('',(1.49640621079772,20.82,1.09803461309373));
#9824=CARTESIAN_POINT('',(0.522519612765042,20.82,1.21762830515416));
#9825=CARTESIAN_POINT('',(1.17970228937403,20.82,1.13560041975632));
#9826=CARTESIAN_POINT('',(1.72471012057102,20.82,0.84));
#9827=CARTESIAN_POINT('',(-1.15793221248507,20.82,9.27200747846128));
#9828=CARTESIAN_POINT('',(12.385,12.9758534823018,1.04999999972724));
#9829=CARTESIAN_POINT('',(1.99571048733617,16.2732256818044,0.86));
#9830=CARTESIAN_POINT('',(12.2760218272525,12.6653317317695,0.86));
#9831=CARTESIAN_POINT('',(1.773603750249,16.351174444882,0.86));
#9832=CARTESIAN_POINT('',(1.62256338001656,16.0676938107659,0.676689462356552));
#9833=CARTESIAN_POINT('',(2.10000000000003,16.5853929266077,1.04999999999557));
#9834=CARTESIAN_POINT('',(1.57337124350708,15.9753673815486,0.86));
#9835=CARTESIAN_POINT('',(1.57337124350708,15.9753673815486,0.86));
#9836=CARTESIAN_POINT('',(1.57337124350708,15.9753673815486,1.74));
#9837=CARTESIAN_POINT('',(1.57337124350708,15.9753673815486,1.74));
#9838=CARTESIAN_POINT('',(1.57337124350708,15.9753673815486,1.74));
#9839=CARTESIAN_POINT('',(1.773603750249,16.351174444882,1.74));
#9840=CARTESIAN_POINT('',(1.62256338001656,16.0676938107659,1.92331053764345));
#9841=CARTESIAN_POINT('',(1.57337124350708,15.9753673815486,1.74));
#9842=CARTESIAN_POINT('',(12.385,12.9758534823018,1.55000000027277));
#9843=CARTESIAN_POINT('',(1.99571048733617,16.2732256818044,1.74));
#9844=CARTESIAN_POINT('',(12.2760218272525,12.6653317317695,1.74));
#9845=CARTESIAN_POINT('',(2.10000000000003,16.5853929266077,1.55000000000443));
#9846=CARTESIAN_POINT('',(1.49043423653996,13.32,1.3));
#9847=CARTESIAN_POINT('',(1.49043423653996,13.32,1.74000000000007));
#9848=CARTESIAN_POINT('',(1.49043423653996,13.32,0.859999999999921));
#9849=CARTESIAN_POINT('',(1.99571048733617,16.2732256818045,0.860000000002944));
#9850=CARTESIAN_POINT('',(1.69197477648162,15.3160542257081,0.860000000002007));
#9851=CARTESIAN_POINT('',(1.52216749797531,14.3229687270347,0.860000000000963));
#9852=CARTESIAN_POINT('',(1.49043423653996,13.32,0.859999999999839));
#9853=CARTESIAN_POINT('',(1.99571048733614,16.2732256818044,1.74));
#9854=CARTESIAN_POINT('',(1.69262934626352,15.3182841314065,1.74));
#9855=CARTESIAN_POINT('',(1.52206679512578,14.3213845035686,1.74));
#9856=CARTESIAN_POINT('',(1.49043423653993,13.3199999999999,1.74));
#9857=CARTESIAN_POINT('',(12.385,12.9758534823018,1.74));
#9858=CARTESIAN_POINT('',(0.629999999947483,2.57838079003453,1.29999999999998));
#9859=CARTESIAN_POINT('',(0.345233715600482,2.67276385664018,1.3));
#9860=CARTESIAN_POINT('',(0.389387755103911,2.75756155795349,1.3));
#9861=CARTESIAN_POINT('',(0.345233711059549,2.67276385809103,1.0455));
#9862=CARTESIAN_POINT('',(0.389387779251748,2.75756159978727,1.03250000000001));
#9863=CARTESIAN_POINT('',(0.630000164953739,2.57838069119603,1.19402294088866));
#9864=CARTESIAN_POINT('',(0.345233719857605,2.67276385528001,1.555));
#9865=CARTESIAN_POINT('',(0.389387730956075,2.75756151611969,1.5675));
#9866=CARTESIAN_POINT('',(0.629999637772704,2.57838098968675,1.72406559286891));
#9867=CARTESIAN_POINT('',(0.624997101269141,25.2200000000009,0.395));
#9868=CARTESIAN_POINT('',(0.867058672201086,21.7200000000009,-0.126566099241466));
#9869=CARTESIAN_POINT('',(0.813335958490292,21.7200000000009,-0.151499093342261));
#9870=CARTESIAN_POINT('',(0.754616554254493,21.7174602454794,-0.168229981869855));
#9871=CARTESIAN_POINT('',(0.696726665240793,21.7072833552892,-0.175508430833793));
#9872=CARTESIAN_POINT('',(0.672630825986578,21.7030473701403,-0.178537981230989));
#9873=CARTESIAN_POINT('',(0.648454995397159,21.6974199682659,-0.18));
#9874=CARTESIAN_POINT('',(0.624997101269141,21.6898398351381,-0.18));
#9875=CARTESIAN_POINT('',(0.624997101269141,25.2200000000009,0.395));
#9876=CARTESIAN_POINT('',(0.863903841012165,21.2911294304861,0.722825944474442));
#9877=CARTESIAN_POINT('',(0.837541646028173,21.3220831182036,0.7275291762895));
#9878=CARTESIAN_POINT('',(0.814838655478776,21.3564912504311,0.735273081610515));
#9879=CARTESIAN_POINT('',(0.798001294563172,21.3917916445055,0.747339645031023));
#9880=CARTESIAN_POINT('',(0.781075391068324,21.4272776726562,0.759469662852326));
#9881=CARTESIAN_POINT('',(0.769765077519437,21.4645995833622,0.776447488343567));
#9882=CARTESIAN_POINT('',(0.764657314174772,21.4993763233894,0.797833718541235));
#9883=CARTESIAN_POINT('',(0.75995327956876,21.5314042341466,0.817529534528294));
#9884=CARTESIAN_POINT('',(0.760256854959912,21.562080333754,0.841427763823243));
#9885=CARTESIAN_POINT('',(0.764151390208161,21.5888183619037,0.867993731193353));
#9886=CARTESIAN_POINT('',(1.2537702897749,21.6966266594736,0.395094467282317));
#9887=CARTESIAN_POINT('',(1.45093638310875,20.8414237833086,0.965392904130179));
#9888=CARTESIAN_POINT('',(1.45060266468791,20.8417404457704,0.964437247979899));
#9889=CARTESIAN_POINT('',(1.45026903456113,20.8420605320829,0.963482688744199));
#9890=CARTESIAN_POINT('',(1.44993549301456,20.8423840302714,0.962529262955068));
#9891=CARTESIAN_POINT('',(1.44433400658998,20.8478168488522,0.946517459718889));
#9892=CARTESIAN_POINT('',(1.43874920100272,20.8542247864408,0.930798669870474));
#9893=CARTESIAN_POINT('',(1.43317392888098,20.8615386241594,0.915544354764111));
#9894=CARTESIAN_POINT('',(1.44906112501377,20.8200000968882,0.959080454355091));
#9895=CARTESIAN_POINT('',(1.44432229290065,20.8200000646523,0.9451570147653));
#9896=CARTESIAN_POINT('',(1.43958343125617,20.8200000324275,0.931233585226485));
#9897=CARTESIAN_POINT('',(1.43484454008037,20.8200000001992,0.917310165738771));
#9898=CARTESIAN_POINT('',(0.62615690381082,20.8199832135898,1.2016215377826));
#9899=CARTESIAN_POINT('',(1.2149350393037,21.246355629859,0.679845374225962));
#9900=CARTESIAN_POINT('',(1.18147148618093,21.2850983578154,0.681901182248129));
#9901=CARTESIAN_POINT('',(1.15178026720844,21.3278979657867,0.68846233652699));
#9902=CARTESIAN_POINT('',(1.12871383053385,21.371736285596,0.701545758066028));
#9903=CARTESIAN_POINT('',(1.1264650360312,20.8410551702565,1.00640367966316));
#9904=CARTESIAN_POINT('',(1.13514105975025,20.8332178263246,1.03023602045509));
#9905=CARTESIAN_POINT('',(1.14389979391567,20.8275214508846,1.0547418967307));
#9906=CARTESIAN_POINT('',(1.15269522206647,20.8240507446333,1.07954658291829));
#9907=CARTESIAN_POINT('',(1.15266243298767,20.8220253723166,1.07927635441361));
#9908=CARTESIAN_POINT('',(1.17903582608997,20.82,1.13434599426968));
#9909=CARTESIAN_POINT('',(1.16932840239549,20.82,1.11634985476434));
#9910=CARTESIAN_POINT('',(1.16051197889879,20.82,1.09787313168586));
#9911=CARTESIAN_POINT('',(1.15262964390887,20.82,1.07900612590893));
#9912=CARTESIAN_POINT('',(1.21730058525041,21.27,1.13230890365432));
#9913=CARTESIAN_POINT('',(1.86519702750948,21.8517323060925,0.304489344446814));
#9914=CARTESIAN_POINT('',(0.46216976351772,21.7200000000009,-0.371443619246469));
#9915=CARTESIAN_POINT('',(0.397902121208286,21.7200000000009,-0.179728574622479));
#9916=CARTESIAN_POINT('',(0.398605293765803,21.5178117368805,-0.181826189431399));
#9917=CARTESIAN_POINT('',(0.641798807015247,21.7200000000009,-0.311227471665087));
#9918=CARTESIAN_POINT('',(0.54351496879227,21.7200000000059,-0.129303677000603));
#9919=CARTESIAN_POINT('',(0.544892030586705,21.5163022562077,-0.132804663689081));
#9920=CARTESIAN_POINT('',(0.807755628913988,21.7200000000009,-0.199613331944789));
#9921=CARTESIAN_POINT('',(0.679544267467046,21.7200000000003,-0.0285884960299738));
#9922=CARTESIAN_POINT('',(0.679680630675316,21.5108022034306,-0.042158998531587));
#9923=CARTESIAN_POINT('',(0.996746266920368,21.7200000000009,0.0137129430854115));
#9924=CARTESIAN_POINT('',(0.811277889784807,21.7200000000013,0.155201525670741));
#9925=CARTESIAN_POINT('',(0.837731619900667,21.4899691950912,0.1325927695734));
#9926=CARTESIAN_POINT('',(1.05100399836054,21.7200000000009,0.0929924739244126));
#9927=CARTESIAN_POINT('',(0.845506646610013,21.7200000000009,0.226993805834859));
#9928=CARTESIAN_POINT('',(0.884033796508185,21.4804525750245,0.19754836851248));
#9929=CARTESIAN_POINT('',(1.14016680148732,21.7200000000009,0.262405709874601));
#9930=CARTESIAN_POINT('',(0.886289576763883,21.7200000000009,0.377181436760539));
#9931=CARTESIAN_POINT('',(0.965178863139238,21.4562320273562,0.337823588278725));
#9932=CARTESIAN_POINT('',(1.17430901169369,21.7200000000009,0.350891556891631));
#9933=CARTESIAN_POINT('',(0.864576643602565,21.7199999999974,0.463182404105177));
#9934=CARTESIAN_POINT('',(1.00606940993089,21.4282854442859,0.409334630839554));
#9935=CARTESIAN_POINT('',(1.19968244768662,21.7200000000009,0.442588534109097));
#9936=CARTESIAN_POINT('',(0.882166709228124,21.7200000000009,0.530448194407099));
#9937=CARTESIAN_POINT('',(1.02867115328986,21.4277183104236,0.489909004917145));
#9938=CARTESIAN_POINT('',(1.72471012057102,19.37,0.84));
#9939=CARTESIAN_POINT('',(1.25564340299798,19.2867308265624,1.21717522184635));
#9940=CARTESIAN_POINT('',(1.33602721145458,19.2751868199265,1.15920202451909));
#9941=CARTESIAN_POINT('',(1.41901332281166,19.2622707172629,1.10454985987041));
#9942=CARTESIAN_POINT('',(1.50421903556812,19.2505250520451,1.05369495348719));
#9943=CARTESIAN_POINT('',(1.49341806493929,18.9466322521993,1.13088545332563));
#9944=CARTESIAN_POINT('',(1.40536955514488,18.9565208492285,1.14531877836753));
#9945=CARTESIAN_POINT('',(1.31764845018356,18.9678092596095,1.16275630353096));
#9946=CARTESIAN_POINT('',(1.23079029243583,18.9788191321277,1.1838735000742));
#9947=CARTESIAN_POINT('',(1.54152793289676,19.3231893937348,1.00867101927179));
#9948=CARTESIAN_POINT('',(1.23487372516596,19.3231893937348,1.24083485131154));
#9949=CARTESIAN_POINT('',(1.53819010369554,18.9101736850278,1.13325714472114));
#9950=CARTESIAN_POINT('',(1.15691914542054,18.9101736850278,1.1894393123528));
#9951=CARTESIAN_POINT('',(1.59899311375586,19.37,1.11016266204287));
#9952=CARTESIAN_POINT('',(1.53074609560391,19.37,0.999952656502604));
#9953=CARTESIAN_POINT('',(1.54806991519511,19.2446160051233,1.02792835866258));
#9954=CARTESIAN_POINT('',(1.49841713889882,19.37,1.1724438471597));
#9955=CARTESIAN_POINT('',(1.4460593931927,19.3699999999996,1.07277448732376));
#9956=CARTESIAN_POINT('',(1.44421542772091,19.2582705269227,1.0880248898245));
#9957=CARTESIAN_POINT('',(1.3995900390859,19.3700000000012,1.23728109688201));
#9958=CARTESIAN_POINT('',(1.35206030629022,19.3699999997766,1.15345149901971));
#9959=CARTESIAN_POINT('',(1.34342758826255,19.2742101066184,1.15344310145688));
#9960=CARTESIAN_POINT('',(1.30249408927832,19.3700000000012,1.30465577833102));
#9961=CARTESIAN_POINT('',(1.25499529029102,19.3700000000012,1.23620363431195));
#9962=CARTESIAN_POINT('',(1.24642128771276,19.2880509881547,1.22384734590425));
#9963=CARTESIAN_POINT('',(1.72471012057102,19.37,0.84));
#9964=CARTESIAN_POINT('',(1.16270699709221,18.87,1.30255209999902));
#9965=CARTESIAN_POINT('',(1.13335576683923,18.87,1.18332468964042));
#9966=CARTESIAN_POINT('',(1.13929780429424,18.9902445941918,1.20746179503286));
#9967=CARTESIAN_POINT('',(1.27909065919531,18.87,1.27390093571731));
#9968=CARTESIAN_POINT('',(1.24604200160762,18.8699999999996,1.17291721932187));
#9969=CARTESIAN_POINT('',(1.2566703928459,18.9759089389229,1.17551514096466));
#9970=CARTESIAN_POINT('',(1.39612432364438,18.8699999999997,1.24847026944616));
#9971=CARTESIAN_POINT('',(1.37117460210935,18.8700000000605,1.16117552671846));
#9972=CARTESIAN_POINT('',(1.37572775747254,18.9598210382508,1.1501148744464));
#9973=CARTESIAN_POINT('',(1.51378960498887,18.8699999999997,1.22598301917063));
#9974=CARTESIAN_POINT('',(1.4990323776691,18.8699999999997,1.14876535818317));
#9975=CARTESIAN_POINT('',(1.49554867228829,18.9463932254659,1.13053675905362));
#9976=CARTESIAN_POINT('',(1.19330937101404,11.37,2.18387440862762));
#9977=CARTESIAN_POINT('',(1.1688660622701,11.0366666812045,2.18387440862757));
#9978=CARTESIAN_POINT('',(1.14442275352615,10.703333362409,2.18387440862749));
#9979=CARTESIAN_POINT('',(1.11997944478214,10.3700000436127,2.18387440862742));
#9980=CARTESIAN_POINT('',(1.12688937948386,10.359999957406,2.17606586003371));
#9981=CARTESIAN_POINT('',(1.12713081181864,10.3633332908752,2.17606162574539));
#9982=CARTESIAN_POINT('',(1.12737224415342,10.3666666243444,2.17605739145707));
#9983=CARTESIAN_POINT('',(1.12761367648821,10.3699999578136,2.17605315716874));
#9984=CARTESIAN_POINT('',(1.15175690996654,10.7033333047355,2.17562972833663));
#9985=CARTESIAN_POINT('',(1.17590014344479,11.0366666516566,2.17520629950452));
#9986=CARTESIAN_POINT('',(1.20004337692306,11.3699999985778,2.17478287067241));
#9987=CARTESIAN_POINT('',(1.12434163272555,10.3599999575998,2.17866870956494));
#9988=CARTESIAN_POINT('',(1.12458406531817,10.36333329107,2.17866588670606));
#9989=CARTESIAN_POINT('',(1.12482649791078,10.3666666245401,2.17866306384718));
#9990=CARTESIAN_POINT('',(1.12506893050339,10.3699999580103,2.1786602409883));
#9991=CARTESIAN_POINT('',(1.14931218976455,10.7033333050246,2.17837795510025));
#9992=CARTESIAN_POINT('',(1.17355544902563,11.0366666520382,2.1780956692122));
#9993=CARTESIAN_POINT('',(1.19779870828672,11.3699999990518,2.17781338332415));
#9994=CARTESIAN_POINT('',(1.12179388596725,10.3599999577937,2.18127155909618));
#9995=CARTESIAN_POINT('',(1.12203731881769,10.3633332912648,2.18127014766674));
#9996=CARTESIAN_POINT('',(1.12228075166813,10.3666666247358,2.1812687362373));
#9997=CARTESIAN_POINT('',(1.12252418451857,10.3699999582069,2.18126732480786));
#9998=CARTESIAN_POINT('',(1.14686746956255,10.7033333053137,2.18112618186387));
#9999=CARTESIAN_POINT('',(1.17121075460646,11.0366666524198,2.18098503891988));
#10000=CARTESIAN_POINT('',(1.19555403965038,11.3699999995259,2.18084389597589));
#10001=CARTESIAN_POINT('',(1.11924613920895,10.3599999579876,2.18387440862741));
#10002=CARTESIAN_POINT('',(1.11949057231722,10.3633332914596,2.18387440862741));
#10003=CARTESIAN_POINT('',(1.11973500542549,10.3666666249316,2.18387440862741));
#10004=CARTESIAN_POINT('',(1.11997943853375,10.3699999584036,2.18387440862741));
#10005=CARTESIAN_POINT('',(1.14442274936056,10.7033333056029,2.18387440862749));
#10006=CARTESIAN_POINT('',(1.1688660601873,11.0366666528014,2.18387440862755));
#10007=CARTESIAN_POINT('',(1.19330937101404,11.37,2.18387440862762));
#10008=CARTESIAN_POINT('',(1.10287236670004,10.3599999592336,2.20060231376967));
#10009=CARTESIAN_POINT('',(1.10312322823141,10.3633332927115,2.20061138469656));
#10010=CARTESIAN_POINT('',(1.10337408976279,10.3666666261894,2.20062045562345));
#10011=CARTESIAN_POINT('',(1.10362495129416,10.3699999596674,2.20062952655034));
#10012=CARTESIAN_POINT('',(1.1287111044316,10.703333307461,2.20153661923918));
#10013=CARTESIAN_POINT('',(1.15379725756897,11.0366666552539,2.20244371192801));
#10014=CARTESIAN_POINT('',(1.17888341070634,11.3700000030468,2.20335080461684));
#10015=CARTESIAN_POINT('',(1.06937629263627,10.35999996098,2.23309232593768));
#10016=CARTESIAN_POINT('',(1.0696388483603,10.3633332944727,2.23312103610998));
#10017=CARTESIAN_POINT('',(1.06990140408433,10.3666666279655,2.23314974628229));
#10018=CARTESIAN_POINT('',(1.07016395980836,10.3699999614582,2.2331784564546));
#10019=CARTESIAN_POINT('',(1.09641953221128,10.7033333107315,2.23604947368518));
#10020=CARTESIAN_POINT('',(1.12267510461412,11.0366666600042,2.23892049091577));
#10021=CARTESIAN_POINT('',(1.14893067701697,11.3700000092769,2.24179150814636));
#10022=CARTESIAN_POINT('',(1.01717682322492,10.3599999630964,2.27881385565319));
#10023=CARTESIAN_POINT('',(1.01745277449816,10.3633332966155,2.27887603371632));
#10024=CARTESIAN_POINT('',(1.01772872577139,10.3666666301347,2.27893821177945));
#10025=CARTESIAN_POINT('',(1.01800467704462,10.3699999636538,2.27900038984258));
#10026=CARTESIAN_POINT('',(1.04559980436798,10.7033333155686,2.28521819615574));
#10027=CARTESIAN_POINT('',(1.07319493169127,11.0366666674827,2.29143600246889));
#10028=CARTESIAN_POINT('',(1.10079005901456,11.3700000193969,2.29765380878204));
#10029=CARTESIAN_POINT('',(0.97228965748876,10.3599999650344,2.31430714525169));
#10030=CARTESIAN_POINT('',(0.972572768764026,10.3633332985753,2.31440015131059));
#10031=CARTESIAN_POINT('',(0.972855880039293,10.3666666321162,2.31449315736948));
#10032=CARTESIAN_POINT('',(0.97313899131456,10.3699999656571,2.31458616342838));
#10033=CARTESIAN_POINT('',(1.00145011884124,10.7033333197479,2.32388676931775));
#10034=CARTESIAN_POINT('',(1.02976124636785,11.0366666738381,2.33318737520711));
#10035=CARTESIAN_POINT('',(1.05807237389446,11.3700000279283,2.34248798109648));
#10036=CARTESIAN_POINT('',(0.935692201962119,10.3599999667758,2.34107886183011));
#10037=CARTESIAN_POINT('',(0.935978401429371,10.3633333003324,2.34119807720281));
#10038=CARTESIAN_POINT('',(0.936264600896622,10.3666666338891,2.34131729257552));
#10039=CARTESIAN_POINT('',(0.936550800363874,10.3699999674457,2.34143650794822));
#10040=CARTESIAN_POINT('',(0.965170747089038,10.703333323109,2.35335804521883));
#10041=CARTESIAN_POINT('',(0.993790693814132,11.0366666787717,2.36527958248941));
#10042=CARTESIAN_POINT('',(1.02241064053923,11.3700000344345,2.37720111975999));
#10043=CARTESIAN_POINT('',(0.898684545065617,10.3599999685191,2.36674926042032));
#10044=CARTESIAN_POINT('',(0.898971993505226,10.3633333020897,2.36689564438113));
#10045=CARTESIAN_POINT('',(0.899259441944835,10.3666666356602,2.36704202834193));
#10046=CARTESIAN_POINT('',(0.899546890384444,10.3699999692308,2.36718841230274));
#10047=CARTESIAN_POINT('',(0.928291734345332,10.7033333262868,2.38182680838317));
#10048=CARTESIAN_POINT('',(0.957036578306154,11.0366666833422,2.39646520446358));
#10049=CARTESIAN_POINT('',(0.98578142226698,11.3700000403976,2.411103600544));
#10050=CARTESIAN_POINT('',(0.861134006964073,10.3599999702595,2.39073862002968));
#10051=CARTESIAN_POINT('',(0.861419826542544,10.3633333038433,2.39091350351581));
#10052=CARTESIAN_POINT('',(0.861705646121014,10.3666666374271,2.39108838700193));
#10053=CARTESIAN_POINT('',(0.861991465699485,10.3699999710109,2.39126327048805));
#10054=CARTESIAN_POINT('',(0.890573423546547,10.7033333293912,2.40875161910023));
#10055=CARTESIAN_POINT('',(0.919155381393554,11.036666687771,2.42623996771239));
#10056=CARTESIAN_POINT('',(0.947737339240556,11.3700000461507,2.44372831632455));
#10057=CARTESIAN_POINT('',(0.823185175794511,10.3599999719944,2.41298866740431));
#10058=CARTESIAN_POINT('',(0.823466335192532,10.3633333055905,2.41319321516546));
#10059=CARTESIAN_POINT('',(0.823747494590552,10.3666666391867,2.41339776292661));
#10060=CARTESIAN_POINT('',(0.824028653988573,10.3699999727828,2.41360231068776));
#10061=CARTESIAN_POINT('',(0.852144593790634,10.703333332399,2.4340570868027));
#10062=CARTESIAN_POINT('',(0.88026053359264,11.0366666920146,2.45451186291761));
#10063=CARTESIAN_POINT('',(0.908376473394642,11.3700000516303,2.47496663903253));
#10064=CARTESIAN_POINT('',(0.785019011976903,10.3599999737294,2.43405974888601));
#10065=CARTESIAN_POINT('',(0.785293439145776,10.3633333073356,2.43429468202483));
#10066=CARTESIAN_POINT('',(0.78556786631465,10.3666666409417,2.43452961516365));
#10067=CARTESIAN_POINT('',(0.785842293483524,10.3699999745479,2.43476454830247));
#10068=CARTESIAN_POINT('',(0.813285010370909,10.7033333351637,2.45825786218423));
#10069=CARTESIAN_POINT('',(0.840727727258243,11.0366666957789,2.48175117606596));
#10070=CARTESIAN_POINT('',(0.868170444145576,11.3700000563943,2.50524448994768));
#10071=CARTESIAN_POINT('',(0.746599143225215,10.3599999754585,2.4533332448822));
#10072=CARTESIAN_POINT('',(0.746863653359523,10.3633333090733,2.45359956196008));
#10073=CARTESIAN_POINT('',(0.747128163493831,10.3666666426881,2.45386587903797));
#10074=CARTESIAN_POINT('',(0.747392673628139,10.3699999763029,2.45413219611585));
#10075=CARTESIAN_POINT('',(0.773843687058927,10.7033333377842,2.48076390390411));
#10076=CARTESIAN_POINT('',(0.800294700489666,11.036666699265,2.50739561169234));
#10077=CARTESIAN_POINT('',(0.826745713920409,11.3700000607458,2.53402731948055));
#10078=CARTESIAN_POINT('',(0.708069946240044,10.359999977179,2.47075067071448));
#10079=CARTESIAN_POINT('',(0.708321271527017,10.3633333108009,2.47104927457963));
#10080=CARTESIAN_POINT('',(0.708572596813989,10.3666666444229,2.47134787844479));
#10081=CARTESIAN_POINT('',(0.708823922100962,10.3699999780449,2.47164648230995));
#10082=CARTESIAN_POINT('',(0.73395645079823,10.7033333402415,2.50150686882575));
#10083=CARTESIAN_POINT('',(0.759088979495459,11.0366667024377,2.5313672553415));
#10084=CARTESIAN_POINT('',(0.784221508192688,11.3700000646339,2.56122764185726));
#10085=CARTESIAN_POINT('',(0.669515989347539,10.3599999788982,2.48691122156288));
#10086=CARTESIAN_POINT('',(0.669751923569185,10.3633333125244,2.48724268220747));
#10087=CARTESIAN_POINT('',(0.669987857790832,10.3666666461506,2.48757414285206));
#10088=CARTESIAN_POINT('',(0.670223792012478,10.3699999797767,2.48790560349665));
#10089=CARTESIAN_POINT('',(0.693817214177109,10.7033333423949,2.52105166795573));
#10090=CARTESIAN_POINT('',(0.717410636341707,11.0366667050127,2.55419773241477));
#10091=CARTESIAN_POINT('',(0.741004058506304,11.3700000676305,2.5873437968738));
#10092=CARTESIAN_POINT('',(0.630997080919021,10.359999980609,2.50115721757206));
#10093=CARTESIAN_POINT('',(0.631214273254998,10.3633333142374,2.50152234213024));
#10094=CARTESIAN_POINT('',(0.631431465590974,10.3666666478658,2.50188746668841));
#10095=CARTESIAN_POINT('',(0.631648657926951,10.3699999814941,2.50225259124659));
#10096=CARTESIAN_POINT('',(0.65336789152462,10.7033333443322,2.53876504706431));
#10097=CARTESIAN_POINT('',(0.675087125122254,11.0366667071699,2.57527750288198));
#10098=CARTESIAN_POINT('',(0.696806358719892,11.3700000700076,2.61178995869965));
#10099=CARTESIAN_POINT('',(0.592657444831613,10.3599999823098,2.51342991370511));
#10100=CARTESIAN_POINT('',(0.592852512395284,10.3633333159382,2.51382950038364));
#10101=CARTESIAN_POINT('',(0.593047579958956,10.3666666495665,2.51422908706218));
#10102=CARTESIAN_POINT('',(0.593242647522627,10.3699999831949,2.51462867374072));
#10103=CARTESIAN_POINT('',(0.612749403889751,10.7033333460318,2.55458734159449));
#10104=CARTESIAN_POINT('',(0.632256160256847,11.0366667088684,2.59454600944822));
#10105=CARTESIAN_POINT('',(0.651762916623944,11.370000071705,2.63450467730195));
#10106=CARTESIAN_POINT('',(0.568799915811747,10.359999983664,2.52026590187938));
#10107=CARTESIAN_POINT('',(0.568979739151947,10.363333317286,2.52068735814824));
#10108=CARTESIAN_POINT('',(0.569159562492147,10.366666650908,2.5211088144171));
#10109=CARTESIAN_POINT('',(0.569339385832347,10.36999998453,2.52153027068596));
#10110=CARTESIAN_POINT('',(0.587321719852346,10.703333346731,2.56367589757194));
#10111=CARTESIAN_POINT('',(0.605304053872321,11.0366667089316,2.60582152445788));
#10112=CARTESIAN_POINT('',(0.623286387892295,11.3700000711322,2.64796715134383));
#10113=CARTESIAN_POINT('',(0.540292192035586,10.3599999851421,2.52770707090527));
#10114=CARTESIAN_POINT('',(0.540452441706725,10.3633333187564,2.52815506663962));
#10115=CARTESIAN_POINT('',(0.540612691377865,10.3666666523708,2.52860306237397));
#10116=CARTESIAN_POINT('',(0.540772941049005,10.3699999859852,2.52905105810831));
#10117=CARTESIAN_POINT('',(0.556797908162987,10.7033333474242,2.57385063154327));
#10118=CARTESIAN_POINT('',(0.572822875276952,11.0366667088628,2.61865020497818));
#10119=CARTESIAN_POINT('',(0.588847842390917,11.3700000703014,2.6634497784131));
#10120=CARTESIAN_POINT('',(0.511964234165168,10.3599999866186,2.53412483839787));
#10121=CARTESIAN_POINT('',(0.512103202076397,10.3633333202231,2.53459977910577));
#10122=CARTESIAN_POINT('',(0.512242169987626,10.3666666538275,2.53507471981367));
#10123=CARTESIAN_POINT('',(0.512381137898855,10.369999987432,2.53554966052157));
#10124=CARTESIAN_POINT('',(0.526277929021747,10.7033333478774,2.58304373131175));
#10125=CARTESIAN_POINT('',(0.540174720144622,11.0366667083226,2.6305378021019));
#10126=CARTESIAN_POINT('',(0.5540715112675,11.3700000687677,2.67803187289204));
#10127=CARTESIAN_POINT('',(0.479255936401633,10.359999988206,2.54008748974346));
#10128=CARTESIAN_POINT('',(0.479367581966115,10.3633333217986,2.54059450516346));
#10129=CARTESIAN_POINT('',(0.479479227530596,10.3666666553911,2.54110152058347));
#10130=CARTESIAN_POINT('',(0.479590873095077,10.3699999889837,2.54160853600348));
#10131=CARTESIAN_POINT('',(0.490755429543199,10.7033333482396,2.59231007800404));
#10132=CARTESIAN_POINT('',(0.501919985991309,11.0366667074954,2.64301162000457));
#10133=CARTESIAN_POINT('',(0.51308454243942,11.3700000667511,2.69371316200509));
#10134=CARTESIAN_POINT('',(0.456117745696009,10.3599999895558,2.54346294555264));
#10135=CARTESIAN_POINT('',(0.456208449323086,10.3633333231334,2.54399325472594));
#10136=CARTESIAN_POINT('',(0.456299152950164,10.3666666567111,2.54452356389924));
#10137=CARTESIAN_POINT('',(0.456389856577241,10.3699999902887,2.54505387307254));
#10138=CARTESIAN_POINT('',(0.465460219284977,10.7033333480496,2.5980847904025));
#10139=CARTESIAN_POINT('',(0.474530581992701,11.0366667058103,2.65111570773243));
#10140=CARTESIAN_POINT('',(0.483600944700426,11.3700000635711,2.70414662506235));
#10141=CARTESIAN_POINT('',(0.42858133465682,10.3599999910358,2.54670720119857));
#10142=CARTESIAN_POINT('',(0.428645623691161,10.3633333245954,2.54726582405781));
#10143=CARTESIAN_POINT('',(0.428709912725503,10.3666666581549,2.54782444691704));
#10144=CARTESIAN_POINT('',(0.428774201759845,10.3699999917145,2.54838306977627));
#10145=CARTESIAN_POINT('',(0.435203105194026,10.7033333476729,2.60424535569974));
#10146=CARTESIAN_POINT('',(0.441632008628199,11.0366667036311,2.66010764162316));
#10147=CARTESIAN_POINT('',(0.448060912062374,11.3700000595892,2.71596992754658));
#10148=CARTESIAN_POINT('',(0.401368831037441,10.3599999925228,2.54886898582208));
#10149=CARTESIAN_POINT('',(0.40140499277519,10.3633333260611,2.54945642709921));
#10150=CARTESIAN_POINT('',(0.40144115451294,10.3666666595995,2.55004386837635));
#10151=CARTESIAN_POINT('',(0.40147731625069,10.3699999931379,2.55063130965349));
#10152=CARTESIAN_POINT('',(0.405093490025644,10.7033333469768,2.60937543736729));
#10153=CARTESIAN_POINT('',(0.408709663800594,11.0366667008155,2.66811956508105));
#10154=CARTESIAN_POINT('',(0.412325837575545,11.3700000546543,2.72686369279482));
#10155=CARTESIAN_POINT('',(0.370172099280475,10.3599999941377,2.54978001990046));
#10156=CARTESIAN_POINT('',(0.370172946706741,10.3633333276504,2.55040191991353));
#10157=CARTESIAN_POINT('',(0.370173794133006,10.366666661163,2.5510238199266));
#10158=CARTESIAN_POINT('',(0.370174641559272,10.3699999946757,2.55164571993967));
#10159=CARTESIAN_POINT('',(0.370259384185833,10.7033333459408,2.61383572124659));
#10160=CARTESIAN_POINT('',(0.370344126812392,11.0366666972059,2.6760257225535));
#10161=CARTESIAN_POINT('',(0.370428869438954,11.3700000484709,2.73821572386039));
#10162=CARTESIAN_POINT('',(0.348233713023163,10.3599999955201,2.54949779986121));
#10163=CARTESIAN_POINT('',(0.348207907280875,10.363333329006,2.55014483026636));
#10164=CARTESIAN_POINT('',(0.348182101538587,10.3666666624919,2.55079186067152));
#10165=CARTESIAN_POINT('',(0.348156295796299,10.3699999959778,2.55143889107668));
#10166=CARTESIAN_POINT('',(0.345575721567515,10.7033333445681,2.61614193159224));
#10167=CARTESIAN_POINT('',(0.342995147338733,11.0366666931583,2.68084497210777));
#10168=CARTESIAN_POINT('',(0.340414573109949,11.3700000417485,2.74554801262331));
#10169=CARTESIAN_POINT('',(0.322245169060114,10.3599999970476,2.54830834928014));
#10170=CARTESIAN_POINT('',(0.32218609325478,10.3633333305011,2.54898603611879));
#10171=CARTESIAN_POINT('',(0.322127017449446,10.3666666639547,2.54966372295743));
#10172=CARTESIAN_POINT('',(0.322067941644112,10.3699999974082,2.55034140979608));
#10173=CARTESIAN_POINT('',(0.3161603611107,10.7033333427636,2.61811009366073));
#10174=CARTESIAN_POINT('',(0.310252780577291,11.0366666881188,2.68587877752537));
#10175=CARTESIAN_POINT('',(0.304345200043878,11.3700000334741,2.75364746139001));
#10176=CARTESIAN_POINT('',(0.295705128830562,10.3599999984403,2.54588393121388));
#10177=CARTESIAN_POINT('',(0.29560966711366,10.3633333318611,2.54659422846555));
#10178=CARTESIAN_POINT('',(0.295514205396758,10.3666666652819,2.54730452571723));
#10179=CARTESIAN_POINT('',(0.295418743679857,10.3699999987028,2.5480148229689));
#10180=CARTESIAN_POINT('',(0.285872571989676,10.7033333407855,2.61904454813638));
#10181=CARTESIAN_POINT('',(0.276326400299499,11.0366666828683,2.69007427330385));
#10182=CARTESIAN_POINT('',(0.266780228609318,11.370000024951,2.76110399847132));
#10183=CARTESIAN_POINT('',(0.274015783574044,10.3599999996905,2.54251630890043));
#10184=CARTESIAN_POINT('',(0.27388779142276,10.3633333330788,2.54325491129403));
#10185=CARTESIAN_POINT('',(0.273759799271477,10.3666666664671,2.54399351368763));
#10186=CARTESIAN_POINT('',(0.273631807120193,10.3699999998554,2.54473211608123));
#10187=CARTESIAN_POINT('',(0.260832591991846,10.703333338686,2.61859235544149));
#10188=CARTESIAN_POINT('',(0.248033376863501,11.0366666775167,2.69245259480174));
#10189=CARTESIAN_POINT('',(0.235234161735154,11.3700000163473,2.766312834162));
#10190=CARTESIAN_POINT('',(0.264862279367197,10.3600000002902,2.54083001007761));
#10191=CARTESIAN_POINT('',(0.264720019685406,10.363333333662,2.54158089594258));
#10192=CARTESIAN_POINT('',(0.264577760003614,10.3666666670338,2.54233178180756));
#10193=CARTESIAN_POINT('',(0.264435500321823,10.3700000004056,2.54308266767253));
#10194=CARTESIAN_POINT('',(0.250209532142678,10.7033333375855,2.61817125417));
#10195=CARTESIAN_POINT('',(0.235983563963532,11.0366666747654,2.69325984066747));
#10196=CARTESIAN_POINT('',(0.221757595784387,11.3700000119452,2.76834842716494));
#10197=CARTESIAN_POINT('',(1.46447227093136,13.1399999999996,0.859999999999662));
#10198=CARTESIAN_POINT('',(1.44908740242257,13.1399999999996,0.859999999999669));
#10199=CARTESIAN_POINT('',(1.43370253391377,13.1399999999996,0.859999999999676));
#10200=CARTESIAN_POINT('',(1.41831766540498,13.1399999999996,0.859999999999683));
#10201=CARTESIAN_POINT('',(1.46447227093136,13.1399999999996,0.859999999999738));
#10202=CARTESIAN_POINT('',(1.57337124350705,15.9753673815486,0.86));
#10203=CARTESIAN_POINT('',(1.51567799985534,15.7674143754709,0.86));
#10204=CARTESIAN_POINT('',(1.46398614490193,15.5577964212251,0.86));
#10205=CARTESIAN_POINT('',(1.41838169201178,15.3468623154565,0.86));
#10206=CARTESIAN_POINT('',(1.46447227093136,13.1399999999997,0.860000000000194));
#10207=CARTESIAN_POINT('',(1.49043423653996,13.32,0.86));
#10208=CARTESIAN_POINT('',(1.12449684405673,13.07,0.859999999999738));
#10209=CARTESIAN_POINT('',(1.57337124350708,15.9753673815486,1.73999999999719));
#10210=CARTESIAN_POINT('',(1.51552070019371,15.7668077090273,1.73999999999739));
#10211=CARTESIAN_POINT('',(1.46381479540938,15.5573152634854,1.73999999999761));
#10212=CARTESIAN_POINT('',(1.41825352915409,15.3468900449231,1.73999999999782));
#10213=CARTESIAN_POINT('',(12.385,12.9758534823018,1.74));
#10214=CARTESIAN_POINT('',(1.46447227093136,13.1399999999996,1.74000000000034));
#10215=CARTESIAN_POINT('',(1.44908740242307,13.1399999999996,1.74000000000033));
#10216=CARTESIAN_POINT('',(1.43370253391477,13.1399999999996,1.74000000000033));
#10217=CARTESIAN_POINT('',(1.41831766540648,13.1399999999996,1.74000000000032));
#10218=CARTESIAN_POINT('',(1.46447227093136,13.1399999999996,1.74000000000026));
#10219=CARTESIAN_POINT('',(1.46447227093135,13.1399999999996,1.74000000000036));
#10220=CARTESIAN_POINT('',(1.47312625946756,13.1999999999997,1.74000000000029));
#10221=CARTESIAN_POINT('',(1.48178024800376,13.2599999999998,1.74000000000023));
#10222=CARTESIAN_POINT('',(1.49043423653996,13.32,1.74000000000016));
#10223=CARTESIAN_POINT('',(1.12449684405673,13.07,1.74000000000026));
#10224=CARTESIAN_POINT('',(1.27585400987252,12.8200000216991,2.05988215504047));
#10225=CARTESIAN_POINT('',(1.37801787342768,12.8200631895238,1.88835422070836));
#10226=CARTESIAN_POINT('',(1.44089062711396,12.9765032928887,1.74000000000051));
#10227=CARTESIAN_POINT('',(1.46447227093133,13.1399999999996,1.74000000000034));
#10228=CARTESIAN_POINT('',(1.27472230030616,12.82,2.06000000000025));
#10229=CARTESIAN_POINT('',(1.27472230030631,12.82,1.74000000000062));
#10230=CARTESIAN_POINT('',(1.27472230030631,13.1399999999996,1.74000000000025));
#10231=CARTESIAN_POINT('',(1.33834952703883,12.82,2.0600000000009));
#10232=CARTESIAN_POINT('',(1.33834952703897,12.82,1.74000000000139));
#10233=CARTESIAN_POINT('',(1.33834952703898,13.1399999999993,1.74000000000028));
#10234=CARTESIAN_POINT('',(1.40197675376679,12.82,2.06000000000056));
#10235=CARTESIAN_POINT('',(1.40197675376694,12.8200000000035,1.74000000000444));
#10236=CARTESIAN_POINT('',(1.40197675376693,13.1399999999996,1.74000000000031));
#10237=CARTESIAN_POINT('',(1.46560398049756,12.82,2.06000000000034));
#10238=CARTESIAN_POINT('',(1.46560398049771,12.82,1.7400000000007));
#10239=CARTESIAN_POINT('',(1.46560398049771,13.1399999999996,1.74000000000034));
#10240=CARTESIAN_POINT('',(1.40764325887694,12.8225623548955,1.73788557379082));
#10241=CARTESIAN_POINT('',(1.43057320943529,12.927501887437,1.73951633432654));
#10242=CARTESIAN_POINT('',(1.45334834574888,13.0324757232854,1.74111650057432));
#10243=CARTESIAN_POINT('',(1.47596966348944,13.1374832299125,1.74268080175627));
#10244=CARTESIAN_POINT('',(0.627248617465252,13.2168840073706,1.55798493546963));
#10245=CARTESIAN_POINT('',(1.41840377176201,12.8205969942524,0.860000000000538));
#10246=CARTESIAN_POINT('',(1.46447227093137,13.1399999999997,0.860000000000194));
#10247=CARTESIAN_POINT('',(1.41831766540507,12.82,0.860000000000539));
#10248=CARTESIAN_POINT('',(1.49043423653996,13.32,0.86));
#10249=CARTESIAN_POINT('',(1.55481741064706,12.82,1.30000000000054));
#10250=CARTESIAN_POINT('',(1.49043423653996,13.32,1.3));
#10251=CARTESIAN_POINT('',(1.41831766540507,12.82,1.74000000000054));
#10252=CARTESIAN_POINT('',(1.49043423653996,13.32,1.74));
#10253=CARTESIAN_POINT('',(1.27313688376661,12.8204965660611,0.541867977913106));
#10254=CARTESIAN_POINT('',(1.38139161873299,12.8188266409706,0.702065311011045));
#10255=CARTESIAN_POINT('',(1.4367361682328,12.9551385093894,0.860242518382517));
#10256=CARTESIAN_POINT('',(1.47596966348945,13.1374832299126,0.857319198243739));
#10257=CARTESIAN_POINT('',(0.627248617465287,13.2168840073706,1.04201506453034));
#10258=CARTESIAN_POINT('',(1.27472230030407,13.1399999999996,0.859999999999751));
#10259=CARTESIAN_POINT('',(1.27472230030407,12.82,0.85999999999939));
#10260=CARTESIAN_POINT('',(1.27472230030393,12.82,0.539999999999751));
#10261=CARTESIAN_POINT('',(1.33834952703749,13.1399999999995,0.859999999999722));
#10262=CARTESIAN_POINT('',(1.33834952703748,12.8200000000002,0.859999999998324));
#10263=CARTESIAN_POINT('',(1.33834952703733,12.82,0.539999999999044));
#10264=CARTESIAN_POINT('',(1.4019767537662,13.1399999999998,0.859999999999692));
#10265=CARTESIAN_POINT('',(1.40197675376621,12.8199999999983,0.859999999999497));
#10266=CARTESIAN_POINT('',(1.40197675376606,12.82,0.539999999998028));
#10267=CARTESIAN_POINT('',(1.46560398049773,13.1399999999996,0.859999999999663));
#10268=CARTESIAN_POINT('',(1.46560398049773,12.82,0.859999999999301));
#10269=CARTESIAN_POINT('',(1.46560398049758,12.82,0.539999999999663));
#10270=CARTESIAN_POINT('',(0.400002174820294,5.50500000001404,1.2999991889082));
#10271=CARTESIAN_POINT('',(1.30000000000003,5.50500000001404,1.3));
#10272=CARTESIAN_POINT('',(1.02632079066843,8.00988669341995,1.3));
#10273=CARTESIAN_POINT('',(1.02632079066842,8.00988669341995,1.26917257963359));
#10274=CARTESIAN_POINT('',(1.02403744796793,8.00938171789853,1.21724471346204));
#10275=CARTESIAN_POINT('',(1.01618028825461,8.00764405787833,1.15313536630466));
#10276=CARTESIAN_POINT('',(1.00508105332553,8.00518939264371,1.08858334673921));
#10277=CARTESIAN_POINT('',(0.992206818722113,8.00234217512779,1.0349417005649));
#10278=CARTESIAN_POINT('',(0.972118351478878,7.99789948493574,0.970453630369164));
#10279=CARTESIAN_POINT('',(0.949065946978779,7.99280130147874,0.907806185539798));
#10280=CARTESIAN_POINT('',(0.924304089930088,7.98732506189733,0.85494423967296));
#10281=CARTESIAN_POINT('',(0.891791950570244,7.98013479890176,0.794099810454389));
#10282=CARTESIAN_POINT('',(0.862103923820599,7.97356910607587,0.745177251219304));
#10283=CARTESIAN_POINT('',(0.821419537454654,7.96457149953429,0.689451575847053));
#10284=CARTESIAN_POINT('',(0.778050656044294,7.95498020012109,0.636167968101497));
#10285=CARTESIAN_POINT('',(0.739332150399296,7.94641736039831,0.595146842736387));
#10286=CARTESIAN_POINT('',(0.689987097205833,7.93550439321198,0.54925189529881));
#10287=CARTESIAN_POINT('',(0.640941728813346,7.92465770319403,0.508144584311655));
#10288=CARTESIAN_POINT('',(0.594528344938134,7.91439309301617,0.475428448483315));
#10289=CARTESIAN_POINT('',(0.544029399604649,7.90322493536502,0.44335568944929));
#10290=CARTESIAN_POINT('',(0.518085107155838,7.89748719279828,0.428517486518102));
#10291=CARTESIAN_POINT('',(0.494284683231459,7.89222358016645,0.416125591373535));
#10292=CARTESIAN_POINT('',(1.02632079066843,8.00988669341995,1.3));
#10293=CARTESIAN_POINT('',(-10.2999999998592,5.50500000001528,1.30000000000118));
#10294=CARTESIAN_POINT('',(1.02632079066843,8.00988669341995,1.3));
#10295=CARTESIAN_POINT('',(1.02632079066842,8.00988669341995,1.26917257963359));
#10296=CARTESIAN_POINT('',(1.02403744796793,8.00938171789853,1.21724471346204));
#10297=CARTESIAN_POINT('',(1.01618028825461,8.00764405787833,1.15313536630466));
#10298=CARTESIAN_POINT('',(1.00508105332553,8.00518939264371,1.08858334673921));
#10299=CARTESIAN_POINT('',(0.992206818722113,8.00234217512779,1.0349417005649));
#10300=CARTESIAN_POINT('',(0.972118351478878,7.99789948493574,0.970453630369164));
#10301=CARTESIAN_POINT('',(0.949065946978779,7.99280130147874,0.907806185539798));
#10302=CARTESIAN_POINT('',(0.924304089930088,7.98732506189733,0.85494423967296));
#10303=CARTESIAN_POINT('',(0.891791950570244,7.98013479890176,0.794099810454389));
#10304=CARTESIAN_POINT('',(0.862103923820599,7.97356910607587,0.745177251219304));
#10305=CARTESIAN_POINT('',(0.821419537454654,7.96457149953429,0.689451575847053));
#10306=CARTESIAN_POINT('',(0.778050656044294,7.95498020012109,0.636167968101497));
#10307=CARTESIAN_POINT('',(0.739332150399296,7.94641736039831,0.595146842736387));
#10308=CARTESIAN_POINT('',(0.689987097205833,7.93550439321198,0.54925189529881));
#10309=CARTESIAN_POINT('',(0.640941728813346,7.92465770319403,0.508144584311655));
#10310=CARTESIAN_POINT('',(0.594528344938134,7.91439309301617,0.475428448483315));
#10311=CARTESIAN_POINT('',(0.544029399604649,7.90322493536503,0.44335568944929));
#10312=CARTESIAN_POINT('',(0.518085107155838,7.89748719279828,0.428517486518102));
#10313=CARTESIAN_POINT('',(0.494284683231459,7.89222358016645,0.416125591373535));
#10314=CARTESIAN_POINT('',(0.491272773583022,7.89155747750703,0.414557414744962));
#10315=CARTESIAN_POINT('',(0.488260863934584,7.8908913748476,0.412989238116389));
#10316=CARTESIAN_POINT('',(0.485248954286147,7.89022527218818,0.411421061487816));
#10317=CARTESIAN_POINT('',(1.20841239020161,7.18652495214183,1.3));
#10318=CARTESIAN_POINT('',(1.2084123902016,7.18652495214183,1.26810867300155));
#10319=CARTESIAN_POINT('',(1.20581981615419,7.18609794153793,1.21430318025377));
#10320=CARTESIAN_POINT('',(1.19686860069959,7.18462362919546,1.1478058568395));
#10321=CARTESIAN_POINT('',(1.18421226223235,7.18253906357331,1.08085902120013));
#10322=CARTESIAN_POINT('',(1.16951857435724,7.18011893577048,1.02526690109818));
#10323=CARTESIAN_POINT('',(1.14658292687537,7.17634131379983,0.958598430125932));
#10324=CARTESIAN_POINT('',(1.12026396791689,7.17200644260489,0.893986979920876));
#10325=CARTESIAN_POINT('',(1.09200770631727,7.1673524874588,0.839786003814852));
#10326=CARTESIAN_POINT('',(1.05494599712492,7.161248228705,0.777730093917456));
#10327=CARTESIAN_POINT('',(1.02113436752418,7.15567927518212,0.728128149439627));
#10328=CARTESIAN_POINT('',(0.97492180600124,7.14806782284065,0.672344766641701));
#10329=CARTESIAN_POINT('',(0.925763744135706,7.13997123107515,0.619523536807782));
#10330=CARTESIAN_POINT('',(0.882012810534171,7.13276522182075,0.579514234359457));
#10331=CARTESIAN_POINT('',(0.826476626055713,7.12361811965945,0.535587736154567));
#10332=CARTESIAN_POINT('',(0.771456322189693,7.11455598575279,0.496931981918688));
#10333=CARTESIAN_POINT('',(0.719718501309922,7.10603449408687,0.467283561430601));
#10334=CARTESIAN_POINT('',(0.66369035728257,7.09680636359611,0.439014964219459));
#10335=CARTESIAN_POINT('',(0.635031570662036,7.09208611045847,0.426350275338341));
#10336=CARTESIAN_POINT('',(0.60886318334802,7.08777603920663,0.416125591373564));
#10337=CARTESIAN_POINT('',(0.605551611315288,7.0872306058467,0.414831672223906));
#10338=CARTESIAN_POINT('',(0.602240039282556,7.08668517248677,0.413537753074248));
#10339=CARTESIAN_POINT('',(0.598928467249825,7.08613973912683,0.41224383392459));
#10340=CARTESIAN_POINT('',(1.30000000000262,6.34825672695849,1.3));
#10341=CARTESIAN_POINT('',(1.30000000000262,6.34825672695849,1.2670447663695));
#10342=CARTESIAN_POINT('',(1.2970912846006,6.34809829797359,1.21136164704549));
#10343=CARTESIAN_POINT('',(1.2870215179395,6.34754982805138,1.14247634737433));
#10344=CARTESIAN_POINT('',(1.27277319494063,6.3467737647254,1.07313469566105));
#10345=CARTESIAN_POINT('',(1.25621927524401,6.34587212247748,1.01559210163147));
#10346=CARTESIAN_POINT('',(1.23037262247487,6.34446433299131,0.946743229882694));
#10347=CARTESIAN_POINT('',(1.20071388401266,6.34284891065585,0.880167774301955));
#10348=CARTESIAN_POINT('',(1.16888490719234,6.34111528196033,0.824627767956746));
#10349=CARTESIAN_POINT('',(1.12717173014951,6.33884329058876,0.761360377380524));
#10350=CARTESIAN_POINT('',(1.08914418785839,6.33677204466377,0.711079047659936));
#10351=CARTESIAN_POINT('',(1.03727989061188,6.33394715228704,0.655237957436347));
#10352=CARTESIAN_POINT('',(0.982203419511432,6.33094730245569,0.602879105514062));
#10353=CARTESIAN_POINT('',(0.933307942583627,6.328284112798,0.563881625982526));
#10354=CARTESIAN_POINT('',(0.871443068224362,6.32491451904579,0.521923577010319));
#10355=CARTESIAN_POINT('',(0.810315382427515,6.32158507773872,0.485719379525715));
#10356=CARTESIAN_POINT('',(0.75313568462111,6.31847067147059,0.459138674377884));
#10357=CARTESIAN_POINT('',(0.691456884299189,6.31511121261189,0.434674238989629));
#10358=CARTESIAN_POINT('',(0.660024225156839,6.31339917014905,0.424183064158576));
#10359=CARTESIAN_POINT('',(0.631436329529528,6.31184207340405,0.416125591373589));
#10360=CARTESIAN_POINT('',(0.627818572176046,6.3116450250353,0.415105929702845));
#10361=CARTESIAN_POINT('',(0.624200814822563,6.31144797666655,0.414086268032102));
#10362=CARTESIAN_POINT('',(0.620583057469081,6.3112509282978,0.413066606361359));
#10363=CARTESIAN_POINT('',(1.30000000000003,5.50500000001404,1.3));
#10364=CARTESIAN_POINT('',(1.30000000000003,5.50500000001404,1.2659808597375));
#10365=CARTESIAN_POINT('',(1.29680618458516,5.50500000001405,1.20842011383739));
#10366=CARTESIAN_POINT('',(1.28572504118317,5.50500000001404,1.13714683790948));
#10367=CARTESIAN_POINT('',(1.27003627020309,5.50500000001404,1.06541037012242));
#10368=CARTESIAN_POINT('',(1.25179804877557,5.50500000001404,1.00591730216532));
#10369=CARTESIAN_POINT('',(1.22331500323129,5.50500000001404,0.934888029640158));
#10370=CARTESIAN_POINT('',(1.19063160675653,5.50500000001404,0.866348568683844));
#10371=CARTESIAN_POINT('',(1.15556823186952,5.50500000001404,0.809469532099533));
#10372=CARTESIAN_POINT('',(1.10964733329175,5.50500000001404,0.744990660844555));
#10373=CARTESIAN_POINT('',(1.06780871085534,5.50500000001404,0.694029945881256));
#10374=CARTESIAN_POINT('',(1.0108459889536,5.50500000001404,0.638131148231998));
#10375=CARTESIAN_POINT('',(0.950439686676491,5.50500000001404,0.586234674221324));
#10376=CARTESIAN_POINT('',(0.896923503989813,5.50500000001404,0.548249017606512));
#10377=CARTESIAN_POINT('',(0.829394884183703,5.50500000001404,0.508259417866875));
#10378=CARTESIAN_POINT('',(0.762818584161332,5.50500000001404,0.474506777133401));
#10379=CARTESIAN_POINT('',(0.700816475391625,5.50500000001404,0.450993787325644));
#10380=CARTESIAN_POINT('',(0.634157853526631,5.50500000001404,0.430333513760048));
#10381=CARTESIAN_POINT('',(0.600294458518773,5.50500000001404,0.422015852978934));
#10382=CARTESIAN_POINT('',(0.56960037324872,5.50500000001404,0.416125591373608));
#10383=CARTESIAN_POINT('',(0.565716080604666,5.50500000001404,0.415380187181764));
#10384=CARTESIAN_POINT('',(0.561831787960612,5.50500000001404,0.41463478298992));
#10385=CARTESIAN_POINT('',(0.557947495316558,5.50500000001404,0.413889378798076));
#10386=CARTESIAN_POINT('',(1.3,5.49660068942334,1.3));
#10387=CARTESIAN_POINT('',(1.3,5.49660068942334,1.26597026262994));
#10388=CARTESIAN_POINT('',(1.29680334482889,5.49660226746501,1.20839081451461));
#10389=CARTESIAN_POINT('',(1.28571212754654,5.49660773053346,1.13709375300205));
#10390=CARTESIAN_POINT('',(1.27000900889559,5.49661546056004,1.06533343150192));
#10391=CARTESIAN_POINT('',(1.25175401087689,5.49662444142321,1.00582093572907));
#10392=CARTESIAN_POINT('',(1.22324470537992,5.49663846379713,0.934769945187618));
#10393=CARTESIAN_POINT('',(1.19053118161264,5.49665455431085,0.866210921634737));
#10394=CARTESIAN_POINT('',(1.15543559030439,5.4966718222263,0.809318547557218));
#10395=CARTESIAN_POINT('',(1.10947278045699,5.49669445253636,0.744827609274287));
#10396=CARTESIAN_POINT('',(1.06759619752195,5.49671508330902,0.693860127252414));
#10397=CARTESIAN_POINT('',(1.01058269244726,5.49674322082361,0.637960754804786));
#10398=CARTESIAN_POINT('',(0.950123302058289,5.49677310101271,0.586068886337793));
#10399=CARTESIAN_POINT('',(0.896561094547169,5.4967996278774,0.548093308047492));
#10400=CARTESIAN_POINT('',(0.828976060655532,5.49683319092361,0.508123315167733));
#10401=CARTESIAN_POINT('',(0.762345489375421,5.49686635402891,0.474395093316345));
#10402=CARTESIAN_POINT('',(0.700295346684154,5.49689737526446,0.450912659676267));
#10403=CARTESIAN_POINT('',(0.633587122999821,5.49693083736143,0.430290277698921));
#10404=CARTESIAN_POINT('',(0.599699516497591,5.49694789026588,0.421994266338434));
#10405=CARTESIAN_POINT('',(0.568984452395817,5.49696339982396,0.416125591373608));
#10406=CARTESIAN_POINT('',(0.565097504910577,5.49696536253638,0.415382918940283));
#10407=CARTESIAN_POINT('',(0.561210557425337,5.49696732524879,0.414640246506957));
#10408=CARTESIAN_POINT('',(0.557323609940098,5.49696928796121,0.413897574073631));
#10409=CARTESIAN_POINT('',(1.29999999999998,5.48820137883263,1.3));
#10410=CARTESIAN_POINT('',(1.29999999999998,5.48820137883263,1.26595966552237));
#10411=CARTESIAN_POINT('',(1.29680050507262,5.48820453491597,1.20836151519183));
#10412=CARTESIAN_POINT('',(1.28569921390992,5.48821546105288,1.13704066809461));
#10413=CARTESIAN_POINT('',(1.2699817475881,5.48823092110604,1.06525649288141));
#10414=CARTESIAN_POINT('',(1.25170997297821,5.48824888283238,1.00572456929282));
#10415=CARTESIAN_POINT('',(1.22317440752855,5.48827692758023,0.934651860735078));
#10416=CARTESIAN_POINT('',(1.19043075646876,5.48830910860766,0.86607327458563));
#10417=CARTESIAN_POINT('',(1.15530294873925,5.48834364443856,0.809167563014903));
#10418=CARTESIAN_POINT('',(1.10929822762222,5.48838890505867,0.744664557704019));
#10419=CARTESIAN_POINT('',(1.06738368418855,5.48843016660401,0.693690308623572));
#10420=CARTESIAN_POINT('',(1.01031939594092,5.48848644163319,0.637790361377575));
#10421=CARTESIAN_POINT('',(0.949806917440087,5.48854620201138,0.585903098454262));
#10422=CARTESIAN_POINT('',(0.896198685104525,5.48859925574077,0.547937598488472));
#10423=CARTESIAN_POINT('',(0.828557237127362,5.48866638183318,0.507987212468591));
#10424=CARTESIAN_POINT('',(0.76187239458951,5.48873270804378,0.474283409499289));
#10425=CARTESIAN_POINT('',(0.699774217976684,5.48879475051487,0.450831532026891));
#10426=CARTESIAN_POINT('',(0.633016392473011,5.48886167470882,0.430247041637793));
#10427=CARTESIAN_POINT('',(0.599104574476409,5.48889578051772,0.421972679697934));
#10428=CARTESIAN_POINT('',(0.568368531542914,5.48892679963387,0.416125591373608));
#10429=CARTESIAN_POINT('',(0.564478929216489,5.48893072505871,0.415385650698801));
#10430=CARTESIAN_POINT('',(0.560589326890063,5.48893465048355,0.414645710023994));
#10431=CARTESIAN_POINT('',(0.556699724563637,5.48893857590839,0.413905769349187));
#10432=CARTESIAN_POINT('',(1.29999999999995,5.47980206824193,1.3));
#10433=CARTESIAN_POINT('',(1.29999999999995,5.47980206824193,1.2659490684148));
#10434=CARTESIAN_POINT('',(1.29679766531634,5.47980680236694,1.20833221586905));
#10435=CARTESIAN_POINT('',(1.2856863002733,5.4798231915723,1.13698758318718));
#10436=CARTESIAN_POINT('',(1.2699544862806,5.47984638165204,1.06517955426091));
#10437=CARTESIAN_POINT('',(1.25166593507954,5.47987332424155,1.00562820285657));
#10438=CARTESIAN_POINT('',(1.22310410967718,5.47991539136333,0.934533776282538));
#10439=CARTESIAN_POINT('',(1.19033033132487,5.47996366290447,0.865935627536524));
#10440=CARTESIAN_POINT('',(1.15517030717412,5.48001546665082,0.809016578472587));
#10441=CARTESIAN_POINT('',(1.10912367478746,5.48008335758099,0.744501506133751));
#10442=CARTESIAN_POINT('',(1.06717117085516,5.48014524989899,0.693520489994729));
#10443=CARTESIAN_POINT('',(1.01005609943458,5.48022966244276,0.637619967950363));
#10444=CARTESIAN_POINT('',(0.949490532821884,5.48031930301006,0.585737310570731));
#10445=CARTESIAN_POINT('',(0.895836275661881,5.48039888360413,0.547781888929453));
#10446=CARTESIAN_POINT('',(0.828138413599191,5.48049957274275,0.50785110976945));
#10447=CARTESIAN_POINT('',(0.761399299803599,5.48059906205865,0.474171725682234));
#10448=CARTESIAN_POINT('',(0.699253089269213,5.48069212576529,0.450750404377514));
#10449=CARTESIAN_POINT('',(0.632445661946201,5.48079251205621,0.430203805576666));
#10450=CARTESIAN_POINT('',(0.598509632455228,5.48084367076956,0.421951093057435));
#10451=CARTESIAN_POINT('',(0.567752610690011,5.48089019944379,0.416125591373609));
#10452=CARTESIAN_POINT('',(0.5638603535224,5.48089608758105,0.41538838245732));
#10453=CARTESIAN_POINT('',(0.559968096354788,5.4809019757183,0.414651173541031));
#10454=CARTESIAN_POINT('',(0.556075839187177,5.48090786385556,0.413913964624742));
#10455=CARTESIAN_POINT('',(1.02632079066843,8.00988669341995,1.3));
#10456=CARTESIAN_POINT('',(1.00698517014959,8.09731637287741,1.3));
#10457=CARTESIAN_POINT('',(0.974855184235741,8.18225261699484,1.3));
#10458=CARTESIAN_POINT('',(0.975000781377963,8.27095204925839,1.3));
#10459=CARTESIAN_POINT('',(0.975000781377963,8.27095204925839,1.3));
#10460=CARTESIAN_POINT('',(0.975000781377963,8.27095204925839,1.3));
#10461=CARTESIAN_POINT('',(0.975000781377956,8.27095204925839,1.26951203291819));
#10462=CARTESIAN_POINT('',(0.972753233906467,8.27095573853216,1.21818324799056));
#10463=CARTESIAN_POINT('',(0.965028924071326,8.27096841772761,1.15483581579783));
#10464=CARTESIAN_POINT('',(0.954121105442404,8.27098632254594,1.09104789352983));
#10465=CARTESIAN_POINT('',(0.941473204678151,8.27100708365072,1.03802857149686));
#10466=CARTESIAN_POINT('',(0.921740539537846,8.27103947415852,0.974236186601913));
#10467=CARTESIAN_POINT('',(0.899096204189001,8.2710766440753,0.91221538329884));
#10468=CARTESIAN_POINT('',(0.874768033158224,8.27111657795185,0.859780672491142));
#10469=CARTESIAN_POINT('',(0.842812870661614,8.27116903127901,0.799322781981202));
#10470=CARTESIAN_POINT('',(0.813623502803569,8.27121694464707,0.750616989467193));
#10471=CARTESIAN_POINT('',(0.7735828276824,8.27128267007194,0.694909726401618));
#10472=CARTESIAN_POINT('',(0.730866628622939,8.2713527872796,0.64147859095382));
#10473=CARTESIAN_POINT('',(0.692686911077125,8.27141545800504,0.600134630292652));
#10474=CARTESIAN_POINT('',(0.643956685103624,8.27149544703611,0.553611623458258));
#10475=CARTESIAN_POINT('',(0.59546474450731,8.27157504492973,0.51172211132062));
#10476=CARTESIAN_POINT('',(0.5494685836979,8.27165054608455,0.478027180909101));
#10477=CARTESIAN_POINT('',(0.499338371000108,8.27173283314686,0.444740654438143));
#10478=CARTESIAN_POINT('',(0.473542776316459,8.27177517575011,0.429208963506052));
#10479=CARTESIAN_POINT('',(0.449839299179199,8.27181408421259,0.416125591373532));
#10480=CARTESIAN_POINT('',(0.975000781377963,8.27095204925839,1.3));
#10481=CARTESIAN_POINT('',(0.975000781377956,8.27095204925839,1.26951203291819));
#10482=CARTESIAN_POINT('',(0.972753233906467,8.27095573853216,1.21818324799056));
#10483=CARTESIAN_POINT('',(0.965028924071326,8.27096841772761,1.15483581579783));
#10484=CARTESIAN_POINT('',(0.954121105442404,8.27098632254594,1.09104789352983));
#10485=CARTESIAN_POINT('',(0.941473204678151,8.27100708365072,1.03802857149686));
#10486=CARTESIAN_POINT('',(0.921740539537846,8.27103947415852,0.974236186601913));
#10487=CARTESIAN_POINT('',(0.899096204189001,8.2710766440753,0.91221538329884));
#10488=CARTESIAN_POINT('',(0.874768033158224,8.27111657795185,0.859780672491142));
#10489=CARTESIAN_POINT('',(0.842812870661614,8.27116903127901,0.799322781981202));
#10490=CARTESIAN_POINT('',(0.813623502803569,8.27121694464707,0.750616989467193));
#10491=CARTESIAN_POINT('',(0.7735828276824,8.27128267007194,0.694909726401618));
#10492=CARTESIAN_POINT('',(0.730866628622939,8.2713527872796,0.64147859095382));
#10493=CARTESIAN_POINT('',(0.692686911077125,8.27141545800504,0.600134630292652));
#10494=CARTESIAN_POINT('',(0.643956685103624,8.27149544703611,0.553611623458258));
#10495=CARTESIAN_POINT('',(0.59546474450731,8.27157504492973,0.51172211132062));
#10496=CARTESIAN_POINT('',(0.5494685836979,8.27165054608455,0.478027180909101));
#10497=CARTESIAN_POINT('',(0.499338371000108,8.27173283314686,0.444740654438143));
#10498=CARTESIAN_POINT('',(0.473542776316459,8.27177517575011,0.429208963506052));
#10499=CARTESIAN_POINT('',(0.449839299179199,8.27181408421259,0.416125591373532));
#10500=CARTESIAN_POINT('',(0.974855184235741,8.18225261699484,1.3));
#10501=CARTESIAN_POINT('',(0.974855184235734,8.18225261699484,1.26940012388936));
#10502=CARTESIAN_POINT('',(0.972576961377206,8.18183804415592,1.21787383726343));
#10503=CARTESIAN_POINT('',(0.964743907272303,8.18041264739742,1.15427522127717));
#10504=CARTESIAN_POINT('',(0.953681238377076,8.17839955107861,1.09023539575657));
#10505=CARTESIAN_POINT('',(0.940852304821171,8.17606504399355,1.03701090943904));
#10506=CARTESIAN_POINT('',(0.920836293382778,8.17242268975466,0.972989174969586));
#10507=CARTESIAN_POINT('',(0.89786688123945,8.16824289919337,0.910761784051023));
#10508=CARTESIAN_POINT('',(0.873191057236818,8.16375258940162,0.858186224818159));
#10509=CARTESIAN_POINT('',(0.8407835307454,8.15785532601071,0.7976009024245));
#10510=CARTESIAN_POINT('',(0.811184366735412,8.15246910604221,0.748823647490357));
#10511=CARTESIAN_POINT('',(0.770595171544757,8.1450830077873,0.693110314360207));
#10512=CARTESIAN_POINT('',(0.727305297546547,8.13720546152673,0.639727815006484));
#10513=CARTESIAN_POINT('',(0.688627885829275,8.13016725439186,0.598490284850177));
#10514=CARTESIAN_POINT('',(0.639287037830279,8.1211886001074,0.552174333066766));
#10515=CARTESIAN_POINT('',(0.590207182823765,8.11225743924766,0.510542692557058));
#10516=CARTESIAN_POINT('',(0.543689748188084,8.10379256722515,0.477170445578585));
#10517=CARTESIAN_POINT('',(0.493020452808808,8.09457217267383,0.444284067055116));
#10518=CARTESIAN_POINT('',(0.466961322845273,8.0898301398879,0.428981001304196));
#10519=CARTESIAN_POINT('',(0.443029089424754,8.08547514278404,0.416125591373532));
#10520=CARTESIAN_POINT('',(1.00698517014959,8.09731637287741,1.3));
#10521=CARTESIAN_POINT('',(1.00698517014958,8.09731637287741,1.26928555186821));
#10522=CARTESIAN_POINT('',(1.00476733493902,8.09665538871218,1.21755706378465));
#10523=CARTESIAN_POINT('',(0.99713868561134,8.09438181293715,1.15370128682398));
#10524=CARTESIAN_POINT('',(0.986363449415436,8.09117045599402,1.0894035637496));
#10525=CARTESIAN_POINT('',(0.973866404675821,8.08744594632541,1.03596903104892));
#10526=CARTESIAN_POINT('',(0.954367334181378,8.08163461427863,0.971712489392129));
#10527=CARTESIAN_POINT('',(0.931991215128082,8.07496583189876,0.909273594889839));
#10528=CARTESIAN_POINT('',(0.907954308647672,8.06780208299212,0.856553835596323));
#10529=CARTESIAN_POINT('',(0.876390043066791,8.05839494596188,0.795838048944087));
#10530=CARTESIAN_POINT('',(0.847564377017798,8.04980399713033,0.746987631066834));
#10531=CARTESIAN_POINT('',(0.808049088488555,8.03802720691701,0.69126808342857));
#10532=CARTESIAN_POINT('',(0.765915732620786,8.02547015086334,0.637935377515617));
#10533=CARTESIAN_POINT('',(0.728286228493517,8.01425538330292,0.59680681048927));
#10534=CARTESIAN_POINT('',(0.680306089668434,7.99995580330793,0.550702840848192));
#10535=CARTESIAN_POINT('',(0.63259890639741,7.98573757259361,0.50933520829132));
#10536=CARTESIAN_POINT('',(0.587417837457964,7.97227220285146,0.476293323335443));
#10537=CARTESIAN_POINT('',(0.538232432296892,7.95761341584271,0.443816614698096));
#10538=CARTESIAN_POINT('',(0.512949954918233,7.95007844790387,0.428747614503488));
#10539=CARTESIAN_POINT('',(0.48974403861107,7.94316236002424,0.416125591373535));
#10540=CARTESIAN_POINT('',(1.02632079066843,8.00988669341995,1.3));
#10541=CARTESIAN_POINT('',(1.02632079066842,8.00988669341995,1.26917257963359));
#10542=CARTESIAN_POINT('',(1.02403744796793,8.00938171789853,1.21724471346204));
#10543=CARTESIAN_POINT('',(1.01618028825461,8.00764405787833,1.15313536630466));
#10544=CARTESIAN_POINT('',(1.00508105332553,8.00518939264371,1.08858334673921));
#10545=CARTESIAN_POINT('',(0.992206818722113,8.00234217512779,1.0349417005649));
#10546=CARTESIAN_POINT('',(0.972118351478878,7.99789948493574,0.970453630369164));
#10547=CARTESIAN_POINT('',(0.949065946978779,7.99280130147874,0.907806185539798));
#10548=CARTESIAN_POINT('',(0.924304089930088,7.98732506189733,0.85494423967296));
#10549=CARTESIAN_POINT('',(0.891791950570244,7.98013479890176,0.794099810454389));
#10550=CARTESIAN_POINT('',(0.862103923820599,7.97356910607587,0.745177251219304));
#10551=CARTESIAN_POINT('',(0.821419537454654,7.96457149953429,0.689451575847053));
#10552=CARTESIAN_POINT('',(0.778050656044294,7.95498020012109,0.636167968101497));
#10553=CARTESIAN_POINT('',(0.739332150399296,7.94641736039831,0.595146842736387));
#10554=CARTESIAN_POINT('',(0.689987097205833,7.93550439321198,0.54925189529881));
#10555=CARTESIAN_POINT('',(0.640941728813346,7.92465770319403,0.508144584311655));
#10556=CARTESIAN_POINT('',(0.594528344938134,7.91439309301617,0.475428448483315));
#10557=CARTESIAN_POINT('',(0.544029399604649,7.90322493536502,0.44335568944929));
#10558=CARTESIAN_POINT('',(0.518085107155838,7.89748719279828,0.428517486518102));
#10559=CARTESIAN_POINT('',(0.494284683231459,7.89222358016645,0.416125591373535));
#10560=CARTESIAN_POINT('',(1.55500000000122,8.26999999999942,1.3000000000002));
#10561=CARTESIAN_POINT('',(1.01382459082168,8.46094261297616,1.30028541716411));
#10562=CARTESIAN_POINT('',(1.01037308460058,8.46199169969021,1.29994996972232));
#10563=CARTESIAN_POINT('',(1.00330387269842,8.46321391371229,0.943032098088018));
#10564=CARTESIAN_POINT('',(0.816728242899086,8.5273414463202,0.595401401939183));
#10565=CARTESIAN_POINT('',(0.532012164691026,8.63034273328731,0.406273602954116));
#10566=CARTESIAN_POINT('',(1.00863830509411,8.46466044454804,1.3098495850557));
#10567=CARTESIAN_POINT('',(1.0086383050941,8.46466044454804,1.30656639003713));
#10568=CARTESIAN_POINT('',(1.0086383050941,8.46466044454804,1.30328319501857));
#10569=CARTESIAN_POINT('',(1.0086383050941,8.46466044454804,1.3));
#10570=CARTESIAN_POINT('',(1.0086383050941,8.46466044454805,1.26976246473341));
#10571=CARTESIAN_POINT('',(1.00658372957107,8.46539056338628,1.21887565226618));
#10572=CARTESIAN_POINT('',(0.999529621081651,8.46789733507042,1.15609032318541));
#10573=CARTESIAN_POINT('',(0.989570937486249,8.47143628901251,1.0928661140464));
#10574=CARTESIAN_POINT('',(0.978026704121978,8.47553869276965,1.04030591193198));
#10575=CARTESIAN_POINT('',(0.960017842755151,8.48193839382537,0.97702676918434));
#10576=CARTESIAN_POINT('',(0.939351502123546,8.48928246718405,0.915468270952523));
#10577=CARTESIAN_POINT('',(0.917145043117351,8.49717383981968,0.863348753004174));
#10578=CARTESIAN_POINT('',(0.887967734399485,8.50754239145174,0.803176031602463));
#10579=CARTESIAN_POINT('',(0.861308590143195,8.51701607211193,0.754630158835596));
#10580=CARTESIAN_POINT('',(0.824710043050409,8.53002182298156,0.698936479457658));
#10581=CARTESIAN_POINT('',(0.785641731582509,8.54390521145177,0.645396505380375));
#10582=CARTESIAN_POINT('',(0.750690745739445,8.55632542792606,0.603814372832597));
#10583=CARTESIAN_POINT('',(0.706029591437814,8.57219620802547,0.556828014892323));
#10584=CARTESIAN_POINT('',(0.661545238755369,8.58800411883962,0.514361433499882));
#10585=CARTESIAN_POINT('',(0.619273686657002,8.60302561552893,0.479944396939096));
#10586=CARTESIAN_POINT('',(0.573141603445839,8.61941891906035,0.445762412989073));
#10587=CARTESIAN_POINT('',(0.549374104379395,8.62786480904197,0.429719100968651));
#10588=CARTESIAN_POINT('',(0.527505969592744,8.63563572341763,0.416125591373524));
#10589=CARTESIAN_POINT('',(1.00842255491361,8.46404839889787,1.3098498517616));
#10590=CARTESIAN_POINT('',(1.00842255491361,8.46404839889787,1.30656656784107));
#10591=CARTESIAN_POINT('',(1.00842255491361,8.46404839889788,1.30328328392053));
#10592=CARTESIAN_POINT('',(1.00842255491361,8.46404839889788,1.3));
#10593=CARTESIAN_POINT('',(1.0084225549136,8.46404839889789,1.269761645965));
#10594=CARTESIAN_POINT('',(1.00636715924649,8.46477685109551,1.21887338850128));
#10595=CARTESIAN_POINT('',(0.999310210571469,8.46727790685864,1.15608622166569));
#10596=CARTESIAN_POINT('',(0.989347507876852,8.47080879374502,1.09286016950802));
#10597=CARTESIAN_POINT('',(0.977798604661981,8.47490184886428,1.04029846633476));
#10598=CARTESIAN_POINT('',(0.9597824517257,8.4812869678754,0.97701764557964));
#10599=CARTESIAN_POINT('',(0.939107744122786,8.48861430723962,0.915457635875363));
#10600=CARTESIAN_POINT('',(0.916892306333382,8.49648769579487,0.863337087427121));
#10601=CARTESIAN_POINT('',(0.887703231706475,8.50683260985908,0.803163433685965));
#10602=CARTESIAN_POINT('',(0.861033362059674,8.51628468655382,0.754617038073236));
#10603=CARTESIAN_POINT('',(0.824420190708524,8.52926075306537,0.698923314284429));
#10604=CARTESIAN_POINT('',(0.785336352371558,8.54311243230083,0.645383696047048));
#10605=CARTESIAN_POINT('',(0.75037158629192,8.55550425290978,0.603802342184752));
#10606=CARTESIAN_POINT('',(0.705693003358905,8.57133870176937,0.556817499136872));
#10607=CARTESIAN_POINT('',(0.661191435206311,8.5871103880474,0.514352804429955));
#10608=CARTESIAN_POINT('',(0.618903789695553,8.60209739371313,0.479938128742164));
#10609=CARTESIAN_POINT('',(0.572754355025802,8.61845300174588,0.44575907242457));
#10610=CARTESIAN_POINT('',(0.548978017308728,8.62687944481741,0.429717433111702));
#10611=CARTESIAN_POINT('',(0.527101847680307,8.63463244127117,0.416125591373524));
#10612=CARTESIAN_POINT('',(1.00820680473312,8.46343635324771,1.30985011846751));
#10613=CARTESIAN_POINT('',(1.00820680473312,8.46343635324771,1.30656674564501));
#10614=CARTESIAN_POINT('',(1.00820680473312,8.46343635324771,1.3032833728225));
#10615=CARTESIAN_POINT('',(1.00820680473312,8.46343635324771,1.3));
#10616=CARTESIAN_POINT('',(1.00820680473311,8.46343635324772,1.26976082719658));
#10617=CARTESIAN_POINT('',(1.00615058892192,8.46416313880473,1.21887112473637));
#10618=CARTESIAN_POINT('',(0.999090800061287,8.46665847864686,1.15608212014596));
#10619=CARTESIAN_POINT('',(0.989124078267456,8.47018129847753,1.09285422496965));
#10620=CARTESIAN_POINT('',(0.977570505201985,8.4742650049589,1.04029102073755));
#10621=CARTESIAN_POINT('',(0.95954706069625,8.48063554192544,0.977008521974941));
#10622=CARTESIAN_POINT('',(0.938863986122026,8.48794614729518,0.915447000798204));
#10623=CARTESIAN_POINT('',(0.916639569549414,8.49580155177007,0.863325421850069));
#10624=CARTESIAN_POINT('',(0.887438729013466,8.50612282826642,0.803150835769468));
#10625=CARTESIAN_POINT('',(0.860758133976154,8.51555330099571,0.754603917310876));
#10626=CARTESIAN_POINT('',(0.82413033836664,8.52849968314919,0.698910149111201));
#10627=CARTESIAN_POINT('',(0.785030973160608,8.54231965314989,0.645370886713721));
#10628=CARTESIAN_POINT('',(0.750052426844396,8.55468307789351,0.603790311536908));
#10629=CARTESIAN_POINT('',(0.705356415279996,8.57048119551328,0.55680698338142));
#10630=CARTESIAN_POINT('',(0.660837631657252,8.58621665725518,0.514344175360029));
#10631=CARTESIAN_POINT('',(0.618533892734103,8.60116917189732,0.479931860545232));
#10632=CARTESIAN_POINT('',(0.572367106605765,8.6174870844314,0.445755731860067));
#10633=CARTESIAN_POINT('',(0.54858193023806,8.62589408059285,0.429715765254753));
#10634=CARTESIAN_POINT('',(0.526697725767869,8.6336291591247,0.416125591373524));
#10635=CARTESIAN_POINT('',(1.00799105455263,8.46282430759754,1.30985038517341));
#10636=CARTESIAN_POINT('',(1.00799105455263,8.46282430759755,1.30656692344894));
#10637=CARTESIAN_POINT('',(1.00799105455263,8.46282430759755,1.30328346172447));
#10638=CARTESIAN_POINT('',(1.00799105455263,8.46282430759755,1.3));
#10639=CARTESIAN_POINT('',(1.00799105455262,8.46282430759756,1.26976000842816));
#10640=CARTESIAN_POINT('',(1.00593401859735,8.46354942651395,1.21886886097147));
#10641=CARTESIAN_POINT('',(0.998871389551105,8.46603905043508,1.15607801862624));
#10642=CARTESIAN_POINT('',(0.988900648658059,8.46955380321004,1.09284828043127));
#10643=CARTESIAN_POINT('',(0.977342405741988,8.47362816105352,1.04028357514034));
#10644=CARTESIAN_POINT('',(0.959311669666799,8.47998411597548,0.976999398370241));
#10645=CARTESIAN_POINT('',(0.938620228121266,8.48727798735075,0.915436365721044));
#10646=CARTESIAN_POINT('',(0.916386832765445,8.49511540774526,0.863313756273016));
#10647=CARTESIAN_POINT('',(0.887174226320456,8.50541304667376,0.80313823785297));
#10648=CARTESIAN_POINT('',(0.860482905892634,8.5148219154376,0.754590796548516));
#10649=CARTESIAN_POINT('',(0.823840486024755,8.52773861323301,0.698896983937972));
#10650=CARTESIAN_POINT('',(0.784725593949657,8.54152687399896,0.645358077380394));
#10651=CARTESIAN_POINT('',(0.749733267396871,8.55386190287724,0.603778280889063));
#10652=CARTESIAN_POINT('',(0.705019827201087,8.56962368925719,0.556796467625969));
#10653=CARTESIAN_POINT('',(0.660483828108193,8.58532292646296,0.514335546290103));
#10654=CARTESIAN_POINT('',(0.618163995772653,8.60024095008152,0.4799255923483));
#10655=CARTESIAN_POINT('',(0.571979858185728,8.61652116711693,0.445752391295565));
#10656=CARTESIAN_POINT('',(0.548185843167393,8.62490871636829,0.429714097397804));
#10657=CARTESIAN_POINT('',(0.526293603855432,8.63262587697824,0.416125591373525));
#10658=CARTESIAN_POINT('',(0.98621006420275,8.40103543507146,1.30987731038248));
#10659=CARTESIAN_POINT('',(0.986210064202749,8.40103543507146,1.30658487358832));
#10660=CARTESIAN_POINT('',(0.986210064202748,8.40103543507146,1.30329243679416));
#10661=CARTESIAN_POINT('',(0.986210064202747,8.40103543507146,1.3));
#10662=CARTESIAN_POINT('',(0.98621006420274,8.40103543507146,1.26967734992484));
#10663=CARTESIAN_POINT('',(0.984070230864479,8.40159229881876,1.21864032331117));
#10664=CARTESIAN_POINT('',(0.976720871790095,8.40350487376619,1.15566395101677));
#10665=CARTESIAN_POINT('',(0.966344384023471,8.4062052195166,1.09224815146413));
#10666=CARTESIAN_POINT('',(0.954314697836193,8.40933578861718,1.03953190725918));
#10667=CARTESIAN_POINT('',(0.935547843702839,8.41421961790001,0.976078327780803));
#10668=CARTESIAN_POINT('',(0.91401171724935,8.41982411422449,0.914362704913646));
#10669=CARTESIAN_POINT('',(0.890871871711324,8.42584595754655,0.862136061679062));
#10670=CARTESIAN_POINT('',(0.860471441688638,8.43375727338566,0.801866419229051));
#10671=CARTESIAN_POINT('',(0.832697342898023,8.440985120739,0.753266194188077));
#10672=CARTESIAN_POINT('',(0.794578535712268,8.45090504367535,0.697567898092526));
#10673=CARTESIAN_POINT('',(0.753896133545077,8.46149210880563,0.644064915238206));
#10674=CARTESIAN_POINT('',(0.71751262762385,8.4709604421964,0.602563730690264));
#10675=CARTESIAN_POINT('',(0.671039685530427,8.48305441990001,0.555734852903403));
#10676=CARTESIAN_POINT('',(0.624765704164021,8.49509662066657,0.513464401300279));
#10677=CARTESIAN_POINT('',(0.580821166536524,8.50653261404943,0.479292788535237));
#10678=CARTESIAN_POINT('',(0.532885318006948,8.51900729409344,0.445415145676428));
#10679=CARTESIAN_POINT('',(0.50819899984595,8.5254315867673,0.42954571943389));
#10680=CARTESIAN_POINT('',(0.485495605657298,8.53133984931201,0.41612559137353));
#10681=CARTESIAN_POINT('',(0.97510832267284,8.33646742717534,1.30990423559156));
#10682=CARTESIAN_POINT('',(0.975108322672839,8.33646742717534,1.30660282372771));
#10683=CARTESIAN_POINT('',(0.975108322672839,8.33646742717534,1.30330141186385));
#10684=CARTESIAN_POINT('',(0.975108322672838,8.33646742717534,1.3));
#10685=CARTESIAN_POINT('',(0.975108322672831,8.33646742717534,1.26959469142152));
#10686=CARTESIAN_POINT('',(0.972883234287211,8.33665916299824,1.21841178565087));
#10687=CARTESIAN_POINT('',(0.965238562325567,8.33731790423246,1.1552498834073));
#10688=CARTESIAN_POINT('',(0.954444154547529,8.33824805814069,1.09164802249698));
#10689=CARTESIAN_POINT('',(0.941928849206052,8.33932650175849,1.03878023937802));
#10690=CARTESIAN_POINT('',(0.92240372317618,8.34100898148863,0.97515725719136));
#10691=CARTESIAN_POINT('',(0.899997492290448,8.34293972596815,0.913289044106247));
#10692=CARTESIAN_POINT('',(0.875923952454464,8.34501414242749,0.860958367085109));
#10693=CARTESIAN_POINT('',(0.844300089451797,8.3477391700872,0.800594600605132));
#10694=CARTESIAN_POINT('',(0.815410825292057,8.35022855741784,0.751941591827641));
#10695=CARTESIAN_POINT('',(0.775771763420112,8.35364425460818,0.696238812247078));
#10696=CARTESIAN_POINT('',(0.733475525024856,8.35728892064786,0.642771753096018));
#10697=CARTESIAN_POINT('',(0.695660052158432,8.36054747920908,0.601349180491465));
#10698=CARTESIAN_POINT('',(0.647376560476272,8.36470806674801,0.554673238180835));
#10699=CARTESIAN_POINT('',(0.599314609183066,8.36884956415592,0.512593256310454));
#10700=CARTESIAN_POINT('',(0.553699446400908,8.37278022184546,0.47865998472217));
#10701=CARTESIAN_POINT('',(0.50396303329895,8.37706600759485,0.445077900057289));
#10702=CARTESIAN_POINT('',(0.478359842900157,8.37927223401343,0.429377341469973));
#10703=CARTESIAN_POINT('',(0.45482326824473,8.38130038019359,0.41612559137353));
#10704=CARTESIAN_POINT('',(0.975000781377965,8.27095204925839,1.30993116080064));
#10705=CARTESIAN_POINT('',(0.975000781377964,8.27095204925839,1.3066207738671));
#10706=CARTESIAN_POINT('',(0.975000781377964,8.27095204925839,1.30331038693355));
#10707=CARTESIAN_POINT('',(0.975000781377963,8.27095204925839,1.3));
#10708=CARTESIAN_POINT('',(0.975000781377956,8.27095204925839,1.26951203291819));
#10709=CARTESIAN_POINT('',(0.972753233906467,8.27095573853216,1.21818324799056));
#10710=CARTESIAN_POINT('',(0.965028924071326,8.27096841772761,1.15483581579783));
#10711=CARTESIAN_POINT('',(0.954121105442404,8.27098632254594,1.09104789352983));
#10712=CARTESIAN_POINT('',(0.941473204678151,8.27100708365072,1.03802857149686));
#10713=CARTESIAN_POINT('',(0.921740539537846,8.27103947415852,0.974236186601913));
#10714=CARTESIAN_POINT('',(0.899096204189001,8.2710766440753,0.91221538329884));
#10715=CARTESIAN_POINT('',(0.874768033158224,8.27111657795185,0.859780672491142));
#10716=CARTESIAN_POINT('',(0.842812870661614,8.27116903127901,0.799322781981202));
#10717=CARTESIAN_POINT('',(0.813623502803569,8.27121694464707,0.750616989467193));
#10718=CARTESIAN_POINT('',(0.7735828276824,8.27128267007194,0.694909726401618));
#10719=CARTESIAN_POINT('',(0.730866628622939,8.2713527872796,0.64147859095382));
#10720=CARTESIAN_POINT('',(0.692686911077125,8.27141545800504,0.600134630292652));
#10721=CARTESIAN_POINT('',(0.643956685103624,8.27149544703611,0.553611623458258));
#10722=CARTESIAN_POINT('',(0.59546474450731,8.27157504492973,0.51172211132062));
#10723=CARTESIAN_POINT('',(0.5494685836979,8.27165054608455,0.478027180909101));
#10724=CARTESIAN_POINT('',(0.499338371000108,8.27173283314686,0.444740654438143));
#10725=CARTESIAN_POINT('',(0.473542776316459,8.27177517575011,0.429208963506052));
#10726=CARTESIAN_POINT('',(0.449839299179199,8.27181408421259,0.416125591373532));
#10727=CARTESIAN_POINT('',(1.02599805106282,8.45697672254977,1.30083069294157));
#10728=CARTESIAN_POINT('',(1.15820073029142,8.86276716014305,1.30075044127374));
#10729=CARTESIAN_POINT('',(1.28906166874167,9.26899470662292,1.30059449159692));
#10730=CARTESIAN_POINT('',(1.41857689392983,9.67565086249537,1.30048765900804));
#10731=CARTESIAN_POINT('',(1.4278156861658,9.67270835403599,1.30025437998269));
#10732=CARTESIAN_POINT('',(1.43232191002237,9.67130503330434,1.29994258575566));
#10733=CARTESIAN_POINT('',(1.43396806809673,9.67057499631781,1.2198727095999));
#10734=CARTESIAN_POINT('',(1.42920314250733,9.6743638112475,1.15168627135083));
#10735=CARTESIAN_POINT('',(1.40087793063331,9.6825305406344,0.995930519582376));
#10736=CARTESIAN_POINT('',(1.35903734470035,9.69631170036393,0.867500230653084));
#10737=CARTESIAN_POINT('',(1.2840195615584,9.72269000125961,0.699340342197842));
#10738=CARTESIAN_POINT('',(1.19750217333878,9.75316851612594,0.551342542375164));
#10739=CARTESIAN_POINT('',(1.03860994556257,9.81066085772433,0.419555132156007));
#10740=CARTESIAN_POINT('',(0.33182733717518,9.78949572827094,1.29293482121787));
#10741=CARTESIAN_POINT('',(1.43705512678788,9.66976768580223,1.30002109775585));
#10742=CARTESIAN_POINT('',(1.48940588475812,9.83228803631088,1.29992980451271));
#10743=CARTESIAN_POINT('',(1.49122389552471,9.93647384901447,1.30011841290672));
#10744=CARTESIAN_POINT('',(1.49315721241133,9.96952285088192,1.30010553227245));
#10745=CARTESIAN_POINT('',(1.48907860590963,9.96976142037866,1.30004691090468));
#10746=CARTESIAN_POINT('',(1.4882017144372,9.97000778768529,1.29989356131405));
#10747=CARTESIAN_POINT('',(1.47715906211051,9.96869878166284,0.967630783030406));
#10748=CARTESIAN_POINT('',(1.33686442643163,9.96715448830507,0.641336376916989));
#10749=CARTESIAN_POINT('',(1.10336406324893,9.96947992997867,0.404705059854957));
#10750=CARTESIAN_POINT('',(0.401138182495983,10.0112492607181,1.27564301927706));
#10751=CARTESIAN_POINT('',(1.48500000000003,9.96999999999712,1.3));
#10752=CARTESIAN_POINT('',(1.48500000000003,10.4366651131255,1.3));
#10753=CARTESIAN_POINT('',(1.48500000000004,10.9033302262511,1.3));
#10754=CARTESIAN_POINT('',(1.48500000000003,11.3699953393768,1.3));
#10755=CARTESIAN_POINT('',(0.149372099765304,11.0900138157903,1.29109741814645));
#10756=CARTESIAN_POINT('',(-3.30000000019828,5.50500000000286,1.30000000000001));
#10757=CARTESIAN_POINT('',(1.30000000000003,5.50500000001404,1.3));
#10758=CARTESIAN_POINT('',(1.30000000000003,5.50500000001404,1.2659808597375));
#10759=CARTESIAN_POINT('',(1.29613534951184,5.50500000001405,1.19632994512675));
#10760=CARTESIAN_POINT('',(1.27723998553245,5.50500000001404,1.08890888544289));
#10761=CARTESIAN_POINT('',(1.24413646723792,5.50500000001405,0.980925227532967));
#10762=CARTESIAN_POINT('',(1.19629561823505,5.50500000001404,0.875146948339746));
#10763=CARTESIAN_POINT('',(1.13391022782656,5.50500000001404,0.774543604526013));
#10764=CARTESIAN_POINT('',(1.05797049824574,5.50500000001404,0.68204670361968));
#10765=CARTESIAN_POINT('',(0.970233946515575,5.50500000001404,0.600284591824639));
#10766=CARTESIAN_POINT('',(0.873098711061761,5.50500000001404,0.531338237396673));
#10767=CARTESIAN_POINT('',(0.769385764486128,5.50500000001404,0.476570210248819));
#10768=CARTESIAN_POINT('',(0.667158018493267,5.50500000001404,0.438439144570235));
#10769=CARTESIAN_POINT('',(0.600294458518773,5.50500000001404,0.422015852978934));
#10770=CARTESIAN_POINT('',(0.56960037324872,5.50500000001404,0.416125591373608));
#10771=CARTESIAN_POINT('',(0.565716080604666,5.50500000001404,0.415380187181764));
#10772=CARTESIAN_POINT('',(0.561831787960612,5.50500000001404,0.41463478298992));
#10773=CARTESIAN_POINT('',(0.557947495316558,5.50500000001404,0.413889378798076));
#10774=CARTESIAN_POINT('',(1.30000000000472,3.98037391099558,1.3));
#10775=CARTESIAN_POINT('',(1.29999999983224,3.98037391105276,1.27477836749448));
#10776=CARTESIAN_POINT('',(1.29806767424317,3.98101436192349,1.22352878544056));
#10777=CARTESIAN_POINT('',(1.28861999173602,3.98414570610403,1.14518206847581));
#10778=CARTESIAN_POINT('',(1.27206823207129,3.98963162884375,1.06655405239803));
#10779=CARTESIAN_POINT('',(1.24814780705238,3.99755982537469,0.989028725678602));
#10780=CARTESIAN_POINT('',(1.21695511133065,4.00789834660985,0.914090866648919));
#10781=CARTESIAN_POINT('',(1.17898524602275,4.02048309601028,0.843206229072933));
#10782=CARTESIAN_POINT('',(1.13511696964017,4.03502281745587,0.777688986052592));
#10783=CARTESIAN_POINT('',(1.08654935139576,4.05112009090219,0.718579621715791));
#10784=CARTESIAN_POINT('',(1.03469287759044,4.06830742412915,0.666559421019043));
#10785=CARTESIAN_POINT('',(0.983579004101,4.08524862957019,0.624023720507273));
#10786=CARTESIAN_POINT('',(0.950147223793244,4.09632927401735,0.600553969413411));
#10787=CARTESIAN_POINT('',(0.934800181010212,4.10141590484672,0.590562795686815));
#10788=CARTESIAN_POINT('',(0.932858034669455,4.10205961071186,0.589298426924227));
#10789=CARTESIAN_POINT('',(0.930915888328698,4.10270331657701,0.588034058161638));
#10790=CARTESIAN_POINT('',(0.928973741987941,4.10334702244215,0.58676968939905));
#10791=CARTESIAN_POINT('',(0.389387755103911,2.75756155795349,1.3));
#10792=CARTESIAN_POINT('',(0.389387756586556,2.75756156052203,1.28357587525145));
#10793=CARTESIAN_POINT('',(0.38938775955184,2.7575615656591,1.25072762575436));
#10794=CARTESIAN_POINT('',(0.389387763999771,2.75756157336471,1.20145525150873));
#10795=CARTESIAN_POINT('',(0.3893877684477,2.75756158107031,1.15218287726309));
#10796=CARTESIAN_POINT('',(0.389387772895631,2.75756158877592,1.10291050301745));
#10797=CARTESIAN_POINT('',(0.389387777343559,2.75756159648153,1.05363812877181));
#10798=CARTESIAN_POINT('',(0.389387781791491,2.75756160418714,1.00436575452617));
#10799=CARTESIAN_POINT('',(0.389387786239419,2.75756161189275,0.955093380280535));
#10800=CARTESIAN_POINT('',(0.38938779068735,2.75756161959835,0.905821006034898));
#10801=CARTESIAN_POINT('',(0.389387795135279,2.75756162730396,0.85654863178926));
#10802=CARTESIAN_POINT('',(0.389387799372691,2.75756163464487,0.809608296444298));
#10803=CARTESIAN_POINT('',(0.389387802127459,2.75756163941723,0.779092085847881));
#10804=CARTESIAN_POINT('',(0.389387803399584,2.75756164162106,0.765000000000011));
#10805=CARTESIAN_POINT('',(0.38938780356057,2.75756164189996,0.763216666666678));
#10806=CARTESIAN_POINT('',(0.389387803721556,2.75756164217885,0.761433333333344));
#10807=CARTESIAN_POINT('',(0.389387803882541,2.75756164245774,0.759650000000011));
#10808=CARTESIAN_POINT('',(1.09064746981182,9.96999999999773,2.18387440862734));
#10809=CARTESIAN_POINT('',(1.1098954813595,9.9699999999977,2.16620645215968));
#10810=CARTESIAN_POINT('',(1.13054948633464,9.96999999999767,2.14607600450323));
#10811=CARTESIAN_POINT('',(1.17014487287104,9.96999999999761,2.10474287770796));
#10812=CARTESIAN_POINT('',(1.20593962106647,9.96999999999756,2.06455840911697));
#10813=CARTESIAN_POINT('',(1.24290356608306,9.9699999999975,2.01748277026709));
#10814=CARTESIAN_POINT('',(1.27965449554527,9.96999999999744,1.96679567527721));
#10815=CARTESIAN_POINT('',(1.30805948326056,9.9699999999974,1.92331127369482));
#10816=CARTESIAN_POINT('',(1.3394986030904,9.96999999999735,1.86890255166606));
#10817=CARTESIAN_POINT('',(1.36875606597117,9.9699999999973,1.8133167597939));
#10818=CARTESIAN_POINT('',(1.38988274388953,9.96999999999728,1.76604789087874));
#10819=CARTESIAN_POINT('',(1.41293761606903,9.96999999999724,1.70815313510879));
#10820=CARTESIAN_POINT('',(1.43042367599464,9.96999999999721,1.65855104952732));
#10821=CARTESIAN_POINT('',(1.44666824838515,9.96999999999718,1.60068614062722));
#10822=CARTESIAN_POINT('',(1.46082517484461,9.96999999999716,1.54150506394486));
#10823=CARTESIAN_POINT('',(1.46991006962413,9.96999999999715,1.49261183368281));
#10824=CARTESIAN_POINT('',(1.47776970809164,9.96999999999714,1.43389143411125));
#10825=CARTESIAN_POINT('',(1.4833540173313,9.96999999999712,1.37561023024999));
#10826=CARTESIAN_POINT('',(1.48499890149019,9.96999999999712,1.32826897224178));
#10827=CARTESIAN_POINT('',(1.4849999990909,9.96999999999712,1.30004675228209));
#10828=CARTESIAN_POINT('',(1.1883617049226,11.3847,2.19204318584526));
#10829=CARTESIAN_POINT('',(1.19037024360728,11.3847,2.18932026010605));
#10830=CARTESIAN_POINT('',(1.19237878229197,11.3847,2.18659733436684));
#10831=CARTESIAN_POINT('',(1.19438732097666,11.3847,2.18387440862763));
#10832=CARTESIAN_POINT('',(1.21010185761405,11.3847,2.16257060371915));
#10833=CARTESIAN_POINT('',(1.22667747623352,11.3847,2.13879458145051));
#10834=CARTESIAN_POINT('',(1.25791883651504,11.3847,2.09107850795617));
#10835=CARTESIAN_POINT('',(1.28562320775664,11.3847,2.04574744906478));
#10836=CARTESIAN_POINT('',(1.3134456326342,11.3847,1.99455891694541));
#10837=CARTESIAN_POINT('',(1.34069529561286,11.3847,1.94056943792532));
#10838=CARTESIAN_POINT('',(1.36134829958676,11.3847,1.89538753920526));
#10839=CARTESIAN_POINT('',(1.38384506810195,11.3847,1.84020327042087));
#10840=CARTESIAN_POINT('',(1.40454995127585,11.3847,1.78471418754503));
#10841=CARTESIAN_POINT('',(1.41928360590841,11.3847,1.73858536404901));
#10842=CARTESIAN_POINT('',(1.43527849989905,11.3847,1.68272273463652));
#10843=CARTESIAN_POINT('',(1.44733833220173,11.3847,1.63536708957398));
#10844=CARTESIAN_POINT('',(1.4585081362599,11.3847,1.58079748199582));
#10845=CARTESIAN_POINT('',(1.46824249970119,11.3847,1.52527401785015));
#10846=CARTESIAN_POINT('',(1.47450170500492,11.3847,1.47965302411712));
#10847=CARTESIAN_POINT('',(1.47994444105039,11.3847,1.42495076662516));
#10848=CARTESIAN_POINT('',(1.48383386026117,11.3847,1.37065924404609));
#10849=CARTESIAN_POINT('',(1.48500000000002,11.3847,1.32645247066589));
#10850=CARTESIAN_POINT('',(1.48500000000003,11.3847,1.3));
#10851=CARTESIAN_POINT('',(1.48500000000003,11.3847,1.2971277877263));
#10852=CARTESIAN_POINT('',(1.48500000000004,11.3847,1.29425557545261));
#10853=CARTESIAN_POINT('',(1.48500000000004,11.3847,1.29138336317891));
#10854=CARTESIAN_POINT('',(1.15333012677007,10.9131333333332,2.19157847330458));
#10855=CARTESIAN_POINT('',(1.15548920804287,10.9131333333332,2.18901045174557));
#10856=CARTESIAN_POINT('',(1.15764828931566,10.9131333333332,2.18644243018656));
#10857=CARTESIAN_POINT('',(1.15980737058845,10.9131333333332,2.18387440862755));
#10858=CARTESIAN_POINT('',(1.17669973219594,10.9131333333332,2.16378255319935));
#10859=CARTESIAN_POINT('',(1.19463481293397,10.9131333333332,2.1412217224681));
#10860=CARTESIAN_POINT('',(1.22866084863379,10.9131333333332,2.09563329787343));
#10861=CARTESIAN_POINT('',(1.25906201219331,10.9131333333332,2.05201776908216));
#10862=CARTESIAN_POINT('',(1.28993161045053,10.9131333333332,2.00220020138596));
#10863=CARTESIAN_POINT('',(1.32034836225702,10.9131333333332,1.94931151704261));
#10864=CARTESIAN_POINT('',(1.34358536081139,10.9131333333335,1.90469545070177));
#10865=CARTESIAN_POINT('',(1.36906291309814,10.9131333333334,1.84976969750258));
#10866=CARTESIAN_POINT('',(1.39261865617433,10.9131333333331,1.79424837829461));
#10867=CARTESIAN_POINT('',(1.40948331856882,10.9131333333332,1.74773953965889));
#10868=CARTESIAN_POINT('',(1.42783153862241,10.9131333333332,1.69119953479391));
#10869=CARTESIAN_POINT('',(1.44170011346607,10.9131333333332,1.64309507622505));
#10870=CARTESIAN_POINT('',(1.45456150696831,10.9131333333332,1.58742703487294));
#10871=CARTESIAN_POINT('',(1.46577005808231,10.9131333333332,1.53068436654838));
#10872=CARTESIAN_POINT('',(1.472971159878,10.9131333333332,1.48397262730566));
#10873=CARTESIAN_POINT('',(1.47921953006415,10.9131333333332,1.42793098912052));
#10874=CARTESIAN_POINT('',(1.48367442641566,10.9131333333332,1.37230421047863));
#10875=CARTESIAN_POINT('',(1.48500000000006,10.9131333333332,1.32704742933984));
#10876=CARTESIAN_POINT('',(1.48500000000004,10.9131333333332,1.3));
#10877=CARTESIAN_POINT('',(1.48500000000004,10.9131333333332,1.29706318704581));
#10878=CARTESIAN_POINT('',(1.48500000000004,10.9131333333332,1.29412637409162));
#10879=CARTESIAN_POINT('',(1.48500000000003,10.9131333333332,1.29118956113743));
#10880=CARTESIAN_POINT('',(1.11829854861756,10.4415666666666,2.19111376076387));
#10881=CARTESIAN_POINT('',(1.12060817247845,10.4415666666666,2.18870064338506));
#10882=CARTESIAN_POINT('',(1.12291779633934,10.4415666666666,2.18628752600624));
#10883=CARTESIAN_POINT('',(1.12522742020024,10.4415666666666,2.18387440862743));
#10884=CARTESIAN_POINT('',(1.14329760677782,10.4415666666666,2.1649945026795));
#10885=CARTESIAN_POINT('',(1.16259214963439,10.4415666666666,2.14364886348564));
#10886=CARTESIAN_POINT('',(1.19940286075249,10.4415666666666,2.10018808779067));
#10887=CARTESIAN_POINT('',(1.23250081662997,10.4415666666666,2.05828808909955));
#10888=CARTESIAN_POINT('',(1.26641758826687,10.4415666666666,2.0098414858265));
#10889=CARTESIAN_POINT('',(1.30000142890122,10.4415666666666,1.95805359615988));
#10890=CARTESIAN_POINT('',(1.32582242203603,10.4415666666666,1.91400336219826));
#10891=CARTESIAN_POINT('',(1.35428075809431,10.4415666666666,1.85933612458429));
#10892=CARTESIAN_POINT('',(1.38068736107278,10.4415666666666,1.80378256904424));
#10893=CARTESIAN_POINT('',(1.39968303122919,10.4415666666666,1.75689371526879));
#10894=CARTESIAN_POINT('',(1.42038457734574,10.4415666666666,1.69967633495133));
#10895=CARTESIAN_POINT('',(1.43606189473036,10.4415666666666,1.65082306287617));
#10896=CARTESIAN_POINT('',(1.45061487767675,10.4415666666666,1.59405658775006));
#10897=CARTESIAN_POINT('',(1.46329761646348,10.4415666666666,1.53609471524661));
#10898=CARTESIAN_POINT('',(1.47144061475107,10.4415666666666,1.48829223049423));
#10899=CARTESIAN_POINT('',(1.47849461907789,10.4415666666666,1.43091121161588));
#10900=CARTESIAN_POINT('',(1.48351499257016,10.4415666666666,1.37394917691114));
#10901=CARTESIAN_POINT('',(1.48500000000002,10.4415666666666,1.32764238801385));
#10902=CARTESIAN_POINT('',(1.48500000000003,10.4415666666666,1.3));
#10903=CARTESIAN_POINT('',(1.48500000000003,10.4415666666666,1.29699858636532));
#10904=CARTESIAN_POINT('',(1.48500000000003,10.4415666666666,1.29399717273063));
#10905=CARTESIAN_POINT('',(1.48500000000004,10.4415666666666,1.29099575909595));
#10906=CARTESIAN_POINT('',(1.08326697046484,9.96999999999774,2.19064904822318));
#10907=CARTESIAN_POINT('',(1.08572713691383,9.96999999999774,2.18839083502456));
#10908=CARTESIAN_POINT('',(1.08818730336283,9.96999999999773,2.18613262182595));
#10909=CARTESIAN_POINT('',(1.09064746981182,9.96999999999773,2.18387440862734));
#10910=CARTESIAN_POINT('',(1.1098954813595,9.9699999999977,2.16620645215968));
#10911=CARTESIAN_POINT('',(1.13054948633464,9.96999999999767,2.14607600450323));
#10912=CARTESIAN_POINT('',(1.17014487287104,9.96999999999761,2.10474287770796));
#10913=CARTESIAN_POINT('',(1.20593962106647,9.96999999999756,2.06455840911697));
#10914=CARTESIAN_POINT('',(1.24290356608306,9.9699999999975,2.01748277026709));
#10915=CARTESIAN_POINT('',(1.27965449554527,9.96999999999744,1.96679567527721));
#10916=CARTESIAN_POINT('',(1.30805948326056,9.9699999999974,1.92331127369482));
#10917=CARTESIAN_POINT('',(1.3394986030904,9.96999999999735,1.86890255166606));
#10918=CARTESIAN_POINT('',(1.36875606597117,9.9699999999973,1.8133167597939));
#10919=CARTESIAN_POINT('',(1.38988274388953,9.96999999999728,1.76604789087874));
#10920=CARTESIAN_POINT('',(1.41293761606903,9.96999999999724,1.70815313510879));
#10921=CARTESIAN_POINT('',(1.43042367599464,9.96999999999721,1.65855104952732));
#10922=CARTESIAN_POINT('',(1.44666824838515,9.96999999999718,1.60068614062722));
#10923=CARTESIAN_POINT('',(1.46082517484461,9.96999999999716,1.54150506394486));
#10924=CARTESIAN_POINT('',(1.46991006962413,9.96999999999715,1.49261183368281));
#10925=CARTESIAN_POINT('',(1.47776970809164,9.96999999999714,1.43389143411125));
#10926=CARTESIAN_POINT('',(1.48335555872465,9.96999999999712,1.37559414334368));
#10927=CARTESIAN_POINT('',(1.48500000000002,9.96999999999712,1.32823734668783));
#10928=CARTESIAN_POINT('',(1.48500000000003,9.96999999999712,1.3));
#10929=CARTESIAN_POINT('',(1.48500000000003,9.96999999999712,1.29693398568482));
#10930=CARTESIAN_POINT('',(1.48500000000003,9.96999999999712,1.29386797136965));
#10931=CARTESIAN_POINT('',(1.48500000000004,9.96999999999712,1.29080195705447));
#10932=CARTESIAN_POINT('',(1.08291665468331,9.96528433333105,2.19064440109777));
#10933=CARTESIAN_POINT('',(1.08537832655819,9.96528433333105,2.18838773694096));
#10934=CARTESIAN_POINT('',(1.08783999843306,9.96528433333105,2.18613107278415));
#10935=CARTESIAN_POINT('',(1.09030167030794,9.96528433333104,2.18387440862733));
#10936=CARTESIAN_POINT('',(1.10956146010532,9.96528433333102,2.16621857165448));
#10937=CARTESIAN_POINT('',(1.13022905970164,9.96528433333098,2.1461002759134));
#10938=CARTESIAN_POINT('',(1.16985229299223,9.96528433333092,2.10478842560713));
#10939=CARTESIAN_POINT('',(1.20567400911084,9.96528433333087,2.06462111231714));
#10940=CARTESIAN_POINT('',(1.24266842586122,9.96528433333081,2.01755918311149));
#10941=CARTESIAN_POINT('',(1.27945102621171,9.96528433333075,1.96688309606838));
#10942=CARTESIAN_POINT('',(1.3078818538728,9.96528433333071,1.92340435280978));
#10943=CARTESIAN_POINT('',(1.33935078154036,9.96528433333066,1.86899821593688));
#10944=CARTESIAN_POINT('',(1.36863675302015,9.96528433333061,1.8134121017014));
#10945=CARTESIAN_POINT('',(1.38978474101613,9.96528433333058,1.76613943263484));
#10946=CARTESIAN_POINT('',(1.41286314645626,9.96528433333055,1.70823790311036));
#10947=CARTESIAN_POINT('',(1.43036729380729,9.96528433333052,1.65862832939383));
#10948=CARTESIAN_POINT('',(1.44662878209223,9.96528433333049,1.60075243615599));
#10949=CARTESIAN_POINT('',(1.46080045042842,9.96528433333046,1.54155916743185));
#10950=CARTESIAN_POINT('',(1.46989476417286,9.96528433333045,1.4926550297147));
#10951=CARTESIAN_POINT('',(1.47776245898177,9.96528433333044,1.43392123633621));
#10952=CARTESIAN_POINT('',(1.48335396438619,9.96528433333043,1.375610593008));
#10953=CARTESIAN_POINT('',(1.48500000000002,9.96528433333042,1.32824329627457));
#10954=CARTESIAN_POINT('',(1.48500000000003,9.96528433333043,1.3));
#10955=CARTESIAN_POINT('',(1.48500000000003,9.96528433333043,1.29693333967802));
#10956=CARTESIAN_POINT('',(1.48500000000003,9.96528433333043,1.29386667935604));
#10957=CARTESIAN_POINT('',(1.48500000000004,9.96528433333043,1.29080001903405));
#10958=CARTESIAN_POINT('',(1.08256633890178,9.96056866666436,2.19063975397236));
#10959=CARTESIAN_POINT('',(1.08502951620254,9.96056866666436,2.18838463885735));
#10960=CARTESIAN_POINT('',(1.0874926935033,9.96056866666436,2.18612952374234));
#10961=CARTESIAN_POINT('',(1.08995587080405,9.96056866666436,2.18387440862733));
#10962=CARTESIAN_POINT('',(1.10922743885113,9.96056866666433,2.16623069114928));
#10963=CARTESIAN_POINT('',(1.12990863306865,9.96056866666429,2.14612454732358));
#10964=CARTESIAN_POINT('',(1.16955971311341,9.96056866666423,2.1048339735063));
#10965=CARTESIAN_POINT('',(1.2054083971552,9.96056866666419,2.06468381551732));
#10966=CARTESIAN_POINT('',(1.24243328563939,9.96056866666412,2.0176355959559));
#10967=CARTESIAN_POINT('',(1.27924755687815,9.96056866666406,1.96697051685956));
#10968=CARTESIAN_POINT('',(1.30770422448505,9.96056866666402,1.92349743192475));
#10969=CARTESIAN_POINT('',(1.33920295999033,9.96056866666396,1.8690938802077));
#10970=CARTESIAN_POINT('',(1.36851744006913,9.96056866666391,1.81350744360889));
#10971=CARTESIAN_POINT('',(1.38968673814273,9.96056866666389,1.76623097439094));
#10972=CARTESIAN_POINT('',(1.4127886768435,9.96056866666386,1.70832267111193));
#10973=CARTESIAN_POINT('',(1.43031091161993,9.96056866666383,1.65870560926034));
#10974=CARTESIAN_POINT('',(1.44658931579932,9.96056866666379,1.60081873168476));
#10975=CARTESIAN_POINT('',(1.46077572601224,9.96056866666377,1.54161327091883));
#10976=CARTESIAN_POINT('',(1.46987945872159,9.96056866666376,1.49269822574658));
#10977=CARTESIAN_POINT('',(1.47775520987191,9.96056866666375,1.43395103856116));
#10978=CARTESIAN_POINT('',(1.48335237004773,9.96056866666374,1.37562704267233));
#10979=CARTESIAN_POINT('',(1.48500000000002,9.96056866666373,1.32824924586131));
#10980=CARTESIAN_POINT('',(1.48500000000003,9.96056866666373,1.3));
#10981=CARTESIAN_POINT('',(1.48500000000003,9.96056866666373,1.29693269367121));
#10982=CARTESIAN_POINT('',(1.48500000000003,9.96056866666373,1.29386538734243));
#10983=CARTESIAN_POINT('',(1.48500000000004,9.96056866666373,1.29079808101364));
#10984=CARTESIAN_POINT('',(1.08221602312025,9.95585299999768,2.19063510684695));
#10985=CARTESIAN_POINT('',(1.08468070584689,9.95585299999767,2.18838154077375));
#10986=CARTESIAN_POINT('',(1.08714538857353,9.95585299999767,2.18612797470054));
#10987=CARTESIAN_POINT('',(1.08961007130017,9.95585299999767,2.18387440862733));
#10988=CARTESIAN_POINT('',(1.10889341759695,9.95585299999764,2.16624281064409));
#10989=CARTESIAN_POINT('',(1.12958820643565,9.9558529999976,2.14614881873375));
#10990=CARTESIAN_POINT('',(1.1692671332346,9.95585299999754,2.10487952140547));
#10991=CARTESIAN_POINT('',(1.20514278519957,9.9558529999975,2.06474651871749));
#10992=CARTESIAN_POINT('',(1.24219814541755,9.95585299999743,2.0177120088003));
#10993=CARTESIAN_POINT('',(1.27904408754459,9.95585299999737,1.96705793765073));
#10994=CARTESIAN_POINT('',(1.30752659509729,9.95585299999733,1.92359051103971));
#10995=CARTESIAN_POINT('',(1.33905513844029,9.95585299999727,1.86918954447851));
#10996=CARTESIAN_POINT('',(1.36839812711812,9.95585299999722,1.81360278551639));
#10997=CARTESIAN_POINT('',(1.38958873526934,9.9558529999972,1.76632251614704));
#10998=CARTESIAN_POINT('',(1.41271420723073,9.95585299999716,1.70840743911351));
#10999=CARTESIAN_POINT('',(1.43025452943257,9.95585299999713,1.65878288912685));
#11000=CARTESIAN_POINT('',(1.4465498495064,9.9558529999971,1.60088502721353));
#11001=CARTESIAN_POINT('',(1.46075100159605,9.95585299999707,1.54166737440581));
#11002=CARTESIAN_POINT('',(1.46986415327032,9.95585299999706,1.49274142177847));
#11003=CARTESIAN_POINT('',(1.47774796076205,9.95585299999705,1.43398084078611));
#11004=CARTESIAN_POINT('',(1.48335077570928,9.95585299999704,1.37564349233665));
#11005=CARTESIAN_POINT('',(1.48500000000002,9.95585299999703,1.32825519544805));
#11006=CARTESIAN_POINT('',(1.48500000000003,9.95585299999704,1.3));
#11007=CARTESIAN_POINT('',(1.48500000000003,9.95585299999704,1.29693204766441));
#11008=CARTESIAN_POINT('',(1.48500000000003,9.95585299999704,1.29386409532882));
#11009=CARTESIAN_POINT('',(1.48500000000004,9.95585299999704,1.29079614299322));
#11010=CARTESIAN_POINT('',(1.04927950037951,9.80673534395422,2.1941049847448));
#11011=CARTESIAN_POINT('',(1.22607572300382,9.74427354619912,2.02968892155226));
#11012=CARTESIAN_POINT('',(1.31742814911279,9.69546831697048,1.83945911531006));
#11013=CARTESIAN_POINT('',(1.42072392209881,9.66427681812074,1.53133614416685));
#11014=CARTESIAN_POINT('',(1.43573688282864,9.67016283380834,1.41861561419691));
#11015=CARTESIAN_POINT('',(1.43704430552018,9.66974701339457,1.30036683012184));
#11016=CARTESIAN_POINT('',(0.28752267916461,10.0400452979832,1.28635494613009));
#11017=CARTESIAN_POINT('',(0.52296933896481,8.63418155642531,2.1776484184413));
#11018=CARTESIAN_POINT('',(0.81103098842123,8.5276782891308,1.99704855014309));
#11019=CARTESIAN_POINT('',(1.00780858166296,8.4630152703151,1.65678817739948));
#11020=CARTESIAN_POINT('',(1.02598284473653,8.4569626932303,1.30101882130813));
#11021=CARTESIAN_POINT('',(0.336267466843993,9.82999519805845,1.3244640321249));
#11022=CARTESIAN_POINT('',(0.449839299178828,8.27181408421259,2.18387440862697));
#11023=CARTESIAN_POINT('',(0.473542776316109,8.2717751757501,2.17079103649443));
#11024=CARTESIAN_POINT('',(0.499338371000135,8.27173283314685,2.15525934556212));
#11025=CARTESIAN_POINT('',(0.549468583697955,8.27165054608455,2.12197281909111));
#11026=CARTESIAN_POINT('',(0.595464744507675,8.27157504492972,2.08827788867932));
#11027=CARTESIAN_POINT('',(0.643956685103673,8.27149544703611,2.04638837654191));
#11028=CARTESIAN_POINT('',(0.692686911077191,8.27141545800504,1.99986536970746));
#11029=CARTESIAN_POINT('',(0.730866628622977,8.27135278727959,1.95852140904633));
#11030=CARTESIAN_POINT('',(0.773582827682449,8.27128267007194,1.90509027359847));
#11031=CARTESIAN_POINT('',(0.813623502803621,8.27121694464707,1.84938301053285));
#11032=CARTESIAN_POINT('',(0.842812870661645,8.27116903127901,1.80067721801888));
#11033=CARTESIAN_POINT('',(0.874768033158255,8.27111657795185,1.74021932750889));
#11034=CARTESIAN_POINT('',(0.899096204189091,8.27107664407529,1.68778461670103));
#11035=CARTESIAN_POINT('',(0.92174053953786,8.27103947415852,1.62576381339812));
#11036=CARTESIAN_POINT('',(0.941473204678162,8.27100708365071,1.56197142850314));
#11037=CARTESIAN_POINT('',(0.954121105442407,8.27098632254594,1.50895210647021));
#11038=CARTESIAN_POINT('',(0.96502892407133,8.27096841772761,1.44516418420217));
#11039=CARTESIAN_POINT('',(0.97275323390647,8.27095573853216,1.38181675200941));
#11040=CARTESIAN_POINT('',(0.975000781377959,8.27095204925839,1.33048796708182));
#11041=CARTESIAN_POINT('',(0.975000781377963,8.27095204925839,1.3));
#11042=CARTESIAN_POINT('',(0.527505969592369,8.63563572341777,2.18387440862701));
#11043=CARTESIAN_POINT('',(0.549374104379041,8.62786480904211,2.17028089903187));
#11044=CARTESIAN_POINT('',(0.573141603445839,8.61941891906036,2.15423758701122));
#11045=CARTESIAN_POINT('',(0.619273686657027,8.60302561552892,2.12005560306113));
#11046=CARTESIAN_POINT('',(0.661545238755681,8.58800411883951,2.08563856650008));
#11047=CARTESIAN_POINT('',(0.706029591437841,8.57219620802547,2.04317198510788));
#11048=CARTESIAN_POINT('',(0.75069074573949,8.55632542792605,1.99618562716755));
#11049=CARTESIAN_POINT('',(0.785641731582533,8.54390521145177,1.95460349461979));
#11050=CARTESIAN_POINT('',(0.824710043050439,8.53002182298154,1.90106352054246));
#11051=CARTESIAN_POINT('',(0.861308590143233,8.51701607211191,1.84536984116447));
#11052=CARTESIAN_POINT('',(0.887967734399506,8.50754239145174,1.79682396839764));
#11053=CARTESIAN_POINT('',(0.917145043117372,8.49717383981967,1.73665124699588));
#11054=CARTESIAN_POINT('',(0.939351502123623,8.48928246718403,1.68453172904736));
#11055=CARTESIAN_POINT('',(0.960017842755161,8.48193839382537,1.62297323081571));
#11056=CARTESIAN_POINT('',(0.978026704121988,8.47553869276965,1.55969408806803));
#11057=CARTESIAN_POINT('',(0.989570937486249,8.47143628901251,1.50713388595365));
#11058=CARTESIAN_POINT('',(0.999529621081651,8.46789733507042,1.4439096768146));
#11059=CARTESIAN_POINT('',(1.00658372957107,8.46539056338628,1.3811243477338));
#11060=CARTESIAN_POINT('',(1.0086383050941,8.46466044454805,1.3302375352666));
#11061=CARTESIAN_POINT('',(1.0086383050941,8.46466044454804,1.3));
#11062=CARTESIAN_POINT('',(0.527101847679932,8.63463244127131,2.18387440862701));
#11063=CARTESIAN_POINT('',(0.548978017308374,8.62687944481755,2.17028256688882));
#11064=CARTESIAN_POINT('',(0.572754355025802,8.61845300174589,2.15424092757572));
#11065=CARTESIAN_POINT('',(0.618903789695577,8.60209739371312,2.12006187125807));
#11066=CARTESIAN_POINT('',(0.661191435206622,8.58711038804729,2.08564719557001));
#11067=CARTESIAN_POINT('',(0.705693003358932,8.57133870176937,2.04318250086333));
#11068=CARTESIAN_POINT('',(0.750371586291965,8.55550425290977,1.99619765781539));
#11069=CARTESIAN_POINT('',(0.785336352371582,8.54311243230083,1.95461630395312));
#11070=CARTESIAN_POINT('',(0.824420190708555,8.52926075306536,1.90107668571569));
#11071=CARTESIAN_POINT('',(0.861033362059713,8.51628468655381,1.84538296192683));
#11072=CARTESIAN_POINT('',(0.887703231706497,8.50683260985908,1.79683656631414));
#11073=CARTESIAN_POINT('',(0.916892306333403,8.49648769579487,1.73666291257293));
#11074=CARTESIAN_POINT('',(0.939107744122862,8.4886143072396,1.68454236412452));
#11075=CARTESIAN_POINT('',(0.95978245172571,8.4812869678754,1.62298235442041));
#11076=CARTESIAN_POINT('',(0.977798604661991,8.47490184886428,1.55970153366525));
#11077=CARTESIAN_POINT('',(0.989347507876852,8.47080879374502,1.50713983049202));
#11078=CARTESIAN_POINT('',(0.999310210571469,8.46727790685864,1.44391377833433));
#11079=CARTESIAN_POINT('',(1.0063671592465,8.46477685109551,1.3811266114987));
#11080=CARTESIAN_POINT('',(1.0084225549136,8.46404839889789,1.33023835403501));
#11081=CARTESIAN_POINT('',(1.00842255491361,8.46404839889788,1.3));
#11082=CARTESIAN_POINT('',(0.526697725767494,8.63362915912484,2.18387440862701));
#11083=CARTESIAN_POINT('',(0.548581930237706,8.62589408059299,2.17028423474577));
#11084=CARTESIAN_POINT('',(0.572367106605765,8.61748708443141,2.15424426814022));
#11085=CARTESIAN_POINT('',(0.618533892734128,8.60116917189731,2.120068139455));
#11086=CARTESIAN_POINT('',(0.660837631657564,8.58621665725507,2.08565582463993));
#11087=CARTESIAN_POINT('',(0.705356415280023,8.57048119551328,2.04319301661878));
#11088=CARTESIAN_POINT('',(0.750052426844441,8.5546830778935,1.99620968846324));
#11089=CARTESIAN_POINT('',(0.785030973160632,8.54231965314989,1.95462911328645));
#11090=CARTESIAN_POINT('',(0.82413033836667,8.52849968314918,1.90108985088892));
#11091=CARTESIAN_POINT('',(0.860758133976193,8.5155533009957,1.84539608268919));
#11092=CARTESIAN_POINT('',(0.887438729013487,8.50612282826642,1.79684916423063));
#11093=CARTESIAN_POINT('',(0.916639569549435,8.49580155177006,1.73667457814998));
#11094=CARTESIAN_POINT('',(0.938863986122102,8.48794614729516,1.68455299920168));
#11095=CARTESIAN_POINT('',(0.95954706069626,8.48063554192544,1.62299147802511));
#11096=CARTESIAN_POINT('',(0.977570505201995,8.4742650049589,1.55970897926246));
#11097=CARTESIAN_POINT('',(0.989124078267456,8.47018129847753,1.5071457750304));
#11098=CARTESIAN_POINT('',(0.999090800061287,8.46665847864686,1.44391787985405));
#11099=CARTESIAN_POINT('',(1.00615058892192,8.46416313880473,1.3811288752636));
#11100=CARTESIAN_POINT('',(1.00820680473311,8.46343635324772,1.33023917280343));
#11101=CARTESIAN_POINT('',(1.00820680473312,8.46343635324771,1.3));
#11102=CARTESIAN_POINT('',(0.526293603855057,8.63262587697838,2.18387440862701));
#11103=CARTESIAN_POINT('',(0.548185843167039,8.62490871636843,2.17028590260272));
#11104=CARTESIAN_POINT('',(0.571979858185728,8.61652116711694,2.15424760870472));
#11105=CARTESIAN_POINT('',(0.618163995772678,8.60024095008151,2.12007440765193));
#11106=CARTESIAN_POINT('',(0.660483828108505,8.58532292646285,2.08566445370986));
#11107=CARTESIAN_POINT('',(0.705019827201114,8.56962368925719,2.04320353237423));
#11108=CARTESIAN_POINT('',(0.749733267396916,8.55386190287723,1.99622171911108));
#11109=CARTESIAN_POINT('',(0.784725593949681,8.54152687399896,1.95464192261977));
#11110=CARTESIAN_POINT('',(0.823840486024786,8.527738613233,1.90110301606214));
#11111=CARTESIAN_POINT('',(0.860482905892673,8.51482191543759,1.84540920345155));
#11112=CARTESIAN_POINT('',(0.887174226320477,8.50541304667376,1.79686176214713));
#11113=CARTESIAN_POINT('',(0.916386832765466,8.49511540774525,1.73668624372704));
#11114=CARTESIAN_POINT('',(0.938620228121342,8.48727798735073,1.68456363427884));
#11115=CARTESIAN_POINT('',(0.959311669666809,8.47998411597548,1.62300060162981));
#11116=CARTESIAN_POINT('',(0.977342405741998,8.47362816105352,1.55971642485967));
#11117=CARTESIAN_POINT('',(0.988900648658059,8.46955380321004,1.50715171956877));
#11118=CARTESIAN_POINT('',(0.998871389551105,8.46603905043508,1.44392198137377));
#11119=CARTESIAN_POINT('',(1.00593401859735,8.46354942651395,1.3811311390285));
#11120=CARTESIAN_POINT('',(1.00799105455262,8.46282430759756,1.33023999157185));
#11121=CARTESIAN_POINT('',(1.00799105455263,8.46282430759755,1.3));
#11122=CARTESIAN_POINT('',(0.485495605656923,8.53133984931212,2.18387440862699));
#11123=CARTESIAN_POINT('',(0.508198999845593,8.5254315867674,2.17045428056663));
#11124=CARTESIAN_POINT('',(0.532885318006958,8.51900729409344,2.15458485432386));
#11125=CARTESIAN_POINT('',(0.580821166536559,8.50653261404942,2.12070721146499));
#11126=CARTESIAN_POINT('',(0.624765704164354,8.49509662066649,2.08653559869968));
#11127=CARTESIAN_POINT('',(0.671039685530462,8.4830544199,2.04426514709679));
#11128=CARTESIAN_POINT('',(0.717512627623899,8.47096044219639,1.99743626930987));
#11129=CARTESIAN_POINT('',(0.753896133545105,8.46149210880563,1.95593508476196));
#11130=CARTESIAN_POINT('',(0.794578535712306,8.45090504367535,1.90243210190758));
#11131=CARTESIAN_POINT('',(0.832697342898066,8.44098512073899,1.84673380581198));
#11132=CARTESIAN_POINT('',(0.860471441688663,8.43375727338566,1.79813358077104));
#11133=CARTESIAN_POINT('',(0.890871871711349,8.42584595754655,1.73786393832099));
#11134=CARTESIAN_POINT('',(0.914011717249431,8.41982411422448,1.68563729508623));
#11135=CARTESIAN_POINT('',(0.935547843702849,8.41421961790001,1.62392167221925));
#11136=CARTESIAN_POINT('',(0.954314697836203,8.40933578861718,1.56046809274083));
#11137=CARTESIAN_POINT('',(0.966344384023471,8.4062052195166,1.50775184853592));
#11138=CARTESIAN_POINT('',(0.976720871790095,8.40350487376619,1.44433604898324));
#11139=CARTESIAN_POINT('',(0.984070230864479,8.40159229881876,1.3813596766888));
#11140=CARTESIAN_POINT('',(0.98621006420274,8.40103543507146,1.33032265007517));
#11141=CARTESIAN_POINT('',(0.986210064202747,8.40103543507146,1.3));
#11142=CARTESIAN_POINT('',(0.454823268244347,8.38130038019363,2.18387440862698));
#11143=CARTESIAN_POINT('',(0.478359842899797,8.37927223401345,2.17062265853053));
#11144=CARTESIAN_POINT('',(0.503963033298967,8.37706600759485,2.15492209994299));
#11145=CARTESIAN_POINT('',(0.553699446400953,8.37278022184544,2.12134001527805));
#11146=CARTESIAN_POINT('',(0.599314609183417,8.36884956415589,2.0874067436895));
#11147=CARTESIAN_POINT('',(0.647376560476315,8.364708066748,2.04532676181935));
#11148=CARTESIAN_POINT('',(0.695660052158492,8.36054747920907,1.99865081950866));
#11149=CARTESIAN_POINT('',(0.73347552502489,8.35728892064785,1.95722824690414));
#11150=CARTESIAN_POINT('',(0.775771763420157,8.35364425460818,1.90376118775303));
#11151=CARTESIAN_POINT('',(0.815410825292103,8.35022855741783,1.84805840817241));
#11152=CARTESIAN_POINT('',(0.844300089451822,8.3477391700872,1.79940539939496));
#11153=CARTESIAN_POINT('',(0.875923952454492,8.34501414242748,1.73904163291494));
#11154=CARTESIAN_POINT('',(0.899997492290533,8.34293972596814,1.68671095589363));
#11155=CARTESIAN_POINT('',(0.922403723176194,8.34100898148863,1.62484274280868));
#11156=CARTESIAN_POINT('',(0.941928849206064,8.33932650175849,1.56121976062198));
#11157=CARTESIAN_POINT('',(0.954444154547529,8.33824805814069,1.50835197750306));
#11158=CARTESIAN_POINT('',(0.965238562325571,8.33731790423246,1.4447501165927));
#11159=CARTESIAN_POINT('',(0.972883234287211,8.33665916299824,1.38158821434911));
#11160=CARTESIAN_POINT('',(0.975108322672831,8.33646742717534,1.3304053085785));
#11161=CARTESIAN_POINT('',(0.975108322672838,8.33646742717534,1.3));
#11162=CARTESIAN_POINT('',(0.449839299178828,8.27181408421259,2.18387440862697));
#11163=CARTESIAN_POINT('',(0.473542776316109,8.2717751757501,2.17079103649443));
#11164=CARTESIAN_POINT('',(0.499338371000135,8.27173283314685,2.15525934556212));
#11165=CARTESIAN_POINT('',(0.549468583697955,8.27165054608455,2.12197281909111));
#11166=CARTESIAN_POINT('',(0.595464744507675,8.27157504492972,2.08827788867932));
#11167=CARTESIAN_POINT('',(0.643956685103673,8.27149544703611,2.04638837654191));
#11168=CARTESIAN_POINT('',(0.692686911077191,8.27141545800504,1.99986536970746));
#11169=CARTESIAN_POINT('',(0.730866628622977,8.27135278727959,1.95852140904633));
#11170=CARTESIAN_POINT('',(0.773582827682449,8.27128267007194,1.90509027359847));
#11171=CARTESIAN_POINT('',(0.813623502803621,8.27121694464707,1.84938301053285));
#11172=CARTESIAN_POINT('',(0.842812870661645,8.27116903127901,1.80067721801888));
#11173=CARTESIAN_POINT('',(0.874768033158255,8.27111657795185,1.74021932750889));
#11174=CARTESIAN_POINT('',(0.899096204189091,8.27107664407529,1.68778461670103));
#11175=CARTESIAN_POINT('',(0.92174053953786,8.27103947415852,1.62576381339812));
#11176=CARTESIAN_POINT('',(0.941473204678162,8.27100708365071,1.56197142850314));
#11177=CARTESIAN_POINT('',(0.954121105442407,8.27098632254594,1.50895210647021));
#11178=CARTESIAN_POINT('',(0.96502892407133,8.27096841772761,1.44516418420217));
#11179=CARTESIAN_POINT('',(0.97275323390647,8.27095573853216,1.38181675200941));
#11180=CARTESIAN_POINT('',(0.975000781377959,8.27095204925839,1.33048796708182));
#11181=CARTESIAN_POINT('',(0.975000781377963,8.27095204925839,1.3));
#11182=CARTESIAN_POINT('',(0.494284683231129,7.89222358016638,2.18387440862691));
#11183=CARTESIAN_POINT('',(0.518085107155526,7.89748719279821,2.17148251348234));
#11184=CARTESIAN_POINT('',(0.544029399604715,7.90322493536504,2.15664431055094));
#11185=CARTESIAN_POINT('',(0.594528344938224,7.91439309301619,2.12457155151685));
#11186=CARTESIAN_POINT('',(0.640941728813745,7.92465770319412,2.09185541568825));
#11187=CARTESIAN_POINT('',(0.689987097205913,7.935504393212,2.05074810470132));
#11188=CARTESIAN_POINT('',(0.739332150399386,7.94641736039833,2.00485315726368));
#11189=CARTESIAN_POINT('',(0.778050656044353,7.9549802001211,1.96383203189861));
#11190=CARTESIAN_POINT('',(0.82141953745472,7.96457149953431,1.91054842415301));
#11191=CARTESIAN_POINT('',(0.862103923820665,7.97356910607588,1.8548227487807));
#11192=CARTESIAN_POINT('',(0.891791950570285,7.98013479890177,1.80590018954566));
#11193=CARTESIAN_POINT('',(0.924304089930127,7.98732506189734,1.74505576032705));
#11194=CARTESIAN_POINT('',(0.949065946978876,7.99280130147875,1.69219381446004));
#11195=CARTESIAN_POINT('',(0.972118351478899,7.99789948493575,1.62954636963085));
#11196=CARTESIAN_POINT('',(0.992206818722127,8.0023421751278,1.56505829943507));
#11197=CARTESIAN_POINT('',(1.00508105332554,8.00518939264371,1.51141665326082));
#11198=CARTESIAN_POINT('',(1.01618028825462,8.00764405787832,1.44686463369533));
#11199=CARTESIAN_POINT('',(1.02403744796793,8.00938171789853,1.38275528653792));
#11200=CARTESIAN_POINT('',(1.02632079066842,8.00988669341995,1.33082742036641));
#11201=CARTESIAN_POINT('',(1.02632079066843,8.00988669341995,1.3));
#11202=CARTESIAN_POINT('',(0.449839299178828,8.27181408421259,2.18387440862697));
#11203=CARTESIAN_POINT('',(0.473542776316109,8.2717751757501,2.17079103649443));
#11204=CARTESIAN_POINT('',(0.499338371000135,8.27173283314685,2.15525934556212));
#11205=CARTESIAN_POINT('',(0.549468583697955,8.27165054608455,2.12197281909111));
#11206=CARTESIAN_POINT('',(0.595464744507675,8.27157504492972,2.08827788867932));
#11207=CARTESIAN_POINT('',(0.643956685103673,8.27149544703611,2.04638837654191));
#11208=CARTESIAN_POINT('',(0.692686911077191,8.27141545800504,1.99986536970746));
#11209=CARTESIAN_POINT('',(0.730866628622977,8.27135278727959,1.95852140904633));
#11210=CARTESIAN_POINT('',(0.773582827682449,8.27128267007194,1.90509027359847));
#11211=CARTESIAN_POINT('',(0.813623502803621,8.27121694464707,1.84938301053285));
#11212=CARTESIAN_POINT('',(0.842812870661645,8.27116903127901,1.80067721801888));
#11213=CARTESIAN_POINT('',(0.874768033158255,8.27111657795185,1.74021932750889));
#11214=CARTESIAN_POINT('',(0.899096204189091,8.27107664407529,1.68778461670103));
#11215=CARTESIAN_POINT('',(0.92174053953786,8.27103947415852,1.62576381339812));
#11216=CARTESIAN_POINT('',(0.941473204678162,8.27100708365071,1.56197142850314));
#11217=CARTESIAN_POINT('',(0.954121105442407,8.27098632254594,1.50895210647021));
#11218=CARTESIAN_POINT('',(0.96502892407133,8.27096841772761,1.44516418420217));
#11219=CARTESIAN_POINT('',(0.97275323390647,8.27095573853216,1.38181675200941));
#11220=CARTESIAN_POINT('',(0.975000781377959,8.27095204925839,1.33048796708182));
#11221=CARTESIAN_POINT('',(0.975000781377963,8.27095204925839,1.3));
#11222=CARTESIAN_POINT('',(0.443029089424393,8.08547514278397,2.18387440862695));
#11223=CARTESIAN_POINT('',(0.466961322844933,8.08983013988783,2.17101899869628));
#11224=CARTESIAN_POINT('',(0.49302045280885,8.09457217267383,2.15571593294513));
#11225=CARTESIAN_POINT('',(0.543689748188154,8.10379256722515,2.1228295544216));
#11226=CARTESIAN_POINT('',(0.590207182824144,8.11225743924772,2.08945730744287));
#11227=CARTESIAN_POINT('',(0.639287037830338,8.1211886001074,2.04782566693339));
#11228=CARTESIAN_POINT('',(0.688627885829348,8.13016725439186,2.00150971514993));
#11229=CARTESIAN_POINT('',(0.727305297546596,8.13720546152673,1.96027218499365));
#11230=CARTESIAN_POINT('',(0.770595171544812,8.1450830077873,1.90688968563988));
#11231=CARTESIAN_POINT('',(0.811184366735468,8.15246910604221,1.85117635250967));
#11232=CARTESIAN_POINT('',(0.840783530745435,8.15785532601071,1.80239909757556));
#11233=CARTESIAN_POINT('',(0.873191057236853,8.16375258940162,1.74181377518187));
#11234=CARTESIAN_POINT('',(0.89786688123954,8.16824289919338,1.68923821594884));
#11235=CARTESIAN_POINT('',(0.920836293382792,8.17242268975466,1.62701082503044));
#11236=CARTESIAN_POINT('',(0.940852304821181,8.17606504399355,1.56298909056095));
#11237=CARTESIAN_POINT('',(0.95368123837708,8.17839955107861,1.50976460424346));
#11238=CARTESIAN_POINT('',(0.964743907272303,8.18041264739742,1.44572477872283));
#11239=CARTESIAN_POINT('',(0.97257696137721,8.18183804415592,1.38212616273654));
#11240=CARTESIAN_POINT('',(0.974855184235734,8.18225261699484,1.33059987611065));
#11241=CARTESIAN_POINT('',(0.974855184235741,8.18225261699484,1.3));
#11242=CARTESIAN_POINT('',(0.489744038610736,7.94316236002413,2.18387440862693));
#11243=CARTESIAN_POINT('',(0.512949954917918,7.95007844790377,2.17125238549697));
#11244=CARTESIAN_POINT('',(0.538232432296944,7.95761341584272,2.15618338530214));
#11245=CARTESIAN_POINT('',(0.587417837458044,7.97227220285147,2.12370667666474));
#11246=CARTESIAN_POINT('',(0.632598906397788,7.98573757259371,2.0906647917086));
#11247=CARTESIAN_POINT('',(0.680306089668504,7.99995580330794,2.04929715915195));
#11248=CARTESIAN_POINT('',(0.728286228493597,8.01425538330294,2.00319318951082));
#11249=CARTESIAN_POINT('',(0.765915732620841,8.02547015086336,1.9620646224845));
#11250=CARTESIAN_POINT('',(0.808049088488614,8.03802720691702,1.9087319165715));
#11251=CARTESIAN_POINT('',(0.847564377017857,8.04980399713035,1.85301236893319));
#11252=CARTESIAN_POINT('',(0.876390043066829,8.05839494596189,1.80416195105597));
#11253=CARTESIAN_POINT('',(0.907954308647711,8.06780208299212,1.74344616440369));
#11254=CARTESIAN_POINT('',(0.931991215128176,8.07496583189878,1.69072640511001));
#11255=CARTESIAN_POINT('',(0.954367334181395,8.08163461427863,1.62828751060789));
#11256=CARTESIAN_POINT('',(0.973866404675835,8.08744594632541,1.56403096895107));
#11257=CARTESIAN_POINT('',(0.986363449415443,8.09117045599402,1.51059643625042));
#11258=CARTESIAN_POINT('',(0.997138685611344,8.09438181293715,1.44629871317602));
#11259=CARTESIAN_POINT('',(1.00476733493902,8.09665538871218,1.38244293621531));
#11260=CARTESIAN_POINT('',(1.00698517014958,8.09731637287741,1.33071444813179));
#11261=CARTESIAN_POINT('',(1.00698517014959,8.09731637287741,1.3));
#11262=CARTESIAN_POINT('',(0.494284683231129,7.89222358016638,2.18387440862691));
#11263=CARTESIAN_POINT('',(0.518085107155526,7.89748719279821,2.17148251348234));
#11264=CARTESIAN_POINT('',(0.544029399604715,7.90322493536504,2.15664431055094));
#11265=CARTESIAN_POINT('',(0.594528344938224,7.91439309301619,2.12457155151685));
#11266=CARTESIAN_POINT('',(0.640941728813745,7.92465770319412,2.09185541568825));
#11267=CARTESIAN_POINT('',(0.689987097205913,7.935504393212,2.05074810470132));
#11268=CARTESIAN_POINT('',(0.739332150399386,7.94641736039833,2.00485315726368));
#11269=CARTESIAN_POINT('',(0.778050656044353,7.9549802001211,1.96383203189861));
#11270=CARTESIAN_POINT('',(0.82141953745472,7.96457149953431,1.91054842415301));
#11271=CARTESIAN_POINT('',(0.862103923820665,7.97356910607588,1.8548227487807));
#11272=CARTESIAN_POINT('',(0.891791950570285,7.98013479890177,1.80590018954566));
#11273=CARTESIAN_POINT('',(0.924304089930127,7.98732506189734,1.74505576032705));
#11274=CARTESIAN_POINT('',(0.949065946978876,7.99280130147875,1.69219381446004));
#11275=CARTESIAN_POINT('',(0.972118351478899,7.99789948493575,1.62954636963085));
#11276=CARTESIAN_POINT('',(0.992206818722127,8.0023421751278,1.56505829943507));
#11277=CARTESIAN_POINT('',(1.00508105332554,8.00518939264371,1.51141665326082));
#11278=CARTESIAN_POINT('',(1.01618028825462,8.00764405787832,1.44686463369533));
#11279=CARTESIAN_POINT('',(1.02403744796793,8.00938171789853,1.38275528653792));
#11280=CARTESIAN_POINT('',(1.02632079066842,8.00988669341995,1.33082742036641));
#11281=CARTESIAN_POINT('',(1.02632079066843,8.00988669341995,1.3));
#11282=CARTESIAN_POINT('',(0.400002174820299,5.50500000001404,1.30000081109179));
#11283=CARTESIAN_POINT('',(0.485248954285811,7.89022527218812,2.18857893851263));
#11284=CARTESIAN_POINT('',(0.488260863934251,7.89089137484754,2.18701076188405));
#11285=CARTESIAN_POINT('',(0.491272773582688,7.89155747750696,2.18544258525548));
#11286=CARTESIAN_POINT('',(0.494284683231129,7.89222358016638,2.18387440862691));
#11287=CARTESIAN_POINT('',(0.518085107155526,7.89748719279821,2.17148251348234));
#11288=CARTESIAN_POINT('',(0.544029399604715,7.90322493536504,2.15664431055094));
#11289=CARTESIAN_POINT('',(0.594528344938224,7.91439309301619,2.12457155151685));
#11290=CARTESIAN_POINT('',(0.640941728813745,7.92465770319412,2.09185541568825));
#11291=CARTESIAN_POINT('',(0.689987097205913,7.935504393212,2.05074810470132));
#11292=CARTESIAN_POINT('',(0.739332150399386,7.94641736039833,2.00485315726368));
#11293=CARTESIAN_POINT('',(0.778050656044353,7.9549802001211,1.96383203189861));
#11294=CARTESIAN_POINT('',(0.82141953745472,7.96457149953431,1.91054842415301));
#11295=CARTESIAN_POINT('',(0.862103923820665,7.97356910607588,1.8548227487807));
#11296=CARTESIAN_POINT('',(0.891791950570285,7.98013479890177,1.80590018954566));
#11297=CARTESIAN_POINT('',(0.924304089930127,7.98732506189734,1.74505576032705));
#11298=CARTESIAN_POINT('',(0.949065946978876,7.99280130147876,1.69219381446004));
#11299=CARTESIAN_POINT('',(0.972118351478899,7.99789948493574,1.62954636963085));
#11300=CARTESIAN_POINT('',(0.992206818722127,8.0023421751278,1.56505829943507));
#11301=CARTESIAN_POINT('',(1.00508105332554,8.00518939264371,1.51141665326082));
#11302=CARTESIAN_POINT('',(1.01618028825462,8.00764405787832,1.44686463369533));
#11303=CARTESIAN_POINT('',(1.02403744796793,8.00938171789853,1.38275528653792));
#11304=CARTESIAN_POINT('',(1.02632079066842,8.00988669341995,1.33082742036641));
#11305=CARTESIAN_POINT('',(1.02632079066843,8.00988669341995,1.3));
#11306=CARTESIAN_POINT('',(0.598928467249596,7.0861397391268,2.18775616607571));
#11307=CARTESIAN_POINT('',(0.602240039282331,7.08668517248673,2.18646224692605));
#11308=CARTESIAN_POINT('',(0.605551611315062,7.08723060584666,2.18516832777639));
#11309=CARTESIAN_POINT('',(0.608863183347797,7.08777603920659,2.18387440862673));
#11310=CARTESIAN_POINT('',(0.635031570661827,7.09208611045843,2.17364972466195));
#11311=CARTESIAN_POINT('',(0.663690357282772,7.09680636359615,2.16098503578065));
#11312=CARTESIAN_POINT('',(0.719718501310139,7.1060344940869,2.13271643856945));
#11313=CARTESIAN_POINT('',(0.771456322190243,7.11455598575288,2.10306801808113));
#11314=CARTESIAN_POINT('',(0.826476626055891,7.12361811965948,2.06441226384545));
#11315=CARTESIAN_POINT('',(0.882012810534345,7.13276522182078,2.02048576564051));
#11316=CARTESIAN_POINT('',(0.925763744135842,7.13997123107517,1.98047646319223));
#11317=CARTESIAN_POINT('',(0.974921806001369,7.14806782284067,1.92765523335826));
#11318=CARTESIAN_POINT('',(1.02113436752429,7.15567927518214,1.87187185056029));
#11319=CARTESIAN_POINT('',(1.05494599712501,7.16124822870502,1.82226990608251));
#11320=CARTESIAN_POINT('',(1.09200770631734,7.16735248745881,1.76021399618507));
#11321=CARTESIAN_POINT('',(1.12026396791702,7.17200644260492,1.70601302007889));
#11322=CARTESIAN_POINT('',(1.1465829268754,7.17634131379983,1.64140156987403));
#11323=CARTESIAN_POINT('',(1.16951857435726,7.18011893577048,1.57473309890175));
#11324=CARTESIAN_POINT('',(1.18421226223236,7.18253906357332,1.51914097879986));
#11325=CARTESIAN_POINT('',(1.1968686006996,7.18462362919545,1.45219414316047));
#11326=CARTESIAN_POINT('',(1.20581981615419,7.18609794153793,1.38569681974618));
#11327=CARTESIAN_POINT('',(1.2084123902016,7.18652495214183,1.33189132699846));
#11328=CARTESIAN_POINT('',(1.20841239020161,7.18652495214183,1.29999999999999));
#11329=CARTESIAN_POINT('',(0.620583057468967,6.3112509282978,2.18693339363878));
#11330=CARTESIAN_POINT('',(0.624200814822448,6.31144797666655,2.18591373196804));
#11331=CARTESIAN_POINT('',(0.627818572175932,6.31164502503529,2.1848940702973));
#11332=CARTESIAN_POINT('',(0.631436329529416,6.31184207340405,2.18387440862656));
#11333=CARTESIAN_POINT('',(0.660024225156734,6.31339917014905,2.17581693584157));
#11334=CARTESIAN_POINT('',(0.691456884299523,6.31511121261191,2.16532576101037));
#11335=CARTESIAN_POINT('',(0.753135684621454,6.31847067147061,2.14086132562205));
#11336=CARTESIAN_POINT('',(0.810315382428216,6.32158507773876,2.114280620474));
#11337=CARTESIAN_POINT('',(0.87144306822464,6.3249145190458,2.07807642298959));
#11338=CARTESIAN_POINT('',(0.933307942583892,6.32828411279801,2.03611837401733));
#11339=CARTESIAN_POINT('',(0.98220341951164,6.3309473024557,1.99712089448583));
#11340=CARTESIAN_POINT('',(1.03727989061207,6.33394715228705,1.94476204256351));
#11341=CARTESIAN_POINT('',(1.08914418785855,6.33677204466378,1.88892095233988));
#11342=CARTESIAN_POINT('',(1.12717173014964,6.33884329058876,1.83863962261935));
#11343=CARTESIAN_POINT('',(1.16888490719244,6.34111528196034,1.7753722320431));
#11344=CARTESIAN_POINT('',(1.20071388401282,6.34284891065586,1.71983222569774));
#11345=CARTESIAN_POINT('',(1.23037262247493,6.34446433299131,1.6532567701172));
#11346=CARTESIAN_POINT('',(1.25621927524404,6.34587212247748,1.58440789836842));
#11347=CARTESIAN_POINT('',(1.27277319494065,6.3467737647254,1.5268653043389));
#11348=CARTESIAN_POINT('',(1.2870215179395,6.34754982805138,1.45752365262561));
#11349=CARTESIAN_POINT('',(1.29709128460061,6.34809829797359,1.38863835295443));
#11350=CARTESIAN_POINT('',(1.30000000000262,6.34825672695849,1.3329552336305));
#11351=CARTESIAN_POINT('',(1.30000000000262,6.34825672695849,1.29999999999999));
#11352=CARTESIAN_POINT('',(0.557947495316558,5.50500000001404,2.18611062120191));
#11353=CARTESIAN_POINT('',(0.561831787960612,5.50500000001404,2.18536521701006));
#11354=CARTESIAN_POINT('',(0.565716080604666,5.50500000001404,2.18461981281822));
#11355=CARTESIAN_POINT('',(0.56960037324872,5.50500000001404,2.18387440862637));
#11356=CARTESIAN_POINT('',(0.600294458518773,5.50500000001404,2.17798414702105));
#11357=CARTESIAN_POINT('',(0.634157853527103,5.50500000001404,2.16966648623982));
#11358=CARTESIAN_POINT('',(0.700816475392097,5.50500000001404,2.14900621267417));
#11359=CARTESIAN_POINT('',(0.762818584162179,5.50500000001404,2.12549322286621));
#11360=CARTESIAN_POINT('',(0.829394884184081,5.50500000001404,2.09174058213291));
#11361=CARTESIAN_POINT('',(0.896923503990166,5.50500000001404,2.05175098239322));
#11362=CARTESIAN_POINT('',(0.950439686676775,5.50500000001404,2.01376532577846));
#11363=CARTESIAN_POINT('',(1.01084598895386,5.50500000001404,1.96186885176774));
#11364=CARTESIAN_POINT('',(1.06780871085556,5.50500000001404,1.90597005411846));
#11365=CARTESIAN_POINT('',(1.10964733329192,5.50500000001404,1.85500933915523));
#11366=CARTESIAN_POINT('',(1.15556823186965,5.50500000001404,1.79053046790024));
#11367=CARTESIAN_POINT('',(1.19063160675673,5.50500000001404,1.73365143131576));
#11368=CARTESIAN_POINT('',(1.22331500323136,5.50500000001404,1.66511197035967));
#11369=CARTESIAN_POINT('',(1.25179804877562,5.50500000001404,1.5940826978345));
#11370=CARTESIAN_POINT('',(1.27003627020312,5.50500000001404,1.53458962987748));
#11371=CARTESIAN_POINT('',(1.28572504118318,5.50500000001404,1.46285316209043));
#11372=CARTESIAN_POINT('',(1.29680618458516,5.50500000001405,1.39157988616252));
#11373=CARTESIAN_POINT('',(1.30000000000003,5.50500000001404,1.33401914026248));
#11374=CARTESIAN_POINT('',(1.30000000000003,5.50500000001404,1.3));
#11375=CARTESIAN_POINT('',(0.557323609940099,5.49696928796121,2.18610242592635));
#11376=CARTESIAN_POINT('',(0.561210557425339,5.49696732524879,2.18535975349303));
#11377=CARTESIAN_POINT('',(0.565097504910578,5.49696536253638,2.1846170810597));
#11378=CARTESIAN_POINT('',(0.568984452395818,5.49696339982396,2.18387440862637));
#11379=CARTESIAN_POINT('',(0.599699516497592,5.49694789026588,2.17800573366155));
#11380=CARTESIAN_POINT('',(0.633587123000294,5.49693083736143,2.16970972230095));
#11381=CARTESIAN_POINT('',(0.700295346684628,5.49689737526446,2.14908734032354));
#11382=CARTESIAN_POINT('',(0.76234548937627,5.49686635402891,2.12560490668326));
#11383=CARTESIAN_POINT('',(0.828976060655911,5.49683319092361,2.09187668483205));
#11384=CARTESIAN_POINT('',(0.896561094547523,5.4967996278774,2.05190669195224));
#11385=CARTESIAN_POINT('',(0.950123302058574,5.49677310101271,2.01393111366199));
#11386=CARTESIAN_POINT('',(1.01058269244752,5.49674322082361,1.96203924519496));
#11387=CARTESIAN_POINT('',(1.06759619752217,5.49671508330902,1.9061398727473));
#11388=CARTESIAN_POINT('',(1.10947278045716,5.49669445253636,1.85517239072549));
#11389=CARTESIAN_POINT('',(1.15543559030452,5.4966718222263,1.79068145244255));
#11390=CARTESIAN_POINT('',(1.19053118161284,5.49665455431085,1.73378907836487));
#11391=CARTESIAN_POINT('',(1.22324470537999,5.49663846379713,1.66523005481221));
#11392=CARTESIAN_POINT('',(1.25175401087694,5.49662444142321,1.59417906427075));
#11393=CARTESIAN_POINT('',(1.27000900889562,5.49661546056004,1.53466656849798));
#11394=CARTESIAN_POINT('',(1.28571212754656,5.49660773053346,1.46290624699786));
#11395=CARTESIAN_POINT('',(1.29680334482889,5.49660226746501,1.3916091854853));
#11396=CARTESIAN_POINT('',(1.3,5.49660068942334,1.33402973737005));
#11397=CARTESIAN_POINT('',(1.3,5.49660068942334,1.3));
#11398=CARTESIAN_POINT('',(0.55669972456364,5.48893857590839,2.1860942306508));
#11399=CARTESIAN_POINT('',(0.560589326890065,5.48893465048355,2.18535428997599));
#11400=CARTESIAN_POINT('',(0.564478929216491,5.48893072505871,2.18461434930118));
#11401=CARTESIAN_POINT('',(0.568368531542916,5.48892679963387,2.18387440862637));
#11402=CARTESIAN_POINT('',(0.599104574476412,5.48889578051772,2.17802732030205));
#11403=CARTESIAN_POINT('',(0.633016392473486,5.48886167470882,2.16975295836207));
#11404=CARTESIAN_POINT('',(0.699774217977158,5.48879475051487,2.14916846797292));
#11405=CARTESIAN_POINT('',(0.76187239459036,5.48873270804378,2.12571659050032));
#11406=CARTESIAN_POINT('',(0.828557237127742,5.48866638183318,2.09201278753119));
#11407=CARTESIAN_POINT('',(0.896198685104879,5.48859925574077,2.05206240151126));
#11408=CARTESIAN_POINT('',(0.949806917440372,5.48854620201138,2.01409690154552));
#11409=CARTESIAN_POINT('',(1.01031939594118,5.48848644163319,1.96220963862217));
#11410=CARTESIAN_POINT('',(1.06738368418878,5.48843016660401,1.90630969137614));
#11411=CARTESIAN_POINT('',(1.10929822762239,5.48838890505867,1.85533544229576));
#11412=CARTESIAN_POINT('',(1.15530294873939,5.48834364443856,1.79083243698486));
#11413=CARTESIAN_POINT('',(1.19043075646896,5.48830910860766,1.73392672541398));
#11414=CARTESIAN_POINT('',(1.22317440752862,5.48827692758023,1.66534813926475));
#11415=CARTESIAN_POINT('',(1.25170997297826,5.48824888283238,1.594275430707));
#11416=CARTESIAN_POINT('',(1.26998174758812,5.48823092110604,1.53474350711849));
#11417=CARTESIAN_POINT('',(1.28569921390994,5.48821546105288,1.46295933190529));
#11418=CARTESIAN_POINT('',(1.29680050507262,5.48820453491597,1.39163848480808));
#11419=CARTESIAN_POINT('',(1.29999999999998,5.48820137883263,1.33404033447761));
#11420=CARTESIAN_POINT('',(1.29999999999998,5.48820137883263,1.3));
#11421=CARTESIAN_POINT('',(0.556075839187181,5.48090786385556,2.18608603537524));
#11422=CARTESIAN_POINT('',(0.559968096354792,5.4809019757183,2.18534882645895));
#11423=CARTESIAN_POINT('',(0.563860353522403,5.48089608758105,2.18461161754266));
#11424=CARTESIAN_POINT('',(0.567752610690015,5.48089019944379,2.18387440862637));
#11425=CARTESIAN_POINT('',(0.598509632455231,5.48084367076956,2.17804890694254));
#11426=CARTESIAN_POINT('',(0.632445661946677,5.48079251205621,2.1697961944232));
#11427=CARTESIAN_POINT('',(0.699253089269689,5.48069212576529,2.14924959562229));
#11428=CARTESIAN_POINT('',(0.761399299804451,5.48059906205865,2.12582827431737));
#11429=CARTESIAN_POINT('',(0.828138413599572,5.48049957274275,2.09214889023033));
#11430=CARTESIAN_POINT('',(0.895836275662236,5.48039888360413,2.05221811107028));
#11431=CARTESIAN_POINT('',(0.94949053282217,5.48031930301006,2.01426268942905));
#11432=CARTESIAN_POINT('',(1.01005609943484,5.48022966244276,1.96238003204938));
#11433=CARTESIAN_POINT('',(1.06717117085538,5.48014524989899,1.90647951000498));
#11434=CARTESIAN_POINT('',(1.10912367478763,5.48008335758099,1.85549849386603));
#11435=CARTESIAN_POINT('',(1.15517030717425,5.48001546665082,1.79098342152718));
#11436=CARTESIAN_POINT('',(1.19033033132507,5.47996366290447,1.73406437246308));
#11437=CARTESIAN_POINT('',(1.22310410967725,5.47991539136333,1.66546622371729));
#11438=CARTESIAN_POINT('',(1.25166593507958,5.47987332424155,1.59437179714325));
#11439=CARTESIAN_POINT('',(1.26995448628062,5.47984638165204,1.53482044573899));
#11440=CARTESIAN_POINT('',(1.28568630027332,5.4798231915723,1.46301241681273));
#11441=CARTESIAN_POINT('',(1.29679766531635,5.47980680236694,1.39166778413085));
#11442=CARTESIAN_POINT('',(1.29999999999995,5.47980206824193,1.33405093158518));
#11443=CARTESIAN_POINT('',(1.29999999999995,5.47980206824193,1.3));
#11444=CARTESIAN_POINT('',(0.557947495316558,5.50500000001404,2.18611062120191));
#11445=CARTESIAN_POINT('',(0.561831787960612,5.50500000001404,2.18536521701006));
#11446=CARTESIAN_POINT('',(0.565716080604666,5.50500000001404,2.18461981281822));
#11447=CARTESIAN_POINT('',(0.56960037324872,5.50500000001404,2.18387440862637));
#11448=CARTESIAN_POINT('',(0.600294458518773,5.50500000001404,2.17798414702105));
#11449=CARTESIAN_POINT('',(0.667158018493267,5.50500000001404,2.16156085542975));
#11450=CARTESIAN_POINT('',(0.769385764486128,5.50500000001404,2.12342978975117));
#11451=CARTESIAN_POINT('',(0.873098711061761,5.50500000001404,2.06866176260331));
#11452=CARTESIAN_POINT('',(0.970233946515575,5.50500000001404,1.99971540817535));
#11453=CARTESIAN_POINT('',(1.05797049824574,5.50500000001404,1.9179532963803));
#11454=CARTESIAN_POINT('',(1.13391022782656,5.50500000001404,1.82545639547397));
#11455=CARTESIAN_POINT('',(1.19629561823505,5.50500000001404,1.72485305166024));
#11456=CARTESIAN_POINT('',(1.24413646723792,5.50500000001405,1.61907477246702));
#11457=CARTESIAN_POINT('',(1.27723998553245,5.50500000001404,1.51109111455709));
#11458=CARTESIAN_POINT('',(1.29613534951184,5.50500000001405,1.40367005487323));
#11459=CARTESIAN_POINT('',(1.30000000000003,5.50500000001404,1.33401914026248));
#11460=CARTESIAN_POINT('',(1.30000000000003,5.50500000001404,1.3));
#11461=CARTESIAN_POINT('',(0.92897375333728,4.10334701868052,2.01323031060095));
#11462=CARTESIAN_POINT('',(0.93091589964058,4.10270331282779,2.01196594183836));
#11463=CARTESIAN_POINT('',(0.932858045943881,4.10205960697506,2.01070157307577));
#11464=CARTESIAN_POINT('',(0.934800192247181,4.10141590112233,2.00943720431318));
#11465=CARTESIAN_POINT('',(0.950147234734228,4.09632927039107,1.99944603058659));
#11466=CARTESIAN_POINT('',(0.983579014401035,4.08524862615635,1.97597627949273));
#11467=CARTESIAN_POINT('',(1.03469288690456,4.06830742104208,1.93344057898096));
#11468=CARTESIAN_POINT('',(1.08654935967497,4.05112008815813,1.88142037828421));
#11469=CARTESIAN_POINT('',(1.13511697688448,4.03502281505481,1.82231101394741));
#11470=CARTESIAN_POINT('',(1.17898525223216,4.02048309395223,1.75679377092707));
#11471=CARTESIAN_POINT('',(1.21695511650516,4.00789834489481,1.68590913335109));
#11472=CARTESIAN_POINT('',(1.24814781119198,3.99755982400266,1.6109712743214));
#11473=CARTESIAN_POINT('',(1.27206823517599,3.98963162781472,1.53344594760197));
#11474=CARTESIAN_POINT('',(1.28861999380582,3.98414570541801,1.45481793152419));
#11475=CARTESIAN_POINT('',(1.29806767527807,3.98101436158049,1.37647121455944));
#11476=CARTESIAN_POINT('',(1.30000000017721,3.98037391093842,1.32522163250552));
#11477=CARTESIAN_POINT('',(1.30000000000472,3.98037391099559,1.3));
#11478=CARTESIAN_POINT('',(0.389387706325282,2.75756147344923,1.84035));
#11479=CARTESIAN_POINT('',(0.389387706486267,2.75756147372812,1.83856666666667));
#11480=CARTESIAN_POINT('',(0.389387706647253,2.75756147400701,1.83678333333333));
#11481=CARTESIAN_POINT('',(0.389387706808238,2.7575614742859,1.835));
#11482=CARTESIAN_POINT('',(0.389387708080363,2.75756147648974,1.82090791415212));
#11483=CARTESIAN_POINT('',(0.389387710835132,2.75756148126211,1.7903917035557));
#11484=CARTESIAN_POINT('',(0.389387715072544,2.75756148860302,1.74345136821074));
#11485=CARTESIAN_POINT('',(0.389387719520472,2.75756149630863,1.6941789939651));
#11486=CARTESIAN_POINT('',(0.389387723968404,2.75756150401423,1.64490661971947));
#11487=CARTESIAN_POINT('',(0.389387728416332,2.75756151171984,1.59563424547383));
#11488=CARTESIAN_POINT('',(0.389387732864264,2.75756151942545,1.54636187122819));
#11489=CARTESIAN_POINT('',(0.389387737312192,2.75756152713105,1.49708949698255));
#11490=CARTESIAN_POINT('',(0.389387741760124,2.75756153483667,1.44781712273691));
#11491=CARTESIAN_POINT('',(0.389387746208052,2.75756154254227,1.39854474849128));
#11492=CARTESIAN_POINT('',(0.389387750655983,2.75756155024788,1.34927237424564));
#11493=CARTESIAN_POINT('',(0.389387753621268,2.75756155538495,1.31642412474855));
#11494=CARTESIAN_POINT('',(0.389387755103911,2.75756155795349,1.3));
#11495=CARTESIAN_POINT('',(0.630000000065525,2.57838078999541,1.29999999999994));
#11496=CARTESIAN_POINT('',(0.629999969669309,2.5783808381679,1.19996732999316));
#11497=CARTESIAN_POINT('',(0.630000046565727,2.5783806182802,1.700770022514));
#11498=CARTESIAN_POINT('',(0.0100000000000308,1.9199999999999,1.3));
#11499=MECHANICAL_DESIGN_GEOMETRIC_PRESENTATION_REPRESENTATION('',(#94),
#11500);
#11500=(
GEOMETRIC_REPRESENTATION_CONTEXT(3)
GLOBAL_UNCERTAINTY_ASSIGNED_CONTEXT((#11501))
GLOBAL_UNIT_ASSIGNED_CONTEXT((#11507,#11503,#11502))
REPRESENTATION_CONTEXT('12089040','TOP_LEVEL_ASSEMBLY_PART')
);
#11501=UNCERTAINTY_MEASURE_WITH_UNIT(LENGTH_MEASURE(0.1),#11507,
'DISTANCE_ACCURACY_VALUE','Maximum Tolerance applied to model');
#11502=(
NAMED_UNIT(*)
SI_UNIT($,.STERADIAN.)
SOLID_ANGLE_UNIT()
);
#11503=(
CONVERSION_BASED_UNIT('DEGREE',#11505)
NAMED_UNIT(#11504)
PLANE_ANGLE_UNIT()
);
#11504=DIMENSIONAL_EXPONENTS(0.,0.,0.,0.,0.,0.,0.);
#11505=PLANE_ANGLE_MEASURE_WITH_UNIT(PLANE_ANGLE_MEASURE(0.0174532925),
#11506);
#11506=(
NAMED_UNIT(*)
PLANE_ANGLE_UNIT()
SI_UNIT($,.RADIAN.)
);
#11507=(
LENGTH_UNIT()
NAMED_UNIT(*)
SI_UNIT(.MILLI.,.METRE.)
);
ENDSEC;
END-ISO-10303-21;
