ISO-10303-21;
HEADER;
/* Generated by software containing ST-Developer
 * from STEP Tools, Inc. (www.steptools.com) 
 */
/* OPTION: using custom schema-name function */

FILE_DESCRIPTION(
/* description */ (''),
/* implementation_level */ '2;1');

FILE_NAME(
/* name */ '35072403_3D_STP.stp',
/* time_stamp */ '2024-04-22T18:40:59+05:00',
/* author */ (''),
/* organization */ (''),
/* preprocessor_version */ 'ST-DEVELOPER v16',
/* originating_system */ 'SIEMENS PLM Software NX 11.0',
/* authorisation */ '');

FILE_SCHEMA (('AUTOMOTIVE_DESIGN { 1 0 10303 214 3 1 1 1 }'));
ENDSEC;

DATA;
#10=PROPERTY_DEFINITION_REPRESENTATION(#14,#12);
#11=PROPERTY_DEFINITION_REPRESENTATION(#15,#13);
#12=REPRESENTATION('',(#16),#3763);
#13=REPRESENTATION('',(#17),#3763);
#14=PROPERTY_DEFINITION('pmi validation property','',#21);
#15=PROPERTY_DEFINITION('pmi validation property','',#21);
#16=VALUE_REPRESENTATION_ITEM('number of annotations',COUNT_MEASURE(0.));
#17=VALUE_REPRESENTATION_ITEM('number of views',COUNT_MEASURE(0.));
#18=SHAPE_REPRESENTATION_RELATIONSHIP('None',
'relationship between hy3t598C8991btth-None and hy3t598C8991btth-None',
#30,#19);
#19=ADVANCED_BREP_SHAPE_REPRESENTATION('hy3t598C8991btth-None',(#40),#3763);
#20=SHAPE_DEFINITION_REPRESENTATION(#21,#30);
#21=PRODUCT_DEFINITION_SHAPE('','',#22);
#22=PRODUCT_DEFINITION(' ','',#24,#23);
#23=PRODUCT_DEFINITION_CONTEXT('part definition',#29,'design');
#24=PRODUCT_DEFINITION_FORMATION_WITH_SPECIFIED_SOURCE(' ',' ',#26,
 .NOT_KNOWN.);
#25=PRODUCT_RELATED_PRODUCT_CATEGORY('part','',(#26));
#26=PRODUCT('hy3t598C8991btth','hy3t598C8991btth',' ',(#27));
#27=PRODUCT_CONTEXT(' ',#29,'mechanical');
#28=APPLICATION_PROTOCOL_DEFINITION('international standard',
'automotive_design',2010,#29);
#29=APPLICATION_CONTEXT(
'core data for automotive mechanical design processes');
#30=SHAPE_REPRESENTATION('hy3t598C8991btth-None',(#1576),#3763);
#31=PRESENTATION_LAYER_ASSIGNMENT('1','Layer 1',(#40));
#32=STYLED_ITEM('',(#33),#40);
#33=PRESENTATION_STYLE_ASSIGNMENT((#34));
#34=SURFACE_STYLE_USAGE(.BOTH.,#35);
#35=SURFACE_SIDE_STYLE('',(#36));
#36=SURFACE_STYLE_FILL_AREA(#37);
#37=FILL_AREA_STYLE('',(#38));
#38=FILL_AREA_STYLE_COLOUR('',#39);
#39=DRAUGHTING_PRE_DEFINED_COLOUR('magenta');
#40=MANIFOLD_SOLID_BREP('',#41);
#41=CLOSED_SHELL('',(#76,#77,#78,#79,#80,#81,#82,#83,#84,#85,#86,#87,#88,
#89,#90,#91,#92,#93,#94,#95,#96,#97,#98,#99,#100,#101,#102,#103,#104,#105,
#106,#107,#108,#109,#110,#111,#112,#113,#114,#115,#116,#117,#118,#119,#120,
#121,#122,#123,#124,#125,#126,#127,#128,#129,#130,#131,#132,#133,#134,#135,
#136,#137,#138,#139,#140,#141,#142,#143,#144,#145,#146,#147,#148,#149,#150,
#151,#152,#153,#154,#155));
#42=FACE_BOUND('',#364,.T.);
#43=FACE_BOUND('',#365,.T.);
#44=ELLIPSE('',#1640,0.777960374096094,0.775);
#45=ELLIPSE('',#1641,0.777960374096094,0.775);
#46=ELLIPSE('',#1642,0.587234604962858,0.585);
#47=ELLIPSE('',#1643,0.587234604962858,0.585);
#48=(
BOUNDED_SURFACE()
B_SPLINE_SURFACE(2,3,((#3221,#3222,#3223,#3224,#3225,#3226,#3227,#3228,
#3229,#3230,#3231,#3232,#3233,#3234,#3235,#3236,#3237,#3238,#3239,#3240,
#3241,#3242,#3243,#3244,#3245,#3246,#3247,#3248,#3249,#3250),(#3251,#3252,
#3253,#3254,#3255,#3256,#3257,#3258,#3259,#3260,#3261,#3262,#3263,#3264,
#3265,#3266,#3267,#3268,#3269,#3270,#3271,#3272,#3273,#3274,#3275,#3276,
#3277,#3278,#3279,#3280),(#3281,#3282,#3283,#3284,#3285,#3286,#3287,#3288,
#3289,#3290,#3291,#3292,#3293,#3294,#3295,#3296,#3297,#3298,#3299,#3300,
#3301,#3302,#3303,#3304,#3305,#3306,#3307,#3308,#3309,#3310),(#3311,#3312,
#3313,#3314,#3315,#3316,#3317,#3318,#3319,#3320,#3321,#3322,#3323,#3324,
#3325,#3326,#3327,#3328,#3329,#3330,#3331,#3332,#3333,#3334,#3335,#3336,
#3337,#3338,#3339,#3340),(#3341,#3342,#3343,#3344,#3345,#3346,#3347,#3348,
#3349,#3350,#3351,#3352,#3353,#3354,#3355,#3356,#3357,#3358,#3359,#3360,
#3361,#3362,#3363,#3364,#3365,#3366,#3367,#3368,#3369,#3370),(#3371,#3372,
#3373,#3374,#3375,#3376,#3377,#3378,#3379,#3380,#3381,#3382,#3383,#3384,
#3385,#3386,#3387,#3388,#3389,#3390,#3391,#3392,#3393,#3394,#3395,#3396,
#3397,#3398,#3399,#3400),(#3401,#3402,#3403,#3404,#3405,#3406,#3407,#3408,
#3409,#3410,#3411,#3412,#3413,#3414,#3415,#3416,#3417,#3418,#3419,#3420,
#3421,#3422,#3423,#3424,#3425,#3426,#3427,#3428,#3429,#3430),(#3431,#3432,
#3433,#3434,#3435,#3436,#3437,#3438,#3439,#3440,#3441,#3442,#3443,#3444,
#3445,#3446,#3447,#3448,#3449,#3450,#3451,#3452,#3453,#3454,#3455,#3456,
#3457,#3458,#3459,#3460),(#3461,#3462,#3463,#3464,#3465,#3466,#3467,#3468,
#3469,#3470,#3471,#3472,#3473,#3474,#3475,#3476,#3477,#3478,#3479,#3480,
#3481,#3482,#3483,#3484,#3485,#3486,#3487,#3488,#3489,#3490),(#3491,#3492,
#3493,#3494,#3495,#3496,#3497,#3498,#3499,#3500,#3501,#3502,#3503,#3504,
#3505,#3506,#3507,#3508,#3509,#3510,#3511,#3512,#3513,#3514,#3515,#3516,
#3517,#3518,#3519,#3520),(#3521,#3522,#3523,#3524,#3525,#3526,#3527,#3528,
#3529,#3530,#3531,#3532,#3533,#3534,#3535,#3536,#3537,#3538,#3539,#3540,
#3541,#3542,#3543,#3544,#3545,#3546,#3547,#3548,#3549,#3550),(#3551,#3552,
#3553,#3554,#3555,#3556,#3557,#3558,#3559,#3560,#3561,#3562,#3563,#3564,
#3565,#3566,#3567,#3568,#3569,#3570,#3571,#3572,#3573,#3574,#3575,#3576,
#3577,#3578,#3579,#3580),(#3581,#3582,#3583,#3584,#3585,#3586,#3587,#3588,
#3589,#3590,#3591,#3592,#3593,#3594,#3595,#3596,#3597,#3598,#3599,#3600,
#3601,#3602,#3603,#3604,#3605,#3606,#3607,#3608,#3609,#3610),(#3611,#3612,
#3613,#3614,#3615,#3616,#3617,#3618,#3619,#3620,#3621,#3622,#3623,#3624,
#3625,#3626,#3627,#3628,#3629,#3630,#3631,#3632,#3633,#3634,#3635,#3636,
#3637,#3638,#3639,#3640),(#3641,#3642,#3643,#3644,#3645,#3646,#3647,#3648,
#3649,#3650,#3651,#3652,#3653,#3654,#3655,#3656,#3657,#3658,#3659,#3660,
#3661,#3662,#3663,#3664,#3665,#3666,#3667,#3668,#3669,#3670),(#3671,#3672,
#3673,#3674,#3675,#3676,#3677,#3678,#3679,#3680,#3681,#3682,#3683,#3684,
#3685,#3686,#3687,#3688,#3689,#3690,#3691,#3692,#3693,#3694,#3695,#3696,
#3697,#3698,#3699,#3700)),.UNSPECIFIED.,.F.,.F.,.F.)
B_SPLINE_SURFACE_WITH_KNOTS((3,1,2,2,2,2,2,2,3),(4,3,3,3,3,1,1,1,1,1,1,
1,1,1,1,1,3,4),(0.,0.0078125,0.015625,0.03125,0.0625,0.125,0.25,0.5,1.),
(0.,0.5,0.75,0.875,0.89090981702664,0.904167997882173,0.917426178737706,
0.92074072395159,0.924055269165473,0.93068435959324,0.943942540448773,0.957200721304306,
0.960515266518189,0.963829811732073,0.970458902159839,0.983717083015373,
0.996975263870906,1.),.UNSPECIFIED.)
GEOMETRIC_REPRESENTATION_ITEM()
RATIONAL_B_SPLINE_SURFACE(((1.,1.,1.,1.,1.,1.,1.,1.,1.,1.,1.,1.,1.,1.,1.,
1.,1.,1.,1.,1.,1.,1.,1.,1.,1.,1.,1.,1.,1.,1.),(0.969846310392954,0.969846310392954,
0.969846310392954,0.969846310392954,0.969846310392954,0.969846310392954,
0.969846310392954,0.969846310392954,0.969846310392954,0.969846310392954,
0.969846310392954,0.969846310392954,0.969846310392954,0.969846310392954,
0.969846310392954,0.969846310392954,0.969846310392954,0.969846310392954,
0.969846310392954,0.969846310392954,0.969846310392954,0.969846310392954,
0.969846310392954,0.969846310392954,0.969846310392954,0.969846310392954,
0.969846310392954,0.969846310392954,0.969846310392954,0.969846310392954),
(0.969846310392954,0.969846310392954,0.969846310392954,0.969846310392954,
0.969846310392954,0.969846310392954,0.969846310392954,0.969846310392954,
0.969846310392954,0.969846310392954,0.969846310392954,0.969846310392954,
0.969846310392954,0.969846310392954,0.969846310392954,0.969846310392954,
0.969846310392954,0.969846310392954,0.969846310392954,0.969846310392954,
0.969846310392954,0.969846310392954,0.969846310392954,0.969846310392954,
0.969846310392954,0.969846310392954,0.969846310392954,0.969846310392954,
0.969846310392954,0.969846310392954),(1.,1.,1.,1.,1.,1.,1.,1.,1.,1.,1.,
1.,1.,1.,1.,1.,1.,1.,1.,1.,1.,1.,1.,1.,1.,1.,1.,1.,1.,1.),(1.,1.,1.,1.,
1.,1.,1.,1.,1.,1.,1.,1.,1.,1.,1.,1.,1.,1.,1.,1.,1.,1.,1.,1.,1.,1.,1.,1.,
1.,1.),(1.,1.,1.,1.,1.,1.,1.,1.,1.,1.,1.,1.,1.,1.,1.,1.,1.,1.,1.,1.,1.,
1.,1.,1.,1.,1.,1.,1.,1.,1.),(1.,1.,1.,1.,1.,1.,1.,1.,1.,1.,1.,1.,1.,1.,
1.,1.,1.,1.,1.,1.,1.,1.,1.,1.,1.,1.,1.,1.,1.,1.),(1.,1.,1.,1.,1.,1.,1.,
1.,1.,1.,1.,1.,1.,1.,1.,1.,1.,1.,1.,1.,1.,1.,1.,1.,1.,1.,1.,1.,1.,1.),(1.,
1.,1.,1.,1.,1.,1.,1.,1.,1.,1.,1.,1.,1.,1.,1.,1.,1.,1.,1.,1.,1.,1.,1.,1.,
1.,1.,1.,1.,1.),(1.,1.,1.,1.,1.,1.,1.,1.,1.,1.,1.,1.,1.,1.,1.,1.,1.,1.,
1.,1.,1.,1.,1.,1.,1.,1.,1.,1.,1.,1.),(1.,1.,1.,1.,1.,1.,1.,1.,1.,1.,1.,
1.,1.,1.,1.,1.,1.,1.,1.,1.,1.,1.,1.,1.,1.,1.,1.,1.,1.,1.),(1.,1.,1.,1.,
1.,1.,1.,1.,1.,1.,1.,1.,1.,1.,1.,1.,1.,1.,1.,1.,1.,1.,1.,1.,1.,1.,1.,1.,
1.,1.),(1.,1.,1.,1.,1.,1.,1.,1.,1.,1.,1.,1.,1.,1.,1.,1.,1.,1.,1.,1.,1.,
1.,1.,1.,1.,1.,1.,1.,1.,1.),(1.,1.,1.,1.,1.,1.,1.,1.,1.,1.,1.,1.,1.,1.,
1.,1.,1.,1.,1.,1.,1.,1.,1.,1.,1.,1.,1.,1.,1.,1.),(1.,1.,1.,1.,1.,1.,1.,
1.,1.,1.,1.,1.,1.,1.,1.,1.,1.,1.,1.,1.,1.,1.,1.,1.,1.,1.,1.,1.,1.,1.),(1.,
1.,1.,1.,1.,1.,1.,1.,1.,1.,1.,1.,1.,1.,1.,1.,1.,1.,1.,1.,1.,1.,1.,1.,1.,
1.,1.,1.,1.,1.)))
REPRESENTATION_ITEM('')
SURFACE()
);
#49=(
BOUNDED_CURVE()
B_SPLINE_CURVE(3,(#2661,#2662,#2663,#2664,#2665,#2666,#2667,#2668,#2669,
#2670,#2671),.UNSPECIFIED.,.F.,.F.)
B_SPLINE_CURVE_WITH_KNOTS((4,1,1,1,1,1,1,1,4),(0.,0.090330314518307,0.274835365848287,
0.459340417178268,0.505466680010763,0.551592942843258,0.643845468508248,
0.828350519838229,1.),.UNSPECIFIED.)
CURVE()
GEOMETRIC_REPRESENTATION_ITEM()
RATIONAL_B_SPLINE_CURVE((1.,1.,1.,1.,1.,1.,1.,1.,1.,1.,1.))
REPRESENTATION_ITEM('')
);
#50=(
BOUNDED_CURVE()
B_SPLINE_CURVE(2,(#3217,#3218,#3219,#3220),.UNSPECIFIED.,.F.,.F.)
B_SPLINE_CURVE_WITH_KNOTS((3,1,3),(0.,0.5,1.),.UNSPECIFIED.)
CURVE()
GEOMETRIC_REPRESENTATION_ITEM()
RATIONAL_B_SPLINE_CURVE((1.,0.969846310392954,0.969846310392954,1.))
REPRESENTATION_ITEM('')
);
#51=SURFACE_OF_LINEAR_EXTRUSION('',#401,#1522);
#52=SURFACE_OF_LINEAR_EXTRUSION('',#406,#1548);
#53=SURFACE_OF_LINEAR_EXTRUSION('',#409,#1551);
#54=CYLINDRICAL_SURFACE('',#1608,0.45);
#55=CYLINDRICAL_SURFACE('',#1610,0.45);
#56=CYLINDRICAL_SURFACE('',#1613,0.26);
#57=CYLINDRICAL_SURFACE('',#1615,0.26);
#58=CYLINDRICAL_SURFACE('',#1639,0.6);
#59=CYLINDRICAL_SURFACE('',#1651,0.775);
#60=CYLINDRICAL_SURFACE('',#1652,0.775);
#61=CYLINDRICAL_SURFACE('',#1655,0.585);
#62=CYLINDRICAL_SURFACE('',#1656,0.585);
#63=B_SPLINE_SURFACE_WITH_KNOTS('',2,3,((#2260,#2261,#2262,#2263,#2264,
#2265,#2266,#2267,#2268,#2269,#2270,#2271,#2272,#2273,#2274,#2275,#2276,
#2277),(#2278,#2279,#2280,#2281,#2282,#2283,#2284,#2285,#2286,#2287,#2288,
#2289,#2290,#2291,#2292,#2293,#2294,#2295),(#2296,#2297,#2298,#2299,#2300,
#2301,#2302,#2303,#2304,#2305,#2306,#2307,#2308,#2309,#2310,#2311,#2312,
#2313),(#2314,#2315,#2316,#2317,#2318,#2319,#2320,#2321,#2322,#2323,#2324,
#2325,#2326,#2327,#2328,#2329,#2330,#2331),(#2332,#2333,#2334,#2335,#2336,
#2337,#2338,#2339,#2340,#2341,#2342,#2343,#2344,#2345,#2346,#2347,#2348,
#2349)),.UNSPECIFIED.,.F.,.F.,.F.,(3,2,3),(4,1,1,1,1,1,1,1,1,1,1,1,3,4),
(0.,0.770975628167434,1.),(0.,0.119008631363039,0.238017262726079,0.267769420566839,
0.297521578407599,0.357025894089118,0.476034525452158,0.595043156815197,
0.624795314655957,0.654547472496717,0.714051788178237,0.833060419541276,
0.952069050904315,1.),.UNSPECIFIED.);
#64=B_SPLINE_SURFACE_WITH_KNOTS('',2,3,((#2672,#2673,#2674,#2675,#2676,
#2677,#2678,#2679,#2680,#2681,#2682,#2683,#2684,#2685,#2686,#2687,#2688,
#2689,#2690,#2691,#2692),(#2693,#2694,#2695,#2696,#2697,#2698,#2699,#2700,
#2701,#2702,#2703,#2704,#2705,#2706,#2707,#2708,#2709,#2710,#2711,#2712,
#2713),(#2714,#2715,#2716,#2717,#2718,#2719,#2720,#2721,#2722,#2723,#2724,
#2725,#2726,#2727,#2728,#2729,#2730,#2731,#2732,#2733,#2734),(#2735,#2736,
#2737,#2738,#2739,#2740,#2741,#2742,#2743,#2744,#2745,#2746,#2747,#2748,
#2749,#2750,#2751,#2752,#2753,#2754,#2755),(#2756,#2757,#2758,#2759,#2760,
#2761,#2762,#2763,#2764,#2765,#2766,#2767,#2768,#2769,#2770,#2771,#2772,
#2773,#2774,#2775,#2776),(#2777,#2778,#2779,#2780,#2781,#2782,#2783,#2784,
#2785,#2786,#2787,#2788,#2789,#2790,#2791,#2792,#2793,#2794,#2795,#2796,
#2797),(#2798,#2799,#2800,#2801,#2802,#2803,#2804,#2805,#2806,#2807,#2808,
#2809,#2810,#2811,#2812,#2813,#2814,#2815,#2816,#2817,#2818),(#2819,#2820,
#2821,#2822,#2823,#2824,#2825,#2826,#2827,#2828,#2829,#2830,#2831,#2832,
#2833,#2834,#2835,#2836,#2837,#2838,#2839),(#2840,#2841,#2842,#2843,#2844,
#2845,#2846,#2847,#2848,#2849,#2850,#2851,#2852,#2853,#2854,#2855,#2856,
#2857,#2858,#2859,#2860)),.UNSPECIFIED.,.F.,.F.,.F.,(3,2,2,2,3),(4,3,1,
1,1,1,1,1,1,1,1,1,1,3,4),(0.,0.333333333333333,0.630085471124243,0.666666666666667,
1.),(0.,0.333333333333333,0.375,0.416666666666667,0.427083333333333,0.4375,
0.458333333333333,0.5,0.541666666666667,0.552083333333333,0.5625,0.583333333333333,
0.625,0.666666666666667,1.),.UNSPECIFIED.);
#65=B_SPLINE_SURFACE_WITH_KNOTS('',3,1,((#2874,#2875,#2876),(#2877,#2878,
#2879),(#2880,#2881,#2882),(#2883,#2884,#2885),(#2886,#2887,#2888),(#2889,
#2890,#2891),(#2892,#2893,#2894),(#2895,#2896,#2897),(#2898,#2899,#2900),
(#2901,#2902,#2903),(#2904,#2905,#2906),(#2907,#2908,#2909),(#2910,#2911,
#2912),(#2913,#2914,#2915),(#2916,#2917,#2918),(#2919,#2920,#2921),(#2922,
#2923,#2924),(#2925,#2926,#2927),(#2928,#2929,#2930),(#2931,#2932,#2933),
(#2934,#2935,#2936),(#2937,#2938,#2939),(#2940,#2941,#2942),(#2943,#2944,
#2945),(#2946,#2947,#2948),(#2949,#2950,#2951),(#2952,#2953,#2954),(#2955,
#2956,#2957),(#2958,#2959,#2960),(#2961,#2962,#2963),(#2964,#2965,#2966),
(#2967,#2968,#2969),(#2970,#2971,#2972),(#2973,#2974,#2975),(#2976,#2977,
#2978)),.UNSPECIFIED.,.F.,.F.,.F.,(4,1,1,1,1,1,1,1,1,1,1,1,1,1,1,1,1,1,
1,1,1,1,1,1,1,1,1,1,1,1,1,1,4),(2,1,2),(0.,0.125,0.1875,0.25,0.265625,0.2734375,
0.28125,0.3125,0.34375,0.375,0.390625,0.40625,0.4140625,0.421875,0.4296875,
0.4375,0.46875,0.5,0.53125,0.560546875,0.5625,0.56640625,0.5703125,0.578125,
0.59375,0.625,0.6875,0.75,0.8125,0.84375,0.875,0.9375,1.),(0.,0.70504465360931,
1.),.UNSPECIFIED.);
#66=B_SPLINE_SURFACE_WITH_KNOTS('',3,1,((#3047,#3048,#3049,#3050),(#3051,
#3052,#3053,#3054),(#3055,#3056,#3057,#3058),(#3059,#3060,#3061,#3062),
(#3063,#3064,#3065,#3066),(#3067,#3068,#3069,#3070),(#3071,#3072,#3073,
#3074),(#3075,#3076,#3077,#3078),(#3079,#3080,#3081,#3082),(#3083,#3084,
#3085,#3086),(#3087,#3088,#3089,#3090),(#3091,#3092,#3093,#3094),(#3095,
#3096,#3097,#3098),(#3099,#3100,#3101,#3102),(#3103,#3104,#3105,#3106),
(#3107,#3108,#3109,#3110),(#3111,#3112,#3113,#3114),(#3115,#3116,#3117,
#3118),(#3119,#3120,#3121,#3122),(#3123,#3124,#3125,#3126),(#3127,#3128,
#3129,#3130),(#3131,#3132,#3133,#3134),(#3135,#3136,#3137,#3138),(#3139,
#3140,#3141,#3142),(#3143,#3144,#3145,#3146),(#3147,#3148,#3149,#3150),
(#3151,#3152,#3153,#3154),(#3155,#3156,#3157,#3158),(#3159,#3160,#3161,
#3162),(#3163,#3164,#3165,#3166),(#3167,#3168,#3169,#3170),(#3171,#3172,
#3173,#3174),(#3175,#3176,#3177,#3178),(#3179,#3180,#3181,#3182),(#3183,
#3184,#3185,#3186),(#3187,#3188,#3189,#3190),(#3191,#3192,#3193,#3194),
(#3195,#3196,#3197,#3198),(#3199,#3200,#3201,#3202),(#3203,#3204,#3205,
#3206),(#3207,#3208,#3209,#3210)),.UNSPECIFIED.,.F.,.F.,.F.,(4,3,1,1,1,
1,1,1,1,1,1,1,1,1,1,1,1,1,1,1,1,1,1,1,1,1,1,1,1,1,1,1,1,3,4),(2,1,1,2),
(0.,0.333333333333333,0.375,0.395833333333333,0.416666666666667,0.421875,
0.424479166666667,0.427083333333333,0.4375,0.447916666666667,0.458333333333333,
0.463541666666667,0.46875,0.471354166666667,0.473958333333333,0.4765625,
0.479166666666667,0.489583333333333,0.5,0.510416666666667,0.520182291666667,
0.520833333333333,0.522135416666667,0.5234375,0.526041666666667,0.53125,
0.541666666666667,0.5625,0.583333333333333,0.604166666666667,0.614583333333333,
0.625,0.645833333333333,0.666666666666667,1.),(0.,0.206480409985121,0.60324020499256,
1.),.UNSPECIFIED.);
#67=CIRCLE('',#1581,0.6);
#68=CIRCLE('',#1603,0.26);
#69=CIRCLE('',#1604,0.45);
#70=CIRCLE('',#1605,0.45);
#71=CIRCLE('',#1606,0.26);
#72=CIRCLE('',#1646,0.775);
#73=CIRCLE('',#1647,0.775);
#74=CIRCLE('',#1648,0.585);
#75=CIRCLE('',#1649,0.585);
#76=ADVANCED_FACE('',(#219),#156,.T.);
#77=ADVANCED_FACE('',(#220),#157,.T.);
#78=ADVANCED_FACE('',(#221),#158,.F.);
#79=ADVANCED_FACE('',(#222),#159,.T.);
#80=ADVANCED_FACE('',(#223),#160,.T.);
#81=ADVANCED_FACE('',(#224),#161,.T.);
#82=ADVANCED_FACE('',(#225),#162,.T.);
#83=ADVANCED_FACE('',(#226),#63,.T.);
#84=ADVANCED_FACE('',(#227),#163,.T.);
#85=ADVANCED_FACE('',(#228),#164,.T.);
#86=ADVANCED_FACE('',(#229),#165,.T.);
#87=ADVANCED_FACE('',(#230),#166,.F.);
#88=ADVANCED_FACE('',(#231),#167,.F.);
#89=ADVANCED_FACE('',(#232),#168,.F.);
#90=ADVANCED_FACE('',(#233),#169,.F.);
#91=ADVANCED_FACE('',(#234),#170,.F.);
#92=ADVANCED_FACE('',(#235),#171,.F.);
#93=ADVANCED_FACE('',(#236),#172,.F.);
#94=ADVANCED_FACE('',(#237),#173,.F.);
#95=ADVANCED_FACE('',(#238),#174,.F.);
#96=ADVANCED_FACE('',(#239),#175,.T.);
#97=ADVANCED_FACE('',(#240),#176,.T.);
#98=ADVANCED_FACE('',(#241),#177,.T.);
#99=ADVANCED_FACE('',(#242),#178,.F.);
#100=ADVANCED_FACE('',(#243),#179,.T.);
#101=ADVANCED_FACE('',(#244),#180,.T.);
#102=ADVANCED_FACE('',(#245),#181,.T.);
#103=ADVANCED_FACE('',(#246),#54,.T.);
#104=ADVANCED_FACE('',(#247),#182,.T.);
#105=ADVANCED_FACE('',(#248),#55,.T.);
#106=ADVANCED_FACE('',(#249),#183,.T.);
#107=ADVANCED_FACE('',(#250),#184,.T.);
#108=ADVANCED_FACE('',(#251),#56,.F.);
#109=ADVANCED_FACE('',(#252),#185,.F.);
#110=ADVANCED_FACE('',(#253),#57,.F.);
#111=ADVANCED_FACE('',(#254),#186,.F.);
#112=ADVANCED_FACE('',(#255),#187,.F.);
#113=ADVANCED_FACE('',(#256),#188,.F.);
#114=ADVANCED_FACE('',(#257),#189,.F.);
#115=ADVANCED_FACE('',(#258),#190,.F.);
#116=ADVANCED_FACE('',(#259),#191,.T.);
#117=ADVANCED_FACE('',(#260),#51,.F.);
#118=ADVANCED_FACE('',(#261),#192,.F.);
#119=ADVANCED_FACE('',(#262),#193,.T.);
#120=ADVANCED_FACE('',(#263),#194,.T.);
#121=ADVANCED_FACE('',(#264),#195,.T.);
#122=ADVANCED_FACE('',(#265),#196,.F.);
#123=ADVANCED_FACE('',(#266),#197,.F.);
#124=ADVANCED_FACE('',(#267),#198,.T.);
#125=ADVANCED_FACE('',(#268),#199,.T.);
#126=ADVANCED_FACE('',(#269),#64,.T.);
#127=ADVANCED_FACE('',(#270),#200,.F.);
#128=ADVANCED_FACE('',(#271),#201,.F.);
#129=ADVANCED_FACE('',(#272),#65,.T.);
#130=ADVANCED_FACE('',(#273),#52,.T.);
#131=ADVANCED_FACE('',(#274),#202,.T.);
#132=ADVANCED_FACE('',(#275),#203,.T.);
#133=ADVANCED_FACE('',(#276),#204,.T.);
#134=ADVANCED_FACE('',(#277),#53,.T.);
#135=ADVANCED_FACE('',(#278),#66,.F.);
#136=ADVANCED_FACE('',(#279),#205,.T.);
#137=ADVANCED_FACE('',(#280),#206,.T.);
#138=ADVANCED_FACE('',(#281),#207,.F.);
#139=ADVANCED_FACE('',(#282),#208,.T.);
#140=ADVANCED_FACE('',(#283),#48,.T.);
#141=ADVANCED_FACE('',(#284),#58,.T.);
#142=ADVANCED_FACE('',(#42,#43),#209,.T.);
#143=ADVANCED_FACE('',(#285),#210,.T.);
#144=ADVANCED_FACE('',(#286),#211,.T.);
#145=ADVANCED_FACE('',(#287),#59,.T.);
#146=ADVANCED_FACE('',(#288),#60,.T.);
#147=ADVANCED_FACE('',(#289),#212,.T.);
#148=ADVANCED_FACE('',(#290),#213,.F.);
#149=ADVANCED_FACE('',(#291),#61,.F.);
#150=ADVANCED_FACE('',(#292),#62,.F.);
#151=ADVANCED_FACE('',(#293),#214,.F.);
#152=ADVANCED_FACE('',(#294),#215,.F.);
#153=ADVANCED_FACE('',(#295),#216,.F.);
#154=ADVANCED_FACE('',(#296),#217,.F.);
#155=ADVANCED_FACE('',(#297),#218,.F.);
#156=PLANE('',#1577);
#157=PLANE('',#1578);
#158=PLANE('',#1579);
#159=PLANE('',#1580);
#160=PLANE('',#1582);
#161=PLANE('',#1583);
#162=PLANE('',#1584);
#163=PLANE('',#1585);
#164=PLANE('',#1586);
#165=PLANE('',#1587);
#166=PLANE('',#1588);
#167=PLANE('',#1589);
#168=PLANE('',#1590);
#169=PLANE('',#1591);
#170=PLANE('',#1592);
#171=PLANE('',#1593);
#172=PLANE('',#1594);
#173=PLANE('',#1595);
#174=PLANE('',#1596);
#175=PLANE('',#1597);
#176=PLANE('',#1598);
#177=PLANE('',#1599);
#178=PLANE('',#1600);
#179=PLANE('',#1601);
#180=PLANE('',#1602);
#181=PLANE('',#1607);
#182=PLANE('',#1609);
#183=PLANE('',#1611);
#184=PLANE('',#1612);
#185=PLANE('',#1614);
#186=PLANE('',#1616);
#187=PLANE('',#1617);
#188=PLANE('',#1618);
#189=PLANE('',#1619);
#190=PLANE('',#1620);
#191=PLANE('',#1621);
#192=PLANE('',#1622);
#193=PLANE('',#1623);
#194=PLANE('',#1624);
#195=PLANE('',#1625);
#196=PLANE('',#1626);
#197=PLANE('',#1627);
#198=PLANE('',#1628);
#199=PLANE('',#1629);
#200=PLANE('',#1630);
#201=PLANE('',#1631);
#202=PLANE('',#1632);
#203=PLANE('',#1633);
#204=PLANE('',#1634);
#205=PLANE('',#1635);
#206=PLANE('',#1636);
#207=PLANE('',#1637);
#208=PLANE('',#1638);
#209=PLANE('',#1644);
#210=PLANE('',#1645);
#211=PLANE('',#1650);
#212=PLANE('',#1653);
#213=PLANE('',#1654);
#214=PLANE('',#1657);
#215=PLANE('',#1658);
#216=PLANE('',#1659);
#217=PLANE('',#1660);
#218=PLANE('',#1661);
#219=FACE_OUTER_BOUND('',#298,.T.);
#220=FACE_OUTER_BOUND('',#299,.T.);
#221=FACE_OUTER_BOUND('',#300,.T.);
#222=FACE_OUTER_BOUND('',#301,.T.);
#223=FACE_OUTER_BOUND('',#302,.T.);
#224=FACE_OUTER_BOUND('',#303,.T.);
#225=FACE_OUTER_BOUND('',#304,.T.);
#226=FACE_OUTER_BOUND('',#305,.T.);
#227=FACE_OUTER_BOUND('',#306,.T.);
#228=FACE_OUTER_BOUND('',#307,.T.);
#229=FACE_OUTER_BOUND('',#308,.T.);
#230=FACE_OUTER_BOUND('',#309,.T.);
#231=FACE_OUTER_BOUND('',#310,.T.);
#232=FACE_OUTER_BOUND('',#311,.T.);
#233=FACE_OUTER_BOUND('',#312,.T.);
#234=FACE_OUTER_BOUND('',#313,.T.);
#235=FACE_OUTER_BOUND('',#314,.T.);
#236=FACE_OUTER_BOUND('',#315,.T.);
#237=FACE_OUTER_BOUND('',#316,.T.);
#238=FACE_OUTER_BOUND('',#317,.T.);
#239=FACE_OUTER_BOUND('',#318,.T.);
#240=FACE_OUTER_BOUND('',#319,.T.);
#241=FACE_OUTER_BOUND('',#320,.T.);
#242=FACE_OUTER_BOUND('',#321,.T.);
#243=FACE_OUTER_BOUND('',#322,.T.);
#244=FACE_OUTER_BOUND('',#323,.T.);
#245=FACE_OUTER_BOUND('',#324,.T.);
#246=FACE_OUTER_BOUND('',#325,.T.);
#247=FACE_OUTER_BOUND('',#326,.T.);
#248=FACE_OUTER_BOUND('',#327,.T.);
#249=FACE_OUTER_BOUND('',#328,.T.);
#250=FACE_OUTER_BOUND('',#329,.T.);
#251=FACE_OUTER_BOUND('',#330,.T.);
#252=FACE_OUTER_BOUND('',#331,.T.);
#253=FACE_OUTER_BOUND('',#332,.T.);
#254=FACE_OUTER_BOUND('',#333,.T.);
#255=FACE_OUTER_BOUND('',#334,.T.);
#256=FACE_OUTER_BOUND('',#335,.T.);
#257=FACE_OUTER_BOUND('',#336,.T.);
#258=FACE_OUTER_BOUND('',#337,.T.);
#259=FACE_OUTER_BOUND('',#338,.T.);
#260=FACE_OUTER_BOUND('',#339,.T.);
#261=FACE_OUTER_BOUND('',#340,.T.);
#262=FACE_OUTER_BOUND('',#341,.T.);
#263=FACE_OUTER_BOUND('',#342,.T.);
#264=FACE_OUTER_BOUND('',#343,.T.);
#265=FACE_OUTER_BOUND('',#344,.T.);
#266=FACE_OUTER_BOUND('',#345,.T.);
#267=FACE_OUTER_BOUND('',#346,.T.);
#268=FACE_OUTER_BOUND('',#347,.T.);
#269=FACE_OUTER_BOUND('',#348,.T.);
#270=FACE_OUTER_BOUND('',#349,.T.);
#271=FACE_OUTER_BOUND('',#350,.T.);
#272=FACE_OUTER_BOUND('',#351,.T.);
#273=FACE_OUTER_BOUND('',#352,.T.);
#274=FACE_OUTER_BOUND('',#353,.T.);
#275=FACE_OUTER_BOUND('',#354,.T.);
#276=FACE_OUTER_BOUND('',#355,.T.);
#277=FACE_OUTER_BOUND('',#356,.T.);
#278=FACE_OUTER_BOUND('',#357,.T.);
#279=FACE_OUTER_BOUND('',#358,.T.);
#280=FACE_OUTER_BOUND('',#359,.T.);
#281=FACE_OUTER_BOUND('',#360,.T.);
#282=FACE_OUTER_BOUND('',#361,.T.);
#283=FACE_OUTER_BOUND('',#362,.T.);
#284=FACE_OUTER_BOUND('',#363,.T.);
#285=FACE_OUTER_BOUND('',#366,.T.);
#286=FACE_OUTER_BOUND('',#367,.T.);
#287=FACE_OUTER_BOUND('',#368,.T.);
#288=FACE_OUTER_BOUND('',#369,.T.);
#289=FACE_OUTER_BOUND('',#370,.T.);
#290=FACE_OUTER_BOUND('',#371,.T.);
#291=FACE_OUTER_BOUND('',#372,.T.);
#292=FACE_OUTER_BOUND('',#373,.T.);
#293=FACE_OUTER_BOUND('',#374,.T.);
#294=FACE_OUTER_BOUND('',#375,.T.);
#295=FACE_OUTER_BOUND('',#376,.T.);
#296=FACE_OUTER_BOUND('',#377,.T.);
#297=FACE_OUTER_BOUND('',#378,.T.);
#298=EDGE_LOOP('',(#412,#413,#414,#415,#416,#417,#418,#419,#420,#421,#422,
#423,#424,#425,#426,#427,#428,#429,#430,#431,#432,#433,#434,#435,#436,#437));
#299=EDGE_LOOP('',(#438,#439,#440,#441));
#300=EDGE_LOOP('',(#442,#443,#444,#445));
#301=EDGE_LOOP('',(#446,#447,#448,#449));
#302=EDGE_LOOP('',(#450,#451,#452,#453,#454,#455,#456,#457,#458,#459,#460,
#461,#462,#463));
#303=EDGE_LOOP('',(#464,#465,#466,#467,#468,#469,#470,#471,#472,#473));
#304=EDGE_LOOP('',(#474,#475,#476,#477,#478,#479,#480,#481,#482,#483));
#305=EDGE_LOOP('',(#484,#485,#486,#487,#488,#489,#490));
#306=EDGE_LOOP('',(#491,#492,#493,#494));
#307=EDGE_LOOP('',(#495,#496,#497,#498,#499,#500,#501,#502,#503,#504,#505,
#506));
#308=EDGE_LOOP('',(#507,#508,#509,#510,#511,#512));
#309=EDGE_LOOP('',(#513,#514,#515,#516));
#310=EDGE_LOOP('',(#517,#518,#519,#520));
#311=EDGE_LOOP('',(#521,#522,#523,#524));
#312=EDGE_LOOP('',(#525,#526,#527,#528,#529));
#313=EDGE_LOOP('',(#530,#531,#532,#533));
#314=EDGE_LOOP('',(#534,#535,#536,#537));
#315=EDGE_LOOP('',(#538,#539,#540,#541,#542));
#316=EDGE_LOOP('',(#543,#544,#545,#546));
#317=EDGE_LOOP('',(#547,#548,#549,#550));
#318=EDGE_LOOP('',(#551,#552,#553,#554,#555,#556));
#319=EDGE_LOOP('',(#557,#558,#559,#560,#561));
#320=EDGE_LOOP('',(#562,#563,#564,#565,#566,#567));
#321=EDGE_LOOP('',(#568,#569,#570,#571,#572,#573));
#322=EDGE_LOOP('',(#574,#575,#576,#577,#578));
#323=EDGE_LOOP('',(#579,#580,#581,#582,#583,#584));
#324=EDGE_LOOP('',(#585,#586,#587,#588,#589,#590,#591,#592));
#325=EDGE_LOOP('',(#593,#594,#595,#596,#597));
#326=EDGE_LOOP('',(#598,#599,#600,#601));
#327=EDGE_LOOP('',(#602,#603,#604,#605,#606));
#328=EDGE_LOOP('',(#607,#608,#609,#610));
#329=EDGE_LOOP('',(#611,#612,#613,#614,#615,#616,#617,#618,#619,#620,#621,
#622));
#330=EDGE_LOOP('',(#623,#624,#625,#626,#627));
#331=EDGE_LOOP('',(#628,#629,#630,#631));
#332=EDGE_LOOP('',(#632,#633,#634,#635,#636));
#333=EDGE_LOOP('',(#637,#638,#639,#640));
#334=EDGE_LOOP('',(#641,#642,#643,#644));
#335=EDGE_LOOP('',(#645,#646,#647,#648));
#336=EDGE_LOOP('',(#649,#650,#651,#652));
#337=EDGE_LOOP('',(#653,#654,#655,#656));
#338=EDGE_LOOP('',(#657,#658,#659,#660));
#339=EDGE_LOOP('',(#661,#662,#663,#664,#665,#666,#667,#668));
#340=EDGE_LOOP('',(#669,#670,#671,#672));
#341=EDGE_LOOP('',(#673,#674,#675,#676,#677,#678));
#342=EDGE_LOOP('',(#679,#680,#681,#682));
#343=EDGE_LOOP('',(#683,#684,#685,#686,#687,#688));
#344=EDGE_LOOP('',(#689,#690,#691,#692));
#345=EDGE_LOOP('',(#693,#694,#695,#696));
#346=EDGE_LOOP('',(#697,#698,#699,#700,#701));
#347=EDGE_LOOP('',(#702,#703,#704));
#348=EDGE_LOOP('',(#705,#706,#707,#708));
#349=EDGE_LOOP('',(#709,#710,#711,#712,#713,#714,#715));
#350=EDGE_LOOP('',(#716,#717,#718,#719,#720,#721,#722));
#351=EDGE_LOOP('',(#723,#724,#725,#726,#727,#728));
#352=EDGE_LOOP('',(#729,#730,#731,#732));
#353=EDGE_LOOP('',(#733,#734,#735,#736,#737));
#354=EDGE_LOOP('',(#738,#739,#740,#741));
#355=EDGE_LOOP('',(#742,#743,#744,#745,#746));
#356=EDGE_LOOP('',(#747,#748,#749,#750));
#357=EDGE_LOOP('',(#751,#752,#753,#754,#755,#756));
#358=EDGE_LOOP('',(#757,#758,#759,#760,#761,#762,#763,#764));
#359=EDGE_LOOP('',(#765,#766,#767,#768,#769,#770,#771,#772));
#360=EDGE_LOOP('',(#773,#774,#775,#776,#777));
#361=EDGE_LOOP('',(#778,#779,#780,#781));
#362=EDGE_LOOP('',(#782,#783,#784,#785));
#363=EDGE_LOOP('',(#786,#787,#788,#789,#790,#791));
#364=EDGE_LOOP('',(#792,#793,#794,#795));
#365=EDGE_LOOP('',(#796,#797,#798,#799));
#366=EDGE_LOOP('',(#800,#801,#802,#803));
#367=EDGE_LOOP('',(#804,#805,#806,#807,#808,#809,#810,#811));
#368=EDGE_LOOP('',(#812,#813,#814,#815));
#369=EDGE_LOOP('',(#816,#817,#818,#819));
#370=EDGE_LOOP('',(#820,#821,#822,#823));
#371=EDGE_LOOP('',(#824,#825,#826,#827));
#372=EDGE_LOOP('',(#828,#829,#830,#831));
#373=EDGE_LOOP('',(#832,#833,#834,#835));
#374=EDGE_LOOP('',(#836,#837,#838,#839));
#375=EDGE_LOOP('',(#840,#841,#842,#843));
#376=EDGE_LOOP('',(#844,#845,#846,#847));
#377=EDGE_LOOP('',(#848,#849,#850,#851));
#378=EDGE_LOOP('',(#852,#853,#854,#855));
#379=B_SPLINE_CURVE_WITH_KNOTS('',3,(#2022,#2023,#2024,#2025,#2026,#2027,
#2028),.UNSPECIFIED.,.F.,.F.,(4,3,4),(0.,0.681978591470962,1.),
 .UNSPECIFIED.);
#380=B_SPLINE_CURVE_WITH_KNOTS('',3,(#2030,#2031,#2032,#2033,#2034,#2035,
#2036,#2037,#2038,#2039,#2040,#2041,#2042),.UNSPECIFIED.,.F.,.F.,(4,3,3,
3,4),(0.,0.140384113201189,0.247641987488494,0.38391773603397,1.),
 .UNSPECIFIED.);
#381=B_SPLINE_CURVE_WITH_KNOTS('',3,(#2110,#2111,#2112,#2113,#2114,#2115,
#2116,#2117,#2118,#2119,#2120,#2121,#2122,#2123,#2124,#2125,#2126,#2127,
#2128,#2129,#2130,#2131),.UNSPECIFIED.,.F.,.F.,(4,3,3,3,3,3,3,4),(0.,0.101434668527287,
0.202847090193414,0.305904795227405,0.724086379740445,0.83040252665207,
0.938158612105781,1.),.UNSPECIFIED.);
#382=B_SPLINE_CURVE_WITH_KNOTS('',3,(#2154,#2155,#2156,#2157,#2158,#2159,
#2160,#2161,#2162,#2163,#2164,#2165,#2166,#2167,#2168,#2169),
 .UNSPECIFIED.,.F.,.F.,(4,3,3,3,3,4),(0.,0.423673148044291,0.529570326317727,
0.764744731277213,0.882357480228099,1.),.UNSPECIFIED.);
#383=B_SPLINE_CURVE_WITH_KNOTS('',3,(#2181,#2182,#2183,#2184,#2185,#2186,
#2187),.UNSPECIFIED.,.F.,.F.,(4,3,4),(0.,0.447519396767952,1.),
 .UNSPECIFIED.);
#384=B_SPLINE_CURVE_WITH_KNOTS('',3,(#2196,#2197,#2198,#2199,#2200,#2201,
#2202,#2203,#2204,#2205,#2206,#2207,#2208,#2209,#2210,#2211,#2212,#2213,
#2214,#2215,#2216,#2217),.UNSPECIFIED.,.F.,.F.,(4,3,3,3,3,3,3,4),(0.,0.188165157945572,
0.283480124229385,0.378771919185361,0.605357833810097,0.832292028863118,
0.912248817267542,1.),.UNSPECIFIED.);
#385=B_SPLINE_CURVE_WITH_KNOTS('',3,(#2226,#2227,#2228,#2229),
 .UNSPECIFIED.,.F.,.F.,(4,4),(0.,1.),.UNSPECIFIED.);
#386=B_SPLINE_CURVE_WITH_KNOTS('',3,(#2231,#2232,#2233,#2234,#2235,#2236,
#2237,#2238,#2239,#2240,#2241),.UNSPECIFIED.,.F.,.F.,(4,1,1,1,1,1,1,1,4),
(0.,0.0891837421059015,0.27134685109332,0.453509960080739,0.499050737327594,
0.544591514574448,0.635673069068158,0.817836178055576,1.),.UNSPECIFIED.);
#387=B_SPLINE_CURVE_WITH_KNOTS('',3,(#2242,#2243,#2244,#2245,#2246,#2247),
 .UNSPECIFIED.,.F.,.F.,(4,1,1,4),(0.,0.41324714906616,0.826492507131327,
1.),.UNSPECIFIED.);
#388=B_SPLINE_CURVE_WITH_KNOTS('',3,(#2248,#2249,#2250,#2251,#2252,#2253,
#2254,#2255,#2256,#2257,#2258,#2259),.UNSPECIFIED.,.F.,.F.,(4,1,1,1,1,1,
1,1,1,4),(0.,0.022186315945304,0.0914022342326972,0.16061815252009,0.437481825669663,
0.714345498819236,0.852777335394022,0.921993253681415,0.991209171968809,
1.),.UNSPECIFIED.);
#389=B_SPLINE_CURVE_WITH_KNOTS('',3,(#2442,#2443,#2444,#2445),
 .UNSPECIFIED.,.F.,.F.,(4,4),(0.,1.),.UNSPECIFIED.);
#390=B_SPLINE_CURVE_WITH_KNOTS('',3,(#2451,#2452,#2453,#2454),
 .UNSPECIFIED.,.F.,.F.,(4,4),(0.,1.),.UNSPECIFIED.);
#391=B_SPLINE_CURVE_WITH_KNOTS('',3,(#2460,#2461,#2462,#2463),
 .UNSPECIFIED.,.F.,.F.,(4,4),(0.,1.),.UNSPECIFIED.);
#392=B_SPLINE_CURVE_WITH_KNOTS('',3,(#2467,#2468,#2469,#2470),
 .UNSPECIFIED.,.F.,.F.,(4,4),(0.,1.),.UNSPECIFIED.);
#393=B_SPLINE_CURVE_WITH_KNOTS('',3,(#2479,#2480,#2481,#2482),
 .UNSPECIFIED.,.F.,.F.,(4,4),(0.,1.),.UNSPECIFIED.);
#394=B_SPLINE_CURVE_WITH_KNOTS('',3,(#2484,#2485,#2486,#2487),
 .UNSPECIFIED.,.F.,.F.,(4,4),(0.,1.),.UNSPECIFIED.);
#395=B_SPLINE_CURVE_WITH_KNOTS('',3,(#2491,#2492,#2493,#2494),
 .UNSPECIFIED.,.F.,.F.,(4,4),(0.,1.),.UNSPECIFIED.);
#396=B_SPLINE_CURVE_WITH_KNOTS('',3,(#2496,#2497,#2498,#2499),
 .UNSPECIFIED.,.F.,.F.,(4,4),(0.,1.),.UNSPECIFIED.);
#397=B_SPLINE_CURVE_WITH_KNOTS('',3,(#2531,#2532,#2533,#2534,#2535,#2536,
#2537,#2538,#2539,#2540),.UNSPECIFIED.,.F.,.F.,(4,1,1,1,1,1,1,4),(0.,0.269682105309717,
0.435285042400625,0.495411293171774,0.74813887930879,0.874489550150299,
0.937488159197073,1.),.UNSPECIFIED.);
#398=B_SPLINE_CURVE_WITH_KNOTS('',3,(#2544,#2545,#2546,#2547,#2548,#2549,
#2550,#2551),.UNSPECIFIED.,.F.,.F.,(4,2,2,4),(0.,0.25,0.5,1.),
 .UNSPECIFIED.);
#399=B_SPLINE_CURVE_WITH_KNOTS('',3,(#2555,#2556,#2557,#2558,#2559,#2560,
#2561,#2562,#2563,#2564,#2565,#2566,#2567,#2568,#2569,#2570),
 .UNSPECIFIED.,.F.,.F.,(4,3,3,3,3,4),(0.,0.497770524026424,0.74677088162487,
0.873084072647764,0.959724167481026,1.),.UNSPECIFIED.);
#400=B_SPLINE_CURVE_WITH_KNOTS('',3,(#2571,#2572,#2573,#2574,#2575,#2576,
#2577,#2578,#2579,#2580,#2581,#2582,#2583),.UNSPECIFIED.,.F.,.F.,(4,3,3,
3,4),(0.,0.0390529920540471,0.191572216158314,0.718738373919394,1.),
 .UNSPECIFIED.);
#401=B_SPLINE_CURVE_WITH_KNOTS('',3,(#2584,#2585,#2586,#2587,#2588,#2589,
#2590,#2591,#2592,#2593,#2594,#2595,#2596,#2597,#2598,#2599,#2600,#2601,
#2602,#2603,#2604,#2605,#2606,#2607,#2608,#2609,#2610),.UNSPECIFIED.,.F.,
 .F.,(4,1,1,3,3,3,3,3,3,3,4),(0.,0.0496695589971264,0.0843277006612687,
0.220029460824157,0.355731220987046,0.42358210106849,0.491432981149934,
0.627134741312823,0.8985382616386,0.966389141720044,1.),.UNSPECIFIED.);
#402=B_SPLINE_CURVE_WITH_KNOTS('',3,(#2651,#2652,#2653,#2654,#2655,#2656,
#2657),.UNSPECIFIED.,.F.,.F.,(4,1,1,1,4),(0.,0.0192157599964917,0.480325975521379,
0.941436191046267,1.),.UNSPECIFIED.);
#403=B_SPLINE_CURVE_WITH_KNOTS('',3,(#2866,#2867,#2868,#2869),
 .UNSPECIFIED.,.F.,.F.,(4,4),(0.,1.),.UNSPECIFIED.);
#404=B_SPLINE_CURVE_WITH_KNOTS('',1,(#2870,#2871),.UNSPECIFIED.,.F.,.F.,
(2,2),(0.,1.),.UNSPECIFIED.);
#405=B_SPLINE_CURVE_WITH_KNOTS('',3,(#2979,#2980,#2981,#2982,#2983,#2984,
#2985,#2986,#2987,#2988),.UNSPECIFIED.,.F.,.F.,(4,3,3,4),(0.,0.0548748315958111,
0.304869621932233,1.),.UNSPECIFIED.);
#406=B_SPLINE_CURVE_WITH_KNOTS('',3,(#2989,#2990,#2991,#2992,#2993,#2994,
#2995,#2996,#2997,#2998),.UNSPECIFIED.,.F.,.F.,(4,1,1,2,2,4),(0.,0.851924213296888,
0.855078757326713,0.891309067995035,0.927539378663357,1.),.UNSPECIFIED.);
#407=B_SPLINE_CURVE_WITH_KNOTS('',3,(#3003,#3004,#3005,#3006,#3007,#3008,
#3009,#3010,#3011,#3012,#3013,#3014,#3015,#3016,#3017,#3018),
 .UNSPECIFIED.,.F.,.F.,(4,3,3,3,3,4),(0.,0.514014950675201,0.764764181779648,
0.900962223098961,0.98548867666026,1.),.UNSPECIFIED.);
#408=B_SPLINE_CURVE_WITH_KNOTS('',3,(#3020,#3021,#3022,#3023,#3024,#3025,
#3026,#3027),.UNSPECIFIED.,.F.,.F.,(4,2,2,4),(0.,0.500005636606939,0.750008454910408,
1.),.UNSPECIFIED.);
#409=B_SPLINE_CURVE_WITH_KNOTS('',3,(#3028,#3029,#3030,#3031,#3032,#3033,
#3034,#3035,#3036,#3037),.UNSPECIFIED.,.F.,.F.,(4,1,1,2,2,4),(0.,0.851924213296888,
0.855078757326713,0.891309067995035,0.927539378663357,1.),.UNSPECIFIED.);
#410=B_SPLINE_CURVE_WITH_KNOTS('',3,(#3038,#3039,#3040,#3041),
 .UNSPECIFIED.,.F.,.F.,(4,4),(0.,1.),.UNSPECIFIED.);
#411=B_SPLINE_CURVE_WITH_KNOTS('',3,(#3043,#3044,#3045,#3046),
 .UNSPECIFIED.,.F.,.F.,(4,4),(0.,1.),.UNSPECIFIED.);
#412=ORIENTED_EDGE('',*,*,#997,.F.);
#413=ORIENTED_EDGE('',*,*,#998,.T.);
#414=ORIENTED_EDGE('',*,*,#999,.F.);
#415=ORIENTED_EDGE('',*,*,#1000,.F.);
#416=ORIENTED_EDGE('',*,*,#1001,.F.);
#417=ORIENTED_EDGE('',*,*,#1002,.F.);
#418=ORIENTED_EDGE('',*,*,#1003,.T.);
#419=ORIENTED_EDGE('',*,*,#1004,.T.);
#420=ORIENTED_EDGE('',*,*,#1005,.T.);
#421=ORIENTED_EDGE('',*,*,#1006,.T.);
#422=ORIENTED_EDGE('',*,*,#1007,.T.);
#423=ORIENTED_EDGE('',*,*,#1008,.T.);
#424=ORIENTED_EDGE('',*,*,#1009,.T.);
#425=ORIENTED_EDGE('',*,*,#1010,.F.);
#426=ORIENTED_EDGE('',*,*,#1011,.F.);
#427=ORIENTED_EDGE('',*,*,#1012,.T.);
#428=ORIENTED_EDGE('',*,*,#1013,.F.);
#429=ORIENTED_EDGE('',*,*,#1014,.F.);
#430=ORIENTED_EDGE('',*,*,#1015,.F.);
#431=ORIENTED_EDGE('',*,*,#1016,.T.);
#432=ORIENTED_EDGE('',*,*,#1017,.T.);
#433=ORIENTED_EDGE('',*,*,#1018,.T.);
#434=ORIENTED_EDGE('',*,*,#1019,.T.);
#435=ORIENTED_EDGE('',*,*,#1020,.T.);
#436=ORIENTED_EDGE('',*,*,#1021,.T.);
#437=ORIENTED_EDGE('',*,*,#1022,.T.);
#438=ORIENTED_EDGE('',*,*,#1023,.F.);
#439=ORIENTED_EDGE('',*,*,#1024,.F.);
#440=ORIENTED_EDGE('',*,*,#1025,.T.);
#441=ORIENTED_EDGE('',*,*,#1026,.T.);
#442=ORIENTED_EDGE('',*,*,#1027,.T.);
#443=ORIENTED_EDGE('',*,*,#997,.T.);
#444=ORIENTED_EDGE('',*,*,#1028,.T.);
#445=ORIENTED_EDGE('',*,*,#1029,.F.);
#446=ORIENTED_EDGE('',*,*,#1030,.F.);
#447=ORIENTED_EDGE('',*,*,#1031,.F.);
#448=ORIENTED_EDGE('',*,*,#1029,.T.);
#449=ORIENTED_EDGE('',*,*,#1032,.T.);
#450=ORIENTED_EDGE('',*,*,#1033,.F.);
#451=ORIENTED_EDGE('',*,*,#1034,.F.);
#452=ORIENTED_EDGE('',*,*,#1035,.T.);
#453=ORIENTED_EDGE('',*,*,#1036,.F.);
#454=ORIENTED_EDGE('',*,*,#1037,.F.);
#455=ORIENTED_EDGE('',*,*,#1038,.T.);
#456=ORIENTED_EDGE('',*,*,#1039,.T.);
#457=ORIENTED_EDGE('',*,*,#1023,.T.);
#458=ORIENTED_EDGE('',*,*,#1040,.F.);
#459=ORIENTED_EDGE('',*,*,#1021,.F.);
#460=ORIENTED_EDGE('',*,*,#1041,.F.);
#461=ORIENTED_EDGE('',*,*,#1042,.T.);
#462=ORIENTED_EDGE('',*,*,#1043,.T.);
#463=ORIENTED_EDGE('',*,*,#1044,.T.);
#464=ORIENTED_EDGE('',*,*,#1045,.T.);
#465=ORIENTED_EDGE('',*,*,#1046,.T.);
#466=ORIENTED_EDGE('',*,*,#1047,.T.);
#467=ORIENTED_EDGE('',*,*,#1048,.T.);
#468=ORIENTED_EDGE('',*,*,#1049,.T.);
#469=ORIENTED_EDGE('',*,*,#1050,.T.);
#470=ORIENTED_EDGE('',*,*,#1051,.T.);
#471=ORIENTED_EDGE('',*,*,#1052,.T.);
#472=ORIENTED_EDGE('',*,*,#1033,.T.);
#473=ORIENTED_EDGE('',*,*,#1053,.F.);
#474=ORIENTED_EDGE('',*,*,#1011,.T.);
#475=ORIENTED_EDGE('',*,*,#1054,.F.);
#476=ORIENTED_EDGE('',*,*,#1055,.F.);
#477=ORIENTED_EDGE('',*,*,#1056,.F.);
#478=ORIENTED_EDGE('',*,*,#1057,.T.);
#479=ORIENTED_EDGE('',*,*,#1045,.F.);
#480=ORIENTED_EDGE('',*,*,#1058,.T.);
#481=ORIENTED_EDGE('',*,*,#1059,.F.);
#482=ORIENTED_EDGE('',*,*,#1060,.F.);
#483=ORIENTED_EDGE('',*,*,#1061,.T.);
#484=ORIENTED_EDGE('',*,*,#1025,.F.);
#485=ORIENTED_EDGE('',*,*,#1062,.F.);
#486=ORIENTED_EDGE('',*,*,#1063,.T.);
#487=ORIENTED_EDGE('',*,*,#999,.T.);
#488=ORIENTED_EDGE('',*,*,#1064,.T.);
#489=ORIENTED_EDGE('',*,*,#1030,.T.);
#490=ORIENTED_EDGE('',*,*,#1065,.T.);
#491=ORIENTED_EDGE('',*,*,#1059,.T.);
#492=ORIENTED_EDGE('',*,*,#1066,.T.);
#493=ORIENTED_EDGE('',*,*,#1043,.F.);
#494=ORIENTED_EDGE('',*,*,#1067,.F.);
#495=ORIENTED_EDGE('',*,*,#1012,.F.);
#496=ORIENTED_EDGE('',*,*,#1061,.F.);
#497=ORIENTED_EDGE('',*,*,#1068,.F.);
#498=ORIENTED_EDGE('',*,*,#1041,.T.);
#499=ORIENTED_EDGE('',*,*,#1020,.F.);
#500=ORIENTED_EDGE('',*,*,#1069,.F.);
#501=ORIENTED_EDGE('',*,*,#1070,.T.);
#502=ORIENTED_EDGE('',*,*,#1071,.T.);
#503=ORIENTED_EDGE('',*,*,#1016,.F.);
#504=ORIENTED_EDGE('',*,*,#1072,.F.);
#505=ORIENTED_EDGE('',*,*,#1073,.F.);
#506=ORIENTED_EDGE('',*,*,#1074,.T.);
#507=ORIENTED_EDGE('',*,*,#1022,.F.);
#508=ORIENTED_EDGE('',*,*,#1040,.T.);
#509=ORIENTED_EDGE('',*,*,#1026,.F.);
#510=ORIENTED_EDGE('',*,*,#1065,.F.);
#511=ORIENTED_EDGE('',*,*,#1032,.F.);
#512=ORIENTED_EDGE('',*,*,#1028,.F.);
#513=ORIENTED_EDGE('',*,*,#1068,.T.);
#514=ORIENTED_EDGE('',*,*,#1060,.T.);
#515=ORIENTED_EDGE('',*,*,#1067,.T.);
#516=ORIENTED_EDGE('',*,*,#1042,.F.);
#517=ORIENTED_EDGE('',*,*,#1075,.F.);
#518=ORIENTED_EDGE('',*,*,#1076,.T.);
#519=ORIENTED_EDGE('',*,*,#1077,.T.);
#520=ORIENTED_EDGE('',*,*,#1078,.F.);
#521=ORIENTED_EDGE('',*,*,#1079,.T.);
#522=ORIENTED_EDGE('',*,*,#1078,.T.);
#523=ORIENTED_EDGE('',*,*,#1080,.F.);
#524=ORIENTED_EDGE('',*,*,#1081,.T.);
#525=ORIENTED_EDGE('',*,*,#1082,.T.);
#526=ORIENTED_EDGE('',*,*,#1075,.T.);
#527=ORIENTED_EDGE('',*,*,#1079,.F.);
#528=ORIENTED_EDGE('',*,*,#1083,.F.);
#529=ORIENTED_EDGE('',*,*,#1084,.F.);
#530=ORIENTED_EDGE('',*,*,#1085,.T.);
#531=ORIENTED_EDGE('',*,*,#1086,.F.);
#532=ORIENTED_EDGE('',*,*,#1087,.F.);
#533=ORIENTED_EDGE('',*,*,#1088,.F.);
#534=ORIENTED_EDGE('',*,*,#1089,.T.);
#535=ORIENTED_EDGE('',*,*,#1086,.T.);
#536=ORIENTED_EDGE('',*,*,#1090,.F.);
#537=ORIENTED_EDGE('',*,*,#1091,.T.);
#538=ORIENTED_EDGE('',*,*,#1087,.T.);
#539=ORIENTED_EDGE('',*,*,#1089,.F.);
#540=ORIENTED_EDGE('',*,*,#1092,.F.);
#541=ORIENTED_EDGE('',*,*,#1093,.T.);
#542=ORIENTED_EDGE('',*,*,#1094,.F.);
#543=ORIENTED_EDGE('',*,*,#1073,.T.);
#544=ORIENTED_EDGE('',*,*,#1095,.T.);
#545=ORIENTED_EDGE('',*,*,#1093,.F.);
#546=ORIENTED_EDGE('',*,*,#1096,.F.);
#547=ORIENTED_EDGE('',*,*,#1070,.F.);
#548=ORIENTED_EDGE('',*,*,#1097,.T.);
#549=ORIENTED_EDGE('',*,*,#1084,.T.);
#550=ORIENTED_EDGE('',*,*,#1098,.F.);
#551=ORIENTED_EDGE('',*,*,#1069,.T.);
#552=ORIENTED_EDGE('',*,*,#1019,.F.);
#553=ORIENTED_EDGE('',*,*,#1099,.T.);
#554=ORIENTED_EDGE('',*,*,#1076,.F.);
#555=ORIENTED_EDGE('',*,*,#1082,.F.);
#556=ORIENTED_EDGE('',*,*,#1097,.F.);
#557=ORIENTED_EDGE('',*,*,#1077,.F.);
#558=ORIENTED_EDGE('',*,*,#1099,.F.);
#559=ORIENTED_EDGE('',*,*,#1018,.F.);
#560=ORIENTED_EDGE('',*,*,#1100,.T.);
#561=ORIENTED_EDGE('',*,*,#1080,.T.);
#562=ORIENTED_EDGE('',*,*,#1100,.F.);
#563=ORIENTED_EDGE('',*,*,#1017,.F.);
#564=ORIENTED_EDGE('',*,*,#1071,.F.);
#565=ORIENTED_EDGE('',*,*,#1098,.T.);
#566=ORIENTED_EDGE('',*,*,#1083,.T.);
#567=ORIENTED_EDGE('',*,*,#1081,.F.);
#568=ORIENTED_EDGE('',*,*,#1072,.T.);
#569=ORIENTED_EDGE('',*,*,#1015,.T.);
#570=ORIENTED_EDGE('',*,*,#1101,.T.);
#571=ORIENTED_EDGE('',*,*,#1088,.T.);
#572=ORIENTED_EDGE('',*,*,#1094,.T.);
#573=ORIENTED_EDGE('',*,*,#1095,.F.);
#574=ORIENTED_EDGE('',*,*,#1101,.F.);
#575=ORIENTED_EDGE('',*,*,#1014,.T.);
#576=ORIENTED_EDGE('',*,*,#1102,.F.);
#577=ORIENTED_EDGE('',*,*,#1090,.T.);
#578=ORIENTED_EDGE('',*,*,#1085,.F.);
#579=ORIENTED_EDGE('',*,*,#1013,.T.);
#580=ORIENTED_EDGE('',*,*,#1074,.F.);
#581=ORIENTED_EDGE('',*,*,#1096,.T.);
#582=ORIENTED_EDGE('',*,*,#1092,.T.);
#583=ORIENTED_EDGE('',*,*,#1091,.F.);
#584=ORIENTED_EDGE('',*,*,#1102,.T.);
#585=ORIENTED_EDGE('',*,*,#1103,.T.);
#586=ORIENTED_EDGE('',*,*,#1104,.T.);
#587=ORIENTED_EDGE('',*,*,#1105,.F.);
#588=ORIENTED_EDGE('',*,*,#1106,.F.);
#589=ORIENTED_EDGE('',*,*,#1107,.F.);
#590=ORIENTED_EDGE('',*,*,#1108,.T.);
#591=ORIENTED_EDGE('',*,*,#1109,.T.);
#592=ORIENTED_EDGE('',*,*,#1110,.T.);
#593=ORIENTED_EDGE('',*,*,#1111,.F.);
#594=ORIENTED_EDGE('',*,*,#1112,.F.);
#595=ORIENTED_EDGE('',*,*,#1107,.T.);
#596=ORIENTED_EDGE('',*,*,#1113,.T.);
#597=ORIENTED_EDGE('',*,*,#1114,.F.);
#598=ORIENTED_EDGE('',*,*,#1115,.F.);
#599=ORIENTED_EDGE('',*,*,#1113,.F.);
#600=ORIENTED_EDGE('',*,*,#1106,.T.);
#601=ORIENTED_EDGE('',*,*,#1116,.T.);
#602=ORIENTED_EDGE('',*,*,#1117,.F.);
#603=ORIENTED_EDGE('',*,*,#1116,.F.);
#604=ORIENTED_EDGE('',*,*,#1105,.T.);
#605=ORIENTED_EDGE('',*,*,#1118,.T.);
#606=ORIENTED_EDGE('',*,*,#1119,.F.);
#607=ORIENTED_EDGE('',*,*,#1120,.F.);
#608=ORIENTED_EDGE('',*,*,#1118,.F.);
#609=ORIENTED_EDGE('',*,*,#1121,.T.);
#610=ORIENTED_EDGE('',*,*,#1112,.T.);
#611=ORIENTED_EDGE('',*,*,#1122,.F.);
#612=ORIENTED_EDGE('',*,*,#1111,.T.);
#613=ORIENTED_EDGE('',*,*,#1114,.T.);
#614=ORIENTED_EDGE('',*,*,#1115,.T.);
#615=ORIENTED_EDGE('',*,*,#1117,.T.);
#616=ORIENTED_EDGE('',*,*,#1119,.T.);
#617=ORIENTED_EDGE('',*,*,#1123,.F.);
#618=ORIENTED_EDGE('',*,*,#1124,.F.);
#619=ORIENTED_EDGE('',*,*,#1125,.F.);
#620=ORIENTED_EDGE('',*,*,#1126,.F.);
#621=ORIENTED_EDGE('',*,*,#1127,.F.);
#622=ORIENTED_EDGE('',*,*,#1128,.F.);
#623=ORIENTED_EDGE('',*,*,#1128,.T.);
#624=ORIENTED_EDGE('',*,*,#1127,.T.);
#625=ORIENTED_EDGE('',*,*,#1129,.F.);
#626=ORIENTED_EDGE('',*,*,#1109,.F.);
#627=ORIENTED_EDGE('',*,*,#1130,.T.);
#628=ORIENTED_EDGE('',*,*,#1126,.T.);
#629=ORIENTED_EDGE('',*,*,#1131,.F.);
#630=ORIENTED_EDGE('',*,*,#1110,.F.);
#631=ORIENTED_EDGE('',*,*,#1129,.T.);
#632=ORIENTED_EDGE('',*,*,#1125,.T.);
#633=ORIENTED_EDGE('',*,*,#1124,.T.);
#634=ORIENTED_EDGE('',*,*,#1132,.F.);
#635=ORIENTED_EDGE('',*,*,#1103,.F.);
#636=ORIENTED_EDGE('',*,*,#1131,.T.);
#637=ORIENTED_EDGE('',*,*,#1133,.T.);
#638=ORIENTED_EDGE('',*,*,#1130,.F.);
#639=ORIENTED_EDGE('',*,*,#1134,.F.);
#640=ORIENTED_EDGE('',*,*,#1132,.T.);
#641=ORIENTED_EDGE('',*,*,#1133,.F.);
#642=ORIENTED_EDGE('',*,*,#1135,.F.);
#643=ORIENTED_EDGE('',*,*,#1066,.F.);
#644=ORIENTED_EDGE('',*,*,#1136,.T.);
#645=ORIENTED_EDGE('',*,*,#1123,.T.);
#646=ORIENTED_EDGE('',*,*,#1137,.F.);
#647=ORIENTED_EDGE('',*,*,#1044,.F.);
#648=ORIENTED_EDGE('',*,*,#1135,.T.);
#649=ORIENTED_EDGE('',*,*,#1120,.T.);
#650=ORIENTED_EDGE('',*,*,#1138,.F.);
#651=ORIENTED_EDGE('',*,*,#1053,.T.);
#652=ORIENTED_EDGE('',*,*,#1137,.T.);
#653=ORIENTED_EDGE('',*,*,#1122,.T.);
#654=ORIENTED_EDGE('',*,*,#1136,.F.);
#655=ORIENTED_EDGE('',*,*,#1058,.F.);
#656=ORIENTED_EDGE('',*,*,#1138,.T.);
#657=ORIENTED_EDGE('',*,*,#1139,.F.);
#658=ORIENTED_EDGE('',*,*,#1140,.T.);
#659=ORIENTED_EDGE('',*,*,#1141,.F.);
#660=ORIENTED_EDGE('',*,*,#1142,.F.);
#661=ORIENTED_EDGE('',*,*,#1143,.T.);
#662=ORIENTED_EDGE('',*,*,#1144,.F.);
#663=ORIENTED_EDGE('',*,*,#1145,.F.);
#664=ORIENTED_EDGE('',*,*,#1146,.F.);
#665=ORIENTED_EDGE('',*,*,#1147,.T.);
#666=ORIENTED_EDGE('',*,*,#1148,.F.);
#667=ORIENTED_EDGE('',*,*,#1139,.T.);
#668=ORIENTED_EDGE('',*,*,#1149,.F.);
#669=ORIENTED_EDGE('',*,*,#1150,.F.);
#670=ORIENTED_EDGE('',*,*,#1151,.T.);
#671=ORIENTED_EDGE('',*,*,#1152,.T.);
#672=ORIENTED_EDGE('',*,*,#1153,.T.);
#673=ORIENTED_EDGE('',*,*,#1154,.F.);
#674=ORIENTED_EDGE('',*,*,#1151,.F.);
#675=ORIENTED_EDGE('',*,*,#1155,.T.);
#676=ORIENTED_EDGE('',*,*,#1156,.F.);
#677=ORIENTED_EDGE('',*,*,#1157,.F.);
#678=ORIENTED_EDGE('',*,*,#1009,.F.);
#679=ORIENTED_EDGE('',*,*,#1008,.F.);
#680=ORIENTED_EDGE('',*,*,#1158,.T.);
#681=ORIENTED_EDGE('',*,*,#1152,.F.);
#682=ORIENTED_EDGE('',*,*,#1154,.T.);
#683=ORIENTED_EDGE('',*,*,#1159,.T.);
#684=ORIENTED_EDGE('',*,*,#1160,.F.);
#685=ORIENTED_EDGE('',*,*,#1161,.T.);
#686=ORIENTED_EDGE('',*,*,#1153,.F.);
#687=ORIENTED_EDGE('',*,*,#1158,.F.);
#688=ORIENTED_EDGE('',*,*,#1007,.F.);
#689=ORIENTED_EDGE('',*,*,#1006,.F.);
#690=ORIENTED_EDGE('',*,*,#1162,.F.);
#691=ORIENTED_EDGE('',*,*,#1163,.F.);
#692=ORIENTED_EDGE('',*,*,#1159,.F.);
#693=ORIENTED_EDGE('',*,*,#1162,.T.);
#694=ORIENTED_EDGE('',*,*,#1005,.F.);
#695=ORIENTED_EDGE('',*,*,#1164,.T.);
#696=ORIENTED_EDGE('',*,*,#1165,.T.);
#697=ORIENTED_EDGE('',*,*,#1166,.T.);
#698=ORIENTED_EDGE('',*,*,#1167,.F.);
#699=ORIENTED_EDGE('',*,*,#1164,.F.);
#700=ORIENTED_EDGE('',*,*,#1004,.F.);
#701=ORIENTED_EDGE('',*,*,#1168,.F.);
#702=ORIENTED_EDGE('',*,*,#1169,.T.);
#703=ORIENTED_EDGE('',*,*,#1168,.T.);
#704=ORIENTED_EDGE('',*,*,#1003,.F.);
#705=ORIENTED_EDGE('',*,*,#1170,.T.);
#706=ORIENTED_EDGE('',*,*,#1171,.F.);
#707=ORIENTED_EDGE('',*,*,#1001,.T.);
#708=ORIENTED_EDGE('',*,*,#1172,.F.);
#709=ORIENTED_EDGE('',*,*,#1173,.T.);
#710=ORIENTED_EDGE('',*,*,#1038,.F.);
#711=ORIENTED_EDGE('',*,*,#1174,.F.);
#712=ORIENTED_EDGE('',*,*,#1166,.F.);
#713=ORIENTED_EDGE('',*,*,#1169,.F.);
#714=ORIENTED_EDGE('',*,*,#1002,.T.);
#715=ORIENTED_EDGE('',*,*,#1171,.T.);
#716=ORIENTED_EDGE('',*,*,#1163,.T.);
#717=ORIENTED_EDGE('',*,*,#1165,.F.);
#718=ORIENTED_EDGE('',*,*,#1167,.T.);
#719=ORIENTED_EDGE('',*,*,#1174,.T.);
#720=ORIENTED_EDGE('',*,*,#1037,.T.);
#721=ORIENTED_EDGE('',*,*,#1175,.F.);
#722=ORIENTED_EDGE('',*,*,#1160,.T.);
#723=ORIENTED_EDGE('',*,*,#1052,.F.);
#724=ORIENTED_EDGE('',*,*,#1176,.T.);
#725=ORIENTED_EDGE('',*,*,#1146,.T.);
#726=ORIENTED_EDGE('',*,*,#1177,.F.);
#727=ORIENTED_EDGE('',*,*,#1178,.F.);
#728=ORIENTED_EDGE('',*,*,#1034,.T.);
#729=ORIENTED_EDGE('',*,*,#1179,.F.);
#730=ORIENTED_EDGE('',*,*,#1147,.F.);
#731=ORIENTED_EDGE('',*,*,#1176,.F.);
#732=ORIENTED_EDGE('',*,*,#1051,.F.);
#733=ORIENTED_EDGE('',*,*,#1148,.T.);
#734=ORIENTED_EDGE('',*,*,#1179,.T.);
#735=ORIENTED_EDGE('',*,*,#1050,.F.);
#736=ORIENTED_EDGE('',*,*,#1180,.F.);
#737=ORIENTED_EDGE('',*,*,#1140,.F.);
#738=ORIENTED_EDGE('',*,*,#1180,.T.);
#739=ORIENTED_EDGE('',*,*,#1049,.F.);
#740=ORIENTED_EDGE('',*,*,#1181,.F.);
#741=ORIENTED_EDGE('',*,*,#1141,.T.);
#742=ORIENTED_EDGE('',*,*,#1181,.T.);
#743=ORIENTED_EDGE('',*,*,#1048,.F.);
#744=ORIENTED_EDGE('',*,*,#1182,.T.);
#745=ORIENTED_EDGE('',*,*,#1149,.T.);
#746=ORIENTED_EDGE('',*,*,#1142,.T.);
#747=ORIENTED_EDGE('',*,*,#1183,.T.);
#748=ORIENTED_EDGE('',*,*,#1143,.F.);
#749=ORIENTED_EDGE('',*,*,#1182,.F.);
#750=ORIENTED_EDGE('',*,*,#1047,.F.);
#751=ORIENTED_EDGE('',*,*,#1184,.F.);
#752=ORIENTED_EDGE('',*,*,#1144,.T.);
#753=ORIENTED_EDGE('',*,*,#1183,.F.);
#754=ORIENTED_EDGE('',*,*,#1046,.F.);
#755=ORIENTED_EDGE('',*,*,#1057,.F.);
#756=ORIENTED_EDGE('',*,*,#1185,.F.);
#757=ORIENTED_EDGE('',*,*,#1145,.T.);
#758=ORIENTED_EDGE('',*,*,#1184,.T.);
#759=ORIENTED_EDGE('',*,*,#1185,.T.);
#760=ORIENTED_EDGE('',*,*,#1056,.T.);
#761=ORIENTED_EDGE('',*,*,#1186,.T.);
#762=ORIENTED_EDGE('',*,*,#1035,.F.);
#763=ORIENTED_EDGE('',*,*,#1178,.T.);
#764=ORIENTED_EDGE('',*,*,#1177,.T.);
#765=ORIENTED_EDGE('',*,*,#1186,.F.);
#766=ORIENTED_EDGE('',*,*,#1055,.T.);
#767=ORIENTED_EDGE('',*,*,#1187,.T.);
#768=ORIENTED_EDGE('',*,*,#1155,.F.);
#769=ORIENTED_EDGE('',*,*,#1150,.T.);
#770=ORIENTED_EDGE('',*,*,#1161,.F.);
#771=ORIENTED_EDGE('',*,*,#1175,.T.);
#772=ORIENTED_EDGE('',*,*,#1036,.T.);
#773=ORIENTED_EDGE('',*,*,#1187,.F.);
#774=ORIENTED_EDGE('',*,*,#1054,.T.);
#775=ORIENTED_EDGE('',*,*,#1010,.T.);
#776=ORIENTED_EDGE('',*,*,#1157,.T.);
#777=ORIENTED_EDGE('',*,*,#1156,.T.);
#778=ORIENTED_EDGE('',*,*,#1027,.F.);
#779=ORIENTED_EDGE('',*,*,#1031,.T.);
#780=ORIENTED_EDGE('',*,*,#1064,.F.);
#781=ORIENTED_EDGE('',*,*,#998,.F.);
#782=ORIENTED_EDGE('',*,*,#1172,.T.);
#783=ORIENTED_EDGE('',*,*,#1000,.T.);
#784=ORIENTED_EDGE('',*,*,#1063,.F.);
#785=ORIENTED_EDGE('',*,*,#1188,.F.);
#786=ORIENTED_EDGE('',*,*,#1024,.T.);
#787=ORIENTED_EDGE('',*,*,#1039,.F.);
#788=ORIENTED_EDGE('',*,*,#1173,.F.);
#789=ORIENTED_EDGE('',*,*,#1170,.F.);
#790=ORIENTED_EDGE('',*,*,#1188,.T.);
#791=ORIENTED_EDGE('',*,*,#1062,.T.);
#792=ORIENTED_EDGE('',*,*,#1189,.F.);
#793=ORIENTED_EDGE('',*,*,#1190,.F.);
#794=ORIENTED_EDGE('',*,*,#1191,.F.);
#795=ORIENTED_EDGE('',*,*,#1192,.F.);
#796=ORIENTED_EDGE('',*,*,#1193,.T.);
#797=ORIENTED_EDGE('',*,*,#1194,.T.);
#798=ORIENTED_EDGE('',*,*,#1195,.T.);
#799=ORIENTED_EDGE('',*,*,#1196,.T.);
#800=ORIENTED_EDGE('',*,*,#1197,.F.);
#801=ORIENTED_EDGE('',*,*,#1192,.T.);
#802=ORIENTED_EDGE('',*,*,#1198,.T.);
#803=ORIENTED_EDGE('',*,*,#1199,.F.);
#804=ORIENTED_EDGE('',*,*,#1200,.F.);
#805=ORIENTED_EDGE('',*,*,#1201,.T.);
#806=ORIENTED_EDGE('',*,*,#1202,.T.);
#807=ORIENTED_EDGE('',*,*,#1203,.T.);
#808=ORIENTED_EDGE('',*,*,#1204,.F.);
#809=ORIENTED_EDGE('',*,*,#1205,.F.);
#810=ORIENTED_EDGE('',*,*,#1206,.F.);
#811=ORIENTED_EDGE('',*,*,#1207,.F.);
#812=ORIENTED_EDGE('',*,*,#1208,.F.);
#813=ORIENTED_EDGE('',*,*,#1189,.T.);
#814=ORIENTED_EDGE('',*,*,#1197,.T.);
#815=ORIENTED_EDGE('',*,*,#1203,.F.);
#816=ORIENTED_EDGE('',*,*,#1198,.F.);
#817=ORIENTED_EDGE('',*,*,#1191,.T.);
#818=ORIENTED_EDGE('',*,*,#1209,.T.);
#819=ORIENTED_EDGE('',*,*,#1201,.F.);
#820=ORIENTED_EDGE('',*,*,#1209,.F.);
#821=ORIENTED_EDGE('',*,*,#1190,.T.);
#822=ORIENTED_EDGE('',*,*,#1208,.T.);
#823=ORIENTED_EDGE('',*,*,#1202,.F.);
#824=ORIENTED_EDGE('',*,*,#1210,.T.);
#825=ORIENTED_EDGE('',*,*,#1211,.T.);
#826=ORIENTED_EDGE('',*,*,#1212,.F.);
#827=ORIENTED_EDGE('',*,*,#1195,.F.);
#828=ORIENTED_EDGE('',*,*,#1213,.T.);
#829=ORIENTED_EDGE('',*,*,#1205,.T.);
#830=ORIENTED_EDGE('',*,*,#1210,.F.);
#831=ORIENTED_EDGE('',*,*,#1194,.F.);
#832=ORIENTED_EDGE('',*,*,#1212,.T.);
#833=ORIENTED_EDGE('',*,*,#1207,.T.);
#834=ORIENTED_EDGE('',*,*,#1214,.F.);
#835=ORIENTED_EDGE('',*,*,#1196,.F.);
#836=ORIENTED_EDGE('',*,*,#1214,.T.);
#837=ORIENTED_EDGE('',*,*,#1206,.T.);
#838=ORIENTED_EDGE('',*,*,#1213,.F.);
#839=ORIENTED_EDGE('',*,*,#1193,.F.);
#840=ORIENTED_EDGE('',*,*,#1211,.F.);
#841=ORIENTED_EDGE('',*,*,#1215,.F.);
#842=ORIENTED_EDGE('',*,*,#1134,.T.);
#843=ORIENTED_EDGE('',*,*,#1216,.T.);
#844=ORIENTED_EDGE('',*,*,#1204,.T.);
#845=ORIENTED_EDGE('',*,*,#1217,.F.);
#846=ORIENTED_EDGE('',*,*,#1104,.F.);
#847=ORIENTED_EDGE('',*,*,#1215,.T.);
#848=ORIENTED_EDGE('',*,*,#1199,.T.);
#849=ORIENTED_EDGE('',*,*,#1218,.F.);
#850=ORIENTED_EDGE('',*,*,#1121,.F.);
#851=ORIENTED_EDGE('',*,*,#1217,.T.);
#852=ORIENTED_EDGE('',*,*,#1200,.T.);
#853=ORIENTED_EDGE('',*,*,#1216,.F.);
#854=ORIENTED_EDGE('',*,*,#1108,.F.);
#855=ORIENTED_EDGE('',*,*,#1218,.T.);
#856=VERTEX_POINT('',#2016);
#857=VERTEX_POINT('',#2017);
#858=VERTEX_POINT('',#2019);
#859=VERTEX_POINT('',#2021);
#860=VERTEX_POINT('',#2029);
#861=VERTEX_POINT('',#2043);
#862=VERTEX_POINT('',#2045);
#863=VERTEX_POINT('',#2047);
#864=VERTEX_POINT('',#2049);
#865=VERTEX_POINT('',#2051);
#866=VERTEX_POINT('',#2053);
#867=VERTEX_POINT('',#2055);
#868=VERTEX_POINT('',#2057);
#869=VERTEX_POINT('',#2059);
#870=VERTEX_POINT('',#2061);
#871=VERTEX_POINT('',#2063);
#872=VERTEX_POINT('',#2065);
#873=VERTEX_POINT('',#2067);
#874=VERTEX_POINT('',#2069);
#875=VERTEX_POINT('',#2071);
#876=VERTEX_POINT('',#2073);
#877=VERTEX_POINT('',#2075);
#878=VERTEX_POINT('',#2077);
#879=VERTEX_POINT('',#2079);
#880=VERTEX_POINT('',#2081);
#881=VERTEX_POINT('',#2083);
#882=VERTEX_POINT('',#2087);
#883=VERTEX_POINT('',#2088);
#884=VERTEX_POINT('',#2090);
#885=VERTEX_POINT('',#2092);
#886=VERTEX_POINT('',#2096);
#887=VERTEX_POINT('',#2098);
#888=VERTEX_POINT('',#2102);
#889=VERTEX_POINT('',#2103);
#890=VERTEX_POINT('',#2108);
#891=VERTEX_POINT('',#2109);
#892=VERTEX_POINT('',#2132);
#893=VERTEX_POINT('',#2134);
#894=VERTEX_POINT('',#2136);
#895=VERTEX_POINT('',#2138);
#896=VERTEX_POINT('',#2140);
#897=VERTEX_POINT('',#2144);
#898=VERTEX_POINT('',#2146);
#899=VERTEX_POINT('',#2148);
#900=VERTEX_POINT('',#2152);
#901=VERTEX_POINT('',#2153);
#902=VERTEX_POINT('',#2170);
#903=VERTEX_POINT('',#2172);
#904=VERTEX_POINT('',#2174);
#905=VERTEX_POINT('',#2176);
#906=VERTEX_POINT('',#2178);
#907=VERTEX_POINT('',#2180);
#908=VERTEX_POINT('',#2191);
#909=VERTEX_POINT('',#2193);
#910=VERTEX_POINT('',#2195);
#911=VERTEX_POINT('',#2219);
#912=VERTEX_POINT('',#2221);
#913=VERTEX_POINT('',#2223);
#914=VERTEX_POINT('',#2230);
#915=VERTEX_POINT('',#2355);
#916=VERTEX_POINT('',#2357);
#917=VERTEX_POINT('',#2360);
#918=VERTEX_POINT('',#2362);
#919=VERTEX_POINT('',#2368);
#920=VERTEX_POINT('',#2369);
#921=VERTEX_POINT('',#2371);
#922=VERTEX_POINT('',#2373);
#923=VERTEX_POINT('',#2377);
#924=VERTEX_POINT('',#2379);
#925=VERTEX_POINT('',#2383);
#926=VERTEX_POINT('',#2385);
#927=VERTEX_POINT('',#2389);
#928=VERTEX_POINT('',#2390);
#929=VERTEX_POINT('',#2392);
#930=VERTEX_POINT('',#2394);
#931=VERTEX_POINT('',#2398);
#932=VERTEX_POINT('',#2400);
#933=VERTEX_POINT('',#2404);
#934=VERTEX_POINT('',#2406);
#935=VERTEX_POINT('',#2426);
#936=VERTEX_POINT('',#2427);
#937=VERTEX_POINT('',#2429);
#938=VERTEX_POINT('',#2431);
#939=VERTEX_POINT('',#2433);
#940=VERTEX_POINT('',#2435);
#941=VERTEX_POINT('',#2437);
#942=VERTEX_POINT('',#2439);
#943=VERTEX_POINT('',#2446);
#944=VERTEX_POINT('',#2447);
#945=VERTEX_POINT('',#2450);
#946=VERTEX_POINT('',#2457);
#947=VERTEX_POINT('',#2464);
#948=VERTEX_POINT('',#2466);
#949=VERTEX_POINT('',#2476);
#950=VERTEX_POINT('',#2478);
#951=VERTEX_POINT('',#2483);
#952=VERTEX_POINT('',#2488);
#953=VERTEX_POINT('',#2490);
#954=VERTEX_POINT('',#2495);
#955=VERTEX_POINT('',#2520);
#956=VERTEX_POINT('',#2521);
#957=VERTEX_POINT('',#2523);
#958=VERTEX_POINT('',#2525);
#959=VERTEX_POINT('',#2529);
#960=VERTEX_POINT('',#2530);
#961=VERTEX_POINT('',#2541);
#962=VERTEX_POINT('',#2543);
#963=VERTEX_POINT('',#2552);
#964=VERTEX_POINT('',#2554);
#965=VERTEX_POINT('',#2612);
#966=VERTEX_POINT('',#2613);
#967=VERTEX_POINT('',#2615);
#968=VERTEX_POINT('',#2617);
#969=VERTEX_POINT('',#2622);
#970=VERTEX_POINT('',#2624);
#971=VERTEX_POINT('',#2630);
#972=VERTEX_POINT('',#2632);
#973=VERTEX_POINT('',#2636);
#974=VERTEX_POINT('',#2640);
#975=VERTEX_POINT('',#2644);
#976=VERTEX_POINT('',#2645);
#977=VERTEX_POINT('',#2658);
#978=VERTEX_POINT('',#2659);
#979=VERTEX_POINT('',#2872);
#980=VERTEX_POINT('',#3042);
#981=VERTEX_POINT('',#3703);
#982=VERTEX_POINT('',#3704);
#983=VERTEX_POINT('',#3706);
#984=VERTEX_POINT('',#3708);
#985=VERTEX_POINT('',#3711);
#986=VERTEX_POINT('',#3712);
#987=VERTEX_POINT('',#3714);
#988=VERTEX_POINT('',#3716);
#989=VERTEX_POINT('',#3720);
#990=VERTEX_POINT('',#3722);
#991=VERTEX_POINT('',#3726);
#992=VERTEX_POINT('',#3728);
#993=VERTEX_POINT('',#3730);
#994=VERTEX_POINT('',#3733);
#995=VERTEX_POINT('',#3735);
#996=VERTEX_POINT('',#3737);
#997=EDGE_CURVE('',#856,#857,#1219,.T.);
#998=EDGE_CURVE('',#856,#858,#1220,.T.);
#999=EDGE_CURVE('',#859,#858,#1221,.T.);
#1000=EDGE_CURVE('',#860,#859,#379,.T.);
#1001=EDGE_CURVE('',#861,#860,#380,.T.);
#1002=EDGE_CURVE('',#862,#861,#1222,.T.);
#1003=EDGE_CURVE('',#862,#863,#1223,.T.);
#1004=EDGE_CURVE('',#863,#864,#1224,.T.);
#1005=EDGE_CURVE('',#864,#865,#1225,.T.);
#1006=EDGE_CURVE('',#865,#866,#1226,.T.);
#1007=EDGE_CURVE('',#866,#867,#1227,.T.);
#1008=EDGE_CURVE('',#867,#868,#1228,.T.);
#1009=EDGE_CURVE('',#868,#869,#1229,.T.);
#1010=EDGE_CURVE('',#870,#869,#1230,.T.);
#1011=EDGE_CURVE('',#871,#870,#1231,.T.);
#1012=EDGE_CURVE('',#871,#872,#1232,.T.);
#1013=EDGE_CURVE('',#873,#872,#1233,.T.);
#1014=EDGE_CURVE('',#874,#873,#1234,.T.);
#1015=EDGE_CURVE('',#875,#874,#1235,.T.);
#1016=EDGE_CURVE('',#875,#876,#1236,.T.);
#1017=EDGE_CURVE('',#876,#877,#1237,.T.);
#1018=EDGE_CURVE('',#877,#878,#1238,.T.);
#1019=EDGE_CURVE('',#878,#879,#1239,.T.);
#1020=EDGE_CURVE('',#879,#880,#1240,.T.);
#1021=EDGE_CURVE('',#880,#881,#1241,.T.);
#1022=EDGE_CURVE('',#881,#857,#1242,.T.);
#1023=EDGE_CURVE('',#882,#883,#1243,.T.);
#1024=EDGE_CURVE('',#884,#882,#1244,.T.);
#1025=EDGE_CURVE('',#884,#885,#1245,.T.);
#1026=EDGE_CURVE('',#885,#883,#1246,.T.);
#1027=EDGE_CURVE('',#886,#856,#1247,.T.);
#1028=EDGE_CURVE('',#857,#887,#1248,.T.);
#1029=EDGE_CURVE('',#886,#887,#1249,.T.);
#1030=EDGE_CURVE('',#888,#889,#1250,.T.);
#1031=EDGE_CURVE('',#886,#888,#1251,.T.);
#1032=EDGE_CURVE('',#887,#889,#1252,.T.);
#1033=EDGE_CURVE('',#890,#891,#1253,.T.);
#1034=EDGE_CURVE('',#892,#890,#381,.T.);
#1035=EDGE_CURVE('',#892,#893,#1254,.T.);
#1036=EDGE_CURVE('',#894,#893,#1255,.T.);
#1037=EDGE_CURVE('',#895,#894,#1256,.T.);
#1038=EDGE_CURVE('',#895,#896,#1257,.T.);
#1039=EDGE_CURVE('',#896,#882,#67,.T.);
#1040=EDGE_CURVE('',#881,#883,#1258,.T.);
#1041=EDGE_CURVE('',#897,#880,#1259,.T.);
#1042=EDGE_CURVE('',#897,#898,#1260,.T.);
#1043=EDGE_CURVE('',#898,#899,#1261,.T.);
#1044=EDGE_CURVE('',#899,#891,#1262,.T.);
#1045=EDGE_CURVE('',#900,#901,#1263,.T.);
#1046=EDGE_CURVE('',#901,#902,#382,.T.);
#1047=EDGE_CURVE('',#902,#903,#1264,.T.);
#1048=EDGE_CURVE('',#903,#904,#1265,.T.);
#1049=EDGE_CURVE('',#904,#905,#1266,.T.);
#1050=EDGE_CURVE('',#905,#906,#1267,.T.);
#1051=EDGE_CURVE('',#906,#907,#1268,.T.);
#1052=EDGE_CURVE('',#907,#890,#383,.T.);
#1053=EDGE_CURVE('',#900,#891,#1269,.T.);
#1054=EDGE_CURVE('',#908,#870,#1270,.T.);
#1055=EDGE_CURVE('',#909,#908,#1271,.T.);
#1056=EDGE_CURVE('',#910,#909,#1272,.T.);
#1057=EDGE_CURVE('',#910,#901,#384,.T.);
#1058=EDGE_CURVE('',#900,#911,#1273,.T.);
#1059=EDGE_CURVE('',#912,#911,#1274,.T.);
#1060=EDGE_CURVE('',#913,#912,#1275,.T.);
#1061=EDGE_CURVE('',#913,#871,#1276,.T.);
#1062=EDGE_CURVE('',#914,#884,#385,.T.);
#1063=EDGE_CURVE('',#914,#859,#386,.T.);
#1064=EDGE_CURVE('',#858,#888,#387,.T.);
#1065=EDGE_CURVE('',#889,#885,#388,.T.);
#1066=EDGE_CURVE('',#911,#899,#1277,.T.);
#1067=EDGE_CURVE('',#912,#898,#1278,.T.);
#1068=EDGE_CURVE('',#897,#913,#1279,.T.);
#1069=EDGE_CURVE('',#915,#879,#1280,.T.);
#1070=EDGE_CURVE('',#915,#916,#1281,.T.);
#1071=EDGE_CURVE('',#916,#876,#1282,.T.);
#1072=EDGE_CURVE('',#917,#875,#1283,.T.);
#1073=EDGE_CURVE('',#918,#917,#1284,.T.);
#1074=EDGE_CURVE('',#918,#872,#1285,.T.);
#1075=EDGE_CURVE('',#919,#920,#1286,.T.);
#1076=EDGE_CURVE('',#919,#921,#1287,.T.);
#1077=EDGE_CURVE('',#921,#922,#1288,.T.);
#1078=EDGE_CURVE('',#920,#922,#1289,.T.);
#1079=EDGE_CURVE('',#923,#920,#1290,.T.);
#1080=EDGE_CURVE('',#924,#922,#1291,.T.);
#1081=EDGE_CURVE('',#924,#923,#1292,.T.);
#1082=EDGE_CURVE('',#925,#919,#1293,.T.);
#1083=EDGE_CURVE('',#926,#923,#1294,.T.);
#1084=EDGE_CURVE('',#925,#926,#1295,.T.);
#1085=EDGE_CURVE('',#927,#928,#1296,.T.);
#1086=EDGE_CURVE('',#929,#928,#1297,.T.);
#1087=EDGE_CURVE('',#930,#929,#1298,.T.);
#1088=EDGE_CURVE('',#927,#930,#1299,.T.);
#1089=EDGE_CURVE('',#931,#929,#1300,.T.);
#1090=EDGE_CURVE('',#932,#928,#1301,.T.);
#1091=EDGE_CURVE('',#932,#931,#1302,.T.);
#1092=EDGE_CURVE('',#933,#931,#1303,.T.);
#1093=EDGE_CURVE('',#933,#934,#1304,.T.);
#1094=EDGE_CURVE('',#930,#934,#1305,.T.);
#1095=EDGE_CURVE('',#917,#934,#1306,.T.);
#1096=EDGE_CURVE('',#918,#933,#1307,.T.);
#1097=EDGE_CURVE('',#915,#925,#1308,.T.);
#1098=EDGE_CURVE('',#916,#926,#1309,.T.);
#1099=EDGE_CURVE('',#878,#921,#1310,.T.);
#1100=EDGE_CURVE('',#877,#924,#1311,.T.);
#1101=EDGE_CURVE('',#874,#927,#1312,.T.);
#1102=EDGE_CURVE('',#932,#873,#1313,.T.);
#1103=EDGE_CURVE('',#935,#936,#68,.T.);
#1104=EDGE_CURVE('',#936,#937,#1314,.T.);
#1105=EDGE_CURVE('',#938,#937,#69,.T.);
#1106=EDGE_CURVE('',#939,#938,#1315,.T.);
#1107=EDGE_CURVE('',#940,#939,#70,.T.);
#1108=EDGE_CURVE('',#940,#941,#1316,.T.);
#1109=EDGE_CURVE('',#941,#942,#71,.T.);
#1110=EDGE_CURVE('',#942,#935,#1317,.T.);
#1111=EDGE_CURVE('',#943,#944,#389,.T.);
#1112=EDGE_CURVE('',#940,#943,#1318,.T.);
#1113=EDGE_CURVE('',#939,#945,#1319,.T.);
#1114=EDGE_CURVE('',#944,#945,#390,.T.);
#1115=EDGE_CURVE('',#945,#946,#1320,.T.);
#1116=EDGE_CURVE('',#938,#946,#1321,.T.);
#1117=EDGE_CURVE('',#946,#947,#391,.T.);
#1118=EDGE_CURVE('',#937,#948,#1322,.T.);
#1119=EDGE_CURVE('',#947,#948,#392,.T.);
#1120=EDGE_CURVE('',#948,#943,#1323,.T.);
#1121=EDGE_CURVE('',#937,#940,#1324,.T.);
#1122=EDGE_CURVE('',#943,#949,#1325,.T.);
#1123=EDGE_CURVE('',#950,#948,#1326,.T.);
#1124=EDGE_CURVE('',#951,#950,#393,.T.);
#1125=EDGE_CURVE('',#952,#951,#394,.T.);
#1126=EDGE_CURVE('',#953,#952,#1327,.T.);
#1127=EDGE_CURVE('',#954,#953,#395,.T.);
#1128=EDGE_CURVE('',#949,#954,#396,.T.);
#1129=EDGE_CURVE('',#942,#953,#1328,.T.);
#1130=EDGE_CURVE('',#941,#949,#1329,.T.);
#1131=EDGE_CURVE('',#935,#952,#1330,.T.);
#1132=EDGE_CURVE('',#936,#950,#1331,.T.);
#1133=EDGE_CURVE('',#950,#949,#1332,.T.);
#1134=EDGE_CURVE('',#936,#941,#1333,.T.);
#1135=EDGE_CURVE('',#899,#950,#1334,.T.);
#1136=EDGE_CURVE('',#911,#949,#1335,.T.);
#1137=EDGE_CURVE('',#891,#948,#1336,.T.);
#1138=EDGE_CURVE('',#900,#943,#1337,.T.);
#1139=EDGE_CURVE('',#955,#956,#1338,.T.);
#1140=EDGE_CURVE('',#955,#957,#1339,.T.);
#1141=EDGE_CURVE('',#958,#957,#1340,.T.);
#1142=EDGE_CURVE('',#956,#958,#1341,.T.);
#1143=EDGE_CURVE('',#959,#960,#1342,.T.);
#1144=EDGE_CURVE('',#961,#960,#397,.T.);
#1145=EDGE_CURVE('',#962,#961,#1343,.T.);
#1146=EDGE_CURVE('',#963,#962,#398,.T.);
#1147=EDGE_CURVE('',#963,#964,#1344,.T.);
#1148=EDGE_CURVE('',#955,#964,#399,.T.);
#1149=EDGE_CURVE('',#959,#956,#400,.T.);
#1150=EDGE_CURVE('',#965,#966,#1345,.T.);
#1151=EDGE_CURVE('',#965,#967,#1346,.T.);
#1152=EDGE_CURVE('',#967,#968,#1347,.T.);
#1153=EDGE_CURVE('',#968,#966,#1348,.T.);
#1154=EDGE_CURVE('',#967,#868,#1349,.T.);
#1155=EDGE_CURVE('',#965,#969,#1350,.T.);
#1156=EDGE_CURVE('',#970,#969,#1351,.T.);
#1157=EDGE_CURVE('',#869,#970,#1352,.T.);
#1158=EDGE_CURVE('',#867,#968,#1353,.T.);
#1159=EDGE_CURVE('',#866,#971,#1354,.T.);
#1160=EDGE_CURVE('',#972,#971,#1355,.T.);
#1161=EDGE_CURVE('',#972,#966,#1356,.T.);
#1162=EDGE_CURVE('',#973,#865,#1357,.T.);
#1163=EDGE_CURVE('',#971,#973,#1358,.T.);
#1164=EDGE_CURVE('',#864,#974,#1359,.T.);
#1165=EDGE_CURVE('',#974,#973,#1360,.T.);
#1166=EDGE_CURVE('',#975,#976,#1361,.T.);
#1167=EDGE_CURVE('',#974,#976,#1362,.T.);
#1168=EDGE_CURVE('',#975,#863,#1363,.T.);
#1169=EDGE_CURVE('',#862,#975,#1364,.T.);
#1170=EDGE_CURVE('',#977,#978,#402,.T.);
#1171=EDGE_CURVE('',#861,#978,#1365,.T.);
#1172=EDGE_CURVE('',#977,#860,#49,.T.);
#1173=EDGE_CURVE('',#978,#896,#1366,.T.);
#1174=EDGE_CURVE('',#976,#895,#1367,.T.);
#1175=EDGE_CURVE('',#972,#894,#1368,.T.);
#1176=EDGE_CURVE('',#907,#963,#403,.T.);
#1177=EDGE_CURVE('',#979,#962,#404,.T.);
#1178=EDGE_CURVE('',#892,#979,#1369,.T.);
#1179=EDGE_CURVE('',#964,#906,#405,.T.);
#1180=EDGE_CURVE('',#957,#905,#1370,.T.);
#1181=EDGE_CURVE('',#958,#904,#1371,.T.);
#1182=EDGE_CURVE('',#903,#959,#407,.T.);
#1183=EDGE_CURVE('',#902,#960,#408,.T.);
#1184=EDGE_CURVE('',#961,#980,#410,.T.);
#1185=EDGE_CURVE('',#980,#910,#411,.T.);
#1186=EDGE_CURVE('',#909,#893,#1372,.T.);
#1187=EDGE_CURVE('',#908,#969,#1373,.T.);
#1188=EDGE_CURVE('',#977,#914,#50,.T.);
#1189=EDGE_CURVE('',#981,#982,#44,.T.);
#1190=EDGE_CURVE('',#983,#981,#1374,.T.);
#1191=EDGE_CURVE('',#984,#983,#45,.T.);
#1192=EDGE_CURVE('',#982,#984,#1375,.T.);
#1193=EDGE_CURVE('',#985,#986,#1376,.T.);
#1194=EDGE_CURVE('',#986,#987,#46,.T.);
#1195=EDGE_CURVE('',#987,#988,#1377,.T.);
#1196=EDGE_CURVE('',#988,#985,#47,.T.);
#1197=EDGE_CURVE('',#982,#989,#1378,.T.);
#1198=EDGE_CURVE('',#984,#990,#1379,.T.);
#1199=EDGE_CURVE('',#989,#990,#1380,.T.);
#1200=EDGE_CURVE('',#990,#991,#1381,.T.);
#1201=EDGE_CURVE('',#990,#992,#72,.T.);
#1202=EDGE_CURVE('',#992,#993,#1382,.T.);
#1203=EDGE_CURVE('',#993,#989,#73,.T.);
#1204=EDGE_CURVE('',#994,#989,#1383,.T.);
#1205=EDGE_CURVE('',#995,#994,#74,.T.);
#1206=EDGE_CURVE('',#996,#995,#1384,.T.);
#1207=EDGE_CURVE('',#991,#996,#75,.T.);
#1208=EDGE_CURVE('',#981,#993,#1385,.T.);
#1209=EDGE_CURVE('',#983,#992,#1386,.T.);
#1210=EDGE_CURVE('',#987,#994,#1387,.T.);
#1211=EDGE_CURVE('',#994,#991,#1388,.T.);
#1212=EDGE_CURVE('',#988,#991,#1389,.T.);
#1213=EDGE_CURVE('',#986,#995,#1390,.T.);
#1214=EDGE_CURVE('',#985,#996,#1391,.T.);
#1215=EDGE_CURVE('',#936,#994,#1392,.T.);
#1216=EDGE_CURVE('',#941,#991,#1393,.T.);
#1217=EDGE_CURVE('',#937,#989,#1394,.T.);
#1218=EDGE_CURVE('',#940,#990,#1395,.T.);
#1219=LINE('',#2015,#1396);
#1220=LINE('',#2018,#1397);
#1221=LINE('',#2020,#1398);
#1222=LINE('',#2044,#1399);
#1223=LINE('',#2046,#1400);
#1224=LINE('',#2048,#1401);
#1225=LINE('',#2050,#1402);
#1226=LINE('',#2052,#1403);
#1227=LINE('',#2054,#1404);
#1228=LINE('',#2056,#1405);
#1229=LINE('',#2058,#1406);
#1230=LINE('',#2060,#1407);
#1231=LINE('',#2062,#1408);
#1232=LINE('',#2064,#1409);
#1233=LINE('',#2066,#1410);
#1234=LINE('',#2068,#1411);
#1235=LINE('',#2070,#1412);
#1236=LINE('',#2072,#1413);
#1237=LINE('',#2074,#1414);
#1238=LINE('',#2076,#1415);
#1239=LINE('',#2078,#1416);
#1240=LINE('',#2080,#1417);
#1241=LINE('',#2082,#1418);
#1242=LINE('',#2084,#1419);
#1243=LINE('',#2086,#1420);
#1244=LINE('',#2089,#1421);
#1245=LINE('',#2091,#1422);
#1246=LINE('',#2093,#1423);
#1247=LINE('',#2095,#1424);
#1248=LINE('',#2097,#1425);
#1249=LINE('',#2099,#1426);
#1250=LINE('',#2101,#1427);
#1251=LINE('',#2104,#1428);
#1252=LINE('',#2105,#1429);
#1253=LINE('',#2107,#1430);
#1254=LINE('',#2133,#1431);
#1255=LINE('',#2135,#1432);
#1256=LINE('',#2137,#1433);
#1257=LINE('',#2139,#1434);
#1258=LINE('',#2142,#1435);
#1259=LINE('',#2143,#1436);
#1260=LINE('',#2145,#1437);
#1261=LINE('',#2147,#1438);
#1262=LINE('',#2149,#1439);
#1263=LINE('',#2151,#1440);
#1264=LINE('',#2171,#1441);
#1265=LINE('',#2173,#1442);
#1266=LINE('',#2175,#1443);
#1267=LINE('',#2177,#1444);
#1268=LINE('',#2179,#1445);
#1269=LINE('',#2188,#1446);
#1270=LINE('',#2190,#1447);
#1271=LINE('',#2192,#1448);
#1272=LINE('',#2194,#1449);
#1273=LINE('',#2218,#1450);
#1274=LINE('',#2220,#1451);
#1275=LINE('',#2222,#1452);
#1276=LINE('',#2224,#1453);
#1277=LINE('',#2350,#1454);
#1278=LINE('',#2351,#1455);
#1279=LINE('',#2353,#1456);
#1280=LINE('',#2354,#1457);
#1281=LINE('',#2356,#1458);
#1282=LINE('',#2358,#1459);
#1283=LINE('',#2359,#1460);
#1284=LINE('',#2361,#1461);
#1285=LINE('',#2363,#1462);
#1286=LINE('',#2367,#1463);
#1287=LINE('',#2370,#1464);
#1288=LINE('',#2372,#1465);
#1289=LINE('',#2374,#1466);
#1290=LINE('',#2376,#1467);
#1291=LINE('',#2378,#1468);
#1292=LINE('',#2380,#1469);
#1293=LINE('',#2382,#1470);
#1294=LINE('',#2384,#1471);
#1295=LINE('',#2386,#1472);
#1296=LINE('',#2388,#1473);
#1297=LINE('',#2391,#1474);
#1298=LINE('',#2393,#1475);
#1299=LINE('',#2395,#1476);
#1300=LINE('',#2397,#1477);
#1301=LINE('',#2399,#1478);
#1302=LINE('',#2401,#1479);
#1303=LINE('',#2403,#1480);
#1304=LINE('',#2405,#1481);
#1305=LINE('',#2407,#1482);
#1306=LINE('',#2409,#1483);
#1307=LINE('',#2410,#1484);
#1308=LINE('',#2412,#1485);
#1309=LINE('',#2413,#1486);
#1310=LINE('',#2415,#1487);
#1311=LINE('',#2417,#1488);
#1312=LINE('',#2420,#1489);
#1313=LINE('',#2422,#1490);
#1314=LINE('',#2428,#1491);
#1315=LINE('',#2432,#1492);
#1316=LINE('',#2436,#1493);
#1317=LINE('',#2440,#1494);
#1318=LINE('',#2448,#1495);
#1319=LINE('',#2449,#1496);
#1320=LINE('',#2456,#1497);
#1321=LINE('',#2458,#1498);
#1322=LINE('',#2465,#1499);
#1323=LINE('',#2472,#1500);
#1324=LINE('',#2473,#1501);
#1325=LINE('',#2475,#1502);
#1326=LINE('',#2477,#1503);
#1327=LINE('',#2489,#1504);
#1328=LINE('',#2501,#1505);
#1329=LINE('',#2502,#1506);
#1330=LINE('',#2504,#1507);
#1331=LINE('',#2506,#1508);
#1332=LINE('',#2508,#1509);
#1333=LINE('',#2509,#1510);
#1334=LINE('',#2511,#1511);
#1335=LINE('',#2512,#1512);
#1336=LINE('',#2514,#1513);
#1337=LINE('',#2516,#1514);
#1338=LINE('',#2519,#1515);
#1339=LINE('',#2522,#1516);
#1340=LINE('',#2524,#1517);
#1341=LINE('',#2526,#1518);
#1342=LINE('',#2528,#1519);
#1343=LINE('',#2542,#1520);
#1344=LINE('',#2553,#1521);
#1345=LINE('',#2611,#1523);
#1346=LINE('',#2614,#1524);
#1347=LINE('',#2616,#1525);
#1348=LINE('',#2618,#1526);
#1349=LINE('',#2620,#1527);
#1350=LINE('',#2621,#1528);
#1351=LINE('',#2623,#1529);
#1352=LINE('',#2625,#1530);
#1353=LINE('',#2627,#1531);
#1354=LINE('',#2629,#1532);
#1355=LINE('',#2631,#1533);
#1356=LINE('',#2633,#1534);
#1357=LINE('',#2635,#1535);
#1358=LINE('',#2637,#1536);
#1359=LINE('',#2639,#1537);
#1360=LINE('',#2641,#1538);
#1361=LINE('',#2643,#1539);
#1362=LINE('',#2646,#1540);
#1363=LINE('',#2647,#1541);
#1364=LINE('',#2649,#1542);
#1365=LINE('',#2660,#1543);
#1366=LINE('',#2861,#1544);
#1367=LINE('',#2862,#1545);
#1368=LINE('',#2864,#1546);
#1369=LINE('',#2873,#1547);
#1370=LINE('',#2999,#1549);
#1371=LINE('',#3001,#1550);
#1372=LINE('',#3211,#1552);
#1373=LINE('',#3213,#1553);
#1374=LINE('',#3705,#1554);
#1375=LINE('',#3709,#1555);
#1376=LINE('',#3710,#1556);
#1377=LINE('',#3715,#1557);
#1378=LINE('',#3719,#1558);
#1379=LINE('',#3721,#1559);
#1380=LINE('',#3723,#1560);
#1381=LINE('',#3725,#1561);
#1382=LINE('',#3729,#1562);
#1383=LINE('',#3732,#1563);
#1384=LINE('',#3736,#1564);
#1385=LINE('',#3740,#1565);
#1386=LINE('',#3742,#1566);
#1387=LINE('',#3745,#1567);
#1388=LINE('',#3746,#1568);
#1389=LINE('',#3747,#1569);
#1390=LINE('',#3749,#1570);
#1391=LINE('',#3751,#1571);
#1392=LINE('',#3754,#1572);
#1393=LINE('',#3755,#1573);
#1394=LINE('',#3757,#1574);
#1395=LINE('',#3759,#1575);
#1396=VECTOR('',#1664,1.);
#1397=VECTOR('',#1665,1.);
#1398=VECTOR('',#1666,1.);
#1399=VECTOR('',#1667,1.);
#1400=VECTOR('',#1668,1.);
#1401=VECTOR('',#1669,1.);
#1402=VECTOR('',#1670,1.);
#1403=VECTOR('',#1671,1.);
#1404=VECTOR('',#1672,1.);
#1405=VECTOR('',#1673,1.);
#1406=VECTOR('',#1674,1.);
#1407=VECTOR('',#1675,1.);
#1408=VECTOR('',#1676,1.);
#1409=VECTOR('',#1677,1.);
#1410=VECTOR('',#1678,1.);
#1411=VECTOR('',#1679,1.);
#1412=VECTOR('',#1680,1.);
#1413=VECTOR('',#1681,1.);
#1414=VECTOR('',#1682,1.);
#1415=VECTOR('',#1683,1.);
#1416=VECTOR('',#1684,1.);
#1417=VECTOR('',#1685,1.);
#1418=VECTOR('',#1686,1.);
#1419=VECTOR('',#1687,1.);
#1420=VECTOR('',#1690,1.);
#1421=VECTOR('',#1691,1.);
#1422=VECTOR('',#1692,1.);
#1423=VECTOR('',#1693,1.);
#1424=VECTOR('',#1696,1.);
#1425=VECTOR('',#1697,1.);
#1426=VECTOR('',#1698,1.);
#1427=VECTOR('',#1701,1.);
#1428=VECTOR('',#1702,1.);
#1429=VECTOR('',#1703,1.);
#1430=VECTOR('',#1706,1.);
#1431=VECTOR('',#1707,1.);
#1432=VECTOR('',#1708,1.);
#1433=VECTOR('',#1709,1.);
#1434=VECTOR('',#1710,1.);
#1435=VECTOR('',#1713,1.);
#1436=VECTOR('',#1714,1.);
#1437=VECTOR('',#1715,1.);
#1438=VECTOR('',#1716,1.);
#1439=VECTOR('',#1717,1.);
#1440=VECTOR('',#1720,1.);
#1441=VECTOR('',#1721,1.);
#1442=VECTOR('',#1722,1.);
#1443=VECTOR('',#1723,1.);
#1444=VECTOR('',#1724,1.);
#1445=VECTOR('',#1725,1.);
#1446=VECTOR('',#1726,1.);
#1447=VECTOR('',#1729,1.);
#1448=VECTOR('',#1730,1.);
#1449=VECTOR('',#1731,1.);
#1450=VECTOR('',#1732,1.);
#1451=VECTOR('',#1733,1.);
#1452=VECTOR('',#1734,1.);
#1453=VECTOR('',#1735,1.);
#1454=VECTOR('',#1738,1.);
#1455=VECTOR('',#1739,1.);
#1456=VECTOR('',#1742,1.);
#1457=VECTOR('',#1743,1.);
#1458=VECTOR('',#1744,1.);
#1459=VECTOR('',#1745,1.);
#1460=VECTOR('',#1746,1.);
#1461=VECTOR('',#1747,1.);
#1462=VECTOR('',#1748,1.);
#1463=VECTOR('',#1755,1.);
#1464=VECTOR('',#1756,1.);
#1465=VECTOR('',#1757,1.);
#1466=VECTOR('',#1758,1.);
#1467=VECTOR('',#1761,1.);
#1468=VECTOR('',#1762,1.);
#1469=VECTOR('',#1763,1.);
#1470=VECTOR('',#1766,1.);
#1471=VECTOR('',#1767,1.);
#1472=VECTOR('',#1768,1.);
#1473=VECTOR('',#1771,1.);
#1474=VECTOR('',#1772,1.);
#1475=VECTOR('',#1773,1.);
#1476=VECTOR('',#1774,1.);
#1477=VECTOR('',#1777,1.);
#1478=VECTOR('',#1778,1.);
#1479=VECTOR('',#1779,1.);
#1480=VECTOR('',#1782,1.);
#1481=VECTOR('',#1783,1.);
#1482=VECTOR('',#1784,1.);
#1483=VECTOR('',#1787,1.);
#1484=VECTOR('',#1788,1.);
#1485=VECTOR('',#1791,1.);
#1486=VECTOR('',#1792,1.);
#1487=VECTOR('',#1795,1.);
#1488=VECTOR('',#1798,1.);
#1489=VECTOR('',#1803,1.);
#1490=VECTOR('',#1806,1.);
#1491=VECTOR('',#1813,1.);
#1492=VECTOR('',#1816,1.);
#1493=VECTOR('',#1819,1.);
#1494=VECTOR('',#1822,1.);
#1495=VECTOR('',#1825,1.);
#1496=VECTOR('',#1826,1.);
#1497=VECTOR('',#1829,1.);
#1498=VECTOR('',#1830,1.);
#1499=VECTOR('',#1833,1.);
#1500=VECTOR('',#1836,1.);
#1501=VECTOR('',#1837,1.);
#1502=VECTOR('',#1840,1.);
#1503=VECTOR('',#1841,1.);
#1504=VECTOR('',#1842,1.);
#1505=VECTOR('',#1845,1.);
#1506=VECTOR('',#1846,1.);
#1507=VECTOR('',#1849,1.);
#1508=VECTOR('',#1852,1.);
#1509=VECTOR('',#1855,1.);
#1510=VECTOR('',#1856,1.);
#1511=VECTOR('',#1859,1.);
#1512=VECTOR('',#1860,1.);
#1513=VECTOR('',#1863,1.);
#1514=VECTOR('',#1866,1.);
#1515=VECTOR('',#1871,1.);
#1516=VECTOR('',#1872,1.);
#1517=VECTOR('',#1873,1.);
#1518=VECTOR('',#1874,1.);
#1519=VECTOR('',#1877,1.);
#1520=VECTOR('',#1878,1.);
#1521=VECTOR('',#1879,1.);
#1522=VECTOR('',#1880,1.);
#1523=VECTOR('',#1881,1.);
#1524=VECTOR('',#1882,1.);
#1525=VECTOR('',#1883,1.);
#1526=VECTOR('',#1884,1.);
#1527=VECTOR('',#1887,1.);
#1528=VECTOR('',#1888,1.);
#1529=VECTOR('',#1889,1.);
#1530=VECTOR('',#1890,1.);
#1531=VECTOR('',#1893,1.);
#1532=VECTOR('',#1896,1.);
#1533=VECTOR('',#1897,1.);
#1534=VECTOR('',#1898,1.);
#1535=VECTOR('',#1901,1.);
#1536=VECTOR('',#1902,1.);
#1537=VECTOR('',#1905,1.);
#1538=VECTOR('',#1906,1.);
#1539=VECTOR('',#1909,1.);
#1540=VECTOR('',#1910,1.);
#1541=VECTOR('',#1911,1.);
#1542=VECTOR('',#1914,1.);
#1543=VECTOR('',#1917,1.);
#1544=VECTOR('',#1918,1.);
#1545=VECTOR('',#1919,1.);
#1546=VECTOR('',#1922,1.);
#1547=VECTOR('',#1925,1.);
#1548=VECTOR('',#1926,1.);
#1549=VECTOR('',#1927,1.);
#1550=VECTOR('',#1930,1.);
#1551=VECTOR('',#1935,1.);
#1552=VECTOR('',#1936,1.);
#1553=VECTOR('',#1939,1.);
#1554=VECTOR('',#1950,1.);
#1555=VECTOR('',#1953,1.);
#1556=VECTOR('',#1954,1.);
#1557=VECTOR('',#1957,1.);
#1558=VECTOR('',#1962,1.);
#1559=VECTOR('',#1963,1.);
#1560=VECTOR('',#1964,1.);
#1561=VECTOR('',#1967,1.);
#1562=VECTOR('',#1970,1.);
#1563=VECTOR('',#1973,1.);
#1564=VECTOR('',#1976,1.);
#1565=VECTOR('',#1981,1.);
#1566=VECTOR('',#1984,1.);
#1567=VECTOR('',#1989,1.);
#1568=VECTOR('',#1990,1.);
#1569=VECTOR('',#1991,1.);
#1570=VECTOR('',#1994,1.);
#1571=VECTOR('',#1997,1.);
#1572=VECTOR('',#2002,1.);
#1573=VECTOR('',#2003,1.);
#1574=VECTOR('',#2006,1.);
#1575=VECTOR('',#2009,1.);
#1576=AXIS2_PLACEMENT_3D('',#2014,#1662,#1663);
#1577=AXIS2_PLACEMENT_3D('',#2085,#1688,#1689);
#1578=AXIS2_PLACEMENT_3D('',#2094,#1694,#1695);
#1579=AXIS2_PLACEMENT_3D('',#2100,#1699,#1700);
#1580=AXIS2_PLACEMENT_3D('',#2106,#1704,#1705);
#1581=AXIS2_PLACEMENT_3D('',#2141,#1711,#1712);
#1582=AXIS2_PLACEMENT_3D('',#2150,#1718,#1719);
#1583=AXIS2_PLACEMENT_3D('',#2189,#1727,#1728);
#1584=AXIS2_PLACEMENT_3D('',#2225,#1736,#1737);
#1585=AXIS2_PLACEMENT_3D('',#2352,#1740,#1741);
#1586=AXIS2_PLACEMENT_3D('',#2364,#1749,#1750);
#1587=AXIS2_PLACEMENT_3D('',#2365,#1751,#1752);
#1588=AXIS2_PLACEMENT_3D('',#2366,#1753,#1754);
#1589=AXIS2_PLACEMENT_3D('',#2375,#1759,#1760);
#1590=AXIS2_PLACEMENT_3D('',#2381,#1764,#1765);
#1591=AXIS2_PLACEMENT_3D('',#2387,#1769,#1770);
#1592=AXIS2_PLACEMENT_3D('',#2396,#1775,#1776);
#1593=AXIS2_PLACEMENT_3D('',#2402,#1780,#1781);
#1594=AXIS2_PLACEMENT_3D('',#2408,#1785,#1786);
#1595=AXIS2_PLACEMENT_3D('',#2411,#1789,#1790);
#1596=AXIS2_PLACEMENT_3D('',#2414,#1793,#1794);
#1597=AXIS2_PLACEMENT_3D('',#2416,#1796,#1797);
#1598=AXIS2_PLACEMENT_3D('',#2418,#1799,#1800);
#1599=AXIS2_PLACEMENT_3D('',#2419,#1801,#1802);
#1600=AXIS2_PLACEMENT_3D('',#2421,#1804,#1805);
#1601=AXIS2_PLACEMENT_3D('',#2423,#1807,#1808);
#1602=AXIS2_PLACEMENT_3D('',#2424,#1809,#1810);
#1603=AXIS2_PLACEMENT_3D('',#2425,#1811,#1812);
#1604=AXIS2_PLACEMENT_3D('',#2430,#1814,#1815);
#1605=AXIS2_PLACEMENT_3D('',#2434,#1817,#1818);
#1606=AXIS2_PLACEMENT_3D('',#2438,#1820,#1821);
#1607=AXIS2_PLACEMENT_3D('',#2441,#1823,#1824);
#1608=AXIS2_PLACEMENT_3D('',#2455,#1827,#1828);
#1609=AXIS2_PLACEMENT_3D('',#2459,#1831,#1832);
#1610=AXIS2_PLACEMENT_3D('',#2471,#1834,#1835);
#1611=AXIS2_PLACEMENT_3D('',#2474,#1838,#1839);
#1612=AXIS2_PLACEMENT_3D('',#2500,#1843,#1844);
#1613=AXIS2_PLACEMENT_3D('',#2503,#1847,#1848);
#1614=AXIS2_PLACEMENT_3D('',#2505,#1850,#1851);
#1615=AXIS2_PLACEMENT_3D('',#2507,#1853,#1854);
#1616=AXIS2_PLACEMENT_3D('',#2510,#1857,#1858);
#1617=AXIS2_PLACEMENT_3D('',#2513,#1861,#1862);
#1618=AXIS2_PLACEMENT_3D('',#2515,#1864,#1865);
#1619=AXIS2_PLACEMENT_3D('',#2517,#1867,#1868);
#1620=AXIS2_PLACEMENT_3D('',#2518,#1869,#1870);
#1621=AXIS2_PLACEMENT_3D('',#2527,#1875,#1876);
#1622=AXIS2_PLACEMENT_3D('',#2619,#1885,#1886);
#1623=AXIS2_PLACEMENT_3D('',#2626,#1891,#1892);
#1624=AXIS2_PLACEMENT_3D('',#2628,#1894,#1895);
#1625=AXIS2_PLACEMENT_3D('',#2634,#1899,#1900);
#1626=AXIS2_PLACEMENT_3D('',#2638,#1903,#1904);
#1627=AXIS2_PLACEMENT_3D('',#2642,#1907,#1908);
#1628=AXIS2_PLACEMENT_3D('',#2648,#1912,#1913);
#1629=AXIS2_PLACEMENT_3D('',#2650,#1915,#1916);
#1630=AXIS2_PLACEMENT_3D('',#2863,#1920,#1921);
#1631=AXIS2_PLACEMENT_3D('',#2865,#1923,#1924);
#1632=AXIS2_PLACEMENT_3D('',#3000,#1928,#1929);
#1633=AXIS2_PLACEMENT_3D('',#3002,#1931,#1932);
#1634=AXIS2_PLACEMENT_3D('',#3019,#1933,#1934);
#1635=AXIS2_PLACEMENT_3D('',#3212,#1937,#1938);
#1636=AXIS2_PLACEMENT_3D('',#3214,#1940,#1941);
#1637=AXIS2_PLACEMENT_3D('',#3215,#1942,#1943);
#1638=AXIS2_PLACEMENT_3D('',#3216,#1944,#1945);
#1639=AXIS2_PLACEMENT_3D('',#3701,#1946,#1947);
#1640=AXIS2_PLACEMENT_3D('',#3702,#1948,#1949);
#1641=AXIS2_PLACEMENT_3D('',#3707,#1951,#1952);
#1642=AXIS2_PLACEMENT_3D('',#3713,#1955,#1956);
#1643=AXIS2_PLACEMENT_3D('',#3717,#1958,#1959);
#1644=AXIS2_PLACEMENT_3D('',#3718,#1960,#1961);
#1645=AXIS2_PLACEMENT_3D('',#3724,#1965,#1966);
#1646=AXIS2_PLACEMENT_3D('',#3727,#1968,#1969);
#1647=AXIS2_PLACEMENT_3D('',#3731,#1971,#1972);
#1648=AXIS2_PLACEMENT_3D('',#3734,#1974,#1975);
#1649=AXIS2_PLACEMENT_3D('',#3738,#1977,#1978);
#1650=AXIS2_PLACEMENT_3D('',#3739,#1979,#1980);
#1651=AXIS2_PLACEMENT_3D('',#3741,#1982,#1983);
#1652=AXIS2_PLACEMENT_3D('',#3743,#1985,#1986);
#1653=AXIS2_PLACEMENT_3D('',#3744,#1987,#1988);
#1654=AXIS2_PLACEMENT_3D('',#3748,#1992,#1993);
#1655=AXIS2_PLACEMENT_3D('',#3750,#1995,#1996);
#1656=AXIS2_PLACEMENT_3D('',#3752,#1998,#1999);
#1657=AXIS2_PLACEMENT_3D('',#3753,#2000,#2001);
#1658=AXIS2_PLACEMENT_3D('',#3756,#2004,#2005);
#1659=AXIS2_PLACEMENT_3D('',#3758,#2007,#2008);
#1660=AXIS2_PLACEMENT_3D('',#3760,#2010,#2011);
#1661=AXIS2_PLACEMENT_3D('',#3761,#2012,#2013);
#1662=DIRECTION('',(0.,0.,1.));
#1663=DIRECTION('',(1.,0.,0.));
#1664=DIRECTION('',(0.,1.,0.));
#1665=DIRECTION('',(1.,0.,0.));
#1666=DIRECTION('',(0.,1.,0.));
#1667=DIRECTION('',(1.,-4.31800103134597E-17,0.));
#1668=DIRECTION('',(0.,-1.,0.));
#1669=DIRECTION('',(-0.585563777585052,-0.810626339554991,0.));
#1670=DIRECTION('',(0.,-1.,0.));
#1671=DIRECTION('',(1.,0.,0.));
#1672=DIRECTION('',(0.,-1.,0.));
#1673=DIRECTION('',(1.,0.,0.));
#1674=DIRECTION('',(0.,1.,0.));
#1675=DIRECTION('',(-1.,0.,0.));
#1676=DIRECTION('',(0.,-1.,0.));
#1677=DIRECTION('',(-1.,0.,0.));
#1678=DIRECTION('',(0.,-1.,0.));
#1679=DIRECTION('',(1.,0.,0.));
#1680=DIRECTION('',(0.,1.,0.));
#1681=DIRECTION('',(-1.,0.,0.));
#1682=DIRECTION('',(0.,1.,0.));
#1683=DIRECTION('',(-1.,0.,0.));
#1684=DIRECTION('',(0.,-1.,0.));
#1685=DIRECTION('',(-1.,0.,0.));
#1686=DIRECTION('',(0.,-1.,0.));
#1687=DIRECTION('',(1.,0.,0.));
#1688=DIRECTION('',(0.,0.,1.));
#1689=DIRECTION('',(0.,-1.,0.));
#1690=DIRECTION('',(0.,1.,0.));
#1691=DIRECTION('',(-1.,0.,0.));
#1692=DIRECTION('',(0.,1.,0.));
#1693=DIRECTION('',(-1.,0.,0.));
#1694=DIRECTION('',(0.,0.,1.));
#1695=DIRECTION('',(1.,0.,0.));
#1696=DIRECTION('',(-0.707106781187631,0.,-0.707106781185464));
#1697=DIRECTION('',(0.707106781187631,0.,0.707106781185464));
#1698=DIRECTION('',(0.,1.,0.));
#1699=DIRECTION('',(-0.707106781185464,0.,0.707106781187631));
#1700=DIRECTION('',(0.707106781187631,0.,0.707106781185464));
#1701=DIRECTION('',(0.,1.,0.));
#1702=DIRECTION('',(0.,0.,1.));
#1703=DIRECTION('',(0.,0.,1.));
#1704=DIRECTION('',(1.,0.,0.));
#1705=DIRECTION('',(0.,0.,1.));
#1706=DIRECTION('',(0.,1.,0.));
#1707=DIRECTION('',(0.,0.,1.));
#1708=DIRECTION('',(0.,-0.843391445812886,-0.537299608346824));
#1709=DIRECTION('',(0.,-1.,0.));
#1710=DIRECTION('',(0.,0.766044443118977,0.64278760968654));
#1711=DIRECTION('',(-1.,0.,0.));
#1712=DIRECTION('',(0.,0.,1.));
#1713=DIRECTION('',(0.,0.,1.));
#1714=DIRECTION('',(0.,0.,1.));
#1715=DIRECTION('',(0.,1.,0.));
#1716=DIRECTION('',(0.,0.,-1.));
#1717=DIRECTION('',(4.06437544413473E-16,1.38777878078145E-15,-1.));
#1718=DIRECTION('',(-1.,0.,0.));
#1719=DIRECTION('',(0.,-1.,0.));
#1720=DIRECTION('',(0.,-1.,0.));
#1721=DIRECTION('',(-1.,0.,0.));
#1722=DIRECTION('',(0.,-1.,0.));
#1723=DIRECTION('',(-1.,0.,0.));
#1724=DIRECTION('',(0.,1.,0.));
#1725=DIRECTION('',(-1.,0.,0.));
#1726=DIRECTION('',(-1.,6.26619880986744E-16,0.));
#1727=DIRECTION('',(0.,0.,-1.));
#1728=DIRECTION('',(0.,1.,0.));
#1729=DIRECTION('',(0.,-1.87937454731307E-16,1.));
#1730=DIRECTION('',(0.,0.843391445812886,0.537299608346824));
#1731=DIRECTION('',(0.,0.,1.));
#1732=DIRECTION('',(-9.95901652039572E-7,-1.38777815672898E-15,0.999999999999504));
#1733=DIRECTION('',(0.,1.38777878078145E-15,-1.));
#1734=DIRECTION('',(0.,1.,0.));
#1735=DIRECTION('',(0.,0.,1.));
#1736=DIRECTION('',(1.,0.,0.));
#1737=DIRECTION('',(0.,-1.,0.));
#1738=DIRECTION('',(-1.,6.26619880986744E-16,-1.21110038879802E-16));
#1739=DIRECTION('',(-1.,0.,0.));
#1740=DIRECTION('',(6.26619880986744E-16,1.,1.38777878078145E-15));
#1741=DIRECTION('',(0.,-1.38777878078145E-15,1.));
#1742=DIRECTION('',(1.,0.,0.));
#1743=DIRECTION('',(0.,0.,1.));
#1744=DIRECTION('',(1.,0.,0.));
#1745=DIRECTION('',(0.,0.,1.));
#1746=DIRECTION('',(0.,0.,1.));
#1747=DIRECTION('',(-1.,0.,0.));
#1748=DIRECTION('',(-6.12303176911189E-17,0.,1.));
#1749=DIRECTION('',(0.,1.,0.));
#1750=DIRECTION('',(-1.,0.,0.));
#1751=DIRECTION('',(0.,1.,0.));
#1752=DIRECTION('',(0.,0.,-1.));
#1753=DIRECTION('',(0.,0.,-1.));
#1754=DIRECTION('',(-1.,0.,0.));
#1755=DIRECTION('',(1.,2.15704153771371E-32,-1.96261557335472E-16));
#1756=DIRECTION('',(0.,1.,-2.11672165714496E-48));
#1757=DIRECTION('',(1.,2.15704153771371E-32,-1.96261557335472E-16));
#1758=DIRECTION('',(-1.95762273845173E-17,1.,3.84206087323869E-33));
#1759=DIRECTION('',(1.96261557335472E-16,2.11672165714496E-48,1.));
#1760=DIRECTION('',(-1.,0.,1.96240593219876E-16));
#1761=DIRECTION('',(-0.173648177666931,-3.74566332175858E-33,-0.984807753012208));
#1762=DIRECTION('',(-0.173648177666931,-3.74566332175858E-33,-0.984807753012208));
#1763=DIRECTION('',(-2.18994603126074E-34,-1.,-1.11022302462516E-16));
#1764=DIRECTION('',(-0.984807753012208,-1.92788205030026E-17,0.173648177666931));
#1765=DIRECTION('',(-0.173648177666931,-1.73472347597681E-18,-0.984807753012208));
#1766=DIRECTION('',(-2.57491875026591E-16,-3.43748504341646E-48,-1.));
#1767=DIRECTION('',(0.,2.11672165714496E-48,-1.));
#1768=DIRECTION('',(1.,2.15704153771371E-32,0.));
#1769=DIRECTION('',(-2.15704153771371E-32,1.,2.11672165714496E-48));
#1770=DIRECTION('',(1.96457433654373E-16,0.,1.));
#1771=DIRECTION('',(0.17364817766693,0.,-0.984807753012208));
#1772=DIRECTION('',(1.95762273845173E-17,1.,0.));
#1773=DIRECTION('',(0.17364817766693,0.,-0.984807753012208));
#1774=DIRECTION('',(0.,-1.,-1.11022302462516E-16));
#1775=DIRECTION('',(0.984807753012208,-1.92788205030026E-17,0.17364817766693));
#1776=DIRECTION('',(0.17364817766693,-1.73472347597681E-18,-0.984807753012208));
#1777=DIRECTION('',(-1.,0.,0.));
#1778=DIRECTION('',(-1.,0.,0.));
#1779=DIRECTION('',(0.,-1.,0.));
#1780=DIRECTION('',(0.,0.,1.));
#1781=DIRECTION('',(1.,0.,0.));
#1782=DIRECTION('',(6.12303176911189E-17,0.,-1.));
#1783=DIRECTION('',(-1.,0.,0.));
#1784=DIRECTION('',(0.,0.,1.));
#1785=DIRECTION('',(0.,1.,0.));
#1786=DIRECTION('',(0.,0.,1.));
#1787=DIRECTION('',(0.,1.,0.));
#1788=DIRECTION('',(0.,1.,0.));
#1789=DIRECTION('',(0.,0.,1.));
#1790=DIRECTION('',(0.,1.,0.));
#1791=DIRECTION('',(0.,1.,0.));
#1792=DIRECTION('',(0.,1.,0.));
#1793=DIRECTION('',(0.,0.,1.));
#1794=DIRECTION('',(0.,1.,0.));
#1795=DIRECTION('',(0.,0.,-1.));
#1796=DIRECTION('',(-1.,0.,0.));
#1797=DIRECTION('',(0.,0.,1.));
#1798=DIRECTION('',(0.,0.,-1.));
#1799=DIRECTION('',(0.,1.,0.));
#1800=DIRECTION('',(0.,0.,1.));
#1801=DIRECTION('',(1.,0.,0.));
#1802=DIRECTION('',(0.,0.,-1.));
#1803=DIRECTION('',(0.,0.,-1.));
#1804=DIRECTION('',(1.,0.,0.));
#1805=DIRECTION('',(0.,0.,-1.));
#1806=DIRECTION('',(-6.12303176911189E-17,0.,1.));
#1807=DIRECTION('',(0.,1.,0.));
#1808=DIRECTION('',(0.,0.,1.));
#1809=DIRECTION('',(1.,0.,6.12303176911189E-17));
#1810=DIRECTION('',(6.1257422745431E-17,0.,-1.));
#1811=DIRECTION('',(-2.78770819276192E-49,-1.,-1.2490009027033E-16));
#1812=DIRECTION('',(0.,0.,1.));
#1813=DIRECTION('',(1.94294492940957E-16,1.2490009027033E-16,-1.));
#1814=DIRECTION('',(-2.78770819276192E-49,-1.,-1.2490009027033E-16));
#1815=DIRECTION('',(0.,0.,1.));
#1816=DIRECTION('',(-1.,1.69271186520813E-32,-1.35525271562613E-16));
#1817=DIRECTION('',(-2.78770819276192E-49,-1.,-1.2490009027033E-16));
#1818=DIRECTION('',(0.,0.,1.));
#1819=DIRECTION('',(1.37277638891605E-17,-1.2490009027033E-16,1.));
#1820=DIRECTION('',(-2.78770819276192E-49,-1.,-1.2490009027033E-16));
#1821=DIRECTION('',(0.,0.,1.));
#1822=DIRECTION('',(-1.,1.69271186520813E-32,-1.35525271562613E-16));
#1823=DIRECTION('',(2.78770819276192E-49,1.,1.2490009027033E-16));
#1824=DIRECTION('',(0.,1.2490009027033E-16,-1.));
#1825=DIRECTION('',(0.,-1.,0.));
#1826=DIRECTION('',(0.,-1.,0.));
#1827=DIRECTION('',(0.,-1.,0.));
#1828=DIRECTION('',(0.,0.,-1.));
#1829=DIRECTION('',(-1.,2.89120579333574E-15,-1.35525271562612E-16));
#1830=DIRECTION('',(0.,-1.,0.));
#1831=DIRECTION('',(-1.35525271562612E-16,0.,1.));
#1832=DIRECTION('',(1.,0.,1.35525271560688E-16));
#1833=DIRECTION('',(0.,-1.,0.));
#1834=DIRECTION('',(0.,-1.,0.));
#1835=DIRECTION('',(0.,0.,-1.));
#1836=DIRECTION('',(1.,0.,1.80700362083483E-16));
#1837=DIRECTION('',(1.,-2.25694915361084E-32,1.80700362083483E-16));
#1838=DIRECTION('',(1.80700362083483E-16,0.,-1.));
#1839=DIRECTION('',(-1.,0.,-1.80736502153334E-16));
#1840=DIRECTION('',(-9.959016524459E-7,0.,0.999999999999504));
#1841=DIRECTION('',(0.,0.,-1.));
#1842=DIRECTION('',(-1.,0.,-1.35525271562613E-16));
#1843=DIRECTION('',(0.,-1.,0.));
#1844=DIRECTION('',(0.,0.,-1.));
#1845=DIRECTION('',(0.,-1.,0.));
#1846=DIRECTION('',(0.,-1.,0.));
#1847=DIRECTION('',(0.,-1.,0.));
#1848=DIRECTION('',(0.,0.,-1.));
#1849=DIRECTION('',(0.,-1.,0.));
#1850=DIRECTION('',(-1.35525271562612E-16,0.,1.));
#1851=DIRECTION('',(1.,0.,1.35525271560688E-16));
#1852=DIRECTION('',(0.,-1.,0.));
#1853=DIRECTION('',(0.,-1.,0.));
#1854=DIRECTION('',(0.,0.,-1.));
#1855=DIRECTION('',(1.,0.,1.80700362083483E-16));
#1856=DIRECTION('',(1.,-2.25694915361084E-32,1.80700362083483E-16));
#1857=DIRECTION('',(1.80700362083483E-16,0.,-1.));
#1858=DIRECTION('',(-1.,0.,-1.80736502153334E-16));
#1859=DIRECTION('',(0.279900076257605,0.955717285247276,0.0908868416799916));
#1860=DIRECTION('',(-0.279830961095624,0.955737342838571,0.090888749117633));
#1861=DIRECTION('',(1.79888768491167E-16,0.0946709198798665,-0.995508622227402));
#1862=DIRECTION('',(0.,0.995508622227402,0.0946709198798665));
#1863=DIRECTION('',(0.279900076257605,0.955717285247276,0.0908868416799916));
#1864=DIRECTION('',(0.959689221776996,-0.281063333796964,0.));
#1865=DIRECTION('',(0.281063333796964,0.959689221776996,0.));
#1866=DIRECTION('',(-0.279830961095624,0.955737342838571,0.090888749117633));
#1867=DIRECTION('',(-1.79888652569558E-16,-0.0946709198798665,0.995508622227402));
#1868=DIRECTION('',(0.,-0.995508622227402,-0.0946709198798665));
#1869=DIRECTION('',(-0.959709555001636,-0.280993896797864,-9.55776331694723E-7));
#1870=DIRECTION('',(0.280993896797992,-0.959709555002074,0.));
#1871=DIRECTION('',(1.,0.,0.));
#1872=DIRECTION('',(0.,-1.,0.));
#1873=DIRECTION('',(-1.,0.,0.));
#1874=DIRECTION('',(0.,-1.,0.));
#1875=DIRECTION('',(0.,0.,1.));
#1876=DIRECTION('',(1.,0.,0.));
#1877=DIRECTION('',(1.,0.,0.));
#1878=DIRECTION('',(1.,0.,0.));
#1879=DIRECTION('',(1.,0.,0.));
#1880=DIRECTION('',(-1.,0.,0.));
#1881=DIRECTION('',(-1.,0.,0.));
#1882=DIRECTION('',(0.,-1.,0.));
#1883=DIRECTION('',(-1.,0.,0.));
#1884=DIRECTION('',(0.,1.,0.));
#1885=DIRECTION('',(0.,0.,1.));
#1886=DIRECTION('',(0.,1.,0.));
#1887=DIRECTION('',(0.,0.,1.));
#1888=DIRECTION('',(0.,0.843391445812886,0.537299608346824));
#1889=DIRECTION('',(0.,1.87937454731307E-16,-1.));
#1890=DIRECTION('',(0.,1.87937454731307E-16,-1.));
#1891=DIRECTION('',(1.,0.,0.));
#1892=DIRECTION('',(0.,0.,1.));
#1893=DIRECTION('',(0.,0.,-1.));
#1894=DIRECTION('',(0.,-1.,0.));
#1895=DIRECTION('',(-1.,0.,0.));
#1896=DIRECTION('',(0.,0.,-1.));
#1897=DIRECTION('',(0.,1.,0.));
#1898=DIRECTION('',(0.,-0.843391445812886,-0.537299608346824));
#1899=DIRECTION('',(-1.,0.,0.));
#1900=DIRECTION('',(0.,0.,1.));
#1901=DIRECTION('',(0.,0.,1.));
#1902=DIRECTION('',(-1.,0.,0.));
#1903=DIRECTION('',(0.,1.,0.));
#1904=DIRECTION('',(0.,0.,1.));
#1905=DIRECTION('',(0.,0.,-1.));
#1906=DIRECTION('',(0.,-1.,0.));
#1907=DIRECTION('',(1.,0.,0.));
#1908=DIRECTION('',(0.,0.,1.));
#1909=DIRECTION('',(-0.484174016287754,-0.670267228874096,-0.562420984538473));
#1910=DIRECTION('',(0.585563777585052,0.810626339554991,0.));
#1911=DIRECTION('',(0.,0.,1.));
#1912=DIRECTION('',(-0.810626339554991,0.585563777585052,0.));
#1913=DIRECTION('',(-0.585563777585052,-0.810626339554991,0.));
#1914=DIRECTION('',(0.,-0.766044443118977,-0.64278760968654));
#1915=DIRECTION('',(-1.,0.,0.));
#1916=DIRECTION('',(0.,0.,1.));
#1917=DIRECTION('',(0.,0.766044443118978,0.64278760968654));
#1918=DIRECTION('',(-1.,4.31800103134597E-17,-7.10504576850999E-33));
#1919=DIRECTION('',(-1.,4.31800103134597E-17,0.));
#1920=DIRECTION('',(2.77555756156289E-17,0.64278760968654,-0.766044443118977));
#1921=DIRECTION('',(0.,0.766044443118977,0.64278760968654));
#1922=DIRECTION('',(-1.,0.,0.));
#1923=DIRECTION('',(0.,0.,-1.));
#1924=DIRECTION('',(-1.,0.,0.));
#1925=DIRECTION('',(1.,0.,0.));
#1926=DIRECTION('',(1.,0.,0.));
#1927=DIRECTION('',(0.,0.,-1.));
#1928=DIRECTION('',(-1.,0.,0.));
#1929=DIRECTION('',(0.,0.,-1.));
#1930=DIRECTION('',(0.,0.,-1.));
#1931=DIRECTION('',(0.,-1.,0.));
#1932=DIRECTION('',(-1.,0.,0.));
#1933=DIRECTION('',(1.,0.,0.));
#1934=DIRECTION('',(0.,0.,-1.));
#1935=DIRECTION('',(1.,0.,0.));
#1936=DIRECTION('',(-1.,0.,0.));
#1937=DIRECTION('',(0.,-1.,0.));
#1938=DIRECTION('',(-1.,0.,0.));
#1939=DIRECTION('',(-1.,0.,0.));
#1940=DIRECTION('',(0.,-0.537299608346824,0.843391445812886));
#1941=DIRECTION('',(0.,-0.843391445812886,-0.537299608346824));
#1942=DIRECTION('',(0.,1.,1.87937454731307E-16));
#1943=DIRECTION('',(0.,-1.87892236491738E-16,1.));
#1944=DIRECTION('',(0.,1.,0.));
#1945=DIRECTION('',(0.,0.,1.));
#1946=DIRECTION('',(-1.,0.,0.));
#1947=DIRECTION('',(0.,0.,1.));
#1948=DIRECTION('',(0.,-0.996194698091747,-0.0871557427476574));
#1949=DIRECTION('',(0.,-0.0871557427476573,0.996194698091746));
#1950=DIRECTION('',(-1.,0.,0.));
#1951=DIRECTION('',(0.,-0.996194698091747,-0.0871557427476574));
#1952=DIRECTION('',(0.,-0.0871557427476573,0.996194698091746));
#1953=DIRECTION('',(1.,0.,0.));
#1954=DIRECTION('',(-1.,0.,0.));
#1955=DIRECTION('',(0.,-0.996194698091747,-0.0871557427476574));
#1956=DIRECTION('',(0.,-0.0871557427476573,0.996194698091746));
#1957=DIRECTION('',(1.,0.,0.));
#1958=DIRECTION('',(0.,-0.996194698091747,-0.0871557427476574));
#1959=DIRECTION('',(0.,-0.0871557427476573,0.996194698091746));
#1960=DIRECTION('',(0.,0.996194698091746,0.0871557427476573));
#1961=DIRECTION('',(0.,-0.0871557427476573,0.996194698091746));
#1962=DIRECTION('',(0.,-1.,0.));
#1963=DIRECTION('',(0.,-1.,0.));
#1964=DIRECTION('',(1.,0.,0.));
#1965=DIRECTION('',(0.,0.,-1.));
#1966=DIRECTION('',(-1.,0.,0.));
#1967=DIRECTION('',(0.,0.,1.));
#1968=DIRECTION('',(0.,-1.,0.));
#1969=DIRECTION('',(1.,0.,-6.99485272571293E-17));
#1970=DIRECTION('',(-1.,0.,0.));
#1971=DIRECTION('',(0.,-1.,0.));
#1972=DIRECTION('',(1.,0.,-6.99485272571293E-17));
#1973=DIRECTION('',(1.80700362083483E-16,0.,-1.));
#1974=DIRECTION('',(0.,-1.,0.));
#1975=DIRECTION('',(0.,0.,-1.));
#1976=DIRECTION('',(-1.,0.,0.));
#1977=DIRECTION('',(0.,-1.,0.));
#1978=DIRECTION('',(0.,0.,-1.));
#1979=DIRECTION('',(0.,-1.,0.));
#1980=DIRECTION('',(0.,0.,-1.));
#1981=DIRECTION('',(0.,-1.,0.));
#1982=DIRECTION('',(0.,-1.,0.));
#1983=DIRECTION('',(0.,0.,-1.));
#1984=DIRECTION('',(0.,-1.,0.));
#1985=DIRECTION('',(0.,-1.,0.));
#1986=DIRECTION('',(0.,0.,-1.));
#1987=DIRECTION('',(0.,0.,1.));
#1988=DIRECTION('',(1.,0.,0.));
#1989=DIRECTION('',(0.,-1.,0.));
#1990=DIRECTION('',(1.,0.,0.));
#1991=DIRECTION('',(0.,-1.,0.));
#1992=DIRECTION('',(0.,0.,-1.));
#1993=DIRECTION('',(-1.,0.,0.));
#1994=DIRECTION('',(0.,-1.,0.));
#1995=DIRECTION('',(0.,-1.,0.));
#1996=DIRECTION('',(0.,0.,-1.));
#1997=DIRECTION('',(0.,-1.,0.));
#1998=DIRECTION('',(0.,-1.,0.));
#1999=DIRECTION('',(0.,0.,-1.));
#2000=DIRECTION('',(0.,0.,1.));
#2001=DIRECTION('',(1.,0.,0.));
#2002=DIRECTION('',(0.107377579907919,0.986563213501427,-0.123138463117161));
#2003=DIRECTION('',(-0.108420774757633,0.986450864375669,-0.123124440195478));
#2004=DIRECTION('',(0.,-0.12385455127719,-0.992300383013091));
#2005=DIRECTION('',(0.,0.992300383013091,-0.12385455127719));
#2006=DIRECTION('',(0.107377579907919,0.986563213501427,-0.123138463117161));
#2007=DIRECTION('',(0.994129032911664,-0.10820104399737,1.7963947620484E-16));
#2008=DIRECTION('',(0.10820104399737,0.994129032911664,0.));
#2009=DIRECTION('',(-0.108420774757633,0.986450864375669,-0.123124440195478));
#2010=DIRECTION('',(0.,0.12385455127719,0.992300383013091));
#2011=DIRECTION('',(0.,-0.992300383013091,0.12385455127719));
#2012=DIRECTION('',(-0.994014079444698,-0.109252047421134,0.));
#2013=DIRECTION('',(0.109252047421134,-0.994014079444698,0.));
#2014=CARTESIAN_POINT('',(0.,0.,0.));
#2015=CARTESIAN_POINT('',(0.0872468548738323,9.05999999999544,0.910000000004565));
#2016=CARTESIAN_POINT('',(0.0872468548738323,3.38,0.910000000004565));
#2017=CARTESIAN_POINT('',(0.0872468548738422,3.65,0.910000000004565));
#2018=CARTESIAN_POINT('',(0.0251148205139985,3.38,0.910000000004565));
#2019=CARTESIAN_POINT('',(0.465351693664892,3.38,0.910000000004565));
#2020=CARTESIAN_POINT('',(0.46535177325085,3.18884084417421,0.910000000004565));
#2021=CARTESIAN_POINT('',(0.465351693662278,2.99768168834842,0.910000000004565));
#2022=CARTESIAN_POINT('',(0.457632222172865,2.97250869941693,0.910000000004565));
#2023=CARTESIAN_POINT('',(0.460498635819055,2.97780156223154,0.910000000004565));
#2024=CARTESIAN_POINT('',(0.463038219928195,2.98339134977849,0.910000000004565));
#2025=CARTESIAN_POINT('',(0.464374610665851,2.98926031764019,0.910000000004565));
#2026=CARTESIAN_POINT('',(0.465002032275977,2.99201573726546,0.910000000004565));
#2027=CARTESIAN_POINT('',(0.465351581539568,2.99485573803248,0.910000000004565));
#2028=CARTESIAN_POINT('',(0.465351581539568,2.99768168834842,0.910000000004565));
#2029=CARTESIAN_POINT('',(0.457632222172865,2.97250869941693,0.910000000004565));
#2030=CARTESIAN_POINT('',(-0.336450009010241,2.10000000000456,0.910000000004568));
#2031=CARTESIAN_POINT('',(-0.277672462902245,2.10004232795504,0.910000000004568));
#2032=CARTESIAN_POINT('',(-0.217238424966141,2.09645880209685,0.910000000004561));
#2033=CARTESIAN_POINT('',(-0.160517329348128,2.11187045450746,0.910000000004561));
#2034=CARTESIAN_POINT('',(-0.117084159037808,2.12367165327874,0.910000000004561));
#2035=CARTESIAN_POINT('',(-0.0757205583993952,2.14473659579156,0.910000000004565));
#2036=CARTESIAN_POINT('',(-0.0390424632992241,2.1708215706903,0.910000000004565));
#2037=CARTESIAN_POINT('',(0.00750975815522627,2.20392889332532,0.910000000004565));
#2038=CARTESIAN_POINT('',(0.0477296024550109,2.24656302313426,0.910000000004565));
#2039=CARTESIAN_POINT('',(0.0814916379023267,2.29264261836749,0.910000000004565));
#2040=CARTESIAN_POINT('',(0.234563617729213,2.50156055765993,0.910000000004565));
#2041=CARTESIAN_POINT('',(0.334296308405914,2.74476764307971,0.910000000004568));
#2042=CARTESIAN_POINT('',(0.45763222217287,2.97250869941694,0.910000000004568));
#2043=CARTESIAN_POINT('',(-0.336450009010241,2.10000000000456,0.910000000004565));
#2044=CARTESIAN_POINT('',(0.0251148205139982,2.10000000000456,0.910000000004565));
#2045=CARTESIAN_POINT('',(-0.674885179481432,2.10000000000456,0.910000000004565));
#2046=CARTESIAN_POINT('',(-0.674885179481432,2.35,0.910000000004565));
#2047=CARTESIAN_POINT('',(-0.674885179481432,1.91302686472624,0.910000000004565));
#2048=CARTESIAN_POINT('',(-0.812427813396432,1.72261945543755,0.910000000004565));
#2049=CARTESIAN_POINT('',(-0.864885179481432,1.65,0.910000000004565));
#2050=CARTESIAN_POINT('',(-0.864885179481432,9.05999999999544,0.910000000004565));
#2051=CARTESIAN_POINT('',(-0.864885179481432,0.804422017085697,0.910000000004565));
#2052=CARTESIAN_POINT('',(-0.672157906754162,0.804422017085697,0.910000000004565));
#2053=CARTESIAN_POINT('',(-0.599885179481431,0.804422017085697,0.910000000004565));
#2054=CARTESIAN_POINT('',(-0.599885179481431,0.616764738672163,0.910000000004565));
#2055=CARTESIAN_POINT('',(-0.599885179481431,-8.67361737988404E-16,0.910000000004565));
#2056=CARTESIAN_POINT('',(0.0501148205185684,-8.67361737988404E-16,0.910000000004565));
#2057=CARTESIAN_POINT('',(0.600114820518569,-8.67361737988404E-16,0.910000000004565));
#2058=CARTESIAN_POINT('',(0.600114820518569,0.590540265639961,0.910000000004565));
#2059=CARTESIAN_POINT('',(0.600114820518569,0.746157754452739,0.910000000004565));
#2060=CARTESIAN_POINT('',(0.665114820503351,0.746157754452739,0.910000000004565));
#2061=CARTESIAN_POINT('',(0.915000722439096,0.746157754452739,0.910000000004565));
#2062=CARTESIAN_POINT('',(0.915000722439096,9.05999999999544,0.910000000004565));
#2063=CARTESIAN_POINT('',(0.915000722439096,6.9,0.910000000004565));
#2064=CARTESIAN_POINT('',(-0.0748851794814317,6.9,0.910000000004565));
#2065=CARTESIAN_POINT('',(0.625114820518569,6.9,0.910000000004565));
#2066=CARTESIAN_POINT('',(0.625114820518569,9.05999999999544,0.910000000004565));
#2067=CARTESIAN_POINT('',(0.625114820518569,7.3000000000014,0.910000000004565));
#2068=CARTESIAN_POINT('',(0.0251148205139985,7.3000000000014,0.910000000004565));
#2069=CARTESIAN_POINT('',(0.0751148205185691,7.3000000000014,0.910000000004565));
#2070=CARTESIAN_POINT('',(0.0751148205185691,6.9983646719942,0.910000000004565));
#2071=CARTESIAN_POINT('',(0.0751148205185691,6.9,0.910000000004565));
#2072=CARTESIAN_POINT('',(-0.0748851794814317,6.9,0.910000000004565));
#2073=CARTESIAN_POINT('',(-0.0748851794814317,6.9,0.910000000004565));
#2074=CARTESIAN_POINT('',(-0.0748851794814317,7.04836467198964,0.910000000004565));
#2075=CARTESIAN_POINT('',(-0.0748851794814317,7.3000000000014,0.910000000004565));
#2076=CARTESIAN_POINT('',(2.03761482051857,7.3000000000014,0.910000000004565));
#2077=CARTESIAN_POINT('',(-0.624885179481432,7.3000000000014,0.910000000004565));
#2078=CARTESIAN_POINT('',(-0.624885179481432,1.2999999999986,0.910000000004565));
#2079=CARTESIAN_POINT('',(-0.624885179481432,6.9,0.910000000004565));
#2080=CARTESIAN_POINT('',(-0.0748851794814317,6.9,0.910000000004565));
#2081=CARTESIAN_POINT('',(-0.914885179481431,6.9,0.910000000004565));
#2082=CARTESIAN_POINT('',(-0.914885179481431,0.2,0.910000000004565));
#2083=CARTESIAN_POINT('',(-0.914885179481431,3.65,0.910000000004565));
#2084=CARTESIAN_POINT('',(0.0251148205139985,3.65,0.910000000004565));
#2085=CARTESIAN_POINT('',(0.0251148205139985,9.05999999999544,0.910000000004565));
#2086=CARTESIAN_POINT('',(-0.914885179481431,3.51,1.48000000000456));
#2087=CARTESIAN_POINT('',(-0.914885179481431,2.99768168834298,1.48000000000456));
#2088=CARTESIAN_POINT('',(-0.914885179481431,3.65,1.48000000000456));
#2089=CARTESIAN_POINT('',(4.32511482051857,2.99768168834842,1.48000000000912));
#2090=CARTESIAN_POINT('',(-0.336450009012562,2.99768168834842,1.48000000000912));
#2091=CARTESIAN_POINT('',(-0.336450008999181,3.555,1.48000000000912));
#2092=CARTESIAN_POINT('',(-0.336449999150013,3.65,1.48000000000456));
#2093=CARTESIAN_POINT('',(-1.66488517948143,3.65,1.48000000000456));
#2094=CARTESIAN_POINT('',(4.32511482051857,2.99768168834842,1.48000000000912));
#2095=CARTESIAN_POINT('',(-0.0338191623050444,3.38,0.78893398282606));
#2096=CARTESIAN_POINT('',(0.197246854518568,3.38,1.01999999964896));
#2097=CARTESIAN_POINT('',(0.0661808376935177,3.65,0.888933982824305));
#2098=CARTESIAN_POINT('',(0.197246854518568,3.65,1.01999999964896));
#2099=CARTESIAN_POINT('',(0.197246854518568,3.46,1.01999999964896));
#2100=CARTESIAN_POINT('',(-0.0088191623034712,3.46,0.813933982827556));
#2101=CARTESIAN_POINT('',(0.197246854518568,3.555,1.22822395047768));
#2102=CARTESIAN_POINT('',(0.197246854519931,3.38,1.22822395047606));
#2103=CARTESIAN_POINT('',(0.197246854518568,3.65,1.22822395047768));
#2104=CARTESIAN_POINT('',(0.197246854518568,3.38,1.48000000000456));
#2105=CARTESIAN_POINT('',(0.197246854518568,3.65,2.62000000000456));
#2106=CARTESIAN_POINT('',(0.197246854518568,5.16,0.92));
#2107=CARTESIAN_POINT('',(-0.914885179481431,-1.05,-0.92));
#2108=CARTESIAN_POINT('',(-0.914885179481448,0.739335932656334,-0.919999999999934));
#2109=CARTESIAN_POINT('',(-0.914885179481431,7.8,-0.92));
#2110=CARTESIAN_POINT('',(-0.914885179481431,-8.32667268468867E-16,-0.0975134863357941));
#2111=CARTESIAN_POINT('',(-0.914885179481431,-8.56503296717444E-16,-0.136606266066431));
#2112=CARTESIAN_POINT('',(-0.914885179481431,0.0067389851657919,-0.176238780479321));
#2113=CARTESIAN_POINT('',(-0.914885179481431,0.0196725068384626,-0.213130099840529));
#2114=CARTESIAN_POINT('',(-0.914885179481431,0.0326047397442746,-0.250017743148843));
#2115=CARTESIAN_POINT('',(-0.914885179481431,0.0521509044213169,-0.285109871002883));
#2116=CARTESIAN_POINT('',(-0.914885179481431,0.0764221199501149,-0.315750513514525));
#2117=CARTESIAN_POINT('',(-0.914885179481431,0.101046571240872,-0.34683709045791));
#2118=CARTESIAN_POINT('',(-0.91488517948143,0.132127817598322,-0.373130402054559));
#2119=CARTESIAN_POINT('',(-0.91488517948143,0.165355366723897,-0.39477916290906));
#2120=CARTESIAN_POINT('',(-0.91488517948143,0.301688914054844,-0.483604623717478));
#2121=CARTESIAN_POINT('',(-0.914885179481431,0.439921733937408,-0.569480847119796));
#2122=CARTESIAN_POINT('',(-0.914885179481431,0.577010534617721,-0.657136191187918));
#2123=CARTESIAN_POINT('',(-0.914885179481431,0.611546636746424,-0.679218767589785));
#2124=CARTESIAN_POINT('',(-0.914885179481431,0.645660799086955,-0.704312297125564));
#2125=CARTESIAN_POINT('',(-0.914885179481431,0.670768115206069,-0.736716080979975));
#2126=CARTESIAN_POINT('',(-0.914885179481431,0.696204923217468,-0.769545110767034));
#2127=CARTESIAN_POINT('',(-0.914885179483245,0.713871292291211,-0.808894593138823));
#2128=CARTESIAN_POINT('',(-0.914885179483245,0.724897708950825,-0.848934504904671));
#2129=CARTESIAN_POINT('',(-0.914885179483245,0.731315546272017,-0.872239414196668));
#2130=CARTESIAN_POINT('',(-0.914885179481448,0.735853830205435,-0.896079665647946));
#2131=CARTESIAN_POINT('',(-0.914885179481448,0.739335932656334,-0.919999999999934));
#2132=CARTESIAN_POINT('',(-0.914885179481431,-8.32667268468867E-16,-0.0975134863357941));
#2133=CARTESIAN_POINT('',(-0.914885179481431,-8.67361737988404E-16,-0.00499999999543487));
#2134=CARTESIAN_POINT('',(-0.914885179481431,-8.67361737988404E-16,0.192197304398942));
#2135=CARTESIAN_POINT('',(-0.914885179481431,-0.289230089711965,0.00793741571276604));
#2136=CARTESIAN_POINT('',(-0.914885179481431,0.632822948122901,0.595349985004566));
#2137=CARTESIAN_POINT('',(-0.914885179481431,0.2,0.595349985004566));
#2138=CARTESIAN_POINT('',(-0.914885179481431,1.72501471421849,0.595349985004566));
#2139=CARTESIAN_POINT('',(-0.914885179481431,2.0897017005928,0.901358700766406));
#2140=CARTESIAN_POINT('',(-0.914885179481431,2.61200912253106,1.33962666587595));
#2141=CARTESIAN_POINT('',(-0.914885179481431,2.99768168834298,0.880000000004566));
#2142=CARTESIAN_POINT('',(-0.914885179481431,3.65,2.62000000000456));
#2143=CARTESIAN_POINT('',(-0.914885179481431,6.9,-0.76));
#2144=CARTESIAN_POINT('',(-0.914885179481431,6.9,0.130000000000005));
#2145=CARTESIAN_POINT('',(-0.914885179481431,7.11,0.130000000000005));
#2146=CARTESIAN_POINT('',(-0.914885179481431,7.8,0.130000000000005));
#2147=CARTESIAN_POINT('',(-0.914885179481431,7.8,-0.76));
#2148=CARTESIAN_POINT('',(-0.914885179481431,7.8,-0.73));
#2149=CARTESIAN_POINT('',(-0.914885179481431,7.8,-0.0300000000000007));
#2150=CARTESIAN_POINT('',(-0.914885179481431,0.2,-0.76));
#2151=CARTESIAN_POINT('',(0.915000722439096,-1.05,-0.92));
#2152=CARTESIAN_POINT('',(0.915000722439096,7.8,-0.92));
#2153=CARTESIAN_POINT('',(0.915000722444713,0.739340115735733,-0.919999999999189));
#2154=CARTESIAN_POINT('',(0.915000722444713,0.739340115735733,-0.919999999999189));
#2155=CARTESIAN_POINT('',(0.88816282530104,0.740324660187385,-0.919999999999189));
#2156=CARTESIAN_POINT('',(0.861341304495968,0.741788652106735,-0.92));
#2157=CARTESIAN_POINT('',(0.834541988002486,0.74353183492957,-0.92));
#2158=CARTESIAN_POINT('',(0.82784294395526,0.743967579569378,-0.92));
#2159=CARTESIAN_POINT('',(0.821144806201688,0.744417213145231,-0.919999999994102));
#2160=CARTESIAN_POINT('',(0.814446840732199,0.744869234281155,-0.919999999994102));
#2161=CARTESIAN_POINT('',(0.799572191236468,0.745873069847666,-0.919999999994102));
#2162=CARTESIAN_POINT('',(0.784697986153242,0.746891789849768,-0.92));
#2163=CARTESIAN_POINT('',(0.769813922399844,0.747744743336318,-0.92));
#2164=CARTESIAN_POINT('',(0.762370252869799,0.748171313927762,-0.92));
#2165=CARTESIAN_POINT('',(0.754923866635665,0.748555076098167,-0.91999999999267));
#2166=CARTESIAN_POINT('',(0.747474855958898,0.748875104970965,-0.91999999999267));
#2167=CARTESIAN_POINT('',(0.740024029339562,0.749195211861379,-0.91999999999267));
#2168=CARTESIAN_POINT('',(0.732570121316686,0.749450412123452,-0.919999999999518));
#2169=CARTESIAN_POINT('',(0.725114820516427,0.74963955680446,-0.919999999999518));
#2170=CARTESIAN_POINT('',(0.725114820517385,0.749639556804443,-0.920000000000509));
#2171=CARTESIAN_POINT('',(0.637614820518661,0.749639556804409,-0.92));
#2172=CARTESIAN_POINT('',(0.550114820518569,0.749639556804409,-0.92));
#2173=CARTESIAN_POINT('',(0.550114820518569,0.874315792607759,-0.92));
#2174=CARTESIAN_POINT('',(0.550114820518569,-8.67361737988404E-16,-0.92));
#2175=CARTESIAN_POINT('',(-0.734885179481432,-8.67361737988404E-16,-0.92));
#2176=CARTESIAN_POINT('',(-0.549885179481431,-8.67361737988404E-16,-0.92));
#2177=CARTESIAN_POINT('',(-0.549885179481431,0.794264738672164,-0.92));
#2178=CARTESIAN_POINT('',(-0.549885179481431,0.749639556804409,-0.92));
#2179=CARTESIAN_POINT('',(-0.637377519465407,0.749639556804409,-0.92));
#2180=CARTESIAN_POINT('',(-0.724869859432237,0.749639945391923,-0.920000000006481));
#2181=CARTESIAN_POINT('',(-0.724869859432237,0.749639945391923,-0.920000000006481));
#2182=CARTESIAN_POINT('',(-0.753247003070755,0.748920335785003,-0.920000000006481));
#2183=CARTESIAN_POINT('',(-0.781588966627705,0.747072420161649,-0.92));
#2184=CARTESIAN_POINT('',(-0.809910739402238,0.745160011738951,-0.92));
#2185=CARTESIAN_POINT('',(-0.844876409346664,0.742798978683593,-0.92));
#2186=CARTESIAN_POINT('',(-0.879863386184849,0.740619110932757,-0.920000000003262));
#2187=CARTESIAN_POINT('',(-0.914885179475082,0.739335932657052,-0.920000000003262));
#2188=CARTESIAN_POINT('',(0.000114820518571035,7.8,-0.92));
#2189=CARTESIAN_POINT('',(-0.734885179481432,-1.05,-0.92));
#2190=CARTESIAN_POINT('',(0.915000722439096,0.746157754452739,-0.57));
#2191=CARTESIAN_POINT('',(0.915000722439096,0.746157754452739,0.667552219631685));
#2192=CARTESIAN_POINT('',(0.915000722439096,-0.203130849943484,0.062788680847402));
#2193=CARTESIAN_POINT('',(0.915000722439096,-7.86046575051991E-16,0.192197304398945));
#2194=CARTESIAN_POINT('',(0.915000722439096,-7.86046575051991E-16,-0.57));
#2195=CARTESIAN_POINT('',(0.915000722439096,-8.67361737988404E-16,-5.04962655020823E-6));
#2196=CARTESIAN_POINT('',(0.915000722439096,-8.67361737988404E-16,-5.04962655020823E-6));
#2197=CARTESIAN_POINT('',(0.915000722439096,-9.14250090541297E-16,-0.0769052789418971));
#2198=CARTESIAN_POINT('',(0.915000722439096,-0.0032936363800308,-0.15807176238877));
#2199=CARTESIAN_POINT('',(0.915000722439096,0.0257916237004364,-0.229259492474822));
#2200=CARTESIAN_POINT('',(0.915000722439096,0.0408845674578463,-0.266200279781999));
#2201=CARTESIAN_POINT('',(0.915000722439096,0.0626018761742854,-0.30102842908965));
#2202=CARTESIAN_POINT('',(0.915000722439096,0.0891004066288453,-0.330865429640763));
#2203=CARTESIAN_POINT('',(0.915000722439096,0.115594908849135,-0.360697894452496));
#2204=CARTESIAN_POINT('',(0.915000722439096,0.148834250267581,-0.384299324133798));
#2205=CARTESIAN_POINT('',(0.915000722439096,0.182463793698585,-0.405769964861697));
#2206=CARTESIAN_POINT('',(0.915000722439096,0.262896451811522,-0.457121857541294));
#2207=CARTESIAN_POINT('',(0.915000722439096,0.343434048224611,-0.508309199956012));
#2208=CARTESIAN_POINT('',(0.915000722439096,0.423914902050314,-0.559585525296031));
#2209=CARTESIAN_POINT('',(0.915000722439096,0.504457564972915,-0.610901230727225));
#2210=CARTESIAN_POINT('',(0.915000722439096,0.596112091324962,-0.651296252670816));
#2211=CARTESIAN_POINT('',(0.915000722439096,0.659325414910685,-0.722881851053532));
#2212=CARTESIAN_POINT('',(0.915000722439096,0.681889113813122,-0.748433994115081));
#2213=CARTESIAN_POINT('',(0.915000722439076,0.699734700140589,-0.778693296235231));
#2214=CARTESIAN_POINT('',(0.915000722439076,0.712185506721293,-0.810426716137403));
#2215=CARTESIAN_POINT('',(0.915000722439076,0.725929548712959,-0.845456210238655));
#2216=CARTESIAN_POINT('',(0.915000722440851,0.733921502934339,-0.882762884333187));
#2217=CARTESIAN_POINT('',(0.915000722440851,0.739340115734807,-0.919999999991854));
#2218=CARTESIAN_POINT('',(0.914999836086626,7.8,-0.0300000001145132));
#2219=CARTESIAN_POINT('',(0.915000533217781,7.8,-0.73));
#2220=CARTESIAN_POINT('',(0.915000722439096,7.8,-0.298594217409271));
#2221=CARTESIAN_POINT('',(0.915000722439096,7.8,0.130000000000005));
#2222=CARTESIAN_POINT('',(0.915000722439096,0.2,0.130000000000005));
#2223=CARTESIAN_POINT('',(0.915000722439096,6.9,0.130000000000005));
#2224=CARTESIAN_POINT('',(0.915000722439096,6.9,0.910000000004565));
#2225=CARTESIAN_POINT('',(0.915000722439096,0.2,-0.57));
#2226=CARTESIAN_POINT('',(-0.24337600805894,2.99768168834842,1.48000000000913));
#2227=CARTESIAN_POINT('',(-0.27440067504348,2.99768168834842,1.48000000000913));
#2228=CARTESIAN_POINT('',(-0.30542534202802,2.99768168834842,1.48000000000913));
#2229=CARTESIAN_POINT('',(-0.33645000901256,2.99768168834842,1.48000000000913));
#2230=CARTESIAN_POINT('',(-0.243376008058951,2.99768168834842,1.48000000000912));
#2231=CARTESIAN_POINT('',(-0.243376008059252,2.99768168834831,1.48000000000771));
#2232=CARTESIAN_POINT('',(-0.215503805641506,2.99768168834831,1.47941785925857));
#2233=CARTESIAN_POINT('',(-0.132368801347675,2.9976816883483,1.4726314619854));
#2234=CARTESIAN_POINT('',(0.00836715225738769,2.99768168834831,1.42186366873658));
#2235=CARTESIAN_POINT('',(0.106391789011449,2.99768168834833,1.33793926325801));
#2236=CARTESIAN_POINT('',(0.160761208986079,2.99768168834833,1.27146576741328));
#2237=CARTESIAN_POINT('',(0.1975702589717,2.99768168834833,1.22786203754772));
#2238=CARTESIAN_POINT('',(0.262264499172859,2.99768168834833,1.15102802065118));
#2239=CARTESIAN_POINT('',(0.354562172613518,2.99768168834832,1.04149756165225));
#2240=CARTESIAN_POINT('',(0.428421175404061,2.99768168834833,0.953833663361328));
#2241=CARTESIAN_POINT('',(0.46535126004711,2.99768168834833,0.910000609136323));
#2242=CARTESIAN_POINT('',(0.46535126004711,3.38,0.910000609136323));
#2243=CARTESIAN_POINT('',(0.428421175404061,3.38,0.953833663361328));
#2244=CARTESIAN_POINT('',(0.354562172613518,3.38,1.04149756165225));
#2245=CARTESIAN_POINT('',(0.265222988195258,3.38,1.14751715576709));
#2246=CARTESIAN_POINT('',(0.212736925325019,3.38,1.20984951762926));
#2247=CARTESIAN_POINT('',(0.197246854521293,3.38,1.22822395047445));
#2248=CARTESIAN_POINT('',(0.197246854519931,3.6500000000006,1.22822395047606));
#2249=CARTESIAN_POINT('',(0.194290460131436,3.6500000000006,1.23173084665773));
#2250=CARTESIAN_POINT('',(0.182115406658361,3.65000000000059,1.24616974192059));
#2251=CARTESIAN_POINT('',(0.160761208986079,3.65000000000057,1.27146576741328));
#2252=CARTESIAN_POINT('',(0.106391789011449,3.65000000000061,1.33793926325801));
#2253=CARTESIAN_POINT('',(0.0083671522573877,3.65000000000033,1.42186366873658));
#2254=CARTESIAN_POINT('',(-0.132957741965681,3.65000000000007,1.47284391100618));
#2255=CARTESIAN_POINT('',(-0.230618138590742,3.65000000000041,1.4806229212814));
#2256=CARTESIAN_POINT('',(-0.288183520039102,3.64999999999976,1.47997024342042));
#2257=CARTESIAN_POINT('',(-0.31853369404014,3.64999999999953,1.47999134089837));
#2258=CARTESIAN_POINT('',(-0.33463521865393,3.64999999999941,1.47999915995006));
#2259=CARTESIAN_POINT('',(-0.336449999150013,3.6499999999994,1.48000000000456));
#2260=CARTESIAN_POINT('',(-0.674885179481432,3.66349999999633,1.48000000000912));
#2261=CARTESIAN_POINT('',(-0.617569385798572,3.66349999999665,1.48000000000874));
#2262=CARTESIAN_POINT('',(-0.502937798433202,3.66349999999738,1.48000000000795));
#2263=CARTESIAN_POINT('',(-0.373797314733812,3.66349999999847,1.48002975659308));
#2264=CARTESIAN_POINT('',(-0.288183520039102,3.66349999999912,1.47997024342042));
#2265=CARTESIAN_POINT('',(-0.230618138590742,3.66349999999979,1.4806229212814));
#2266=CARTESIAN_POINT('',(-0.132957741965681,3.66349999999944,1.47284391100618));
#2267=CARTESIAN_POINT('',(0.0083671522573877,3.66349999999971,1.42186366873658));
#2268=CARTESIAN_POINT('',(0.106391789011449,3.6635,1.33793926325801));
#2269=CARTESIAN_POINT('',(0.160761208986079,3.66349999999996,1.27146576741328));
#2270=CARTESIAN_POINT('',(0.1975702589717,3.6635,1.22786203754772));
#2271=CARTESIAN_POINT('',(0.262264499172859,3.6635,1.15102802065118));
#2272=CARTESIAN_POINT('',(0.354562172613519,3.6635,1.04149756165225));
#2273=CARTESIAN_POINT('',(0.428421175404061,3.6635,0.953833663361328));
#2274=CARTESIAN_POINT('',(0.465351260047109,3.6635,0.910000609136323));
#2275=CARTESIAN_POINT('',(0.480224920779544,3.6635,0.892346764480652));
#2276=CARTESIAN_POINT('',(0.495098676120059,3.6635,0.874692740571056));
#2277=CARTESIAN_POINT('',(0.509972223410298,3.6635,0.857039110854305));
#2278=CARTESIAN_POINT('',(-0.674885179481432,3.33059084417238,1.48000000000912));
#2279=CARTESIAN_POINT('',(-0.617569385798572,3.33059084417245,1.48000000000874));
#2280=CARTESIAN_POINT('',(-0.502937798433202,3.33059084417261,1.48000000000795));
#2281=CARTESIAN_POINT('',(-0.373797314733812,3.33059084417286,1.48002975659308));
#2282=CARTESIAN_POINT('',(-0.288183520039102,3.330590844173,1.47997024342042));
#2283=CARTESIAN_POINT('',(-0.230618138590742,3.33059084417315,1.4806229212814));
#2284=CARTESIAN_POINT('',(-0.132957741965681,3.33059084417308,1.47284391100618));
#2285=CARTESIAN_POINT('',(0.0083671522573877,3.33059084417313,1.42186366873658));
#2286=CARTESIAN_POINT('',(0.106391789011449,3.33059084417319,1.33793926325801));
#2287=CARTESIAN_POINT('',(0.160761208986079,3.33059084417319,1.27146576741328));
#2288=CARTESIAN_POINT('',(0.1975702589717,3.33059084417319,1.22786203754772));
#2289=CARTESIAN_POINT('',(0.262264499172859,3.33059084417319,1.15102802065118));
#2290=CARTESIAN_POINT('',(0.354562172613518,3.33059084417319,1.04149756165225));
#2291=CARTESIAN_POINT('',(0.428421175404061,3.33059084417319,0.953833663361328));
#2292=CARTESIAN_POINT('',(0.46535126004711,3.33059084417319,0.910000609136323));
#2293=CARTESIAN_POINT('',(0.480224920779544,3.33059084417319,0.892346764480652));
#2294=CARTESIAN_POINT('',(0.495098676120059,3.33059084417319,0.874692740571056));
#2295=CARTESIAN_POINT('',(0.509972223410298,3.33059084417319,0.857039110854305));
#2296=CARTESIAN_POINT('',(-0.674885179481432,2.99768168834842,1.48000000000912));
#2297=CARTESIAN_POINT('',(-0.617569385798572,2.99768168834844,1.48000000000874));
#2298=CARTESIAN_POINT('',(-0.502937798433202,2.99768168834848,1.48000000000795));
#2299=CARTESIAN_POINT('',(-0.373797314733812,2.99768168834853,1.48002975659308));
#2300=CARTESIAN_POINT('',(-0.288183520039102,2.99768168834856,1.47997024342042));
#2301=CARTESIAN_POINT('',(-0.230618138590742,2.9976816883486,1.4806229212814));
#2302=CARTESIAN_POINT('',(-0.132957741965681,2.99768168834858,1.47284391100618));
#2303=CARTESIAN_POINT('',(0.00836715225738769,2.99768168834859,1.42186366873658));
#2304=CARTESIAN_POINT('',(0.106391789011449,2.9976816883486,1.33793926325801));
#2305=CARTESIAN_POINT('',(0.160761208986079,2.9976816883486,1.27146576741328));
#2306=CARTESIAN_POINT('',(0.1975702589717,2.9976816883486,1.22786203754772));
#2307=CARTESIAN_POINT('',(0.262264499172859,2.9976816883486,1.15102802065118));
#2308=CARTESIAN_POINT('',(0.354562172613518,2.9976816883486,1.04149756165225));
#2309=CARTESIAN_POINT('',(0.428421175404061,2.9976816883486,0.953833663361328));
#2310=CARTESIAN_POINT('',(0.46535126004711,2.9976816883486,0.910000609136323));
#2311=CARTESIAN_POINT('',(0.480224920779545,2.9976816883486,0.892346764480652));
#2312=CARTESIAN_POINT('',(0.495098676120059,2.9976816883486,0.874692740571056));
#2313=CARTESIAN_POINT('',(0.509972223410298,2.9976816883486,0.857039110854305));
#2314=CARTESIAN_POINT('',(-0.674885179481432,2.89878840624673,1.48000000000912));
#2315=CARTESIAN_POINT('',(-0.617569385798572,2.89878840624672,1.48000000000874));
#2316=CARTESIAN_POINT('',(-0.502937798433202,2.89878840624673,1.48000000000795));
#2317=CARTESIAN_POINT('',(-0.373797314733812,2.89878840624672,1.48002975659308));
#2318=CARTESIAN_POINT('',(-0.288183520039102,2.89878840624672,1.47997024342042));
#2319=CARTESIAN_POINT('',(-0.230618138590742,2.89878840624672,1.4806229212814));
#2320=CARTESIAN_POINT('',(-0.132957741965681,2.89878840624672,1.47284391100618));
#2321=CARTESIAN_POINT('',(0.00836715225738769,2.89878840624672,1.42186366873658));
#2322=CARTESIAN_POINT('',(0.106391789011449,2.89878840624672,1.33793926325801));
#2323=CARTESIAN_POINT('',(0.160761208986079,2.89878840624672,1.27146576741328));
#2324=CARTESIAN_POINT('',(0.1975702589717,2.89878840624672,1.22786203754772));
#2325=CARTESIAN_POINT('',(0.262264499172859,2.89878840624672,1.15102802065118));
#2326=CARTESIAN_POINT('',(0.354562172613518,2.89878840624672,1.04149756165225));
#2327=CARTESIAN_POINT('',(0.428421175404061,2.89878840624672,0.953833663361328));
#2328=CARTESIAN_POINT('',(0.46535126004711,2.89878840624672,0.910000609136323));
#2329=CARTESIAN_POINT('',(0.480224920779544,2.89878840624672,0.892346764480652));
#2330=CARTESIAN_POINT('',(0.495098676120059,2.89878840624672,0.874692740571056));
#2331=CARTESIAN_POINT('',(0.509972223410298,2.89878840624672,0.857039110854305));
#2332=CARTESIAN_POINT('',(-0.674885179481432,2.79989512414503,1.48000000000912));
#2333=CARTESIAN_POINT('',(-0.617569385798572,2.79989512414503,1.48000000000874));
#2334=CARTESIAN_POINT('',(-0.502937798433202,2.79989512414503,1.48000000000795));
#2335=CARTESIAN_POINT('',(-0.373797314733812,2.79989512414503,1.48002975659308));
#2336=CARTESIAN_POINT('',(-0.288183520039102,2.79989512414503,1.47997024342042));
#2337=CARTESIAN_POINT('',(-0.230618138590742,2.79989512414503,1.4806229212814));
#2338=CARTESIAN_POINT('',(-0.132957741965681,2.79989512414503,1.47284391100618));
#2339=CARTESIAN_POINT('',(0.00836715225738769,2.79989512414503,1.42186366873658));
#2340=CARTESIAN_POINT('',(0.106391789011449,2.79989512414503,1.33793926325801));
#2341=CARTESIAN_POINT('',(0.160761208986079,2.79989512414503,1.27146576741328));
#2342=CARTESIAN_POINT('',(0.1975702589717,2.79989512414503,1.22786203754772));
#2343=CARTESIAN_POINT('',(0.262264499172859,2.79989512414503,1.15102802065118));
#2344=CARTESIAN_POINT('',(0.354562172613518,2.79989512414503,1.04149756165225));
#2345=CARTESIAN_POINT('',(0.428421175404061,2.79989512414503,0.953833663361328));
#2346=CARTESIAN_POINT('',(0.465351260047109,2.79989512414503,0.910000609136323));
#2347=CARTESIAN_POINT('',(0.480224920779544,2.79989512414503,0.892346764480652));
#2348=CARTESIAN_POINT('',(0.495098676120059,2.79989512414503,0.874692740571056));
#2349=CARTESIAN_POINT('',(0.509972223410298,2.79989512414503,0.857039110854305));
#2350=CARTESIAN_POINT('',(0.915114820518568,7.8,-0.73));
#2351=CARTESIAN_POINT('',(0.535114820518568,7.8,0.130000000000005));
#2352=CARTESIAN_POINT('',(0.915114820518568,7.8,-0.03));
#2353=CARTESIAN_POINT('',(0.535114820518568,6.9,0.130000000000005));
#2354=CARTESIAN_POINT('',(-0.624885179481432,6.9,0.91));
#2355=CARTESIAN_POINT('',(-0.624885179481432,6.9,0.720000000004565));
#2356=CARTESIAN_POINT('',(-0.0748851794814317,6.9,0.72));
#2357=CARTESIAN_POINT('',(-0.0748851794814317,6.9,0.72));
#2358=CARTESIAN_POINT('',(-0.0748851794814317,6.9,-0.52999999999564));
#2359=CARTESIAN_POINT('',(0.0751148205185691,6.9,-0.53));
#2360=CARTESIAN_POINT('',(0.0751148205185691,6.9,0.720000000004565));
#2361=CARTESIAN_POINT('',(-0.0748851794814317,6.9,0.72));
#2362=CARTESIAN_POINT('',(0.625114820518569,6.9,0.72));
#2363=CARTESIAN_POINT('',(0.625114820518569,6.9,0.710000000008586));
#2364=CARTESIAN_POINT('',(-0.0748851794814317,6.9,0.91));
#2365=CARTESIAN_POINT('',(-1.66488517948143,3.65,2.62000000000456));
#2366=CARTESIAN_POINT('',(0.535114820518568,7.11,0.130000000000005));
#2367=CARTESIAN_POINT('',(-2.46238517948143,7.1100000000014,0.410000000008595));
#2368=CARTESIAN_POINT('',(-0.624885179481432,7.1100000000014,0.410000000008595));
#2369=CARTESIAN_POINT('',(-0.120730194465633,7.1100000000014,0.410000000008595));
#2370=CARTESIAN_POINT('',(-0.624885179481432,1.2999999999986,0.410000000008595));
#2371=CARTESIAN_POINT('',(-0.624885179481432,7.3000000000014,0.410000000008595));
#2372=CARTESIAN_POINT('',(-2.86238517948143,7.3000000000014,0.410000000008595));
#2373=CARTESIAN_POINT('',(-0.120730194465633,7.3000000000014,0.410000000008595));
#2374=CARTESIAN_POINT('',(-0.120730194465633,6.9983646719942,0.410000000008595));
#2375=CARTESIAN_POINT('',(-2.86238517948143,7.10000000000141,0.410000000008595));
#2376=CARTESIAN_POINT('',(-0.152098186394563,7.1100000000014,0.232103277664156));
#2377=CARTESIAN_POINT('',(-0.0748851794814317,7.1100000000014,0.670000000008613));
#2378=CARTESIAN_POINT('',(-0.283262992683242,7.3000000000014,-0.51176930361452));
#2379=CARTESIAN_POINT('',(-0.0748851794814317,7.3000000000014,0.670000000008586));
#2380=CARTESIAN_POINT('',(-0.0748851794814317,6.9983646719942,0.670000000008586));
#2381=CARTESIAN_POINT('',(-0.283262992683242,6.9983646719942,-0.51176930361452));
#2382=CARTESIAN_POINT('',(-0.624885179481432,7.1100000000014,0.710000000008586));
#2383=CARTESIAN_POINT('',(-0.624885179481432,7.1100000000014,0.720000000004565));
#2384=CARTESIAN_POINT('',(-0.0748851794814317,7.1100000000014,0.710000000008586));
#2385=CARTESIAN_POINT('',(-0.0748851794814317,7.1100000000014,0.720000000004565));
#2386=CARTESIAN_POINT('',(-2.46238517948143,7.1100000000014,0.720000000004565));
#2387=CARTESIAN_POINT('',(-2.46238517948143,7.1100000000014,0.710000000008586));
#2388=CARTESIAN_POINT('',(0.28349263372038,7.3000000000014,-0.51176930361452));
#2389=CARTESIAN_POINT('',(0.0751148205185691,7.3000000000014,0.670000000008586));
#2390=CARTESIAN_POINT('',(0.120959835502772,7.3000000000014,0.410000000008595));
#2391=CARTESIAN_POINT('',(0.120959835502772,7.10000000000141,0.410000000008595));
#2392=CARTESIAN_POINT('',(0.120959835502772,7.1100000000014,0.410000000008595));
#2393=CARTESIAN_POINT('',(0.152327827431699,7.1100000000014,0.232103277664156));
#2394=CARTESIAN_POINT('',(0.0751148205185691,7.1100000000014,0.670000000008586));
#2395=CARTESIAN_POINT('',(0.0751148205185691,6.9983646719942,0.670000000008586));
#2396=CARTESIAN_POINT('',(0.28349263372038,6.9983646719942,-0.51176930361452));
#2397=CARTESIAN_POINT('',(2.86261482051857,7.1100000000014,0.410000000008595));
#2398=CARTESIAN_POINT('',(0.625114820518569,7.1100000000014,0.410000000008595));
#2399=CARTESIAN_POINT('',(2.86261482051857,7.3000000000014,0.410000000008595));
#2400=CARTESIAN_POINT('',(0.625114820518569,7.3000000000014,0.410000000008595));
#2401=CARTESIAN_POINT('',(0.625114820518569,6.10000000000138,0.410000000008595));
#2402=CARTESIAN_POINT('',(2.86261482051857,7.10000000000141,0.410000000008595));
#2403=CARTESIAN_POINT('',(0.625114820518569,7.1100000000014,0.710000000008586));
#2404=CARTESIAN_POINT('',(0.625114820518569,7.1100000000014,0.72));
#2405=CARTESIAN_POINT('',(0.385114820518568,7.1100000000014,0.72));
#2406=CARTESIAN_POINT('',(0.0751148205185691,7.1100000000014,0.72));
#2407=CARTESIAN_POINT('',(0.0751148205185691,7.1100000000014,-0.53));
#2408=CARTESIAN_POINT('',(2.46261482051857,7.1100000000014,0.710000000008586));
#2409=CARTESIAN_POINT('',(0.0751148205185691,2.01,0.720000000004565));
#2410=CARTESIAN_POINT('',(0.625114820518569,-8.67361737988404E-16,0.72));
#2411=CARTESIAN_POINT('',(0.385114820518568,-8.67361737988404E-16,0.72));
#2412=CARTESIAN_POINT('',(-0.624885179481432,1.2999999999986,0.720000000004565));
#2413=CARTESIAN_POINT('',(-0.0748851794814317,7.04836467198964,0.720000000004565));
#2414=CARTESIAN_POINT('',(0.725114820513998,2.05999999999544,0.720000000004565));
#2415=CARTESIAN_POINT('',(-0.624885179481432,7.3000000000014,0.710000000008595));
#2416=CARTESIAN_POINT('',(-0.624885179481432,1.2999999999986,0.459999999991415));
#2417=CARTESIAN_POINT('',(-0.0748851794814317,7.3000000000014,0.710000000008595));
#2418=CARTESIAN_POINT('',(2.03761482051857,7.3000000000014,0.710000000008595));
#2419=CARTESIAN_POINT('',(-0.0748851794814317,7.04836467198964,-0.52999999999564));
#2420=CARTESIAN_POINT('',(0.0751148205185691,7.3000000000014,-0.53));
#2421=CARTESIAN_POINT('',(0.0751148205185691,6.9983646719942,-0.53));
#2422=CARTESIAN_POINT('',(0.625114820518569,7.3000000000014,0.710000000008595));
#2423=CARTESIAN_POINT('',(2.03761482051857,7.3000000000014,0.710000000008595));
#2424=CARTESIAN_POINT('',(0.625114820518569,6.10000000000138,0.710000000008586));
#2425=CARTESIAN_POINT('',(-0.299859838938313,12.9000000000014,-0.270294113673243));
#2426=CARTESIAN_POINT('',(-0.299859838933391,12.9000000000014,-0.0102941136732426));
#2427=CARTESIAN_POINT('',(-0.299859838938313,12.9000000000014,-0.530294113673242));
#2428=CARTESIAN_POINT('',(-0.299859838938313,12.9000000000014,-0.720294113673243));
#2429=CARTESIAN_POINT('',(-0.299859838938313,12.9000000000014,-0.720294113673242));
#2430=CARTESIAN_POINT('',(-0.299859838938313,12.9000000000014,-0.270294113673243));
#2431=CARTESIAN_POINT('',(-0.299859838929794,12.9000000000014,0.179705886326758));
#2432=CARTESIAN_POINT('',(0.000114820518566088,12.9000000000014,0.179705886326758));
#2433=CARTESIAN_POINT('',(0.300140161061687,12.9000000000014,0.179705886326758));
#2434=CARTESIAN_POINT('',(0.300140161061687,12.9000000000014,-0.270294113673243));
#2435=CARTESIAN_POINT('',(0.300140161061687,12.9000000000014,-0.720294113673242));
#2436=CARTESIAN_POINT('',(0.300140161061687,12.9000000000014,-0.826424472666854));
#2437=CARTESIAN_POINT('',(0.300140161061687,12.9000000000014,-0.530294113673242));
#2438=CARTESIAN_POINT('',(0.300140161061687,12.9000000000014,-0.270294113673243));
#2439=CARTESIAN_POINT('',(0.300140161061687,12.9000000000014,-0.0102941136732426));
#2440=CARTESIAN_POINT('',(0.000114820518566114,12.9000000000014,-0.0102941136732427));
#2441=CARTESIAN_POINT('',(0.000114820518566122,12.9000000000014,-0.0700000000014144));
#2442=CARTESIAN_POINT('',(0.300140725862689,9.9000000000014,-0.720342820629893));
#2443=CARTESIAN_POINT('',(0.531868045905857,9.9000000000014,-0.718924144329751));
#2444=CARTESIAN_POINT('',(0.750140161061687,9.9000000000014,-0.50007983402775));
#2445=CARTESIAN_POINT('',(0.750140161061687,9.9000000000014,-0.270294113673243));
#2446=CARTESIAN_POINT('',(0.300140350283001,9.9000000000014,-0.720292360241109));
#2447=CARTESIAN_POINT('',(0.750140161061687,9.9000000000014,-0.270294113673243));
#2448=CARTESIAN_POINT('',(0.300140161061687,12.7800000000014,-0.720294113673242));
#2449=CARTESIAN_POINT('',(0.300140161061687,12.7800000000014,0.179705886326758));
#2450=CARTESIAN_POINT('',(0.300140161061687,9.9000000000014,0.179705886326758));
#2451=CARTESIAN_POINT('',(0.750140161061687,9.9000000000014,-0.270294113673243));
#2452=CARTESIAN_POINT('',(0.75043010631829,9.9000000000014,-0.0330662945923822));
#2453=CARTESIAN_POINT('',(0.539595107941999,9.9000000000014,0.179705886326757));
#2454=CARTESIAN_POINT('',(0.300140161061687,9.9000000000014,0.179705886326757));
#2455=CARTESIAN_POINT('',(0.300140161061687,12.7800000000014,-0.270294113673243));
#2456=CARTESIAN_POINT('',(0.300140161061687,9.9000000000014,0.179705886326758));
#2457=CARTESIAN_POINT('',(-0.299859838929794,9.9000000000014,0.179705886326758));
#2458=CARTESIAN_POINT('',(-0.299859838929794,12.7800000000014,0.179705886326758));
#2459=CARTESIAN_POINT('',(0.300140161061687,12.7800000000014,0.179705886326758));
#2460=CARTESIAN_POINT('',(-0.299859838929793,9.9000000000014,0.179705886326757));
#2461=CARTESIAN_POINT('',(-0.537790074797649,9.9000000000014,0.179705886326757));
#2462=CARTESIAN_POINT('',(-0.749569893679465,9.9000000000014,-0.0330662945868185));
#2463=CARTESIAN_POINT('',(-0.749859838938313,9.9000000000014,-0.270294113668982));
#2464=CARTESIAN_POINT('',(-0.749859838938313,9.9000000000014,-0.270294113673243));
#2465=CARTESIAN_POINT('',(-0.299859838938313,12.7800000000014,-0.720294113673243));
#2466=CARTESIAN_POINT('',(-0.299860036361538,9.9000000000014,-0.720292752832113));
#2467=CARTESIAN_POINT('',(-0.749859838938313,9.9000000000014,-0.270294113673243));
#2468=CARTESIAN_POINT('',(-0.749859838938313,9.9000000000014,-0.498663347315831));
#2469=CARTESIAN_POINT('',(-0.533033311524812,9.9000000000014,-0.718915291615152));
#2470=CARTESIAN_POINT('',(-0.299860411470778,9.9000000000014,-0.72034282058256));
#2471=CARTESIAN_POINT('',(-0.299859838938313,12.7800000000014,-0.270294113673243));
#2472=CARTESIAN_POINT('',(0.000140161056395038,9.9000000000014,-0.720294113673243));
#2473=CARTESIAN_POINT('',(0.00011482051856624,12.9000000000014,-0.720294113673243));
#2474=CARTESIAN_POINT('',(-0.299859838929794,12.7800000000014,-0.720294113673243));
#2475=CARTESIAN_POINT('',(0.300140350283001,9.9000000000014,-0.720294113673243));
#2476=CARTESIAN_POINT('',(0.300140126279281,9.9000000000014,-0.530284860888222));
#2477=CARTESIAN_POINT('',(-0.299860036361538,9.9000000000014,0.));
#2478=CARTESIAN_POINT('',(-0.299859803322757,9.9000000000014,-0.530284721910951));
#2479=CARTESIAN_POINT('',(-0.559859838938313,9.9000000000014,-0.270294113668983));
#2480=CARTESIAN_POINT('',(-0.559859838940544,9.9000000000014,-0.406429795325961));
#2481=CARTESIAN_POINT('',(-0.43599552059529,9.9000000000014,-0.530294113673243));
#2482=CARTESIAN_POINT('',(-0.299859838938312,9.9000000000014,-0.530294113673242));
#2483=CARTESIAN_POINT('',(-0.559859838938313,9.9000000000014,-0.270294113668982));
#2484=CARTESIAN_POINT('',(-0.299859838929794,9.9000000000014,-0.0102941136732425));
#2485=CARTESIAN_POINT('',(-0.435995520586772,9.9000000000014,-0.0102941136687816));
#2486=CARTESIAN_POINT('',(-0.559859838936083,9.9000000000014,-0.134158432012005));
#2487=CARTESIAN_POINT('',(-0.559859838938313,9.9000000000014,-0.270294113668983));
#2488=CARTESIAN_POINT('',(-0.299859838929794,9.9000000000014,-0.0102941136732427));
#2489=CARTESIAN_POINT('',(0.300140161061687,9.9000000000014,-0.0102941136732426));
#2490=CARTESIAN_POINT('',(0.300140161061687,9.9000000000014,-0.0102941136732425));
#2491=CARTESIAN_POINT('',(0.560140161061687,9.9000000000014,-0.270294113673242));
#2492=CARTESIAN_POINT('',(0.560140161061687,9.9000000000014,-0.134158432017684));
#2493=CARTESIAN_POINT('',(0.436275842717244,9.9000000000014,-0.0102941136732422));
#2494=CARTESIAN_POINT('',(0.300140161061686,9.9000000000014,-0.0102941136732425));
#2495=CARTESIAN_POINT('',(0.560140161061687,9.9000000000014,-0.270294113673243));
#2496=CARTESIAN_POINT('',(0.300140161061687,9.9000000000014,-0.530294113673242));
#2497=CARTESIAN_POINT('',(0.436275842717245,9.9000000000014,-0.530294113673242));
#2498=CARTESIAN_POINT('',(0.560140161061687,9.9000000000014,-0.4064297953288));
#2499=CARTESIAN_POINT('',(0.560140161061687,9.9000000000014,-0.270294113673242));
#2500=CARTESIAN_POINT('',(0.300140161061687,9.9000000000014,-0.270294113673243));
#2501=CARTESIAN_POINT('',(0.300140161061687,12.7800000000014,-0.0102941136732425));
#2502=CARTESIAN_POINT('',(0.300140161061687,12.7800000000014,-0.530294113673243));
#2503=CARTESIAN_POINT('',(0.300140161061687,12.7800000000014,-0.270294113673243));
#2504=CARTESIAN_POINT('',(-0.299859838929794,12.7800000000014,-0.0102941136732427));
#2505=CARTESIAN_POINT('',(0.300140161061687,12.7800000000014,-0.0102941136732426));
#2506=CARTESIAN_POINT('',(-0.299859838938313,12.7800000000014,-0.530294113673242));
#2507=CARTESIAN_POINT('',(-0.299859838938313,12.7800000000014,-0.270294113673243));
#2508=CARTESIAN_POINT('',(-0.299859838929794,9.9000000000014,-0.530294113673243));
#2509=CARTESIAN_POINT('',(0.000114820518566205,12.9000000000014,-0.530294113673243));
#2510=CARTESIAN_POINT('',(-0.299859838929794,12.7800000000014,-0.530294113673243));
#2511=CARTESIAN_POINT('',(-0.919718633925669,7.78349619613693,-0.731569479418207));
#2512=CARTESIAN_POINT('',(0.487626904995754,9.25965598029956,-0.591189575582057));
#2513=CARTESIAN_POINT('',(0.487626904995754,9.25965598029956,-0.591189575582057));
#2514=CARTESIAN_POINT('',(-0.45801614427763,9.35997683129125,-0.771649259170468));
#2515=CARTESIAN_POINT('',(-0.914885179481431,7.8,-0.92));
#2516=CARTESIAN_POINT('',(0.487627094217069,9.25965598029956,-0.781189575582057));
#2517=CARTESIAN_POINT('',(-0.11237329242747,9.25965598029956,-0.781189575582057));
#2518=CARTESIAN_POINT('',(0.487627094217069,9.25965598029956,-0.781189575582057));
#2519=CARTESIAN_POINT('',(0.000114820518566996,0.361772873262515,-0.519999999999994));
#2520=CARTESIAN_POINT('',(-0.549885179481431,0.361772873262033,-0.519999999999687));
#2521=CARTESIAN_POINT('',(0.550114820518567,0.361772873262033,-0.519999999999687));
#2522=CARTESIAN_POINT('',(-0.549885179481431,0.794264738672164,-0.519999999999994));
#2523=CARTESIAN_POINT('',(-0.549885179481431,-8.67361737988404E-16,-0.519999999999994));
#2524=CARTESIAN_POINT('',(0.0501148205185684,-8.67361737988404E-16,-0.519999999999994));
#2525=CARTESIAN_POINT('',(0.550114820518569,-8.67361737988404E-16,-0.519999999999994));
#2526=CARTESIAN_POINT('',(0.550114820518569,0.44190383282791,-0.519999999999994));
#2527=CARTESIAN_POINT('',(-0.549885179481431,0.44190383282791,-0.519999999999994));
#2528=CARTESIAN_POINT('',(0.637614820518408,0.728810139992481,-0.73));
#2529=CARTESIAN_POINT('',(0.550114820518569,0.728815877629738,-0.730000000000324));
#2530=CARTESIAN_POINT('',(0.725114820518248,0.728810139992481,-0.73));
#2531=CARTESIAN_POINT('',(0.725114820516564,-8.32667268468867E-16,-0.0975134863357941));
#2532=CARTESIAN_POINT('',(0.725114773212879,0.0222025089435824,-0.190840061541614));
#2533=CARTESIAN_POINT('',(0.725114696861552,0.0580388505347634,-0.341475426090241));
#2534=CARTESIAN_POINT('',(0.725115046426047,0.211936938219465,-0.423552449065229));
#2535=CARTESIAN_POINT('',(0.725114642618192,0.345473324927646,-0.510587540530678));
#2536=CARTESIAN_POINT('',(0.725114855282112,0.471944278209439,-0.586146270220734));
#2537=CARTESIAN_POINT('',(0.725114817572392,0.592962042260538,-0.672593222189297));
#2538=CARTESIAN_POINT('',(0.725114821031456,0.670664130598126,-0.705952192282428));
#2539=CARTESIAN_POINT('',(0.725114820688839,0.709482144696773,-0.722004816436482));
#2540=CARTESIAN_POINT('',(0.725114820518195,0.72881587762918,-0.729999999999198));
#2541=CARTESIAN_POINT('',(0.725114820518569,-8.32667268468867E-16,-0.0975134863357941));
#2542=CARTESIAN_POINT('',(-0.000583935389453574,-8.30553727181161E-16,-0.0975134863353065));
#2543=CARTESIAN_POINT('',(-0.725583935398247,-8.41484426685835E-16,-0.0975134863357941));
#2544=CARTESIAN_POINT('',(-0.725225833480155,0.728487308412372,-0.730092291344721));
#2545=CARTESIAN_POINT('',(-0.725760135201553,0.677735684093129,-0.675811834508272));
#2546=CARTESIAN_POINT('',(-0.724776328932733,0.630840672304219,-0.691428174320299));
#2547=CARTESIAN_POINT('',(-0.725441493471337,0.48975541621101,-0.601535573384618));
#2548=CARTESIAN_POINT('',(-0.725555779202321,0.360161999511695,-0.51894811365809));
#2549=CARTESIAN_POINT('',(-0.725837800277182,0.123762093478316,-0.36843847908239));
#2550=CARTESIAN_POINT('',(-0.726048049511294,4.83213959341281E-7,-0.234111272963457));
#2551=CARTESIAN_POINT('',(-0.726282689233702,2.12218574608829E-12,-0.0975146866249834));
#2552=CARTESIAN_POINT('',(-0.725207268147275,0.728560639324586,-0.730077231105786));
#2553=CARTESIAN_POINT('',(-0.637540706366532,0.728810139992481,-0.73));
#2554=CARTESIAN_POINT('',(-0.549885179481431,0.728815877629131,-0.73));
#2555=CARTESIAN_POINT('',(-0.549885179481431,0.361772873262033,-0.519999999999687));
#2556=CARTESIAN_POINT('',(-0.549885179481431,0.421144256316393,-0.55782758789274));
#2557=CARTESIAN_POINT('',(-0.549885179481432,0.480518626818654,-0.595651023225285));
#2558=CARTESIAN_POINT('',(-0.549885179481432,0.540023594170656,-0.633268125612781));
#2559=CARTESIAN_POINT('',(-0.549885179481432,0.569787848111696,-0.65208411758475));
#2560=CARTESIAN_POINT('',(-0.549885179481435,0.598453445500682,-0.672965475282262));
#2561=CARTESIAN_POINT('',(-0.549885179481435,0.629975824751226,-0.68865916742085));
#2562=CARTESIAN_POINT('',(-0.549885179481435,0.645978301822097,-0.69662614055473));
#2563=CARTESIAN_POINT('',(-0.549885179481432,0.662775953808267,-0.70302527117699));
#2564=CARTESIAN_POINT('',(-0.549885179481432,0.679768695385591,-0.708574925851471));
#2565=CARTESIAN_POINT('',(-0.549885179481432,0.691447572512227,-0.71238912703517));
#2566=CARTESIAN_POINT('',(-0.549885179481432,0.703525789314546,-0.715278616679328));
#2567=CARTESIAN_POINT('',(-0.549885179481432,0.714636223813729,-0.720522903746999));
#2568=CARTESIAN_POINT('',(-0.549885179481432,0.719777332878589,-0.72294958218017));
#2569=CARTESIAN_POINT('',(-0.549885179481431,0.724914827696774,-0.725864594329444));
#2570=CARTESIAN_POINT('',(-0.549885179481431,0.728815877629131,-0.73));
#2571=CARTESIAN_POINT('',(0.550114820518569,0.728815877629738,-0.730000000000324));
#2572=CARTESIAN_POINT('',(0.550114820518569,0.725006442348846,-0.725961713985083));
#2573=CARTESIAN_POINT('',(0.550114820518576,0.720011088562322,-0.72309007753169));
#2574=CARTESIAN_POINT('',(0.550114820518576,0.715002007362291,-0.720696616307502));
#2575=CARTESIAN_POINT('',(0.550114820518576,0.695346691732812,-0.711304826889506));
#2576=CARTESIAN_POINT('',(0.550114820518569,0.673571990736085,-0.707123557556415));
#2577=CARTESIAN_POINT('',(0.550114820518569,0.653340144706781,-0.699048314698585));
#2578=CARTESIAN_POINT('',(0.550114820518569,0.58426934178781,-0.671479722729859));
#2579=CARTESIAN_POINT('',(0.550114820518569,0.524989769047633,-0.623822451727371));
#2580=CARTESIAN_POINT('',(0.550114820518569,0.462221845025669,-0.583935225789955));
#2581=CARTESIAN_POINT('',(0.550114820518569,0.428723338756888,-0.562647880240001));
#2582=CARTESIAN_POINT('',(0.550114820518567,0.395246149356646,-0.541326996747858));
#2583=CARTESIAN_POINT('',(0.550114820518567,0.361772873262033,-0.519999999999687));
#2584=CARTESIAN_POINT('',(13.7291153943219,0.00430618933087337,-0.00244861928642163));
#2585=CARTESIAN_POINT('',(13.7291153943219,0.00332651882178688,-0.0211418461792367));
#2586=CARTESIAN_POINT('',(13.7291153943219,0.00166325941089302,-0.0528787263456519));
#2587=CARTESIAN_POINT('',(13.7291153943219,-0.00267654908050304,-0.135687205368542));
#2588=CARTESIAN_POINT('',(13.7291153943219,0.010479858525198,-0.196280349658686));
#2589=CARTESIAN_POINT('',(13.7291153943219,0.0314395755755956,-0.242311579885853));
#2590=CARTESIAN_POINT('',(13.7291153943219,0.0525112134110997,-0.288588607869453));
#2591=CARTESIAN_POINT('',(13.7291153943219,0.0818409255855238,-0.328131894739598));
#2592=CARTESIAN_POINT('',(13.7291153943219,0.119428712098868,-0.360941440496288));
#2593=CARTESIAN_POINT('',(13.7291153943219,0.132449935611691,-0.372307377899927));
#2594=CARTESIAN_POINT('',(13.7291153943219,0.152784773474432,-0.386817993126631));
#2595=CARTESIAN_POINT('',(13.7291153943219,0.180433225687089,-0.404473286176399));
#2596=CARTESIAN_POINT('',(13.7291153943219,0.196711487403472,-0.41486799032595));
#2597=CARTESIAN_POINT('',(13.7291153943219,0.217820900520191,-0.428323747231551));
#2598=CARTESIAN_POINT('',(13.7291153943219,0.243761465037247,-0.444840556893206));
#2599=CARTESIAN_POINT('',(13.7291153943219,0.295790994089328,-0.47796866509508));
#2600=CARTESIAN_POINT('',(13.7291153943219,0.338020062605759,-0.504864454096256));
#2601=CARTESIAN_POINT('',(13.7291153943219,0.370448670586541,-0.525527923896736));
#2602=CARTESIAN_POINT('',(13.7291153943219,0.530162757818276,-0.627297547192926));
#2603=CARTESIAN_POINT('',(13.7291153943219,0.614832707899824,-0.680730610791452));
#2604=CARTESIAN_POINT('',(13.7291153943219,0.624458520831187,-0.685827114692313));
#2605=CARTESIAN_POINT('',(13.7291153943219,0.643401101259416,-0.695856494624505));
#2606=CARTESIAN_POINT('',(13.7291153943219,0.666954024468721,-0.70502694307322));
#2607=CARTESIAN_POINT('',(13.7291153943219,0.695117290459102,-0.713338460038457));
#2608=CARTESIAN_POINT('',(13.7291153943219,0.711732533309362,-0.718241935114063));
#2609=CARTESIAN_POINT('',(13.7291153943219,0.72296639611748,-0.723798871301685));
#2610=CARTESIAN_POINT('',(13.7291153943219,0.728818878883458,-0.730009268601321));
#2611=CARTESIAN_POINT('',(0.475114820518569,0.498850307654036,0.51));
#2612=CARTESIAN_POINT('',(0.600114820518569,0.498850307654036,0.51));
#2613=CARTESIAN_POINT('',(-0.599885179481431,0.498850307654036,0.51));
#2614=CARTESIAN_POINT('',(0.600114820518569,0.590540265639961,0.51));
#2615=CARTESIAN_POINT('',(0.600114820518569,-8.67361737988404E-16,0.51));
#2616=CARTESIAN_POINT('',(0.0501148205185684,-8.67361737988404E-16,0.51));
#2617=CARTESIAN_POINT('',(-0.599885179481431,-8.67361737988404E-16,0.51));
#2618=CARTESIAN_POINT('',(-0.599885179481431,0.616764738672163,0.51));
#2619=CARTESIAN_POINT('',(0.475114820518569,-2.60208521396521E-15,0.51));
#2620=CARTESIAN_POINT('',(0.600114820518569,-8.67361737988404E-16,0.130000000000005));
#2621=CARTESIAN_POINT('',(0.600114820518569,0.652886835280499,0.608132090828871));
#2622=CARTESIAN_POINT('',(0.600114820518569,0.746157754452739,0.667552219631685));
#2623=CARTESIAN_POINT('',(0.600114820518569,0.746157754452739,0.705996601976375));
#2624=CARTESIAN_POINT('',(0.600114820518569,0.746157754452739,0.85));
#2625=CARTESIAN_POINT('',(0.600114820518569,0.746157754452739,0.705996601976375));
#2626=CARTESIAN_POINT('',(0.600114820518569,0.590540265639961,0.705996601976375));
#2627=CARTESIAN_POINT('',(-0.599885179481431,-8.67361737988404E-16,0.130000000000005));
#2628=CARTESIAN_POINT('',(0.0501148205185684,-8.67361737988404E-16,0.130000000000005));
#2629=CARTESIAN_POINT('',(-0.599885179481431,0.804422017085697,0.91));
#2630=CARTESIAN_POINT('',(-0.599885179481431,0.804422017085697,0.595349985004566));
#2631=CARTESIAN_POINT('',(-0.599885179481431,0.616764738672163,0.595349985004566));
#2632=CARTESIAN_POINT('',(-0.599885179481431,0.632822948122897,0.595349985004566));
#2633=CARTESIAN_POINT('',(-0.599885179481431,0.714138548218926,0.647153735565461));
#2634=CARTESIAN_POINT('',(-0.599885179481431,0.616764738672163,0.8));
#2635=CARTESIAN_POINT('',(-0.864885179481432,0.804422017085697,0.91));
#2636=CARTESIAN_POINT('',(-0.864885179481432,0.804422017085697,0.595349985004566));
#2637=CARTESIAN_POINT('',(-0.724885179481431,0.804422017085697,0.595349985004566));
#2638=CARTESIAN_POINT('',(-0.672157906754162,0.804422017085697,0.91));
#2639=CARTESIAN_POINT('',(-0.864885179481432,1.65,0.719999999995445));
#2640=CARTESIAN_POINT('',(-0.864885179481432,1.65,0.595349985004566));
#2641=CARTESIAN_POINT('',(-0.864885179481432,0.35,0.595349985004566));
#2642=CARTESIAN_POINT('',(-0.864885179481432,0.35,0.91));
#2643=CARTESIAN_POINT('',(-0.340411582792176,2.37605603036246,1.14163851326215));
#2644=CARTESIAN_POINT('',(-0.674885179481432,1.91302686472624,0.753110911152465));
#2645=CARTESIAN_POINT('',(-0.810697575046624,1.72501471421849,0.595349985004566));
#2646=CARTESIAN_POINT('',(-0.812427813396432,1.72261945543755,0.595349985004566));
#2647=CARTESIAN_POINT('',(-0.674885179481432,1.91302686472624,0.719999999995445));
#2648=CARTESIAN_POINT('',(-0.812427813396432,1.72261945543755,0.719999999995445));
#2649=CARTESIAN_POINT('',(-0.674885179481432,2.24670602221025,1.03310096912884));
#2650=CARTESIAN_POINT('',(-0.674885179481432,2.35,0.910000000004565));
#2651=CARTESIAN_POINT('',(-0.243376008127446,2.6120091225365,1.33962666588052));
#2652=CARTESIAN_POINT('',(-0.243969123057917,2.6120011597868,1.33963615551609));
#2653=CARTESIAN_POINT('',(-0.258801101464196,2.61181411229931,1.33985907003128));
#2654=CARTESIAN_POINT('',(-0.288183520039102,2.61202824970302,1.3396038710111));
#2655=CARTESIAN_POINT('',(-0.318533697262236,2.61201468850417,1.33962003261856));
#2656=CARTESIAN_POINT('',(-0.334635225106262,2.61200966251405,1.33962602236033));
#2657=CARTESIAN_POINT('',(-0.336450008829837,2.61200912253656,1.33962666588045));
#2658=CARTESIAN_POINT('',(-0.243376008127431,2.6120091225365,1.33962666588051));
#2659=CARTESIAN_POINT('',(-0.336450009010241,2.61200912253106,1.33962666587595));
#2660=CARTESIAN_POINT('',(-0.336450009010241,2.35446835571344,1.12352430342618));
#2661=CARTESIAN_POINT('',(-0.243376008127432,2.6120091225365,1.33962666588051));
#2662=CARTESIAN_POINT('',(-0.215503805686065,2.61238331539571,1.33918072019622));
#2663=CARTESIAN_POINT('',(-0.132368801370242,2.61674552747442,1.33398203827976));
#2664=CARTESIAN_POINT('',(0.0083671522573877,2.64937843595113,1.29509165236585));
#2665=CARTESIAN_POINT('',(0.106391789011449,2.70332400394306,1.23080182790693));
#2666=CARTESIAN_POINT('',(0.160761208986079,2.7460523434446,1.17988017580039));
#2667=CARTESIAN_POINT('',(0.1975702589717,2.77408028073831,1.14647778083761));
#2668=CARTESIAN_POINT('',(0.262264499172859,2.82346823480184,1.08761950915151));
#2669=CARTESIAN_POINT('',(0.351989800093582,2.89191084660616,1.00605278064717));
#2670=CARTESIAN_POINT('',(0.423275563830603,2.94629684877864,0.94123806717129));
#2671=CARTESIAN_POINT('',(0.457632222172865,2.97250869941693,0.910000000004565));
#2672=CARTESIAN_POINT('',(-2.05046422787025,3.18713457497419,1.82221422091401));
#2673=CARTESIAN_POINT('',(-1.59193787840731,3.18713457497621,1.82221422091159));
#2674=CARTESIAN_POINT('',(-1.13341152894437,3.18713457497822,1.82221422090915));
#2675=CARTESIAN_POINT('',(-0.674885179481432,3.18713457498025,1.82221422090673));
#2676=CARTESIAN_POINT('',(-0.617569385798572,3.1871345749805,1.82221422090642));
#2677=CARTESIAN_POINT('',(-0.502937798433202,3.18713457498101,1.82221422090581));
#2678=CARTESIAN_POINT('',(-0.373797314733812,3.18711544781678,1.82223701577251));
#2679=CARTESIAN_POINT('',(-0.288183520039102,3.18715370214677,1.82219142603731));
#2680=CARTESIAN_POINT('',(-0.230618138590742,3.18673416890462,1.82269140628586));
#2681=CARTESIAN_POINT('',(-0.132957741965681,3.19173442032516,1.81673233869155));
#2682=CARTESIAN_POINT('',(0.0083671522573877,3.22450388839488,1.77767920739207));
#2683=CARTESIAN_POINT('',(0.106391789011449,3.2784494563868,1.71338938293316));
#2684=CARTESIAN_POINT('',(0.160761208986079,3.32117779588835,1.6624677308266));
#2685=CARTESIAN_POINT('',(0.1975702589717,3.34920573318206,1.62906533586383));
#2686=CARTESIAN_POINT('',(0.262264499172859,3.39859368724559,1.57020706417773));
#2687=CARTESIAN_POINT('',(0.354562172613518,3.46899850917338,1.48630186470933));
#2688=CARTESIAN_POINT('',(0.428421778564218,3.52534851139413,1.41914654712005));
#2689=CARTESIAN_POINT('',(0.465351581539568,3.5535235125045,1.38556888832541));
#2690=CARTESIAN_POINT('',(0.760790005342378,3.77892352138753,1.11694761796832));
#2691=CARTESIAN_POINT('',(1.05622842914519,4.00432353027054,0.848326347611225));
#2692=CARTESIAN_POINT('',(1.351666852948,4.22972353915356,0.579705077254135));
#2693=CARTESIAN_POINT('',(-2.05046422787025,2.8995718487523,1.58092044340091));
#2694=CARTESIAN_POINT('',(-1.59193787840731,2.89957184875432,1.58092044339848));
#2695=CARTESIAN_POINT('',(-1.13341152894437,2.89957184875635,1.58092044339605));
#2696=CARTESIAN_POINT('',(-0.674885179481432,2.89957184875837,1.58092044339363));
#2697=CARTESIAN_POINT('',(-0.617569385798572,2.89957184875863,1.58092044339332));
#2698=CARTESIAN_POINT('',(-0.502937798433202,2.89957184875914,1.58092044339271));
#2699=CARTESIAN_POINT('',(-0.373797314733812,2.89955272159491,1.58094323825939));
#2700=CARTESIAN_POINT('',(-0.288183520039102,2.8995909759249,1.58089764852421));
#2701=CARTESIAN_POINT('',(-0.230618138590742,2.89917144268275,1.58139762877275));
#2702=CARTESIAN_POINT('',(-0.132957741965681,2.90417169410328,1.57543856117844));
#2703=CARTESIAN_POINT('',(0.0083671522573877,2.936941162173,1.53638542987895));
#2704=CARTESIAN_POINT('',(0.106391789011449,2.99088673016493,1.47209560542004));
#2705=CARTESIAN_POINT('',(0.160761208986079,3.03361506966648,1.42117395331348));
#2706=CARTESIAN_POINT('',(0.1975702589717,3.06164300696018,1.38777155835071));
#2707=CARTESIAN_POINT('',(0.262264499172859,3.11103096102371,1.32891328666461));
#2708=CARTESIAN_POINT('',(0.354562172613518,3.18143578295151,1.24500808719621));
#2709=CARTESIAN_POINT('',(0.428421778564218,3.23778578517225,1.17785276960694));
#2710=CARTESIAN_POINT('',(0.465351581539568,3.26596078628263,1.14427511081231));
#2711=CARTESIAN_POINT('',(0.760790005342378,3.49136079516565,0.875653840455216));
#2712=CARTESIAN_POINT('',(1.05622842914519,3.71676080404866,0.607032570098115));
#2713=CARTESIAN_POINT('',(1.351666852948,3.94216081293168,0.338411299741025));
#2714=CARTESIAN_POINT('',(-2.05046422787025,2.6120091225304,1.3396266658878));
#2715=CARTESIAN_POINT('',(-1.59193787840731,2.61200912253243,1.33962666588537));
#2716=CARTESIAN_POINT('',(-1.13341152894437,2.61200912253446,1.33962666588294));
#2717=CARTESIAN_POINT('',(-0.674885179481432,2.6120091225365,1.33962666588051));
#2718=CARTESIAN_POINT('',(-0.617569385798572,2.61200912253675,1.33962666588021));
#2719=CARTESIAN_POINT('',(-0.502937798433202,2.61200912253726,1.3396266658796));
#2720=CARTESIAN_POINT('',(-0.373797314733812,2.61198999537303,1.33964946074629));
#2721=CARTESIAN_POINT('',(-0.288183520039102,2.61202824970302,1.33960387101109));
#2722=CARTESIAN_POINT('',(-0.230618138590742,2.61160871646087,1.34010385125965));
#2723=CARTESIAN_POINT('',(-0.132957741965681,2.61660896788142,1.33414478366533));
#2724=CARTESIAN_POINT('',(0.0083671522573877,2.64937843595113,1.29509165236585));
#2725=CARTESIAN_POINT('',(0.106391789011449,2.70332400394306,1.23080182790693));
#2726=CARTESIAN_POINT('',(0.160761208986079,2.7460523434446,1.17988017580039));
#2727=CARTESIAN_POINT('',(0.1975702589717,2.77408028073831,1.14647778083761));
#2728=CARTESIAN_POINT('',(0.262264499172859,2.82346823480184,1.08761950915151));
#2729=CARTESIAN_POINT('',(0.354562172613518,2.89387305672964,1.00371430968311));
#2730=CARTESIAN_POINT('',(0.428421778564218,2.95022305895038,0.936558992093835));
#2731=CARTESIAN_POINT('',(0.465351581539568,2.97839806006076,0.902981333299205));
#2732=CARTESIAN_POINT('',(0.760790005342378,3.20379806894377,0.634360062942105));
#2733=CARTESIAN_POINT('',(1.05622842914519,3.42919807782678,0.365738792585015));
#2734=CARTESIAN_POINT('',(1.351666852948,3.65459808670979,0.0971175222279153));
#2735=CARTESIAN_POINT('',(-2.05046422787025,2.35600456126441,1.12481333294982));
#2736=CARTESIAN_POINT('',(-1.59193787840731,2.35600456126645,1.12481333294739));
#2737=CARTESIAN_POINT('',(-1.13341152894437,2.35600456126849,1.12481333294497));
#2738=CARTESIAN_POINT('',(-0.674885179481432,2.35600456127053,1.12481333294254));
#2739=CARTESIAN_POINT('',(-0.617569385798572,2.35600456127078,1.12481333294223));
#2740=CARTESIAN_POINT('',(-0.502937798433202,2.3560045612713,1.12481333294162));
#2741=CARTESIAN_POINT('',(-0.373797314733812,2.35598543410707,1.12483612780831));
#2742=CARTESIAN_POINT('',(-0.288183520039102,2.35602368843705,1.12479053807312));
#2743=CARTESIAN_POINT('',(-0.230618138590742,2.35560415519491,1.12529051832166));
#2744=CARTESIAN_POINT('',(-0.132957741965681,2.36060440661544,1.11933145072737));
#2745=CARTESIAN_POINT('',(0.0083671522573877,2.39337387468516,1.08027831942787));
#2746=CARTESIAN_POINT('',(0.106391789011449,2.44731944267709,1.01598849496897));
#2747=CARTESIAN_POINT('',(0.160761208986079,2.49004778217863,0.965066842862405));
#2748=CARTESIAN_POINT('',(0.1975702589717,2.51807571947234,0.931664447899635));
#2749=CARTESIAN_POINT('',(0.262264499172859,2.56746367353588,0.872806176213535));
#2750=CARTESIAN_POINT('',(0.354562172613518,2.63786849546367,0.788900976745135));
#2751=CARTESIAN_POINT('',(0.428421778564218,2.69421849768442,0.721745659155866));
#2752=CARTESIAN_POINT('',(0.465351581539568,2.7223934987948,0.688168000361225));
#2753=CARTESIAN_POINT('',(0.760790005342378,2.9477935076778,0.419546730004135));
#2754=CARTESIAN_POINT('',(1.05622842914519,3.1731935165608,0.150925459647036));
#2755=CARTESIAN_POINT('',(1.351666852948,3.39859352544381,-0.117695810710055));
#2756=CARTESIAN_POINT('',(-2.05046422787025,2.09999999999844,0.910000000011855));
#2757=CARTESIAN_POINT('',(-1.59193787840731,2.10000000000048,0.910000000009425));
#2758=CARTESIAN_POINT('',(-1.13341152894437,2.10000000000252,0.910000000006995));
#2759=CARTESIAN_POINT('',(-0.674885179481432,2.10000000000456,0.910000000004565));
#2760=CARTESIAN_POINT('',(-0.617569385798572,2.10000000000481,0.910000000004265));
#2761=CARTESIAN_POINT('',(-0.502937798433202,2.10000000000533,0.910000000003655));
#2762=CARTESIAN_POINT('',(-0.373797314733812,2.09998087284109,0.910022794870345));
#2763=CARTESIAN_POINT('',(-0.288183520039102,2.10001912717109,0.909977205135145));
#2764=CARTESIAN_POINT('',(-0.230618138590742,2.09959959392893,0.910477185383685));
#2765=CARTESIAN_POINT('',(-0.132957741965681,2.10459984534947,0.904518117789385));
#2766=CARTESIAN_POINT('',(0.0083671522573877,2.13736931341919,0.865464986489905));
#2767=CARTESIAN_POINT('',(0.106391789011449,2.19131488141112,0.801175162030985));
#2768=CARTESIAN_POINT('',(0.160761208986079,2.23404322091267,0.750253509924425));
#2769=CARTESIAN_POINT('',(0.1975702589717,2.26207115820637,0.716851114961656));
#2770=CARTESIAN_POINT('',(0.262264499172859,2.31145911226991,0.657992843275556));
#2771=CARTESIAN_POINT('',(0.354562172613518,2.38186393419769,0.574087643807155));
#2772=CARTESIAN_POINT('',(0.428421778564218,2.43821393641845,0.506932326217885));
#2773=CARTESIAN_POINT('',(0.465351581539568,2.46638893752883,0.473354667423255));
#2774=CARTESIAN_POINT('',(0.760790005342378,2.69178894641184,0.204733397066156));
#2775=CARTESIAN_POINT('',(1.05622842914519,2.91718895529484,-0.0638878732909347));
#2776=CARTESIAN_POINT('',(1.351666852948,3.14258896417786,-0.332509143648035));
#2777=CARTESIAN_POINT('',(-2.05046422787025,2.06844183504254,0.883519555436716));
#2778=CARTESIAN_POINT('',(-1.59193787840731,2.06844183504457,0.883519555434295));
#2779=CARTESIAN_POINT('',(-1.13341152894437,2.06844183504661,0.883519555431866));
#2780=CARTESIAN_POINT('',(-0.674885179481432,2.06844183504866,0.883519555429435));
#2781=CARTESIAN_POINT('',(-0.617569385798572,2.06844183504891,0.883519555429135));
#2782=CARTESIAN_POINT('',(-0.502937798433202,2.06844183504942,0.883519555428525));
#2783=CARTESIAN_POINT('',(-0.373797314733812,2.06842270788519,0.883542350295205));
#2784=CARTESIAN_POINT('',(-0.288183520039102,2.06846096221518,0.883496760560015));
#2785=CARTESIAN_POINT('',(-0.230618138590742,2.06804142897303,0.883996740808555));
#2786=CARTESIAN_POINT('',(-0.132957741965681,2.07304168039357,0.878037673214255));
#2787=CARTESIAN_POINT('',(0.0083671522573877,2.10581114846329,0.838984541914766));
#2788=CARTESIAN_POINT('',(0.106391789011449,2.15975671645521,0.774694717455855));
#2789=CARTESIAN_POINT('',(0.160761208986079,2.20248505595676,0.723773065349295));
#2790=CARTESIAN_POINT('',(0.1975702589717,2.23051299325047,0.690370670386525));
#2791=CARTESIAN_POINT('',(0.262264499172859,2.279900947314,0.631512398700425));
#2792=CARTESIAN_POINT('',(0.354562172613518,2.35030576924179,0.547607199232025));
#2793=CARTESIAN_POINT('',(0.428421778564218,2.40665577146255,0.480451881642755));
#2794=CARTESIAN_POINT('',(0.465351581539568,2.43483077257292,0.446874222848115));
#2795=CARTESIAN_POINT('',(0.760790005342378,2.66023078145593,0.178252952491024));
#2796=CARTESIAN_POINT('',(1.05622842914519,2.88563079033894,-0.090368317866075));
#2797=CARTESIAN_POINT('',(1.351666852948,3.11103079922195,-0.358989588223165));
#2798=CARTESIAN_POINT('',(-2.05046422787025,2.03688367008663,0.857039110861585));
#2799=CARTESIAN_POINT('',(-1.59193787840731,2.03688367008867,0.857039110859155));
#2800=CARTESIAN_POINT('',(-1.13341152894437,2.03688367009071,0.857039110856735));
#2801=CARTESIAN_POINT('',(-0.674885179481432,2.03688367009275,0.857039110854305));
#2802=CARTESIAN_POINT('',(-0.617569385798572,2.03688367009301,0.857039110853995));
#2803=CARTESIAN_POINT('',(-0.502937798433202,2.03688367009352,0.857039110853395));
#2804=CARTESIAN_POINT('',(-0.373797314733812,2.03686454292929,0.857061905720075));
#2805=CARTESIAN_POINT('',(-0.288183520039102,2.03690279725928,0.857016315984885));
#2806=CARTESIAN_POINT('',(-0.230618138590742,2.03648326401713,0.857516296233426));
#2807=CARTESIAN_POINT('',(-0.132957741965681,2.04148351543767,0.851557228639125));
#2808=CARTESIAN_POINT('',(0.0083671522573877,2.07425298350738,0.812504097339635));
#2809=CARTESIAN_POINT('',(0.106391789011449,2.12819855149931,0.748214272880726));
#2810=CARTESIAN_POINT('',(0.160761208986079,2.17092689100086,0.697292620774165));
#2811=CARTESIAN_POINT('',(0.1975702589717,2.19895482829456,0.663890225811395));
#2812=CARTESIAN_POINT('',(0.262264499172859,2.24834278235809,0.605031954125295));
#2813=CARTESIAN_POINT('',(0.354562172613518,2.31874760428589,0.521126754656895));
#2814=CARTESIAN_POINT('',(0.428421778564218,2.37509760650664,0.453971437067625));
#2815=CARTESIAN_POINT('',(0.465351581539568,2.40327260761701,0.420393778272985));
#2816=CARTESIAN_POINT('',(0.760790005342378,2.62867261650003,0.151772507915895));
#2817=CARTESIAN_POINT('',(1.05622842914519,2.85407262538304,-0.116848762441205));
#2818=CARTESIAN_POINT('',(1.351666852948,3.07947263426605,-0.385470032798295));
#2819=CARTESIAN_POINT('',(-2.05046422787025,1.74932094386476,0.615745333348476));
#2820=CARTESIAN_POINT('',(-1.59193787840731,1.7493209438668,0.615745333346045));
#2821=CARTESIAN_POINT('',(-1.13341152894437,1.74932094386884,0.615745333343625));
#2822=CARTESIAN_POINT('',(-0.674885179481432,1.74932094387088,0.615745333341195));
#2823=CARTESIAN_POINT('',(-0.617569385798572,1.74932094387114,0.615745333340885));
#2824=CARTESIAN_POINT('',(-0.502937798433202,1.74932094387165,0.615745333340285));
#2825=CARTESIAN_POINT('',(-0.373797314733812,1.74930181670742,0.615768128206965));
#2826=CARTESIAN_POINT('',(-0.288183520039102,1.74934007103741,0.615722538471775));
#2827=CARTESIAN_POINT('',(-0.230618138590742,1.74892053779525,0.616222518720315));
#2828=CARTESIAN_POINT('',(-0.132957741965681,1.7539207892158,0.610263451126016));
#2829=CARTESIAN_POINT('',(0.0083671522573877,1.78669025728551,0.571210319826526));
#2830=CARTESIAN_POINT('',(0.106391789011449,1.84063582527743,0.506920495367615));
#2831=CARTESIAN_POINT('',(0.160761208986079,1.88336416477899,0.455998843261055));
#2832=CARTESIAN_POINT('',(0.1975702589717,1.91139210207269,0.422596448298285));
#2833=CARTESIAN_POINT('',(0.262264499172859,1.96078005613622,0.363738176612184));
#2834=CARTESIAN_POINT('',(0.354562172613518,2.03118487806402,0.279832977143785));
#2835=CARTESIAN_POINT('',(0.428421778564218,2.08753488028476,0.212677659554516));
#2836=CARTESIAN_POINT('',(0.465351581539568,2.11570988139514,0.179100000759876));
#2837=CARTESIAN_POINT('',(0.760790005342378,2.34110989027816,-0.0895212695972147));
#2838=CARTESIAN_POINT('',(1.05622842914519,2.56650989916116,-0.35814253995431));
#2839=CARTESIAN_POINT('',(1.351666852948,2.79190990804417,-0.626763810311405));
#2840=CARTESIAN_POINT('',(-2.05046422787025,1.46175821764289,0.374451555835365));
#2841=CARTESIAN_POINT('',(-1.59193787840731,1.46175821764493,0.374451555832945));
#2842=CARTESIAN_POINT('',(-1.13341152894437,1.46175821764697,0.374451555830515));
#2843=CARTESIAN_POINT('',(-0.674885179481432,1.46175821764901,0.374451555828084));
#2844=CARTESIAN_POINT('',(-0.617569385798572,1.46175821764926,0.374451555827775));
#2845=CARTESIAN_POINT('',(-0.502937798433202,1.46175821764977,0.374451555827174));
#2846=CARTESIAN_POINT('',(-0.373797314733812,1.46173909048554,0.374474350693854));
#2847=CARTESIAN_POINT('',(-0.288183520039102,1.46177734481553,0.374428760958665));
#2848=CARTESIAN_POINT('',(-0.230618138590742,1.46135781157338,0.374928741207206));
#2849=CARTESIAN_POINT('',(-0.132957741965681,1.46635806299392,0.368969673612906));
#2850=CARTESIAN_POINT('',(0.0083671522573877,1.49912753106364,0.329916542313415));
#2851=CARTESIAN_POINT('',(0.106391789011449,1.55307309905556,0.265626717854505));
#2852=CARTESIAN_POINT('',(0.160761208986079,1.59580143855711,0.214705065747945));
#2853=CARTESIAN_POINT('',(0.1975702589717,1.62382937585082,0.181302670785175));
#2854=CARTESIAN_POINT('',(0.262264499172859,1.67321732991436,0.122444399099075));
#2855=CARTESIAN_POINT('',(0.354562172613518,1.74362215184215,0.0385391996306746));
#2856=CARTESIAN_POINT('',(0.428421778564218,1.7999721540629,-0.0286161179585947));
#2857=CARTESIAN_POINT('',(0.465351581539568,1.82814715517327,-0.062193776753235));
#2858=CARTESIAN_POINT('',(0.760790005342378,2.05354716405628,-0.330815047110325));
#2859=CARTESIAN_POINT('',(1.05622842914519,2.27894717293929,-0.59943631746742));
#2860=CARTESIAN_POINT('',(1.351666852948,2.5043471818223,-0.868057587824515));
#2861=CARTESIAN_POINT('',(-0.914885179481431,2.61200912253106,1.33962666587595));
#2862=CARTESIAN_POINT('',(0.335114820518569,1.72501471421849,0.595349985004566));
#2863=CARTESIAN_POINT('',(0.335114820518569,2.0897017005928,0.901358700766406));
#2864=CARTESIAN_POINT('',(-1.22488517948143,0.632822948122901,0.595349985004566));
#2865=CARTESIAN_POINT('',(-0.724885179481431,1.5,0.595349985004566));
#2866=CARTESIAN_POINT('',(-0.72486985944937,0.749639945391488,-0.920000000006533));
#2867=CARTESIAN_POINT('',(-0.725024048050237,0.748970410869073,-0.830238401610733));
#2868=CARTESIAN_POINT('',(-0.724809531321568,0.768030528862089,-0.772385008072237));
#2869=CARTESIAN_POINT('',(-0.725225833480155,0.728487308412372,-0.730092291344721));
#2870=CARTESIAN_POINT('',(-0.854885179564761,-8.32667268468867E-16,-0.0975134863357941));
#2871=CARTESIAN_POINT('',(-0.725583935398247,-8.32667268468867E-16,-0.0975134863357941));
#2872=CARTESIAN_POINT('',(-0.854885179564761,-8.67361737988404E-16,-0.0975134863357941));
#2873=CARTESIAN_POINT('',(-0.819885179481431,-8.32667268468867E-16,-0.0975134863357941));
#2874=CARTESIAN_POINT('',(-0.574885179481431,-7.7715611723761E-16,-0.73));
#2875=CARTESIAN_POINT('',(-0.574885179481431,-7.7715611723761E-16,-0.945));
#2876=CARTESIAN_POINT('',(-0.574885179481431,-7.7715611723761E-16,-1.03494522424836));
#2877=CARTESIAN_POINT('',(-0.571122775783151,0.0827728813621111,-0.73));
#2878=CARTESIAN_POINT('',(-0.571122775783151,0.0827728813621112,-0.941237596301725));
#2879=CARTESIAN_POINT('',(-0.571122775783151,0.0827728813621113,-1.02960881941356));
#2880=CARTESIAN_POINT('',(-0.565479170235741,0.206932203405279,-0.73));
#2881=CARTESIAN_POINT('',(-0.565479170235741,0.206932203405279,-0.935593990754305));
#2882=CARTESIAN_POINT('',(-0.565479170235741,0.206932203405279,-1.02160421216134));
#2883=CARTESIAN_POINT('',(-0.557954362839182,0.372477966129503,-0.73));
#2884=CARTESIAN_POINT('',(-0.557954362839182,0.372477966129503,-0.92806918335775));
#2885=CARTESIAN_POINT('',(-0.557954362839182,0.372477966129503,-1.01093140249172));
#2886=CARTESIAN_POINT('',(-0.553675970668742,0.465426700652037,-0.72999683456867));
#2887=CARTESIAN_POINT('',(-0.553678675434752,0.465392978616341,-0.923788712454835));
#2888=CARTESIAN_POINT('',(-0.553679806973288,0.465378871006747,-1.00486152135708));
#2889=CARTESIAN_POINT('',(-0.551169272143472,0.522631881355713,-0.730002374073495));
#2890=CARTESIAN_POINT('',(-0.551167243568961,0.522657172882485,-0.921285651711384));
#2891=CARTESIAN_POINT('',(-0.551166394915057,0.522667753589681,-1.00130898800023));
#2892=CARTESIAN_POINT('',(-0.550125873196652,0.542940898424095,-0.729995251853004));
#2893=CARTESIAN_POINT('',(-0.550129930345672,0.542890315370552,-0.920237575616525));
#2894=CARTESIAN_POINT('',(-0.550131627653478,0.542869153956161,-0.999825428976709));
#2895=CARTESIAN_POINT('',(-0.549629440749532,0.576999086329468,-0.7300069386979));
#2896=CARTESIAN_POINT('',(-0.549623603044451,0.577534679281428,-0.91976189838533));
#2897=CARTESIAN_POINT('',(-0.54962116084123,0.57775874452873,-0.999145863042655));
#2898=CARTESIAN_POINT('',(-0.556248426566862,0.629758279615069,-0.727425922122775));
#2899=CARTESIAN_POINT('',(-0.558449831209151,0.631023316848006,-0.924950000571545));
#2900=CARTESIAN_POINT('',(-0.559370788577579,0.631552545022885,-1.00758417513213));
#2901=CARTESIAN_POINT('',(-0.577875458767332,0.689482364722034,-0.72077054241656));
#2902=CARTESIAN_POINT('',(-0.585419706392622,0.690531234289295,-0.935743893996455));
#2903=CARTESIAN_POINT('',(-0.588575841483049,0.69097002874713,-1.02567796988146));
#2904=CARTESIAN_POINT('',(-0.607356919997282,0.725669438695368,-0.714156892596404));
#2905=CARTESIAN_POINT('',(-0.620251111913142,0.726151066159293,-0.943211941696735));
#2906=CARTESIAN_POINT('',(-0.62564539555674,0.726352554951139,-1.03903709405278));
#2907=CARTESIAN_POINT('',(-0.637008545460611,0.743590430333593,-0.709302168596435));
#2908=CARTESIAN_POINT('',(-0.655343262288761,0.743787945448407,-0.945415931750745));
#2909=CARTESIAN_POINT('',(-0.663013588877776,0.743870575873032,-1.04419409628581));
#2910=CARTESIAN_POINT('',(-0.658992946501132,0.749356634396209,-0.706582323333869));
#2911=CARTESIAN_POINT('',(-0.679228338065612,0.749405216096945,-0.944919387408219));
#2912=CARTESIAN_POINT('',(-0.687693811702917,0.749425540245629,-1.04462766961689));
#2913=CARTESIAN_POINT('',(-0.679925122672991,0.750227767214053,-0.70461292391794));
#2914=CARTESIAN_POINT('',(-0.698872620347781,0.750126844478908,-0.94321591820922));
#2915=CARTESIAN_POINT('',(-0.706799303730592,0.750084623464748,-1.04303545229229));
#2916=CARTESIAN_POINT('',(-0.685683002606872,0.749435198501799,-0.70426734769534));
#2917=CARTESIAN_POINT('',(-0.724499082383252,0.749831838135576,-0.938630597365805));
#2918=CARTESIAN_POINT('',(-0.740737784708502,0.749997772278859,-1.03667643479457));
#2919=CARTESIAN_POINT('',(-0.691936957018802,0.7475243457941,-0.704060830742675));
#2920=CARTESIAN_POINT('',(-0.746804788497341,0.74919197872895,-0.93200142157627));
#2921=CARTESIAN_POINT('',(-0.76975873922459,0.749889632767504,-1.02736034044991));
#2922=CARTESIAN_POINT('',(-0.702774810177391,0.741533685583319,-0.70402597190423));
#2923=CARTESIAN_POINT('',(-0.788342017092901,0.746948216946071,-0.914765275367345));
#2924=CARTESIAN_POINT('',(-0.824139047857187,0.749213385493153,-1.00292803772983));
#2925=CARTESIAN_POINT('',(-0.709862942528191,0.72481298522276,-0.705141368109149));
#2926=CARTESIAN_POINT('',(-0.843575444586861,0.739247932680929,-0.87511982831352));
#2927=CARTESIAN_POINT('',(-0.899514053807683,0.745286791221107,-0.946230296780839));
#2928=CARTESIAN_POINT('',(-0.708694025802531,0.689870807011464,-0.70388270737078));
#2929=CARTESIAN_POINT('',(-0.897605110994511,0.71506912565438,-0.805844218321605));
#2930=CARTESIAN_POINT('',(-0.97663604085774,0.725610839240514,-0.848499804215437));
#2931=CARTESIAN_POINT('',(-0.703045257009451,0.648894438309426,-0.696002645551909));
#2932=CARTESIAN_POINT('',(-0.930633260276812,0.673074308614094,-0.734373248998185));
#2933=CARTESIAN_POINT('',(-1.02584467418435,0.683189954459907,-0.750425586354093));
#2934=CARTESIAN_POINT('',(-0.700158461071932,0.617328539074063,-0.682238188362216));
#2935=CARTESIAN_POINT('',(-0.939273714391971,0.629310556145543,-0.691537294658475));
#2936=CARTESIAN_POINT('',(-1.03930755197837,0.63432323155225,-0.695427574663714));
#2937=CARTESIAN_POINT('',(-0.699860204936851,0.598380861484263,-0.670802005593625));
#2938=CARTESIAN_POINT('',(-0.939906497820612,0.599247160226933,-0.671255501869025));
#2939=CARTESIAN_POINT('',(-1.04032983569697,0.599609576202168,-0.671445221981521));
#2940=CARTESIAN_POINT('',(-0.699850031688631,0.593055099973794,-0.667428551003015));
#2941=CARTESIAN_POINT('',(-0.939922975922411,0.592632326814808,-0.667010869695615));
#2942=CARTESIAN_POINT('',(-1.04035746338786,0.592455459714384,-0.666836132770692));
#2943=CARTESIAN_POINT('',(-0.699893942173581,0.584447285532167,-0.66184658612615));
#2944=CARTESIAN_POINT('',(-0.939860611794791,0.584936162880183,-0.66221945042508));
#2945=CARTESIAN_POINT('',(-1.0402506392888,0.58514068466017,-0.662375438159878));
#2946=CARTESIAN_POINT('',(-0.699879787055492,0.569279080447654,-0.652211578616585));
#2947=CARTESIAN_POINT('',(-0.939900298057831,0.568978232848876,-0.6519821236634));
#2948=CARTESIAN_POINT('',(-1.04031285008719,0.568852373291961,-0.651886131211218));
#2949=CARTESIAN_POINT('',(-0.699888774432062,0.538611144279936,-0.632656040676419));
#2950=CARTESIAN_POINT('',(-0.939875100430501,0.538811709345788,-0.63280901064521));
#2951=CARTESIAN_POINT('',(-1.04027335116757,0.538895615717064,-0.632873005613332));
#2952=CARTESIAN_POINT('',(-0.699883436475072,0.477482490823564,-0.59372342965217));
#2953=CARTESIAN_POINT('',(-0.939890066294001,0.477385247155272,-0.593649262394575));
#2954=CARTESIAN_POINT('',(-1.04029681113194,0.477344565278289,-0.593618234531244));
#2955=CARTESIAN_POINT('',(-0.699883262174432,0.390089610452448,-0.538048371865134));
#2956=CARTESIAN_POINT('',(-0.939890554975262,0.389982642417326,-0.537966787881775));
#2957=CARTESIAN_POINT('',(-1.0402975771716,0.389937892352645,-0.537932657232108));
#2958=CARTESIAN_POINT('',(-0.699885658808182,0.285409719792771,-0.47133471177542));
#2959=CARTESIAN_POINT('',(-0.939883835607972,0.285436461801551,-0.47135510777126));
#2960=CARTESIAN_POINT('',(-1.04028704412637,0.285447649317721,-0.471363640433677));
#2961=CARTESIAN_POINT('',(-0.699885179481431,0.19716063941224,-0.415196559886115));
#2962=CARTESIAN_POINT('',(-0.939885179481431,0.19716063941224,-0.41519655988611));
#2963=CARTESIAN_POINT('',(-1.04028915073542,0.19716063941224,-0.415196559886107));
#2964=CARTESIAN_POINT('',(-0.699885179481431,0.129177646065374,-0.371702661805174));
#2965=CARTESIAN_POINT('',(-0.939885179481431,0.129177646065374,-0.371702661805174));
#2966=CARTESIAN_POINT('',(-1.04028915073542,0.129177646065374,-0.371702661805174));
#2967=CARTESIAN_POINT('',(-0.699885179481431,0.0692482062757611,-0.313657636551814));
#2968=CARTESIAN_POINT('',(-0.939885179481431,0.0692482062757611,-0.313657636551814));
#2969=CARTESIAN_POINT('',(-1.04028915073542,0.0692482062757611,-0.313657636551814));
#2970=CARTESIAN_POINT('',(-0.699885179481431,0.0139573205249567,-0.220438387974475));
#2971=CARTESIAN_POINT('',(-0.939885179481431,0.0139573205249567,-0.220438387974475));
#2972=CARTESIAN_POINT('',(-1.04028915073542,0.0139573205249567,-0.220438387974475));
#2973=CARTESIAN_POINT('',(-0.699885179481431,-8.56892704919121E-16,-0.137244923182235));
#2974=CARTESIAN_POINT('',(-0.939885179481431,-8.56892704919121E-16,-0.137244923182235));
#2975=CARTESIAN_POINT('',(-1.04028915073542,-8.56892704919121E-16,-0.137244923182235));
#2976=CARTESIAN_POINT('',(-0.699885179481431,-8.32667268468867E-16,-0.0975134863357941));
#2977=CARTESIAN_POINT('',(-0.939885179481431,-8.32667268468867E-16,-0.0975134863357941));
#2978=CARTESIAN_POINT('',(-1.04028915073542,-8.32667268468867E-16,-0.0975134863357941));
#2979=CARTESIAN_POINT('',(-0.549885179481431,0.728815877629131,-0.73));
#2980=CARTESIAN_POINT('',(-0.549885179481431,0.731208598691271,-0.732632581955652));
#2981=CARTESIAN_POINT('',(-0.549885179481431,0.733250972552265,-0.735611333399794));
#2982=CARTESIAN_POINT('',(-0.549885179481431,0.734928806338233,-0.738748286638384));
#2983=CARTESIAN_POINT('',(-0.549885179481431,0.742488445571186,-0.752882126934547));
#2984=CARTESIAN_POINT('',(-0.549885179481431,0.743784732158997,-0.769737863316423));
#2985=CARTESIAN_POINT('',(-0.549885179481431,0.745360125942002,-0.785688779317654));
#2986=CARTESIAN_POINT('',(-0.549885179481431,0.749762703003097,-0.830265022824554));
#2987=CARTESIAN_POINT('',(-0.549885179481431,0.749307120784377,-0.875208107248544));
#2988=CARTESIAN_POINT('',(-0.549885179481431,0.749639556804409,-0.92));
#2989=CARTESIAN_POINT('',(-0.724885179495448,-0.0876767344700607,0.0790123457076475));
#2990=CARTESIAN_POINT('',(-0.724885179490792,0.183504355747956,-0.189650094072621));
#2991=CARTESIAN_POINT('',(-0.724885179486152,0.455689587737977,-0.459307349450588));
#2992=CARTESIAN_POINT('',(-0.724885179481246,0.739407506547569,-0.740390179435108));
#2993=CARTESIAN_POINT('',(-0.724885179483731,0.742110936720682,-0.759136039578409));
#2994=CARTESIAN_POINT('',(-0.724885179483731,0.746217663620019,-0.791096906578855));
#2995=CARTESIAN_POINT('',(-0.724885179481931,0.74709687509382,-0.807205968307696));
#2996=CARTESIAN_POINT('',(-0.724885179481931,0.749115764217192,-0.855519111714241));
#2997=CARTESIAN_POINT('',(-0.724885179481431,0.749400305655375,-0.887763686356357));
#2998=CARTESIAN_POINT('',(-0.724885179481431,0.749639556804409,-0.92));
#2999=CARTESIAN_POINT('',(-0.549885179481431,-8.67361737988404E-16,-0.81));
#3000=CARTESIAN_POINT('',(-0.549885179481431,0.794264738672164,-0.81));
#3001=CARTESIAN_POINT('',(0.550114820518569,-8.67361737988404E-16,0.130000000000005));
#3002=CARTESIAN_POINT('',(0.0501148205185684,-8.67361737988404E-16,0.130000000000005));
#3003=CARTESIAN_POINT('',(0.550114820518569,0.749639556804409,-0.92));
#3004=CARTESIAN_POINT('',(0.550114820518569,0.749393544239467,-0.886852664090532));
#3005=CARTESIAN_POINT('',(0.550114820518569,0.749091655199373,-0.853692121474316));
#3006=CARTESIAN_POINT('',(0.550114820518569,0.747653380286683,-0.820575090125586));
#3007=CARTESIAN_POINT('',(0.550114820518569,0.746952025454551,-0.804426028664967));
#3008=CARTESIAN_POINT('',(0.550114820518569,0.745911836138736,-0.7882607653424));
#3009=CARTESIAN_POINT('',(0.550114820518569,0.743789454386023,-0.772236421975037));
#3010=CARTESIAN_POINT('',(0.550114820518569,0.742638554355935,-0.763546930916202));
#3011=CARTESIAN_POINT('',(0.550114820518569,0.741273645146422,-0.754769729306039));
#3012=CARTESIAN_POINT('',(0.550114820518569,0.738331015556195,-0.746513049777587));
#3013=CARTESIAN_POINT('',(0.550114820518569,0.736508947656561,-0.741400537222043));
#3014=CARTESIAN_POINT('',(0.550114820518569,0.734003705999269,-0.736421902905169));
#3015=CARTESIAN_POINT('',(0.550114820518569,0.730643733389969,-0.732159474005325));
#3016=CARTESIAN_POINT('',(0.550114820518569,0.73005991345278,-0.731418845654459));
#3017=CARTESIAN_POINT('',(0.550114820518569,0.729450175702527,-0.730697883964906));
#3018=CARTESIAN_POINT('',(0.550114820518569,0.728815877629738,-0.730000000000324));
#3019=CARTESIAN_POINT('',(0.550114820518569,0.874315792607759,-0.716993203952745));
#3020=CARTESIAN_POINT('',(0.725114820519061,0.749639556804409,-0.92));
#3021=CARTESIAN_POINT('',(0.725114820519061,0.749400305655375,-0.887763686356357));
#3022=CARTESIAN_POINT('',(0.725114820518561,0.749115764217192,-0.855519111714241));
#3023=CARTESIAN_POINT('',(0.725114820518561,0.74709687509382,-0.807205968307696));
#3024=CARTESIAN_POINT('',(0.725114820516761,0.746217663620019,-0.791096906578855));
#3025=CARTESIAN_POINT('',(0.725114820516761,0.742111029311659,-0.759136760173664));
#3026=CARTESIAN_POINT('',(0.725114820519047,0.739624263033883,-0.741893190989684));
#3027=CARTESIAN_POINT('',(0.725114820519046,0.72881733967536,-0.730001608698638));
#3028=CARTESIAN_POINT('',(-0.724885179495448,-0.0876767344700607,0.0790123457076475));
#3029=CARTESIAN_POINT('',(-0.724885179490792,0.183504355747956,-0.189650094072621));
#3030=CARTESIAN_POINT('',(-0.724885179486152,0.455689587737977,-0.459307349450588));
#3031=CARTESIAN_POINT('',(-0.724885179481246,0.739407506547569,-0.740390179435108));
#3032=CARTESIAN_POINT('',(-0.724885179483731,0.742110936720682,-0.759136039578409));
#3033=CARTESIAN_POINT('',(-0.724885179483731,0.746217663620019,-0.791096906578855));
#3034=CARTESIAN_POINT('',(-0.724885179481931,0.74709687509382,-0.807205968307696));
#3035=CARTESIAN_POINT('',(-0.724885179481931,0.749115764217192,-0.855519111714241));
#3036=CARTESIAN_POINT('',(-0.724885179481431,0.749400305655375,-0.887763686356357));
#3037=CARTESIAN_POINT('',(-0.724885179481431,0.749639556804409,-0.92));
#3038=CARTESIAN_POINT('',(0.725114820518568,-8.67361737988404E-16,-0.097513486335789));
#3039=CARTESIAN_POINT('',(0.768448256239884,-8.67361737988404E-16,-0.097513486335789));
#3040=CARTESIAN_POINT('',(0.8117816919612,-8.67361737988404E-16,-0.097513486335789));
#3041=CARTESIAN_POINT('',(0.855115127682517,-8.67361737988404E-16,-0.097513486335789));
#3042=CARTESIAN_POINT('',(0.855115127682517,-8.67361737988404E-16,-0.0975129863357915));
#3043=CARTESIAN_POINT('',(0.855115127682517,-8.67361737988404E-16,-0.0975129863357913));
#3044=CARTESIAN_POINT('',(0.875076992601376,-8.67361737988404E-16,-0.0650103407660443));
#3045=CARTESIAN_POINT('',(0.895038857520236,-8.67361737988404E-16,-0.0325076951962973));
#3046=CARTESIAN_POINT('',(0.915000722439096,-8.67361737988404E-16,-5.04962655030309E-6));
#3047=CARTESIAN_POINT('',(0.665412509277315,-1.98654915269068,-0.571117994475213));
#3048=CARTESIAN_POINT('',(0.665412509277315,-1.98654915269068,-0.73));
#3049=CARTESIAN_POINT('',(0.665412509277315,-1.98654915269069,-1.0352976887586));
#3050=CARTESIAN_POINT('',(0.665412509277315,-1.98654915269069,-1.3405953775172));
#3051=CARTESIAN_POINT('',(0.635313279691066,-1.32436610179379,-0.586782135205697));
#3052=CARTESIAN_POINT('',(0.635313279691066,-1.32436610179379,-0.73));
#3053=CARTESIAN_POINT('',(0.635313279691066,-1.32436610179379,-1.0051984591724));
#3054=CARTESIAN_POINT('',(0.635313279691066,-1.32436610179379,-1.2803969183448));
#3055=CARTESIAN_POINT('',(0.605214050104817,-0.662183050896895,-0.602446275936182));
#3056=CARTESIAN_POINT('',(0.605214050104817,-0.662183050896896,-0.73));
#3057=CARTESIAN_POINT('',(0.605214050104817,-0.662183050896897,-0.975099229586199));
#3058=CARTESIAN_POINT('',(0.605214050104817,-0.662183050896898,-1.2201984591724));
#3059=CARTESIAN_POINT('',(0.575114820518568,-7.7715611723761E-16,-0.618110416666667));
#3060=CARTESIAN_POINT('',(0.575114820518568,-7.7715611723761E-16,-0.73));
#3061=CARTESIAN_POINT('',(0.575114820518568,-7.7715611723761E-16,-0.945));
#3062=CARTESIAN_POINT('',(0.575114820518568,-7.7715611723761E-16,-1.16));
#3063=CARTESIAN_POINT('',(0.571352416820287,0.0827728813621111,-0.620068434257978));
#3064=CARTESIAN_POINT('',(0.571352416820287,0.0827728813621111,-0.73));
#3065=CARTESIAN_POINT('',(0.571352416820287,0.0827728813621112,-0.941237596301725));
#3066=CARTESIAN_POINT('',(0.571352416820287,0.0827728813621113,-1.15247519260345));
#3067=CARTESIAN_POINT('',(0.565708811272879,0.206932203405279,-0.623005460644948));
#3068=CARTESIAN_POINT('',(0.565708811272879,0.206932203405279,-0.73));
#3069=CARTESIAN_POINT('',(0.565708811272879,0.206932203405279,-0.935593990754305));
#3070=CARTESIAN_POINT('',(0.565708811272879,0.206932203405279,-1.14118798150861));
#3071=CARTESIAN_POINT('',(0.558184003876319,0.372477966129503,-0.626921495827571));
#3072=CARTESIAN_POINT('',(0.558184003876319,0.372477966129503,-0.73));
#3073=CARTESIAN_POINT('',(0.558184003876319,0.372477966129503,-0.92806918335775));
#3074=CARTESIAN_POINT('',(0.558184003876319,0.372477966129503,-1.1261383667155));
#3075=CARTESIAN_POINT('',(0.553904204100558,0.465444250161447,-0.629144311452079));
#3076=CARTESIAN_POINT('',(0.553905611705869,0.465426700652037,-0.72999683456867));
#3077=CARTESIAN_POINT('',(0.553908316471879,0.465392978616341,-0.923788712454835));
#3078=CARTESIAN_POINT('',(0.553911021237889,0.465359256580645,-1.117580590341));
#3079=CARTESIAN_POINT('',(0.551399968884578,0.522618719223655,-0.630455368336111));
#3080=CARTESIAN_POINT('',(0.551398913180599,0.522631881355713,-0.730002374073495));
#3081=CARTESIAN_POINT('',(0.551396884606099,0.522657172882485,-0.921285651711384));
#3082=CARTESIAN_POINT('',(0.551394856031599,0.522682464409257,-1.11256892934927));
#3083=CARTESIAN_POINT('',(0.550353402825827,0.54296722268821,-0.630989975861072));
#3084=CARTESIAN_POINT('',(0.55035551423379,0.542940898424095,-0.729995251853004));
#3085=CARTESIAN_POINT('',(0.550359571382799,0.542890315370552,-0.920237575616525));
#3086=CARTESIAN_POINT('',(0.550363628531808,0.542839732317009,-1.11047989938005));
#3087=CARTESIAN_POINT('',(0.549862119825688,0.576720354830719,-0.6312552950939));
#3088=CARTESIAN_POINT('',(0.549859081786669,0.576999086329468,-0.7300069386979));
#3089=CARTESIAN_POINT('',(0.549853244081588,0.577534679281428,-0.91976189838533));
#3090=CARTESIAN_POINT('',(0.549847406376507,0.578070272233388,-1.10951685807276));
#3091=CARTESIAN_POINT('',(0.555332419938078,0.629099933155095,-0.624631099630061));
#3092=CARTESIAN_POINT('',(0.556478067603998,0.629758279615069,-0.727425922122775));
#3093=CARTESIAN_POINT('',(0.558679472246278,0.631023316848006,-0.924950000571545));
#3094=CARTESIAN_POINT('',(0.560880876888558,0.632288354080943,-1.12247407902031));
#3095=CARTESIAN_POINT('',(0.574178947602808,0.688936515518072,-0.60889482736519));
#3096=CARTESIAN_POINT('',(0.578105099804469,0.689482364722034,-0.72077054241656));
#3097=CARTESIAN_POINT('',(0.585649347429759,0.690531234289295,-0.935743893996455));
#3098=CARTESIAN_POINT('',(0.593193595055049,0.691580103856556,-1.15071724557635));
#3099=CARTESIAN_POINT('',(0.600876208658207,0.725418791736017,-0.594952827460441));
#3100=CARTESIAN_POINT('',(0.607586561034419,0.725669438695368,-0.714156892596404));
#3101=CARTESIAN_POINT('',(0.620480752950278,0.726151066159293,-0.943211941696735));
#3102=CARTESIAN_POINT('',(0.633374944866137,0.726632693623218,-1.17226699079707));
#3103=CARTESIAN_POINT('',(0.627696494281767,0.743487640175925,-0.586424631021547));
#3104=CARTESIAN_POINT('',(0.63723818649775,0.743590430333593,-0.709302168596435));
#3105=CARTESIAN_POINT('',(0.655572903325899,0.743787945448407,-0.945415931750745));
#3106=CARTESIAN_POINT('',(0.673907620154048,0.743985460563221,-1.18152969490505));
#3107=CARTESIAN_POINT('',(0.648691752511593,0.749331351669451,-0.582547742905177));
#3108=CARTESIAN_POINT('',(0.659222587538269,0.749356634396209,-0.706582323333869));
#3109=CARTESIAN_POINT('',(0.679457979102738,0.749405216096945,-0.944919387408219));
#3110=CARTESIAN_POINT('',(0.699693370667207,0.749453797797681,-1.18325645148257));
#3111=CARTESIAN_POINT('',(0.67029417012854,0.750280289087468,-0.580439948972187));
#3112=CARTESIAN_POINT('',(0.680154763710129,0.750227767214053,-0.70461292391794));
#3113=CARTESIAN_POINT('',(0.699102261384919,0.750126844478908,-0.94321591820922));
#3114=CARTESIAN_POINT('',(0.718049759059709,0.750025921743763,-1.1818189125005));
#3115=CARTESIAN_POINT('',(0.665712108793717,0.749228780625721,-0.582300806512669));
#3116=CARTESIAN_POINT('',(0.685912643644008,0.749435198501799,-0.70426734769534));
#3117=CARTESIAN_POINT('',(0.724728723420389,0.749831838135576,-0.938630597365805));
#3118=CARTESIAN_POINT('',(0.76354480319677,0.750228477769353,-1.17299384703627));
#3119=CARTESIAN_POINT('',(0.663612464090655,0.746656481820922,-0.585436748263025));
#3120=CARTESIAN_POINT('',(0.692166598055939,0.7475243457941,-0.704060830742675));
#3121=CARTESIAN_POINT('',(0.747034429534468,0.74919197872895,-0.93200142157627));
#3122=CARTESIAN_POINT('',(0.801902261012997,0.7508596116638,-1.15994201240986));
#3123=CARTESIAN_POINT('',(0.658473850615583,0.738715873219954,-0.594353726060301));
#3124=CARTESIAN_POINT('',(0.703004451214529,0.741533685583319,-0.70402597190423));
#3125=CARTESIAN_POINT('',(0.788571658130038,0.746948216946071,-0.914765275367345));
#3126=CARTESIAN_POINT('',(0.874138865045547,0.752362748308823,-1.12550457883046));
#3127=CARTESIAN_POINT('',(0.640506368952297,0.717300797983071,-0.616681744444458));
#3128=CARTESIAN_POINT('',(0.710092583565329,0.72481298522276,-0.705141368109149));
#3129=CARTESIAN_POINT('',(0.843805085623999,0.739247932680929,-0.87511982831352));
#3130=CARTESIAN_POINT('',(0.977517587682669,0.753682880139098,-1.04509828851789));
#3131=CARTESIAN_POINT('',(0.610611189587677,0.676757182017713,-0.650820237713455));
#3132=CARTESIAN_POINT('',(0.708923666839669,0.689870807011464,-0.70388270737078));
#3133=CARTESIAN_POINT('',(0.897834752031649,0.71506912565438,-0.805844218321605));
#3134=CARTESIAN_POINT('',(1.08674583722363,0.740267444297296,-0.90780572927243));
#3135=CARTESIAN_POINT('',(0.584834308012873,0.636310830805038,-0.67603394400841));
#3136=CARTESIAN_POINT('',(0.703274898046589,0.648894438309426,-0.696002645551909));
#3137=CARTESIAN_POINT('',(0.930862901313939,0.673074308614094,-0.734373248998185));
#3138=CARTESIAN_POINT('',(1.15845090458129,0.697254178918762,-0.772743852444461));
#3139=CARTESIAN_POINT('',(0.575948539027104,0.61109289768978,-0.677398778460538));
#3140=CARTESIAN_POINT('',(0.700388102109069,0.617328539074063,-0.682238188362216));
#3141=CARTESIAN_POINT('',(0.939503355429099,0.629310556145543,-0.691537294658475));
#3142=CARTESIAN_POINT('',(1.17861860874913,0.641292573217023,-0.700836400954734));
#3143=CARTESIAN_POINT('',(0.575165754385734,0.597930025180265,-0.670565998573636));
#3144=CARTESIAN_POINT('',(0.70008984597399,0.598380861484263,-0.670802005593625));
#3145=CARTESIAN_POINT('',(0.940136138857749,0.599247160226933,-0.671255501869025));
#3146=CARTESIAN_POINT('',(1.18018243174151,0.600113458969603,-0.671708998144425));
#3147=CARTESIAN_POINT('',(0.575141711330773,0.59327511817195,-0.667645919316741));
#3148=CARTESIAN_POINT('',(0.700079672725769,0.593055099973794,-0.667428551003015));
#3149=CARTESIAN_POINT('',(0.940152616959549,0.592632326814808,-0.667010869695615));
#3150=CARTESIAN_POINT('',(1.18022556119333,0.592209553655822,-0.666593188388215));
#3151=CARTESIAN_POINT('',(0.57524092889535,0.584192865612304,-0.661652541330582));
#3152=CARTESIAN_POINT('',(0.70012358321072,0.584447285532167,-0.66184658612615));
#3153=CARTESIAN_POINT('',(0.940090252831928,0.584936162880183,-0.66221945042508));
#3154=CARTESIAN_POINT('',(1.18005692245314,0.585425040228199,-0.66259231472401));
#3155=CARTESIAN_POINT('',(0.575198753825166,0.569435646552185,-0.652330990798472));
#3156=CARTESIAN_POINT('',(0.700109428092628,0.569279080447654,-0.652211578616585));
#3157=CARTESIAN_POINT('',(0.940129939094958,0.568978232848876,-0.6519821236634));
#3158=CARTESIAN_POINT('',(1.18015045009729,0.568677385250098,-0.651752668710215));
#3159=CARTESIAN_POINT('',(0.575225531647494,0.538506766876916,-0.632576432555161));
#3160=CARTESIAN_POINT('',(0.700118415469188,0.538611144279936,-0.632656040676419));
#3161=CARTESIAN_POINT('',(0.94010474146764,0.538811709345788,-0.63280901064521));
#3162=CARTESIAN_POINT('',(1.18009106746609,0.53901227441164,-0.632961980614001));
#3163=CARTESIAN_POINT('',(0.575209627243942,0.477533098049271,-0.593762027529144));
#3164=CARTESIAN_POINT('',(0.700113077512209,0.477482490823564,-0.59372342965217));
#3165=CARTESIAN_POINT('',(0.940119707331138,0.477385247155272,-0.593649262394575));
#3166=CARTESIAN_POINT('',(1.18012633715007,0.47728800348698,-0.59357509513698));
#3167=CARTESIAN_POINT('',(0.575209107916472,0.390145278400726,-0.538090829529807));
#3168=CARTESIAN_POINT('',(0.700112903211569,0.390089610452448,-0.538048371865134));
#3169=CARTESIAN_POINT('',(0.940120196012398,0.389982642417326,-0.537966787881775));
#3170=CARTESIAN_POINT('',(1.18012748881323,0.389875674382205,-0.537885203898416));
#3171=CARTESIAN_POINT('',(0.575216248669094,0.285395802805701,-0.471324097359252));
#3172=CARTESIAN_POINT('',(0.700115299845318,0.285409719792771,-0.47133471177542));
#3173=CARTESIAN_POINT('',(0.940113476645108,0.285436461801551,-0.47135510777126));
#3174=CARTESIAN_POINT('',(1.1801116534449,0.285463203810332,-0.4713755037671));
#3175=CARTESIAN_POINT('',(0.575214820518568,0.19716063941224,-0.415196559886118));
#3176=CARTESIAN_POINT('',(0.700114820518568,0.19716063941224,-0.415196559886115));
#3177=CARTESIAN_POINT('',(0.940114820518569,0.19716063941224,-0.41519655988611));
#3178=CARTESIAN_POINT('',(1.18011482051857,0.19716063941224,-0.415196559886104));
#3179=CARTESIAN_POINT('',(0.575214820518568,0.129177646065374,-0.371702661805174));
#3180=CARTESIAN_POINT('',(0.700114820518568,0.129177646065374,-0.371702661805174));
#3181=CARTESIAN_POINT('',(0.940114820518569,0.129177646065374,-0.371702661805174));
#3182=CARTESIAN_POINT('',(1.18011482051857,0.129177646065374,-0.371702661805174));
#3183=CARTESIAN_POINT('',(0.575214820518568,0.0692482062757611,-0.313657636551814));
#3184=CARTESIAN_POINT('',(0.700114820518568,0.0692482062757611,-0.313657636551814));
#3185=CARTESIAN_POINT('',(0.940114820518569,0.0692482062757611,-0.313657636551814));
#3186=CARTESIAN_POINT('',(1.18011482051857,0.0692482062757611,-0.313657636551814));
#3187=CARTESIAN_POINT('',(0.575214820518568,0.0139573205249567,-0.220438387974475));
#3188=CARTESIAN_POINT('',(0.700114820518568,0.0139573205249567,-0.220438387974475));
#3189=CARTESIAN_POINT('',(0.940114820518569,0.0139573205249567,-0.220438387974475));
#3190=CARTESIAN_POINT('',(1.18011482051857,0.0139573205249567,-0.220438387974475));
#3191=CARTESIAN_POINT('',(0.575214820518568,-8.56892704919121E-16,-0.137244923182235));
#3192=CARTESIAN_POINT('',(0.700114820518568,-8.56892704919121E-16,-0.137244923182235));
#3193=CARTESIAN_POINT('',(0.940114820518569,-8.56892704919121E-16,-0.137244923182235));
#3194=CARTESIAN_POINT('',(1.18011482051857,-8.56892704919121E-16,-0.137244923182235));
#3195=CARTESIAN_POINT('',(0.575214820518568,-8.32667268468867E-16,-0.0975134863357941));
#3196=CARTESIAN_POINT('',(0.700114820518568,-8.32667268468867E-16,-0.0975134863357941));
#3197=CARTESIAN_POINT('',(0.940114820518569,-8.32667268468867E-16,-0.0975134863357941));
#3198=CARTESIAN_POINT('',(1.18011482051857,-8.32667268468867E-16,-0.0975134863357941));
#3199=CARTESIAN_POINT('',(0.575214820518568,-4.45060285264803E-16,0.538189503207254));
#3200=CARTESIAN_POINT('',(0.700114820518568,-4.45060285264803E-16,0.538189503207254));
#3201=CARTESIAN_POINT('',(0.940114820518569,-4.45060285264803E-16,0.538189503207254));
#3202=CARTESIAN_POINT('',(1.18011482051857,-4.45060285264803E-16,0.538189503207254));
#3203=CARTESIAN_POINT('',(0.575214820518568,-5.74533020607387E-17,1.1738924927503));
#3204=CARTESIAN_POINT('',(0.700114820518568,-5.74533020607387E-17,1.1738924927503));
#3205=CARTESIAN_POINT('',(0.940114820518569,-5.74533020607387E-17,1.1738924927503));
#3206=CARTESIAN_POINT('',(1.18011482051857,-5.74533020607387E-17,1.1738924927503));
#3207=CARTESIAN_POINT('',(0.575214820518568,3.30153681143325E-16,1.80959548229335));
#3208=CARTESIAN_POINT('',(0.700114820518568,3.30153681143325E-16,1.80959548229335));
#3209=CARTESIAN_POINT('',(0.940114820518569,3.30153681143325E-16,1.80959548229335));
#3210=CARTESIAN_POINT('',(1.18011482051857,3.30153681143325E-16,1.80959548229335));
#3211=CARTESIAN_POINT('',(0.820114820518568,-8.67361737988404E-16,0.192197304398945));
#3212=CARTESIAN_POINT('',(0.0251148205185677,-8.67361737988404E-16,4.56492482703297E-12));
#3213=CARTESIAN_POINT('',(0.665114820503351,0.746157754452739,0.667552219631685));
#3214=CARTESIAN_POINT('',(0.820114820518568,0.75,0.670000000004565));
#3215=CARTESIAN_POINT('',(0.665114820503351,0.746157754452739,-1.49689520911922));
#3216=CARTESIAN_POINT('',(-0.724885179481431,3.38,1.48000000000456));
#3217=CARTESIAN_POINT('',(-0.243376008093643,2.61200912253695,1.33962666587997));
#3218=CARTESIAN_POINT('',(-0.243376008093644,2.69305370478306,1.4076311449516));
#3219=CARTESIAN_POINT('',(-0.243376008093644,2.89188549992347,1.48000000000842));
#3220=CARTESIAN_POINT('',(-0.243376008093643,2.99768168834842,1.48000000000842));
#3221=CARTESIAN_POINT('',(-12.2292312438049,2.99768168834842,1.48000000008899));
#3222=CARTESIAN_POINT('',(-10.0677056805544,2.99768168834842,1.48000000007404));
#3223=CARTESIAN_POINT('',(-7.90618011730389,2.99768168834842,1.4800000000591));
#3224=CARTESIAN_POINT('',(-5.74465455405339,2.99768168834842,1.48000000004417));
#3225=CARTESIAN_POINT('',(-4.66389177242814,2.99768168834842,1.48000000003669));
#3226=CARTESIAN_POINT('',(-3.58312899080288,2.99768168834842,1.48000000002922));
#3227=CARTESIAN_POINT('',(-2.50236620917763,2.99768168834842,1.48000000002176));
#3228=CARTESIAN_POINT('',(-1.96198481836501,2.99768168834842,1.48000000001802));
#3229=CARTESIAN_POINT('',(-1.42160342755238,2.99768168834842,1.4800000000143));
#3230=CARTESIAN_POINT('',(-0.881222036739762,2.99768168834842,1.48000000001055));
#3231=CARTESIAN_POINT('',(-0.812443084320312,2.99768168834842,1.48000000001008));
#3232=CARTESIAN_POINT('',(-0.743664131900871,2.99768168834842,1.48000000000961));
#3233=CARTESIAN_POINT('',(-0.674885179481432,2.99768168834842,1.48000000000912));
#3234=CARTESIAN_POINT('',(-0.617569385798572,2.99768168834842,1.48000000000874));
#3235=CARTESIAN_POINT('',(-0.502937798433202,2.99768168834842,1.48000000000795));
#3236=CARTESIAN_POINT('',(-0.373797314733812,2.99768168834842,1.48002975659308));
#3237=CARTESIAN_POINT('',(-0.288183520039102,2.99768168834842,1.47997024342042));
#3238=CARTESIAN_POINT('',(-0.230618138590742,2.99768168834842,1.4806229212814));
#3239=CARTESIAN_POINT('',(-0.132957741965681,2.99768168834842,1.47284391100618));
#3240=CARTESIAN_POINT('',(0.0083671522573877,2.99768168834842,1.42186366873658));
#3241=CARTESIAN_POINT('',(0.106391789011449,2.99768168834842,1.33793926325801));
#3242=CARTESIAN_POINT('',(0.160761208986079,2.99768168834842,1.27146576741328));
#3243=CARTESIAN_POINT('',(0.1975702589717,2.99768168834842,1.22786203754772));
#3244=CARTESIAN_POINT('',(0.262264499172859,2.99768168834842,1.15102802065118));
#3245=CARTESIAN_POINT('',(0.354562172613518,2.99768168834842,1.04149756165225));
#3246=CARTESIAN_POINT('',(0.428421778564218,2.99768168834842,0.953832520553795));
#3247=CARTESIAN_POINT('',(0.465351581539568,2.99768168834842,0.910000000004565));
#3248=CARTESIAN_POINT('',(0.473776787871949,2.99768168834842,0.900000000006136));
#3249=CARTESIAN_POINT('',(0.482201994204328,2.99768168834842,0.890000000007705));
#3250=CARTESIAN_POINT('',(0.490627200536709,2.99768168834842,0.880000000009275));
#3251=CARTESIAN_POINT('',(-12.2292312438046,2.89188549990935,1.48000000008898));
#3252=CARTESIAN_POINT('',(-10.0677056805542,2.89188549991197,1.48000000007405));
#3253=CARTESIAN_POINT('',(-7.9061801173037,2.89188549991459,1.48000000005911));
#3254=CARTESIAN_POINT('',(-5.74465455405326,2.89188549991721,1.48000000004417));
#3255=CARTESIAN_POINT('',(-4.66389177242803,2.89188549991851,1.4800000000367));
#3256=CARTESIAN_POINT('',(-3.58312899080281,2.89188549991982,1.48000000002923));
#3257=CARTESIAN_POINT('',(-2.50236620917758,2.89188549992113,1.48000000002176));
#3258=CARTESIAN_POINT('',(-1.96198481836497,2.89188549992178,1.48000000001802));
#3259=CARTESIAN_POINT('',(-1.42160342755236,2.89188549992244,1.48000000001429));
#3260=CARTESIAN_POINT('',(-0.88122203673975,2.89188549992309,1.48000000001056));
#3261=CARTESIAN_POINT('',(-0.812443084320307,2.89188549992318,1.48000000001008));
#3262=CARTESIAN_POINT('',(-0.743664131900874,2.89188549992326,1.48000000000961));
#3263=CARTESIAN_POINT('',(-0.67488517948143,2.89188549992335,1.48000000000914));
#3264=CARTESIAN_POINT('',(-0.617569385798566,2.89188549992341,1.48000000000873));
#3265=CARTESIAN_POINT('',(-0.502937798433207,2.89188549992355,1.48000000000794));
#3266=CARTESIAN_POINT('',(-0.373797314733812,2.89188025303474,1.48002975659307));
#3267=CARTESIAN_POINT('',(-0.288183520039106,2.89189074681279,1.47997024342043));
#3268=CARTESIAN_POINT('',(-0.230618138590741,2.89177566209618,1.4806229212814));
#3269=CARTESIAN_POINT('',(-0.132957741965677,2.89314731149092,1.47284391100617));
#3270=CARTESIAN_POINT('',(0.00836715225739315,2.9021365036861,1.42186366873658));
#3271=CARTESIAN_POINT('',(0.106391789011447,2.91693464071189,1.33793926325802));
#3272=CARTESIAN_POINT('',(0.160761208986088,2.92865571153133,1.27146576741328));
#3273=CARTESIAN_POINT('',(0.197570258971706,2.93634422556615,1.22786203754771));
#3274=CARTESIAN_POINT('',(0.262264499172865,2.94989213578122,1.15102802065119));
#3275=CARTESIAN_POINT('',(0.354562172613528,2.96920531091211,1.04149756165226));
#3276=CARTESIAN_POINT('',(0.428421778564224,2.98466302292269,0.953832520553798));
#3277=CARTESIAN_POINT('',(0.465351581539571,2.99239187892797,0.910000000004561));
#3278=CARTESIAN_POINT('',(0.473776787871954,2.99415514873478,0.900000000006138));
#3279=CARTESIAN_POINT('',(0.482201994204334,2.99591841854159,0.890000000007705));
#3280=CARTESIAN_POINT('',(0.490627200536719,2.9976816883484,0.880000000009272));
#3281=CARTESIAN_POINT('',(-12.2292312438047,2.69305370474204,1.40763114502231));
#3282=CARTESIAN_POINT('',(-10.0677056805543,2.69305370474965,1.4076311450092));
#3283=CARTESIAN_POINT('',(-7.9061801173038,2.69305370475726,1.40763114499608));
#3284=CARTESIAN_POINT('',(-5.74465455405332,2.69305370476486,1.40763114498298));
#3285=CARTESIAN_POINT('',(-4.66389177242808,2.69305370476866,1.40763114497642));
#3286=CARTESIAN_POINT('',(-3.58312899080284,2.69305370477247,1.40763114496986));
#3287=CARTESIAN_POINT('',(-2.5023662091776,2.69305370477627,1.40763114496331));
#3288=CARTESIAN_POINT('',(-1.96198481836498,2.69305370477817,1.40763114496003));
#3289=CARTESIAN_POINT('',(-1.42160342755237,2.69305370478007,1.40763114495675));
#3290=CARTESIAN_POINT('',(-0.88122203673975,2.69305370478198,1.40763114495348));
#3291=CARTESIAN_POINT('',(-0.812443084320307,2.69305370478221,1.40763114495306));
#3292=CARTESIAN_POINT('',(-0.743664131900874,2.69305370478246,1.40763114495264));
#3293=CARTESIAN_POINT('',(-0.67488517948143,2.6930537047827,1.40763114495222));
#3294=CARTESIAN_POINT('',(-0.617569385798566,2.6930537047829,1.40763114495187));
#3295=CARTESIAN_POINT('',(-0.502937798433207,2.69305370478331,1.40763114495118));
#3296=CARTESIAN_POINT('',(-0.373797314733812,2.69303859696909,1.40765731245298));
#3297=CARTESIAN_POINT('',(-0.288183520039106,2.69306881259872,1.40760497744728));
#3298=CARTESIAN_POINT('',(-0.230618138590741,2.69273743936422,1.40817893272571));
#3299=CARTESIAN_POINT('',(-0.132957741965677,2.69668694638801,1.40133818589565));
#3300=CARTESIAN_POINT('',(0.00836715225739315,2.72257029372848,1.35650691323201));
#3301=CARTESIAN_POINT('',(0.106391789011447,2.76517983108329,1.28270502964648));
#3302=CARTESIAN_POINT('',(0.160761208986088,2.7989293094162,1.22424921844492));
#3303=CARTESIAN_POINT('',(0.197570258971706,2.82106750325769,1.18590474192366));
#3304=CARTESIAN_POINT('',(0.262264499172865,2.86007715598509,1.11833804141418));
#3305=CARTESIAN_POINT('',(0.354562172613528,2.91568722742488,1.02201857226794));
#3306=CARTESIAN_POINT('',(0.428421778564224,2.9601959352566,0.944927228924157));
#3307=CARTESIAN_POINT('',(0.465351581539571,2.98245028917246,0.906381557252268));
#3308=CARTESIAN_POINT('',(0.473776787871954,2.98752742223109,0.897587704837936));
#3309=CARTESIAN_POINT('',(0.482201994204334,2.99260455528972,0.888793852423594));
#3310=CARTESIAN_POINT('',(0.490627200536719,2.99768168834835,0.880000000009262));
#3311=CARTESIAN_POINT('',(-12.2292312438052,2.61200912248506,1.33962666594201));
#3312=CARTESIAN_POINT('',(-10.0677056805546,2.61200912249469,1.3396266659305));
#3313=CARTESIAN_POINT('',(-7.90618011730407,2.6120091225043,1.339626665919));
#3314=CARTESIAN_POINT('',(-5.74465455405351,2.61200912251393,1.3396266659075));
#3315=CARTESIAN_POINT('',(-4.66389177242823,2.61200912251874,1.33962666590174));
#3316=CARTESIAN_POINT('',(-3.58312899080296,2.61200912252355,1.33962666589599));
#3317=CARTESIAN_POINT('',(-2.50236620917768,2.61200912252836,1.33962666589024));
#3318=CARTESIAN_POINT('',(-1.96198481836504,2.61200912253077,1.33962666588736));
#3319=CARTESIAN_POINT('',(-1.4216034275524,2.61200912253318,1.33962666588449));
#3320=CARTESIAN_POINT('',(-0.881222036739762,2.61200912253558,1.33962666588161));
#3321=CARTESIAN_POINT('',(-0.812443084320321,2.61200912253589,1.33962666588124));
#3322=CARTESIAN_POINT('',(-0.743664131900882,2.61200912253619,1.33962666588088));
#3323=CARTESIAN_POINT('',(-0.674885179481432,2.6120091225365,1.33962666588051));
#3324=CARTESIAN_POINT('',(-0.617569385798572,2.61200912253675,1.33962666588021));
#3325=CARTESIAN_POINT('',(-0.502937798433202,2.61200912253726,1.3396266658796));
#3326=CARTESIAN_POINT('',(-0.373797314733812,2.61198999537303,1.33964946074629));
#3327=CARTESIAN_POINT('',(-0.288183520039102,2.61202824970302,1.33960387101109));
#3328=CARTESIAN_POINT('',(-0.230618138590742,2.61160871646087,1.34010385125963));
#3329=CARTESIAN_POINT('',(-0.132957741965681,2.61660896788142,1.33414478366533));
#3330=CARTESIAN_POINT('',(0.0083671522573877,2.64937843595113,1.29509165236585));
#3331=CARTESIAN_POINT('',(0.106391789011449,2.70332400394306,1.23080182790693));
#3332=CARTESIAN_POINT('',(0.160761208986079,2.7460523434446,1.17988017580039));
#3333=CARTESIAN_POINT('',(0.1975702589717,2.77408028073831,1.14647778083761));
#3334=CARTESIAN_POINT('',(0.262264499172859,2.82346823480184,1.08761950915151));
#3335=CARTESIAN_POINT('',(0.354562172613518,2.89387305672963,1.0037143096831));
#3336=CARTESIAN_POINT('',(0.428421778564218,2.95022305895038,0.936558992093835));
#3337=CARTESIAN_POINT('',(0.465351581539568,2.97839806006076,0.902981333299195));
#3338=CARTESIAN_POINT('',(0.473776787871949,2.98482593615662,0.895320888869216));
#3339=CARTESIAN_POINT('',(0.482201994204328,2.99125381225248,0.887660444439225));
#3340=CARTESIAN_POINT('',(0.490627200536709,2.99768168834833,0.880000000009235));
#3341=CARTESIAN_POINT('',(-12.229231243806,2.45480754432651,1.20771887968958));
#3342=CARTESIAN_POINT('',(-10.0677056805553,2.45480754434004,1.20771887968119));
#3343=CARTESIAN_POINT('',(-7.9061801173046,2.45480754435358,1.2077188796728));
#3344=CARTESIAN_POINT('',(-5.74465455405389,2.45480754436712,1.20771887966441));
#3345=CARTESIAN_POINT('',(-4.66389177242853,2.45480754437388,1.20771887966022));
#3346=CARTESIAN_POINT('',(-3.58312899080317,2.45480754438065,1.20771887965602));
#3347=CARTESIAN_POINT('',(-2.50236620917782,2.45480754438742,1.20771887965183));
#3348=CARTESIAN_POINT('',(-1.96198481836514,2.4548075443908,1.20771887964973));
#3349=CARTESIAN_POINT('',(-1.42160342755246,2.45480754439419,1.20771887964763));
#3350=CARTESIAN_POINT('',(-0.881222036739781,2.45480754439757,1.20771887964554));
#3351=CARTESIAN_POINT('',(-0.812443084320332,2.454807544398,1.20771887964527));
#3352=CARTESIAN_POINT('',(-0.743664131900882,2.45480754439844,1.207718879645));
#3353=CARTESIAN_POINT('',(-0.674885179481432,2.45480754439886,1.20771887964474));
#3354=CARTESIAN_POINT('',(-0.617569385798572,2.45480754439922,1.20771887964451));
#3355=CARTESIAN_POINT('',(-0.502937798433212,2.45480754439994,1.20771887964408));
#3356=CARTESIAN_POINT('',(-0.373797314733812,2.45478062093214,1.20773513263532));
#3357=CARTESIAN_POINT('',(-0.288183520039102,2.45483446786989,1.20770262665155));
#3358=CARTESIAN_POINT('',(-0.230618138590742,2.45424393131148,1.20805911808049));
#3359=CARTESIAN_POINT('',(-0.132957741965681,2.46128230388471,1.2038102371937));
#3360=CARTESIAN_POINT('',(0.0083671522573877,2.50740872951879,1.17596492406012));
#3361=CARTESIAN_POINT('',(0.106391789011449,2.58334271248653,1.1301255704976));
#3362=CARTESIAN_POINT('',(0.160761208986079,2.64348728273995,1.09381787119143));
#3363=CARTESIAN_POINT('',(0.1975702589717,2.68293951194624,1.07000159535896));
#3364=CARTESIAN_POINT('',(0.262264499172859,2.75245818052776,1.02803499880024));
#3365=CARTESIAN_POINT('',(0.354562172613518,2.8515602708035,0.968209666618405));
#3366=CARTESIAN_POINT('',(0.428421778564218,2.93087874437122,0.920327184865076));
#3367=CARTESIAN_POINT('',(0.465351581539568,2.97053798115507,0.896385943988415));
#3368=CARTESIAN_POINT('',(0.473776787871949,2.97958588355281,0.890923962662006));
#3369=CARTESIAN_POINT('',(0.482201994204328,2.98863378595055,0.885461981335605));
#3370=CARTESIAN_POINT('',(0.490627200536709,2.99768168834835,0.880000000009255));
#3371=CARTESIAN_POINT('',(-12.2292312438069,2.29760596616795,1.07581109343715));
#3372=CARTESIAN_POINT('',(-10.067705680556,2.2976059661854,1.07581109343187));
#3373=CARTESIAN_POINT('',(-7.90618011730513,2.29760596620286,1.0758110934266));
#3374=CARTESIAN_POINT('',(-5.74465455405426,2.29760596622031,1.07581109342133));
#3375=CARTESIAN_POINT('',(-4.66389177242883,2.29760596622903,1.07581109341869));
#3376=CARTESIAN_POINT('',(-3.58312899080339,2.29760596623776,1.07581109341605));
#3377=CARTESIAN_POINT('',(-2.50236620917796,2.29760596624648,1.07581109341342));
#3378=CARTESIAN_POINT('',(-1.96198481836524,2.29760596625084,1.0758110934121));
#3379=CARTESIAN_POINT('',(-1.42160342755252,2.2976059662552,1.07581109341078));
#3380=CARTESIAN_POINT('',(-0.881222036739801,2.29760596625956,1.07581109340946));
#3381=CARTESIAN_POINT('',(-0.812443084320351,2.29760596626012,1.0758110934093));
#3382=CARTESIAN_POINT('',(-0.743664131900891,2.29760596626067,1.07581109340913));
#3383=CARTESIAN_POINT('',(-0.674885179481432,2.29760596626123,1.07581109340896));
#3384=CARTESIAN_POINT('',(-0.617569385798572,2.29760596626169,1.07581109340882));
#3385=CARTESIAN_POINT('',(-0.502937798433212,2.29760596626262,1.07581109340856));
#3386=CARTESIAN_POINT('',(-0.373797314733821,2.29757124649125,1.07582080452435));
#3387=CARTESIAN_POINT('',(-0.288183520039091,2.29764068603676,1.07580138229201));
#3388=CARTESIAN_POINT('',(-0.230618138590742,2.29687914616208,1.07601438490133));
#3389=CARTESIAN_POINT('',(-0.132957741965681,2.30595563988801,1.07347569072206));
#3390=CARTESIAN_POINT('',(0.0083671522573877,2.36543902308645,1.0568381957544));
#3391=CARTESIAN_POINT('',(0.106391789011449,2.46336142103001,1.02944931308824));
#3392=CARTESIAN_POINT('',(0.160761208986079,2.5409222220353,1.00775556658247));
#3393=CARTESIAN_POINT('',(0.1975702589717,2.59179874315418,0.993525409880336));
#3394=CARTESIAN_POINT('',(0.262264499172859,2.68144812625368,0.968450488448984));
#3395=CARTESIAN_POINT('',(0.354562172613518,2.80924748487737,0.932705023553695));
#3396=CARTESIAN_POINT('',(0.428421778564218,2.91153442979205,0.904095377636325));
#3397=CARTESIAN_POINT('',(0.465351581539568,2.96267790224938,0.889790554677625));
#3398=CARTESIAN_POINT('',(0.473776787871949,2.97434583094901,0.886527036454805));
#3399=CARTESIAN_POINT('',(0.482201994204328,2.98601375964863,0.883263518231975));
#3400=CARTESIAN_POINT('',(0.490627200536709,2.99768168834835,0.880000000009255));
#3401=CARTESIAN_POINT('',(-12.2292312438085,1.98320280985085,0.811995520932295));
#3402=CARTESIAN_POINT('',(-10.0677056805574,1.98320280987613,0.811995520933245));
#3403=CARTESIAN_POINT('',(-7.90618011730619,1.9832028099014,0.811995520934205));
#3404=CARTESIAN_POINT('',(-5.74465455405501,1.98320280992668,0.811995520935165));
#3405=CARTESIAN_POINT('',(-4.66389177242942,1.98320280993932,0.811995520935645));
#3406=CARTESIAN_POINT('',(-3.58312899080383,1.98320280995196,0.811995520936125));
#3407=CARTESIAN_POINT('',(-2.50236620917824,1.9832028099646,0.811995520936595));
#3408=CARTESIAN_POINT('',(-1.96198481836544,1.98320280997091,0.811995520936835));
#3409=CARTESIAN_POINT('',(-1.42160342755264,1.98320280997723,0.811995520937075));
#3410=CARTESIAN_POINT('',(-0.881222036739831,1.98320280998355,0.811995520937315));
#3411=CARTESIAN_POINT('',(-0.812443084320371,1.98320280998436,0.811995520937355));
#3412=CARTESIAN_POINT('',(-0.743664131900911,1.98320280998516,0.811995520937385));
#3413=CARTESIAN_POINT('',(-0.674885179481432,1.98320280998596,0.811995520937425));
#3414=CARTESIAN_POINT('',(-0.617569385798572,1.98320280998663,0.811995520937445));
#3415=CARTESIAN_POINT('',(-0.502937798433222,1.98320280998797,0.811995520937515));
#3416=CARTESIAN_POINT('',(-0.373797314733821,1.98315249760947,0.811992148302416));
#3417=CARTESIAN_POINT('',(-0.288183520039091,1.9832531223705,0.811998893572936));
#3418=CARTESIAN_POINT('',(-0.230618138590742,1.9821495758633,0.811924918543035));
#3419=CARTESIAN_POINT('',(-0.132957741965681,1.99530231189461,0.812806597778785));
#3420=CARTESIAN_POINT('',(0.0083671522573877,2.08149961022177,0.818584739142955));
#3421=CARTESIAN_POINT('',(0.106391789011449,2.22339883811697,0.828096798269556));
#3422=CARTESIAN_POINT('',(0.160761208986068,2.33579210062599,0.835630957364575));
#3423=CARTESIAN_POINT('',(0.197570258971689,2.40951720557005,0.840573038923056));
#3424=CARTESIAN_POINT('',(0.262264499172859,2.5394280177055,0.849281467746455));
#3425=CARTESIAN_POINT('',(0.354562172613518,2.72462191302509,0.861695737424286));
#3426=CARTESIAN_POINT('',(0.428421778564218,2.87284580063371,0.871631763178805));
#3427=CARTESIAN_POINT('',(0.465351581539568,2.94695774443801,0.876599776056045));
#3428=CARTESIAN_POINT('',(0.473776787871949,2.96386572574139,0.877733184040395));
#3429=CARTESIAN_POINT('',(0.482201994204328,2.98077370704478,0.878866592024735));
#3430=CARTESIAN_POINT('',(0.490627200536709,2.99768168834835,0.880000000009255));
#3431=CARTESIAN_POINT('',(-12.2292312438102,1.66879965353374,0.548179948427425));
#3432=CARTESIAN_POINT('',(-10.0677056805587,1.66879965356685,0.548179948434615));
#3433=CARTESIAN_POINT('',(-7.90618011730725,1.66879965359995,0.548179948441805));
#3434=CARTESIAN_POINT('',(-5.74465455405576,1.66879965363306,0.548179948448995));
#3435=CARTESIAN_POINT('',(-4.66389177243001,1.66879965364961,0.548179948452585));
#3436=CARTESIAN_POINT('',(-3.58312899080426,1.66879965366616,0.548179948456185));
#3437=CARTESIAN_POINT('',(-2.50236620917852,1.66879965368271,0.548179948459775));
#3438=CARTESIAN_POINT('',(-1.96198481836564,1.66879965369099,0.548179948461575));
#3439=CARTESIAN_POINT('',(-1.42160342755276,1.66879965369926,0.548179948463375));
#3440=CARTESIAN_POINT('',(-0.881222036739872,1.66879965370754,0.548179948465165));
#3441=CARTESIAN_POINT('',(-0.812443084320402,1.66879965370859,0.548179948465405));
#3442=CARTESIAN_POINT('',(-0.743664131900932,1.66879965370964,0.548179948465635));
#3443=CARTESIAN_POINT('',(-0.674885179481432,1.6687996537107,0.548179948465875));
#3444=CARTESIAN_POINT('',(-0.617569385798572,1.66879965371157,0.548179948466065));
#3445=CARTESIAN_POINT('',(-0.502937798433232,1.66879965371332,0.548179948466475));
#3446=CARTESIAN_POINT('',(-0.373797314733821,1.66873374872768,0.548163492080475));
#3447=CARTESIAN_POINT('',(-0.288183520039082,1.66886555870425,0.548196404853855));
#3448=CARTESIAN_POINT('',(-0.230618138590742,1.66742000556451,0.547835452184725));
#3449=CARTESIAN_POINT('',(-0.132957741965681,1.6846489839012,0.552137504835515));
#3450=CARTESIAN_POINT('',(0.0083671522573877,1.7975601973571,0.580331282531505));
#3451=CARTESIAN_POINT('',(0.106391789011449,1.98343625520394,0.626744283450865));
#3452=CARTESIAN_POINT('',(0.16076120898606,2.13066197921669,0.663506348146675));
#3453=CARTESIAN_POINT('',(0.197570258971679,2.22723566798592,0.687620667965785));
#3454=CARTESIAN_POINT('',(0.262264499172859,2.39740790915734,0.730112447043926));
#3455=CARTESIAN_POINT('',(0.354562172613518,2.63999634117282,0.790686451294875));
#3456=CARTESIAN_POINT('',(0.428421778564218,2.83415717147537,0.839168148721286));
#3457=CARTESIAN_POINT('',(0.465351581539568,2.93123758662663,0.863408997434464));
#3458=CARTESIAN_POINT('',(0.473776787871949,2.95338562053378,0.868939331625985));
#3459=CARTESIAN_POINT('',(0.482201994204328,2.97553365444093,0.874469665817485));
#3460=CARTESIAN_POINT('',(0.490627200536709,2.99768168834835,0.880000000009255));
#3461=CARTESIAN_POINT('',(-12.2292312438136,1.03999334089953,0.0205488034177052));
#3462=CARTESIAN_POINT('',(-10.0677056805615,1.03999334094829,0.0205488034373544));
#3463=CARTESIAN_POINT('',(-7.90618011730937,1.03999334099704,0.0205488034570045));
#3464=CARTESIAN_POINT('',(-5.74465455405725,1.0399933410458,0.0205488034766546));
#3465=CARTESIAN_POINT('',(-4.66389177243119,1.03999334107018,0.0205488034864844));
#3466=CARTESIAN_POINT('',(-3.58312899080513,1.03999334109456,0.0205488034963046));
#3467=CARTESIAN_POINT('',(-2.50236620917907,1.03999334111894,0.0205488035061344));
#3468=CARTESIAN_POINT('',(-1.96198481836604,1.03999334113113,0.0205488035110446));
#3469=CARTESIAN_POINT('',(-1.42160342755301,1.03999334114332,0.0205488035159652));
#3470=CARTESIAN_POINT('',(-0.881222036739941,1.03999334115551,0.0205488035208744));
#3471=CARTESIAN_POINT('',(-0.812443084320462,1.03999334115706,0.020548803521505));
#3472=CARTESIAN_POINT('',(-0.743664131900961,1.03999334115861,0.0205488035221451));
#3473=CARTESIAN_POINT('',(-0.674885179481432,1.03999334116016,0.0205488035227748));
#3474=CARTESIAN_POINT('',(-0.617569385798572,1.03999334116145,0.0205488035232944));
#3475=CARTESIAN_POINT('',(-0.502937798433242,1.03999334116402,0.0205488035243846));
#3476=CARTESIAN_POINT('',(-0.373797314733831,1.03989625096411,0.020506179636605));
#3477=CARTESIAN_POINT('',(-0.288183520039071,1.04009043137173,0.0205914274156952));
#3478=CARTESIAN_POINT('',(-0.230618138590742,1.03796086496693,0.0196565194681151));
#3479=CARTESIAN_POINT('',(-0.132957741965681,1.06334232791439,0.0307993189489755));
#3480=CARTESIAN_POINT('',(0.0083671522573877,1.22968137162775,0.103824369308615));
#3481=CARTESIAN_POINT('',(0.106391789011449,1.50351108937786,0.224039253813495));
#3482=CARTESIAN_POINT('',(0.160761208986049,1.72040173639807,0.319257129710876));
#3483=CARTESIAN_POINT('',(0.197570258971668,1.86267259281766,0.381715926051235));
#3484=CARTESIAN_POINT('',(0.262264499172859,2.113367692061,0.491774405638866));
#3485=CARTESIAN_POINT('',(0.354562172613518,2.47074519746829,0.648667879036055));
#3486=CARTESIAN_POINT('',(0.428421778564218,2.75677991315869,0.774240919806246));
#3487=CARTESIAN_POINT('',(0.465351581539568,2.89979727100388,0.837027440191315));
#3488=CARTESIAN_POINT('',(0.473776787871949,2.93242541011855,0.851351626797166));
#3489=CARTESIAN_POINT('',(0.482201994204328,2.96505354923323,0.865675813402995));
#3490=CARTESIAN_POINT('',(0.490627200536709,2.99768168834835,0.880000000009255));
#3491=CARTESIAN_POINT('',(-12.229231243817,0.411187028265316,-0.507082341592019));
#3492=CARTESIAN_POINT('',(-10.0677056805642,0.411187028329728,-0.507082341559904));
#3493=CARTESIAN_POINT('',(-7.90618011731149,0.41118702839414,-0.507082341527789));
#3494=CARTESIAN_POINT('',(-5.74465455405875,0.411187028458552,-0.50708234149568));
#3495=CARTESIAN_POINT('',(-4.66389177243238,0.411187028490758,-0.50708234147962));
#3496=CARTESIAN_POINT('',(-3.58312899080601,0.411187028522964,-0.507082341463565));
#3497=CARTESIAN_POINT('',(-2.50236620917963,0.41118702855517,-0.507082341447509));
#3498=CARTESIAN_POINT('',(-1.96198481836645,0.411187028571273,-0.507082341439479));
#3499=CARTESIAN_POINT('',(-1.42160342755325,0.411187028587376,-0.50708234143145));
#3500=CARTESIAN_POINT('',(-0.881222036740021,0.411187028603479,-0.507082341423424));
#3501=CARTESIAN_POINT('',(-0.812443084320511,0.411187028605527,-0.507082341422395));
#3502=CARTESIAN_POINT('',(-0.743664131901001,0.411187028607576,-0.507082341421349));
#3503=CARTESIAN_POINT('',(-0.674885179481432,0.411187028609625,-0.50708234142032));
#3504=CARTESIAN_POINT('',(-0.617569385798572,0.411187028611331,-0.50708234141947));
#3505=CARTESIAN_POINT('',(-0.502937798433252,0.411187028614725,-0.5070823414177));
#3506=CARTESIAN_POINT('',(-0.373797314733841,0.411058753200544,-0.50715113280727));
#3507=CARTESIAN_POINT('',(-0.288183520039052,0.411315304039221,-0.507013550022475));
#3508=CARTESIAN_POINT('',(-0.230618138590742,0.408501724369357,-0.508522413248495));
#3509=CARTESIAN_POINT('',(-0.132957741965681,0.442035671927584,-0.490538866937574));
#3510=CARTESIAN_POINT('',(0.0083671522573877,0.661802545898396,-0.37268254391428));
#3511=CARTESIAN_POINT('',(0.106391789011449,1.02358592355178,-0.178665775823885));
#3512=CARTESIAN_POINT('',(0.160761208986039,1.31014149357946,-0.0249920887249247));
#3513=CARTESIAN_POINT('',(0.19757025897166,1.4981095176494,0.0758111841366854));
#3514=CARTESIAN_POINT('',(0.262264499172859,1.82932747496466,0.253436364233806));
#3515=CARTESIAN_POINT('',(0.354562172613518,2.30149405376375,0.506649306777235));
#3516=CARTESIAN_POINT('',(0.428421778564218,2.67940265484201,0.709313690891215));
#3517=CARTESIAN_POINT('',(0.465351581539568,2.86835695538112,0.810645882948166));
#3518=CARTESIAN_POINT('',(0.473776787871949,2.91146519970332,0.833763921968345));
#3519=CARTESIAN_POINT('',(0.482201994204328,2.95457344402553,0.856881960988495));
#3520=CARTESIAN_POINT('',(0.490627200536709,2.99768168834835,0.880000000009255));
#3521=CARTESIAN_POINT('',(-12.2292312438237,-0.84642559700311,-1.56234463161147));
#3522=CARTESIAN_POINT('',(-10.0677056805697,-0.846425596907389,-1.56234463155443));
#3523=CARTESIAN_POINT('',(-7.90618011731573,-0.846425596811669,-1.56234463149739));
#3524=CARTESIAN_POINT('',(-5.74465455406174,-0.846425596715949,-1.56234463144035));
#3525=CARTESIAN_POINT('',(-4.66389177243474,-0.846425596668089,-1.56234463141184));
#3526=CARTESIAN_POINT('',(-3.58312899080775,-0.846425596620229,-1.56234463138331));
#3527=CARTESIAN_POINT('',(-2.50236620918075,-0.846425596572368,-1.5623446313548));
#3528=CARTESIAN_POINT('',(-1.96198481836725,-0.846425596548438,-1.56234463134053));
#3529=CARTESIAN_POINT('',(-1.42160342755374,-0.846425596524508,-1.56234463132628));
#3530=CARTESIAN_POINT('',(-0.881222036740161,-0.846425596500578,-1.56234463131202));
#3531=CARTESIAN_POINT('',(-0.812443084320621,-0.846425596497534,-1.56234463131019));
#3532=CARTESIAN_POINT('',(-0.743664131901071,-0.846425596494489,-1.56234463130834));
#3533=CARTESIAN_POINT('',(-0.674885179481511,-0.846425596491445,-1.56234463130652));
#3534=CARTESIAN_POINT('',(-0.617569385798572,-0.84642559648891,-1.56234463130501));
#3535=CARTESIAN_POINT('',(-0.502937798433282,-0.846425596483868,-1.56234463130188));
#3536=CARTESIAN_POINT('',(-0.373797314733851,-0.846616242326593,-1.56246575769502));
#3537=CARTESIAN_POINT('',(-0.288183520039032,-0.846234950625808,-1.5622235048988));
#3538=CARTESIAN_POINT('',(-0.230618138590742,-0.850416556825795,-1.56488027868171));
#3539=CARTESIAN_POINT('',(-0.132957741965681,-0.800577640046033,-1.53321523871067));
#3540=CARTESIAN_POINT('',(0.0083671522573877,-0.473955105560309,-1.32569637036007));
#3541=CARTESIAN_POINT('',(0.106391789011449,0.0637355918996258,-0.984075835098645));
#3542=CARTESIAN_POINT('',(0.160761208986009,0.489621007942232,-0.71349052559653));
#3543=CARTESIAN_POINT('',(0.197570258971628,0.768983367312883,-0.53599829969242));
#3544=CARTESIAN_POINT('',(0.262264499172859,1.26124704077198,-0.223239718576306));
#3545=CARTESIAN_POINT('',(0.354562172613518,1.96299176635467,0.222612162259595));
#3546=CARTESIAN_POINT('',(0.428421778564218,2.52464813820866,0.579459233061145));
#3547=CARTESIAN_POINT('',(0.465351581539568,2.80547632413561,0.757882768461855));
#3548=CARTESIAN_POINT('',(0.473776787871949,2.86954477887288,0.798588512310705));
#3549=CARTESIAN_POINT('',(0.482201994204328,2.93361323361014,0.839294256159515));
#3550=CARTESIAN_POINT('',(0.490627200536709,2.99768168834835,0.880000000009255));
#3551=CARTESIAN_POINT('',(-12.2292312438304,-2.10403822227154,-2.61760692163092));
#3552=CARTESIAN_POINT('',(-10.0677056805752,-2.10403822214451,-2.61760692154895));
#3553=CARTESIAN_POINT('',(-7.90618011731997,-2.10403822201748,-2.61760692146699));
#3554=CARTESIAN_POINT('',(-5.74465455406473,-2.10403822189045,-2.61760692138503));
#3555=CARTESIAN_POINT('',(-4.66389177243711,-2.10403822182693,-2.61760692134404));
#3556=CARTESIAN_POINT('',(-3.58312899080949,-2.10403822176342,-2.61760692130306));
#3557=CARTESIAN_POINT('',(-2.50236620918187,-2.1040382216999,-2.61760692126209));
#3558=CARTESIAN_POINT('',(-1.96198481836806,-2.10403822166815,-2.61760692124159));
#3559=CARTESIAN_POINT('',(-1.42160342755422,-2.10403822163639,-2.6176069212211));
#3560=CARTESIAN_POINT('',(-0.881222036740311,-2.10403822160463,-2.61760692120061));
#3561=CARTESIAN_POINT('',(-0.812443084320731,-2.10403822160059,-2.61760692119798));
#3562=CARTESIAN_POINT('',(-0.743664131901142,-2.10403822159656,-2.61760692119534));
#3563=CARTESIAN_POINT('',(-0.674885179481542,-2.10403822159252,-2.6176069211927));
#3564=CARTESIAN_POINT('',(-0.617569385798572,-2.10403822158915,-2.61760692119054));
#3565=CARTESIAN_POINT('',(-0.502937798433312,-2.10403822158246,-2.61760692118605));
#3566=CARTESIAN_POINT('',(-0.373797314733861,-2.10429123785373,-2.61778038258277));
#3567=CARTESIAN_POINT('',(-0.288183520039002,-2.10378520529084,-2.61743345977513));
#3568=CARTESIAN_POINT('',(-0.230618138590742,-2.10933483802095,-2.62123814411493));
#3569=CARTESIAN_POINT('',(-0.132957741965681,-2.04319095201965,-2.57589161048376));
#3570=CARTESIAN_POINT('',(0.0083671522573877,-1.60971275701901,-2.27871019680586));
#3571=CARTESIAN_POINT('',(0.106391789011449,-0.89611473975253,-1.78948589437341));
#3572=CARTESIAN_POINT('',(0.16076120898598,-0.330899477694995,-1.40198896246813));
#3573=CARTESIAN_POINT('',(0.197570258971598,0.0398572169763656,-1.14780778352151));
#3574=CARTESIAN_POINT('',(0.262264499172859,0.693166606579304,-0.69991580138642));
#3575=CARTESIAN_POINT('',(0.354562172613518,1.6244894789456,-0.0614249822580449));
#3576=CARTESIAN_POINT('',(0.428421778564218,2.36989362157531,0.449604775231076));
#3577=CARTESIAN_POINT('',(0.465351581539568,2.7425956928901,0.705119653975545));
#3578=CARTESIAN_POINT('',(0.473776787871949,2.82762435804242,0.763413102653066));
#3579=CARTESIAN_POINT('',(0.482201994204328,2.91265302319475,0.821706551330526));
#3580=CARTESIAN_POINT('',(0.490627200536709,2.99768168834835,0.880000000009255));
#3581=CARTESIAN_POINT('',(-12.2292312438439,-4.61926347280839,-4.72813150166981));
#3582=CARTESIAN_POINT('',(-10.0677056805862,-4.61926347261874,-4.728131501538));
#3583=CARTESIAN_POINT('',(-7.90618011732844,-4.6192634724291,-4.72813150140619));
#3584=CARTESIAN_POINT('',(-5.74465455407071,-4.61926347223945,-4.72813150127437));
#3585=CARTESIAN_POINT('',(-4.66389177244184,-4.61926347214463,-4.72813150120847));
#3586=CARTESIAN_POINT('',(-3.58312899081297,-4.61926347204981,-4.72813150114256));
#3587=CARTESIAN_POINT('',(-2.5023662091841,-4.61926347195498,-4.72813150107666));
#3588=CARTESIAN_POINT('',(-1.96198481836967,-4.61926347190757,-4.7281315010437));
#3589=CARTESIAN_POINT('',(-1.42160342755519,-4.61926347186016,-4.72813150101075));
#3590=CARTESIAN_POINT('',(-0.881222036740601,-4.61926347181275,-4.7281315009778));
#3591=CARTESIAN_POINT('',(-0.812443084320961,-4.61926347180672,-4.72813150097358));
#3592=CARTESIAN_POINT('',(-0.743664131901281,-4.61926347180069,-4.72813150096931));
#3593=CARTESIAN_POINT('',(-0.674885179481591,-4.61926347179465,-4.72813150096509));
#3594=CARTESIAN_POINT('',(-0.617569385798572,-4.61926347178963,-4.72813150096161));
#3595=CARTESIAN_POINT('',(-0.502937798433362,-4.61926347177965,-4.72813150095439));
#3596=CARTESIAN_POINT('',(-0.373797314733891,-4.619641228908,-4.72840963235826));
#3597=CARTESIAN_POINT('',(-0.288183520038941,-4.61888571462089,-4.72785336952777));
#3598=CARTESIAN_POINT('',(-0.230618138590742,-4.62717140041125,-4.73395387498137));
#3599=CARTESIAN_POINT('',(-0.132957741965681,-4.52841757596689,-4.66124435402994));
#3600=CARTESIAN_POINT('',(0.0083671522573877,-3.88122805993642,-4.18473784969744));
#3601=CARTESIAN_POINT('',(0.106391789011449,-2.81581540305684,-3.40030601292293));
#3602=CARTESIAN_POINT('',(0.160761208985919,-1.97194044896945,-2.77898583621134));
#3603=CARTESIAN_POINT('',(0.197570258971549,-1.41839508369667,-2.37142675117971));
#3604=CARTESIAN_POINT('',(0.262264499172859,-0.44299426180605,-1.65326796700665));
#3605=CARTESIAN_POINT('',(0.354562172613518,0.947484904127441,-0.62949927129333));
#3606=CARTESIAN_POINT('',(0.428421778564218,2.0603845883086,0.189895859570924));
#3607=CARTESIAN_POINT('',(0.465351581539568,2.61683443039909,0.599593425002935));
#3608=CARTESIAN_POINT('',(0.473776787871949,2.74378351638152,0.693062283337785));
#3609=CARTESIAN_POINT('',(0.482201994204328,2.87073260236396,0.786531141672556));
#3610=CARTESIAN_POINT('',(0.490627200536709,2.99768168834835,0.880000000009255));
#3611=CARTESIAN_POINT('',(-12.2292312438574,-7.13448872334524,-6.8386560817087));
#3612=CARTESIAN_POINT('',(-10.0677056805972,-7.13448872309298,-6.83865608152704));
#3613=CARTESIAN_POINT('',(-7.90618011733692,-7.13448872284071,-6.83865608134538));
#3614=CARTESIAN_POINT('',(-5.74465455407669,-7.13448872258845,-6.83865608116372));
#3615=CARTESIAN_POINT('',(-4.66389177244657,-7.13448872246232,-6.83865608107289));
#3616=CARTESIAN_POINT('',(-3.58312899081646,-7.13448872233619,-6.83865608098206));
#3617=CARTESIAN_POINT('',(-2.50236620918634,-7.13448872221006,-6.83865608089123));
#3618=CARTESIAN_POINT('',(-1.96198481837128,-7.134488722147,-6.83865608084582));
#3619=CARTESIAN_POINT('',(-1.42160342755616,-7.13448872208393,-6.8386560808004));
#3620=CARTESIAN_POINT('',(-0.881222036740891,-7.13448872202086,-6.83865608075499));
#3621=CARTESIAN_POINT('',(-0.812443084321182,-7.13448872201284,-6.83865608074917));
#3622=CARTESIAN_POINT('',(-0.743664131901412,-7.13448872200482,-6.8386560807433));
#3623=CARTESIAN_POINT('',(-0.674885179481652,-7.13448872199679,-6.83865608073748));
#3624=CARTESIAN_POINT('',(-0.617569385798572,-7.13448872199011,-6.83865608073268));
#3625=CARTESIAN_POINT('',(-0.502937798433422,-7.13448872197683,-6.83865608072274));
#3626=CARTESIAN_POINT('',(-0.373797314733921,-7.13499121996228,-6.83903888213375));
#3627=CARTESIAN_POINT('',(-0.288183520038892,-7.13398622395095,-6.83827327928043));
#3628=CARTESIAN_POINT('',(-0.230618138590742,-7.14500796280155,-6.84666960584781));
#3629=CARTESIAN_POINT('',(-0.132957741965681,-7.01364419991412,-6.74659709757612));
#3630=CARTESIAN_POINT('',(0.0083671522573877,-6.15274336285383,-6.09076550258902));
#3631=CARTESIAN_POINT('',(0.106391789011449,-4.73551606636115,-5.01112613147244));
#3632=CARTESIAN_POINT('',(0.160761208985869,-3.6129814202439,-4.15598270995455));
#3633=CARTESIAN_POINT('',(0.19757025897149,-2.87664738436971,-3.59504571883792));
#3634=CARTESIAN_POINT('',(0.262264499172859,-1.57915513019141,-2.60662013262688));
#3635=CARTESIAN_POINT('',(0.354562172613518,0.270480329309288,-1.19757356032861));
#3636=CARTESIAN_POINT('',(0.428421778564218,1.75087555504189,-0.069813056089215));
#3637=CARTESIAN_POINT('',(0.465351581539568,2.49107316790807,0.494067196030325));
#3638=CARTESIAN_POINT('',(0.473776787871949,2.65994267472062,0.622711464022505));
#3639=CARTESIAN_POINT('',(0.482201994204328,2.82881218153317,0.751355732014575));
#3640=CARTESIAN_POINT('',(0.490627200536709,2.99768168834835,0.880000000009255));
#3641=CARTESIAN_POINT('',(-12.2292312438843,-12.1649392244189,-11.0597052417865));
#3642=CARTESIAN_POINT('',(-10.0677056806191,-12.1649392240414,-11.0597052415051));
#3643=CARTESIAN_POINT('',(-7.90618011735388,-12.1649392236639,-11.0597052412238));
#3644=CARTESIAN_POINT('',(-5.74465455408865,-12.1649392232865,-11.0597052409424));
#3645=CARTESIAN_POINT('',(-4.66389177245604,-12.1649392230977,-11.0597052408017));
#3646=CARTESIAN_POINT('',(-3.58312899082342,-12.164939222909,-11.0597052406611));
#3647=CARTESIAN_POINT('',(-2.5023662091908,-12.1649392227202,-11.0597052405204));
#3648=CARTESIAN_POINT('',(-1.9619848183745,-12.1649392226258,-11.05970524045));
#3649=CARTESIAN_POINT('',(-1.42160342755811,-12.1649392225315,-11.0597052403797));
#3650=CARTESIAN_POINT('',(-0.881222036741471,-12.1649392224371,-11.0597052403094));
#3651=CARTESIAN_POINT('',(-0.812443084321621,-12.1649392224251,-11.0597052403004));
#3652=CARTESIAN_POINT('',(-0.743664131901692,-12.1649392224131,-11.0597052402913));
#3653=CARTESIAN_POINT('',(-0.674885179481761,-12.1649392224011,-11.0597052402822));
#3654=CARTESIAN_POINT('',(-0.617569385798572,-12.1649392223911,-11.0597052402748));
#3655=CARTESIAN_POINT('',(-0.502937798433532,-12.1649392223712,-11.0597052402594));
#3656=CARTESIAN_POINT('',(-0.373797314733981,-12.1656912020708,-11.0602973816847));
#3657=CARTESIAN_POINT('',(-0.288183520038782,-12.1641872426111,-11.0591130987857));
#3658=CARTESIAN_POINT('',(-0.230618138590742,-12.1806810875822,-11.0721010675807));
#3659=CARTESIAN_POINT('',(-0.132957741965681,-11.9840974478086,-10.9173025846685));
#3660=CARTESIAN_POINT('',(0.0083671522573877,-10.6957739686886,-9.90282080837217));
#3661=CARTESIAN_POINT('',(0.106391789011449,-8.57491739296977,-8.23276636857147));
#3662=CARTESIAN_POINT('',(0.16076120898576,-6.89506336279281,-6.90997645744097));
#3663=CARTESIAN_POINT('',(0.197570258971379,-5.79315198571578,-6.04228365415432));
#3664=CARTESIAN_POINT('',(0.262264499172859,-3.85147686696211,-4.51332446386734));
#3665=CARTESIAN_POINT('',(0.354562172613518,-1.08352882032702,-2.33372213839918));
#3666=CARTESIAN_POINT('',(0.428421778564218,1.13185748850847,-0.5892308874095));
#3667=CARTESIAN_POINT('',(0.465351581539568,2.23955064292603,0.283014738085095));
#3668=CARTESIAN_POINT('',(0.473776787871949,2.49226099139882,0.482009825391945));
#3669=CARTESIAN_POINT('',(0.482201994204328,2.74497133987159,0.681004912698635));
#3670=CARTESIAN_POINT('',(0.490627200536709,2.99768168834835,0.880000000009255));
#3671=CARTESIAN_POINT('',(-12.2292312439113,-17.1953897254927,-15.2807544018643));
#3672=CARTESIAN_POINT('',(-10.0677056806411,-17.1953897249899,-15.2807544014833));
#3673=CARTESIAN_POINT('',(-7.90618011737084,-17.1953897244872,-15.2807544011022));
#3674=CARTESIAN_POINT('',(-5.74465455410062,-17.1953897239845,-15.2807544007211));
#3675=CARTESIAN_POINT('',(-4.6638917724655,-17.1953897237331,-15.2807544005306));
#3676=CARTESIAN_POINT('',(-3.58312899083038,-17.1953897234818,-15.28075440034));
#3677=CARTESIAN_POINT('',(-2.50236620919527,-17.1953897232303,-15.2807544001496));
#3678=CARTESIAN_POINT('',(-1.96198481837772,-17.1953897231047,-15.2807544000543));
#3679=CARTESIAN_POINT('',(-1.42160342756005,-17.195389722979,-15.280754399959));
#3680=CARTESIAN_POINT('',(-0.881222036742061,-17.1953897228533,-15.2807543998638));
#3681=CARTESIAN_POINT('',(-0.812443084322071,-17.1953897228373,-15.2807543998515));
#3682=CARTESIAN_POINT('',(-0.743664131901972,-17.1953897228214,-15.2807543998393));
#3683=CARTESIAN_POINT('',(-0.674885179481871,-17.1953897228053,-15.280754399827));
#3684=CARTESIAN_POINT('',(-0.617569385798572,-17.1953897227921,-15.2807543998169));
#3685=CARTESIAN_POINT('',(-0.502937798433641,-17.1953897227656,-15.2807543997962));
#3686=CARTESIAN_POINT('',(-0.373797314734031,-17.1963911841794,-15.2815558812358));
#3687=CARTESIAN_POINT('',(-0.288183520038661,-17.1943882612712,-15.2799529182911));
#3688=CARTESIAN_POINT('',(-0.230618138590742,-17.2163542123627,-15.2975325293136));
#3689=CARTESIAN_POINT('',(-0.132957741965681,-16.954550695703,-15.0880080717609));
#3690=CARTESIAN_POINT('',(0.0083671522573877,-15.2388045745234,-13.7148761141553));
#3691=CARTESIAN_POINT('',(0.106391789011449,-12.4143187195784,-11.4544066056705));
#3692=CARTESIAN_POINT('',(0.160761208985649,-10.1771453053417,-9.66397020492738));
#3693=CARTESIAN_POINT('',(0.197570258971269,-8.70965658706185,-8.48952158947072));
#3694=CARTESIAN_POINT('',(0.262264499172859,-6.12379860373282,-6.42002879510781));
#3695=CARTESIAN_POINT('',(0.354562172613518,-2.43753796996333,-3.46987071646975));
#3696=CARTESIAN_POINT('',(0.428421778564218,0.512839421975056,-1.10864871872978));
#3697=CARTESIAN_POINT('',(0.465351581539568,1.988028117944,0.0719622801398758));
#3698=CARTESIAN_POINT('',(0.473776787871949,2.32457930807701,0.341308186761385));
#3699=CARTESIAN_POINT('',(0.482201994204328,2.66113049821002,0.610654093382685));
#3700=CARTESIAN_POINT('',(0.490627200536709,2.99768168834835,0.880000000009255));
#3701=CARTESIAN_POINT('',(4.32511482051857,2.99768168834842,0.880000000009125));
#3702=CARTESIAN_POINT('',(-0.125715774471407,15.9310413520523,-0.144999047215417));
#3703=CARTESIAN_POINT('',(-0.125715774471407,15.8632376378197,0.630000952784583));
#3704=CARTESIAN_POINT('',(-0.125715774471408,15.9988450662849,-0.919999047215417));
#3705=CARTESIAN_POINT('',(0.124284225528593,15.8632376378197,0.630000952784583));
#3706=CARTESIAN_POINT('',(0.124284225528593,15.8632376378197,0.630000952784583));
#3707=CARTESIAN_POINT('',(0.124284225528593,15.9310413520523,-0.144999047215417));
#3708=CARTESIAN_POINT('',(0.124284225528593,15.9988450662849,-0.919999047215417));
#3709=CARTESIAN_POINT('',(-0.125715774470541,15.9988450662849,-0.919999047215417));
#3710=CARTESIAN_POINT('',(0.124284225528593,15.8798604838896,0.440000952784583));
#3711=CARTESIAN_POINT('',(0.124284225528593,15.8798604838896,0.440000952784583));
#3712=CARTESIAN_POINT('',(-0.125715774471407,15.8798604838896,0.440000952784583));
#3713=CARTESIAN_POINT('',(-0.125715774471407,15.9310413520523,-0.144999047215417));
#3714=CARTESIAN_POINT('',(-0.125715774471407,15.982222220215,-0.729999047215417));
#3715=CARTESIAN_POINT('',(-0.125715774470541,15.982222220215,-0.729999047215417));
#3716=CARTESIAN_POINT('',(0.124284225528593,15.982222220215,-0.729999047215417));
#3717=CARTESIAN_POINT('',(0.124284225528593,15.9310413520523,-0.144999047215417));
#3718=CARTESIAN_POINT('',(-1.13713380724203,15.7549046910026,1.86825220101698));
#3719=CARTESIAN_POINT('',(-0.125715774471408,27.2933922649672,-0.919999047215417));
#3720=CARTESIAN_POINT('',(-0.125715774471408,14.5000000000014,-0.919999047215417));
#3721=CARTESIAN_POINT('',(0.124284225528593,27.2933922649672,-0.919999047215417));
#3722=CARTESIAN_POINT('',(0.124284225528593,14.5000000000014,-0.919999047215417));
#3723=CARTESIAN_POINT('',(-0.125715774470541,14.5000000000014,-0.919999047215417));
#3724=CARTESIAN_POINT('',(-0.125715774470541,27.2933922649672,-0.919999047215417));
#3725=CARTESIAN_POINT('',(0.124284225528593,14.5000000000014,-0.919999047215417));
#3726=CARTESIAN_POINT('',(0.124284225528593,14.5000000000014,-0.729999047215417));
#3727=CARTESIAN_POINT('',(0.124284225528593,14.5000000000014,-0.144999047215417));
#3728=CARTESIAN_POINT('',(0.124284225528593,14.5000000000014,0.630000952784583));
#3729=CARTESIAN_POINT('',(0.124284225528593,14.5000000000014,0.630000952784583));
#3730=CARTESIAN_POINT('',(-0.125715774471407,14.5000000000014,0.630000952784583));
#3731=CARTESIAN_POINT('',(-0.125715774471407,14.5000000000014,-0.144999047215417));
#3732=CARTESIAN_POINT('',(-0.125715774471408,14.5000000000014,-0.720294113673243));
#3733=CARTESIAN_POINT('',(-0.125715774471407,14.5000000000014,-0.729999047215417));
#3734=CARTESIAN_POINT('',(-0.125715774471407,14.5000000000014,-0.144999047215417));
#3735=CARTESIAN_POINT('',(-0.125715774471407,14.5000000000014,0.440000952784583));
#3736=CARTESIAN_POINT('',(-0.125715774471407,14.5000000000014,0.440000952784583));
#3737=CARTESIAN_POINT('',(0.124284225528593,14.5000000000014,0.440000952784583));
#3738=CARTESIAN_POINT('',(0.124284225528593,14.5000000000014,-0.144999047215417));
#3739=CARTESIAN_POINT('',(-0.125715774471407,14.5000000000014,-0.144999047215417));
#3740=CARTESIAN_POINT('',(-0.125715774471407,27.2933922649672,0.630000952784583));
#3741=CARTESIAN_POINT('',(-0.125715774471407,27.2933922649672,-0.144999047215417));
#3742=CARTESIAN_POINT('',(0.124284225528593,27.2933922649672,0.630000952784583));
#3743=CARTESIAN_POINT('',(0.124284225528593,27.2933922649672,-0.144999047215417));
#3744=CARTESIAN_POINT('',(0.124284225528593,27.2933922649672,0.630000952784583));
#3745=CARTESIAN_POINT('',(-0.125715774471407,27.2933922649672,-0.729999047215417));
#3746=CARTESIAN_POINT('',(-0.125715774471407,14.5000000000014,-0.729999047215417));
#3747=CARTESIAN_POINT('',(0.124284225528593,27.2933922649672,-0.729999047215417));
#3748=CARTESIAN_POINT('',(-0.125715774470541,27.2933922649672,-0.729999047215417));
#3749=CARTESIAN_POINT('',(-0.125715774471407,27.2933922649672,0.440000952784583));
#3750=CARTESIAN_POINT('',(-0.125715774471407,27.2933922649672,-0.144999047215417));
#3751=CARTESIAN_POINT('',(0.124284225528593,27.2933922649672,0.440000952784583));
#3752=CARTESIAN_POINT('',(0.124284225528593,27.2933922649672,-0.144999047215417));
#3753=CARTESIAN_POINT('',(0.124284225528593,27.2933922649672,0.440000952784583));
#3754=CARTESIAN_POINT('',(-0.297347600007324,12.9230819367983,-0.533175099082025));
#3755=CARTESIAN_POINT('',(0.206684014344394,13.7502973430759,-0.636424472666854));
#3756=CARTESIAN_POINT('',(0.206684014344394,13.7502973430759,-0.636424472666854));
#3757=CARTESIAN_POINT('',(-0.205422560262538,13.7676703759272,-0.828592897898723));
#3758=CARTESIAN_POINT('',(-0.299859838938313,12.9000000000014,-0.720294113673243));
#3759=CARTESIAN_POINT('',(0.206684014344394,13.7502973430759,-0.826424472666854));
#3760=CARTESIAN_POINT('',(-0.0433159856556065,13.7502973430759,-0.826424472666854));
#3761=CARTESIAN_POINT('',(0.206684014344394,13.7502973430759,-0.826424472666854));
#3762=MECHANICAL_DESIGN_GEOMETRIC_PRESENTATION_REPRESENTATION('',(#32),
#3763);
#3763=(
GEOMETRIC_REPRESENTATION_CONTEXT(3)
GLOBAL_UNCERTAINTY_ASSIGNED_CONTEXT((#3764))
GLOBAL_UNIT_ASSIGNED_CONTEXT((#3770,#3766,#3765))
REPRESENTATION_CONTEXT('35072403_3D_STP','TOP_LEVEL_ASSEMBLY_PART')
);
#3764=UNCERTAINTY_MEASURE_WITH_UNIT(LENGTH_MEASURE(0.0508),#3770,
'DISTANCE_ACCURACY_VALUE','Maximum Tolerance applied to model');
#3765=(
NAMED_UNIT(*)
SI_UNIT($,.STERADIAN.)
SOLID_ANGLE_UNIT()
);
#3766=(
CONVERSION_BASED_UNIT('DEGREE',#3768)
NAMED_UNIT(#3767)
PLANE_ANGLE_UNIT()
);
#3767=DIMENSIONAL_EXPONENTS(0.,0.,0.,0.,0.,0.,0.);
#3768=PLANE_ANGLE_MEASURE_WITH_UNIT(PLANE_ANGLE_MEASURE(0.0174532925),#3769);
#3769=(
NAMED_UNIT(*)
PLANE_ANGLE_UNIT()
SI_UNIT($,.RADIAN.)
);
#3770=(
LENGTH_UNIT()
NAMED_UNIT(*)
SI_UNIT(.MILLI.,.METRE.)
);
ENDSEC;
END-ISO-10303-21;
