ISO-10303-21;
HEADER;
/* Generated by software containing ST-Developer
 * from STEP Tools, Inc. (www.steptools.com) 
 */
/* OPTION: using custom schema-name function */

FILE_DESCRIPTION(
/* description */ (''),
/* implementation_level */ '2;1');

FILE_NAME(
/* name */ '12045773.stp',
/* time_stamp */ '2024-03-22T09:59:51-06:00',
/* author */ (''),
/* organization */ (''),
/* preprocessor_version */ 'ST-DEVELOPER v16.7',
/* originating_system */ 'SIEMENS PLM Software NX 1892',
/* authorisation */ '');

FILE_SCHEMA (('AUTOMOTIVE_DESIGN { 1 0 10303 214 3 1 1 1 }'));
ENDSEC;

DATA;
#10=SHAPE_REPRESENTATION_RELATIONSHIP('None',
'relationship between assembly1-None and assembly1-None',#22,#11);
#11=ADVANCED_BREP_SHAPE_REPRESENTATION('assembly1-None',(#32),#6464);
#12=SHAPE_DEFINITION_REPRESENTATION(#13,#22);
#13=PRODUCT_DEFINITION_SHAPE('','',#14);
#14=PRODUCT_DEFINITION(' ','',#16,#15);
#15=PRODUCT_DEFINITION_CONTEXT('part definition',#21,'design');
#16=PRODUCT_DEFINITION_FORMATION_WITH_SPECIFIED_SOURCE(' ',' ',#18,
 .NOT_KNOWN.);
#17=PRODUCT_RELATED_PRODUCT_CATEGORY('part','',(#18));
#18=PRODUCT('assembly1','assembly1',' ',(#19));
#19=PRODUCT_CONTEXT(' ',#21,'mechanical');
#20=APPLICATION_PROTOCOL_DEFINITION('international standard',
'automotive_design',2010,#21);
#21=APPLICATION_CONTEXT(
'core data for automotive mechanical design processes');
#22=SHAPE_REPRESENTATION('assembly1-None',(#1099),#6464);
#23=PRESENTATION_LAYER_ASSIGNMENT('1','Layer 1',(#32));
#24=STYLED_ITEM('',(#25),#32);
#25=PRESENTATION_STYLE_ASSIGNMENT((#26));
#26=SURFACE_STYLE_USAGE(.BOTH.,#27);
#27=SURFACE_SIDE_STYLE('',(#28));
#28=SURFACE_STYLE_FILL_AREA(#29);
#29=FILL_AREA_STYLE('',(#30));
#30=FILL_AREA_STYLE_COLOUR('',#31);
#31=DRAUGHTING_PRE_DEFINED_COLOUR('magenta');
#32=MANIFOLD_SOLID_BREP('',#33);
#33=CLOSED_SHELL('',(#109,#110,#111,#112,#113,#114,#115,#116,#117,#118,
#119,#120,#121,#122,#123,#124,#125,#126,#127,#128,#129,#130,#131,#132,#133,
#134,#135,#136,#137,#138,#139,#140,#141,#142,#143,#144,#145,#146,#147,#148,
#149,#150,#151,#152,#153,#154,#155,#156,#157,#158,#159,#160,#161,#162,#163,
#164,#165,#166,#167,#168,#169));
#34=FACE_BOUND('',#315,.T.);
#35=FACE_BOUND('',#316,.T.);
#36=B_SPLINE_SURFACE_WITH_KNOTS('',3,3,((#1827,#1828,#1829,#1830,#1831,
#1832,#1833,#1834,#1835,#1836,#1837,#1838,#1839,#1840,#1841,#1842,#1843,
#1844,#1845,#1846,#1847,#1848,#1849,#1850,#1851,#1852,#1853,#1854,#1855,
#1856,#1857,#1858,#1859,#1860,#1861,#1862,#1863,#1864),(#1865,#1866,#1867,
#1868,#1869,#1870,#1871,#1872,#1873,#1874,#1875,#1876,#1877,#1878,#1879,
#1880,#1881,#1882,#1883,#1884,#1885,#1886,#1887,#1888,#1889,#1890,#1891,
#1892,#1893,#1894,#1895,#1896,#1897,#1898,#1899,#1900,#1901,#1902),(#1903,
#1904,#1905,#1906,#1907,#1908,#1909,#1910,#1911,#1912,#1913,#1914,#1915,
#1916,#1917,#1918,#1919,#1920,#1921,#1922,#1923,#1924,#1925,#1926,#1927,
#1928,#1929,#1930,#1931,#1932,#1933,#1934,#1935,#1936,#1937,#1938,#1939,
#1940),(#1941,#1942,#1943,#1944,#1945,#1946,#1947,#1948,#1949,#1950,#1951,
#1952,#1953,#1954,#1955,#1956,#1957,#1958,#1959,#1960,#1961,#1962,#1963,
#1964,#1965,#1966,#1967,#1968,#1969,#1970,#1971,#1972,#1973,#1974,#1975,
#1976,#1977,#1978),(#1979,#1980,#1981,#1982,#1983,#1984,#1985,#1986,#1987,
#1988,#1989,#1990,#1991,#1992,#1993,#1994,#1995,#1996,#1997,#1998,#1999,
#2000,#2001,#2002,#2003,#2004,#2005,#2006,#2007,#2008,#2009,#2010,#2011,
#2012,#2013,#2014,#2015,#2016),(#2017,#2018,#2019,#2020,#2021,#2022,#2023,
#2024,#2025,#2026,#2027,#2028,#2029,#2030,#2031,#2032,#2033,#2034,#2035,
#2036,#2037,#2038,#2039,#2040,#2041,#2042,#2043,#2044,#2045,#2046,#2047,
#2048,#2049,#2050,#2051,#2052,#2053,#2054),(#2055,#2056,#2057,#2058,#2059,
#2060,#2061,#2062,#2063,#2064,#2065,#2066,#2067,#2068,#2069,#2070,#2071,
#2072,#2073,#2074,#2075,#2076,#2077,#2078,#2079,#2080,#2081,#2082,#2083,
#2084,#2085,#2086,#2087,#2088,#2089,#2090,#2091,#2092),(#2093,#2094,#2095,
#2096,#2097,#2098,#2099,#2100,#2101,#2102,#2103,#2104,#2105,#2106,#2107,
#2108,#2109,#2110,#2111,#2112,#2113,#2114,#2115,#2116,#2117,#2118,#2119,
#2120,#2121,#2122,#2123,#2124,#2125,#2126,#2127,#2128,#2129,#2130),(#2131,
#2132,#2133,#2134,#2135,#2136,#2137,#2138,#2139,#2140,#2141,#2142,#2143,
#2144,#2145,#2146,#2147,#2148,#2149,#2150,#2151,#2152,#2153,#2154,#2155,
#2156,#2157,#2158,#2159,#2160,#2161,#2162,#2163,#2164,#2165,#2166,#2167,
#2168),(#2169,#2170,#2171,#2172,#2173,#2174,#2175,#2176,#2177,#2178,#2179,
#2180,#2181,#2182,#2183,#2184,#2185,#2186,#2187,#2188,#2189,#2190,#2191,
#2192,#2193,#2194,#2195,#2196,#2197,#2198,#2199,#2200,#2201,#2202,#2203,
#2204,#2205,#2206),(#2207,#2208,#2209,#2210,#2211,#2212,#2213,#2214,#2215,
#2216,#2217,#2218,#2219,#2220,#2221,#2222,#2223,#2224,#2225,#2226,#2227,
#2228,#2229,#2230,#2231,#2232,#2233,#2234,#2235,#2236,#2237,#2238,#2239,
#2240,#2241,#2242,#2243,#2244),(#2245,#2246,#2247,#2248,#2249,#2250,#2251,
#2252,#2253,#2254,#2255,#2256,#2257,#2258,#2259,#2260,#2261,#2262,#2263,
#2264,#2265,#2266,#2267,#2268,#2269,#2270,#2271,#2272,#2273,#2274,#2275,
#2276,#2277,#2278,#2279,#2280,#2281,#2282),(#2283,#2284,#2285,#2286,#2287,
#2288,#2289,#2290,#2291,#2292,#2293,#2294,#2295,#2296,#2297,#2298,#2299,
#2300,#2301,#2302,#2303,#2304,#2305,#2306,#2307,#2308,#2309,#2310,#2311,
#2312,#2313,#2314,#2315,#2316,#2317,#2318,#2319,#2320),(#2321,#2322,#2323,
#2324,#2325,#2326,#2327,#2328,#2329,#2330,#2331,#2332,#2333,#2334,#2335,
#2336,#2337,#2338,#2339,#2340,#2341,#2342,#2343,#2344,#2345,#2346,#2347,
#2348,#2349,#2350,#2351,#2352,#2353,#2354,#2355,#2356,#2357,#2358),(#2359,
#2360,#2361,#2362,#2363,#2364,#2365,#2366,#2367,#2368,#2369,#2370,#2371,
#2372,#2373,#2374,#2375,#2376,#2377,#2378,#2379,#2380,#2381,#2382,#2383,
#2384,#2385,#2386,#2387,#2388,#2389,#2390,#2391,#2392,#2393,#2394,#2395,
#2396),(#2397,#2398,#2399,#2400,#2401,#2402,#2403,#2404,#2405,#2406,#2407,
#2408,#2409,#2410,#2411,#2412,#2413,#2414,#2415,#2416,#2417,#2418,#2419,
#2420,#2421,#2422,#2423,#2424,#2425,#2426,#2427,#2428,#2429,#2430,#2431,
#2432,#2433,#2434),(#2435,#2436,#2437,#2438,#2439,#2440,#2441,#2442,#2443,
#2444,#2445,#2446,#2447,#2448,#2449,#2450,#2451,#2452,#2453,#2454,#2455,
#2456,#2457,#2458,#2459,#2460,#2461,#2462,#2463,#2464,#2465,#2466,#2467,
#2468,#2469,#2470,#2471,#2472),(#2473,#2474,#2475,#2476,#2477,#2478,#2479,
#2480,#2481,#2482,#2483,#2484,#2485,#2486,#2487,#2488,#2489,#2490,#2491,
#2492,#2493,#2494,#2495,#2496,#2497,#2498,#2499,#2500,#2501,#2502,#2503,
#2504,#2505,#2506,#2507,#2508,#2509,#2510),(#2511,#2512,#2513,#2514,#2515,
#2516,#2517,#2518,#2519,#2520,#2521,#2522,#2523,#2524,#2525,#2526,#2527,
#2528,#2529,#2530,#2531,#2532,#2533,#2534,#2535,#2536,#2537,#2538,#2539,
#2540,#2541,#2542,#2543,#2544,#2545,#2546,#2547,#2548),(#2549,#2550,#2551,
#2552,#2553,#2554,#2555,#2556,#2557,#2558,#2559,#2560,#2561,#2562,#2563,
#2564,#2565,#2566,#2567,#2568,#2569,#2570,#2571,#2572,#2573,#2574,#2575,
#2576,#2577,#2578,#2579,#2580,#2581,#2582,#2583,#2584,#2585,#2586),(#2587,
#2588,#2589,#2590,#2591,#2592,#2593,#2594,#2595,#2596,#2597,#2598,#2599,
#2600,#2601,#2602,#2603,#2604,#2605,#2606,#2607,#2608,#2609,#2610,#2611,
#2612,#2613,#2614,#2615,#2616,#2617,#2618,#2619,#2620,#2621,#2622,#2623,
#2624),(#2625,#2626,#2627,#2628,#2629,#2630,#2631,#2632,#2633,#2634,#2635,
#2636,#2637,#2638,#2639,#2640,#2641,#2642,#2643,#2644,#2645,#2646,#2647,
#2648,#2649,#2650,#2651,#2652,#2653,#2654,#2655,#2656,#2657,#2658,#2659,
#2660,#2661,#2662),(#2663,#2664,#2665,#2666,#2667,#2668,#2669,#2670,#2671,
#2672,#2673,#2674,#2675,#2676,#2677,#2678,#2679,#2680,#2681,#2682,#2683,
#2684,#2685,#2686,#2687,#2688,#2689,#2690,#2691,#2692,#2693,#2694,#2695,
#2696,#2697,#2698,#2699,#2700),(#2701,#2702,#2703,#2704,#2705,#2706,#2707,
#2708,#2709,#2710,#2711,#2712,#2713,#2714,#2715,#2716,#2717,#2718,#2719,
#2720,#2721,#2722,#2723,#2724,#2725,#2726,#2727,#2728,#2729,#2730,#2731,
#2732,#2733,#2734,#2735,#2736,#2737,#2738),(#2739,#2740,#2741,#2742,#2743,
#2744,#2745,#2746,#2747,#2748,#2749,#2750,#2751,#2752,#2753,#2754,#2755,
#2756,#2757,#2758,#2759,#2760,#2761,#2762,#2763,#2764,#2765,#2766,#2767,
#2768,#2769,#2770,#2771,#2772,#2773,#2774,#2775,#2776),(#2777,#2778,#2779,
#2780,#2781,#2782,#2783,#2784,#2785,#2786,#2787,#2788,#2789,#2790,#2791,
#2792,#2793,#2794,#2795,#2796,#2797,#2798,#2799,#2800,#2801,#2802,#2803,
#2804,#2805,#2806,#2807,#2808,#2809,#2810,#2811,#2812,#2813,#2814),(#2815,
#2816,#2817,#2818,#2819,#2820,#2821,#2822,#2823,#2824,#2825,#2826,#2827,
#2828,#2829,#2830,#2831,#2832,#2833,#2834,#2835,#2836,#2837,#2838,#2839,
#2840,#2841,#2842,#2843,#2844,#2845,#2846,#2847,#2848,#2849,#2850,#2851,
#2852),(#2853,#2854,#2855,#2856,#2857,#2858,#2859,#2860,#2861,#2862,#2863,
#2864,#2865,#2866,#2867,#2868,#2869,#2870,#2871,#2872,#2873,#2874,#2875,
#2876,#2877,#2878,#2879,#2880,#2881,#2882,#2883,#2884,#2885,#2886,#2887,
#2888,#2889,#2890),(#2891,#2892,#2893,#2894,#2895,#2896,#2897,#2898,#2899,
#2900,#2901,#2902,#2903,#2904,#2905,#2906,#2907,#2908,#2909,#2910,#2911,
#2912,#2913,#2914,#2915,#2916,#2917,#2918,#2919,#2920,#2921,#2922,#2923,
#2924,#2925,#2926,#2927,#2928),(#2929,#2930,#2931,#2932,#2933,#2934,#2935,
#2936,#2937,#2938,#2939,#2940,#2941,#2942,#2943,#2944,#2945,#2946,#2947,
#2948,#2949,#2950,#2951,#2952,#2953,#2954,#2955,#2956,#2957,#2958,#2959,
#2960,#2961,#2962,#2963,#2964,#2965,#2966),(#2967,#2968,#2969,#2970,#2971,
#2972,#2973,#2974,#2975,#2976,#2977,#2978,#2979,#2980,#2981,#2982,#2983,
#2984,#2985,#2986,#2987,#2988,#2989,#2990,#2991,#2992,#2993,#2994,#2995,
#2996,#2997,#2998,#2999,#3000,#3001,#3002,#3003,#3004),(#3005,#3006,#3007,
#3008,#3009,#3010,#3011,#3012,#3013,#3014,#3015,#3016,#3017,#3018,#3019,
#3020,#3021,#3022,#3023,#3024,#3025,#3026,#3027,#3028,#3029,#3030,#3031,
#3032,#3033,#3034,#3035,#3036,#3037,#3038,#3039,#3040,#3041,#3042),(#3043,
#3044,#3045,#3046,#3047,#3048,#3049,#3050,#3051,#3052,#3053,#3054,#3055,
#3056,#3057,#3058,#3059,#3060,#3061,#3062,#3063,#3064,#3065,#3066,#3067,
#3068,#3069,#3070,#3071,#3072,#3073,#3074,#3075,#3076,#3077,#3078,#3079,
#3080),(#3081,#3082,#3083,#3084,#3085,#3086,#3087,#3088,#3089,#3090,#3091,
#3092,#3093,#3094,#3095,#3096,#3097,#3098,#3099,#3100,#3101,#3102,#3103,
#3104,#3105,#3106,#3107,#3108,#3109,#3110,#3111,#3112,#3113,#3114,#3115,
#3116,#3117,#3118),(#3119,#3120,#3121,#3122,#3123,#3124,#3125,#3126,#3127,
#3128,#3129,#3130,#3131,#3132,#3133,#3134,#3135,#3136,#3137,#3138,#3139,
#3140,#3141,#3142,#3143,#3144,#3145,#3146,#3147,#3148,#3149,#3150,#3151,
#3152,#3153,#3154,#3155,#3156),(#3157,#3158,#3159,#3160,#3161,#3162,#3163,
#3164,#3165,#3166,#3167,#3168,#3169,#3170,#3171,#3172,#3173,#3174,#3175,
#3176,#3177,#3178,#3179,#3180,#3181,#3182,#3183,#3184,#3185,#3186,#3187,
#3188,#3189,#3190,#3191,#3192,#3193,#3194),(#3195,#3196,#3197,#3198,#3199,
#3200,#3201,#3202,#3203,#3204,#3205,#3206,#3207,#3208,#3209,#3210,#3211,
#3212,#3213,#3214,#3215,#3216,#3217,#3218,#3219,#3220,#3221,#3222,#3223,
#3224,#3225,#3226,#3227,#3228,#3229,#3230,#3231,#3232),(#3233,#3234,#3235,
#3236,#3237,#3238,#3239,#3240,#3241,#3242,#3243,#3244,#3245,#3246,#3247,
#3248,#3249,#3250,#3251,#3252,#3253,#3254,#3255,#3256,#3257,#3258,#3259,
#3260,#3261,#3262,#3263,#3264,#3265,#3266,#3267,#3268,#3269,#3270),(#3271,
#3272,#3273,#3274,#3275,#3276,#3277,#3278,#3279,#3280,#3281,#3282,#3283,
#3284,#3285,#3286,#3287,#3288,#3289,#3290,#3291,#3292,#3293,#3294,#3295,
#3296,#3297,#3298,#3299,#3300,#3301,#3302,#3303,#3304,#3305,#3306,#3307,
#3308),(#3309,#3310,#3311,#3312,#3313,#3314,#3315,#3316,#3317,#3318,#3319,
#3320,#3321,#3322,#3323,#3324,#3325,#3326,#3327,#3328,#3329,#3330,#3331,
#3332,#3333,#3334,#3335,#3336,#3337,#3338,#3339,#3340,#3341,#3342,#3343,
#3344,#3345,#3346),(#3347,#3348,#3349,#3350,#3351,#3352,#3353,#3354,#3355,
#3356,#3357,#3358,#3359,#3360,#3361,#3362,#3363,#3364,#3365,#3366,#3367,
#3368,#3369,#3370,#3371,#3372,#3373,#3374,#3375,#3376,#3377,#3378,#3379,
#3380,#3381,#3382,#3383,#3384),(#3385,#3386,#3387,#3388,#3389,#3390,#3391,
#3392,#3393,#3394,#3395,#3396,#3397,#3398,#3399,#3400,#3401,#3402,#3403,
#3404,#3405,#3406,#3407,#3408,#3409,#3410,#3411,#3412,#3413,#3414,#3415,
#3416,#3417,#3418,#3419,#3420,#3421,#3422),(#3423,#3424,#3425,#3426,#3427,
#3428,#3429,#3430,#3431,#3432,#3433,#3434,#3435,#3436,#3437,#3438,#3439,
#3440,#3441,#3442,#3443,#3444,#3445,#3446,#3447,#3448,#3449,#3450,#3451,
#3452,#3453,#3454,#3455,#3456,#3457,#3458,#3459,#3460),(#3461,#3462,#3463,
#3464,#3465,#3466,#3467,#3468,#3469,#3470,#3471,#3472,#3473,#3474,#3475,
#3476,#3477,#3478,#3479,#3480,#3481,#3482,#3483,#3484,#3485,#3486,#3487,
#3488,#3489,#3490,#3491,#3492,#3493,#3494,#3495,#3496,#3497,#3498),(#3499,
#3500,#3501,#3502,#3503,#3504,#3505,#3506,#3507,#3508,#3509,#3510,#3511,
#3512,#3513,#3514,#3515,#3516,#3517,#3518,#3519,#3520,#3521,#3522,#3523,
#3524,#3525,#3526,#3527,#3528,#3529,#3530,#3531,#3532,#3533,#3534,#3535,
#3536),(#3537,#3538,#3539,#3540,#3541,#3542,#3543,#3544,#3545,#3546,#3547,
#3548,#3549,#3550,#3551,#3552,#3553,#3554,#3555,#3556,#3557,#3558,#3559,
#3560,#3561,#3562,#3563,#3564,#3565,#3566,#3567,#3568,#3569,#3570,#3571,
#3572,#3573,#3574),(#3575,#3576,#3577,#3578,#3579,#3580,#3581,#3582,#3583,
#3584,#3585,#3586,#3587,#3588,#3589,#3590,#3591,#3592,#3593,#3594,#3595,
#3596,#3597,#3598,#3599,#3600,#3601,#3602,#3603,#3604,#3605,#3606,#3607,
#3608,#3609,#3610,#3611,#3612),(#3613,#3614,#3615,#3616,#3617,#3618,#3619,
#3620,#3621,#3622,#3623,#3624,#3625,#3626,#3627,#3628,#3629,#3630,#3631,
#3632,#3633,#3634,#3635,#3636,#3637,#3638,#3639,#3640,#3641,#3642,#3643,
#3644,#3645,#3646,#3647,#3648,#3649,#3650),(#3651,#3652,#3653,#3654,#3655,
#3656,#3657,#3658,#3659,#3660,#3661,#3662,#3663,#3664,#3665,#3666,#3667,
#3668,#3669,#3670,#3671,#3672,#3673,#3674,#3675,#3676,#3677,#3678,#3679,
#3680,#3681,#3682,#3683,#3684,#3685,#3686,#3687,#3688),(#3689,#3690,#3691,
#3692,#3693,#3694,#3695,#3696,#3697,#3698,#3699,#3700,#3701,#3702,#3703,
#3704,#3705,#3706,#3707,#3708,#3709,#3710,#3711,#3712,#3713,#3714,#3715,
#3716,#3717,#3718,#3719,#3720,#3721,#3722,#3723,#3724,#3725,#3726),(#3727,
#3728,#3729,#3730,#3731,#3732,#3733,#3734,#3735,#3736,#3737,#3738,#3739,
#3740,#3741,#3742,#3743,#3744,#3745,#3746,#3747,#3748,#3749,#3750,#3751,
#3752,#3753,#3754,#3755,#3756,#3757,#3758,#3759,#3760,#3761,#3762,#3763,
#3764),(#3765,#3766,#3767,#3768,#3769,#3770,#3771,#3772,#3773,#3774,#3775,
#3776,#3777,#3778,#3779,#3780,#3781,#3782,#3783,#3784,#3785,#3786,#3787,
#3788,#3789,#3790,#3791,#3792,#3793,#3794,#3795,#3796,#3797,#3798,#3799,
#3800,#3801,#3802),(#3803,#3804,#3805,#3806,#3807,#3808,#3809,#3810,#3811,
#3812,#3813,#3814,#3815,#3816,#3817,#3818,#3819,#3820,#3821,#3822,#3823,
#3824,#3825,#3826,#3827,#3828,#3829,#3830,#3831,#3832,#3833,#3834,#3835,
#3836,#3837,#3838,#3839,#3840),(#3841,#3842,#3843,#3844,#3845,#3846,#3847,
#3848,#3849,#3850,#3851,#3852,#3853,#3854,#3855,#3856,#3857,#3858,#3859,
#3860,#3861,#3862,#3863,#3864,#3865,#3866,#3867,#3868,#3869,#3870,#3871,
#3872,#3873,#3874,#3875,#3876,#3877,#3878),(#3879,#3880,#3881,#3882,#3883,
#3884,#3885,#3886,#3887,#3888,#3889,#3890,#3891,#3892,#3893,#3894,#3895,
#3896,#3897,#3898,#3899,#3900,#3901,#3902,#3903,#3904,#3905,#3906,#3907,
#3908,#3909,#3910,#3911,#3912,#3913,#3914,#3915,#3916),(#3917,#3918,#3919,
#3920,#3921,#3922,#3923,#3924,#3925,#3926,#3927,#3928,#3929,#3930,#3931,
#3932,#3933,#3934,#3935,#3936,#3937,#3938,#3939,#3940,#3941,#3942,#3943,
#3944,#3945,#3946,#3947,#3948,#3949,#3950,#3951,#3952,#3953,#3954),(#3955,
#3956,#3957,#3958,#3959,#3960,#3961,#3962,#3963,#3964,#3965,#3966,#3967,
#3968,#3969,#3970,#3971,#3972,#3973,#3974,#3975,#3976,#3977,#3978,#3979,
#3980,#3981,#3982,#3983,#3984,#3985,#3986,#3987,#3988,#3989,#3990,#3991,
#3992),(#3993,#3994,#3995,#3996,#3997,#3998,#3999,#4000,#4001,#4002,#4003,
#4004,#4005,#4006,#4007,#4008,#4009,#4010,#4011,#4012,#4013,#4014,#4015,
#4016,#4017,#4018,#4019,#4020,#4021,#4022,#4023,#4024,#4025,#4026,#4027,
#4028,#4029,#4030),(#4031,#4032,#4033,#4034,#4035,#4036,#4037,#4038,#4039,
#4040,#4041,#4042,#4043,#4044,#4045,#4046,#4047,#4048,#4049,#4050,#4051,
#4052,#4053,#4054,#4055,#4056,#4057,#4058,#4059,#4060,#4061,#4062,#4063,
#4064,#4065,#4066,#4067,#4068)),.UNSPECIFIED.,.F.,.F.,.F.,(4,1,1,1,1,1,
1,1,1,1,1,1,1,1,1,1,1,1,1,1,1,1,1,1,1,1,1,1,1,1,1,1,1,1,1,1,1,1,1,1,1,1,
1,1,1,1,1,1,1,1,1,1,1,1,1,1,4),(4,1,1,1,1,1,1,1,1,1,1,1,1,1,1,1,1,1,1,1,
1,1,1,1,1,1,1,1,1,1,1,1,1,1,1,4),(0.,0.03125,0.0625,0.09375,0.125,0.15625,
0.171875,0.17578125,0.1796875,0.1875,0.21875,0.25,0.28125,0.296875,0.3046875,
0.30859375,0.3125,0.31640625,0.3203125,0.328125,0.34375,0.375,0.3828125,
0.390625,0.39453125,0.3984375,0.40625,0.4375,0.5,0.5625,0.59375,0.6015625,
0.60546875,0.609375,0.6171875,0.625,0.65625,0.671875,0.6796875,0.68359375,
0.6875,0.69140625,0.6953125,0.703125,0.71875,0.75,0.78125,0.8125,0.8203125,
0.82421875,0.828125,0.84375,0.875,0.90625,0.9375,0.96875,1.),(0.,0.015625,
0.03125,0.046875,0.0625,0.09375,0.125,0.15625,0.1875,0.25,0.3125,0.34375,
0.359375,0.3671875,0.375,0.40625,0.4140625,0.421875,0.4375,0.5,0.5625,0.625,
0.6875,0.6953125,0.703125,0.71875,0.7265625,0.73046875,0.734375,0.7421875,
0.75,0.8125,0.875,0.9375,0.96875,1.),.UNSPECIFIED.);
#37=B_SPLINE_SURFACE_WITH_KNOTS('',3,3,((#4092,#4093,#4094,#4095),(#4096,
#4097,#4098,#4099),(#4100,#4101,#4102,#4103),(#4104,#4105,#4106,#4107),
(#4108,#4109,#4110,#4111),(#4112,#4113,#4114,#4115),(#4116,#4117,#4118,
#4119),(#4120,#4121,#4122,#4123),(#4124,#4125,#4126,#4127),(#4128,#4129,
#4130,#4131),(#4132,#4133,#4134,#4135),(#4136,#4137,#4138,#4139),(#4140,
#4141,#4142,#4143),(#4144,#4145,#4146,#4147),(#4148,#4149,#4150,#4151),
(#4152,#4153,#4154,#4155),(#4156,#4157,#4158,#4159),(#4160,#4161,#4162,
#4163),(#4164,#4165,#4166,#4167),(#4168,#4169,#4170,#4171),(#4172,#4173,
#4174,#4175),(#4176,#4177,#4178,#4179),(#4180,#4181,#4182,#4183)),
 .UNSPECIFIED.,.F.,.F.,.F.,(4,1,1,1,1,1,1,1,1,1,1,1,1,1,1,1,1,1,1,1,4),
(4,4),(0.,0.015625,0.03125,0.046875,0.0625,0.09375,0.125,0.15625,0.1875,
0.25,0.3125,0.375,0.5,0.625,0.6875,0.75,0.8125,0.875,0.9375,0.96875,1.),
(0.,1.),.UNSPECIFIED.);
#38=B_SPLINE_SURFACE_WITH_KNOTS('',3,3,((#4207,#4208,#4209,#4210,#4211,
#4212,#4213,#4214,#4215,#4216,#4217,#4218,#4219,#4220,#4221,#4222,#4223,
#4224,#4225,#4226,#4227,#4228,#4229,#4230,#4231,#4232,#4233,#4234,#4235,
#4236,#4237,#4238,#4239,#4240,#4241,#4242,#4243),(#4244,#4245,#4246,#4247,
#4248,#4249,#4250,#4251,#4252,#4253,#4254,#4255,#4256,#4257,#4258,#4259,
#4260,#4261,#4262,#4263,#4264,#4265,#4266,#4267,#4268,#4269,#4270,#4271,
#4272,#4273,#4274,#4275,#4276,#4277,#4278,#4279,#4280),(#4281,#4282,#4283,
#4284,#4285,#4286,#4287,#4288,#4289,#4290,#4291,#4292,#4293,#4294,#4295,
#4296,#4297,#4298,#4299,#4300,#4301,#4302,#4303,#4304,#4305,#4306,#4307,
#4308,#4309,#4310,#4311,#4312,#4313,#4314,#4315,#4316,#4317),(#4318,#4319,
#4320,#4321,#4322,#4323,#4324,#4325,#4326,#4327,#4328,#4329,#4330,#4331,
#4332,#4333,#4334,#4335,#4336,#4337,#4338,#4339,#4340,#4341,#4342,#4343,
#4344,#4345,#4346,#4347,#4348,#4349,#4350,#4351,#4352,#4353,#4354),(#4355,
#4356,#4357,#4358,#4359,#4360,#4361,#4362,#4363,#4364,#4365,#4366,#4367,
#4368,#4369,#4370,#4371,#4372,#4373,#4374,#4375,#4376,#4377,#4378,#4379,
#4380,#4381,#4382,#4383,#4384,#4385,#4386,#4387,#4388,#4389,#4390,#4391),
(#4392,#4393,#4394,#4395,#4396,#4397,#4398,#4399,#4400,#4401,#4402,#4403,
#4404,#4405,#4406,#4407,#4408,#4409,#4410,#4411,#4412,#4413,#4414,#4415,
#4416,#4417,#4418,#4419,#4420,#4421,#4422,#4423,#4424,#4425,#4426,#4427,
#4428),(#4429,#4430,#4431,#4432,#4433,#4434,#4435,#4436,#4437,#4438,#4439,
#4440,#4441,#4442,#4443,#4444,#4445,#4446,#4447,#4448,#4449,#4450,#4451,
#4452,#4453,#4454,#4455,#4456,#4457,#4458,#4459,#4460,#4461,#4462,#4463,
#4464,#4465),(#4466,#4467,#4468,#4469,#4470,#4471,#4472,#4473,#4474,#4475,
#4476,#4477,#4478,#4479,#4480,#4481,#4482,#4483,#4484,#4485,#4486,#4487,
#4488,#4489,#4490,#4491,#4492,#4493,#4494,#4495,#4496,#4497,#4498,#4499,
#4500,#4501,#4502),(#4503,#4504,#4505,#4506,#4507,#4508,#4509,#4510,#4511,
#4512,#4513,#4514,#4515,#4516,#4517,#4518,#4519,#4520,#4521,#4522,#4523,
#4524,#4525,#4526,#4527,#4528,#4529,#4530,#4531,#4532,#4533,#4534,#4535,
#4536,#4537,#4538,#4539),(#4540,#4541,#4542,#4543,#4544,#4545,#4546,#4547,
#4548,#4549,#4550,#4551,#4552,#4553,#4554,#4555,#4556,#4557,#4558,#4559,
#4560,#4561,#4562,#4563,#4564,#4565,#4566,#4567,#4568,#4569,#4570,#4571,
#4572,#4573,#4574,#4575,#4576),(#4577,#4578,#4579,#4580,#4581,#4582,#4583,
#4584,#4585,#4586,#4587,#4588,#4589,#4590,#4591,#4592,#4593,#4594,#4595,
#4596,#4597,#4598,#4599,#4600,#4601,#4602,#4603,#4604,#4605,#4606,#4607,
#4608,#4609,#4610,#4611,#4612,#4613),(#4614,#4615,#4616,#4617,#4618,#4619,
#4620,#4621,#4622,#4623,#4624,#4625,#4626,#4627,#4628,#4629,#4630,#4631,
#4632,#4633,#4634,#4635,#4636,#4637,#4638,#4639,#4640,#4641,#4642,#4643,
#4644,#4645,#4646,#4647,#4648,#4649,#4650),(#4651,#4652,#4653,#4654,#4655,
#4656,#4657,#4658,#4659,#4660,#4661,#4662,#4663,#4664,#4665,#4666,#4667,
#4668,#4669,#4670,#4671,#4672,#4673,#4674,#4675,#4676,#4677,#4678,#4679,
#4680,#4681,#4682,#4683,#4684,#4685,#4686,#4687),(#4688,#4689,#4690,#4691,
#4692,#4693,#4694,#4695,#4696,#4697,#4698,#4699,#4700,#4701,#4702,#4703,
#4704,#4705,#4706,#4707,#4708,#4709,#4710,#4711,#4712,#4713,#4714,#4715,
#4716,#4717,#4718,#4719,#4720,#4721,#4722,#4723,#4724),(#4725,#4726,#4727,
#4728,#4729,#4730,#4731,#4732,#4733,#4734,#4735,#4736,#4737,#4738,#4739,
#4740,#4741,#4742,#4743,#4744,#4745,#4746,#4747,#4748,#4749,#4750,#4751,
#4752,#4753,#4754,#4755,#4756,#4757,#4758,#4759,#4760,#4761),(#4762,#4763,
#4764,#4765,#4766,#4767,#4768,#4769,#4770,#4771,#4772,#4773,#4774,#4775,
#4776,#4777,#4778,#4779,#4780,#4781,#4782,#4783,#4784,#4785,#4786,#4787,
#4788,#4789,#4790,#4791,#4792,#4793,#4794,#4795,#4796,#4797,#4798),(#4799,
#4800,#4801,#4802,#4803,#4804,#4805,#4806,#4807,#4808,#4809,#4810,#4811,
#4812,#4813,#4814,#4815,#4816,#4817,#4818,#4819,#4820,#4821,#4822,#4823,
#4824,#4825,#4826,#4827,#4828,#4829,#4830,#4831,#4832,#4833,#4834,#4835),
(#4836,#4837,#4838,#4839,#4840,#4841,#4842,#4843,#4844,#4845,#4846,#4847,
#4848,#4849,#4850,#4851,#4852,#4853,#4854,#4855,#4856,#4857,#4858,#4859,
#4860,#4861,#4862,#4863,#4864,#4865,#4866,#4867,#4868,#4869,#4870,#4871,
#4872),(#4873,#4874,#4875,#4876,#4877,#4878,#4879,#4880,#4881,#4882,#4883,
#4884,#4885,#4886,#4887,#4888,#4889,#4890,#4891,#4892,#4893,#4894,#4895,
#4896,#4897,#4898,#4899,#4900,#4901,#4902,#4903,#4904,#4905,#4906,#4907,
#4908,#4909),(#4910,#4911,#4912,#4913,#4914,#4915,#4916,#4917,#4918,#4919,
#4920,#4921,#4922,#4923,#4924,#4925,#4926,#4927,#4928,#4929,#4930,#4931,
#4932,#4933,#4934,#4935,#4936,#4937,#4938,#4939,#4940,#4941,#4942,#4943,
#4944,#4945,#4946),(#4947,#4948,#4949,#4950,#4951,#4952,#4953,#4954,#4955,
#4956,#4957,#4958,#4959,#4960,#4961,#4962,#4963,#4964,#4965,#4966,#4967,
#4968,#4969,#4970,#4971,#4972,#4973,#4974,#4975,#4976,#4977,#4978,#4979,
#4980,#4981,#4982,#4983),(#4984,#4985,#4986,#4987,#4988,#4989,#4990,#4991,
#4992,#4993,#4994,#4995,#4996,#4997,#4998,#4999,#5000,#5001,#5002,#5003,
#5004,#5005,#5006,#5007,#5008,#5009,#5010,#5011,#5012,#5013,#5014,#5015,
#5016,#5017,#5018,#5019,#5020),(#5021,#5022,#5023,#5024,#5025,#5026,#5027,
#5028,#5029,#5030,#5031,#5032,#5033,#5034,#5035,#5036,#5037,#5038,#5039,
#5040,#5041,#5042,#5043,#5044,#5045,#5046,#5047,#5048,#5049,#5050,#5051,
#5052,#5053,#5054,#5055,#5056,#5057),(#5058,#5059,#5060,#5061,#5062,#5063,
#5064,#5065,#5066,#5067,#5068,#5069,#5070,#5071,#5072,#5073,#5074,#5075,
#5076,#5077,#5078,#5079,#5080,#5081,#5082,#5083,#5084,#5085,#5086,#5087,
#5088,#5089,#5090,#5091,#5092,#5093,#5094),(#5095,#5096,#5097,#5098,#5099,
#5100,#5101,#5102,#5103,#5104,#5105,#5106,#5107,#5108,#5109,#5110,#5111,
#5112,#5113,#5114,#5115,#5116,#5117,#5118,#5119,#5120,#5121,#5122,#5123,
#5124,#5125,#5126,#5127,#5128,#5129,#5130,#5131),(#5132,#5133,#5134,#5135,
#5136,#5137,#5138,#5139,#5140,#5141,#5142,#5143,#5144,#5145,#5146,#5147,
#5148,#5149,#5150,#5151,#5152,#5153,#5154,#5155,#5156,#5157,#5158,#5159,
#5160,#5161,#5162,#5163,#5164,#5165,#5166,#5167,#5168),(#5169,#5170,#5171,
#5172,#5173,#5174,#5175,#5176,#5177,#5178,#5179,#5180,#5181,#5182,#5183,
#5184,#5185,#5186,#5187,#5188,#5189,#5190,#5191,#5192,#5193,#5194,#5195,
#5196,#5197,#5198,#5199,#5200,#5201,#5202,#5203,#5204,#5205),(#5206,#5207,
#5208,#5209,#5210,#5211,#5212,#5213,#5214,#5215,#5216,#5217,#5218,#5219,
#5220,#5221,#5222,#5223,#5224,#5225,#5226,#5227,#5228,#5229,#5230,#5231,
#5232,#5233,#5234,#5235,#5236,#5237,#5238,#5239,#5240,#5241,#5242),(#5243,
#5244,#5245,#5246,#5247,#5248,#5249,#5250,#5251,#5252,#5253,#5254,#5255,
#5256,#5257,#5258,#5259,#5260,#5261,#5262,#5263,#5264,#5265,#5266,#5267,
#5268,#5269,#5270,#5271,#5272,#5273,#5274,#5275,#5276,#5277,#5278,#5279),
(#5280,#5281,#5282,#5283,#5284,#5285,#5286,#5287,#5288,#5289,#5290,#5291,
#5292,#5293,#5294,#5295,#5296,#5297,#5298,#5299,#5300,#5301,#5302,#5303,
#5304,#5305,#5306,#5307,#5308,#5309,#5310,#5311,#5312,#5313,#5314,#5315,
#5316),(#5317,#5318,#5319,#5320,#5321,#5322,#5323,#5324,#5325,#5326,#5327,
#5328,#5329,#5330,#5331,#5332,#5333,#5334,#5335,#5336,#5337,#5338,#5339,
#5340,#5341,#5342,#5343,#5344,#5345,#5346,#5347,#5348,#5349,#5350,#5351,
#5352,#5353),(#5354,#5355,#5356,#5357,#5358,#5359,#5360,#5361,#5362,#5363,
#5364,#5365,#5366,#5367,#5368,#5369,#5370,#5371,#5372,#5373,#5374,#5375,
#5376,#5377,#5378,#5379,#5380,#5381,#5382,#5383,#5384,#5385,#5386,#5387,
#5388,#5389,#5390),(#5391,#5392,#5393,#5394,#5395,#5396,#5397,#5398,#5399,
#5400,#5401,#5402,#5403,#5404,#5405,#5406,#5407,#5408,#5409,#5410,#5411,
#5412,#5413,#5414,#5415,#5416,#5417,#5418,#5419,#5420,#5421,#5422,#5423,
#5424,#5425,#5426,#5427),(#5428,#5429,#5430,#5431,#5432,#5433,#5434,#5435,
#5436,#5437,#5438,#5439,#5440,#5441,#5442,#5443,#5444,#5445,#5446,#5447,
#5448,#5449,#5450,#5451,#5452,#5453,#5454,#5455,#5456,#5457,#5458,#5459,
#5460,#5461,#5462,#5463,#5464),(#5465,#5466,#5467,#5468,#5469,#5470,#5471,
#5472,#5473,#5474,#5475,#5476,#5477,#5478,#5479,#5480,#5481,#5482,#5483,
#5484,#5485,#5486,#5487,#5488,#5489,#5490,#5491,#5492,#5493,#5494,#5495,
#5496,#5497,#5498,#5499,#5500,#5501),(#5502,#5503,#5504,#5505,#5506,#5507,
#5508,#5509,#5510,#5511,#5512,#5513,#5514,#5515,#5516,#5517,#5518,#5519,
#5520,#5521,#5522,#5523,#5524,#5525,#5526,#5527,#5528,#5529,#5530,#5531,
#5532,#5533,#5534,#5535,#5536,#5537,#5538),(#5539,#5540,#5541,#5542,#5543,
#5544,#5545,#5546,#5547,#5548,#5549,#5550,#5551,#5552,#5553,#5554,#5555,
#5556,#5557,#5558,#5559,#5560,#5561,#5562,#5563,#5564,#5565,#5566,#5567,
#5568,#5569,#5570,#5571,#5572,#5573,#5574,#5575),(#5576,#5577,#5578,#5579,
#5580,#5581,#5582,#5583,#5584,#5585,#5586,#5587,#5588,#5589,#5590,#5591,
#5592,#5593,#5594,#5595,#5596,#5597,#5598,#5599,#5600,#5601,#5602,#5603,
#5604,#5605,#5606,#5607,#5608,#5609,#5610,#5611,#5612),(#5613,#5614,#5615,
#5616,#5617,#5618,#5619,#5620,#5621,#5622,#5623,#5624,#5625,#5626,#5627,
#5628,#5629,#5630,#5631,#5632,#5633,#5634,#5635,#5636,#5637,#5638,#5639,
#5640,#5641,#5642,#5643,#5644,#5645,#5646,#5647,#5648,#5649),(#5650,#5651,
#5652,#5653,#5654,#5655,#5656,#5657,#5658,#5659,#5660,#5661,#5662,#5663,
#5664,#5665,#5666,#5667,#5668,#5669,#5670,#5671,#5672,#5673,#5674,#5675,
#5676,#5677,#5678,#5679,#5680,#5681,#5682,#5683,#5684,#5685,#5686),(#5687,
#5688,#5689,#5690,#5691,#5692,#5693,#5694,#5695,#5696,#5697,#5698,#5699,
#5700,#5701,#5702,#5703,#5704,#5705,#5706,#5707,#5708,#5709,#5710,#5711,
#5712,#5713,#5714,#5715,#5716,#5717,#5718,#5719,#5720,#5721,#5722,#5723),
(#5724,#5725,#5726,#5727,#5728,#5729,#5730,#5731,#5732,#5733,#5734,#5735,
#5736,#5737,#5738,#5739,#5740,#5741,#5742,#5743,#5744,#5745,#5746,#5747,
#5748,#5749,#5750,#5751,#5752,#5753,#5754,#5755,#5756,#5757,#5758,#5759,
#5760),(#5761,#5762,#5763,#5764,#5765,#5766,#5767,#5768,#5769,#5770,#5771,
#5772,#5773,#5774,#5775,#5776,#5777,#5778,#5779,#5780,#5781,#5782,#5783,
#5784,#5785,#5786,#5787,#5788,#5789,#5790,#5791,#5792,#5793,#5794,#5795,
#5796,#5797),(#5798,#5799,#5800,#5801,#5802,#5803,#5804,#5805,#5806,#5807,
#5808,#5809,#5810,#5811,#5812,#5813,#5814,#5815,#5816,#5817,#5818,#5819,
#5820,#5821,#5822,#5823,#5824,#5825,#5826,#5827,#5828,#5829,#5830,#5831,
#5832,#5833,#5834),(#5835,#5836,#5837,#5838,#5839,#5840,#5841,#5842,#5843,
#5844,#5845,#5846,#5847,#5848,#5849,#5850,#5851,#5852,#5853,#5854,#5855,
#5856,#5857,#5858,#5859,#5860,#5861,#5862,#5863,#5864,#5865,#5866,#5867,
#5868,#5869,#5870,#5871),(#5872,#5873,#5874,#5875,#5876,#5877,#5878,#5879,
#5880,#5881,#5882,#5883,#5884,#5885,#5886,#5887,#5888,#5889,#5890,#5891,
#5892,#5893,#5894,#5895,#5896,#5897,#5898,#5899,#5900,#5901,#5902,#5903,
#5904,#5905,#5906,#5907,#5908),(#5909,#5910,#5911,#5912,#5913,#5914,#5915,
#5916,#5917,#5918,#5919,#5920,#5921,#5922,#5923,#5924,#5925,#5926,#5927,
#5928,#5929,#5930,#5931,#5932,#5933,#5934,#5935,#5936,#5937,#5938,#5939,
#5940,#5941,#5942,#5943,#5944,#5945),(#5946,#5947,#5948,#5949,#5950,#5951,
#5952,#5953,#5954,#5955,#5956,#5957,#5958,#5959,#5960,#5961,#5962,#5963,
#5964,#5965,#5966,#5967,#5968,#5969,#5970,#5971,#5972,#5973,#5974,#5975,
#5976,#5977,#5978,#5979,#5980,#5981,#5982),(#5983,#5984,#5985,#5986,#5987,
#5988,#5989,#5990,#5991,#5992,#5993,#5994,#5995,#5996,#5997,#5998,#5999,
#6000,#6001,#6002,#6003,#6004,#6005,#6006,#6007,#6008,#6009,#6010,#6011,
#6012,#6013,#6014,#6015,#6016,#6017,#6018,#6019),(#6020,#6021,#6022,#6023,
#6024,#6025,#6026,#6027,#6028,#6029,#6030,#6031,#6032,#6033,#6034,#6035,
#6036,#6037,#6038,#6039,#6040,#6041,#6042,#6043,#6044,#6045,#6046,#6047,
#6048,#6049,#6050,#6051,#6052,#6053,#6054,#6055,#6056),(#6057,#6058,#6059,
#6060,#6061,#6062,#6063,#6064,#6065,#6066,#6067,#6068,#6069,#6070,#6071,
#6072,#6073,#6074,#6075,#6076,#6077,#6078,#6079,#6080,#6081,#6082,#6083,
#6084,#6085,#6086,#6087,#6088,#6089,#6090,#6091,#6092,#6093),(#6094,#6095,
#6096,#6097,#6098,#6099,#6100,#6101,#6102,#6103,#6104,#6105,#6106,#6107,
#6108,#6109,#6110,#6111,#6112,#6113,#6114,#6115,#6116,#6117,#6118,#6119,
#6120,#6121,#6122,#6123,#6124,#6125,#6126,#6127,#6128,#6129,#6130),(#6131,
#6132,#6133,#6134,#6135,#6136,#6137,#6138,#6139,#6140,#6141,#6142,#6143,
#6144,#6145,#6146,#6147,#6148,#6149,#6150,#6151,#6152,#6153,#6154,#6155,
#6156,#6157,#6158,#6159,#6160,#6161,#6162,#6163,#6164,#6165,#6166,#6167),
(#6168,#6169,#6170,#6171,#6172,#6173,#6174,#6175,#6176,#6177,#6178,#6179,
#6180,#6181,#6182,#6183,#6184,#6185,#6186,#6187,#6188,#6189,#6190,#6191,
#6192,#6193,#6194,#6195,#6196,#6197,#6198,#6199,#6200,#6201,#6202,#6203,
#6204),(#6205,#6206,#6207,#6208,#6209,#6210,#6211,#6212,#6213,#6214,#6215,
#6216,#6217,#6218,#6219,#6220,#6221,#6222,#6223,#6224,#6225,#6226,#6227,
#6228,#6229,#6230,#6231,#6232,#6233,#6234,#6235,#6236,#6237,#6238,#6239,
#6240,#6241)),.UNSPECIFIED.,.F.,.F.,.F.,(4,1,1,1,1,1,1,1,1,1,1,1,1,1,1,
1,1,1,1,1,1,1,1,1,1,1,1,1,1,1,1,1,1,1,1,1,1,1,1,1,1,1,1,1,1,1,1,1,1,1,1,
1,4),(4,1,1,1,1,1,1,1,1,1,1,1,1,1,1,1,1,1,1,1,1,1,1,1,1,1,1,1,1,1,1,1,1,
1,4),(0.,0.125,0.1875,0.203125,0.2109375,0.21484375,0.216796875,0.21875,
0.2265625,0.234375,0.2421875,0.25,0.2578125,0.26171875,0.263671875,0.265625,
0.2734375,0.27734375,0.27978515625,0.28125,0.28271484375,0.28515625,0.2890625,
0.296875,0.3125,0.375,0.5,0.625,0.6875,0.703125,0.7109375,0.71484375,0.717041015625,
0.71875,0.720458984375,0.72265625,0.7265625,0.734375,0.736328125,0.73828125,
0.7421875,0.75,0.7578125,0.765625,0.7734375,0.78125,0.783203125,0.78515625,
0.7890625,0.796875,0.8125,0.875,1.),(0.,0.015625,0.03125,0.046875,0.0625,
0.09375,0.125,0.1875,0.25,0.3125,0.34375,0.359375,0.3671875,0.375,0.40625,
0.4140625,0.421875,0.4375,0.5,0.5625,0.625,0.6875,0.6953125,0.703125,0.71875,
0.7265625,0.73046875,0.734375,0.7421875,0.75,0.8125,0.875,0.9375,0.96875,
1.),.UNSPECIFIED.);
#39=B_SPLINE_SURFACE_WITH_KNOTS('',3,3,((#6242,#6243,#6244,#6245),(#6246,
#6247,#6248,#6249),(#6250,#6251,#6252,#6253),(#6254,#6255,#6256,#6257),
(#6258,#6259,#6260,#6261),(#6262,#6263,#6264,#6265),(#6266,#6267,#6268,
#6269),(#6270,#6271,#6272,#6273),(#6274,#6275,#6276,#6277),(#6278,#6279,
#6280,#6281),(#6282,#6283,#6284,#6285),(#6286,#6287,#6288,#6289),(#6290,
#6291,#6292,#6293),(#6294,#6295,#6296,#6297),(#6298,#6299,#6300,#6301),
(#6302,#6303,#6304,#6305),(#6306,#6307,#6308,#6309),(#6310,#6311,#6312,
#6313),(#6314,#6315,#6316,#6317),(#6318,#6319,#6320,#6321),(#6322,#6323,
#6324,#6325),(#6326,#6327,#6328,#6329),(#6330,#6331,#6332,#6333)),
 .UNSPECIFIED.,.F.,.F.,.F.,(4,1,1,1,1,1,1,1,1,1,1,1,1,1,1,1,1,1,1,1,4),
(4,4),(0.,0.015625,0.03125,0.046875,0.0625,0.09375,0.125,0.15625,0.1875,
0.25,0.3125,0.375,0.5,0.625,0.6875,0.75,0.8125,0.875,0.9375,0.96875,1.),
(0.,1.),.UNSPECIFIED.);
#40=ELLIPSE('',#1116,1.07617115133524,0.412500000000006);
#41=ELLIPSE('',#1117,0.825000000000015,0.412500000000006);
#42=ELLIPSE('',#1118,1.07617115133524,0.412500000000006);
#43=ELLIPSE('',#1121,1.07617115133524,0.412500000000006);
#44=ELLIPSE('',#1122,0.825,0.412500000000006);
#45=ELLIPSE('',#1123,1.07617115133524,0.412500000000006);
#46=CIRCLE('',#1113,0.031500000000007);
#47=CIRCLE('',#1114,0.031500000000007);
#48=CIRCLE('',#1141,1.9);
#49=CIRCLE('',#1142,1.9);
#50=CIRCLE('',#1143,1.516364669);
#51=CIRCLE('',#1144,1.516364669);
#52=CIRCLE('',#1146,1.9);
#53=CIRCLE('',#1149,1.9);
#54=CIRCLE('',#1152,1.516364669);
#55=CIRCLE('',#1153,1.516364669);
#56=CIRCLE('',#1164,0.6);
#57=CIRCLE('',#1165,0.6);
#58=CIRCLE('',#1168,0.6);
#59=CIRCLE('',#1169,0.6);
#60=CIRCLE('',#1171,0.216364669);
#61=CIRCLE('',#1172,0.216364669);
#62=CIRCLE('',#1174,0.216364669);
#63=CIRCLE('',#1175,0.216364669);
#64=CYLINDRICAL_SURFACE('',#1109,0.4);
#65=CYLINDRICAL_SURFACE('',#1110,0.4);
#66=CYLINDRICAL_SURFACE('',#1119,0.412500000000006);
#67=CYLINDRICAL_SURFACE('',#1124,0.412500000000006);
#68=CYLINDRICAL_SURFACE('',#1128,0.031500000000007);
#69=CYLINDRICAL_SURFACE('',#1130,0.031500000000007);
#70=CYLINDRICAL_SURFACE('',#1147,1.9);
#71=CYLINDRICAL_SURFACE('',#1150,1.9);
#72=CYLINDRICAL_SURFACE('',#1155,1.516364669);
#73=CYLINDRICAL_SURFACE('',#1157,1.516364669);
#74=CYLINDRICAL_SURFACE('',#1166,0.6);
#75=CYLINDRICAL_SURFACE('',#1170,0.6);
#76=CYLINDRICAL_SURFACE('',#1178,0.216364669);
#77=CYLINDRICAL_SURFACE('',#1180,0.216364669);
#78=B_SPLINE_CURVE_WITH_KNOTS('',3,(#1456,#1457,#1458,#1459),
 .UNSPECIFIED.,.F.,.F.,(4,4),(0.,1.),.UNSPECIFIED.);
#79=B_SPLINE_CURVE_WITH_KNOTS('',3,(#1462,#1463,#1464,#1465),
 .UNSPECIFIED.,.F.,.F.,(4,4),(0.,1.),.UNSPECIFIED.);
#80=B_SPLINE_CURVE_WITH_KNOTS('',3,(#1467,#1468,#1469,#1470,#1471,#1472,
#1473,#1474,#1475),.UNSPECIFIED.,.F.,.F.,(4,1,1,1,1,1,4),(0.,0.00771284516310714,
0.0257544297965052,0.0618375990633013,0.134003937596893,0.422669291731262,
1.),.UNSPECIFIED.);
#81=B_SPLINE_CURVE_WITH_KNOTS('',3,(#1477,#1478,#1479,#1480,#1481,#1482,
#1483,#1484,#1485,#1486,#1487,#1488,#1489),.UNSPECIFIED.,.F.,.F.,(4,1,1,
1,1,1,1,1,1,1,4),(0.,0.0193538740304546,0.0599687535762363,0.1411985126678,
0.303658030850927,0.466117549034054,0.628577067217181,0.791036585400308,
0.953496103583435,0.994110983129217,1.),.UNSPECIFIED.);
#82=B_SPLINE_CURVE_WITH_KNOTS('',3,(#1491,#1492,#1493,#1494,#1495,#1496,
#1497,#1498,#1499,#1500,#1501,#1502,#1503,#1504,#1505,#1506,#1507,#1508,
#1509,#1510,#1511,#1512,#1513,#1514,#1515,#1516,#1517),.UNSPECIFIED.,.F.,
 .F.,(4,1,1,1,1,1,1,1,1,1,1,1,1,1,1,1,1,1,1,1,1,1,1,1,4),(0.,0.00217157762513983,
0.0187658565652478,0.0270629960353018,0.0317301369872071,0.0353601355053557,
0.0389901340235044,0.0436572749754097,0.0519544144454637,0.0685486933855717,
0.101737251265788,0.234491482786651,0.499999945828379,0.765508408870106,
0.89826264039097,0.931451198271185,0.948045477211293,0.956342616681347,
0.961528328850131,0.964639756151401,0.967751183452672,0.972936895621455,
0.981234035091509,0.997828314031617,1.),.UNSPECIFIED.);
#83=B_SPLINE_CURVE_WITH_KNOTS('',3,(#1519,#1520,#1521,#1522,#1523,#1524,
#1525,#1526,#1527,#1528,#1529,#1530,#1531),.UNSPECIFIED.,.F.,.F.,(4,1,1,
1,1,1,1,1,1,1,4),(0.,0.0073900094906361,0.0479435219957072,0.210157572015992,
0.372371622036276,0.534585672056561,0.696799722076845,0.85901377209713,
0.940120797107272,0.980674309612343,1.),.UNSPECIFIED.);
#84=B_SPLINE_CURVE_WITH_KNOTS('',3,(#1533,#1534,#1535,#1536,#1537,#1538,
#1539,#1540,#1541),.UNSPECIFIED.,.F.,.F.,(4,1,1,1,1,1,4),(0.,0.577524698312673,
0.866287047469009,0.938477634758093,0.974572928402636,0.992620575224907,
1.),.UNSPECIFIED.);
#85=B_SPLINE_CURVE_WITH_KNOTS('',3,(#1543,#1544,#1545,#1546),
 .UNSPECIFIED.,.F.,.F.,(4,4),(0.,1.),.UNSPECIFIED.);
#86=B_SPLINE_CURVE_WITH_KNOTS('',3,(#1548,#1549,#1550,#1551),
 .UNSPECIFIED.,.F.,.F.,(4,4),(0.,1.),.UNSPECIFIED.);
#87=B_SPLINE_CURVE_WITH_KNOTS('',3,(#1555,#1556,#1557,#1558),
 .UNSPECIFIED.,.F.,.F.,(4,4),(0.,1.),.UNSPECIFIED.);
#88=B_SPLINE_CURVE_WITH_KNOTS('',3,(#1565,#1566,#1567,#1568),
 .UNSPECIFIED.,.F.,.F.,(4,4),(0.,1.),.UNSPECIFIED.);
#89=B_SPLINE_CURVE_WITH_KNOTS('',3,(#1581,#1582,#1583,#1584),
 .UNSPECIFIED.,.F.,.F.,(4,4),(0.,1.),.UNSPECIFIED.);
#90=B_SPLINE_CURVE_WITH_KNOTS('',3,(#1590,#1591,#1592,#1593),
 .UNSPECIFIED.,.F.,.F.,(4,4),(0.,1.),.UNSPECIFIED.);
#91=B_SPLINE_CURVE_WITH_KNOTS('',3,(#1605,#1606,#1607,#1608,#1609,#1610,
#1611,#1612,#1613,#1614),.UNSPECIFIED.,.F.,.F.,(4,1,1,1,1,1,1,4),(0.,0.0116070603205387,
0.101460963927762,0.28116877114221,0.460876578356658,0.640584385571105,
0.820292192785553,1.),.UNSPECIFIED.);
#92=B_SPLINE_CURVE_WITH_KNOTS('',3,(#1618,#1619,#1620,#1621),
 .UNSPECIFIED.,.F.,.F.,(4,4),(0.,1.),.UNSPECIFIED.);
#93=B_SPLINE_CURVE_WITH_KNOTS('',3,(#1632,#1633,#1634,#1635,#1636,#1637,
#1638,#1639,#1640,#1641,#1642,#1643,#1644),.UNSPECIFIED.,.F.,.F.,(4,1,1,
1,1,1,1,1,1,1,4),(0.,0.0281213843492214,0.0563054313440724,0.112673525333774,
0.225409713313178,0.450882089271986,0.676354465230793,0.901826841189601,
0.958194935179303,0.986378982174154,1.),.UNSPECIFIED.);
#94=B_SPLINE_CURVE_WITH_KNOTS('',3,(#1646,#1647,#1648,#1649,#1650,#1651,
#1652,#1653,#1654,#1655,#1656,#1657,#1658),.UNSPECIFIED.,.F.,.F.,(4,1,1,
1,1,1,1,1,1,1,4),(0.,0.013621057826808,0.0418051041417376,0.0981731967715969,
0.323645567291034,0.549117937810471,0.774590308329908,0.887326493589627,
0.943694586219486,0.971878632534416,1.),.UNSPECIFIED.);
#95=B_SPLINE_CURVE_WITH_KNOTS('',3,(#1699,#1700,#1701,#1702,#1703,#1704),
 .UNSPECIFIED.,.F.,.F.,(4,2,4),(0.,0.5,1.),.UNSPECIFIED.);
#96=B_SPLINE_CURVE_WITH_KNOTS('',3,(#1718,#1719,#1720,#1721,#1722,#1723),
 .UNSPECIFIED.,.F.,.F.,(4,2,4),(0.,0.5,1.),.UNSPECIFIED.);
#97=B_SPLINE_CURVE_WITH_KNOTS('',3,(#1728,#1729,#1730,#1731),
 .UNSPECIFIED.,.F.,.F.,(4,4),(0.,1.),.UNSPECIFIED.);
#98=B_SPLINE_CURVE_WITH_KNOTS('',3,(#1737,#1738,#1739,#1740),
 .UNSPECIFIED.,.F.,.F.,(4,4),(0.,1.),.UNSPECIFIED.);
#99=B_SPLINE_CURVE_WITH_KNOTS('',3,(#1742,#1743,#1744,#1745),
 .UNSPECIFIED.,.F.,.F.,(4,4),(0.,1.),.UNSPECIFIED.);
#100=B_SPLINE_CURVE_WITH_KNOTS('',3,(#1749,#1750,#1751,#1752),
 .UNSPECIFIED.,.F.,.F.,(4,4),(0.,1.),.UNSPECIFIED.);
#101=B_SPLINE_CURVE_WITH_KNOTS('',3,(#1756,#1757,#1758,#1759),
 .UNSPECIFIED.,.F.,.F.,(4,4),(0.,1.),.UNSPECIFIED.);
#102=B_SPLINE_CURVE_WITH_KNOTS('',3,(#1763,#1764,#1765,#1766),
 .UNSPECIFIED.,.F.,.F.,(4,4),(0.,1.),.UNSPECIFIED.);
#103=B_SPLINE_CURVE_WITH_KNOTS('',3,(#1770,#1771,#1772,#1773),
 .UNSPECIFIED.,.F.,.F.,(4,4),(0.,1.),.UNSPECIFIED.);
#104=B_SPLINE_CURVE_WITH_KNOTS('',3,(#1776,#1777,#1778,#1779),
 .UNSPECIFIED.,.F.,.F.,(4,4),(0.,1.),.UNSPECIFIED.);
#105=B_SPLINE_CURVE_WITH_KNOTS('',3,(#1781,#1782,#1783,#1784,#1785,#1786,
#1787,#1788,#1789,#1790,#1791,#1792,#1793,#1794,#1795,#1796,#1797,#1798,
#1799,#1800,#1801,#1802,#1803),.UNSPECIFIED.,.F.,.F.,(4,1,1,1,1,1,1,1,1,
1,1,1,1,1,1,1,1,1,1,1,4),(0.,0.03125,0.0625,0.125,0.1875,0.25,0.3125,0.375,
0.5,0.625,0.6875,0.75,0.8125,0.84375,0.875,0.90625,0.9375,0.953125,0.96875,
0.984375,1.),.UNSPECIFIED.);
#106=B_SPLINE_CURVE_WITH_KNOTS('',3,(#1804,#1805,#1806,#1807,#1808,#1809,
#1810,#1811,#1812,#1813,#1814,#1815,#1816,#1817,#1818,#1819,#1820,#1821,
#1822,#1823,#1824,#1825,#1826),.UNSPECIFIED.,.F.,.F.,(4,1,1,1,1,1,1,1,1,
1,1,1,1,1,1,1,1,1,1,1,4),(0.,0.015625,0.03125,0.046875,0.0625,0.09375,0.125,
0.15625,0.1875,0.25,0.3125,0.375,0.5,0.625,0.6875,0.75,0.8125,0.875,0.9375,
0.96875,1.),.UNSPECIFIED.);
#107=B_SPLINE_CURVE_WITH_KNOTS('',3,(#4069,#4070,#4071,#4072,#4073,#4074,
#4075,#4076,#4077,#4078,#4079,#4080,#4081,#4082,#4083,#4084,#4085,#4086,
#4087,#4088,#4089,#4090,#4091),.UNSPECIFIED.,.F.,.F.,(4,1,1,1,1,1,1,1,1,
1,1,1,1,1,1,1,1,1,1,1,4),(0.,0.015625,0.03125,0.046875,0.0625,0.09375,0.125,
0.15625,0.1875,0.25,0.3125,0.375,0.5,0.625,0.6875,0.75,0.8125,0.875,0.9375,
0.96875,1.),.UNSPECIFIED.);
#108=B_SPLINE_CURVE_WITH_KNOTS('',3,(#4184,#4185,#4186,#4187,#4188,#4189,
#4190,#4191,#4192,#4193,#4194,#4195,#4196,#4197,#4198,#4199,#4200,#4201,
#4202,#4203,#4204,#4205,#4206),.UNSPECIFIED.,.F.,.F.,(4,1,1,1,1,1,1,1,1,
1,1,1,1,1,1,1,1,1,1,1,4),(0.,0.03125,0.0625,0.125,0.1875,0.25,0.3125,0.375,
0.5,0.625,0.6875,0.75,0.8125,0.84375,0.875,0.90625,0.9375,0.953125,0.96875,
0.984375,1.),.UNSPECIFIED.);
#109=ADVANCED_FACE('',(#213),#170,.T.);
#110=ADVANCED_FACE('',(#214),#171,.F.);
#111=ADVANCED_FACE('',(#215),#172,.T.);
#112=ADVANCED_FACE('',(#216),#173,.T.);
#113=ADVANCED_FACE('',(#217),#174,.T.);
#114=ADVANCED_FACE('',(#218),#175,.T.);
#115=ADVANCED_FACE('',(#219),#176,.T.);
#116=ADVANCED_FACE('',(#220),#177,.T.);
#117=ADVANCED_FACE('',(#221),#178,.T.);
#118=ADVANCED_FACE('',(#222),#64,.T.);
#119=ADVANCED_FACE('',(#223),#65,.T.);
#120=ADVANCED_FACE('',(#224),#179,.F.);
#121=ADVANCED_FACE('',(#225),#180,.T.);
#122=ADVANCED_FACE('',(#226),#181,.T.);
#123=ADVANCED_FACE('',(#227),#66,.T.);
#124=ADVANCED_FACE('',(#228),#182,.T.);
#125=ADVANCED_FACE('',(#229),#67,.T.);
#126=ADVANCED_FACE('',(#230),#183,.F.);
#127=ADVANCED_FACE('',(#231),#184,.F.);
#128=ADVANCED_FACE('',(#232),#185,.F.);
#129=ADVANCED_FACE('',(#233),#68,.F.);
#130=ADVANCED_FACE('',(#234),#186,.F.);
#131=ADVANCED_FACE('',(#235),#69,.F.);
#132=ADVANCED_FACE('',(#236),#187,.F.);
#133=ADVANCED_FACE('',(#237),#188,.F.);
#134=ADVANCED_FACE('',(#238),#36,.T.);
#135=ADVANCED_FACE('',(#239),#37,.T.);
#136=ADVANCED_FACE('',(#240),#38,.F.);
#137=ADVANCED_FACE('',(#241),#39,.T.);
#138=ADVANCED_FACE('',(#242),#189,.T.);
#139=ADVANCED_FACE('',(#243),#190,.T.);
#140=ADVANCED_FACE('',(#244),#191,.F.);
#141=ADVANCED_FACE('',(#245),#192,.F.);
#142=ADVANCED_FACE('',(#246),#193,.T.);
#143=ADVANCED_FACE('',(#247),#194,.T.);
#144=ADVANCED_FACE('',(#248),#195,.F.);
#145=ADVANCED_FACE('',(#249),#196,.T.);
#146=ADVANCED_FACE('',(#250),#197,.T.);
#147=ADVANCED_FACE('',(#251),#70,.T.);
#148=ADVANCED_FACE('',(#252),#198,.T.);
#149=ADVANCED_FACE('',(#253),#71,.T.);
#150=ADVANCED_FACE('',(#254),#199,.T.);
#151=ADVANCED_FACE('',(#34,#35),#200,.T.);
#152=ADVANCED_FACE('',(#255),#72,.F.);
#153=ADVANCED_FACE('',(#256),#201,.F.);
#154=ADVANCED_FACE('',(#257),#73,.F.);
#155=ADVANCED_FACE('',(#258),#202,.F.);
#156=ADVANCED_FACE('',(#259),#203,.T.);
#157=ADVANCED_FACE('',(#260),#204,.F.);
#158=ADVANCED_FACE('',(#261),#205,.T.);
#159=ADVANCED_FACE('',(#262),#206,.F.);
#160=ADVANCED_FACE('',(#263),#207,.T.);
#161=ADVANCED_FACE('',(#264),#74,.T.);
#162=ADVANCED_FACE('',(#265),#208,.T.);
#163=ADVANCED_FACE('',(#266),#75,.T.);
#164=ADVANCED_FACE('',(#267),#209,.F.);
#165=ADVANCED_FACE('',(#268),#210,.T.);
#166=ADVANCED_FACE('',(#269),#211,.F.);
#167=ADVANCED_FACE('',(#270),#76,.F.);
#168=ADVANCED_FACE('',(#271),#212,.F.);
#169=ADVANCED_FACE('',(#272),#77,.F.);
#170=PLANE('',#1100);
#171=PLANE('',#1101);
#172=PLANE('',#1102);
#173=PLANE('',#1103);
#174=PLANE('',#1104);
#175=PLANE('',#1105);
#176=PLANE('',#1106);
#177=PLANE('',#1107);
#178=PLANE('',#1108);
#179=PLANE('',#1111);
#180=PLANE('',#1112);
#181=PLANE('',#1115);
#182=PLANE('',#1120);
#183=PLANE('',#1125);
#184=PLANE('',#1126);
#185=PLANE('',#1127);
#186=PLANE('',#1129);
#187=PLANE('',#1131);
#188=PLANE('',#1132);
#189=PLANE('',#1133);
#190=PLANE('',#1134);
#191=PLANE('',#1135);
#192=PLANE('',#1136);
#193=PLANE('',#1137);
#194=PLANE('',#1138);
#195=PLANE('',#1139);
#196=PLANE('',#1140);
#197=PLANE('',#1145);
#198=PLANE('',#1148);
#199=PLANE('',#1151);
#200=PLANE('',#1154);
#201=PLANE('',#1156);
#202=PLANE('',#1158);
#203=PLANE('',#1159);
#204=PLANE('',#1160);
#205=PLANE('',#1161);
#206=PLANE('',#1162);
#207=PLANE('',#1163);
#208=PLANE('',#1167);
#209=PLANE('',#1173);
#210=PLANE('',#1176);
#211=PLANE('',#1177);
#212=PLANE('',#1179);
#213=FACE_OUTER_BOUND('',#273,.T.);
#214=FACE_OUTER_BOUND('',#274,.T.);
#215=FACE_OUTER_BOUND('',#275,.T.);
#216=FACE_OUTER_BOUND('',#276,.T.);
#217=FACE_OUTER_BOUND('',#277,.T.);
#218=FACE_OUTER_BOUND('',#278,.T.);
#219=FACE_OUTER_BOUND('',#279,.T.);
#220=FACE_OUTER_BOUND('',#280,.T.);
#221=FACE_OUTER_BOUND('',#281,.T.);
#222=FACE_OUTER_BOUND('',#282,.T.);
#223=FACE_OUTER_BOUND('',#283,.T.);
#224=FACE_OUTER_BOUND('',#284,.T.);
#225=FACE_OUTER_BOUND('',#285,.T.);
#226=FACE_OUTER_BOUND('',#286,.T.);
#227=FACE_OUTER_BOUND('',#287,.T.);
#228=FACE_OUTER_BOUND('',#288,.T.);
#229=FACE_OUTER_BOUND('',#289,.T.);
#230=FACE_OUTER_BOUND('',#290,.T.);
#231=FACE_OUTER_BOUND('',#291,.T.);
#232=FACE_OUTER_BOUND('',#292,.T.);
#233=FACE_OUTER_BOUND('',#293,.T.);
#234=FACE_OUTER_BOUND('',#294,.T.);
#235=FACE_OUTER_BOUND('',#295,.T.);
#236=FACE_OUTER_BOUND('',#296,.T.);
#237=FACE_OUTER_BOUND('',#297,.T.);
#238=FACE_OUTER_BOUND('',#298,.T.);
#239=FACE_OUTER_BOUND('',#299,.T.);
#240=FACE_OUTER_BOUND('',#300,.T.);
#241=FACE_OUTER_BOUND('',#301,.T.);
#242=FACE_OUTER_BOUND('',#302,.T.);
#243=FACE_OUTER_BOUND('',#303,.T.);
#244=FACE_OUTER_BOUND('',#304,.T.);
#245=FACE_OUTER_BOUND('',#305,.T.);
#246=FACE_OUTER_BOUND('',#306,.T.);
#247=FACE_OUTER_BOUND('',#307,.T.);
#248=FACE_OUTER_BOUND('',#308,.T.);
#249=FACE_OUTER_BOUND('',#309,.T.);
#250=FACE_OUTER_BOUND('',#310,.T.);
#251=FACE_OUTER_BOUND('',#311,.T.);
#252=FACE_OUTER_BOUND('',#312,.T.);
#253=FACE_OUTER_BOUND('',#313,.T.);
#254=FACE_OUTER_BOUND('',#314,.T.);
#255=FACE_OUTER_BOUND('',#317,.T.);
#256=FACE_OUTER_BOUND('',#318,.T.);
#257=FACE_OUTER_BOUND('',#319,.T.);
#258=FACE_OUTER_BOUND('',#320,.T.);
#259=FACE_OUTER_BOUND('',#321,.T.);
#260=FACE_OUTER_BOUND('',#322,.T.);
#261=FACE_OUTER_BOUND('',#323,.T.);
#262=FACE_OUTER_BOUND('',#324,.T.);
#263=FACE_OUTER_BOUND('',#325,.T.);
#264=FACE_OUTER_BOUND('',#326,.T.);
#265=FACE_OUTER_BOUND('',#327,.T.);
#266=FACE_OUTER_BOUND('',#328,.T.);
#267=FACE_OUTER_BOUND('',#329,.T.);
#268=FACE_OUTER_BOUND('',#330,.T.);
#269=FACE_OUTER_BOUND('',#331,.T.);
#270=FACE_OUTER_BOUND('',#332,.T.);
#271=FACE_OUTER_BOUND('',#333,.T.);
#272=FACE_OUTER_BOUND('',#334,.T.);
#273=EDGE_LOOP('',(#335,#336,#337,#338));
#274=EDGE_LOOP('',(#339,#340,#341,#342,#343,#344,#345,#346,#347,#348,#349,
#350));
#275=EDGE_LOOP('',(#351,#352,#353,#354,#355,#356,#357,#358,#359,#360,#361,
#362));
#276=EDGE_LOOP('',(#363,#364,#365,#366));
#277=EDGE_LOOP('',(#367,#368,#369,#370));
#278=EDGE_LOOP('',(#371,#372,#373,#374));
#279=EDGE_LOOP('',(#375,#376,#377,#378,#379));
#280=EDGE_LOOP('',(#380,#381,#382,#383,#384,#385,#386));
#281=EDGE_LOOP('',(#387,#388,#389,#390,#391,#392));
#282=EDGE_LOOP('',(#393,#394,#395,#396));
#283=EDGE_LOOP('',(#397,#398,#399,#400));
#284=EDGE_LOOP('',(#401,#402,#403,#404));
#285=EDGE_LOOP('',(#405,#406,#407,#408));
#286=EDGE_LOOP('',(#409,#410,#411,#412,#413,#414,#415,#416,#417,#418,#419,
#420));
#287=EDGE_LOOP('',(#421,#422,#423,#424,#425,#426));
#288=EDGE_LOOP('',(#427,#428,#429,#430));
#289=EDGE_LOOP('',(#431,#432,#433,#434,#435,#436));
#290=EDGE_LOOP('',(#437,#438,#439,#440,#441));
#291=EDGE_LOOP('',(#442,#443,#444,#445,#446));
#292=EDGE_LOOP('',(#447,#448,#449,#450));
#293=EDGE_LOOP('',(#451,#452,#453,#454));
#294=EDGE_LOOP('',(#455,#456,#457,#458));
#295=EDGE_LOOP('',(#459,#460,#461,#462));
#296=EDGE_LOOP('',(#463,#464,#465,#466));
#297=EDGE_LOOP('',(#467,#468,#469,#470));
#298=EDGE_LOOP('',(#471,#472,#473,#474,#475,#476,#477,#478,#479,#480));
#299=EDGE_LOOP('',(#481,#482,#483,#484));
#300=EDGE_LOOP('',(#485,#486,#487,#488,#489,#490,#491,#492,#493,#494,#495,
#496));
#301=EDGE_LOOP('',(#497,#498,#499,#500));
#302=EDGE_LOOP('',(#501,#502,#503,#504));
#303=EDGE_LOOP('',(#505,#506,#507,#508));
#304=EDGE_LOOP('',(#509,#510,#511,#512,#513,#514));
#305=EDGE_LOOP('',(#515,#516,#517,#518));
#306=EDGE_LOOP('',(#519,#520,#521,#522));
#307=EDGE_LOOP('',(#523,#524,#525,#526));
#308=EDGE_LOOP('',(#527,#528,#529,#530));
#309=EDGE_LOOP('',(#531,#532,#533,#534));
#310=EDGE_LOOP('',(#535,#536,#537,#538,#539,#540,#541,#542));
#311=EDGE_LOOP('',(#543,#544,#545,#546));
#312=EDGE_LOOP('',(#547,#548,#549,#550));
#313=EDGE_LOOP('',(#551,#552,#553,#554));
#314=EDGE_LOOP('',(#555,#556,#557,#558));
#315=EDGE_LOOP('',(#559,#560,#561,#562));
#316=EDGE_LOOP('',(#563,#564,#565,#566));
#317=EDGE_LOOP('',(#567,#568,#569,#570));
#318=EDGE_LOOP('',(#571,#572,#573,#574));
#319=EDGE_LOOP('',(#575,#576,#577,#578));
#320=EDGE_LOOP('',(#579,#580,#581,#582));
#321=EDGE_LOOP('',(#583,#584,#585,#586));
#322=EDGE_LOOP('',(#587,#588,#589,#590));
#323=EDGE_LOOP('',(#591,#592,#593,#594));
#324=EDGE_LOOP('',(#595,#596,#597,#598));
#325=EDGE_LOOP('',(#599,#600,#601,#602));
#326=EDGE_LOOP('',(#603,#604,#605,#606));
#327=EDGE_LOOP('',(#607,#608,#609,#610));
#328=EDGE_LOOP('',(#611,#612,#613,#614));
#329=EDGE_LOOP('',(#615,#616,#617,#618,#619,#620,#621,#622));
#330=EDGE_LOOP('',(#623,#624,#625,#626,#627,#628,#629,#630));
#331=EDGE_LOOP('',(#631,#632,#633,#634));
#332=EDGE_LOOP('',(#635,#636,#637,#638));
#333=EDGE_LOOP('',(#639,#640,#641,#642));
#334=EDGE_LOOP('',(#643,#644,#645,#646));
#335=ORIENTED_EDGE('',*,*,#741,.F.);
#336=ORIENTED_EDGE('',*,*,#742,.F.);
#337=ORIENTED_EDGE('',*,*,#743,.F.);
#338=ORIENTED_EDGE('',*,*,#744,.F.);
#339=ORIENTED_EDGE('',*,*,#745,.F.);
#340=ORIENTED_EDGE('',*,*,#746,.F.);
#341=ORIENTED_EDGE('',*,*,#747,.F.);
#342=ORIENTED_EDGE('',*,*,#748,.F.);
#343=ORIENTED_EDGE('',*,*,#749,.F.);
#344=ORIENTED_EDGE('',*,*,#750,.F.);
#345=ORIENTED_EDGE('',*,*,#751,.F.);
#346=ORIENTED_EDGE('',*,*,#752,.F.);
#347=ORIENTED_EDGE('',*,*,#753,.F.);
#348=ORIENTED_EDGE('',*,*,#754,.F.);
#349=ORIENTED_EDGE('',*,*,#755,.F.);
#350=ORIENTED_EDGE('',*,*,#756,.F.);
#351=ORIENTED_EDGE('',*,*,#757,.F.);
#352=ORIENTED_EDGE('',*,*,#758,.F.);
#353=ORIENTED_EDGE('',*,*,#759,.T.);
#354=ORIENTED_EDGE('',*,*,#760,.F.);
#355=ORIENTED_EDGE('',*,*,#743,.T.);
#356=ORIENTED_EDGE('',*,*,#761,.T.);
#357=ORIENTED_EDGE('',*,*,#762,.T.);
#358=ORIENTED_EDGE('',*,*,#763,.T.);
#359=ORIENTED_EDGE('',*,*,#764,.T.);
#360=ORIENTED_EDGE('',*,*,#765,.T.);
#361=ORIENTED_EDGE('',*,*,#766,.F.);
#362=ORIENTED_EDGE('',*,*,#767,.F.);
#363=ORIENTED_EDGE('',*,*,#768,.T.);
#364=ORIENTED_EDGE('',*,*,#769,.T.);
#365=ORIENTED_EDGE('',*,*,#770,.F.);
#366=ORIENTED_EDGE('',*,*,#771,.T.);
#367=ORIENTED_EDGE('',*,*,#772,.F.);
#368=ORIENTED_EDGE('',*,*,#755,.T.);
#369=ORIENTED_EDGE('',*,*,#773,.T.);
#370=ORIENTED_EDGE('',*,*,#762,.F.);
#371=ORIENTED_EDGE('',*,*,#773,.F.);
#372=ORIENTED_EDGE('',*,*,#754,.T.);
#373=ORIENTED_EDGE('',*,*,#774,.T.);
#374=ORIENTED_EDGE('',*,*,#763,.F.);
#375=ORIENTED_EDGE('',*,*,#774,.F.);
#376=ORIENTED_EDGE('',*,*,#753,.T.);
#377=ORIENTED_EDGE('',*,*,#775,.F.);
#378=ORIENTED_EDGE('',*,*,#776,.T.);
#379=ORIENTED_EDGE('',*,*,#764,.F.);
#380=ORIENTED_EDGE('',*,*,#777,.T.);
#381=ORIENTED_EDGE('',*,*,#745,.T.);
#382=ORIENTED_EDGE('',*,*,#778,.T.);
#383=ORIENTED_EDGE('',*,*,#779,.F.);
#384=ORIENTED_EDGE('',*,*,#780,.T.);
#385=ORIENTED_EDGE('',*,*,#759,.F.);
#386=ORIENTED_EDGE('',*,*,#781,.T.);
#387=ORIENTED_EDGE('',*,*,#778,.F.);
#388=ORIENTED_EDGE('',*,*,#756,.T.);
#389=ORIENTED_EDGE('',*,*,#772,.T.);
#390=ORIENTED_EDGE('',*,*,#761,.F.);
#391=ORIENTED_EDGE('',*,*,#742,.T.);
#392=ORIENTED_EDGE('',*,*,#782,.F.);
#393=ORIENTED_EDGE('',*,*,#783,.F.);
#394=ORIENTED_EDGE('',*,*,#771,.F.);
#395=ORIENTED_EDGE('',*,*,#765,.F.);
#396=ORIENTED_EDGE('',*,*,#776,.F.);
#397=ORIENTED_EDGE('',*,*,#784,.F.);
#398=ORIENTED_EDGE('',*,*,#781,.F.);
#399=ORIENTED_EDGE('',*,*,#758,.T.);
#400=ORIENTED_EDGE('',*,*,#769,.F.);
#401=ORIENTED_EDGE('',*,*,#760,.T.);
#402=ORIENTED_EDGE('',*,*,#780,.F.);
#403=ORIENTED_EDGE('',*,*,#785,.F.);
#404=ORIENTED_EDGE('',*,*,#744,.T.);
#405=ORIENTED_EDGE('',*,*,#779,.T.);
#406=ORIENTED_EDGE('',*,*,#782,.T.);
#407=ORIENTED_EDGE('',*,*,#741,.T.);
#408=ORIENTED_EDGE('',*,*,#785,.T.);
#409=ORIENTED_EDGE('',*,*,#786,.F.);
#410=ORIENTED_EDGE('',*,*,#787,.T.);
#411=ORIENTED_EDGE('',*,*,#788,.T.);
#412=ORIENTED_EDGE('',*,*,#789,.T.);
#413=ORIENTED_EDGE('',*,*,#790,.T.);
#414=ORIENTED_EDGE('',*,*,#791,.T.);
#415=ORIENTED_EDGE('',*,*,#792,.T.);
#416=ORIENTED_EDGE('',*,*,#793,.T.);
#417=ORIENTED_EDGE('',*,*,#794,.T.);
#418=ORIENTED_EDGE('',*,*,#795,.T.);
#419=ORIENTED_EDGE('',*,*,#796,.T.);
#420=ORIENTED_EDGE('',*,*,#797,.F.);
#421=ORIENTED_EDGE('',*,*,#798,.F.);
#422=ORIENTED_EDGE('',*,*,#799,.T.);
#423=ORIENTED_EDGE('',*,*,#800,.F.);
#424=ORIENTED_EDGE('',*,*,#801,.F.);
#425=ORIENTED_EDGE('',*,*,#802,.T.);
#426=ORIENTED_EDGE('',*,*,#803,.T.);
#427=ORIENTED_EDGE('',*,*,#801,.T.);
#428=ORIENTED_EDGE('',*,*,#804,.T.);
#429=ORIENTED_EDGE('',*,*,#796,.F.);
#430=ORIENTED_EDGE('',*,*,#805,.T.);
#431=ORIENTED_EDGE('',*,*,#806,.F.);
#432=ORIENTED_EDGE('',*,*,#807,.T.);
#433=ORIENTED_EDGE('',*,*,#808,.T.);
#434=ORIENTED_EDGE('',*,*,#809,.T.);
#435=ORIENTED_EDGE('',*,*,#810,.T.);
#436=ORIENTED_EDGE('',*,*,#811,.F.);
#437=ORIENTED_EDGE('',*,*,#812,.F.);
#438=ORIENTED_EDGE('',*,*,#811,.T.);
#439=ORIENTED_EDGE('',*,*,#813,.T.);
#440=ORIENTED_EDGE('',*,*,#814,.F.);
#441=ORIENTED_EDGE('',*,*,#789,.F.);
#442=ORIENTED_EDGE('',*,*,#805,.F.);
#443=ORIENTED_EDGE('',*,*,#795,.F.);
#444=ORIENTED_EDGE('',*,*,#815,.T.);
#445=ORIENTED_EDGE('',*,*,#816,.T.);
#446=ORIENTED_EDGE('',*,*,#802,.F.);
#447=ORIENTED_EDGE('',*,*,#817,.T.);
#448=ORIENTED_EDGE('',*,*,#818,.F.);
#449=ORIENTED_EDGE('',*,*,#790,.F.);
#450=ORIENTED_EDGE('',*,*,#814,.T.);
#451=ORIENTED_EDGE('',*,*,#819,.T.);
#452=ORIENTED_EDGE('',*,*,#820,.F.);
#453=ORIENTED_EDGE('',*,*,#791,.F.);
#454=ORIENTED_EDGE('',*,*,#818,.T.);
#455=ORIENTED_EDGE('',*,*,#821,.T.);
#456=ORIENTED_EDGE('',*,*,#822,.F.);
#457=ORIENTED_EDGE('',*,*,#792,.F.);
#458=ORIENTED_EDGE('',*,*,#820,.T.);
#459=ORIENTED_EDGE('',*,*,#823,.T.);
#460=ORIENTED_EDGE('',*,*,#824,.F.);
#461=ORIENTED_EDGE('',*,*,#793,.F.);
#462=ORIENTED_EDGE('',*,*,#822,.T.);
#463=ORIENTED_EDGE('',*,*,#825,.T.);
#464=ORIENTED_EDGE('',*,*,#815,.F.);
#465=ORIENTED_EDGE('',*,*,#794,.F.);
#466=ORIENTED_EDGE('',*,*,#824,.T.);
#467=ORIENTED_EDGE('',*,*,#809,.F.);
#468=ORIENTED_EDGE('',*,*,#826,.T.);
#469=ORIENTED_EDGE('',*,*,#798,.T.);
#470=ORIENTED_EDGE('',*,*,#827,.T.);
#471=ORIENTED_EDGE('',*,*,#777,.F.);
#472=ORIENTED_EDGE('',*,*,#784,.T.);
#473=ORIENTED_EDGE('',*,*,#768,.F.);
#474=ORIENTED_EDGE('',*,*,#783,.T.);
#475=ORIENTED_EDGE('',*,*,#775,.T.);
#476=ORIENTED_EDGE('',*,*,#828,.F.);
#477=ORIENTED_EDGE('',*,*,#810,.F.);
#478=ORIENTED_EDGE('',*,*,#827,.F.);
#479=ORIENTED_EDGE('',*,*,#803,.F.);
#480=ORIENTED_EDGE('',*,*,#829,.F.);
#481=ORIENTED_EDGE('',*,*,#830,.T.);
#482=ORIENTED_EDGE('',*,*,#813,.F.);
#483=ORIENTED_EDGE('',*,*,#828,.T.);
#484=ORIENTED_EDGE('',*,*,#752,.T.);
#485=ORIENTED_EDGE('',*,*,#747,.T.);
#486=ORIENTED_EDGE('',*,*,#831,.F.);
#487=ORIENTED_EDGE('',*,*,#825,.F.);
#488=ORIENTED_EDGE('',*,*,#823,.F.);
#489=ORIENTED_EDGE('',*,*,#821,.F.);
#490=ORIENTED_EDGE('',*,*,#819,.F.);
#491=ORIENTED_EDGE('',*,*,#817,.F.);
#492=ORIENTED_EDGE('',*,*,#830,.F.);
#493=ORIENTED_EDGE('',*,*,#751,.T.);
#494=ORIENTED_EDGE('',*,*,#750,.T.);
#495=ORIENTED_EDGE('',*,*,#749,.T.);
#496=ORIENTED_EDGE('',*,*,#748,.T.);
#497=ORIENTED_EDGE('',*,*,#829,.T.);
#498=ORIENTED_EDGE('',*,*,#816,.F.);
#499=ORIENTED_EDGE('',*,*,#831,.T.);
#500=ORIENTED_EDGE('',*,*,#746,.T.);
#501=ORIENTED_EDGE('',*,*,#832,.F.);
#502=ORIENTED_EDGE('',*,*,#806,.T.);
#503=ORIENTED_EDGE('',*,*,#812,.T.);
#504=ORIENTED_EDGE('',*,*,#788,.F.);
#505=ORIENTED_EDGE('',*,*,#833,.F.);
#506=ORIENTED_EDGE('',*,*,#797,.T.);
#507=ORIENTED_EDGE('',*,*,#804,.F.);
#508=ORIENTED_EDGE('',*,*,#800,.T.);
#509=ORIENTED_EDGE('',*,*,#808,.F.);
#510=ORIENTED_EDGE('',*,*,#834,.T.);
#511=ORIENTED_EDGE('',*,*,#786,.T.);
#512=ORIENTED_EDGE('',*,*,#833,.T.);
#513=ORIENTED_EDGE('',*,*,#799,.F.);
#514=ORIENTED_EDGE('',*,*,#826,.F.);
#515=ORIENTED_EDGE('',*,*,#832,.T.);
#516=ORIENTED_EDGE('',*,*,#787,.F.);
#517=ORIENTED_EDGE('',*,*,#834,.F.);
#518=ORIENTED_EDGE('',*,*,#807,.F.);
#519=ORIENTED_EDGE('',*,*,#835,.F.);
#520=ORIENTED_EDGE('',*,*,#836,.F.);
#521=ORIENTED_EDGE('',*,*,#757,.T.);
#522=ORIENTED_EDGE('',*,*,#837,.T.);
#523=ORIENTED_EDGE('',*,*,#838,.F.);
#524=ORIENTED_EDGE('',*,*,#837,.F.);
#525=ORIENTED_EDGE('',*,*,#767,.T.);
#526=ORIENTED_EDGE('',*,*,#839,.T.);
#527=ORIENTED_EDGE('',*,*,#840,.F.);
#528=ORIENTED_EDGE('',*,*,#839,.F.);
#529=ORIENTED_EDGE('',*,*,#766,.T.);
#530=ORIENTED_EDGE('',*,*,#841,.T.);
#531=ORIENTED_EDGE('',*,*,#842,.F.);
#532=ORIENTED_EDGE('',*,*,#841,.F.);
#533=ORIENTED_EDGE('',*,*,#770,.T.);
#534=ORIENTED_EDGE('',*,*,#836,.T.);
#535=ORIENTED_EDGE('',*,*,#843,.F.);
#536=ORIENTED_EDGE('',*,*,#844,.F.);
#537=ORIENTED_EDGE('',*,*,#845,.F.);
#538=ORIENTED_EDGE('',*,*,#846,.F.);
#539=ORIENTED_EDGE('',*,*,#847,.F.);
#540=ORIENTED_EDGE('',*,*,#848,.T.);
#541=ORIENTED_EDGE('',*,*,#849,.T.);
#542=ORIENTED_EDGE('',*,*,#850,.T.);
#543=ORIENTED_EDGE('',*,*,#851,.F.);
#544=ORIENTED_EDGE('',*,*,#852,.F.);
#545=ORIENTED_EDGE('',*,*,#846,.T.);
#546=ORIENTED_EDGE('',*,*,#853,.T.);
#547=ORIENTED_EDGE('',*,*,#854,.F.);
#548=ORIENTED_EDGE('',*,*,#853,.F.);
#549=ORIENTED_EDGE('',*,*,#845,.T.);
#550=ORIENTED_EDGE('',*,*,#855,.T.);
#551=ORIENTED_EDGE('',*,*,#856,.F.);
#552=ORIENTED_EDGE('',*,*,#855,.F.);
#553=ORIENTED_EDGE('',*,*,#844,.T.);
#554=ORIENTED_EDGE('',*,*,#857,.T.);
#555=ORIENTED_EDGE('',*,*,#858,.F.);
#556=ORIENTED_EDGE('',*,*,#857,.F.);
#557=ORIENTED_EDGE('',*,*,#859,.T.);
#558=ORIENTED_EDGE('',*,*,#852,.T.);
#559=ORIENTED_EDGE('',*,*,#860,.F.);
#560=ORIENTED_EDGE('',*,*,#861,.F.);
#561=ORIENTED_EDGE('',*,*,#862,.F.);
#562=ORIENTED_EDGE('',*,*,#863,.F.);
#563=ORIENTED_EDGE('',*,*,#851,.T.);
#564=ORIENTED_EDGE('',*,*,#854,.T.);
#565=ORIENTED_EDGE('',*,*,#856,.T.);
#566=ORIENTED_EDGE('',*,*,#858,.T.);
#567=ORIENTED_EDGE('',*,*,#860,.T.);
#568=ORIENTED_EDGE('',*,*,#864,.F.);
#569=ORIENTED_EDGE('',*,*,#848,.F.);
#570=ORIENTED_EDGE('',*,*,#865,.T.);
#571=ORIENTED_EDGE('',*,*,#863,.T.);
#572=ORIENTED_EDGE('',*,*,#866,.F.);
#573=ORIENTED_EDGE('',*,*,#849,.F.);
#574=ORIENTED_EDGE('',*,*,#864,.T.);
#575=ORIENTED_EDGE('',*,*,#862,.T.);
#576=ORIENTED_EDGE('',*,*,#867,.F.);
#577=ORIENTED_EDGE('',*,*,#850,.F.);
#578=ORIENTED_EDGE('',*,*,#866,.T.);
#579=ORIENTED_EDGE('',*,*,#861,.T.);
#580=ORIENTED_EDGE('',*,*,#865,.F.);
#581=ORIENTED_EDGE('',*,*,#868,.F.);
#582=ORIENTED_EDGE('',*,*,#867,.T.);
#583=ORIENTED_EDGE('',*,*,#843,.T.);
#584=ORIENTED_EDGE('',*,*,#869,.F.);
#585=ORIENTED_EDGE('',*,*,#870,.F.);
#586=ORIENTED_EDGE('',*,*,#871,.T.);
#587=ORIENTED_EDGE('',*,*,#868,.T.);
#588=ORIENTED_EDGE('',*,*,#872,.F.);
#589=ORIENTED_EDGE('',*,*,#873,.F.);
#590=ORIENTED_EDGE('',*,*,#869,.T.);
#591=ORIENTED_EDGE('',*,*,#847,.T.);
#592=ORIENTED_EDGE('',*,*,#874,.F.);
#593=ORIENTED_EDGE('',*,*,#875,.F.);
#594=ORIENTED_EDGE('',*,*,#872,.T.);
#595=ORIENTED_EDGE('',*,*,#859,.F.);
#596=ORIENTED_EDGE('',*,*,#871,.F.);
#597=ORIENTED_EDGE('',*,*,#876,.T.);
#598=ORIENTED_EDGE('',*,*,#874,.T.);
#599=ORIENTED_EDGE('',*,*,#877,.F.);
#600=ORIENTED_EDGE('',*,*,#878,.F.);
#601=ORIENTED_EDGE('',*,*,#879,.T.);
#602=ORIENTED_EDGE('',*,*,#880,.T.);
#603=ORIENTED_EDGE('',*,*,#881,.F.);
#604=ORIENTED_EDGE('',*,*,#880,.F.);
#605=ORIENTED_EDGE('',*,*,#882,.T.);
#606=ORIENTED_EDGE('',*,*,#883,.T.);
#607=ORIENTED_EDGE('',*,*,#876,.F.);
#608=ORIENTED_EDGE('',*,*,#883,.F.);
#609=ORIENTED_EDGE('',*,*,#842,.T.);
#610=ORIENTED_EDGE('',*,*,#884,.T.);
#611=ORIENTED_EDGE('',*,*,#885,.F.);
#612=ORIENTED_EDGE('',*,*,#884,.F.);
#613=ORIENTED_EDGE('',*,*,#886,.T.);
#614=ORIENTED_EDGE('',*,*,#878,.T.);
#615=ORIENTED_EDGE('',*,*,#886,.F.);
#616=ORIENTED_EDGE('',*,*,#835,.T.);
#617=ORIENTED_EDGE('',*,*,#887,.T.);
#618=ORIENTED_EDGE('',*,*,#888,.T.);
#619=ORIENTED_EDGE('',*,*,#889,.T.);
#620=ORIENTED_EDGE('',*,*,#840,.T.);
#621=ORIENTED_EDGE('',*,*,#882,.F.);
#622=ORIENTED_EDGE('',*,*,#879,.F.);
#623=ORIENTED_EDGE('',*,*,#881,.T.);
#624=ORIENTED_EDGE('',*,*,#870,.T.);
#625=ORIENTED_EDGE('',*,*,#890,.F.);
#626=ORIENTED_EDGE('',*,*,#891,.F.);
#627=ORIENTED_EDGE('',*,*,#892,.F.);
#628=ORIENTED_EDGE('',*,*,#875,.T.);
#629=ORIENTED_EDGE('',*,*,#885,.T.);
#630=ORIENTED_EDGE('',*,*,#877,.T.);
#631=ORIENTED_EDGE('',*,*,#891,.T.);
#632=ORIENTED_EDGE('',*,*,#893,.F.);
#633=ORIENTED_EDGE('',*,*,#888,.F.);
#634=ORIENTED_EDGE('',*,*,#894,.T.);
#635=ORIENTED_EDGE('',*,*,#890,.T.);
#636=ORIENTED_EDGE('',*,*,#895,.F.);
#637=ORIENTED_EDGE('',*,*,#889,.F.);
#638=ORIENTED_EDGE('',*,*,#893,.T.);
#639=ORIENTED_EDGE('',*,*,#873,.T.);
#640=ORIENTED_EDGE('',*,*,#896,.F.);
#641=ORIENTED_EDGE('',*,*,#838,.T.);
#642=ORIENTED_EDGE('',*,*,#895,.T.);
#643=ORIENTED_EDGE('',*,*,#892,.T.);
#644=ORIENTED_EDGE('',*,*,#894,.F.);
#645=ORIENTED_EDGE('',*,*,#887,.F.);
#646=ORIENTED_EDGE('',*,*,#896,.T.);
#647=VERTEX_POINT('',#1448);
#648=VERTEX_POINT('',#1449);
#649=VERTEX_POINT('',#1451);
#650=VERTEX_POINT('',#1453);
#651=VERTEX_POINT('',#1460);
#652=VERTEX_POINT('',#1461);
#653=VERTEX_POINT('',#1466);
#654=VERTEX_POINT('',#1476);
#655=VERTEX_POINT('',#1490);
#656=VERTEX_POINT('',#1518);
#657=VERTEX_POINT('',#1532);
#658=VERTEX_POINT('',#1542);
#659=VERTEX_POINT('',#1547);
#660=VERTEX_POINT('',#1552);
#661=VERTEX_POINT('',#1554);
#662=VERTEX_POINT('',#1559);
#663=VERTEX_POINT('',#1563);
#664=VERTEX_POINT('',#1564);
#665=VERTEX_POINT('',#1569);
#666=VERTEX_POINT('',#1571);
#667=VERTEX_POINT('',#1574);
#668=VERTEX_POINT('',#1576);
#669=VERTEX_POINT('',#1578);
#670=VERTEX_POINT('',#1580);
#671=VERTEX_POINT('',#1585);
#672=VERTEX_POINT('',#1587);
#673=VERTEX_POINT('',#1594);
#674=VERTEX_POINT('',#1595);
#675=VERTEX_POINT('',#1615);
#676=VERTEX_POINT('',#1622);
#677=VERTEX_POINT('',#1624);
#678=VERTEX_POINT('',#1626);
#679=VERTEX_POINT('',#1664);
#680=VERTEX_POINT('',#1665);
#681=VERTEX_POINT('',#1667);
#682=VERTEX_POINT('',#1669);
#683=VERTEX_POINT('',#1671);
#684=VERTEX_POINT('',#1673);
#685=VERTEX_POINT('',#1675);
#686=VERTEX_POINT('',#1677);
#687=VERTEX_POINT('',#1679);
#688=VERTEX_POINT('',#1681);
#689=VERTEX_POINT('',#1683);
#690=VERTEX_POINT('',#1685);
#691=VERTEX_POINT('',#1689);
#692=VERTEX_POINT('',#1690);
#693=VERTEX_POINT('',#1692);
#694=VERTEX_POINT('',#1694);
#695=VERTEX_POINT('',#1696);
#696=VERTEX_POINT('',#1698);
#697=VERTEX_POINT('',#1710);
#698=VERTEX_POINT('',#1711);
#699=VERTEX_POINT('',#1713);
#700=VERTEX_POINT('',#1715);
#701=VERTEX_POINT('',#1717);
#702=VERTEX_POINT('',#1724);
#703=VERTEX_POINT('',#1732);
#704=VERTEX_POINT('',#1736);
#705=VERTEX_POINT('',#1746);
#706=VERTEX_POINT('',#1753);
#707=VERTEX_POINT('',#1760);
#708=VERTEX_POINT('',#1767);
#709=VERTEX_POINT('',#6342);
#710=VERTEX_POINT('',#6343);
#711=VERTEX_POINT('',#6348);
#712=VERTEX_POINT('',#6352);
#713=VERTEX_POINT('',#6358);
#714=VERTEX_POINT('',#6359);
#715=VERTEX_POINT('',#6361);
#716=VERTEX_POINT('',#6363);
#717=VERTEX_POINT('',#6365);
#718=VERTEX_POINT('',#6367);
#719=VERTEX_POINT('',#6369);
#720=VERTEX_POINT('',#6371);
#721=VERTEX_POINT('',#6375);
#722=VERTEX_POINT('',#6376);
#723=VERTEX_POINT('',#6381);
#724=VERTEX_POINT('',#6385);
#725=VERTEX_POINT('',#6392);
#726=VERTEX_POINT('',#6393);
#727=VERTEX_POINT('',#6395);
#728=VERTEX_POINT('',#6397);
#729=VERTEX_POINT('',#6410);
#730=VERTEX_POINT('',#6412);
#731=VERTEX_POINT('',#6416);
#732=VERTEX_POINT('',#6420);
#733=VERTEX_POINT('',#6426);
#734=VERTEX_POINT('',#6427);
#735=VERTEX_POINT('',#6429);
#736=VERTEX_POINT('',#6431);
#737=VERTEX_POINT('',#6444);
#738=VERTEX_POINT('',#6446);
#739=VERTEX_POINT('',#6450);
#740=VERTEX_POINT('',#6452);
#741=EDGE_CURVE('',#647,#648,#897,.T.);
#742=EDGE_CURVE('',#649,#647,#898,.T.);
#743=EDGE_CURVE('',#650,#649,#899,.T.);
#744=EDGE_CURVE('',#648,#650,#900,.T.);
#745=EDGE_CURVE('',#651,#652,#78,.T.);
#746=EDGE_CURVE('',#653,#651,#79,.T.);
#747=EDGE_CURVE('',#654,#653,#80,.T.);
#748=EDGE_CURVE('',#655,#654,#81,.T.);
#749=EDGE_CURVE('',#656,#655,#82,.T.);
#750=EDGE_CURVE('',#657,#656,#83,.T.);
#751=EDGE_CURVE('',#658,#657,#84,.T.);
#752=EDGE_CURVE('',#659,#658,#85,.T.);
#753=EDGE_CURVE('',#660,#659,#86,.T.);
#754=EDGE_CURVE('',#661,#660,#901,.T.);
#755=EDGE_CURVE('',#662,#661,#87,.T.);
#756=EDGE_CURVE('',#652,#662,#902,.T.);
#757=EDGE_CURVE('',#663,#664,#903,.T.);
#758=EDGE_CURVE('',#665,#663,#88,.T.);
#759=EDGE_CURVE('',#665,#666,#904,.T.);
#760=EDGE_CURVE('',#650,#666,#905,.T.);
#761=EDGE_CURVE('',#649,#667,#906,.T.);
#762=EDGE_CURVE('',#667,#668,#907,.T.);
#763=EDGE_CURVE('',#668,#669,#908,.T.);
#764=EDGE_CURVE('',#669,#670,#909,.T.);
#765=EDGE_CURVE('',#670,#671,#89,.T.);
#766=EDGE_CURVE('',#672,#671,#910,.T.);
#767=EDGE_CURVE('',#664,#672,#911,.T.);
#768=EDGE_CURVE('',#673,#674,#90,.T.);
#769=EDGE_CURVE('',#674,#663,#912,.T.);
#770=EDGE_CURVE('',#671,#663,#913,.T.);
#771=EDGE_CURVE('',#671,#673,#914,.T.);
#772=EDGE_CURVE('',#662,#667,#915,.T.);
#773=EDGE_CURVE('',#661,#668,#916,.T.);
#774=EDGE_CURVE('',#660,#669,#917,.T.);
#775=EDGE_CURVE('',#675,#659,#91,.T.);
#776=EDGE_CURVE('',#675,#670,#918,.T.);
#777=EDGE_CURVE('',#676,#651,#92,.T.);
#778=EDGE_CURVE('',#652,#677,#919,.T.);
#779=EDGE_CURVE('',#678,#677,#920,.T.);
#780=EDGE_CURVE('',#678,#666,#921,.T.);
#781=EDGE_CURVE('',#665,#676,#922,.T.);
#782=EDGE_CURVE('',#677,#647,#923,.T.);
#783=EDGE_CURVE('',#673,#675,#93,.T.);
#784=EDGE_CURVE('',#676,#674,#94,.T.);
#785=EDGE_CURVE('',#648,#678,#924,.T.);
#786=EDGE_CURVE('',#679,#680,#925,.T.);
#787=EDGE_CURVE('',#679,#681,#926,.T.);
#788=EDGE_CURVE('',#681,#682,#927,.T.);
#789=EDGE_CURVE('',#682,#683,#928,.T.);
#790=EDGE_CURVE('',#683,#684,#929,.T.);
#791=EDGE_CURVE('',#684,#685,#46,.T.);
#792=EDGE_CURVE('',#685,#686,#930,.T.);
#793=EDGE_CURVE('',#686,#687,#47,.T.);
#794=EDGE_CURVE('',#687,#688,#931,.T.);
#795=EDGE_CURVE('',#688,#689,#932,.T.);
#796=EDGE_CURVE('',#689,#690,#933,.T.);
#797=EDGE_CURVE('',#680,#690,#934,.T.);
#798=EDGE_CURVE('',#691,#692,#935,.T.);
#799=EDGE_CURVE('',#691,#693,#40,.T.);
#800=EDGE_CURVE('',#694,#693,#41,.T.);
#801=EDGE_CURVE('',#695,#694,#42,.T.);
#802=EDGE_CURVE('',#695,#696,#936,.T.);
#803=EDGE_CURVE('',#696,#692,#95,.T.);
#804=EDGE_CURVE('',#694,#690,#937,.T.);
#805=EDGE_CURVE('',#689,#695,#938,.T.);
#806=EDGE_CURVE('',#697,#698,#43,.T.);
#807=EDGE_CURVE('',#697,#699,#44,.T.);
#808=EDGE_CURVE('',#699,#700,#45,.T.);
#809=EDGE_CURVE('',#700,#701,#939,.T.);
#810=EDGE_CURVE('',#701,#702,#96,.T.);
#811=EDGE_CURVE('',#698,#702,#940,.T.);
#812=EDGE_CURVE('',#698,#682,#941,.T.);
#813=EDGE_CURVE('',#702,#703,#97,.T.);
#814=EDGE_CURVE('',#683,#703,#942,.T.);
#815=EDGE_CURVE('',#688,#704,#943,.T.);
#816=EDGE_CURVE('',#704,#696,#98,.T.);
#817=EDGE_CURVE('',#703,#705,#99,.T.);
#818=EDGE_CURVE('',#684,#705,#944,.T.);
#819=EDGE_CURVE('',#705,#706,#100,.T.);
#820=EDGE_CURVE('',#685,#706,#945,.T.);
#821=EDGE_CURVE('',#706,#707,#101,.T.);
#822=EDGE_CURVE('',#686,#707,#946,.T.);
#823=EDGE_CURVE('',#707,#708,#102,.T.);
#824=EDGE_CURVE('',#687,#708,#947,.T.);
#825=EDGE_CURVE('',#708,#704,#103,.T.);
#826=EDGE_CURVE('',#700,#691,#948,.T.);
#827=EDGE_CURVE('',#692,#701,#104,.T.);
#828=EDGE_CURVE('',#702,#659,#105,.T.);
#829=EDGE_CURVE('',#651,#696,#106,.T.);
#830=EDGE_CURVE('',#658,#703,#107,.T.);
#831=EDGE_CURVE('',#704,#653,#108,.T.);
#832=EDGE_CURVE('',#697,#681,#949,.T.);
#833=EDGE_CURVE('',#680,#693,#950,.T.);
#834=EDGE_CURVE('',#699,#679,#951,.T.);
#835=EDGE_CURVE('',#709,#710,#952,.T.);
#836=EDGE_CURVE('',#663,#709,#953,.T.);
#837=EDGE_CURVE('',#664,#710,#954,.T.);
#838=EDGE_CURVE('',#710,#711,#955,.T.);
#839=EDGE_CURVE('',#672,#711,#956,.T.);
#840=EDGE_CURVE('',#711,#712,#957,.T.);
#841=EDGE_CURVE('',#671,#712,#958,.T.);
#842=EDGE_CURVE('',#712,#709,#959,.T.);
#843=EDGE_CURVE('',#713,#714,#960,.T.);
#844=EDGE_CURVE('',#715,#713,#48,.T.);
#845=EDGE_CURVE('',#716,#715,#961,.T.);
#846=EDGE_CURVE('',#717,#716,#49,.T.);
#847=EDGE_CURVE('',#718,#717,#962,.T.);
#848=EDGE_CURVE('',#718,#719,#50,.T.);
#849=EDGE_CURVE('',#719,#720,#963,.T.);
#850=EDGE_CURVE('',#720,#714,#51,.T.);
#851=EDGE_CURVE('',#721,#722,#52,.T.);
#852=EDGE_CURVE('',#717,#721,#964,.T.);
#853=EDGE_CURVE('',#716,#722,#965,.T.);
#854=EDGE_CURVE('',#722,#723,#966,.T.);
#855=EDGE_CURVE('',#715,#723,#967,.T.);
#856=EDGE_CURVE('',#723,#724,#53,.T.);
#857=EDGE_CURVE('',#713,#724,#968,.T.);
#858=EDGE_CURVE('',#724,#721,#969,.T.);
#859=EDGE_CURVE('',#713,#717,#970,.T.);
#860=EDGE_CURVE('',#725,#726,#54,.T.);
#861=EDGE_CURVE('',#727,#725,#971,.T.);
#862=EDGE_CURVE('',#728,#727,#55,.T.);
#863=EDGE_CURVE('',#726,#728,#972,.T.);
#864=EDGE_CURVE('',#719,#726,#973,.T.);
#865=EDGE_CURVE('',#718,#725,#974,.T.);
#866=EDGE_CURVE('',#720,#728,#975,.T.);
#867=EDGE_CURVE('',#714,#727,#976,.T.);
#868=EDGE_CURVE('',#714,#718,#977,.T.);
#869=EDGE_CURVE('',#729,#714,#978,.T.);
#870=EDGE_CURVE('',#730,#729,#979,.T.);
#871=EDGE_CURVE('',#730,#713,#980,.T.);
#872=EDGE_CURVE('',#731,#718,#981,.T.);
#873=EDGE_CURVE('',#729,#731,#982,.T.);
#874=EDGE_CURVE('',#732,#717,#983,.T.);
#875=EDGE_CURVE('',#731,#732,#984,.T.);
#876=EDGE_CURVE('',#730,#732,#985,.T.);
#877=EDGE_CURVE('',#733,#734,#986,.T.);
#878=EDGE_CURVE('',#735,#733,#987,.T.);
#879=EDGE_CURVE('',#735,#736,#988,.T.);
#880=EDGE_CURVE('',#736,#734,#989,.T.);
#881=EDGE_CURVE('',#734,#730,#56,.T.);
#882=EDGE_CURVE('',#736,#712,#57,.T.);
#883=EDGE_CURVE('',#712,#730,#990,.T.);
#884=EDGE_CURVE('',#709,#732,#991,.T.);
#885=EDGE_CURVE('',#732,#733,#58,.T.);
#886=EDGE_CURVE('',#709,#735,#59,.T.);
#887=EDGE_CURVE('',#710,#737,#60,.T.);
#888=EDGE_CURVE('',#737,#738,#992,.T.);
#889=EDGE_CURVE('',#738,#711,#61,.T.);
#890=EDGE_CURVE('',#739,#729,#62,.T.);
#891=EDGE_CURVE('',#740,#739,#993,.T.);
#892=EDGE_CURVE('',#731,#740,#63,.T.);
#893=EDGE_CURVE('',#738,#739,#994,.T.);
#894=EDGE_CURVE('',#737,#740,#995,.T.);
#895=EDGE_CURVE('',#711,#729,#996,.T.);
#896=EDGE_CURVE('',#710,#731,#997,.T.);
#897=LINE('',#1447,#998);
#898=LINE('',#1450,#999);
#899=LINE('',#1452,#1000);
#900=LINE('',#1454,#1001);
#901=LINE('',#1553,#1002);
#902=LINE('',#1560,#1003);
#903=LINE('',#1562,#1004);
#904=LINE('',#1570,#1005);
#905=LINE('',#1572,#1006);
#906=LINE('',#1573,#1007);
#907=LINE('',#1575,#1008);
#908=LINE('',#1577,#1009);
#909=LINE('',#1579,#1010);
#910=LINE('',#1586,#1011);
#911=LINE('',#1588,#1012);
#912=LINE('',#1596,#1013);
#913=LINE('',#1597,#1014);
#914=LINE('',#1598,#1015);
#915=LINE('',#1600,#1016);
#916=LINE('',#1601,#1017);
#917=LINE('',#1603,#1018);
#918=LINE('',#1616,#1019);
#919=LINE('',#1623,#1020);
#920=LINE('',#1625,#1021);
#921=LINE('',#1627,#1022);
#922=LINE('',#1628,#1023);
#923=LINE('',#1630,#1024);
#924=LINE('',#1660,#1025);
#925=LINE('',#1663,#1026);
#926=LINE('',#1666,#1027);
#927=LINE('',#1668,#1028);
#928=LINE('',#1670,#1029);
#929=LINE('',#1672,#1030);
#930=LINE('',#1676,#1031);
#931=LINE('',#1680,#1032);
#932=LINE('',#1682,#1033);
#933=LINE('',#1684,#1034);
#934=LINE('',#1686,#1035);
#935=LINE('',#1688,#1036);
#936=LINE('',#1697,#1037);
#937=LINE('',#1706,#1038);
#938=LINE('',#1707,#1039);
#939=LINE('',#1716,#1040);
#940=LINE('',#1725,#1041);
#941=LINE('',#1727,#1042);
#942=LINE('',#1733,#1043);
#943=LINE('',#1735,#1044);
#944=LINE('',#1747,#1045);
#945=LINE('',#1754,#1046);
#946=LINE('',#1761,#1047);
#947=LINE('',#1768,#1048);
#948=LINE('',#1775,#1049);
#949=LINE('',#6334,#1050);
#950=LINE('',#6336,#1051);
#951=LINE('',#6338,#1052);
#952=LINE('',#6341,#1053);
#953=LINE('',#6344,#1054);
#954=LINE('',#6345,#1055);
#955=LINE('',#6347,#1056);
#956=LINE('',#6349,#1057);
#957=LINE('',#6351,#1058);
#958=LINE('',#6353,#1059);
#959=LINE('',#6355,#1060);
#960=LINE('',#6357,#1061);
#961=LINE('',#6362,#1062);
#962=LINE('',#6366,#1063);
#963=LINE('',#6370,#1064);
#964=LINE('',#6377,#1065);
#965=LINE('',#6378,#1066);
#966=LINE('',#6380,#1067);
#967=LINE('',#6382,#1068);
#968=LINE('',#6386,#1069);
#969=LINE('',#6388,#1070);
#970=LINE('',#6389,#1071);
#971=LINE('',#6394,#1072);
#972=LINE('',#6398,#1073);
#973=LINE('',#6400,#1074);
#974=LINE('',#6401,#1075);
#975=LINE('',#6403,#1076);
#976=LINE('',#6405,#1077);
#977=LINE('',#6407,#1078);
#978=LINE('',#6409,#1079);
#979=LINE('',#6411,#1080);
#980=LINE('',#6413,#1081);
#981=LINE('',#6415,#1082);
#982=LINE('',#6417,#1083);
#983=LINE('',#6419,#1084);
#984=LINE('',#6421,#1085);
#985=LINE('',#6423,#1086);
#986=LINE('',#6425,#1087);
#987=LINE('',#6428,#1088);
#988=LINE('',#6430,#1089);
#989=LINE('',#6432,#1090);
#990=LINE('',#6436,#1091);
#991=LINE('',#6438,#1092);
#992=LINE('',#6445,#1093);
#993=LINE('',#6451,#1094);
#994=LINE('',#6455,#1095);
#995=LINE('',#6456,#1096);
#996=LINE('',#6458,#1097);
#997=LINE('',#6460,#1098);
#998=VECTOR('',#1183,1.);
#999=VECTOR('',#1184,1.);
#1000=VECTOR('',#1185,1.);
#1001=VECTOR('',#1186,1.);
#1002=VECTOR('',#1189,1.);
#1003=VECTOR('',#1190,1.);
#1004=VECTOR('',#1193,1.);
#1005=VECTOR('',#1194,1.);
#1006=VECTOR('',#1195,1.);
#1007=VECTOR('',#1196,1.);
#1008=VECTOR('',#1197,1.);
#1009=VECTOR('',#1198,1.);
#1010=VECTOR('',#1199,1.);
#1011=VECTOR('',#1200,1.);
#1012=VECTOR('',#1201,1.);
#1013=VECTOR('',#1204,1.);
#1014=VECTOR('',#1205,1.);
#1015=VECTOR('',#1206,1.);
#1016=VECTOR('',#1209,1.);
#1017=VECTOR('',#1210,1.);
#1018=VECTOR('',#1213,1.);
#1019=VECTOR('',#1216,1.);
#1020=VECTOR('',#1219,1.);
#1021=VECTOR('',#1220,1.);
#1022=VECTOR('',#1221,1.);
#1023=VECTOR('',#1222,1.);
#1024=VECTOR('',#1225,1.);
#1025=VECTOR('',#1232,1.);
#1026=VECTOR('',#1237,1.);
#1027=VECTOR('',#1238,1.);
#1028=VECTOR('',#1239,1.);
#1029=VECTOR('',#1240,1.);
#1030=VECTOR('',#1241,1.);
#1031=VECTOR('',#1244,1.);
#1032=VECTOR('',#1247,1.);
#1033=VECTOR('',#1248,1.);
#1034=VECTOR('',#1249,1.);
#1035=VECTOR('',#1250,1.);
#1036=VECTOR('',#1253,1.);
#1037=VECTOR('',#1260,1.);
#1038=VECTOR('',#1263,1.);
#1039=VECTOR('',#1264,1.);
#1040=VECTOR('',#1273,1.);
#1041=VECTOR('',#1274,1.);
#1042=VECTOR('',#1277,1.);
#1043=VECTOR('',#1278,1.);
#1044=VECTOR('',#1281,1.);
#1045=VECTOR('',#1284,1.);
#1046=VECTOR('',#1287,1.);
#1047=VECTOR('',#1290,1.);
#1048=VECTOR('',#1293,1.);
#1049=VECTOR('',#1298,1.);
#1050=VECTOR('',#1301,1.);
#1051=VECTOR('',#1304,1.);
#1052=VECTOR('',#1307,1.);
#1053=VECTOR('',#1312,1.);
#1054=VECTOR('',#1313,1.);
#1055=VECTOR('',#1314,1.);
#1056=VECTOR('',#1317,1.);
#1057=VECTOR('',#1318,0.999999999999999);
#1058=VECTOR('',#1321,1.);
#1059=VECTOR('',#1322,1.);
#1060=VECTOR('',#1325,1.);
#1061=VECTOR('',#1328,1.);
#1062=VECTOR('',#1331,1.);
#1063=VECTOR('',#1334,1.);
#1064=VECTOR('',#1337,1.);
#1065=VECTOR('',#1344,1.);
#1066=VECTOR('',#1345,1.);
#1067=VECTOR('',#1348,1.);
#1068=VECTOR('',#1349,1.);
#1069=VECTOR('',#1354,1.);
#1070=VECTOR('',#1357,1.);
#1071=VECTOR('',#1358,1.);
#1072=VECTOR('',#1363,1.);
#1073=VECTOR('',#1366,1.);
#1074=VECTOR('',#1369,1.);
#1075=VECTOR('',#1370,1.);
#1076=VECTOR('',#1373,1.);
#1077=VECTOR('',#1376,1.);
#1078=VECTOR('',#1379,1.);
#1079=VECTOR('',#1382,1.);
#1080=VECTOR('',#1383,1.);
#1081=VECTOR('',#1384,1.);
#1082=VECTOR('',#1387,1.);
#1083=VECTOR('',#1388,1.);
#1084=VECTOR('',#1391,1.);
#1085=VECTOR('',#1392,1.);
#1086=VECTOR('',#1395,1.);
#1087=VECTOR('',#1398,1.);
#1088=VECTOR('',#1399,1.);
#1089=VECTOR('',#1400,1.);
#1090=VECTOR('',#1401,1.);
#1091=VECTOR('',#1408,1.);
#1092=VECTOR('',#1411,1.);
#1093=VECTOR('',#1422,1.);
#1094=VECTOR('',#1429,1.);
#1095=VECTOR('',#1434,1.);
#1096=VECTOR('',#1435,1.);
#1097=VECTOR('',#1438,1.);
#1098=VECTOR('',#1441,1.);
#1099=AXIS2_PLACEMENT_3D('',#1446,#1181,#1182);
#1100=AXIS2_PLACEMENT_3D('',#1455,#1187,#1188);
#1101=AXIS2_PLACEMENT_3D('',#1561,#1191,#1192);
#1102=AXIS2_PLACEMENT_3D('',#1589,#1202,#1203);
#1103=AXIS2_PLACEMENT_3D('',#1599,#1207,#1208);
#1104=AXIS2_PLACEMENT_3D('',#1602,#1211,#1212);
#1105=AXIS2_PLACEMENT_3D('',#1604,#1214,#1215);
#1106=AXIS2_PLACEMENT_3D('',#1617,#1217,#1218);
#1107=AXIS2_PLACEMENT_3D('',#1629,#1223,#1224);
#1108=AXIS2_PLACEMENT_3D('',#1631,#1226,#1227);
#1109=AXIS2_PLACEMENT_3D('',#1645,#1228,#1229);
#1110=AXIS2_PLACEMENT_3D('',#1659,#1230,#1231);
#1111=AXIS2_PLACEMENT_3D('',#1661,#1233,#1234);
#1112=AXIS2_PLACEMENT_3D('',#1662,#1235,#1236);
#1113=AXIS2_PLACEMENT_3D('',#1674,#1242,#1243);
#1114=AXIS2_PLACEMENT_3D('',#1678,#1245,#1246);
#1115=AXIS2_PLACEMENT_3D('',#1687,#1251,#1252);
#1116=AXIS2_PLACEMENT_3D('',#1691,#1254,#1255);
#1117=AXIS2_PLACEMENT_3D('',#1693,#1256,#1257);
#1118=AXIS2_PLACEMENT_3D('',#1695,#1258,#1259);
#1119=AXIS2_PLACEMENT_3D('',#1705,#1261,#1262);
#1120=AXIS2_PLACEMENT_3D('',#1708,#1265,#1266);
#1121=AXIS2_PLACEMENT_3D('',#1709,#1267,#1268);
#1122=AXIS2_PLACEMENT_3D('',#1712,#1269,#1270);
#1123=AXIS2_PLACEMENT_3D('',#1714,#1271,#1272);
#1124=AXIS2_PLACEMENT_3D('',#1726,#1275,#1276);
#1125=AXIS2_PLACEMENT_3D('',#1734,#1279,#1280);
#1126=AXIS2_PLACEMENT_3D('',#1741,#1282,#1283);
#1127=AXIS2_PLACEMENT_3D('',#1748,#1285,#1286);
#1128=AXIS2_PLACEMENT_3D('',#1755,#1288,#1289);
#1129=AXIS2_PLACEMENT_3D('',#1762,#1291,#1292);
#1130=AXIS2_PLACEMENT_3D('',#1769,#1294,#1295);
#1131=AXIS2_PLACEMENT_3D('',#1774,#1296,#1297);
#1132=AXIS2_PLACEMENT_3D('',#1780,#1299,#1300);
#1133=AXIS2_PLACEMENT_3D('',#6335,#1302,#1303);
#1134=AXIS2_PLACEMENT_3D('',#6337,#1305,#1306);
#1135=AXIS2_PLACEMENT_3D('',#6339,#1308,#1309);
#1136=AXIS2_PLACEMENT_3D('',#6340,#1310,#1311);
#1137=AXIS2_PLACEMENT_3D('',#6346,#1315,#1316);
#1138=AXIS2_PLACEMENT_3D('',#6350,#1319,#1320);
#1139=AXIS2_PLACEMENT_3D('',#6354,#1323,#1324);
#1140=AXIS2_PLACEMENT_3D('',#6356,#1326,#1327);
#1141=AXIS2_PLACEMENT_3D('',#6360,#1329,#1330);
#1142=AXIS2_PLACEMENT_3D('',#6364,#1332,#1333);
#1143=AXIS2_PLACEMENT_3D('',#6368,#1335,#1336);
#1144=AXIS2_PLACEMENT_3D('',#6372,#1338,#1339);
#1145=AXIS2_PLACEMENT_3D('',#6373,#1340,#1341);
#1146=AXIS2_PLACEMENT_3D('',#6374,#1342,#1343);
#1147=AXIS2_PLACEMENT_3D('',#6379,#1346,#1347);
#1148=AXIS2_PLACEMENT_3D('',#6383,#1350,#1351);
#1149=AXIS2_PLACEMENT_3D('',#6384,#1352,#1353);
#1150=AXIS2_PLACEMENT_3D('',#6387,#1355,#1356);
#1151=AXIS2_PLACEMENT_3D('',#6390,#1359,#1360);
#1152=AXIS2_PLACEMENT_3D('',#6391,#1361,#1362);
#1153=AXIS2_PLACEMENT_3D('',#6396,#1364,#1365);
#1154=AXIS2_PLACEMENT_3D('',#6399,#1367,#1368);
#1155=AXIS2_PLACEMENT_3D('',#6402,#1371,#1372);
#1156=AXIS2_PLACEMENT_3D('',#6404,#1374,#1375);
#1157=AXIS2_PLACEMENT_3D('',#6406,#1377,#1378);
#1158=AXIS2_PLACEMENT_3D('',#6408,#1380,#1381);
#1159=AXIS2_PLACEMENT_3D('',#6414,#1385,#1386);
#1160=AXIS2_PLACEMENT_3D('',#6418,#1389,#1390);
#1161=AXIS2_PLACEMENT_3D('',#6422,#1393,#1394);
#1162=AXIS2_PLACEMENT_3D('',#6424,#1396,#1397);
#1163=AXIS2_PLACEMENT_3D('',#6433,#1402,#1403);
#1164=AXIS2_PLACEMENT_3D('',#6434,#1404,#1405);
#1165=AXIS2_PLACEMENT_3D('',#6435,#1406,#1407);
#1166=AXIS2_PLACEMENT_3D('',#6437,#1409,#1410);
#1167=AXIS2_PLACEMENT_3D('',#6439,#1412,#1413);
#1168=AXIS2_PLACEMENT_3D('',#6440,#1414,#1415);
#1169=AXIS2_PLACEMENT_3D('',#6441,#1416,#1417);
#1170=AXIS2_PLACEMENT_3D('',#6442,#1418,#1419);
#1171=AXIS2_PLACEMENT_3D('',#6443,#1420,#1421);
#1172=AXIS2_PLACEMENT_3D('',#6447,#1423,#1424);
#1173=AXIS2_PLACEMENT_3D('',#6448,#1425,#1426);
#1174=AXIS2_PLACEMENT_3D('',#6449,#1427,#1428);
#1175=AXIS2_PLACEMENT_3D('',#6453,#1430,#1431);
#1176=AXIS2_PLACEMENT_3D('',#6454,#1432,#1433);
#1177=AXIS2_PLACEMENT_3D('',#6457,#1436,#1437);
#1178=AXIS2_PLACEMENT_3D('',#6459,#1439,#1440);
#1179=AXIS2_PLACEMENT_3D('',#6461,#1442,#1443);
#1180=AXIS2_PLACEMENT_3D('',#6462,#1444,#1445);
#1181=DIRECTION('',(0.,0.,1.));
#1182=DIRECTION('',(1.,0.,0.));
#1183=DIRECTION('',(0.,4.25177322543335E-16,1.));
#1184=DIRECTION('',(-1.,0.,0.));
#1185=DIRECTION('',(0.,-4.25177322543335E-16,-1.));
#1186=DIRECTION('',(1.,0.,0.));
#1187=DIRECTION('',(0.,-1.,-1.95439778726544E-16));
#1188=DIRECTION('',(0.,1.96023752785379E-16,-1.));
#1189=DIRECTION('',(0.,-1.,0.));
#1190=DIRECTION('',(0.,-1.,0.));
#1191=DIRECTION('',(1.,0.,0.));
#1192=DIRECTION('',(0.,0.,-1.));
#1193=DIRECTION('',(0.,4.52180322248997E-15,1.));
#1194=DIRECTION('',(0.,0.,1.));
#1195=DIRECTION('',(0.,1.,0.));
#1196=DIRECTION('',(0.,-1.,0.));
#1197=DIRECTION('',(0.,0.,1.));
#1198=DIRECTION('',(0.,-1.,0.));
#1199=DIRECTION('',(0.,0.,-1.));
#1200=DIRECTION('',(0.,0.,-1.));
#1201=DIRECTION('',(0.,-1.,0.));
#1202=DIRECTION('',(1.,0.,0.));
#1203=DIRECTION('',(0.,0.,-1.));
#1204=DIRECTION('',(1.,0.,0.));
#1205=DIRECTION('',(0.,1.,0.));
#1206=DIRECTION('',(-1.,0.,0.));
#1207=DIRECTION('',(0.,3.31066057208364E-17,-1.));
#1208=DIRECTION('',(0.,1.,3.31066057208364E-17));
#1209=DIRECTION('',(1.,0.,0.));
#1210=DIRECTION('',(1.,0.,0.));
#1211=DIRECTION('',(0.,1.,1.32664689199817E-16));
#1212=DIRECTION('',(0.,-1.31838984174237E-16,1.));
#1213=DIRECTION('',(1.,0.,0.));
#1214=DIRECTION('',(0.,0.,1.));
#1215=DIRECTION('',(1.,0.,0.));
#1216=DIRECTION('',(1.,0.,0.));
#1217=DIRECTION('',(0.,-1.,-2.37633352873536E-16));
#1218=DIRECTION('',(0.,2.37657116208823E-16,-1.));
#1219=DIRECTION('',(1.,0.,0.));
#1220=DIRECTION('',(0.,-1.06294330635834E-15,-1.));
#1221=DIRECTION('',(1.,0.,0.));
#1222=DIRECTION('',(-1.,0.,0.));
#1223=DIRECTION('',(0.,1.,3.33600668457079E-16));
#1224=DIRECTION('',(0.,-3.33934269125535E-16,1.));
#1225=DIRECTION('',(0.,-1.,1.13826999736011E-15));
#1226=DIRECTION('',(0.,0.,1.));
#1227=DIRECTION('',(1.,0.,0.));
#1228=DIRECTION('',(1.,0.,0.));
#1229=DIRECTION('',(0.,0.,-1.));
#1230=DIRECTION('',(1.,0.,0.));
#1231=DIRECTION('',(0.,0.,-1.));
#1232=DIRECTION('',(0.,1.,0.));
#1233=DIRECTION('',(0.,0.,-1.));
#1234=DIRECTION('',(-1.,0.,0.));
#1235=DIRECTION('',(-1.,0.,0.));
#1236=DIRECTION('',(0.,0.,1.));
#1237=DIRECTION('',(0.,1.,0.));
#1238=DIRECTION('',(0.,0.,1.));
#1239=DIRECTION('',(0.,1.,0.));
#1240=DIRECTION('',(0.,0.660872088257879,-0.750498556268878));
#1241=DIRECTION('',(0.,-1.,2.1651727439253E-14));
#1242=DIRECTION('',(1.,0.,0.));
#1243=DIRECTION('',(0.,0.,1.));
#1244=DIRECTION('',(0.,1.,-1.83109700242E-14));
#1245=DIRECTION('',(1.,0.,0.));
#1246=DIRECTION('',(0.,0.,1.));
#1247=DIRECTION('',(0.,-1.,-2.90844099930264E-15));
#1248=DIRECTION('',(0.,0.660872088257895,0.750498556268864));
#1249=DIRECTION('',(0.,1.,0.));
#1250=DIRECTION('',(0.,0.,1.));
#1251=DIRECTION('',(-1.,0.,0.));
#1252=DIRECTION('',(0.,0.,1.));
#1253=DIRECTION('',(1.,0.,0.));
#1254=DIRECTION('',(0.383303343049296,0.,0.923622513371796));
#1255=DIRECTION('',(0.923622513371796,0.,-0.383303343049296));
#1256=DIRECTION('',(-0.500000000000001,0.866025403784442,0.));
#1257=DIRECTION('',(0.86602540378444,0.5,0.));
#1258=DIRECTION('',(-0.383303343049296,0.,0.923622513371796));
#1259=DIRECTION('',(0.923622513371796,0.,0.383303343049296));
#1260=DIRECTION('',(1.,0.,0.));
#1261=DIRECTION('',(1.,0.,0.));
#1262=DIRECTION('',(0.,0.,-1.));
#1263=DIRECTION('',(-0.814987985552655,-0.470533532845133,-0.338220014004352));
#1264=DIRECTION('',(0.875117703544104,0.319802692015126,0.363173846970804));
#1265=DIRECTION('',(-0.383303343049296,0.,0.923622513371796));
#1266=DIRECTION('',(0.923622513371796,0.,0.383303343049296));
#1267=DIRECTION('',(-0.383303343049296,0.,0.923622513371796));
#1268=DIRECTION('',(0.923622513371796,0.,0.383303343049296));
#1269=DIRECTION('',(0.499999999999999,0.866025403784434,0.));
#1270=DIRECTION('',(0.866025403784437,-0.5,0.));
#1271=DIRECTION('',(0.383303343049296,0.,0.923622513371796));
#1272=DIRECTION('',(0.923622513371796,0.,-0.383303343049296));
#1273=DIRECTION('',(1.,0.,0.));
#1274=DIRECTION('',(1.,0.,0.));
#1275=DIRECTION('',(1.,0.,0.));
#1276=DIRECTION('',(0.,0.,-1.));
#1277=DIRECTION('',(-0.875117703544108,0.319802692015114,-0.363173846970805));
#1278=DIRECTION('',(1.,0.,0.));
#1279=DIRECTION('',(0.,-0.750498556268878,-0.660872088257879));
#1280=DIRECTION('',(0.,0.660872088257879,-0.750498556268878));
#1281=DIRECTION('',(1.,0.,0.));
#1282=DIRECTION('',(0.,0.750498556268864,-0.660872088257895));
#1283=DIRECTION('',(0.,0.660872088257895,0.750498556268864));
#1284=DIRECTION('',(1.,0.,0.));
#1285=DIRECTION('',(0.,2.1651727439253E-14,1.));
#1286=DIRECTION('',(0.,-1.,2.165173422497E-14));
#1287=DIRECTION('',(1.,0.,0.));
#1288=DIRECTION('',(1.,0.,0.));
#1289=DIRECTION('',(0.,0.,-1.));
#1290=DIRECTION('',(1.,0.,0.));
#1291=DIRECTION('',(0.,0.,-1.));
#1292=DIRECTION('',(-1.,0.,0.));
#1293=DIRECTION('',(1.,0.,0.));
#1294=DIRECTION('',(1.,0.,0.));
#1295=DIRECTION('',(0.,0.,-1.));
#1296=DIRECTION('',(0.,-2.90844099930264E-15,1.));
#1297=DIRECTION('',(0.,-1.,-2.90848074790961E-15));
#1298=DIRECTION('',(0.,1.,0.));
#1299=DIRECTION('',(0.,1.86322151123436E-14,1.));
#1300=DIRECTION('',(0.,-1.,1.86322311745979E-14));
#1301=DIRECTION('',(-0.814987985552652,0.470533532845138,-0.338220014004351));
#1302=DIRECTION('',(-0.383303343049296,0.,0.923622513371796));
#1303=DIRECTION('',(0.923622513371796,0.,0.383303343049296));
#1304=DIRECTION('',(0.814987985552655,0.470533532845133,-0.338220014004352));
#1305=DIRECTION('',(-0.5,0.86602540378444,0.));
#1306=DIRECTION('',(-0.86602540378444,-0.5,0.));
#1307=DIRECTION('',(-0.814987985552652,0.470533532845138,0.338220014004351));
#1308=DIRECTION('',(0.383303343049296,0.,0.923622513371796));
#1309=DIRECTION('',(0.923622513371796,0.,-0.383303343049296));
#1310=DIRECTION('',(0.5,0.866025403784437,0.));
#1311=DIRECTION('',(-0.866025403784437,0.5,0.));
#1312=DIRECTION('',(0.,4.52180322248997E-15,1.));
#1313=DIRECTION('',(0.980581733759062,-0.196110821180319,-9.60939796110822E-5));
#1314=DIRECTION('',(0.980581733759062,-0.196110821180319,-9.60939796110822E-5));
#1315=DIRECTION('',(0.196110822085767,0.980581738286434,-4.43399766409842E-15));
#1316=DIRECTION('',(-0.980581738286434,0.196110822085767,0.));
#1317=DIRECTION('',(0.,-1.,0.));
#1318=DIRECTION('',(0.980579608541579,0.196121447267834,-9.60937713463365E-5));
#1319=DIRECTION('',(9.79969092237641E-5,0.,0.999999995198303));
#1320=DIRECTION('',(0.999999995198303,0.,-9.79969092237641E-5));
#1321=DIRECTION('',(0.,0.,-1.));
#1322=DIRECTION('',(0.98057960854158,0.196121447267834,-9.60937713463363E-5));
#1323=DIRECTION('',(-0.196121448173328,0.980579613068922,0.));
#1324=DIRECTION('',(-0.980579613068922,-0.196121448173329,0.));
#1325=DIRECTION('',(3.85494105772624E-15,1.,2.94108662241077E-20));
#1326=DIRECTION('',(-9.7996909223764E-5,4.07183174979845E-19,-0.999999995198303));
#1327=DIRECTION('',(-0.999999995198303,0.,9.7996909223764E-5));
#1328=DIRECTION('',(0.,0.,1.));
#1329=DIRECTION('',(1.,0.,0.));
#1330=DIRECTION('',(0.,0.,1.));
#1331=DIRECTION('',(0.,-1.,0.));
#1332=DIRECTION('',(1.,0.,0.));
#1333=DIRECTION('',(0.,0.,1.));
#1334=DIRECTION('',(0.,0.,-1.));
#1335=DIRECTION('',(1.,0.,0.));
#1336=DIRECTION('',(0.,0.,1.));
#1337=DIRECTION('',(0.,-1.,0.));
#1338=DIRECTION('',(1.,0.,0.));
#1339=DIRECTION('',(0.,0.,1.));
#1340=DIRECTION('',(-1.,0.,0.));
#1341=DIRECTION('',(0.,0.,1.));
#1342=DIRECTION('',(1.,0.,0.));
#1343=DIRECTION('',(0.,1.,-1.14126544472158E-16));
#1344=DIRECTION('',(1.,0.,0.));
#1345=DIRECTION('',(1.,0.,0.));
#1346=DIRECTION('',(1.,0.,0.));
#1347=DIRECTION('',(0.,0.,-1.));
#1348=DIRECTION('',(0.,-1.,0.));
#1349=DIRECTION('',(1.,0.,0.));
#1350=DIRECTION('',(0.,0.,1.));
#1351=DIRECTION('',(1.,0.,0.));
#1352=DIRECTION('',(1.,0.,0.));
#1353=DIRECTION('',(0.,1.,-1.14126544472158E-16));
#1354=DIRECTION('',(1.,0.,0.));
#1355=DIRECTION('',(1.,0.,0.));
#1356=DIRECTION('',(0.,0.,-1.));
#1357=DIRECTION('',(0.,1.,0.));
#1358=DIRECTION('',(0.,1.,0.));
#1359=DIRECTION('',(0.,0.,-1.));
#1360=DIRECTION('',(-1.,0.,0.));
#1361=DIRECTION('',(1.,0.,0.));
#1362=DIRECTION('',(0.,0.,-1.));
#1363=DIRECTION('',(0.,1.,0.));
#1364=DIRECTION('',(1.,0.,0.));
#1365=DIRECTION('',(0.,0.,-1.));
#1366=DIRECTION('',(0.,-1.,0.));
#1367=DIRECTION('',(1.,0.,0.));
#1368=DIRECTION('',(0.,0.,-1.));
#1369=DIRECTION('',(1.,0.,0.));
#1370=DIRECTION('',(1.,0.,0.));
#1371=DIRECTION('',(1.,0.,0.));
#1372=DIRECTION('',(0.,0.,-1.));
#1373=DIRECTION('',(1.,0.,0.));
#1374=DIRECTION('',(0.,0.,1.));
#1375=DIRECTION('',(1.,0.,0.));
#1376=DIRECTION('',(1.,0.,0.));
#1377=DIRECTION('',(1.,0.,0.));
#1378=DIRECTION('',(0.,0.,-1.));
#1379=DIRECTION('',(0.,1.,0.));
#1380=DIRECTION('',(0.,0.,-1.));
#1381=DIRECTION('',(-1.,0.,0.));
#1382=DIRECTION('',(0.930099278579866,0.135635110537176,-0.34134798779952));
#1383=DIRECTION('',(0.,0.,1.));
#1384=DIRECTION('',(0.930099278579866,0.135635110537176,-0.34134798779952));
#1385=DIRECTION('',(0.144302343152158,-0.989533644582536,0.));
#1386=DIRECTION('',(-0.930099278579866,-0.135635110537176,0.34134798779952));
#1387=DIRECTION('',(0.930098176567646,-0.135643684999994,-0.341347583359196));
#1388=DIRECTION('',(0.,1.,0.));
#1389=DIRECTION('',(-0.3445318552349,0.,-0.938774627228707));
#1390=DIRECTION('',(-0.938774627228707,0.,0.3445318552349));
#1391=DIRECTION('',(0.930098176567646,-0.135643684999994,-0.341347583359196));
#1392=DIRECTION('',(0.,0.,-1.));
#1393=DIRECTION('',(0.144311442982145,0.989532317523996,0.));
#1394=DIRECTION('',(0.930098176567646,-0.135643684999994,-0.341347583359196));
#1395=DIRECTION('',(3.85494105775845E-15,1.,2.94108662243535E-20));
#1396=DIRECTION('',(0.3445318552349,0.,0.938774627228707));
#1397=DIRECTION('',(0.938774627228707,0.,-0.3445318552349));
#1398=DIRECTION('',(0.,-1.,-4.81867632219807E-16));
#1399=DIRECTION('',(1.,0.,0.));
#1400=DIRECTION('',(0.,-1.,-4.81867632219807E-16));
#1401=DIRECTION('',(1.,0.,0.));
#1402=DIRECTION('',(0.,-4.81867632219807E-16,1.));
#1403=DIRECTION('',(0.,-1.,-4.81819445452558E-16));
#1404=DIRECTION('',(1.,0.,0.));
#1405=DIRECTION('',(0.,1.,0.));
#1406=DIRECTION('',(1.,0.,0.));
#1407=DIRECTION('',(0.,1.,0.));
#1408=DIRECTION('',(1.,0.,0.));
#1409=DIRECTION('',(1.,0.,0.));
#1410=DIRECTION('',(0.,0.,-1.));
#1411=DIRECTION('',(1.,0.,0.));
#1412=DIRECTION('',(0.,2.94108662243535E-20,-1.));
#1413=DIRECTION('',(0.,1.,2.94079251374852E-20));
#1414=DIRECTION('',(1.,0.,0.));
#1415=DIRECTION('',(0.,1.,0.));
#1416=DIRECTION('',(1.,0.,0.));
#1417=DIRECTION('',(0.,1.,0.));
#1418=DIRECTION('',(1.,0.,0.));
#1419=DIRECTION('',(0.,0.,-1.));
#1420=DIRECTION('',(1.,0.,0.));
#1421=DIRECTION('',(0.,0.,-1.));
#1422=DIRECTION('',(0.,-1.,-4.81867632219807E-16));
#1423=DIRECTION('',(1.,0.,0.));
#1424=DIRECTION('',(0.,0.,-1.));
#1425=DIRECTION('',(1.,0.,0.));
#1426=DIRECTION('',(0.,0.,-1.));
#1427=DIRECTION('',(1.,0.,0.));
#1428=DIRECTION('',(0.,0.,-1.));
#1429=DIRECTION('',(0.,-1.,-4.81867632219807E-16));
#1430=DIRECTION('',(1.,0.,0.));
#1431=DIRECTION('',(0.,0.,-1.));
#1432=DIRECTION('',(1.,0.,0.));
#1433=DIRECTION('',(0.,0.,-1.));
#1434=DIRECTION('',(1.,0.,0.));
#1435=DIRECTION('',(1.,0.,0.));
#1436=DIRECTION('',(0.,-4.81867632219807E-16,1.));
#1437=DIRECTION('',(0.,-1.,-4.81819445452558E-16));
#1438=DIRECTION('',(1.,0.,0.));
#1439=DIRECTION('',(1.,0.,0.));
#1440=DIRECTION('',(0.,0.,-1.));
#1441=DIRECTION('',(1.,0.,0.));
#1442=DIRECTION('',(0.,2.94108662243535E-20,-1.));
#1443=DIRECTION('',(0.,1.,5.42101086242752E-20));
#1444=DIRECTION('',(1.,0.,0.));
#1445=DIRECTION('',(0.,0.,-1.));
#1446=CARTESIAN_POINT('',(0.,0.,0.));
#1447=CARTESIAN_POINT('',(16.25,-8.171,2.6));
#1448=CARTESIAN_POINT('',(16.25,-8.171,2.6));
#1449=CARTESIAN_POINT('',(16.25,-8.171,3.62));
#1450=CARTESIAN_POINT('',(8.45,-8.171,2.6));
#1451=CARTESIAN_POINT('',(17.25,-8.171,2.6));
#1452=CARTESIAN_POINT('',(17.25,-8.171,2.6));
#1453=CARTESIAN_POINT('',(17.25,-8.171,3.62));
#1454=CARTESIAN_POINT('',(16.25,-8.171,3.62));
#1455=CARTESIAN_POINT('',(8.45,-8.171,2.6));
#1456=CARTESIAN_POINT('',(8.45,-7.79,1.18830091830696));
#1457=CARTESIAN_POINT('',(8.45,-7.79,1.65886727887131));
#1458=CARTESIAN_POINT('',(8.45,-7.79,2.12943363943566));
#1459=CARTESIAN_POINT('',(8.45,-7.79,2.6));
#1460=CARTESIAN_POINT('',(8.45,-7.79,1.18830091830696));
#1461=CARTESIAN_POINT('',(8.45,-7.79,2.6));
#1462=CARTESIAN_POINT('',(8.45,-8.171,1.18830091830565));
#1463=CARTESIAN_POINT('',(8.45,-8.044,1.18830091830562));
#1464=CARTESIAN_POINT('',(8.45,-7.917,1.18830091830558));
#1465=CARTESIAN_POINT('',(8.45,-7.79,1.18830091830554));
#1466=CARTESIAN_POINT('',(8.45,-8.171,1.18830091830715));
#1467=CARTESIAN_POINT('',(8.45,-8.17100550071948,0.481000795383652));
#1468=CARTESIAN_POINT('',(8.45,-8.17098666533593,0.482819430042869));
#1469=CARTESIAN_POINT('',(8.45,-8.17100788303911,0.488894700853459));
#1470=CARTESIAN_POINT('',(8.45,-8.17099375545357,0.503470924182886));
#1471=CARTESIAN_POINT('',(8.45,-8.17100416303101,0.533248039511112));
#1472=CARTESIAN_POINT('',(8.45,-8.17099444929199,0.626825314306974));
#1473=CARTESIAN_POINT('',(8.45,-8.17100444056641,0.848014135194562));
#1474=CARTESIAN_POINT('',(8.45,-8.171,1.05218587243807));
#1475=CARTESIAN_POINT('',(8.45,-8.171,1.18830091830565));
#1476=CARTESIAN_POINT('',(8.45,-8.17103942324172,0.481001175200343));
#1477=CARTESIAN_POINT('',(8.45,-8.27101164998537,0.38102147338964));
#1478=CARTESIAN_POINT('',(8.45,-8.26999804686909,0.381032142569016));
#1479=CARTESIAN_POINT('',(8.45,-8.26685811241087,0.381085077544437));
#1480=CARTESIAN_POINT('',(8.45,-8.259476694086,0.38147413479745));
#1481=CARTESIAN_POINT('',(8.45,-8.24474250315382,0.383871067276177));
#1482=CARTESIAN_POINT('',(8.45,-8.22458998527206,0.391173573544696));
#1483=CARTESIAN_POINT('',(8.45,-8.20345055091261,0.405842689268014));
#1484=CARTESIAN_POINT('',(8.45,-8.18662245113648,0.425297610938618));
#1485=CARTESIAN_POINT('',(8.45,-8.17532344541449,0.448416932944425));
#1486=CARTESIAN_POINT('',(8.45,-8.17141941646101,0.467322069085331));
#1487=CARTESIAN_POINT('',(8.45,-8.17103963857704,0.47825712901907));
#1488=CARTESIAN_POINT('',(8.45,-8.1710086946122,0.480692407848261));
#1489=CARTESIAN_POINT('',(8.45,-8.17100550045215,0.481000821196057));
#1490=CARTESIAN_POINT('',(8.45,-8.27100450315506,0.381008750113937));
#1491=CARTESIAN_POINT('',(8.45,-9.80898818162171,0.381021471340046));
#1492=CARTESIAN_POINT('',(8.45,-9.80787475627038,0.381009752279481));
#1493=CARTESIAN_POINT('',(8.45,-9.79825046254206,0.38097536700662));
#1494=CARTESIAN_POINT('',(8.45,-9.78437804130984,0.381005280980899));
#1495=CARTESIAN_POINT('',(8.45,-9.76922532949592,0.381007013348086));
#1496=CARTESIAN_POINT('',(8.45,-9.76071836469799,0.381003995196312));
#1497=CARTESIAN_POINT('',(8.45,-9.75460393599058,0.381001298438189));
#1498=CARTESIAN_POINT('',(8.45,-9.74848948909679,0.380999030497903));
#1499=CARTESIAN_POINT('',(8.45,-9.73998240547275,0.38099651353331));
#1500=CARTESIAN_POINT('',(8.45,-9.72482909399795,0.380993651710697));
#1501=CARTESIAN_POINT('',(8.45,-9.69505395093736,0.380993103886229));
#1502=CARTESIAN_POINT('',(8.45,-9.60147413243675,0.381010185353605));
#1503=CARTESIAN_POINT('',(8.45,-9.38028794168178,0.380992292164176));
#1504=CARTESIAN_POINT('',(8.45,-9.04000000038897,0.381005138515319));
#1505=CARTESIAN_POINT('',(8.45,-8.69971205715128,0.380992292289399));
#1506=CARTESIAN_POINT('',(8.45,-8.4785258896317,0.381010185188063));
#1507=CARTESIAN_POINT('',(8.45,-8.38494604795966,0.380993103998241));
#1508=CARTESIAN_POINT('',(8.45,-8.35517090545219,0.380993651813805));
#1509=CARTESIAN_POINT('',(8.45,-8.33975175018027,0.380996563796514));
#1510=CARTESIAN_POINT('',(8.45,-8.33124467143808,0.380999117132707));
#1511=CARTESIAN_POINT('',(8.45,-8.32539607418662,0.381001315729281));
#1512=CARTESIAN_POINT('',(8.45,-8.31954749231229,0.381003865897499));
#1513=CARTESIAN_POINT('',(8.45,-8.31104052560385,0.381007043606181));
#1514=CARTESIAN_POINT('',(8.45,-8.29562198486592,0.381005280683757));
#1515=CARTESIAN_POINT('',(8.45,-8.28174950631288,0.380975366386663));
#1516=CARTESIAN_POINT('',(8.45,-8.27212513359137,0.381009752868922));
#1517=CARTESIAN_POINT('',(8.45,-8.27101164998537,0.38102147338964));
#1518=CARTESIAN_POINT('',(8.45,-9.80899525186428,0.381010198117389));
#1519=CARTESIAN_POINT('',(8.45,-9.90899681902609,0.481238413173856));
#1520=CARTESIAN_POINT('',(8.45,-9.90899326106378,0.480850790877703));
#1521=CARTESIAN_POINT('',(8.45,-9.90896310952156,0.478336258597498));
#1522=CARTESIAN_POINT('',(8.45,-9.90858058266336,0.467322057989081));
#1523=CARTESIAN_POINT('',(8.45,-9.9046765548935,0.448416946234304));
#1524=CARTESIAN_POINT('',(8.45,-9.89337754788977,0.425297604358419));
#1525=CARTESIAN_POINT('',(8.45,-9.87654943337109,0.40584267305753));
#1526=CARTESIAN_POINT('',(8.45,-9.85540999842503,0.391173566379523));
#1527=CARTESIAN_POINT('',(8.45,-9.83525748011404,0.383871061369025));
#1528=CARTESIAN_POINT('',(8.45,-9.82052327973972,0.381474132604353));
#1529=CARTESIAN_POINT('',(8.45,-9.81314182013339,0.381085073882795));
#1530=CARTESIAN_POINT('',(8.45,-9.81000183782678,0.381032140307162));
#1531=CARTESIAN_POINT('',(8.45,-9.80898818162171,0.381021471340046));
#1532=CARTESIAN_POINT('',(8.45,-9.90899316386633,0.481129739054775));
#1533=CARTESIAN_POINT('',(8.45,-9.909,1.18830091830576));
#1534=CARTESIAN_POINT('',(8.45,-9.909,1.05218587245909));
#1535=CARTESIAN_POINT('',(8.45,-9.90899555945713,0.848014168754976));
#1536=CARTESIAN_POINT('',(8.45,-9.90900555067858,0.626825332773032));
#1537=CARTESIAN_POINT('',(8.45,-9.90899583699107,0.533248064665154));
#1538=CARTESIAN_POINT('',(8.45,-9.9090062445135,0.503470939768357));
#1539=CARTESIAN_POINT('',(8.45,-9.90899219375669,0.4889739120981));
#1540=CARTESIAN_POINT('',(8.45,-9.90901278578419,0.482977912047734));
#1541=CARTESIAN_POINT('',(8.45,-9.90899681902609,0.481238413173854));
#1542=CARTESIAN_POINT('',(8.45,-9.909,1.18830091830715));
#1543=CARTESIAN_POINT('',(8.45,-10.29,1.18830091830565));
#1544=CARTESIAN_POINT('',(8.45,-10.163,1.18830091830569));
#1545=CARTESIAN_POINT('',(8.45,-10.036,1.18830091830573));
#1546=CARTESIAN_POINT('',(8.45,-9.909,1.18830091830576));
#1547=CARTESIAN_POINT('',(8.45,-10.29,1.18830091830565));
#1548=CARTESIAN_POINT('',(8.45,-10.29,3.65));
#1549=CARTESIAN_POINT('',(8.45,-10.29,2.82943363943522));
#1550=CARTESIAN_POINT('',(8.45,-10.29,2.00886727887044));
#1551=CARTESIAN_POINT('',(8.45,-10.29,1.18830091830565));
#1552=CARTESIAN_POINT('',(8.45,-10.29,3.65));
#1553=CARTESIAN_POINT('',(8.45,-9.909,3.65));
#1554=CARTESIAN_POINT('',(8.45,-9.909,3.65));
#1555=CARTESIAN_POINT('',(8.45,-9.909,2.6));
#1556=CARTESIAN_POINT('',(8.45,-9.909,2.95000000000001));
#1557=CARTESIAN_POINT('',(8.45,-9.909,3.30000000000001));
#1558=CARTESIAN_POINT('',(8.45,-9.909,3.65000000000001));
#1559=CARTESIAN_POINT('',(8.45,-9.909,2.6));
#1560=CARTESIAN_POINT('',(8.45,-9.909,2.6));
#1561=CARTESIAN_POINT('',(8.45,-9.909,3.65));
#1562=CARTESIAN_POINT('',(17.25,-8.19,3.65));
#1563=CARTESIAN_POINT('',(17.25,-8.1899991317998,8.42562144945969E-6));
#1564=CARTESIAN_POINT('',(17.25,-8.19,0.383635331000004));
#1565=CARTESIAN_POINT('',(17.25,-7.79,0.400000000000004));
#1566=CARTESIAN_POINT('',(17.25,-7.79,0.190560489760685));
#1567=CARTESIAN_POINT('',(17.25,-7.98056048976068,4.49943901581484E-15));
#1568=CARTESIAN_POINT('',(17.25,-8.19,4.49943901581484E-15));
#1569=CARTESIAN_POINT('',(17.25,-7.79017308900759,0.400001755562692));
#1570=CARTESIAN_POINT('',(17.25,-7.79,3.65));
#1571=CARTESIAN_POINT('',(17.25,-7.79,3.62));
#1572=CARTESIAN_POINT('',(17.25,-8.171,3.62));
#1573=CARTESIAN_POINT('',(17.25,-7.79,2.6));
#1574=CARTESIAN_POINT('',(17.25,-9.909,2.6));
#1575=CARTESIAN_POINT('',(17.25,-9.909,3.65));
#1576=CARTESIAN_POINT('',(17.25,-9.909,3.65));
#1577=CARTESIAN_POINT('',(17.25,-9.909,3.65));
#1578=CARTESIAN_POINT('',(17.25,-10.29,3.65));
#1579=CARTESIAN_POINT('',(17.25,-10.29,3.65));
#1580=CARTESIAN_POINT('',(17.25,-10.2898168311873,0.400011796451988));
#1581=CARTESIAN_POINT('',(17.25,-10.2898771516854,0.40001104251708));
#1582=CARTESIAN_POINT('',(17.25,-10.287060311762,0.17464253135228));
#1583=CARTESIAN_POINT('',(17.25,-10.0984776084835,0.00363558186435179));
#1584=CARTESIAN_POINT('',(17.25,-9.89001733884729,-0.000250123601954876));
#1585=CARTESIAN_POINT('',(17.25,-9.89001368736402,-6.21425028380565E-5));
#1586=CARTESIAN_POINT('',(17.25,-9.89,3.65));
#1587=CARTESIAN_POINT('',(17.25,-9.89,0.383635331000004));
#1588=CARTESIAN_POINT('',(17.25,-9.909,0.383635331000004));
#1589=CARTESIAN_POINT('',(17.25,-9.909,3.65));
#1590=CARTESIAN_POINT('',(8.45,-9.89,4.41275148363791E-15));
#1591=CARTESIAN_POINT('',(8.45,-9.32333333333333,4.43151189354639E-15));
#1592=CARTESIAN_POINT('',(8.45,-8.75666666666667,4.45027230345486E-15));
#1593=CARTESIAN_POINT('',(8.45,-8.19,4.46903271336334E-15));
#1594=CARTESIAN_POINT('',(8.45,-9.88999999395561,2.94777184389101E-7));
#1595=CARTESIAN_POINT('',(8.45,-8.19000000707888,3.77231492632054E-7));
#1596=CARTESIAN_POINT('',(8.45,-8.19,4.46903271336333E-15));
#1597=CARTESIAN_POINT('',(17.25,-9.04023905178377,4.33680868994202E-15));
#1598=CARTESIAN_POINT('',(8.45,-9.89,4.41275148363792E-15));
#1599=CARTESIAN_POINT('',(8.45,-9.04,4.44089209850062E-15));
#1600=CARTESIAN_POINT('',(8.45,-9.909,2.6));
#1601=CARTESIAN_POINT('',(8.45,-9.909,3.65));
#1602=CARTESIAN_POINT('',(8.45,-9.909,0.381000000000005));
#1603=CARTESIAN_POINT('',(8.45,-10.29,3.65));
#1604=CARTESIAN_POINT('',(8.45,-9.909,3.65));
#1605=CARTESIAN_POINT('',(8.45,-10.2900063908479,0.400000120524992));
#1606=CARTESIAN_POINT('',(8.45,-10.2900171846848,0.403050039175213));
#1607=CARTESIAN_POINT('',(8.45,-10.2899492011091,0.429712890727971));
#1608=CARTESIAN_POINT('',(8.45,-10.2900435536039,0.503591528281546));
#1609=CARTESIAN_POINT('',(8.45,-10.2899973603876,0.621646180118316));
#1610=CARTESIAN_POINT('',(8.45,-10.2899780384252,0.763310537902916));
#1611=CARTESIAN_POINT('',(8.45,-10.2899814435251,0.904974126671366));
#1612=CARTESIAN_POINT('',(8.45,-10.2899941928528,1.04663740182704));
#1613=CARTESIAN_POINT('',(8.45,-10.29,1.14107967979123));
#1614=CARTESIAN_POINT('',(8.45,-10.29,1.18830091830565));
#1615=CARTESIAN_POINT('',(8.45,-10.2899920939385,0.400000171122522));
#1616=CARTESIAN_POINT('',(8.45,-10.29,0.400000000000005));
#1617=CARTESIAN_POINT('',(8.45,-10.29,3.65));
#1618=CARTESIAN_POINT('',(8.45,-7.79,0.400000209058506));
#1619=CARTESIAN_POINT('',(8.45,-7.79,0.662767112141326));
#1620=CARTESIAN_POINT('',(8.45,-7.79,0.925534015224145));
#1621=CARTESIAN_POINT('',(8.45,-7.79,1.18830091830696));
#1622=CARTESIAN_POINT('',(8.45,-7.79000911288229,0.400000209058506));
#1623=CARTESIAN_POINT('',(8.45,-7.79,2.6));
#1624=CARTESIAN_POINT('',(16.25,-7.79,2.6));
#1625=CARTESIAN_POINT('',(16.25,-7.79,3.62));
#1626=CARTESIAN_POINT('',(16.25,-7.79,3.62));
#1627=CARTESIAN_POINT('',(16.25,-7.79,3.62));
#1628=CARTESIAN_POINT('',(8.45,-7.79,0.400000000000005));
#1629=CARTESIAN_POINT('',(8.45,-7.79,4.44089209850062E-15));
#1630=CARTESIAN_POINT('',(16.25,-7.79,2.6));
#1631=CARTESIAN_POINT('',(8.45,-7.79,2.6));
#1632=CARTESIAN_POINT('',(8.45,-9.88999999395407,4.33772657792345E-7));
#1633=CARTESIAN_POINT('',(8.45,-9.89588958798519,5.04956909991041E-5));
#1634=CARTESIAN_POINT('',(8.45,-9.90768995803064,0.000281075780065404));
#1635=CARTESIAN_POINT('',(8.45,-9.93126342671566,0.00181367386882139));
#1636=CARTESIAN_POINT('',(8.45,-9.97224471600711,0.00730825212832145));
#1637=CARTESIAN_POINT('',(8.45,-10.0523156563638,0.0290536068338473));
#1638=CARTESIAN_POINT('',(8.45,-10.1557062799905,0.0897842053821842));
#1639=CARTESIAN_POINT('',(8.45,-10.2467937247917,0.201188591468058));
#1640=CARTESIAN_POINT('',(8.45,-10.2818994908494,0.303243793099337));
#1641=CARTESIAN_POINT('',(8.45,-10.2890058804665,0.367846091939377));
#1642=CARTESIAN_POINT('',(8.45,-10.2899154451289,0.388392936124509));
#1643=CARTESIAN_POINT('',(8.45,-10.2899962946637,0.397147401078257));
#1644=CARTESIAN_POINT('',(8.45,-10.2900063906181,0.400000055600933));
#1645=CARTESIAN_POINT('',(8.45,-9.89,0.400000000000005));
#1646=CARTESIAN_POINT('',(8.45,-7.78999360924437,0.400000077130479));
#1647=CARTESIAN_POINT('',(8.45,-7.79000370511558,0.397147421316582));
#1648=CARTESIAN_POINT('',(8.45,-7.7900845543744,0.388392966689858));
#1649=CARTESIAN_POINT('',(8.45,-7.79099411923003,0.367846086359886));
#1650=CARTESIAN_POINT('',(8.45,-7.79810050748574,0.303243814307384));
#1651=CARTESIAN_POINT('',(8.45,-7.83320627432572,0.201188595784693));
#1652=CARTESIAN_POINT('',(8.45,-7.9242937245678,0.0897842280235431));
#1653=CARTESIAN_POINT('',(8.45,-8.02768423504421,0.0290536169717277));
#1654=CARTESIAN_POINT('',(8.45,-8.10775538870201,0.00730825441773433));
#1655=CARTESIAN_POINT('',(8.45,-8.14873637937759,0.00181367371236949));
#1656=CARTESIAN_POINT('',(8.45,-8.17231030761193,0.000281074995589734));
#1657=CARTESIAN_POINT('',(8.45,-8.1841105051069,5.04955302988905E-5));
#1658=CARTESIAN_POINT('',(8.45,-8.19000000759952,4.338545380812E-7));
#1659=CARTESIAN_POINT('',(8.45,-8.19,0.400000000000005));
#1660=CARTESIAN_POINT('',(16.25,-8.171,3.62));
#1661=CARTESIAN_POINT('',(16.25,-8.171,3.62));
#1662=CARTESIAN_POINT('',(16.25,-7.79,2.6));
#1663=CARTESIAN_POINT('',(-0.25,-9.84,0.457500000000027));
#1664=CARTESIAN_POINT('',(-0.25,-9.50132486540518,0.457500000000027));
#1665=CARTESIAN_POINT('',(-0.25,-8.57867513459481,0.457500000000027));
#1666=CARTESIAN_POINT('',(-0.25,-9.50132486540518,0.1625));
#1667=CARTESIAN_POINT('',(-0.25,-9.50132486540518,0.8675));
#1668=CARTESIAN_POINT('',(-0.25,-9.84,0.8675));
#1669=CARTESIAN_POINT('',(-0.25,-9.19478018373645,0.8675));
#1670=CARTESIAN_POINT('',(-0.25,-9.377500000008,1.075));
#1671=CARTESIAN_POINT('',(-0.25,-9.0420000000106,0.694));
#1672=CARTESIAN_POINT('',(-0.25,-9.0420000000106,0.694));
#1673=CARTESIAN_POINT('',(-0.25,-9.3775000000006,0.694));
#1674=CARTESIAN_POINT('',(-0.25,-9.3775,0.662499999999988));
#1675=CARTESIAN_POINT('',(-0.25,-9.3775,0.630999999999981));
#1676=CARTESIAN_POINT('',(-0.25,-9.3775,0.631));
#1677=CARTESIAN_POINT('',(-0.25,-8.7025,0.631));
#1678=CARTESIAN_POINT('',(-0.25,-8.7025,0.6625));
#1679=CARTESIAN_POINT('',(-0.25,-8.70249999999939,0.694));
#1680=CARTESIAN_POINT('',(-0.25,-8.70249999999939,0.694));
#1681=CARTESIAN_POINT('',(-0.25,-9.03799999998939,0.694));
#1682=CARTESIAN_POINT('',(-0.25,-9.03799999998939,0.694));
#1683=CARTESIAN_POINT('',(-0.25,-8.88521981626354,0.8675));
#1684=CARTESIAN_POINT('',(-0.25,-9.84,0.8675));
#1685=CARTESIAN_POINT('',(-0.25,-8.57867513459481,0.8675));
#1686=CARTESIAN_POINT('',(-0.25,-8.57867513459481,0.1625));
#1687=CARTESIAN_POINT('',(-0.25,-9.3775,0.662499999999988));
#1688=CARTESIAN_POINT('',(-0.25,-8.7025,0.249999999999989));
#1689=CARTESIAN_POINT('',(0.25000000000008,-8.7025,0.249999999999991));
#1690=CARTESIAN_POINT('',(6.85,-8.70250489328645,0.250042843126718));
#1691=CARTESIAN_POINT('',(-0.743975903614379,-8.7025,0.6625));
#1692=CARTESIAN_POINT('',(0.00513380872333298,-8.43137356144902,0.351619469379844));
#1693=CARTESIAN_POINT('',(-0.464470958122168,-8.7025,0.6625));
#1694=CARTESIAN_POINT('',(0.00513380872329086,-8.43137356144905,0.973380530620166));
#1695=CARTESIAN_POINT('',(-0.74397590361447,-8.7025,0.6625));
#1696=CARTESIAN_POINT('',(0.25,-8.70249999999199,1.075));
#1697=CARTESIAN_POINT('',(-0.25,-8.70249999999199,1.075));
#1698=CARTESIAN_POINT('',(6.85,-8.70249999999198,1.075));
#1699=CARTESIAN_POINT('',(6.85,-8.70249999999198,1.07500000000001));
#1700=CARTESIAN_POINT('',(6.85,-8.48651550505902,1.07499999999581));
#1701=CARTESIAN_POINT('',(6.85,-8.28999999999789,0.878484494928956));
#1702=CARTESIAN_POINT('',(6.85,-8.29000000000209,0.446515505063026));
#1703=CARTESIAN_POINT('',(6.85,-8.48651550506703,0.249999999999994));
#1704=CARTESIAN_POINT('',(6.85,-8.7025,0.249999999999994));
#1705=CARTESIAN_POINT('',(-0.25,-8.7025,0.6625));
#1706=CARTESIAN_POINT('',(-0.733691820140203,-8.85793473715758,0.666767894641816));
#1707=CARTESIAN_POINT('',(-0.347899571946338,-8.92099619986174,0.82687167764227));
#1708=CARTESIAN_POINT('',(-0.25,-9.84,0.8675));
#1709=CARTESIAN_POINT('',(-0.743975903614487,-9.3775,0.662499999999988));
#1710=CARTESIAN_POINT('',(0.00513380872329078,-9.64862643855095,0.973380530620166));
#1711=CARTESIAN_POINT('',(0.250000000000036,-9.37750000000802,1.075));
#1712=CARTESIAN_POINT('',(-0.464470958122151,-9.3775,0.662499999999988));
#1713=CARTESIAN_POINT('',(0.00513380872334618,-9.64862643855098,0.351619469379839));
#1714=CARTESIAN_POINT('',(-0.743975903614363,-9.3775,0.662499999999988));
#1715=CARTESIAN_POINT('',(0.25000000000005,-9.3775,0.249999999999994));
#1716=CARTESIAN_POINT('',(-0.25,-9.3775,0.249999999999982));
#1717=CARTESIAN_POINT('',(6.85,-9.37749584751554,0.250044734299687));
#1718=CARTESIAN_POINT('',(6.85,-9.3775,0.249999999999982));
#1719=CARTESIAN_POINT('',(6.85,-9.59348449493297,0.249999999999981));
#1720=CARTESIAN_POINT('',(6.85,-9.78999999999791,0.44651550506301));
#1721=CARTESIAN_POINT('',(6.85,-9.79000000000211,0.878484494928938));
#1722=CARTESIAN_POINT('',(6.85,-9.59348449494099,1.07499999999579));
#1723=CARTESIAN_POINT('',(6.85,-9.37750000000803,1.07499999999999));
#1724=CARTESIAN_POINT('',(6.85,-9.37750000000801,1.075));
#1725=CARTESIAN_POINT('',(-0.25,-9.37750000000803,1.075));
#1726=CARTESIAN_POINT('',(-0.25,-9.3775,0.662499999999988));
#1727=CARTESIAN_POINT('',(-0.132915497528152,-9.23756750129625,0.916090068525817));
#1728=CARTESIAN_POINT('',(6.85,-9.37750000000801,1.07500000000001));
#1729=CARTESIAN_POINT('',(6.85,-9.26566666667554,0.948000000000003));
#1730=CARTESIAN_POINT('',(6.85,-9.15383333334307,0.820999999999998));
#1731=CARTESIAN_POINT('',(6.85,-9.0420000000106,0.693999999999993));
#1732=CARTESIAN_POINT('',(6.85,-9.0420000000106,0.694));
#1733=CARTESIAN_POINT('',(-0.25,-9.0420000000106,0.694));
#1734=CARTESIAN_POINT('',(-0.25,-9.377500000008,1.075));
#1735=CARTESIAN_POINT('',(-0.25,-9.03799999998939,0.694));
#1736=CARTESIAN_POINT('',(6.85,-9.03799999998939,0.694));
#1737=CARTESIAN_POINT('',(6.85,-9.03799999998939,0.694));
#1738=CARTESIAN_POINT('',(6.85,-8.92616666665692,0.821));
#1739=CARTESIAN_POINT('',(6.85,-8.81433333332445,0.948));
#1740=CARTESIAN_POINT('',(6.85,-8.70249999999198,1.075));
#1741=CARTESIAN_POINT('',(-0.25,-9.03799999998939,0.694));
#1742=CARTESIAN_POINT('',(6.85,-9.0420000000106,0.694));
#1743=CARTESIAN_POINT('',(6.85,-9.1538333333406,0.694000000000002));
#1744=CARTESIAN_POINT('',(6.85,-9.2656666666706,0.694000000000005));
#1745=CARTESIAN_POINT('',(6.85,-9.3775000000006,0.694000000000007));
#1746=CARTESIAN_POINT('',(6.85,-9.37749996343598,0.6939721523722));
#1747=CARTESIAN_POINT('',(-0.25,-9.3775000000006,0.694));
#1748=CARTESIAN_POINT('',(-0.25,-9.0420000000106,0.694));
#1749=CARTESIAN_POINT('',(6.85,-9.37750000000059,0.693999999999995));
#1750=CARTESIAN_POINT('',(6.85,-9.4104867228631,0.693999999999372));
#1751=CARTESIAN_POINT('',(6.85,-9.4104867228625,0.630999999999981));
#1752=CARTESIAN_POINT('',(6.85,-9.3775,0.630999999999981));
#1753=CARTESIAN_POINT('',(6.85,-9.37750012098966,0.630994939403732));
#1754=CARTESIAN_POINT('',(-0.25,-9.3775,0.630999999999981));
#1755=CARTESIAN_POINT('',(-0.25,-9.3775,0.662499999999988));
#1756=CARTESIAN_POINT('',(6.85,-9.37750000000001,0.631));
#1757=CARTESIAN_POINT('',(6.85,-9.15250000000001,0.631));
#1758=CARTESIAN_POINT('',(6.85,-8.92750000000001,0.631));
#1759=CARTESIAN_POINT('',(6.85,-8.70250000000001,0.631));
#1760=CARTESIAN_POINT('',(6.85,-8.70249988556594,0.6309970024031));
#1761=CARTESIAN_POINT('',(-0.25,-8.7025,0.631));
#1762=CARTESIAN_POINT('',(-0.25,-9.04,0.631));
#1763=CARTESIAN_POINT('',(6.85,-8.7025,0.630999999999993));
#1764=CARTESIAN_POINT('',(6.85,-8.6695132771375,0.630999999999993));
#1765=CARTESIAN_POINT('',(6.85,-8.66951327713689,0.693999999999366));
#1766=CARTESIAN_POINT('',(6.85,-8.70249999999939,0.694000000000007));
#1767=CARTESIAN_POINT('',(6.85,-8.70250408610565,0.693983803955641));
#1768=CARTESIAN_POINT('',(-0.25,-8.70249999999939,0.694));
#1769=CARTESIAN_POINT('',(-0.25,-8.7025,0.6625));
#1770=CARTESIAN_POINT('',(6.85,-8.70249999999939,0.694));
#1771=CARTESIAN_POINT('',(6.85,-8.81433333332939,0.694));
#1772=CARTESIAN_POINT('',(6.85,-8.92616666665939,0.693999999999999));
#1773=CARTESIAN_POINT('',(6.85,-9.03799999998939,0.693999999999999));
#1774=CARTESIAN_POINT('',(-0.25,-8.70249999999939,0.694));
#1775=CARTESIAN_POINT('',(0.25,-9.84000000000606,0.250000000000027));
#1776=CARTESIAN_POINT('',(6.85,-8.70250000000001,0.249999999999994));
#1777=CARTESIAN_POINT('',(6.85,-8.9275,0.249999999999998));
#1778=CARTESIAN_POINT('',(6.85,-9.1525,0.250000000000002));
#1779=CARTESIAN_POINT('',(6.85,-9.3775,0.250000000000006));
#1780=CARTESIAN_POINT('',(-0.25,-9.04,0.25));
#1781=CARTESIAN_POINT('',(6.85,-9.37750000000801,1.075));
#1782=CARTESIAN_POINT('',(6.87015985109772,-9.37750000000801,1.07500000000004));
#1783=CARTESIAN_POINT('',(6.91042760916506,-9.38088498512102,1.07420087777175));
#1784=CARTESIAN_POINT('',(6.98957836918223,-9.39635219433432,1.07070094111926));
#1785=CARTESIAN_POINT('',(7.08569051363256,-9.42663613379193,1.06417130244929));
#1786=CARTESIAN_POINT('',(7.19732671684518,-9.47244443810785,1.05501586266765));
#1787=CARTESIAN_POINT('',(7.30614849737623,-9.52445630262448,1.04544715863872));
#1788=CARTESIAN_POINT('',(7.41278266115886,-9.58079354867885,1.0360401944816));
#1789=CARTESIAN_POINT('',(7.55255723773865,-9.66044641860394,1.02423274844443));
#1790=CARTESIAN_POINT('',(7.72366628805731,-9.76640357237292,1.01179394031781));
#1791=CARTESIAN_POINT('',(7.89123140143166,-9.87839544723951,1.00494786395625));
#1792=CARTESIAN_POINT('',(8.02348857952229,-9.97072783194178,1.00546111459646));
#1793=CARTESIAN_POINT('',(8.1217488818993,-10.0411616116997,1.01006253045134));
#1794=CARTESIAN_POINT('',(8.20271321198169,-10.1006369614738,1.01901858722907));
#1795=CARTESIAN_POINT('',(8.26656414157241,-10.1483776250534,1.03129912906689));
#1796=CARTESIAN_POINT('',(8.31374396782489,-10.1840736701645,1.04405287019728));
#1797=CARTESIAN_POINT('',(8.35967055705514,-10.2192432507874,1.0619402262611));
#1798=CARTESIAN_POINT('',(8.39587479811295,-10.2473256327882,1.08356586624681));
#1799=CARTESIAN_POINT('',(8.42136422235815,-10.2672979859502,1.10782879990773));
#1800=CARTESIAN_POINT('',(8.43729696739779,-10.2798748611095,1.13052638100497));
#1801=CARTESIAN_POINT('',(8.44780977004268,-10.2882402793955,1.15801689809358));
#1802=CARTESIAN_POINT('',(8.45,-10.29,1.17822099275677));
#1803=CARTESIAN_POINT('',(8.45,-10.29,1.18830091830565));
#1804=CARTESIAN_POINT('',(8.45,-7.79,1.18830091830554));
#1805=CARTESIAN_POINT('',(8.45,-7.79,1.17822099275667));
#1806=CARTESIAN_POINT('',(8.44780977004268,-7.79175972060451,1.15801689809348));
#1807=CARTESIAN_POINT('',(8.43729696739781,-7.80012513889052,1.13052638100488));
#1808=CARTESIAN_POINT('',(8.42136422235817,-7.81270201404979,1.10782879990764));
#1809=CARTESIAN_POINT('',(8.39587479811299,-7.83267436721173,1.08356586624673));
#1810=CARTESIAN_POINT('',(8.3596705570552,-7.86075674921259,1.06194022626102));
#1811=CARTESIAN_POINT('',(8.31374396782498,-7.89592632983547,1.04405287019721));
#1812=CARTESIAN_POINT('',(8.26656414157253,-7.93162237494655,1.03129912906682));
#1813=CARTESIAN_POINT('',(8.20271321198183,-7.97936303852611,1.019018587229));
#1814=CARTESIAN_POINT('',(8.12174888189948,-8.03883838830013,1.01006253045127));
#1815=CARTESIAN_POINT('',(8.02348857952253,-8.10927216805807,1.0054611145964));
#1816=CARTESIAN_POINT('',(7.89123140143251,-8.20160455275993,1.00494786395616));
#1817=CARTESIAN_POINT('',(7.72366628805464,-8.31359642762885,1.01179394031791));
#1818=CARTESIAN_POINT('',(7.55255723773692,-8.41955358139712,1.02423274844454));
#1819=CARTESIAN_POINT('',(7.41278266115716,-8.4992064513221,1.03604019448173));
#1820=CARTESIAN_POINT('',(7.30614849737455,-8.55554369737637,1.04544715863886));
#1821=CARTESIAN_POINT('',(7.19732671684352,-8.60755556189291,1.05501586266779));
#1822=CARTESIAN_POINT('',(7.08569051363024,-8.65336386620888,1.06417130244946));
#1823=CARTESIAN_POINT('',(6.98957836918255,-8.68364780566557,1.07070094111924));
#1824=CARTESIAN_POINT('',(6.91042760916502,-8.69911501487899,1.07420087777176));
#1825=CARTESIAN_POINT('',(6.87015985109771,-8.70249999999199,1.07500000000004));
#1826=CARTESIAN_POINT('',(6.85,-8.70249999999199,1.075));
#1827=CARTESIAN_POINT('',(8.45,-7.79,1.18830091830554));
#1828=CARTESIAN_POINT('',(8.45,-7.79,1.17822099275662));
#1829=CARTESIAN_POINT('',(8.44780977004266,-7.79175972060453,1.15801689809333));
#1830=CARTESIAN_POINT('',(8.43729696739768,-7.80012513889062,1.13052638100463));
#1831=CARTESIAN_POINT('',(8.42136422235792,-7.81270201404999,1.10782879990734));
#1832=CARTESIAN_POINT('',(8.39587479811256,-7.83267436721206,1.0835658662464));
#1833=CARTESIAN_POINT('',(8.35967055705455,-7.86075674921309,1.0619402262607));
#1834=CARTESIAN_POINT('',(8.31374396782408,-7.89592632983616,1.04405287019692));
#1835=CARTESIAN_POINT('',(8.26656414157138,-7.93162237494741,1.03129912906655));
#1836=CARTESIAN_POINT('',(8.20271321198035,-7.97936303852721,1.01901858722878));
#1837=CARTESIAN_POINT('',(8.12174888189762,-8.03883838830148,1.01006253045113));
#1838=CARTESIAN_POINT('',(8.03986529658297,-8.09753320476677,1.0062280172388));
#1839=CARTESIAN_POINT('',(7.98213878259206,-8.13810136137852,1.00538856706036));
#1840=CARTESIAN_POINT('',(7.95317544542103,-8.15824577143871,1.00536322272251));
#1841=CARTESIAN_POINT('',(7.93659664711487,-8.16971551275761,1.00545187809897));
#1842=CARTESIAN_POINT('',(7.91170026693948,-8.18687805212635,1.00568322783916));
#1843=CARTESIAN_POINT('',(7.88673377299017,-8.20393360380733,1.00614856631878));
#1844=CARTESIAN_POINT('',(7.8616939284549,-8.22087355502856,1.00682216626567));
#1845=CARTESIAN_POINT('',(7.84498092282099,-8.23213545486864,1.00732505413673));
#1846=CARTESIAN_POINT('',(7.79893769143653,-8.26297378189854,1.00892293339642));
#1847=CARTESIAN_POINT('',(7.72313469751013,-8.31269121946606,1.01263285008283));
#1848=CARTESIAN_POINT('',(7.62100085785812,-8.37717071989333,1.01925722519433));
#1849=CARTESIAN_POINT('',(7.517613593586,-8.43946679888182,1.02718460995433));
#1850=CARTESIAN_POINT('',(7.44335834978226,-8.48178238602707,1.03345731566123));
#1851=CARTESIAN_POINT('',(7.39925616225589,-8.50587646888002,1.03727637214829));
#1852=CARTESIAN_POINT('',(7.38157671892189,-8.51544081497367,1.03881446713186));
#1853=CARTESIAN_POINT('',(7.36383792159724,-8.52489162512436,1.04036674866825));
#1854=CARTESIAN_POINT('',(7.34826191156175,-8.5330554306557,1.04173474469327));
#1855=CARTESIAN_POINT('',(7.33934536977184,-8.53768937437341,1.04251886182305));
#1856=CARTESIAN_POINT('',(7.33041805977196,-8.54230229230048,1.04330445552729));
#1857=CARTESIAN_POINT('',(7.31923849726816,-8.54802845301256,1.04428897841747));
#1858=CARTESIAN_POINT('',(7.27440881138956,-8.57071382452541,1.04823803064702));
#1859=CARTESIAN_POINT('',(7.19732671684571,-8.60755556189194,1.05501586266761));
#1860=CARTESIAN_POINT('',(7.08569051363207,-8.65336386620824,1.06417130244933));
#1861=CARTESIAN_POINT('',(6.98957836918372,-8.68364780566524,1.07070094111917));
#1862=CARTESIAN_POINT('',(6.91042760916636,-8.69911501487884,1.07420087777172));
#1863=CARTESIAN_POINT('',(6.87015985109781,-8.70249999999199,1.07500000000004));
#1864=CARTESIAN_POINT('',(6.85,-8.70249999999199,1.075));
#1865=CARTESIAN_POINT('',(8.45,-7.79,1.1410796797843));
#1866=CARTESIAN_POINT('',(8.44964002568543,-7.78992177661009,1.13158685373875));
#1867=CARTESIAN_POINT('',(8.44682110668036,-7.79148838958886,1.11255879776977));
#1868=CARTESIAN_POINT('',(8.4356664144933,-7.79944485815759,1.08671501307759));
#1869=CARTESIAN_POINT('',(8.41931761076156,-7.81152504491474,1.06546445421256));
#1870=CARTESIAN_POINT('',(8.39345034826909,-7.8307684138263,1.04288086096234));
#1871=CARTESIAN_POINT('',(8.35695474485264,-7.85787462925274,1.02299177632914));
#1872=CARTESIAN_POINT('',(8.31078191563041,-7.89184216994003,1.00685234828075));
#1873=CARTESIAN_POINT('',(8.26340806627123,-7.92632520710532,0.995632699172989));
#1874=CARTESIAN_POINT('',(8.19933779451519,-7.97244548640792,0.985200772086095));
#1875=CARTESIAN_POINT('',(8.11814723967428,-8.02989953249611,0.978288919594586));
#1876=CARTESIAN_POINT('',(8.03607575883375,-8.08658930638593,0.976284673239606));
#1877=CARTESIAN_POINT('',(7.97823462982039,-8.12576472933888,0.97665098707508));
#1878=CARTESIAN_POINT('',(7.94921828784209,-8.1452156823248,0.977209902937575));
#1879=CARTESIAN_POINT('',(7.9326101460194,-8.15629002391972,0.977632105485215));
#1880=CARTESIAN_POINT('',(7.9076738139532,-8.17286034021522,0.978440405238839));
#1881=CARTESIAN_POINT('',(7.88269018527236,-8.18932589773311,0.979646306094237));
#1882=CARTESIAN_POINT('',(7.85769848017334,-8.20567826313416,0.981214333582749));
#1883=CARTESIAN_POINT('',(7.84104182193096,-8.21654909328108,0.982360560022212));
#1884=CARTESIAN_POINT('',(7.79516627313283,-8.24631472652001,0.985735099244969));
#1885=CARTESIAN_POINT('',(7.71965194929995,-8.294292373629,0.992298077291421));
#1886=CARTESIAN_POINT('',(7.61794941074035,-8.35648987045177,1.00266013233236));
#1887=CARTESIAN_POINT('',(7.51504550148959,-8.4165494337824,1.01427076143866));
#1888=CARTESIAN_POINT('',(7.44117716867179,-8.4573185473812,1.02312910785364));
#1889=CARTESIAN_POINT('',(7.39731703018636,-8.48051955322516,1.02845702392624));
#1890=CARTESIAN_POINT('',(7.3797400498651,-8.4897281953287,1.03060781333333));
#1891=CARTESIAN_POINT('',(7.36204477420995,-8.49882566682143,1.03263962974078));
#1892=CARTESIAN_POINT('',(7.34648968809084,-8.50668250213852,1.03430550150095));
#1893=CARTESIAN_POINT('',(7.33758472057416,-8.5111416819722,1.0352266041372));
#1894=CARTESIAN_POINT('',(7.32866930174086,-8.51558027405254,1.03614363872762));
#1895=CARTESIAN_POINT('',(7.31750562177618,-8.5210893605124,1.03729720091825));
#1896=CARTESIAN_POINT('',(7.27274396785989,-8.54291100316917,1.04191664970207));
#1897=CARTESIAN_POINT('',(7.19581384572351,-8.57832030552632,1.04983204038349));
#1898=CARTESIAN_POINT('',(7.08450945919152,-8.62223558949042,1.06061138374031));
#1899=CARTESIAN_POINT('',(6.98880224423867,-8.65110637964296,1.06854035615132));
#1900=CARTESIAN_POINT('',(6.9100696380114,-8.66562556821199,1.07323150870986));
#1901=CARTESIAN_POINT('',(6.87003980593122,-8.6686271392423,1.07466579478836));
#1902=CARTESIAN_POINT('',(6.85,-8.66847069246248,1.07499999999934));
#1903=CARTESIAN_POINT('',(8.45,-7.79000580715932,1.0466373913292));
#1904=CARTESIAN_POINT('',(8.44894257545093,-7.78977111805287,1.03825335245415));
#1905=CARTESIAN_POINT('',(8.44490557141589,-7.79095147790673,1.02144643522078));
#1906=CARTESIAN_POINT('',(8.43250721824107,-7.79808999023061,0.998707040194945));
#1907=CARTESIAN_POINT('',(8.4153523007936,-7.80917674337319,0.980173932553001));
#1908=CARTESIAN_POINT('',(8.38875297669737,-7.82696206803686,0.960729188879334));
#1909=CARTESIAN_POINT('',(8.35169285871144,-7.8521158556306,0.944061089655092));
#1910=CARTESIAN_POINT('',(8.30504293950516,-7.88367920282606,0.931135963432701));
#1911=CARTESIAN_POINT('',(8.2572931703772,-7.9157361104792,0.922716308914912));
#1912=CARTESIAN_POINT('',(8.19279792317645,-7.95861546973371,0.915636327969417));
#1913=CARTESIAN_POINT('',(8.11116905786655,-8.01202671908265,0.912397940109287));
#1914=CARTESIAN_POINT('',(8.02873352944464,-8.06470621845441,0.913652654617378));
#1915=CARTESIAN_POINT('',(7.97067033382529,-8.10109604153282,0.916154109408695));
#1916=CARTESIAN_POINT('',(7.94155129503289,-8.1191600140917,0.917744515998786));
#1917=CARTESIAN_POINT('',(7.92488630014693,-8.12944351836527,0.918755529955981));
#1918=CARTESIAN_POINT('',(7.89987256129228,-8.14482933170415,0.920595516008727));
#1919=CARTESIAN_POINT('',(7.8748557340691,-8.16011484408573,0.923150102115275));
#1920=CARTESIAN_POINT('',(7.8499572991278,-8.1752919810363,0.926364928613772));
#1921=CARTESIAN_POINT('',(7.83340981395654,-8.18538063392349,0.928700187294925));
#1922=CARTESIAN_POINT('',(7.78785915016942,-8.21300077542858,0.935359055550954));
#1923=CARTESIAN_POINT('',(7.71290412464273,-8.25749867119013,0.947191376926747));
#1924=CARTESIAN_POINT('',(7.61203723194968,-8.31513193356337,0.964450569423343));
#1925=CARTESIAN_POINT('',(7.5100698230528,-8.37071823833775,0.982852867042955));
#1926=CARTESIAN_POINT('',(7.43695113027025,-8.40839424388165,0.996476788332744));
#1927=CARTESIAN_POINT('',(7.39355996180166,-8.42980900102407,1.00458452926582));
#1928=CARTESIAN_POINT('',(7.37618150356756,-8.43830619727398,1.00786497788387));
#1929=CARTESIAN_POINT('',(7.35857055114707,-8.44669695357736,1.01076845686941));
#1930=CARTESIAN_POINT('',(7.34305600511595,-8.45393981532672,1.01296120616115));
#1931=CARTESIAN_POINT('',(7.33417346275367,-8.45804944845563,1.01411900009888));
#1932=CARTESIAN_POINT('',(7.32528108305562,-8.46213936990582,1.01526198328897));
#1933=CARTESIAN_POINT('',(7.31414817551047,-8.46721428419034,1.0167071614776));
#1934=CARTESIAN_POINT('',(7.26951833352113,-8.48730837445141,1.02248191299878));
#1935=CARTESIAN_POINT('',(7.19288265792425,-8.51985264582777,1.0323572195885));
#1936=CARTESIAN_POINT('',(7.08222116621297,-8.55998166184697,1.04593825871443));
#1937=CARTESIAN_POINT('',(6.98729850215764,-8.58602596402349,1.05629125907591));
#1938=CARTESIAN_POINT('',(6.90937606889867,-8.59864895980969,1.06306064751387));
#1939=CARTESIAN_POINT('',(6.86980721842096,-8.60088362692749,1.06561069108289));
#1940=CARTESIAN_POINT('',(6.85,-8.6004142487146,1.06653498265561));
#1941=CARTESIAN_POINT('',(8.45,-7.79001855651364,0.904974089800491));
#1942=CARTESIAN_POINT('',(8.44796389528318,-7.78958154167115,0.898061033560813));
#1943=CARTESIAN_POINT('',(8.44221764289963,-7.79024726751513,0.884201083248671));
#1944=CARTESIAN_POINT('',(8.42807415253229,-7.79625596398798,0.865563159507531));
#1945=CARTESIAN_POINT('',(8.40978807551598,-7.80594968522496,0.850588561141186));
#1946=CARTESIAN_POINT('',(8.38216150368544,-7.8216774348718,0.83520874765136));
#1947=CARTESIAN_POINT('',(8.34430924428751,-7.84406444491025,0.822635937594483));
#1948=CARTESIAN_POINT('',(8.2969898601036,-7.87221573890048,0.81371182582724));
#1949=CARTESIAN_POINT('',(8.24871259065493,-7.90082768931789,0.808711819159198));
#1950=CARTESIAN_POINT('',(8.18362100694305,-7.93910465121028,0.805656206452049));
#1951=CARTESIAN_POINT('',(8.10137709307184,-7.98677543383785,0.806723557600385));
#1952=CARTESIAN_POINT('',(8.01843072368896,-8.03376324982006,0.811702368732381));
#1953=CARTESIAN_POINT('',(7.96005591847733,-8.0662012829579,0.816605635460387));
#1954=CARTESIAN_POINT('',(7.93079277286513,-8.08229808981186,0.819346319982073));
#1955=CARTESIAN_POINT('',(7.91404800029362,-8.0914600837809,0.821013777032017));
#1956=CARTESIAN_POINT('',(7.88892564223583,-8.10516626120109,0.824046763515441));
#1957=CARTESIAN_POINT('',(7.8638622299613,-8.11877882439447,0.828239171162771));
#1958=CARTESIAN_POINT('',(7.83909467411229,-8.13229023718557,0.833510140121705));
#1959=CARTESIAN_POINT('',(7.82270038341178,-8.14127036986066,0.837344087256826));
#1960=CARTESIAN_POINT('',(7.77760560665625,-8.16585032437812,0.848144682020465));
#1961=CARTESIAN_POINT('',(7.70343540294631,-8.20541994866728,0.866607016713806));
#1962=CARTESIAN_POINT('',(7.60374111009825,-8.25659533343124,0.892525696845174));
#1963=CARTESIAN_POINT('',(7.5030878226657,-8.30586022443628,0.919439485357884));
#1964=CARTESIAN_POINT('',(7.43102104412617,-8.33917173702719,0.939028967137422));
#1965=CARTESIAN_POINT('',(7.38828794648764,-8.35806898531107,0.950612949371432));
#1966=CARTESIAN_POINT('',(7.3711880595694,-8.36556375845803,0.955308772674531));
#1967=CARTESIAN_POINT('',(7.35369543168787,-8.37295918765491,0.959265598811896));
#1968=CARTESIAN_POINT('',(7.33823777255442,-8.37933774152047,0.962049108014519));
#1969=CARTESIAN_POINT('',(7.32938669774749,-8.38295542743097,0.963454137158508));
#1970=CARTESIAN_POINT('',(7.32052664715858,-8.38655471577467,0.964829281118467));
#1971=CARTESIAN_POINT('',(7.30943692026665,-8.39101883784463,0.966577542230887));
#1972=CARTESIAN_POINT('',(7.26499204017483,-8.40868346370591,0.973548963686723));
#1973=CARTESIAN_POINT('',(7.18876953956077,-8.43720535774046,0.985452857700256));
#1974=CARTESIAN_POINT('',(7.07901017445275,-8.47204344590732,1.00194655499759));
#1975=CARTESIAN_POINT('',(6.98518841246329,-8.49417174450732,1.01485205257335));
#1976=CARTESIAN_POINT('',(6.90840283482114,-8.50420943382929,1.02385850614012));
#1977=CARTESIAN_POINT('',(6.86948084562431,-8.50542323643333,1.02763462486902));
#1978=CARTESIAN_POINT('',(6.85,-8.50454920674835,1.02921714858031));
#1979=CARTESIAN_POINT('',(8.45,-7.79002196162069,0.763310484817499));
#1980=CARTESIAN_POINT('',(8.4470527102994,-7.78944549690242,0.757688054506522));
#1981=CARTESIAN_POINT('',(8.4397150887638,-7.78972234045704,0.746414012760866));
#1982=CARTESIAN_POINT('',(8.42394681549307,-7.79478984865967,0.731357971330719));
#1983=CARTESIAN_POINT('',(8.40460758991268,-7.80327916557183,0.719459738922074));
#1984=CARTESIAN_POINT('',(8.37602461501916,-7.81720084364291,0.707548877089943));
#1985=CARTESIAN_POINT('',(8.33743484465142,-7.83713545542737,0.698394374322919));
#1986=CARTESIAN_POINT('',(8.28949216548836,-7.86225195137395,0.692721887209236));
#1987=CARTESIAN_POINT('',(8.24072377505144,-7.8877961997172,0.690432232838002));
#1988=CARTESIAN_POINT('',(8.17507698148437,-7.92197377112958,0.690492168705139));
#1989=CARTESIAN_POINT('',(8.092260436194,-7.96453284563842,0.694779215060452));
#1990=CARTESIAN_POINT('',(8.00883845626126,-8.00645773683371,0.702436192282762));
#1991=CARTESIAN_POINT('',(7.95017353177406,-8.03538411105283,0.709023261346362));
#1992=CARTESIAN_POINT('',(7.92077621774343,-8.04973381771278,0.712558710587839));
#1993=CARTESIAN_POINT('',(7.90395716939571,-8.05790005309783,0.714679519536367));
#1994=CARTESIAN_POINT('',(7.87873368311431,-8.07011522218011,0.718586501673598));
#1995=CARTESIAN_POINT('',(7.85362689855059,-8.08224346376609,0.724067048766903));
#1996=CARTESIAN_POINT('',(7.82898119564958,-8.0942777799785,0.731015628372867));
#1997=CARTESIAN_POINT('',(7.8127295342839,-8.10227514416202,0.736087086880812));
#1998=CARTESIAN_POINT('',(7.76805920407503,-8.1241607289233,0.750309768885177));
#1999=CARTESIAN_POINT('',(7.6946196965393,-8.15936796448242,0.774234687943006));
#2000=CARTESIAN_POINT('',(7.5960171345814,-8.20483998196027,0.80726873412497));
#2001=CARTESIAN_POINT('',(7.49658733954667,-8.24853796951912,0.841160098618444));
#2002=CARTESIAN_POINT('',(7.4254999294403,-8.27801943396929,0.865632991081805));
#2003=CARTESIAN_POINT('',(7.38337951843666,-8.29471355269594,0.880058925695548));
#2004=CARTESIAN_POINT('',(7.3665389910194,-8.30133165446048,0.885914692379713));
#2005=CARTESIAN_POINT('',(7.34915652736379,-8.30785750827136,0.890694401781005));
#2006=CARTESIAN_POINT('',(7.33375183189368,-8.3134817870086,0.893889836982056));
#2007=CARTESIAN_POINT('',(7.32493005446588,-8.31667040156096,0.895446141000061));
#2008=CARTESIAN_POINT('',(7.31610010339238,-8.31984193265843,0.896958525013937));
#2009=CARTESIAN_POINT('',(7.30505057917758,-8.32377385733915,0.898890329744086));
#2010=CARTESIAN_POINT('',(7.26077790499034,-8.33932339810196,0.906581344031732));
#2011=CARTESIAN_POINT('',(7.18494008453271,-8.36435735960693,0.919703191047017));
#2012=CARTESIAN_POINT('',(7.07602063040013,-8.3946590302446,0.937961757998016));
#2013=CARTESIAN_POINT('',(6.98322384619614,-8.41350008387072,0.952454622213759));
#2014=CARTESIAN_POINT('',(6.90749672033516,-8.42145547361057,0.96291258352869));
#2015=CARTESIAN_POINT('',(6.8691769812964,-8.4218999151419,0.967514581996429));
#2016=CARTESIAN_POINT('',(6.85,-8.42074698570535,0.969552123269645));
#2017=CARTESIAN_POINT('',(8.45,-7.79000263961787,0.621646141772));
#2018=CARTESIAN_POINT('',(8.4462090204996,-7.78937626487782,0.617152923774979));
#2019=CARTESIAN_POINT('',(8.43739790900841,-7.7894433058511,0.608141618424908));
#2020=CARTESIAN_POINT('',(8.42012520712343,-7.7938382453455,0.596204699607826));
#2021=CARTESIAN_POINT('',(8.3998108439837,-7.80139177749487,0.586957519114754));
#2022=CARTESIAN_POINT('',(8.37034231069853,-7.8138655434062,0.577995402781869));
#2023=CARTESIAN_POINT('',(8.3310696598032,-7.83179545620669,0.571676940886805));
#2024=CARTESIAN_POINT('',(8.28254985565944,-7.85441439323366,0.568620347176636));
#2025=CARTESIAN_POINT('',(8.23332672356673,-7.87742817862677,0.568445408100812));
#2026=CARTESIAN_POINT('',(8.16716584680041,-7.90822267839117,0.570863617613568));
#2027=CARTESIAN_POINT('',(8.08381908723304,-7.94656544332133,0.577473746293605));
#2028=CARTESIAN_POINT('',(7.99995672716153,-7.98432280826972,0.58695238999188));
#2029=CARTESIAN_POINT('',(7.94102317371547,-8.01036430254816,0.594637853433445));
#2030=CARTESIAN_POINT('',(7.91150162966779,-8.02328029850312,0.598678855004638));
#2031=CARTESIAN_POINT('',(7.89461380745321,-8.03062985501218,0.601087810841434));
#2032=CARTESIAN_POINT('',(7.86929668392772,-8.04162263531858,0.605606613131375));
#2033=CARTESIAN_POINT('',(7.84414973983697,-8.05253517485915,0.612082446851616));
#2034=CARTESIAN_POINT('',(7.81961686373967,-8.0633610140549,0.620386934566979));
#2035=CARTESIAN_POINT('',(7.80349726657291,-8.07055468945485,0.62647261355045));
#2036=CARTESIAN_POINT('',(7.75921994242575,-8.09023837365697,0.643501930534236));
#2037=CARTESIAN_POINT('',(7.68645700542169,-8.12188907917211,0.671892492830808));
#2038=CARTESIAN_POINT('',(7.58886530539914,-8.16273220761189,0.710725100582279));
#2039=CARTESIAN_POINT('',(7.49056837369572,-8.2019377699726,0.750287443247266));
#2040=CARTESIAN_POINT('',(7.42038778621264,-8.22835027504107,0.778722612869877));
#2041=CARTESIAN_POINT('',(7.37883467764872,-8.24328896348051,0.795450926401764));
#2042=CARTESIAN_POINT('',(7.36223429791754,-8.24920947357063,0.802249091346868));
#2043=CARTESIAN_POINT('',(7.34495383817483,-8.25504483170354,0.807659106308041));
#2044=CARTESIAN_POINT('',(7.32959818313374,-8.26007153005695,0.811120784005925));
#2045=CARTESIAN_POINT('',(7.32080353290883,-8.26292061310518,0.812751345657623));
#2046=CARTESIAN_POINT('',(7.31200145175701,-8.26575392681042,0.814324992101397));
#2047=CARTESIAN_POINT('',(7.30098915224326,-8.26926557891942,0.816344480008115));
#2048=CARTESIAN_POINT('',(7.25687592796766,-8.28314773385377,0.824372725484347));
#2049=CARTESIAN_POINT('',(7.18139429284007,-8.30545485158821,0.838062907360668));
#2050=CARTESIAN_POINT('',(7.07325253405511,-8.33229458294476,0.857165872550682));
#2051=CARTESIAN_POINT('',(6.98140480335618,-8.34874379013703,0.872470403751342));
#2052=CARTESIAN_POINT('',(6.90665772544074,-8.35533319912679,0.883745860169182));
#2053=CARTESIAN_POINT('',(6.86889562543721,-8.35536643900143,0.88884931532241));
#2054=CARTESIAN_POINT('',(6.85,-8.35411368952132,0.89117654576477));
#2055=CARTESIAN_POINT('',(8.45,-7.78995644630512,0.503591545341807));
#2056=CARTESIAN_POINT('',(8.44556219165309,-7.7893807813012,0.499925554478834));
#2057=CARTESIAN_POINT('',(8.43562140452927,-7.78945758963194,0.492572009085406));
#2058=CARTESIAN_POINT('',(8.41719530737337,-7.7935689594657,0.482910910685051));
#2059=CARTESIAN_POINT('',(8.39613333877148,-7.80061957524226,0.475580696407294));
#2060=CARTESIAN_POINT('',(8.36598587738605,-7.81225595337096,0.468725275730556));
#2061=CARTESIAN_POINT('',(8.3261896847529,-7.82897679078959,0.464388600304066));
#2062=CARTESIAN_POINT('',(8.27722741812393,-7.85006823724261,0.463106511030011));
#2063=CARTESIAN_POINT('',(8.22765565076179,-7.87152711203634,0.464321839840755));
#2064=CARTESIAN_POINT('',(8.1611006435427,-7.90024079679507,0.468240040695268));
#2065=CARTESIAN_POINT('',(8.07734738636297,-7.9359929846192,0.476246176091071));
#2066=CARTESIAN_POINT('',(7.99314740151841,-7.97120042523809,0.486736407687729));
#2067=CARTESIAN_POINT('',(7.93400789920389,-7.99548396284597,0.494994457339169));
#2068=CARTESIAN_POINT('',(7.90439111214313,-8.00752825485345,0.499288290956529));
#2069=CARTESIAN_POINT('',(7.88745056329729,-8.01438184847442,0.501841154794358));
#2070=CARTESIAN_POINT('',(7.862061651218,-8.02463287573045,0.50671351228142));
#2071=CARTESIAN_POINT('',(7.83688391815653,-8.03480923449606,0.513836892162356));
#2072=CARTESIAN_POINT('',(7.81243754260873,-8.04490491377412,0.523065402508299));
#2073=CARTESIAN_POINT('',(7.79641919466114,-8.05161345136302,0.529851645909704));
#2074=CARTESIAN_POINT('',(7.7524431751613,-8.06996987624776,0.548820953691125));
#2075=CARTESIAN_POINT('',(7.68019894223153,-8.09948751951483,0.580288655044196));
#2076=CARTESIAN_POINT('',(7.58338223635941,-8.13758085747437,0.623104798985796));
#2077=CARTESIAN_POINT('',(7.48595383320999,-8.17415034922143,0.66655286390245));
#2078=CARTESIAN_POINT('',(7.41646847640478,-8.19878995021659,0.697698509740609));
#2079=CARTESIAN_POINT('',(7.3753502997113,-8.21272728718813,0.715999468909812));
#2080=CARTESIAN_POINT('',(7.35893403320612,-8.21825107372482,0.723443134574997));
#2081=CARTESIAN_POINT('',(7.3417317764633,-8.22369562163466,0.729259379185441));
#2082=CARTESIAN_POINT('',(7.32641371908445,-8.22838586382155,0.732857797094256));
#2083=CARTESIAN_POINT('',(7.31763986638176,-8.23104430537062,0.734506787291799));
#2084=CARTESIAN_POINT('',(7.3088591521699,-8.23368807266998,0.736088899291844));
#2085=CARTESIAN_POINT('',(7.29787539159361,-8.23696487441206,0.738127483083949));
#2086=CARTESIAN_POINT('',(7.25388441225028,-8.24991904826081,0.746221760938169));
#2087=CARTESIAN_POINT('',(7.17867585254237,-8.27073835826458,0.760020396601407));
#2088=CARTESIAN_POINT('',(7.07113032685727,-8.29580075727166,0.779308706094838));
#2089=CARTESIAN_POINT('',(6.98001020384554,-8.31117977331195,0.794850492250745));
#2090=CARTESIAN_POINT('',(6.90601449602168,-8.3173692763776,0.806444676460931));
#2091=CARTESIAN_POINT('',(6.86867991927851,-8.31742905388882,0.811778572513093));
#2092=CARTESIAN_POINT('',(6.85,-8.31627772388099,0.814250893371824));
#2093=CARTESIAN_POINT('',(8.45,-7.7900544421186,0.426860215154263));
#2094=CARTESIAN_POINT('',(8.44516917282135,-7.78956184442186,0.423688331658869));
#2095=CARTESIAN_POINT('',(8.43454198495988,-7.78974521349232,0.417325009565709));
#2096=CARTESIAN_POINT('',(8.41541507480785,-7.79382258098269,0.409021150343258));
#2097=CARTESIAN_POINT('',(8.39389885462623,-7.80069661905298,0.402830132310156));
#2098=CARTESIAN_POINT('',(8.36333887062336,-7.81198911903768,0.397220666103796));
#2099=CARTESIAN_POINT('',(8.32322456947777,-7.82817458735152,0.394045526206801));
#2100=CARTESIAN_POINT('',(8.27399345879529,-7.84857380080356,0.39379050306452));
#2101=CARTESIAN_POINT('',(8.22420985761182,-7.86932261957978,0.395799432538344));
#2102=CARTESIAN_POINT('',(8.15741537330243,-7.89708462241429,0.400560856916734));
#2103=CARTESIAN_POINT('',(8.07341512463866,-7.93165399490632,0.409329987808754));
#2104=CARTESIAN_POINT('',(7.98900999604613,-7.96570504449784,0.420349638685413));
#2105=CARTESIAN_POINT('',(7.92974535740827,-7.98919665212063,0.428895935470553));
#2106=CARTESIAN_POINT('',(7.90007069986456,-8.00084970748763,0.433313561424487));
#2107=CARTESIAN_POINT('',(7.88309811385908,-8.00748113718871,0.435936818950425));
#2108=CARTESIAN_POINT('',(7.85766558243025,-8.01740034289805,0.440998430552608));
#2109=CARTESIAN_POINT('',(7.83246914172243,-8.02724850209597,0.448489696014576));
#2110=CARTESIAN_POINT('',(7.80807532466069,-8.03701989536358,0.458254081448799));
#2111=CARTESIAN_POINT('',(7.79211849661911,-8.04351330533265,0.465448947817709));
#2112=CARTESIAN_POINT('',(7.74832555244301,-8.06128259454384,0.48555013419935));
#2113=CARTESIAN_POINT('',(7.67639648861925,-8.08986470115782,0.518810824709755));
#2114=CARTESIAN_POINT('',(7.580050675932,-8.12677194704936,0.563945123491755));
#2115=CARTESIAN_POINT('',(7.48314999828443,-8.16222926464173,0.609651910649244));
#2116=CARTESIAN_POINT('',(7.41408706968456,-8.18614237880804,0.642372019630378));
#2117=CARTESIAN_POINT('',(7.37323316137759,-8.19967936721885,0.661585916802257));
#2118=CARTESIAN_POINT('',(7.35692876366951,-8.20504549540317,0.669404748253319));
#2119=CARTESIAN_POINT('',(7.33977402374945,-8.21033622862539,0.675450775466397));
#2120=CARTESIAN_POINT('',(7.32447881103712,-8.21489545976674,0.679117362609811));
#2121=CARTESIAN_POINT('',(7.31571759508977,-8.21748009032004,0.680769027119711));
#2122=CARTESIAN_POINT('',(7.30694986361642,-8.22005075843424,0.682347759833012));
#2123=CARTESIAN_POINT('',(7.29598344354671,-8.22323753991118,0.684387292660696));
#2124=CARTESIAN_POINT('',(7.25206674128722,-8.2358390559477,0.69247907720024));
#2125=CARTESIAN_POINT('',(7.17702410457889,-8.25611719174534,0.706271164552534));
#2126=CARTESIAN_POINT('',(7.0698408553099,-8.28062559646943,0.725569814468244));
#2127=CARTESIAN_POINT('',(6.97916283305593,-8.29581004804774,0.741170528474574));
#2128=CARTESIAN_POINT('',(6.90562366423336,-8.30214046009219,0.752890190204158));
#2129=CARTESIAN_POINT('',(6.86854885434078,-8.30241791098191,0.758330012020956));
#2130=CARTESIAN_POINT('',(6.85,-8.30143271558842,0.760873445013636));
#2131=CARTESIAN_POINT('',(8.45,-7.78994962974164,0.39144088599525));
#2132=CARTESIAN_POINT('',(8.44499305257565,-7.78950618185874,0.388489946264856));
#2133=CARTESIAN_POINT('',(8.43405827368594,-7.78976035492244,0.382569411783196));
#2134=CARTESIAN_POINT('',(8.41461731406069,-7.79385446219364,0.374872331489607));
#2135=CARTESIAN_POINT('',(8.39289753391356,-7.8006794360311,0.369190382627267));
#2136=CARTESIAN_POINT('',(8.36215268959643,-7.81185646725304,0.364137349821721));
#2137=CARTESIAN_POINT('',(8.3218958371407,-7.82784889741734,0.361480336929055));
#2138=CARTESIAN_POINT('',(8.2725442516185,-7.84799348505522,0.361682705701526));
#2139=CARTESIAN_POINT('',(8.22266572311439,-7.86847945200966,0.364044406160037));
#2140=CARTESIAN_POINT('',(8.15576392393715,-7.8958887054865,0.369179885717642));
#2141=CARTESIAN_POINT('',(8.07165299304306,-7.93002027377677,0.378286166989563));
#2142=CARTESIAN_POINT('',(7.98715593509656,-7.96364571499949,0.389538297687696));
#2143=CARTESIAN_POINT('',(7.92783522016354,-7.98684749387215,0.398210429160466));
#2144=CARTESIAN_POINT('',(7.89813462960377,-7.99835781718042,0.402681861593845));
#2145=CARTESIAN_POINT('',(7.88114768705358,-8.00490833180109,0.405335711171631));
#2146=CARTESIAN_POINT('',(7.85569560885005,-8.01470682227433,0.410480702314076));
#2147=CARTESIAN_POINT('',(7.83049078484096,-8.02443593791877,0.418135395942803));
#2148=CARTESIAN_POINT('',(7.8061205203745,-8.03409009389009,0.428138489278247));
#2149=CARTESIAN_POINT('',(7.79019126073443,-8.04050583630185,0.435515515560346));
#2150=CARTESIAN_POINT('',(7.74648035657372,-8.05806360062936,0.45612130081348));
#2151=CARTESIAN_POINT('',(7.67469252684845,-8.08631122060596,0.490181180600127));
#2152=CARTESIAN_POINT('',(7.57855773159021,-8.12280077206949,0.5363485774433));
#2153=CARTESIAN_POINT('',(7.48189353916304,-8.15787451119382,0.583061829627632));
#2154=CARTESIAN_POINT('',(7.41301990978579,-8.18154421772868,0.616483439868682));
#2155=CARTESIAN_POINT('',(7.37228442586311,-8.19495048516415,0.636104062112031));
#2156=CARTESIAN_POINT('',(7.3560301589845,-8.20026547006845,0.644090060588987));
#2157=CARTESIAN_POINT('',(7.33889671238125,-8.20550683400975,0.650238105476613));
#2158=CARTESIAN_POINT('',(7.32361173685848,-8.2100245178639,0.653934406956549));
#2159=CARTESIAN_POINT('',(7.31485618371474,-8.21258589286046,0.655586793441944));
#2160=CARTESIAN_POINT('',(7.30609427008754,-8.2151336339459,0.657163535381947));
#2161=CARTESIAN_POINT('',(7.29513562067418,-8.21829238142902,0.659202897940817));
#2162=CARTESIAN_POINT('',(7.25125220358374,-8.23078518760488,0.667291182963286));
#2163=CARTESIAN_POINT('',(7.17628392056305,-8.25090544467387,0.681076286120745));
#2164=CARTESIAN_POINT('',(7.06926301519788,-8.27528789240918,0.700373852502387));
#2165=CARTESIAN_POINT('',(6.97878310786309,-8.29049065557195,0.715996208936434));
#2166=CARTESIAN_POINT('',(6.90544852404915,-8.2969725909832,0.727768288324442));
#2167=CARTESIAN_POINT('',(6.86849012130517,-8.29739375073591,0.733253672002183));
#2168=CARTESIAN_POINT('',(6.85,-8.29650685497012,0.735828018997845));
#2169=CARTESIAN_POINT('',(8.45,-7.79099411923003,0.367846086359886));
#2170=CARTESIAN_POINT('',(8.44487704522818,-7.79058032617247,0.365040529793992));
#2171=CARTESIAN_POINT('',(8.43373966146957,-7.79087547846387,0.359411354509385));
#2172=CARTESIAN_POINT('',(8.41409184290987,-7.79497141043724,0.352113502989083));
#2173=CARTESIAN_POINT('',(8.39223798134832,-7.80175433963446,0.346766423179123));
#2174=CARTESIAN_POINT('',(8.36137137275234,-7.81284194481228,0.342079308765044));
#2175=CARTESIAN_POINT('',(8.32102062422407,-7.82869012429073,0.339762833848924));
#2176=CARTESIAN_POINT('',(8.27158968401702,-7.84864629108245,0.340265586792359));
#2177=CARTESIAN_POINT('',(8.22164862853525,-7.86893835318563,0.342858759431969));
#2178=CARTESIAN_POINT('',(8.15467614291811,-7.89608754668617,0.348239433386487));
#2179=CARTESIAN_POINT('',(8.07049230756093,-7.92989612833629,0.357566303191359));
#2180=CARTESIAN_POINT('',(7.98593469734535,-7.96320671347414,0.368970077743238));
#2181=CARTESIAN_POINT('',(7.92657704593048,-7.98619349115941,0.377724053742289));
#2182=CARTESIAN_POINT('',(7.89685937374336,-7.99759776875155,0.38223040727066));
#2183=CARTESIAN_POINT('',(7.87986297478648,-8.00408811655081,0.384904109988242));
#2184=CARTESIAN_POINT('',(7.85439802146189,-8.01379679504829,0.390103575815676));
#2185=CARTESIAN_POINT('',(7.82918767551784,-8.02343721317205,0.397865470769597));
#2186=CARTESIAN_POINT('',(7.80483292473689,-8.03300387579414,0.408025350884073));
#2187=CARTESIAN_POINT('',(7.78892182392417,-8.0393616163999,0.415522065424217));
#2188=CARTESIAN_POINT('',(7.74526495809694,-8.05676124969351,0.436459403579336));
#2189=CARTESIAN_POINT('',(7.67357015681978,-8.08475787312343,0.471044357553282));
#2190=CARTESIAN_POINT('',(7.57757435507765,-8.12093162102816,0.517890454268224));
#2191=CARTESIAN_POINT('',(7.48106593135854,-8.15571230056701,0.565264863607099));
#2192=CARTESIAN_POINT('',(7.41231699009199,-8.1791932857511,0.599147276963852));
#2193=CARTESIAN_POINT('',(7.37165951025477,-8.19249684728351,0.619035058665097));
#2194=CARTESIAN_POINT('',(7.355438263683,-8.19777151323333,0.627130869845592));
#2195=CARTESIAN_POINT('',(7.33831884261777,-8.20297374088622,0.633345814690362));
#2196=CARTESIAN_POINT('',(7.32304061015399,-8.20745828104375,0.63706142833844));
#2197=CARTESIAN_POINT('',(7.31428878700065,-8.21000104061858,0.638714141719798));
#2198=CARTESIAN_POINT('',(7.30553070548768,-8.21253038530095,0.640289423715242));
#2199=CARTESIAN_POINT('',(7.2945771744707,-8.21566655380831,0.642328488300053));
#2200=CARTESIAN_POINT('',(7.25071568174312,-8.22807132815758,0.650413724967603));
#2201=CARTESIAN_POINT('',(7.17579637420531,-8.24805988314432,0.66419296417476));
#2202=CARTESIAN_POINT('',(7.06888240195044,-8.27232101894699,0.683488032970228));
#2203=CARTESIAN_POINT('',(6.97853298947259,-8.2875048726604,0.699123158328002));
#2204=CARTESIAN_POINT('',(6.90533316225117,-8.29406292991166,0.710928575063301));
#2205=CARTESIAN_POINT('',(6.86845143487453,-8.29456744870411,0.716443374920617));
#2206=CARTESIAN_POINT('',(6.85,-8.29373986258898,0.719037787119697));
#2207=CARTESIAN_POINT('',(8.45,-7.79810050748574,0.303243814307384));
#2208=CARTESIAN_POINT('',(8.44456382539001,-7.79775739152026,0.300829427043927));
#2209=CARTESIAN_POINT('',(8.43287940848539,-7.79814348933269,0.295984191107946));
#2210=CARTESIAN_POINT('',(8.41267307080264,-7.80221181820436,0.289760161550389));
#2211=CARTESIAN_POINT('',(8.39045718942219,-7.80884650360818,0.285313132456731));
#2212=CARTESIAN_POINT('',(8.35926181727331,-7.81964469245441,0.281608536732773));
#2213=CARTESIAN_POINT('',(8.31865754934917,-7.83504181415891,0.280204688144776));
#2214=CARTESIAN_POINT('',(8.26901235149304,-7.85441458155825,0.281510286899556));
#2215=CARTESIAN_POINT('',(8.21890247317155,-7.87410816325507,0.284720242977877));
#2216=CARTESIAN_POINT('',(8.15173913416669,-7.90045520240021,0.290752019870385));
#2217=CARTESIAN_POINT('',(8.06735845675918,-7.93326683401416,0.300660826297128));
#2218=CARTESIAN_POINT('',(7.98263735541709,-7.96560282814294,0.312460386837025));
#2219=CARTESIAN_POINT('',(7.92317997550124,-7.98792223681991,0.321425786365067));
#2220=CARTESIAN_POINT('',(7.89341618292029,-7.99899683082119,0.32602164850393));
#2221=CARTESIAN_POINT('',(7.87639425166534,-8.00529997250644,0.328746224215547));
#2222=CARTESIAN_POINT('',(7.85089453551388,-8.01472904703786,0.334088675967318));
#2223=CARTESIAN_POINT('',(7.82566928034542,-8.02409292594703,0.342135918774134));
#2224=CARTESIAN_POINT('',(7.80135641651533,-8.03338636082604,0.352715027466869));
#2225=CARTESIAN_POINT('',(7.78549434453647,-8.03956284911014,0.360532169820317));
#2226=CARTESIAN_POINT('',(7.74198338220966,-8.05646781683387,0.382357191981395));
#2227=CARTESIAN_POINT('',(7.67053975774238,-8.0836763366623,0.418347559085658));
#2228=CARTESIAN_POINT('',(7.57491923849374,-8.11885114064947,0.46700976255386));
#2229=CARTESIAN_POINT('',(7.47883139028638,-8.1526954221974,0.51615291330949));
#2230=CARTESIAN_POINT('',(7.41041910691873,-8.1755649974075,0.551267890524109));
#2231=CARTESIAN_POINT('',(7.36997223811225,-8.18853174931864,0.571870176553123));
#2232=CARTESIAN_POINT('',(7.35384014636894,-8.19367379078851,0.580259751549754));
#2233=CARTESIAN_POINT('',(7.33675859425638,-8.19874664629314,0.586652595795394));
#2234=CARTESIAN_POINT('',(7.32149856805187,-8.20312101234921,0.590417963124464));
#2235=CARTESIAN_POINT('',(7.3127568158726,-8.20560170583672,0.592070193883212));
#2236=CARTESIAN_POINT('',(7.30400908106805,-8.20806958673306,0.593640168786638));
#2237=CARTESIAN_POINT('',(7.29306936972135,-8.21113007096015,0.595676722289352));
#2238=CARTESIAN_POINT('',(7.24926707277346,-8.22323838939841,0.603746902190073));
#2239=CARTESIAN_POINT('',(7.17447999903942,-8.24277233739962,0.617498704176884));
#2240=CARTESIAN_POINT('',(7.06785474618236,-8.26656938125665,0.636770646589166));
#2241=CARTESIAN_POINT('',(6.97785766981826,-8.28159249720861,0.652426595623907));
#2242=CARTESIAN_POINT('',(6.90502168539661,-8.28827290009934,0.664311101263215));
#2243=CARTESIAN_POINT('',(6.86834698151181,-8.28896316154077,0.669899863838545));
#2244=CARTESIAN_POINT('',(6.85,-8.28827692960982,0.672545721603433));
#2245=CARTESIAN_POINT('',(8.45,-7.83320627432572,0.201188595784693));
#2246=CARTESIAN_POINT('',(8.44408292220412,-7.83291830619963,0.199359951434731));
#2247=CARTESIAN_POINT('',(8.43155861602481,-7.83333221278748,0.195688659033313));
#2248=CARTESIAN_POINT('',(8.41049475403194,-7.83717385619512,0.191068805048821));
#2249=CARTESIAN_POINT('',(8.38772304424266,-7.84338444409397,0.187959151230657));
#2250=CARTESIAN_POINT('',(8.35602290381055,-7.85346702024324,0.185703708019428));
#2251=CARTESIAN_POINT('',(8.31502939398568,-7.86782351948834,0.185626862201145));
#2252=CARTESIAN_POINT('',(8.26505523489054,-7.88587859983223,0.188076071563166));
#2253=CARTESIAN_POINT('',(8.21468615382526,-7.90422981645072,0.192143966727108));
#2254=CARTESIAN_POINT('',(8.14722978739683,-7.92878019470558,0.199056694753934));
#2255=CARTESIAN_POINT('',(8.06254688785143,-7.95935539769264,0.209710577051164));
#2256=CARTESIAN_POINT('',(7.97757476983024,-7.98949155069338,0.221969406427756));
#2257=CARTESIAN_POINT('',(7.91796427140784,-8.01029536190482,0.231155534013014));
#2258=CARTESIAN_POINT('',(7.88812966771716,-8.02061870412235,0.235836882610705));
#2259=CARTESIAN_POINT('',(7.8710685353581,-8.02649449736203,0.238609885837712));
#2260=CARTESIAN_POINT('',(7.84551544597751,-8.03528452137867,0.244127350760146));
#2261=CARTESIAN_POINT('',(7.82026729987865,-8.04401436482094,0.252568182627935));
#2262=CARTESIAN_POINT('',(7.79601874732668,-8.05267918300458,0.263746434626645));
#2263=CARTESIAN_POINT('',(7.7802319519412,-8.05843806541244,0.272025866440221));
#2264=CARTESIAN_POINT('',(7.73694500306956,-8.07420079967322,0.295132175959537));
#2265=CARTESIAN_POINT('',(7.66588702380534,-8.09957514517006,0.333146786760738));
#2266=CARTESIAN_POINT('',(7.57084269585985,-8.13238924664723,0.384419273058033));
#2267=CARTESIAN_POINT('',(7.47540057975134,-8.1639751735651,0.4360999841059));
#2268=CARTESIAN_POINT('',(7.40750518527896,-8.18532996226248,0.472981240404877));
#2269=CARTESIAN_POINT('',(7.36738167886312,-8.19744304323677,0.49460634188993));
#2270=CARTESIAN_POINT('',(7.35138647130088,-8.20224705166226,0.503417267684375));
#2271=CARTESIAN_POINT('',(7.33436306141867,-8.20698719611983,0.510053569888227));
#2272=CARTESIAN_POINT('',(7.3191309882587,-8.21107539251053,0.513869356255935));
#2273=CARTESIAN_POINT('',(7.31040469858509,-8.21339401772565,0.515506005760428));
#2274=CARTESIAN_POINT('',(7.30167284963589,-8.21570081593354,0.517052992143435));
#2275=CARTESIAN_POINT('',(7.29075435636878,-8.21856182117646,0.519067139924968));
#2276=CARTESIAN_POINT('',(7.24704294587054,-8.22988250202194,0.52704000107588));
#2277=CARTESIAN_POINT('',(7.17245889777462,-8.2481582502188,0.540623535037068));
#2278=CARTESIAN_POINT('',(7.06627693126571,-8.27046980388354,0.559681887180061));
#2279=CARTESIAN_POINT('',(6.97682081539947,-8.28462483856724,0.575221405341601));
#2280=CARTESIAN_POINT('',(6.90454345830678,-8.2910213987411,0.587108618345883));
#2281=CARTESIAN_POINT('',(6.86818660867207,-8.29177358036286,0.592751578810101));
#2282=CARTESIAN_POINT('',(6.85,-8.29119764411067,0.595446743190479));
#2283=CARTESIAN_POINT('',(8.45,-7.9242937245678,0.0897842280235431));
#2284=CARTESIAN_POINT('',(8.44350921314026,-7.92397920039949,0.0885654028153134));
#2285=CARTESIAN_POINT('',(8.42998293379113,-7.92423001236514,0.0861166806993744));
#2286=CARTESIAN_POINT('',(8.40789606034058,-7.92746914900325,0.0831436943964908));
#2287=CARTESIAN_POINT('',(8.38446125701096,-7.93281401407801,0.0813626201856399));
#2288=CARTESIAN_POINT('',(8.35215893687252,-7.94154209398581,0.0804801429868631));
#2289=CARTESIAN_POINT('',(8.31070106828889,-7.95401066414477,0.0815415788027181));
#2290=CARTESIAN_POINT('',(8.26033446420687,-7.96970830944645,0.084821324288574));
#2291=CARTESIAN_POINT('',(8.20965615881565,-7.98566918699221,0.089378954462842));
#2292=CARTESIAN_POINT('',(8.14185021581174,-8.00702332543564,0.0966309467146174));
#2293=CARTESIAN_POINT('',(8.05680677055798,-8.03361575863967,0.107284072675071));
#2294=CARTESIAN_POINT('',(7.97153519404243,-8.0598179251892,0.11920118293773));
#2295=CARTESIAN_POINT('',(7.91174202792801,-8.07790033431693,0.128027902077692));
#2296=CARTESIAN_POINT('',(7.88182294782573,-8.08687170475795,0.132499867948434));
#2297=CARTESIAN_POINT('',(7.8647150492372,-8.09197752708077,0.135152720595946));
#2298=CARTESIAN_POINT('',(7.83909828653063,-8.09961522426024,0.140612087526946));
#2299=CARTESIAN_POINT('',(7.81382283195339,-8.10719942759579,0.149255578605774));
#2300=CARTESIAN_POINT('',(7.78965100162794,-8.11472583070147,0.160881712423598));
#2301=CARTESIAN_POINT('',(7.77395400989772,-8.1197277322849,0.169534723697015));
#2302=CARTESIAN_POINT('',(7.73093430514805,-8.13341701287414,0.193680296227663));
#2303=CARTESIAN_POINT('',(7.66033639384537,-8.15544501414311,0.23330913734538));
#2304=CARTESIAN_POINT('',(7.56597945201591,-8.18391047433702,0.286628102728833));
#2305=CARTESIAN_POINT('',(7.4713076829727,-8.21128422381155,0.340268536152221));
#2306=CARTESIAN_POINT('',(7.40402892788417,-8.22976856195355,0.378500756449539));
#2307=CARTESIAN_POINT('',(7.36429118712733,-8.24024298253847,0.400901249440135));
#2308=CARTESIAN_POINT('',(7.34845927999163,-8.24439610724867,0.4100369155885));
#2309=CARTESIAN_POINT('',(7.33150523277019,-8.2484924639874,0.416785735109553));
#2310=CARTESIAN_POINT('',(7.31630650710195,-8.25202394945853,0.42050598721953));
#2311=CARTESIAN_POINT('',(7.3075986639263,-8.25402639714908,0.422035086683175));
#2312=CARTESIAN_POINT('',(7.29888576652385,-8.2560183319443,0.423465686286754));
#2313=CARTESIAN_POINT('',(7.28799258605345,-8.25848825708995,0.425341902088655));
#2314=CARTESIAN_POINT('',(7.24438960149513,-8.26825832200482,0.432753854289012));
#2315=CARTESIAN_POINT('',(7.17004775942363,-8.28400573525747,0.445380471485753));
#2316=CARTESIAN_POINT('',(7.06439462575112,-8.30313559739589,0.46311647165017));
#2317=CARTESIAN_POINT('',(6.9755838662683,-8.3151323254414,0.477627471043865));
#2318=CARTESIAN_POINT('',(6.90397294177857,-8.32034973670172,0.488806218864054));
#2319=CARTESIAN_POINT('',(6.86799528668783,-8.32078413258505,0.494157988947369));
#2320=CARTESIAN_POINT('',(6.85,-8.32015508424843,0.496734051499247));
#2321=CARTESIAN_POINT('',(8.45,-8.02768423504421,0.0290536169717277));
#2322=CARTESIAN_POINT('',(8.44308736824036,-8.02730555983862,0.0281662916627301));
#2323=CARTESIAN_POINT('',(8.42882434391343,-8.02733641761488,0.0263827252290911));
#2324=CARTESIAN_POINT('',(8.40598525615576,-8.02994740227207,0.0242699814595012));
#2325=CARTESIAN_POINT('',(8.38206288404646,-8.03444476865376,0.0231151144331976));
#2326=CARTESIAN_POINT('',(8.34931778471221,-8.04187601768523,0.0227745849530588));
#2327=CARTESIAN_POINT('',(8.30751847586478,-8.05256120859523,0.0240885099161616));
#2328=CARTESIAN_POINT('',(8.25686330929241,-8.06604219868241,0.0272775645572964));
#2329=CARTESIAN_POINT('',(8.2059576330733,-8.07975900098826,0.0314939148327915));
#2330=CARTESIAN_POINT('',(8.13789464846975,-8.09811343823863,0.0380601938454056));
#2331=CARTESIAN_POINT('',(8.0525860960775,-8.12096668660243,0.0475437983907581));
#2332=CARTESIAN_POINT('',(7.96709432949258,-8.14347032108822,0.0580406793139351));
#2333=CARTESIAN_POINT('',(7.90716684889872,-8.15899074813143,0.0657848518386553));
#2334=CARTESIAN_POINT('',(7.87718565378791,-8.16668840191799,0.0696937219721435));
#2335=CARTESIAN_POINT('',(7.86004336826595,-8.17106853980588,0.0720244355482965));
#2336=CARTESIAN_POINT('',(7.83437978693734,-8.17761990161471,0.0770903937824117));
#2337=CARTESIAN_POINT('',(7.80908425259658,-8.18412334185503,0.08553220940147));
#2338=CARTESIAN_POINT('',(7.78496883567298,-8.19057500272275,0.0971369785007537));
#2339=CARTESIAN_POINT('',(7.76933787604223,-8.19486204494828,0.105830887496441));
#2340=CARTESIAN_POINT('',(7.72651467432341,-8.20659233196632,0.130097693099194));
#2341=CARTESIAN_POINT('',(7.65625504828658,-8.22545352402642,0.169861399516565));
#2342=CARTESIAN_POINT('',(7.56240353742479,-8.24979086445901,0.223282370591815));
#2343=CARTESIAN_POINT('',(7.46829820004723,-8.27315021403882,0.276961018008004));
#2344=CARTESIAN_POINT('',(7.40147285627035,-8.28888533153342,0.315192973694104));
#2345=CARTESIAN_POINT('',(7.36201876673337,-8.29778409678334,0.33757912485504));
#2346=CARTESIAN_POINT('',(7.34630693344071,-8.30131077639326,0.346719777618381));
#2347=CARTESIAN_POINT('',(7.32940388817572,-8.30478660136208,0.353317537403881));
#2348=CARTESIAN_POINT('',(7.31422968272199,-8.3077806243132,0.35676297481122));
#2349=CARTESIAN_POINT('',(7.30553540314779,-8.30947756973117,0.358096096833965));
#2350=CARTESIAN_POINT('',(7.29683644070618,-8.31116509734708,0.359324221394747));
#2351=CARTESIAN_POINT('',(7.2859618725863,-8.31325659615904,0.360952895962749));
#2352=CARTESIAN_POINT('',(7.24243861298381,-8.3215243761212,0.367367932468667));
#2353=CARTESIAN_POINT('',(7.16827486357732,-8.33480766506909,0.378297313905082));
#2354=CARTESIAN_POINT('',(7.06301057757864,-8.35078186557696,0.393658238096049));
#2355=CARTESIAN_POINT('',(6.97467434484832,-8.36055979473624,0.406244008404742));
#2356=CARTESIAN_POINT('',(6.90355344433136,-8.36445841388507,0.415966653714414));
#2357=CARTESIAN_POINT('',(6.86785460875824,-8.3644599043113,0.420636727109489));
#2358=CARTESIAN_POINT('',(6.85,-8.36370255390011,0.422891421730447));
#2359=CARTESIAN_POINT('',(8.45,-8.10775538870201,0.00730825441773433));
#2360=CARTESIAN_POINT('',(8.44282160595344,-8.10733754837394,0.00655215772804158));
#2361=CARTESIAN_POINT('',(8.42809443229049,-8.10722591942488,0.00503240673982899));
#2362=CARTESIAN_POINT('',(8.40478144951933,-8.1094144195063,0.00322876681458015));
#2363=CARTESIAN_POINT('',(8.38055190907884,-8.11333575861371,0.00223556136290729));
#2364=CARTESIAN_POINT('',(8.34752785885122,-8.11988218844624,0.00192599367666493));
#2365=CARTESIAN_POINT('',(8.3055134426376,-8.12934771690007,0.00301090521647723));
#2366=CARTESIAN_POINT('',(8.25467648169631,-8.14131149195886,0.00567712672216972));
#2367=CARTESIAN_POINT('',(8.20362756185562,-8.15349188521851,0.00921277275816978));
#2368=CARTESIAN_POINT('',(8.13540264104432,-8.16979245646273,0.0147261218924212));
#2369=CARTESIAN_POINT('',(8.04992707115482,-8.19008568147459,0.0226967647741463));
#2370=CARTESIAN_POINT('',(7.96429658482618,-8.210057749552,0.0315227380413364));
#2371=CARTESIAN_POINT('',(7.90428448611028,-8.22382497336141,0.0380415919779747));
#2372=CARTESIAN_POINT('',(7.87426415854409,-8.23065111760253,0.0413240546867532));
#2373=CARTESIAN_POINT('',(7.85710020925407,-8.23453475759322,0.0432965880135276));
#2374=CARTESIAN_POINT('',(7.83140713219357,-8.24034290645346,0.0478818498169715));
#2375=CARTESIAN_POINT('',(7.8060989476018,-8.24610703433799,0.0559637609447402));
#2376=CARTESIAN_POINT('',(7.78201907112136,-8.25182359745001,0.0673222213197095));
#2377=CARTESIAN_POINT('',(7.76642971171327,-8.25562171933225,0.0758866632460044));
#2378=CARTESIAN_POINT('',(7.7237303069039,-8.26601228417037,0.0998029559395222));
#2379=CARTESIAN_POINT('',(7.65368380058454,-8.28270837521689,0.138953080640772));
#2380=CARTESIAN_POINT('',(7.56015071123239,-8.30422491906003,0.191506919495319));
#2381=CARTESIAN_POINT('',(7.46640222580419,-8.32484307595703,0.244278245920437));
#2382=CARTESIAN_POINT('',(7.39986253115365,-8.33870253412925,0.281850296205171));
#2383=CARTESIAN_POINT('',(7.36058714188518,-8.34652704366277,0.303839330427365));
#2384=CARTESIAN_POINT('',(7.34495095511364,-8.34962669290975,0.312827892123719));
#2385=CARTESIAN_POINT('',(7.3280800410812,-8.35267962684687,0.319175251641399));
#2386=CARTESIAN_POINT('',(7.31292128336262,-8.35530747209033,0.322311727230954));
#2387=CARTESIAN_POINT('',(7.30423554885733,-8.35679630652111,0.32344376714872));
#2388=CARTESIAN_POINT('',(7.29554536544105,-8.35827648971512,0.324466716115329));
#2389=CARTESIAN_POINT('',(7.284682523102,-8.36011026584803,0.325842419309461));
#2390=CARTESIAN_POINT('',(7.24120949022167,-8.36735514936141,0.331241317341825));
#2391=CARTESIAN_POINT('',(7.16715793919415,-8.37896234642676,0.34044170155294));
#2392=CARTESIAN_POINT('',(7.06213862722998,-8.39279647103674,0.353374932074098));
#2393=CARTESIAN_POINT('',(6.97410134635373,-8.4010786470119,0.363971644887124));
#2394=CARTESIAN_POINT('',(6.90328916093962,-8.40410003651169,0.372156015077481));
#2395=CARTESIAN_POINT('',(6.8677659816626,-8.40382145553243,0.376086154290119));
#2396=CARTESIAN_POINT('',(6.85,-8.40298577487629,0.377983154480173));
#2397=CARTESIAN_POINT('',(8.45,-8.14873637937759,0.00181367371236949));
#2398=CARTESIAN_POINT('',(8.44269610709571,-8.14830423483698,0.00109828338777973));
#2399=CARTESIAN_POINT('',(8.42774975180187,-8.14813191922265,-0.000339413494785668));
#2400=CARTESIAN_POINT('',(8.40421298527434,-8.15012501206228,-0.00206087583113524));
#2401=CARTESIAN_POINT('',(8.3798383931219,-8.15377417257864,-0.00304152921016098));
#2402=CARTESIAN_POINT('',(8.34668261608352,-8.15989930620649,-0.00342152686978275));
#2403=CARTESIAN_POINT('',(8.30456662139142,-8.16878139517573,-0.002551074083257));
#2404=CARTESIAN_POINT('',(8.25364381310925,-8.1800182328125,-0.000259322233380377));
#2405=CARTESIAN_POINT('',(8.20252725044727,-8.19146209164124,0.00282730390322334));
#2406=CARTESIAN_POINT('',(8.13422585976007,-8.20677795667196,0.00767333450947583));
#2407=CARTESIAN_POINT('',(8.04867142049687,-8.22584395349482,0.0147168962210227));
#2408=CARTESIAN_POINT('',(7.96297542762259,-8.24460302185501,0.0225412027105314));
#2409=CARTESIAN_POINT('',(7.90292337034906,-8.25753059248841,0.0283325950447053));
#2410=CARTESIAN_POINT('',(7.87288456356783,-8.26393945617724,0.0312448347794359));
#2411=CARTESIAN_POINT('',(7.85571038416512,-8.26758540391673,0.0330057020226438));
#2412=CARTESIAN_POINT('',(7.83000337856456,-8.27303778134878,0.0373001801740089));
#2413=CARTESIAN_POINT('',(7.80468922024315,-8.2784480881015,0.0451483482877402));
#2414=CARTESIAN_POINT('',(7.78062612674976,-8.28381293738177,0.0563267080941881));
#2415=CARTESIAN_POINT('',(7.76505641189126,-8.28737715578975,0.0647874873830214));
#2416=CARTESIAN_POINT('',(7.72241546673357,-8.29712689045575,0.0884213152134385));
#2417=CARTESIAN_POINT('',(7.6524696002808,-8.31278793613375,0.127090328647069));
#2418=CARTESIAN_POINT('',(7.55908687664152,-8.33295742186654,0.178979535935902));
#2419=CARTESIAN_POINT('',(7.46550690463386,-8.35226832260648,0.231067252764855));
#2420=CARTESIAN_POINT('',(7.39910209984853,-8.36523481708144,0.268146948060945));
#2421=CARTESIAN_POINT('',(7.35991109681798,-8.37254859050025,0.289842141314222));
#2422=CARTESIAN_POINT('',(7.34431063201474,-8.37544528126315,0.298716356818694));
#2423=CARTESIAN_POINT('',(7.32745489106435,-8.37829732638182,0.30490294635521));
#2424=CARTESIAN_POINT('',(7.31230342810958,-8.38075131988167,0.307856313574622));
#2425=CARTESIAN_POINT('',(7.30362172877573,-8.38214137716756,0.308872135348803));
#2426=CARTESIAN_POINT('',(7.29493569101029,-8.38352316649931,0.309776933135261));
#2427=CARTESIAN_POINT('',(7.28407838584552,-8.38523467922856,0.31100659924366));
#2428=CARTESIAN_POINT('',(7.24062907113955,-8.39199450626104,0.315819340582336));
#2429=CARTESIAN_POINT('',(7.16663050267987,-8.40280852334906,0.324022520887945));
#2430=CARTESIAN_POINT('',(7.06172687289867,-8.41563595019445,0.335554188047979));
#2431=CARTESIAN_POINT('',(6.97383076373128,-8.42322303306452,0.344998996659031));
#2432=CARTESIAN_POINT('',(6.90316436044907,-8.42584803452936,0.352286857513161));
#2433=CARTESIAN_POINT('',(6.86772412997854,-8.42545053124215,0.355782532541373));
#2434=CARTESIAN_POINT('',(6.85,-8.42458624216093,0.357468096062141));
#2435=CARTESIAN_POINT('',(8.45,-8.17232342149063,0.000280222430269483));
#2436=CARTESIAN_POINT('',(8.44262650268723,-8.17188495672761,-0.000419205437627579));
#2437=CARTESIAN_POINT('',(8.42755858447205,-8.17168167024551,-0.00182462168597467));
#2438=CARTESIAN_POINT('',(8.40389770258385,-8.17356866264411,-0.00352034908437251));
#2439=CARTESIAN_POINT('',(8.37944266158276,-8.17706785337702,-0.00451388335798972));
#2440=CARTESIAN_POINT('',(8.34621382597707,-8.18295966076982,-0.00495939975075863));
#2441=CARTESIAN_POINT('',(8.30404149364144,-8.19151762381452,-0.00424096138833998));
#2442=CARTESIAN_POINT('',(8.25307107254837,-8.20235019031871,-0.00219658368792592));
#2443=CARTESIAN_POINT('',(8.20191699369978,-8.21338429400978,0.000601321105296704));
#2444=CARTESIAN_POINT('',(8.13357319114865,-8.22815229868231,0.0050243288136427));
#2445=CARTESIAN_POINT('',(8.04797500920759,-8.24653555838764,0.0114875692248918));
#2446=CARTESIAN_POINT('',(7.96224268497186,-8.26462002018561,0.0186901876065801));
#2447=CARTESIAN_POINT('',(7.90216846580923,-8.27708076429747,0.024031814562475));
#2448=CARTESIAN_POINT('',(7.87211941005159,-8.2832576696031,0.0267155709071764));
#2449=CARTESIAN_POINT('',(7.85493955680487,-8.2867715004257,0.028345815150249));
#2450=CARTESIAN_POINT('',(7.82922482613167,-8.29202614073878,0.0324591757865864));
#2451=CARTESIAN_POINT('',(7.80390735464927,-8.29723982482761,0.0401578623694137));
#2452=CARTESIAN_POINT('',(7.77985356936719,-8.30240925561545,0.0512164919172606));
#2453=CARTESIAN_POINT('',(7.76429474980511,-8.30584352212195,0.0596065492769074));
#2454=CARTESIAN_POINT('',(7.7216862276475,-8.31523726299151,0.0830473379174787));
#2455=CARTESIAN_POINT('',(7.6517961782636,-8.3303235366932,0.121389988885426));
#2456=CARTESIAN_POINT('',(7.55849685073399,-8.34974551829435,0.172831206793239));
#2457=CARTESIAN_POINT('',(7.46501033995116,-8.36833165887597,0.224460408610837));
#2458=CARTESIAN_POINT('',(7.39868034803225,-8.3808036440944,0.261210812519291));
#2459=CARTESIAN_POINT('',(7.35953614745297,-8.38783483637148,0.282709964237271));
#2460=CARTESIAN_POINT('',(7.34395549483384,-8.39061925808442,0.291507532479852));
#2461=CARTESIAN_POINT('',(7.32710816920626,-8.39336021681921,0.297591727106642));
#2462=CARTESIAN_POINT('',(7.31196075208689,-8.3957181102889,0.300431963603427));
#2463=CARTESIAN_POINT('',(7.30328129074727,-8.39705357710533,0.301376714073179));
#2464=CARTESIAN_POINT('',(7.29459755225037,-8.39838099498627,0.302209368450894));
#2465=CARTESIAN_POINT('',(7.28374331812345,-8.4000249599301,0.303349771472349));
#2466=CARTESIAN_POINT('',(7.24030715803519,-8.40651687989729,0.30780434658804));
#2467=CARTESIAN_POINT('',(7.16633797486523,-8.41689340699731,0.315398235266411));
#2468=CARTESIAN_POINT('',(7.06149850495021,-8.42916782133722,0.326073194570658));
#2469=CARTESIAN_POINT('',(6.97368069269698,-8.43637624428057,0.334812990115879));
#2470=CARTESIAN_POINT('',(6.90309514337028,-8.43878956720353,0.34155071384233));
#2471=CARTESIAN_POINT('',(6.86770091812016,-8.43833152276511,0.344778968810259));
#2472=CARTESIAN_POINT('',(6.85,-8.43745459323908,0.346334036569065));
#2473=CARTESIAN_POINT('',(8.45,-8.19004345467933,-6.51369637206245E-5));
#2474=CARTESIAN_POINT('',(8.44257535399312,-8.1896014177143,-0.000756205021155171));
#2475=CARTESIAN_POINT('',(8.42741810544938,-8.18937723901094,-0.00214464024766201));
#2476=CARTESIAN_POINT('',(8.40366601757644,-8.19118815997313,-0.00383156689585595));
#2477=CARTESIAN_POINT('',(8.37915185886082,-8.19457837726281,-0.00484467720530482));
#2478=CARTESIAN_POINT('',(8.34586933627763,-8.20029986183846,-0.00535182064646614));
#2479=CARTESIAN_POINT('',(8.30365560431002,-8.2086205702637,-0.00476194073654032));
#2480=CARTESIAN_POINT('',(8.25265019501499,-8.21915694120718,-0.00291956661496467));
#2481=CARTESIAN_POINT('',(8.20146854745352,-8.22989073633372,-0.000354049323384287));
#2482=CARTESIAN_POINT('',(8.13309357860844,-8.2442571894559,0.00373113923615878));
#2483=CARTESIAN_POINT('',(8.04746325242684,-8.26214007597096,0.00973422965263351));
#2484=CARTESIAN_POINT('',(7.9617042301452,-8.27973026249513,0.0164462997037164));
#2485=CARTESIAN_POINT('',(7.90161372535193,-8.29184906246935,0.0214338260162777));
#2486=CARTESIAN_POINT('',(7.87155713814951,-8.29785608686432,0.0239378860697196));
#2487=CARTESIAN_POINT('',(7.85437311548711,-8.30127316592884,0.0254654018457512));
#2488=CARTESIAN_POINT('',(7.82865270805599,-8.30638300729705,0.0294355580206333));
#2489=CARTESIAN_POINT('',(7.80333280190226,-8.31145272828233,0.0370142877970055));
#2490=CARTESIAN_POINT('',(7.77928585674516,-8.31647909909519,0.0479748232157714));
#2491=CARTESIAN_POINT('',(7.76373504357513,-8.31981823760517,0.0563061703196048));
#2492=CARTESIAN_POINT('',(7.72115034741002,-8.32895140693371,0.0795865684324125));
#2493=CARTESIAN_POINT('',(7.6513013151146,-8.34361711333627,0.117659060847069));
#2494=CARTESIAN_POINT('',(7.55806327108982,-8.36249248241613,0.168730632317181));
#2495=CARTESIAN_POINT('',(7.46464544014645,-8.38054906845646,0.219982452953574));
#2496=CARTESIAN_POINT('',(7.39837042434908,-8.39266009943318,0.256462231083202));
#2497=CARTESIAN_POINT('',(7.35926061648021,-8.39948519567789,0.27780047109274));
#2498=CARTESIAN_POINT('',(7.34369452281454,-8.40218775153294,0.286534974857748));
#2499=CARTESIAN_POINT('',(7.32685338117419,-8.4048477314094,0.292537184386964));
#2500=CARTESIAN_POINT('',(7.31170893713082,-8.40713559379484,0.295288389134495));
#2501=CARTESIAN_POINT('',(7.30303112037788,-8.40843128572396,0.296177542787218));
#2502=CARTESIAN_POINT('',(7.29434907149498,-8.40971909298159,0.296953812513675));
#2503=CARTESIAN_POINT('',(7.28349709411556,-8.41131385704233,0.298024407970121));
#2504=CARTESIAN_POINT('',(7.24007060067819,-8.4176106865345,0.302198934296264));
#2505=CARTESIAN_POINT('',(7.16612301124386,-8.4276690238442,0.309316439443982));
#2506=CARTESIAN_POINT('',(7.0613306891093,-8.43954269438245,0.319321406158616));
#2507=CARTESIAN_POINT('',(6.97357041322481,-8.44647880202863,0.327509422154088));
#2508=CARTESIAN_POINT('',(6.90304427930481,-8.44874270976348,0.333815917032583));
#2509=CARTESIAN_POINT('',(6.8676838609212,-8.4482439313208,0.336834178067786));
#2510=CARTESIAN_POINT('',(6.85,-8.44735985739073,0.338286610860328));
#2511=CARTESIAN_POINT('',(8.45,-8.20773908977938,-1.90740880688655E-5));
#2512=CARTESIAN_POINT('',(8.44252525991125,-8.20729488575219,-0.000703196400223677));
#2513=CARTESIAN_POINT('',(8.42728052290141,-8.2070526251073,-0.00207748412496561));
#2514=CARTESIAN_POINT('',(8.40343910957949,-8.20879169005267,-0.00375951657559323));
#2515=CARTESIAN_POINT('',(8.37886705207129,-8.2120771493187,-0.00479552438513942));
#2516=CARTESIAN_POINT('',(8.3455319494586,-8.21763393163665,-0.00536799100572896));
#2517=CARTESIAN_POINT('',(8.30327767145966,-8.22572441114174,-0.00491022734833799));
#2518=CARTESIAN_POINT('',(8.25223799536889,-8.23597301736366,-0.00327314197109763));
#2519=CARTESIAN_POINT('',(8.20102934752162,-8.24641493476484,-0.000942670874021195));
#2520=CARTESIAN_POINT('',(8.13262385498658,-8.26039107745556,0.00280173029633854));
#2521=CARTESIAN_POINT('',(8.04696204733228,-8.27778764217896,0.00834174136722887));
#2522=CARTESIAN_POINT('',(7.9611768774799,-8.29489760482794,0.0145609605067072));
#2523=CARTESIAN_POINT('',(7.9010704228422,-8.30668429664354,0.0191929953344298));
#2524=CARTESIAN_POINT('',(7.87100645948252,-8.31252635811738,0.0215167182319333));
#2525=CARTESIAN_POINT('',(7.85381835337177,-8.31584949570353,0.0229411402577329));
#2526=CARTESIAN_POINT('',(7.82809238622928,-8.32081875354646,0.0267673195465976));
#2527=CARTESIAN_POINT('',(7.80277009560364,-8.32574872684776,0.0342248407588596));
#2528=CARTESIAN_POINT('',(7.778729849538,-8.33063625310525,0.0450855795140366));
#2529=CARTESIAN_POINT('',(7.76318687767979,-8.33388307389841,0.0533569434868814));
#2530=CARTESIAN_POINT('',(7.72062551624959,-8.34276339995518,0.0764734287543541));
#2531=CARTESIAN_POINT('',(7.65081665532949,-8.35702118531734,0.114270157613558));
#2532=CARTESIAN_POINT('',(7.55763863123212,-8.37536680355426,0.164964803846521));
#2533=CARTESIAN_POINT('',(7.46428806404905,-8.39291069673163,0.215832123981509));
#2534=CARTESIAN_POINT('',(7.39806689084494,-8.40467271715545,0.252036301812646));
#2535=CARTESIAN_POINT('',(7.35899076655842,-8.4112987430671,0.273210739391141));
#2536=CARTESIAN_POINT('',(7.34343893166162,-8.41392224334398,0.28188099558117));
#2537=CARTESIAN_POINT('',(7.32660384650359,-8.41650405464183,0.28780042703128));
#2538=CARTESIAN_POINT('',(7.3114623142357,-8.41872434493779,0.290462262764303));
#2539=CARTESIAN_POINT('',(7.30278610816043,-8.41998166711945,0.291295724228166));
#2540=CARTESIAN_POINT('',(7.29410571405413,-8.42123126889362,0.292015530175536));
#2541=CARTESIAN_POINT('',(7.28325594689133,-8.4227785884961,0.293016205275764));
#2542=CARTESIAN_POINT('',(7.23983892079246,-8.42888735321255,0.296910248524422));
#2543=CARTESIAN_POINT('',(7.16591247986211,-8.43863944442076,0.303550638049691));
#2544=CARTESIAN_POINT('',(7.06116633338881,-8.45012923283567,0.312884526079429));
#2545=CARTESIAN_POINT('',(6.97346240755618,-8.45680707658328,0.320519722443515));
#2546=CARTESIAN_POINT('',(6.90299446398294,-8.45893281024892,0.326393946206854));
#2547=CARTESIAN_POINT('',(6.86766715541705,-8.45839891836141,0.329201576289312));
#2548=CARTESIAN_POINT('',(6.85,-8.45751051030705,0.330551006904548));
#2549=CARTESIAN_POINT('',(8.45,-8.2313275757427,1.23981567323461E-5));
#2550=CARTESIAN_POINT('',(8.44245987395177,-8.23088214324225,-0.000661430546846253));
#2551=CARTESIAN_POINT('',(8.42710094147036,-8.23061909522785,-0.00201479689244111));
#2552=CARTESIAN_POINT('',(8.40314293493085,-8.23226733497959,-0.00368675837782237));
#2553=CARTESIAN_POINT('',(8.37849530426179,-8.23541809970955,-0.00474897070117791));
#2554=CARTESIAN_POINT('',(8.34509157087375,-8.24076192278898,-0.00540179092859752));
#2555=CARTESIAN_POINT('',(8.30278436963392,-8.24855373511518,-0.00511033583240678));
#2556=CARTESIAN_POINT('',(8.25169996635716,-8.25842862069932,-0.00373384079092662));
#2557=CARTESIAN_POINT('',(8.20045607603155,-8.26849133345762,-0.00170280133298839));
#2558=CARTESIAN_POINT('',(8.13201074204857,-8.28196034978321,0.00160660327886342));
#2559=CARTESIAN_POINT('',(8.04630784278781,-8.2987250948804,0.00655444977236569));
#2560=CARTESIAN_POINT('',(7.96048854347467,-8.31521136845848,0.012142644606177));
#2561=CARTESIAN_POINT('',(7.90036127009266,-8.32656687599646,0.016319262577904));
#2562=CARTESIAN_POINT('',(7.87028767890666,-8.33219480020905,0.0184118945708166));
#2563=CARTESIAN_POINT('',(7.85309424282123,-8.3353960043766,0.0197042072889461));
#2564=CARTESIAN_POINT('',(7.82736101879232,-8.34018280034794,0.0233461416023794));
#2565=CARTESIAN_POINT('',(7.80203561580334,-8.34493142623275,0.0306491364909629));
#2566=CARTESIAN_POINT('',(7.77800411381499,-8.3496388092452,0.0413832970873518));
#2567=CARTESIAN_POINT('',(7.76247137693219,-8.35276586163515,0.0495788224555392));
#2568=CARTESIAN_POINT('',(7.71994047347178,-8.36131819851569,0.0724881100322621));
#2569=CARTESIAN_POINT('',(7.65018404676787,-8.37504703764374,0.10993594313067));
#2570=CARTESIAN_POINT('',(7.5570843644705,-8.3927062527386,0.160153333736204));
#2571=CARTESIAN_POINT('',(7.46382159419561,-8.40958648674724,0.21053351053042));
#2572=CARTESIAN_POINT('',(7.3976706997448,-8.42089727778216,0.246388391902477));
#2573=CARTESIAN_POINT('',(7.35863854139736,-8.42726618129771,0.267355162118352));
#2574=CARTESIAN_POINT('',(7.34310531794623,-8.42978759602292,0.275944013482092));
#2575=CARTESIAN_POINT('',(7.32627813809145,-8.43226850443515,0.281757852921582));
#2576=CARTESIAN_POINT('',(7.31114040645681,-8.43440160526193,0.284305186843038));
#2577=CARTESIAN_POINT('',(7.30246630273976,-8.43560942872326,0.285067182927756));
#2578=CARTESIAN_POINT('',(7.2937880685524,-8.43680975079575,0.285714516367689));
#2579=CARTESIAN_POINT('',(7.28294118630393,-8.43829588729923,0.286625461481906));
#2580=CARTESIAN_POINT('',(7.23953651757322,-8.44416220369605,0.290159538418902));
#2581=CARTESIAN_POINT('',(7.16563768100594,-8.45352008478388,0.29618760095698));
#2582=CARTESIAN_POINT('',(7.06095180592208,-8.46451796168289,0.304660285701177));
#2583=CARTESIAN_POINT('',(6.97332143173609,-8.4708680629951,0.311586182799041));
#2584=CARTESIAN_POINT('',(6.90292944187863,-8.47282285211191,0.316905999666811));
#2585=CARTESIAN_POINT('',(6.86764535033797,-8.47224878606973,0.319443611259373));
#2586=CARTESIAN_POINT('',(6.85,-8.47135792106881,0.320661052093708));
#2587=CARTESIAN_POINT('',(8.45,-8.27266024661137,-7.62963531042438E-6));
#2588=CARTESIAN_POINT('',(8.44234913966555,-8.27221648019414,-0.000660637010316129));
#2589=CARTESIAN_POINT('',(8.42679681162747,-8.27192468610602,-0.0019717947792583));
#2590=CARTESIAN_POINT('',(8.40264134883233,-8.27342542950327,-0.0036165347845766));
#2591=CARTESIAN_POINT('',(8.37786573135861,-8.2763519265295,-0.0047129599069152));
#2592=CARTESIAN_POINT('',(8.34434576843166,-8.28133833458734,-0.00548830843809461));
#2593=CARTESIAN_POINT('',(8.30194893912259,-8.2886265589078,-0.00546156191562916));
#2594=CARTESIAN_POINT('',(8.25078878819211,-8.29787032884455,-0.00450605759074171));
#2595=CARTESIAN_POINT('',(8.19948521302419,-8.30729232894656,-0.00296178847608488));
#2596=CARTESIAN_POINT('',(8.1309724056213,-8.31990440142482,-0.000361962749317546));
#2597=CARTESIAN_POINT('',(8.04519991573668,-8.33560162129073,0.00361691042296483));
#2598=CARTESIAN_POINT('',(7.95932281653034,-8.3510345981093,0.0081703211054065));
#2599=CARTESIAN_POINT('',(7.89916028559748,-8.36166224454167,0.0115993888258034));
#2600=CARTESIAN_POINT('',(7.86907038922173,-8.36692878423717,0.0133125173052724));
#2601=CARTESIAN_POINT('',(7.85186792656627,-8.36992423674505,0.014387873727219));
#2602=CARTESIAN_POINT('',(7.82612241264908,-8.37440317217552,0.0177279460727935));
#2603=CARTESIAN_POINT('',(7.80079173872217,-8.37884588781584,0.0247794089682603));
#2604=CARTESIAN_POINT('',(7.77677504525181,-8.38324946788384,0.0353093691411058));
#2605=CARTESIAN_POINT('',(7.76125964179512,-8.38617455739109,0.043383235371438));
#2606=CARTESIAN_POINT('',(7.71878032038031,-8.39417390072625,0.065960260957223));
#2607=CARTESIAN_POINT('',(7.64911269355869,-8.40701142714772,0.10284771964201));
#2608=CARTESIAN_POINT('',(7.55614568689033,-8.42351522768148,0.152297518001934));
#2609=CARTESIAN_POINT('',(7.46303160492767,-8.43927984908232,0.201893357229554));
#2610=CARTESIAN_POINT('',(7.39699973094617,-8.44983342393403,0.237185491283873));
#2611=CARTESIAN_POINT('',(7.35804203104395,-8.45577144281374,0.257817509794583));
#2612=CARTESIAN_POINT('',(7.34254032697661,-8.45812183964641,0.266275275354804));
#2613=CARTESIAN_POINT('',(7.3257265351354,-8.46043379983172,0.27191706682376));
#2614=CARTESIAN_POINT('',(7.31059524005707,-8.46242099693249,0.274276416444567));
#2615=CARTESIAN_POINT('',(7.3019246967854,-8.4635460135447,0.274920771056073));
#2616=CARTESIAN_POINT('',(7.29325012052526,-8.46466391205071,0.275448757402295));
#2617=CARTESIAN_POINT('',(7.2824081240188,-8.46604774802024,0.276211976198895));
#2618=CARTESIAN_POINT('',(7.23902438308899,-8.47150885941502,0.279153375791223));
#2619=CARTESIAN_POINT('',(7.16517229584628,-8.48020930803956,0.284173236084924));
#2620=CARTESIAN_POINT('',(7.0605884932768,-8.49039213072325,0.291228094646382));
#2621=CARTESIAN_POINT('',(6.97308268236333,-8.49620684188808,0.296986645159677));
#2622=CARTESIAN_POINT('',(6.90281932379873,-8.49789300533612,0.301394655958633));
#2623=CARTESIAN_POINT('',(6.86760842238145,-8.49726389816907,0.30348853259063));
#2624=CARTESIAN_POINT('',(6.85,-8.49637636533461,0.304489219553147));
#2625=CARTESIAN_POINT('',(8.45,-8.35528848321773,5.08642267214865E-6));
#2626=CARTESIAN_POINT('',(8.44214243566459,-8.35486307757198,-0.000595966760159994));
#2627=CARTESIAN_POINT('',(8.4262291025874,-8.35454384854643,-0.00180215976167552));
#2628=CARTESIAN_POINT('',(8.40170505478177,-8.35579468504975,-0.00335682320103044));
#2629=CARTESIAN_POINT('',(8.37669052860601,-8.35831773248355,-0.00447784907829149));
#2630=CARTESIAN_POINT('',(8.34295360387311,-8.36264942491823,-0.00542956626113921));
#2631=CARTESIAN_POINT('',(8.30038946883478,-8.36900561625227,-0.00583150384877344));
#2632=CARTESIAN_POINT('',(8.24908792228403,-8.37707732652429,-0.00558332258850072));
#2633=CARTESIAN_POINT('',(8.19767293541043,-8.38530807294379,-0.00486916517494401));
#2634=CARTESIAN_POINT('',(8.12903417762373,-8.39632648656747,-0.00348918500296772));
#2635=CARTESIAN_POINT('',(8.04313178524125,-8.41003894202091,-0.00118818490858735));
#2636=CARTESIAN_POINT('',(7.95714679290091,-8.42351561137057,0.00156450581300602));
#2637=CARTESIAN_POINT('',(7.89691844787313,-8.43279273582676,0.00368976038278268));
#2638=CARTESIAN_POINT('',(7.8667981151432,-8.43738910660564,0.00474028929642148));
#2639=CARTESIAN_POINT('',(7.84957880289037,-8.44000311300421,0.00543683605650178));
#2640=CARTESIAN_POINT('',(7.82381034784837,-8.44391141316794,0.00825269586525215));
#2641=CARTESIAN_POINT('',(7.79846983483734,-8.4477873941343,0.0148738955100807));
#2642=CARTESIAN_POINT('',(7.77448078393389,-8.45162845412845,0.0250619446954908));
#2643=CARTESIAN_POINT('',(7.75899773620593,-8.4541796750803,0.032934889292835));
#2644=CARTESIAN_POINT('',(7.71661470127624,-8.46115568865226,0.0549636749124756));
#2645=CARTESIAN_POINT('',(7.64711283423489,-8.47234584710565,0.0909228907680406));
#2646=CARTESIAN_POINT('',(7.55439348874068,-8.48671916177733,0.139096902815543));
#2647=CARTESIAN_POINT('',(7.4615569582942,-8.50043290122271,0.187385697798232));
#2648=CARTESIAN_POINT('',(7.39574725585541,-8.50959978685059,0.221738615746227));
#2649=CARTESIAN_POINT('',(7.35692854505091,-8.51475117948364,0.241811202968154));
#2650=CARTESIAN_POINT('',(7.34148567716667,-8.51678959774125,0.250050450452812));
#2651=CARTESIAN_POINT('',(7.32469687628412,-8.51879371868277,0.255397261134448));
#2652=CARTESIAN_POINT('',(7.3095775961109,-8.52051540839028,0.257428610223672));
#2653=CARTESIAN_POINT('',(7.30091369900394,-8.52148983990926,0.257866455130687));
#2654=CARTESIAN_POINT('',(7.2922459508746,-8.52245791988731,0.258184747947489));
#2655=CARTESIAN_POINT('',(7.2814130744199,-8.52365594054523,0.258688570591416));
#2656=CARTESIAN_POINT('',(7.23806839871845,-8.52838178496096,0.260589077701218));
#2657=CARTESIAN_POINT('',(7.1643035768816,-8.53589511180152,0.263838206025531));
#2658=CARTESIAN_POINT('',(7.0599103096723,-8.54462816931466,0.268403508258597));
#2659=CARTESIAN_POINT('',(6.97263701686755,-8.54952238623483,0.272113888935739));
#2660=CARTESIAN_POINT('',(6.9026137700496,-8.55079152718539,0.274924563436939));
#2661=CARTESIAN_POINT('',(6.86753949019596,-8.55011245218864,0.276242485657898));
#2662=CARTESIAN_POINT('',(6.85,-8.54926164089713,0.276864740817363));
#2663=CARTESIAN_POINT('',(8.45,-8.43792830257246,1.31013889233256E-6));
#2664=CARTESIAN_POINT('',(8.44196526080664,-8.43754475280288,-0.000522845933078539));
#2665=CARTESIAN_POINT('',(8.42574249483876,-8.43724507904928,-0.00157433924166047));
#2666=CARTESIAN_POINT('',(8.40090251702415,-8.43831649397275,-0.00295469935748067));
#2667=CARTESIAN_POINT('',(8.37568321196093,-8.44050657712819,-0.00399971675768067));
#2668=CARTESIAN_POINT('',(8.34176031996578,-8.4442775343585,-0.00497314728596554));
#2669=CARTESIAN_POINT('',(8.29905278001665,-8.44981916822959,-0.00558070366583709));
#2670=CARTESIAN_POINT('',(8.24763003721995,-8.45685978946506,-0.00574460964124499));
#2671=CARTESIAN_POINT('',(8.19611955459865,-8.4640402528302,-0.0055477868660707));
#2672=CARTESIAN_POINT('',(8.12737283934011,-8.47365296843687,-0.0049544690290726));
#2673=CARTESIAN_POINT('',(8.04135910195946,-8.48561561052478,-0.00376799639719782));
#2674=CARTESIAN_POINT('',(7.95528162978998,-8.49737092345247,-0.00223513046634971));
#2675=CARTESIAN_POINT('',(7.89499687268083,-8.50546199166536,-0.00100087540268873));
#2676=CARTESIAN_POINT('',(7.86485045164732,-8.50947042639404,-0.000405011662553606));
#2677=CARTESIAN_POINT('',(7.84761669688244,-8.51174997689269,3.15709939233688E-5));
#2678=CARTESIAN_POINT('',(7.82182857801919,-8.51515812710377,0.00249520060953334));
#2679=CARTESIAN_POINT('',(7.79647963150749,-8.51853785871026,0.00884469802080937));
#2680=CARTESIAN_POINT('',(7.77251427423281,-8.52188688394462,0.0188367754839836));
#2681=CARTESIAN_POINT('',(7.75705895998663,-8.52411122655048,0.026602231431049));
#2682=CARTESIAN_POINT('',(7.71475845632989,-8.53019313343505,0.0483391042834842));
#2683=CARTESIAN_POINT('',(7.6453986691002,-8.53994737986262,0.0837939679435572));
#2684=CARTESIAN_POINT('',(7.55289160461242,-8.55247214992854,0.131262828219819));
#2685=CARTESIAN_POINT('',(7.46029297546551,-8.5644169486748,0.178819678917688));
#2686=CARTESIAN_POINT('',(7.39467370577761,-8.57239685346875,0.212642656531034));
#2687=CARTESIAN_POINT('',(7.35597412848546,-8.57687909537862,0.232397555950421));
#2688=CARTESIAN_POINT('',(7.3405816916153,-8.57865252527057,0.240514232119737));
#2689=CARTESIAN_POINT('',(7.32381431155445,-8.58039579717767,0.245672932018808));
#2690=CARTESIAN_POINT('',(7.30870532987132,-8.58189309592514,0.247479776450996));
#2691=CARTESIAN_POINT('',(7.30004712947697,-8.58274043745558,0.247772977986016));
#2692=CARTESIAN_POINT('',(7.29138523403119,-8.58358219401037,0.247943898438027));
#2693=CARTESIAN_POINT('',(7.28056017476371,-8.58462376823753,0.248265837705196));
#2694=CARTESIAN_POINT('',(7.2372489835437,-8.58873182119769,0.249435975989253));
#2695=CARTESIAN_POINT('',(7.16355896062616,-8.59525773464417,0.251442436096291));
#2696=CARTESIAN_POINT('',(7.05932900943987,-8.60282296824311,0.254262212258712));
#2697=CARTESIAN_POINT('',(6.97225501787115,-8.60703164196557,0.256540668251991));
#2698=CARTESIAN_POINT('',(6.90243758112177,-8.60807172125622,0.258241116924244));
#2699=CARTESIAN_POINT('',(6.86748040546553,-8.60743665884855,0.259023395148876));
#2700=CARTESIAN_POINT('',(6.85,-8.60666955930937,0.259386010083722));
#2701=CARTESIAN_POINT('',(8.45,-8.50876166771144,-6.08825455689077E-7));
#2702=CARTESIAN_POINT('',(8.44183448888767,-8.50842106071011,-0.000438080970470239));
#2703=CARTESIAN_POINT('',(8.42538333197667,-8.50815228122416,-0.00131553810115041));
#2704=CARTESIAN_POINT('',(8.40031016772685,-8.50909110513099,-0.00247746615706655));
#2705=CARTESIAN_POINT('',(8.37493971634194,-8.5110169892425,-0.00337660245547396));
#2706=CARTESIAN_POINT('',(8.34087956279609,-8.51433558150957,-0.00424635335820391));
#2707=CARTESIAN_POINT('',(8.29806617636518,-8.51921435478445,-0.00485604331145721));
#2708=CARTESIAN_POINT('',(8.24655397919647,-8.52541358323505,-0.00514454969956303));
#2709=CARTESIAN_POINT('',(8.19497301161852,-8.53173620180007,-0.00515000994384275));
#2710=CARTESIAN_POINT('',(8.1261466134641,-8.540200563816,-0.00489791154543058));
#2711=CARTESIAN_POINT('',(8.04005069287051,-8.55073402890612,-0.00423480097029458));
#2712=CARTESIAN_POINT('',(7.95390496177953,-8.56108455650194,-0.00330301655274309));
#2713=CARTESIAN_POINT('',(7.89357856718176,-8.56820846919858,-0.00251691823244726));
#2714=CARTESIAN_POINT('',(7.8634128904956,-8.57173769080181,-0.00215189781718086));
#2715=CARTESIAN_POINT('',(7.84616847578136,-8.57374469742078,-0.00184734035643658));
#2716=CARTESIAN_POINT('',(7.82036584314527,-8.57674534658138,0.000446089437722008));
#2717=CARTESIAN_POINT('',(7.79501067190688,-8.57972092050264,0.00668482433105197));
#2718=CARTESIAN_POINT('',(7.77106280278677,-8.58266940056614,0.0166220356060615));
#2719=CARTESIAN_POINT('',(7.75562795849143,-8.58462769433852,0.0243680077634193));
#2720=CARTESIAN_POINT('',(7.71338837077426,-8.58998208872887,0.0460540171382758));
#2721=CARTESIAN_POINT('',(7.64413345197697,-8.59856915014686,0.0814059596649899));
#2722=CARTESIAN_POINT('',(7.55178307108917,-8.60959424904363,0.12871346920404));
#2723=CARTESIAN_POINT('',(7.45936003575862,-8.62010760854069,0.176089193738009));
#2724=CARTESIAN_POINT('',(7.39388132357733,-8.62713016476663,0.209775400466528));
#2725=CARTESIAN_POINT('',(7.35526967816333,-8.63107418042867,0.229445448709691));
#2726=CARTESIAN_POINT('',(7.33991446418452,-8.63263461004172,0.23753150864604));
#2727=CARTESIAN_POINT('',(7.32316289473017,-8.63416842966815,0.242611217943478));
#2728=CARTESIAN_POINT('',(7.30806151431354,-8.63548575933724,0.244304727994686));
#2729=CARTESIAN_POINT('',(7.29940751863564,-8.63623123289476,0.244521095481223));
#2730=CARTESIAN_POINT('',(7.29074994302771,-8.6369717785326,0.244613167628161));
#2731=CARTESIAN_POINT('',(7.27993065358889,-8.63788808869784,0.244838267810564));
#2732=CARTESIAN_POINT('',(7.23664417710519,-8.64150193763955,0.245618957020315));
#2733=CARTESIAN_POINT('',(7.16300936291381,-8.6472415603236,0.246962585186304));
#2734=CARTESIAN_POINT('',(7.05889995450641,-8.65389059763185,0.248853115295288));
#2735=CARTESIAN_POINT('',(6.97197306623095,-8.65758232592894,0.25037393985416));
#2736=CARTESIAN_POINT('',(6.90230753691313,-8.65848259707779,0.251494348413707));
#2737=CARTESIAN_POINT('',(6.86743679530735,-8.6579135249584,0.252000976497761));
#2738=CARTESIAN_POINT('',(6.85,-8.65723231095575,0.25223180529041));
#2739=CARTESIAN_POINT('',(8.45,-8.53827545016076,-1.20910289519438E-6));
#2740=CARTESIAN_POINT('',(8.44178351596227,-8.53795349143645,-0.000399260805288432));
#2741=CARTESIAN_POINT('',(8.42524333569979,-8.53769909547579,-0.00119761654809581));
#2742=CARTESIAN_POINT('',(8.40007927888785,-8.53858493949638,-0.00225750601684667));
#2743=CARTESIAN_POINT('',(8.37464991294206,-8.54040300704359,-0.00308288299939571));
#2744=CARTESIAN_POINT('',(8.34053625691005,-8.54353613573687,-0.00388969173360064));
#2745=CARTESIAN_POINT('',(8.29768161311393,-8.54814249438114,-0.0044720515575745));
#2746=CARTESIAN_POINT('',(8.24613454797764,-8.55399567524606,-0.00477533119396642));
#2747=CARTESIAN_POINT('',(8.19452610642465,-8.55996539121905,-0.00482584419723016));
#2748=CARTESIAN_POINT('',(8.12566864907694,-8.56795731622731,-0.00466168917683753));
#2749=CARTESIAN_POINT('',(8.03954069470412,-8.57790284547062,-0.00414625372471903));
#2750=CARTESIAN_POINT('',(7.95336835731309,-8.58767560041375,-0.00339243830438093));
#2751=CARTESIAN_POINT('',(7.89302573304905,-8.59440181984353,-0.00274159826651179));
#2752=CARTESIAN_POINT('',(7.86285255079937,-8.59773401341028,-0.00244684386937269));
#2753=CARTESIAN_POINT('',(7.84560398099734,-8.59962897099317,-0.00218248313682279));
#2754=CARTESIAN_POINT('',(7.81979569111108,-8.60246209442008,6.15023875210896E-5));
#2755=CARTESIAN_POINT('',(7.79443809356793,-8.6052715356765,0.00627396077718759));
#2756=CARTESIAN_POINT('',(7.77049704106722,-8.60805538828949,0.0162066830964324));
#2757=CARTESIAN_POINT('',(7.75507017565055,-8.60990433929505,0.0239563254714927));
#2758=CARTESIAN_POINT('',(7.71285433204962,-8.61495975849238,0.0456534869689476));
#2759=CARTESIAN_POINT('',(7.64364028938862,-8.62306729193508,0.0810160035625465));
#2760=CARTESIAN_POINT('',(7.55135098140941,-8.63347659332741,0.128328209246924));
#2761=CARTESIAN_POINT('',(7.45899638990513,-8.64340258528669,0.175700921762592));
#2762=CARTESIAN_POINT('',(7.393572464924,-8.65003266765953,0.209381692258033));
#2763=CARTESIAN_POINT('',(7.3549950940324,-8.65375619966944,0.2290468285541));
#2764=CARTESIAN_POINT('',(7.33965438897628,-8.65522939008008,0.237132219449352));
#2765=CARTESIAN_POINT('',(7.32290898225834,-8.65667744883667,0.242192404105006));
#2766=CARTESIAN_POINT('',(7.30781056470097,-8.65792111343933,0.243851594738041));
#2767=CARTESIAN_POINT('',(7.29915820795824,-8.65862489746503,0.244043645821933));
#2768=CARTESIAN_POINT('',(7.29050231615808,-8.65932402734437,0.24411061643933));
#2769=CARTESIAN_POINT('',(7.27968527571162,-8.66018908847159,0.244305010645301));
#2770=CARTESIAN_POINT('',(7.23640843266008,-8.66360079635674,0.244962060232628));
#2771=CARTESIAN_POINT('',(7.16279513799905,-8.66901921927336,0.246095201485022));
#2772=CARTESIAN_POINT('',(7.05873271535224,-8.67529557360987,0.247691113704782));
#2773=CARTESIAN_POINT('',(6.97186316572603,-8.67877946254865,0.248972948463857));
#2774=CARTESIAN_POINT('',(6.90225684763826,-8.67962752396022,0.249912324941763));
#2775=CARTESIAN_POINT('',(6.86741979672419,-8.67908896962184,0.250334038161845));
#2776=CARTESIAN_POINT('',(6.85,-8.67844505217321,0.250524763405769));
#2777=CARTESIAN_POINT('',(8.45,-8.56188640906359,-1.58196063223398E-6));
#2778=CARTESIAN_POINT('',(8.44174484684644,-8.56157956003669,-0.000365520110835494));
#2779=CARTESIAN_POINT('',(8.42513713162766,-8.56133705304791,-0.00109545112657797));
#2780=CARTESIAN_POINT('',(8.39990412183758,-8.56218108638692,-0.00206530684549583));
#2781=CARTESIAN_POINT('',(8.37443006208698,-8.56391347391015,-0.00282210331851368));
#2782=CARTESIAN_POINT('',(8.34027581796202,-8.56689899604766,-0.00356432926613543));
#2783=CARTESIAN_POINT('',(8.29738987547506,-8.5712883783665,-0.00410491394447657));
#2784=CARTESIAN_POINT('',(8.24581635877715,-8.57686586761777,-0.00439415053973927));
#2785=CARTESIAN_POINT('',(8.19418707489827,-8.58255440797201,-0.00445359116516187));
#2786=CARTESIAN_POINT('',(8.12530605540393,-8.59016991198066,-0.00432248470027639));
#2787=CARTESIAN_POINT('',(8.03915379954341,-8.59964700330466,-0.00387699476360558));
#2788=CARTESIAN_POINT('',(7.95296127806268,-8.60895945088377,-0.00321610641845005));
#2789=CARTESIAN_POINT('',(7.89260634163803,-8.61536885323077,-0.00263841739032245));
#2790=CARTESIAN_POINT('',(7.86242746551257,-8.61854409313369,-0.00238223888743716));
#2791=CARTESIAN_POINT('',(7.84517574357497,-8.62034979363933,-0.00213995544690779));
#2792=CARTESIAN_POINT('',(7.8193631619817,-8.62304946970674,7.91457978359666E-5));
#2793=CARTESIAN_POINT('',(7.79400372379356,-8.62572657805874,0.00628429545463782));
#2794=CARTESIAN_POINT('',(7.77006784252135,-8.62837930193876,0.0162262375256307));
#2795=CARTESIAN_POINT('',(7.75464703004713,-8.63014116088248,0.0239870809814198));
#2796=CARTESIAN_POINT('',(7.71244919922403,-8.63495845084238,0.0457158488483329));
#2797=CARTESIAN_POINT('',(7.64326616604573,-8.64268408158717,0.081124262647243));
#2798=CARTESIAN_POINT('',(7.55102318923856,-8.65260303788572,0.128490531590493));
#2799=CARTESIAN_POINT('',(7.45872052063696,-8.66206142872454,0.175911459792624));
#2800=CARTESIAN_POINT('',(7.3933381583594,-8.66837915615933,0.209623877554167));
#2801=CARTESIAN_POINT('',(7.35478678882962,-8.67192725662661,0.22930632948965));
#2802=CARTESIAN_POINT('',(7.33945709054245,-8.67333103782693,0.237399629614128));
#2803=CARTESIAN_POINT('',(7.32271635900385,-8.67471087003929,0.24245341925021));
#2804=CARTESIAN_POINT('',(7.3076201891328,-8.67589593697148,0.244093939143002));
#2805=CARTESIAN_POINT('',(7.29896907572021,-8.67656656044753,0.244271751689571));
#2806=CARTESIAN_POINT('',(7.29031446129146,-8.67723274879588,0.244323888156138));
#2807=CARTESIAN_POINT('',(7.27949912697713,-8.67805704953746,0.24450024865912));
#2808=CARTESIAN_POINT('',(7.23622959204655,-8.68130799995644,0.245084544614925));
#2809=CARTESIAN_POINT('',(7.16263262254648,-8.68647108720353,0.246093777444751));
#2810=CARTESIAN_POINT('',(7.05860584426977,-8.69245158807242,0.247516687104069));
#2811=CARTESIAN_POINT('',(6.9717797929292,-8.69577111628269,0.248659303144623));
#2812=CARTESIAN_POINT('',(6.9022183937056,-8.69657893851097,0.24949501205048));
#2813=CARTESIAN_POINT('',(6.86740690124732,-8.69606556270067,0.249869140653181));
#2814=CARTESIAN_POINT('',(6.85,-8.69545186464687,0.250037859292958));
#2815=CARTESIAN_POINT('',(8.45,-8.58549732484816,-1.88731236247519E-6));
#2816=CARTESIAN_POINT('',(8.44170758388029,-8.58520563760457,-0.000330832391311695));
#2817=CARTESIAN_POINT('',(8.4250347895218,-8.58497512375944,-0.000990586828140579));
#2818=CARTESIAN_POINT('',(8.39973533413459,-8.58577750267457,-0.00186732271615188));
#2819=CARTESIAN_POINT('',(8.37421820580845,-8.58742436643148,-0.00255167248073581));
#2820=CARTESIAN_POINT('',(8.34002484952119,-8.59026249035679,-0.00322318405925714));
#2821=CARTESIAN_POINT('',(8.29710874647759,-8.59443515677967,-0.00371291262881551));
#2822=CARTESIAN_POINT('',(8.24550974009304,-8.59973726693264,-0.0039758967677642));
#2823=CARTESIAN_POINT('',(8.19386037179103,-8.60514494418349,-0.00403122030331405));
#2824=CARTESIAN_POINT('',(8.12495664695538,-8.61238444387966,-0.00391500053331309));
#2825=CARTESIAN_POINT('',(8.03878097329764,-8.62139361814327,-0.00351571252009117));
#2826=CARTESIAN_POINT('',(7.95256900169412,-8.6302462792173,-0.0029231719650381));
#2827=CARTESIAN_POINT('',(7.89220220082378,-8.63633922908275,-0.00240113382683729));
#2828=CARTESIAN_POINT('',(7.86201783787256,-8.63935769762247,-0.00217470841686629));
#2829=CARTESIAN_POINT('',(7.84476307842251,-8.64107424522266,-0.00194945943399666));
#2830=CARTESIAN_POINT('',(7.8189463611843,-8.64364063018823,0.000252022449654498));
#2831=CARTESIAN_POINT('',(7.79358514928371,-8.64618556189349,0.00645648918130878));
#2832=CARTESIAN_POINT('',(7.76965425119533,-8.64870731329821,0.0164136757759629));
#2833=CARTESIAN_POINT('',(7.75423927155657,-8.65038218435188,0.0241895530241962));
#2834=CARTESIAN_POINT('',(7.71205879850118,-8.65496163154676,0.0459604380033321));
#2835=CARTESIAN_POINT('',(7.64290564718804,-8.66230582836667,0.0814321601251082));
#2836=CARTESIAN_POINT('',(7.55070731678301,-8.67173506460215,0.128875966532996));
#2837=CARTESIAN_POINT('',(7.45845468297855,-8.68072647935122,0.176368797266354));
#2838=CARTESIAN_POINT('',(7.39311237203351,-8.68673229457805,0.210129731585223));
#2839=CARTESIAN_POINT('',(7.35458605836149,-8.69010522393215,0.229839469559863));
#2840=CARTESIAN_POINT('',(7.33926696659712,-8.69143970009395,0.237944631328975));
#2841=CARTESIAN_POINT('',(7.32253074023134,-8.69275140993386,0.242996498515393));
#2842=CARTESIAN_POINT('',(7.30743673631258,-8.69387797034589,0.244622736624722));
#2843=CARTESIAN_POINT('',(7.29878682101811,-8.69451548535819,0.244788948410835));
#2844=CARTESIAN_POINT('',(7.29013343751091,-8.69514878426144,0.24482891016211));
#2845=CARTESIAN_POINT('',(7.27931974728754,-8.69593238972474,0.244990542747957));
#2846=CARTESIAN_POINT('',(7.23605725472805,-8.69902284310701,0.245515330718196));
#2847=CARTESIAN_POINT('',(7.16247601674672,-8.70393103741466,0.24642318098718));
#2848=CARTESIAN_POINT('',(7.0584835866812,-8.70961630984664,0.247704819230705));
#2849=CARTESIAN_POINT('',(6.97169945187043,-8.71277199818732,0.248734479170303));
#2850=CARTESIAN_POINT('',(6.90218133809776,-8.71353999791942,0.249487250328973));
#2851=CARTESIAN_POINT('',(6.86739447469686,-8.71305200898077,0.249824004711499));
#2852=CARTESIAN_POINT('',(6.85,-8.71246863449359,0.249975757011022));
#2853=CARTESIAN_POINT('',(8.45,-8.65042717193586,-2.46535665462261E-6));
#2854=CARTESIAN_POINT('',(8.44161091109073,-8.65017714110397,-0.000239493882440565));
#2855=CARTESIAN_POINT('',(8.42476927934149,-8.6499795314191,-0.000714921156230522));
#2856=CARTESIAN_POINT('',(8.3992974415089,-8.65066724519135,-0.00134667465159433));
#2857=CARTESIAN_POINT('',(8.37366857867075,-8.65207880311371,-0.00183967512428529));
#2858=CARTESIAN_POINT('',(8.33937375215112,-8.65451142798588,-0.00232319904559543));
#2859=CARTESIAN_POINT('',(8.2963794023804,-8.65808793323287,-0.00267532638763037));
#2860=CARTESIAN_POINT('',(8.24471426709181,-8.66263251991113,-0.00286340688762611));
#2861=CARTESIAN_POINT('',(8.19301279297508,-8.66726759267329,-0.00290125344244322));
#2862=CARTESIAN_POINT('',(8.12405016277285,-8.67347277257096,-0.00281459367970366));
#2863=CARTESIAN_POINT('',(8.03781373539586,-8.68119478999453,-0.00252384272821775));
#2864=CARTESIAN_POINT('',(7.95155130356811,-8.6887826532556,-0.00209729313423779));
#2865=CARTESIAN_POINT('',(7.89115372229624,-8.69400508935004,-0.00171170381157261));
#2866=CARTESIAN_POINT('',(7.86095512465556,-8.69659230191753,-0.00155850378282697));
#2867=CARTESIAN_POINT('',(7.84369248486661,-8.69806360204294,-0.0013751826846321));
#2868=CARTESIAN_POINT('',(7.81786503836084,-8.70026332100129,0.000783986518083785));
#2869=CARTESIAN_POINT('',(7.79249922484778,-8.70244465145079,0.0069900794356414));
#2870=CARTESIAN_POINT('',(7.76858125483066,-8.70460611307127,0.0169902134277308));
#2871=CARTESIAN_POINT('',(7.75318140754802,-8.70604169044251,0.0248073587231626));
#2872=CARTESIAN_POINT('',(7.71104596643721,-8.70996685832538,0.0466937393257297));
#2873=CARTESIAN_POINT('',(7.64197033883082,-8.7162617654203,0.0823398985149789));
#2874=CARTESIAN_POINT('',(7.54988783635589,-8.72434380957357,0.129998455142306));
#2875=CARTESIAN_POINT('',(7.45776500980814,-8.73205057816706,0.177691417164084));
#2876=CARTESIAN_POINT('',(7.39252660562203,-8.7371983076366,0.211587847366058));
#2877=CARTESIAN_POINT('',(7.35406529535455,-8.7400893239675,0.231374037802679));
#2878=CARTESIAN_POINT('',(7.33877372051255,-8.74123313428857,0.239512237990234));
#2879=CARTESIAN_POINT('',(7.32204918209512,-8.74235743061944,0.244561382973101));
#2880=CARTESIAN_POINT('',(7.30696079739218,-8.74332303073934,0.246152551409023));
#2881=CARTESIAN_POINT('',(7.29831399042305,-8.74386945898393,0.246289799524518));
#2882=CARTESIAN_POINT('',(7.28966380034437,-8.74441227342076,0.246299308571408));
#2883=CARTESIAN_POINT('',(7.27885437545133,-8.74508391875329,0.246424147740639));
#2884=CARTESIAN_POINT('',(7.23561015319421,-8.74773281282262,0.246800214995516));
#2885=CARTESIAN_POINT('',(7.16206972811529,-8.75193972436144,0.247454671925933));
#2886=CARTESIAN_POINT('',(7.05816640897503,-8.75681265668313,0.248383395840612));
#2887=CARTESIAN_POINT('',(6.97149101987835,-8.75951740045848,0.249131335710789));
#2888=CARTESIAN_POINT('',(6.90208520326611,-8.76017558038695,0.249677999320845));
#2889=CARTESIAN_POINT('',(6.86736223600467,-8.75975725137573,0.249922322850674));
#2890=CARTESIAN_POINT('',(6.85,-8.75925718971195,0.250032323985205));
#2891=CARTESIAN_POINT('',(8.45,-8.8038964729058,-2.03453622641022E-6));
#2892=CARTESIAN_POINT('',(8.44142811163411,-8.80374493995929,-6.61252890971648E-5));
#2893=CARTESIAN_POINT('',(8.42426722372782,-8.80362517829591,-0.000194742800727874));
#2894=CARTESIAN_POINT('',(8.39846942636214,-8.80404197719452,-0.000365861081920739));
#2895=CARTESIAN_POINT('',(8.37262928371948,-8.80489746951743,-0.000499641658231208));
#2896=CARTESIAN_POINT('',(8.33814258621499,-8.80637179118578,-0.000631170301807309));
#2897=CARTESIAN_POINT('',(8.29500027899662,-8.80853937457835,-0.000727446597129748));
#2898=CARTESIAN_POINT('',(8.24321009996221,-8.81129367488087,-0.000779099563685319));
#2899=CARTESIAN_POINT('',(8.19141009848673,-8.81410281523424,-0.000789107175151363));
#2900=CARTESIAN_POINT('',(8.12233608359134,-8.81786353745173,-0.000765287283400536));
#2901=CARTESIAN_POINT('',(8.03598477645433,-8.82254355692147,-0.000688450779315397));
#2902=CARTESIAN_POINT('',(7.94962692892985,-8.82714227083818,-0.000584455733300904));
#2903=CARTESIAN_POINT('',(7.88917114471689,-8.83030738985969,-0.000462955227840345));
#2904=CARTESIAN_POINT('',(7.85894563057252,-8.83187540059485,-0.000451255993871219));
#2905=CARTESIAN_POINT('',(7.84166808977907,-8.83276709942254,-0.000348952860103182));
#2906=CARTESIAN_POINT('',(7.81582035520375,-8.83410026510061,0.00172760269037236));
#2907=CARTESIAN_POINT('',(7.79044584045984,-8.83542228622785,0.00793416635843904));
#2908=CARTESIAN_POINT('',(7.76655231625018,-8.83673226564054,0.0180129057555706));
#2909=CARTESIAN_POINT('',(7.75118108287731,-8.8376023143142,0.0259063490304818));
#2910=CARTESIAN_POINT('',(7.70913079307987,-8.83998120884068,0.0480063469554901));
#2911=CARTESIAN_POINT('',(7.64020175575536,-8.84379631206872,0.0839745381238183));
#2912=CARTESIAN_POINT('',(7.54833827336642,-8.84869453133846,0.132028751016563));
#2913=CARTESIAN_POINT('',(7.45646090054045,-8.85336531087499,0.180089726234193));
#2914=CARTESIAN_POINT('',(7.39141897458939,-8.85648515449064,0.214234988212243));
#2915=CARTESIAN_POINT('',(7.35308057985052,-8.85823729005528,0.234161402938917));
#2916=CARTESIAN_POINT('',(7.33784103700717,-8.85893051021368,0.242360339626125));
#2917=CARTESIAN_POINT('',(7.32113859943753,-8.85961190371136,0.247402601023414));
#2918=CARTESIAN_POINT('',(7.30606084016088,-8.86019711746449,0.248925936767209));
#2919=CARTESIAN_POINT('',(7.29741991075238,-8.86052828698858,0.249007549141561));
#2920=CARTESIAN_POINT('',(7.28877575915672,-8.86085726632614,0.24895860681982));
#2921=CARTESIAN_POINT('',(7.27797439961558,-8.86126432521718,0.249012787891755));
#2922=CARTESIAN_POINT('',(7.23476472483932,-8.86286972001722,0.249103297428613));
#2923=CARTESIAN_POINT('',(7.16130147324857,-8.86541937094758,0.249271231970495));
#2924=CARTESIAN_POINT('',(7.057566654767,-8.86837267395576,0.24952221009565));
#2925=CARTESIAN_POINT('',(6.97109689392967,-8.87001192151749,0.249728762194807));
#2926=CARTESIAN_POINT('',(6.90190342103898,-8.87041082557183,0.249878750582954));
#2927=CARTESIAN_POINT('',(6.86730127556851,-8.87015729640176,0.249944823480869));
#2928=CARTESIAN_POINT('',(6.85,-8.86985423050874,0.24997414081183));
#2929=CARTESIAN_POINT('',(8.45,-9.04000000933446,1.35640540330304E-6));
#2930=CARTESIAN_POINT('',(8.4413156196608,-9.0400000092855,4.40835734884454E-5));
#2931=CARTESIAN_POINT('',(8.42395826642711,-9.04000000918756,0.000129676806125751));
#2932=CARTESIAN_POINT('',(8.39795987857953,-9.04000000904066,0.000243210377292836));
#2933=CARTESIAN_POINT('',(8.37198971759562,-9.04000000889375,0.000331672227009267));
#2934=CARTESIAN_POINT('',(8.33738494563891,-9.04000000869788,0.000418334766377511));
#2935=CARTESIAN_POINT('',(8.29415158768353,-9.04000000845305,0.000481478649455164));
#2936=CARTESIAN_POINT('',(8.2422844586517,-9.04000000815925,0.000516149144601134));
#2937=CARTESIAN_POINT('',(8.19042382495545,-9.04000000786544,0.000525641247089495));
#2938=CARTESIAN_POINT('',(8.12128126563349,-9.04000000747369,0.000513947857677881));
#2939=CARTESIAN_POINT('',(8.03485926325956,-9.04000000698402,0.000463091462669901));
#2940=CARTESIAN_POINT('',(7.94844269838326,-9.04000000649434,0.000372538163089978));
#2941=CARTESIAN_POINT('',(7.88795109697577,-9.04000000615157,0.000334285205939852));
#2942=CARTESIAN_POINT('',(7.85770901882912,-9.04000000598019,0.000260288394034872));
#2943=CARTESIAN_POINT('',(7.84042230818676,-9.04000000588224,0.000313523671094051));
#2944=CARTESIAN_POINT('',(7.81456208864556,-9.04000000573535,0.00234042407921397));
#2945=CARTESIAN_POINT('',(7.78918221929804,-9.04000000558845,0.00854846146815536));
#2946=CARTESIAN_POINT('',(7.76530373866221,-9.04000000544153,0.0186767574504897));
#2947=CARTESIAN_POINT('',(7.7499501138492,-9.0400000053436,0.0266179426803266));
#2948=CARTESIAN_POINT('',(7.70795222485999,-9.04000000507428,0.0488515681376102));
#2949=CARTESIAN_POINT('',(7.63911339693971,-9.04000000463357,0.085021484916287));
#2950=CARTESIAN_POINT('',(7.54738469614215,-9.04000000404596,0.133323914700765));
#2951=CARTESIAN_POINT('',(7.45565837176036,-9.04000000345834,0.181616095690396));
#2952=CARTESIAN_POINT('',(7.39073735549241,-9.04000000304212,0.215917839661982));
#2953=CARTESIAN_POINT('',(7.35247460107884,-9.04000000279728,0.23593251963988));
#2954=CARTESIAN_POINT('',(7.33726707792696,-9.04000000269935,0.244169621986735));
#2955=CARTESIAN_POINT('',(7.32057824087905,-9.04000000260141,0.24920843668353));
#2956=CARTESIAN_POINT('',(7.30550702032627,-9.04000000251571,0.250690719915319));
#2957=CARTESIAN_POINT('',(7.29686970787815,-9.04000000246675,0.250738489586591));
#2958=CARTESIAN_POINT('',(7.28822927227206,-9.04000000241778,0.250653971867931));
#2959=CARTESIAN_POINT('',(7.27743287602438,-9.04000000235657,0.250665164378944));
#2960=CARTESIAN_POINT('',(7.23424446123635,-9.04000000211174,0.250581919469752));
#2961=CARTESIAN_POINT('',(7.16082870102294,-9.04000000169551,0.250453810365407));
#2962=CARTESIAN_POINT('',(7.05719757525442,-9.04000000110789,0.250292450271563));
#2963=CARTESIAN_POINT('',(6.97085435488432,-9.04000000061821,0.250169787426329));
#2964=CARTESIAN_POINT('',(6.90179155505306,-9.04000000022647,0.250078825394284));
#2965=CARTESIAN_POINT('',(6.86726376145395,-9.04000000003061,0.250036784299977));
#2966=CARTESIAN_POINT('',(6.85,-9.03999999993267,0.250017239411679));
#2967=CARTESIAN_POINT('',(8.45,-9.27610349909083,-2.03468046205968E-6));
#2968=CARTESIAN_POINT('',(8.44142811163411,-9.27625503218439,-6.61254318444146E-5));
#2969=CARTESIAN_POINT('',(8.42426722372782,-9.27637479414188,-0.000194742940498353));
#2970=CARTESIAN_POINT('',(8.39846942636215,-9.27595799568444,-0.000365861217226971));
#2971=CARTESIAN_POINT('',(8.37262928371948,-9.2751025038027,-0.00049964178907469));
#2972=CARTESIAN_POINT('',(8.338142586215,-9.27362818272258,-0.000631170426701369));
#2973=CARTESIAN_POINT('',(8.29500027899664,-9.27146060006531,-0.000727446714588152));
#2974=CARTESIAN_POINT('',(8.24321009996223,-9.26870630064513,-0.000779099672221589));
#2975=CARTESIAN_POINT('',(8.19141009848675,-9.2658971611741,-0.000789107274765374));
#2976=CARTESIAN_POINT('',(8.12233608359137,-9.26213644013306,-0.000765287371118438));
#2977=CARTESIAN_POINT('',(8.03598477645437,-9.2574564221339,-0.000688450852163583));
#2978=CARTESIAN_POINT('',(7.94962692892992,-9.25285770968776,-0.000584455791279234));
#2979=CARTESIAN_POINT('',(7.88917114471694,-9.24969259169566,-0.000462955275409654));
#2980=CARTESIAN_POINT('',(7.85894563057256,-9.2481245814752,-0.000451256036236025));
#2981=CARTESIAN_POINT('',(7.84166808977911,-9.2472328829416,-0.000348952899493965));
#2982=CARTESIAN_POINT('',(7.81582035520378,-9.24589971770472,0.00172760265544265));
#2983=CARTESIAN_POINT('',(7.79044584045987,-9.24457769701865,0.00793416632797037));
#2984=CARTESIAN_POINT('',(7.76655231625022,-9.24326771804713,0.018012905729563));
#2985=CARTESIAN_POINT('',(7.75118108287735,-9.24239766966759,0.0259063490074483));
#2986=CARTESIAN_POINT('',(7.70913079307992,-9.24001877594991,0.0480063469406352));
#2987=CARTESIAN_POINT('',(7.64020175575542,-9.2362036740454,0.0839745381223468));
#2988=CARTESIAN_POINT('',(7.54833827336649,-9.23130545654034,0.132028751032936));
#2989=CARTESIAN_POINT('',(7.45646090054053,-9.22663467876849,0.18008972626841));
#2990=CARTESIAN_POINT('',(7.39141897458948,-9.22351483640283,0.214234988259101));
#2991=CARTESIAN_POINT('',(7.35308057985062,-9.22176270157347,0.234161402993209));
#2992=CARTESIAN_POINT('',(7.33784103700727,-9.22106948170918,0.242360339683391));
#2993=CARTESIAN_POINT('',(7.32113859943764,-9.22038808850561,0.247402601083654));
#2994=CARTESIAN_POINT('',(7.30606084016099,-9.21980287500983,0.248925936830052));
#2995=CARTESIAN_POINT('',(7.29741991075248,-9.21947170563281,0.249007549205891));
#2996=CARTESIAN_POINT('',(7.28877575915683,-9.21914272644231,0.248958606885637));
#2997=CARTESIAN_POINT('',(7.27797439961569,-9.21873566773509,0.249012787959431));
#2998=CARTESIAN_POINT('',(7.23476472483944,-9.21713027367032,0.249103297503724));
#2999=CARTESIAN_POINT('',(7.16130147324869,-9.21458062398994,0.249271232058246));
#3000=CARTESIAN_POINT('',(7.0575666547672,-9.21162732274646,0.249522210201244));
#3001=CARTESIAN_POINT('',(6.97109689392961,-9.20998807665529,0.249728762315292));
#3002=CARTESIAN_POINT('',(6.90190342103897,-9.20958917377741,0.249878750715333));
#3003=CARTESIAN_POINT('',(6.86730127556851,-9.20984270353572,0.249944823619198));
#3004=CARTESIAN_POINT('',(6.85,-9.21014576972285,0.249974140953133));
#3005=CARTESIAN_POINT('',(8.45,-9.42957279829102,-2.46548596764124E-6));
#3006=CARTESIAN_POINT('',(8.44161091109073,-9.42982282927559,-0.000239494011997923));
#3007=CARTESIAN_POINT('',(8.42476927934149,-9.43002043926582,-0.000714921286276628));
#3008=CARTESIAN_POINT('',(8.3992974415089,-9.42933272595162,-0.00134667478237505));
#3009=CARTESIAN_POINT('',(8.37366857867076,-9.42792116848731,-0.00183967525580306));
#3010=CARTESIAN_POINT('',(8.33937375215114,-9.42548854422585,-0.00232319917809746));
#3011=CARTESIAN_POINT('',(8.29637940238042,-9.42191203974229,-0.0026753265213646));
#3012=CARTESIAN_POINT('',(8.24471426709184,-9.41736745398011,-0.00286340702284005));
#3013=CARTESIAN_POINT('',(8.19301279297511,-9.41273238213403,-0.00290125357913662));
#3014=CARTESIAN_POINT('',(8.12405016277291,-9.40652720345781,-0.00281459381837012));
#3015=CARTESIAN_POINT('',(8.03781373539593,-9.39880518756107,-0.00252384286935124));
#3016=CARTESIAN_POINT('',(7.95155130356822,-9.3912173258268,-0.00209729327783803));
#3017=CARTESIAN_POINT('',(7.89115372229632,-9.38599489080114,-0.0017117039568994));
#3018=CARTESIAN_POINT('',(7.86095512465564,-9.38340767876804,-0.00155850392901702));
#3019=CARTESIAN_POINT('',(7.84369248486667,-9.38193637894798,-0.00137518283131539));
#3020=CARTESIAN_POINT('',(7.81786503836089,-9.37973666044769,0.000783986370660628));
#3021=CARTESIAN_POINT('',(7.79249922484783,-9.37755533045622,0.00699007928747836));
#3022=CARTESIAN_POINT('',(7.76858125483071,-9.37539386929378,0.016990213278828));
#3023=CARTESIAN_POINT('',(7.75318140754808,-9.37395829222791,0.0248073585737666));
#3024=CARTESIAN_POINT('',(7.71104596643728,-9.37003312518478,0.0466937391749773));
#3025=CARTESIAN_POINT('',(7.64197033883092,-9.363738219464,0.0823398983620073));
#3026=CARTESIAN_POINT('',(7.54988783635601,-9.3556561771429,0.129998454986375));
#3027=CARTESIAN_POINT('',(7.45776500980827,-9.34794941038159,0.177691417005193));
#3028=CARTESIAN_POINT('',(7.39252660562218,-9.34280168220985,0.211587847205071));
#3029=CARTESIAN_POINT('',(7.35406529535471,-9.33991066664234,0.231374037640459));
#3030=CARTESIAN_POINT('',(7.33877372051271,-9.33876685662663,0.239512237827522));
#3031=CARTESIAN_POINT('',(7.32204918209528,-9.33764256060112,0.244561382809895));
#3032=CARTESIAN_POINT('',(7.30696079739235,-9.33667696074841,0.246152551245386));
#3033=CARTESIAN_POINT('',(7.29831399042321,-9.3361305326565,0.246289799360634));
#3034=CARTESIAN_POINT('',(7.28966380034454,-9.33558771837236,0.246299308407278));
#3035=CARTESIAN_POINT('',(7.2788543754515,-9.33491607323068,0.246424147576202));
#3036=CARTESIAN_POINT('',(7.2356101531944,-9.33226717992476,0.246800214829845));
#3037=CARTESIAN_POINT('',(7.16206972811548,-9.32806026968372,0.247454671758168));
#3038=CARTESIAN_POINT('',(7.05816640897537,-9.3231873391942,0.248383395669883));
#3039=CARTESIAN_POINT('',(6.97149101987825,-9.32048259694564,0.249131335537628));
#3040=CARTESIAN_POINT('',(6.9020852032661,-9.31982441823863,0.249677999145709));
#3041=CARTESIAN_POINT('',(6.86736223600466,-9.32024274786059,0.249922322674553));
#3042=CARTESIAN_POINT('',(6.85,-9.32074280982973,0.250032323808592));
#3043=CARTESIAN_POINT('',(8.45,-9.49450265619473,-1.8874066256766E-6));
#3044=CARTESIAN_POINT('',(8.44170758388029,-9.49479434364759,-0.000330832484391058));
#3045=CARTESIAN_POINT('',(8.4250347895218,-9.49502485791122,-0.00099058691885235));
#3046=CARTESIAN_POINT('',(8.39973533413459,-9.49422247962386,-0.00186732280331399));
#3047=CARTESIAN_POINT('',(8.37421820580846,-9.49257561649472,-0.00255167256435114));
#3048=CARTESIAN_POINT('',(8.34002484952121,-9.48973749340643,-0.00322318413814519));
#3049=CARTESIAN_POINT('',(8.29710874647762,-9.48556482802985,-0.00371291270179661));
#3050=CARTESIAN_POINT('',(8.24550974009308,-9.48026271913242,-0.00397589683365822));
#3051=CARTESIAN_POINT('',(8.19386037179108,-9.4748550431371,-0.00403122036212072));
#3052=CARTESIAN_POINT('',(8.12495664695545,-9.46761554511497,-0.0039150005826705));
#3053=CARTESIAN_POINT('',(8.03878097329771,-9.45860637294394,-0.00351571255763777));
#3054=CARTESIAN_POINT('',(7.95256900169424,-9.44975371396247,-0.00292317199077361));
#3055=CARTESIAN_POINT('',(7.89220220082388,-9.44366076556181,-0.0024011338443048));
#3056=CARTESIAN_POINT('',(7.86201783787264,-9.4406422977545,-0.00217470843019982));
#3057=CARTESIAN_POINT('',(7.84476307842259,-9.4389257505728,-0.0019494594449678));
#3058=CARTESIAN_POINT('',(7.81894636118436,-9.43635936623501,0.000252022442226857));
#3059=CARTESIAN_POINT('',(7.79358514928377,-9.43381443515752,0.00645648917742467));
#3060=CARTESIAN_POINT('',(7.7696542511954,-9.43129268438055,0.0164136757756224));
#3061=CARTESIAN_POINT('',(7.75423927155664,-9.42961781374541,0.0241895530262181));
#3062=CARTESIAN_POINT('',(7.71205879850127,-9.42503836770143,0.0459604380118505));
#3063=CARTESIAN_POINT('',(7.64290564718816,-9.41769417276484,0.0814321601442576));
#3064=CARTESIAN_POINT('',(7.55070731678316,-9.40826493904043,0.128875966566319));
#3065=CARTESIAN_POINT('',(7.45845468297871,-9.39927352680244,0.176368797313851));
#3066=CARTESIAN_POINT('',(7.39311237203369,-9.39326771335429,0.210129731642761));
#3067=CARTESIAN_POINT('',(7.35458605836168,-9.38989478504646,0.229839469623307));
#3068=CARTESIAN_POINT('',(7.33926696659731,-9.38856030930317,0.237944631394782));
#3069=CARTESIAN_POINT('',(7.32253074023153,-9.38724859988177,0.242996498583563));
#3070=CARTESIAN_POINT('',(7.30743673631277,-9.38612203983594,0.244622736694959));
#3071=CARTESIAN_POINT('',(7.29878682101831,-9.38548452503289,0.244788948482252));
#3072=CARTESIAN_POINT('',(7.2901334375111,-9.3848512263389,0.244828910234709));
#3073=CARTESIAN_POINT('',(7.27931974728774,-9.38406762113718,0.244990542822033));
#3074=CARTESIAN_POINT('',(7.23605725472826,-9.38097716880119,0.245515330798179));
#3075=CARTESIAN_POINT('',(7.16247601674695,-9.3760689762722,0.246423181077204));
#3076=CARTESIAN_POINT('',(7.0584835866816,-9.37038370635131,0.247704819334899));
#3077=CARTESIAN_POINT('',(6.97169945187032,-9.36722802010315,0.248734479286348));
#3078=CARTESIAN_POINT('',(6.90218133809775,-9.3664600220451,0.249487250454464));
#3079=CARTESIAN_POINT('',(6.86739447469686,-9.36694801182079,0.249824004841718));
#3080=CARTESIAN_POINT('',(6.85,-9.36753138672649,0.249975757143604));
#3081=CARTESIAN_POINT('',(8.45,-9.51811357735207,-1.58203875393059E-6));
#3082=CARTESIAN_POINT('',(8.44174484684644,-9.51842042638972,-0.000365520189884234));
#3083=CARTESIAN_POINT('',(8.42513713162766,-9.51866293340001,-0.00109545120748088));
#3084=CARTESIAN_POINT('',(8.39990412183759,-9.51781890009325,-0.00206530692918183));
#3085=CARTESIAN_POINT('',(8.37443006208699,-9.51608651260229,-0.00282210340498577));
#3086=CARTESIAN_POINT('',(8.34027581796204,-9.51310099050778,-0.00356432935632419));
#3087=CARTESIAN_POINT('',(8.29738987547508,-9.50871160824272,-0.00410491403931341));
#3088=CARTESIAN_POINT('',(8.24581635877719,-9.50313411905597,-0.00439415064015518));
#3089=CARTESIAN_POINT('',(8.19418707489832,-9.49744557876625,-0.00445359127115655));
#3090=CARTESIAN_POINT('',(8.125306055404,-9.48983007484362,-0.00432248481370995));
#3091=CARTESIAN_POINT('',(8.03915379954349,-9.48035298362716,-0.00387699488633857));
#3092=CARTESIAN_POINT('',(7.95296127806281,-9.47104053615557,-0.00321610655048218));
#3093=CARTESIAN_POINT('',(7.89260634163814,-9.46463113388385,-0.00263841752886371));
#3094=CARTESIAN_POINT('',(7.86242746551265,-9.46145589401857,-0.00238223902923296));
#3095=CARTESIAN_POINT('',(7.84517574357505,-9.45965019353441,-0.00213995559056332));
#3096=CARTESIAN_POINT('',(7.81936316198178,-9.45695051749928,7.91456513909161E-5));
#3097=CARTESIAN_POINT('',(7.79400372379363,-9.45427340917953,0.00628429530540317));
#3098=CARTESIAN_POINT('',(7.77006784252142,-9.45162068533176,0.0162262373736067));
#3099=CARTESIAN_POINT('',(7.75464703004721,-9.44985882640956,0.0239870808275361));
#3100=CARTESIAN_POINT('',(7.71244919922411,-9.44504153650879,0.0457158486893351));
#3101=CARTESIAN_POINT('',(7.64326616604585,-9.43731590586079,0.081124262479877));
#3102=CARTESIAN_POINT('',(7.55102318923871,-9.42739694969127,0.128490531411969));
#3103=CARTESIAN_POINT('',(7.45872052063713,-9.41793855898149,0.175911459602942));
#3104=CARTESIAN_POINT('',(7.39333815835959,-9.41162083163811,0.209623877356582));
#3105=CARTESIAN_POINT('',(7.35478678882982,-9.40807273122458,0.229306329287415));
#3106=CARTESIAN_POINT('',(7.33945709054265,-9.40666895004576,0.237399629410035));
#3107=CARTESIAN_POINT('',(7.32271635900405,-9.40528911785491,0.242453419044258));
#3108=CARTESIAN_POINT('',(7.30762018913301,-9.40410405094153,0.244093938935422));
#3109=CARTESIAN_POINT('',(7.29896907572042,-9.40343342747623,0.244271751481061));
#3110=CARTESIAN_POINT('',(7.29031446129167,-9.40276723913864,0.244323887946699));
#3111=CARTESIAN_POINT('',(7.27949912697734,-9.40194293841051,0.244500248448517));
#3112=CARTESIAN_POINT('',(7.23622959204677,-9.39869198804529,0.245084544399675));
#3113=CARTESIAN_POINT('',(7.16263262254672,-9.39352890088959,0.246093777221599));
#3114=CARTESIAN_POINT('',(7.05860584427019,-9.38754840014974,0.247516686869755));
#3115=CARTESIAN_POINT('',(6.97177979292908,-9.38422887204697,0.248659302901051));
#3116=CARTESIAN_POINT('',(6.90221839370559,-9.38342104990472,0.249495011799467));
#3117=CARTESIAN_POINT('',(6.86740690124731,-9.38393442575805,0.249869140398451));
#3118=CARTESIAN_POINT('',(6.85,-9.38454812383335,0.250037859036369));
#3119=CARTESIAN_POINT('',(8.45,-9.54172454264678,-1.20916252422526E-6));
#3120=CARTESIAN_POINT('',(8.44178351596227,-9.54204650130282,-0.000399260869507576));
#3121=CARTESIAN_POINT('',(8.42524333569979,-9.54230089712691,-0.00119761662149529));
#3122=CARTESIAN_POINT('',(8.40007927888786,-9.54141505290149,-0.00225750610401855));
#3123=CARTESIAN_POINT('',(8.37464991294207,-9.53959698514943,-0.00308288310034317));
#3124=CARTESIAN_POINT('',(8.34053625691007,-9.53646385618301,-0.00388969185291748));
#3125=CARTESIAN_POINT('',(8.29768161311396,-9.53185749719736,-0.00447205169985547));
#3126=CARTESIAN_POINT('',(8.24613454797768,-9.52600431592274,-0.00477533136380573));
#3127=CARTESIAN_POINT('',(8.1945261064247,-9.52003459954007,-0.00482584439462752));
#3128=CARTESIAN_POINT('',(8.12566864907701,-9.51204267398554,-0.00466168941097948));
#3129=CARTESIAN_POINT('',(8.0395406947042,-9.50209714405943,-0.00414625400479265));
#3130=CARTESIAN_POINT('',(7.95336835731322,-9.49232438843349,-0.00339243863038594));
#3131=CARTESIAN_POINT('',(7.89302573304916,-9.48559816852574,-0.00274159862466844));
#3132=CARTESIAN_POINT('',(7.86285255079946,-9.48226597472,-0.0024468442436052));
#3133=CARTESIAN_POINT('',(7.84560398099742,-9.48037101700053,-0.00218248352024142));
#3134=CARTESIAN_POINT('',(7.81979569111116,-9.47753789336879,6.15019903232594E-5));
#3135=CARTESIAN_POINT('',(7.794438093568,-9.47472845190751,0.0062739603662105));
#3136=CARTESIAN_POINT('',(7.77049704106729,-9.47194459908967,0.0162066826716763));
#3137=CARTESIAN_POINT('',(7.75507017565063,-9.47009564794756,0.0239563250375505));
#3138=CARTESIAN_POINT('',(7.71285433204971,-9.46504022837466,0.0456534865097436));
#3139=CARTESIAN_POINT('',(7.64364028938875,-9.45693269431746,0.0810160030620054));
#3140=CARTESIAN_POINT('',(7.55135098140957,-9.44652339210573,0.128328208691267));
#3141=CARTESIAN_POINT('',(7.4589963899053,-9.43659739932708,0.175700921151818));
#3142=CARTESIAN_POINT('',(7.39357246492419,-9.42996731637384,0.209381691608218));
#3143=CARTESIAN_POINT('',(7.3549950940326,-9.42624378402251,0.22904682788132));
#3144=CARTESIAN_POINT('',(7.33965438897649,-9.42477059347531,0.237132218767386));
#3145=CARTESIAN_POINT('',(7.32290898225855,-9.42332253458215,0.242192403413854));
#3146=CARTESIAN_POINT('',(7.30781056470118,-9.42207886986,0.243851594038852));
#3147=CARTESIAN_POINT('',(7.29915820795846,-9.42137508576602,0.24404364511815));
#3148=CARTESIAN_POINT('',(7.2905023161583,-9.42067595581841,0.244110615730954));
#3149=CARTESIAN_POINT('',(7.27968527571184,-9.41981089460583,0.244305009931185));
#3150=CARTESIAN_POINT('',(7.23640843266032,-9.41639918637927,0.244962059495547));
#3151=CARTESIAN_POINT('',(7.16279513799931,-9.41098076288225,0.246095200708902));
#3152=CARTESIAN_POINT('',(7.05873271535268,-9.40470440772636,0.247691112873541));
#3153=CARTESIAN_POINT('',(6.97186316572591,-9.40122051810472,0.248972947586729));
#3154=CARTESIAN_POINT('',(6.90225684763825,-9.40037245614691,0.249912324027886));
#3155=CARTESIAN_POINT('',(6.86741979672419,-9.40091101021216,0.250334037229599));
#3156=CARTESIAN_POINT('',(6.85,-9.40155492752423,0.250524762464338));
#3157=CARTESIAN_POINT('',(8.45,-9.57123833510815,-6.08857397194074E-7));
#3158=CARTESIAN_POINT('',(8.44183448888767,-9.57157894204573,-0.000438081012643657));
#3159=CARTESIAN_POINT('',(8.42538333197667,-9.57184772140418,-0.00131553816378779));
#3160=CARTESIAN_POINT('',(8.40031016772686,-9.5709088973061,-0.00247746625040191));
#3161=CARTESIAN_POINT('',(8.37493971634195,-9.56898301300335,-0.00337660257951064));
#3162=CARTESIAN_POINT('',(8.34087956279611,-9.56566442048128,-0.00424635352317776));
#3163=CARTESIAN_POINT('',(8.29806617636521,-9.56078564688767,-0.00485604352760505));
#3164=CARTESIAN_POINT('',(8.24655397919652,-9.55458641805458,-0.00514454997712112));
#3165=CARTESIAN_POINT('',(8.19497301161858,-9.54826379910708,-0.00515001028281077));
#3166=CARTESIAN_POINT('',(8.12614661346417,-9.53979943658115,-0.00489791196627908));
#3167=CARTESIAN_POINT('',(8.04005069287059,-9.52926597085355,-0.00423480149349465));
#3168=CARTESIAN_POINT('',(7.95390496177967,-9.51891544262026,-0.00330301717829437));
#3169=CARTESIAN_POINT('',(7.89357856718187,-9.51179152947738,-0.00251691892964415));
#3170=CARTESIAN_POINT('',(7.8634128904957,-9.50826230765103,-0.00215189855020054));
#3171=CARTESIAN_POINT('',(7.84616847578145,-9.50625530090455,-0.00184734110992635));
#3172=CARTESIAN_POINT('',(7.82036584314536,-9.50325465155272,0.000446088653527077));
#3173=CARTESIAN_POINT('',(7.79501067190696,-9.50027907744021,0.00668482351615185));
#3174=CARTESIAN_POINT('',(7.77106280278685,-9.49733059718545,0.0166220347604564));
#3175=CARTESIAN_POINT('',(7.75562795849151,-9.49537230328558,0.0243680068973442));
#3176=CARTESIAN_POINT('',(7.71338837077436,-9.4900179085446,0.046054016215908));
#3177=CARTESIAN_POINT('',(7.64413345197711,-9.48143084655289,0.0814059586505072));
#3178=CARTESIAN_POINT('',(7.55178307108933,-9.47040574689114,0.128713468066737));
#3179=CARTESIAN_POINT('',(7.45936003575881,-9.4598923866291,0.176089192477886));
#3180=CARTESIAN_POINT('',(7.39388132357754,-9.45286982986131,0.209775399119406));
#3181=CARTESIAN_POINT('',(7.35526967816355,-9.44892581388052,0.229445447311396));
#3182=CARTESIAN_POINT('',(7.33991446418474,-9.44736538413996,0.237531507227274));
#3183=CARTESIAN_POINT('',(7.32316289473039,-9.44583156438604,0.242611216504242));
#3184=CARTESIAN_POINT('',(7.30806151431377,-9.44451423460538,0.24430472653754));
#3185=CARTESIAN_POINT('',(7.29940751863587,-9.44376876098412,0.244521094013841));
#3186=CARTESIAN_POINT('',(7.29074994302795,-9.44302821528254,0.244613166150543));
#3187=CARTESIAN_POINT('',(7.27993065358913,-9.44211190503761,0.244838266320154));
#3188=CARTESIAN_POINT('',(7.23664417710544,-9.43849805577716,0.245618955478731));
#3189=CARTESIAN_POINT('',(7.16300936291408,-9.43275843255125,0.246962583557724));
#3190=CARTESIAN_POINT('',(7.05889995450688,-9.42610939447801,0.248853113543881));
#3191=CARTESIAN_POINT('',(6.97197306623082,-9.42241766554339,0.25037393800045));
#3192=CARTESIAN_POINT('',(6.90230753691312,-9.42151739388456,0.251494346478112));
#3193=CARTESIAN_POINT('',(6.86743679530735,-9.42208646574897,0.252000974521229));
#3194=CARTESIAN_POINT('',(6.85,-9.42276767962411,0.252231803293409));
#3195=CARTESIAN_POINT('',(8.45,-9.64207173145914,1.31018907530145E-6));
#3196=CARTESIAN_POINT('',(8.44196526080664,-9.64245528092949,-0.000522845902133626));
#3197=CARTESIAN_POINT('',(8.42574249483876,-9.64275495408462,-0.00157433924919182));
#3198=CARTESIAN_POINT('',(8.40090251702415,-9.64168353826344,-0.00295469942272873));
#3199=CARTESIAN_POINT('',(8.37568321196094,-9.6394934542103,-0.00399971688064922));
#3200=CARTESIAN_POINT('',(8.34176031996581,-9.63572249578304,-0.00497314748589708));
#3201=CARTESIAN_POINT('',(8.29905278001669,-9.6301808604158,-0.00558070396197526));
#3202=CARTESIAN_POINT('',(8.24763003722001,-9.62314023738492,-0.00574461005283276));
#3203=CARTESIAN_POINT('',(8.19611955459871,-9.61595977222437,-0.00554778739310773));
#3204=CARTESIAN_POINT('',(8.12737283934019,-9.60634705422381,-0.00495446971004263));
#3205=CARTESIAN_POINT('',(8.04135910195955,-9.59438440914357,-0.00376799727058516));
#3206=CARTESIAN_POINT('',(7.95528162979014,-9.58262909322354,-0.00223513153215399));
#3207=CARTESIAN_POINT('',(7.89499687268096,-9.574538022916,-0.00100087660318454));
#3208=CARTESIAN_POINT('',(7.86485045164743,-9.57052958713999,-0.000405012930395187));
#3209=CARTESIAN_POINT('',(7.84761669688255,-9.56825003604285,3.15696875985983E-5));
#3210=CARTESIAN_POINT('',(7.82182857801928,-9.56484188493409,0.00249519924548372));
#3211=CARTESIAN_POINT('',(7.79647963150757,-9.56146215242989,0.00884469659903489));
#3212=CARTESIAN_POINT('',(7.7725142742329,-9.55811312629781,0.0188367740044845));
#3213=CARTESIAN_POINT('',(7.75705895998672,-9.5558887830935,0.0266022299130667));
#3214=CARTESIAN_POINT('',(7.71475845633,-9.54980687456312,0.0483391026596732));
#3215=CARTESIAN_POINT('',(7.64539866910035,-9.54005262544245,0.0837939661465723));
#3216=CARTESIAN_POINT('',(7.5528916046126,-9.5275278517857,0.131262826191935));
#3217=CARTESIAN_POINT('',(7.46029297546572,-9.51558304944863,0.178819676658905));
#3218=CARTESIAN_POINT('',(7.39467370577784,-9.50760314211118,0.212642654108697));
#3219=CARTESIAN_POINT('',(7.3559741284857,-9.50312089870513,0.232397553431877));
#3220=CARTESIAN_POINT('',(7.34058169161554,-9.50134746821472,0.24051422956271));
#3221=CARTESIAN_POINT('',(7.3238143115547,-9.49960419570914,0.245672929423298));
#3222=CARTESIAN_POINT('',(7.30870532987158,-9.49810689643799,0.247479773821813));
#3223=CARTESIAN_POINT('',(7.30004712947723,-9.49725955460833,0.247772975337592));
#3224=CARTESIAN_POINT('',(7.29138523403145,-9.49641779775431,0.247943895770361));
#3225=CARTESIAN_POINT('',(7.28056017476397,-9.49537622315311,0.248265835013478));
#3226=CARTESIAN_POINT('',(7.23724898354398,-9.49126816869677,0.249435973201328));
#3227=CARTESIAN_POINT('',(7.16355896062647,-9.48474225270679,0.251442433144815));
#3228=CARTESIAN_POINT('',(7.0593290094404,-9.47717701551703,0.254262209076332));
#3229=CARTESIAN_POINT('',(6.97225501787101,-9.47296833880215,0.256540664877247));
#3230=CARTESIAN_POINT('',(6.90243758112175,-9.47192825711765,0.258241113395563));
#3231=CARTESIAN_POINT('',(6.86748040546552,-9.47256331832839,0.259023391543231));
#3232=CARTESIAN_POINT('',(6.85,-9.47333041726909,0.259386006439596));
#3233=CARTESIAN_POINT('',(8.45,-9.72471161025611,5.08661743178762E-6));
#3234=CARTESIAN_POINT('',(8.4421424356646,-9.72513701541864,-0.00059596656241151));
#3235=CARTESIAN_POINT('',(8.4262291025874,-9.72545624347776,-0.00180215955794946));
#3236=CARTESIAN_POINT('',(8.40170505478178,-9.72420540552479,-0.00335682298834066));
#3237=CARTESIAN_POINT('',(8.37669052860603,-9.72168235664135,-0.00447784885664232));
#3238=CARTESIAN_POINT('',(8.34295360387314,-9.71735066227379,-0.0054295660275468));
#3239=CARTESIAN_POINT('',(8.30038946883482,-9.71099446852368,-0.00583150360025528));
#3240=CARTESIAN_POINT('',(8.24908792228408,-9.70292275535236,-0.00558332232207354));
#3241=CARTESIAN_POINT('',(8.19767293541051,-9.69469200603357,-0.00486916489060743));
#3242=CARTESIAN_POINT('',(8.12903417762383,-9.68367358854414,-0.00348918469475263));
#3243=CARTESIAN_POINT('',(8.04313178524136,-9.66996112825855,-0.00118818457052541));
#3244=CARTESIAN_POINT('',(7.9571467929011,-9.65648445407673,0.00156450618091527));
#3245=CARTESIAN_POINT('',(7.89691844787328,-9.64720732623802,0.00368976077158545));
#3246=CARTESIAN_POINT('',(7.86679811514333,-9.64261095376787,0.00474028969567097));
#3247=CARTESIAN_POINT('',(7.84957880289048,-9.63999694640285,0.00543683646172091));
#3248=CARTESIAN_POINT('',(7.82381034784848,-9.63608864478949,0.00825269627942577));
#3249=CARTESIAN_POINT('',(7.79846983483744,-9.63221266237347,0.0148738959332088));
#3250=CARTESIAN_POINT('',(7.77448078393399,-9.62837160092967,0.0250619451275736));
#3251=CARTESIAN_POINT('',(7.75899773620604,-9.62582037901139,0.0329348897308876));
#3252=CARTESIAN_POINT('',(7.71661470127636,-9.61884436278173,0.0549636753669448));
#3253=CARTESIAN_POINT('',(7.64711283423506,-9.6076541999794,0.0909228912493738));
#3254=CARTESIAN_POINT('',(7.5543934887409,-9.59328087950913,0.139096903332694));
#3255=CARTESIAN_POINT('',(7.46155695829444,-9.57956713426514,0.187385698351202));
#3256=CARTESIAN_POINT('',(7.39574725585567,-9.57040024452992,0.221738616324569));
#3257=CARTESIAN_POINT('',(7.35692854505119,-9.56524884948078,0.241811203561419));
#3258=CARTESIAN_POINT('',(7.34148567716696,-9.56321043025673,0.250050451052048));
#3259=CARTESIAN_POINT('',(7.32469687628441,-9.56120630834878,0.255397261739653));
#3260=CARTESIAN_POINT('',(7.30957759611119,-9.55948461779563,0.257428610834101));
#3261=CARTESIAN_POINT('',(7.30091369900424,-9.55851018579344,0.257866455744101));
#3262=CARTESIAN_POINT('',(7.2922459508749,-9.55754210533218,0.258184748563888));
#3263=CARTESIAN_POINT('',(7.28141307442021,-9.55634408407024,0.258688571211546));
#3264=CARTESIAN_POINT('',(7.23806839871877,-9.55161823723843,0.260589078336273));
#3265=CARTESIAN_POINT('',(7.16430357688195,-9.54410490629052,0.263838206685961));
#3266=CARTESIAN_POINT('',(7.0599103096729,-9.53537184297878,0.268403508954838));
#3267=CARTESIAN_POINT('',(6.97263701686738,-9.53047762122636,0.272113889661888));
#3268=CARTESIAN_POINT('',(6.90261377004958,-9.52920847641008,0.274924564186962));
#3269=CARTESIAN_POINT('',(6.86753949019595,-9.52988754947397,0.276242486419863));
#3270=CARTESIAN_POINT('',(6.85,-9.53073835979904,0.2768647415853));
#3271=CARTESIAN_POINT('',(8.45,-9.80733965145248,-7.62992747727065E-6));
#3272=CARTESIAN_POINT('',(8.44234913966554,-9.80778341841404,-0.000660637296875655));
#3273=CARTESIAN_POINT('',(8.42679681162747,-9.80807521359085,-0.00197179505460335));
#3274=CARTESIAN_POINT('',(8.40264134883234,-9.80657447182661,-0.00361653504310286));
#3275=CARTESIAN_POINT('',(8.37786573135863,-9.8036479764334,-0.00471296014862752));
#3276=CARTESIAN_POINT('',(8.3443457684317,-9.79866157055292,-0.00548830865739125));
#3277=CARTESIAN_POINT('',(8.30194893912264,-9.79137334895416,-0.0054615621069099));
#3278=CARTESIAN_POINT('',(8.25078878819218,-9.78212958228346,-0.00450605774840548));
#3279=CARTESIAN_POINT('',(8.19948521302426,-9.77270758544749,-0.00296178860013119));
#3280=CARTESIAN_POINT('',(8.13097240562141,-9.76009551732394,-0.000361962828541479));
#3281=CARTESIAN_POINT('',(8.0451999157368,-9.74439830290144,0.00361691039976752));
#3282=CARTESIAN_POINT('',(7.95932281653054,-9.72896533152627,0.00817032113823632));
#3283=CARTESIAN_POINT('',(7.89916028559764,-9.71833768890427,0.0115993888978526));
#3284=CARTESIAN_POINT('',(7.86907038922187,-9.71307115111395,0.0133125173969313));
#3285=CARTESIAN_POINT('',(7.85186792656641,-9.71007569969473,0.0143878738300835));
#3286=CARTESIAN_POINT('',(7.8261224126492,-9.7055967658973,0.0177279461924665));
#3287=CARTESIAN_POINT('',(7.80079173872229,-9.70115405188999,0.0247794091047418));
#3288=CARTESIAN_POINT('',(7.77677504525193,-9.696750473455,0.035309369294396));
#3289=CARTESIAN_POINT('',(7.76125964179524,-9.69382538503644,0.0433832355359338));
#3290=CARTESIAN_POINT('',(7.71878032038044,-9.68582604469513,0.0659602611525345));
#3291=CARTESIAN_POINT('',(7.64911269355889,-9.67298852317274,0.102847719887747));
#3292=CARTESIAN_POINT('',(7.55614568689057,-9.65648472917105,0.152297518314906));
#3293=CARTESIAN_POINT('',(7.46303160492794,-9.64072011430227,0.20189335760976));
#3294=CARTESIAN_POINT('',(7.39699973094647,-9.63016654407745,0.237185491711703));
#3295=CARTESIAN_POINT('',(7.35804203104426,-9.62422852791943,0.257817510250428));
#3296=CARTESIAN_POINT('',(7.34254032697693,-9.62187813217544,0.266275275821856));
#3297=CARTESIAN_POINT('',(7.32572653513573,-9.61956617307881,0.271917067302018));
#3298=CARTESIAN_POINT('',(7.3105952400574,-9.61757897693062,0.274276416932629));
#3299=CARTESIAN_POINT('',(7.30192469678574,-9.61645396086275,0.274920771549738));
#3300=CARTESIAN_POINT('',(7.2932501205256,-9.6153360629011,0.275448757901563));
#3301=CARTESIAN_POINT('',(7.28240812401915,-9.61395222761198,0.276211976705167));
#3302=CARTESIAN_POINT('',(7.23902438308936,-9.6084911189389,0.279153376325511));
#3303=CARTESIAN_POINT('',(7.16517229584668,-9.59979067494124,0.284173236666838));
#3304=CARTESIAN_POINT('',(7.06058849327748,-9.58960785878964,0.291228095295524));
#3305=CARTESIAN_POINT('',(6.97308268236316,-9.58379315306809,0.296986645864913));
#3306=CARTESIAN_POINT('',(6.90281932379872,-9.58210699397479,0.301394656708686));
#3307=CARTESIAN_POINT('',(6.86760842238145,-9.58273610331921,0.303488533363098));
#3308=CARTESIAN_POINT('',(6.85,-9.58362363724233,0.304489220336822));
#3309=CARTESIAN_POINT('',(8.45,-9.84867258943489,1.23986296240719E-5));
#3310=CARTESIAN_POINT('',(8.44245987395177,-9.84911802108104,-0.000661430075210967));
#3311=CARTESIAN_POINT('',(8.42710094147036,-9.84938106738684,-0.00201479642331895));
#3312=CARTESIAN_POINT('',(8.40314293493085,-9.84773282507221,-0.00368675791247295));
#3313=CARTESIAN_POINT('',(8.37849530426181,-9.84458205777935,-0.00474897023960641));
#3314=CARTESIAN_POINT('',(8.34509157087378,-9.83923823128272,-0.00540179047206627));
#3315=CARTESIAN_POINT('',(8.30278436963397,-9.83144641468503,-0.00511033538217973));
#3316=CARTESIAN_POINT('',(8.25169996635722,-9.82157152397511,-0.00373384034826682));
#3317=CARTESIAN_POINT('',(8.20045607603164,-9.81150880609102,-0.00170280089789543));
#3318=CARTESIAN_POINT('',(8.13201074204869,-9.79803978293103,0.00160660370386642));
#3319=CARTESIAN_POINT('',(8.04630784278793,-9.78127502929085,0.00655445018475481));
#3320=CARTESIAN_POINT('',(7.96048854347489,-9.76478874716979,0.0121426450059528));
#3321=CARTESIAN_POINT('',(7.90036127009283,-9.7534332336517,0.0163192629688508));
#3322=CARTESIAN_POINT('',(7.8702876789068,-9.74780530644907,0.0184118949573489));
#3323=CARTESIAN_POINT('',(7.85309424282136,-9.7446041005729,0.0197042076729559));
#3324=CARTESIAN_POINT('',(7.82736101879244,-9.73981730203867,0.0233461419826058));
#3325=CARTESIAN_POINT('',(7.80203561580345,-9.73506867359095,0.0306491368674054));
#3326=CARTESIAN_POINT('',(7.77800411381511,-9.7303612880156,0.0413832974600109));
#3327=CARTESIAN_POINT('',(7.76247137693231,-9.72723423391705,0.0495788228256759));
#3328=CARTESIAN_POINT('',(7.71994047347192,-9.71868189233786,0.0724881103954623));
#3329=CARTESIAN_POINT('',(7.65018404676808,-9.70495304552114,0.10993594348252));
#3330=CARTESIAN_POINT('',(7.55708436447075,-9.68729382017468,0.16015333407292));
#3331=CARTESIAN_POINT('',(7.46382159419589,-9.67041357591446,0.210533510852002));
#3332=CARTESIAN_POINT('',(7.39767069974511,-9.659102777618,0.246388392213339));
#3333=CARTESIAN_POINT('',(7.35863854139769,-9.65273386983093,0.267355162422907));
#3334=CARTESIAN_POINT('',(7.34310531794656,-9.65021245339713,0.275944013784126));
#3335=CARTESIAN_POINT('',(7.32627813809179,-9.6477315432763,0.281757853221093));
#3336=CARTESIAN_POINT('',(7.31114040645715,-9.64559844095449,0.284305187140343));
#3337=CARTESIAN_POINT('',(7.30246630274011,-9.64439061663886,0.2850671832238));
#3338=CARTESIAN_POINT('',(7.29378806855275,-9.64319029371208,0.285714516662471));
#3339=CARTESIAN_POINT('',(7.28294118630428,-9.64170415614073,0.286625461775113));
#3340=CARTESIAN_POINT('',(7.23953651757359,-9.6358378354724,0.290159538705804));
#3341=CARTESIAN_POINT('',(7.16563768100635,-9.62647994712303,0.296187601233165));
#3342=CARTESIAN_POINT('',(7.06095180592278,-9.61548205997243,0.30466028596222));
#3343=CARTESIAN_POINT('',(6.97332143173589,-9.60913195011712,0.311586183047541));
#3344=CARTESIAN_POINT('',(6.9029294418786,-9.60717715416593,0.316905999905217));
#3345=CARTESIAN_POINT('',(6.86764535033796,-9.60775121679093,0.319443611492737));
#3346=CARTESIAN_POINT('',(6.85,-9.60864208008324,0.320661052324551));
#3347=CARTESIAN_POINT('',(8.45,-9.87226064934161,-1.9074817326159E-5));
#3348=CARTESIAN_POINT('',(8.44252525991125,-9.87270485472946,-0.00070319712558245));
#3349=CARTESIAN_POINT('',(8.42728052290141,-9.87294711809569,-0.00207748484252759));
#3350=CARTESIAN_POINT('',(8.4034391095795,-9.87120805723233,-0.00375951728146309));
#3351=CARTESIAN_POINT('',(8.37886705207131,-9.86792260204832,-0.00479552507932252));
#3352=CARTESIAN_POINT('',(8.34553194945864,-9.86236582517304,-0.00536799168433283));
#3353=CARTESIAN_POINT('',(8.30327767145971,-9.85427535247132,-0.00491022800747185));
#3354=CARTESIAN_POINT('',(8.25223799536897,-9.84402675441342,-0.00327314260686979));
#3355=CARTESIAN_POINT('',(8.2010293475217,-9.83358484517627,-0.000942671486431124));
#3356=CARTESIAN_POINT('',(8.1326238549867,-9.8196087133709,0.00280172971507736));
#3357=CARTESIAN_POINT('',(8.04696204733241,-9.80221216225421,0.00834174082490211));
#3358=CARTESIAN_POINT('',(7.96117687748012,-9.78510221321194,0.0145609600033154));
#3359=CARTESIAN_POINT('',(7.90107042284238,-9.77331553092102,0.0191929948582929));
#3360=CARTESIAN_POINT('',(7.87100645948267,-9.76747347420953,0.0215167177694239));
#3361=CARTESIAN_POINT('',(7.85381835337191,-9.76415033934468,0.0229411398030107));
#3362=CARTESIAN_POINT('',(7.82809238622941,-9.75918108558378,0.0267673191035562));
#3363=CARTESIAN_POINT('',(7.80277009560376,-9.75425111636448,0.0342248403274991));
#3364=CARTESIAN_POINT('',(7.77872984953813,-9.749363594189,0.045085579094357));
#3365=CARTESIAN_POINT('',(7.76318687767992,-9.74611677611718,0.0533569430749892));
#3366=CARTESIAN_POINT('',(7.72062551624974,-9.73723645754408,0.0764734283638768));
#3367=CARTESIAN_POINT('',(7.6508166553297,-9.72297868442797,0.114270157258124));
#3368=CARTESIAN_POINT('',(7.55763863123238,-9.7046330825191,0.16496480353781));
#3369=CARTESIAN_POINT('',(7.46428806404934,-9.68708920566977,0.215832123719523));
#3370=CARTESIAN_POINT('',(7.39806689084526,-9.67532719681164,0.252036301583756));
#3371=CARTESIAN_POINT('',(7.35899076655876,-9.66870117770334,0.273210739181719));
#3372=CARTESIAN_POINT('',(7.34343893166196,-9.66607768014778,0.281880995379536));
#3373=CARTESIAN_POINT('',(7.32660384650394,-9.66349587157128,0.287800426837433));
#3374=CARTESIAN_POINT('',(7.31146231423606,-9.66127558365648,0.29046226257727));
#3375=CARTESIAN_POINT('',(7.3027861081608,-9.66001826283549,0.291295724045026));
#3376=CARTESIAN_POINT('',(7.2941057140545,-9.658768662422,0.292015529996291));
#3377=CARTESIAN_POINT('',(7.2832559468917,-9.65722134452035,0.293016205101386));
#3378=CARTESIAN_POINT('',(7.23983892079286,-9.65111258660725,0.296910248369513));
#3379=CARTESIAN_POINT('',(7.16591247986254,-9.64136050696473,0.303550637927882));
#3380=CARTESIAN_POINT('',(7.06116633338954,-9.62987073487787,0.312884526004336));
#3381=CARTESIAN_POINT('',(6.97346240755599,-9.62319290473683,0.32051972240743));
#3382=CARTESIAN_POINT('',(6.90299446398292,-9.62106718195658,0.326393946201912));
#3383=CARTESIAN_POINT('',(6.86766715541705,-9.62160107928677,0.329201576299948));
#3384=CARTESIAN_POINT('',(6.85,-9.62248949006248,0.330551006922974));
#3385=CARTESIAN_POINT('',(8.45,-9.88995655993668,-6.51370286455788E-5));
#3386=CARTESIAN_POINT('',(8.44257535399312,-9.89039859682404,-0.00075620508687349));
#3387=CARTESIAN_POINT('',(8.42741810544938,-9.89062277537205,-0.00214464031496736));
#3388=CARTESIAN_POINT('',(8.40366601757645,-9.88881185417684,-0.00383156696554499));
#3389=CARTESIAN_POINT('',(8.37915185886084,-9.88542163665414,-0.00484467727738294));
#3390=CARTESIAN_POINT('',(8.34586933627767,-9.8797001517678,-0.00535182072173301));
#3391=CARTESIAN_POINT('',(8.30365560431007,-9.8713794429542,-0.00476194081579717));
#3392=CARTESIAN_POINT('',(8.25265019501506,-9.8608430715447,-0.00291956669901184));
#3393=CARTESIAN_POINT('',(8.20146854745361,-9.85010927595212,-0.00035404941222128));
#3394=CARTESIAN_POINT('',(8.13309357860856,-9.83574282220855,0.00373113914093445));
#3395=CARTESIAN_POINT('',(8.04746325242697,-9.81785993491678,0.00973422954942352));
#3396=CARTESIAN_POINT('',(7.96170423014542,-9.80026974761589,0.0164462995925213));
#3397=CARTESIAN_POINT('',(7.90161372535211,-9.78815094709796,0.0214338258994935));
#3398=CARTESIAN_POINT('',(7.87155713814967,-9.78214392243112,0.0239378859501407));
#3399=CARTESIAN_POINT('',(7.85437311548725,-9.77872684321123,0.0254654017245755));
#3400=CARTESIAN_POINT('',(7.82865270805611,-9.77361700161002,0.0294355578970625));
#3401=CARTESIAN_POINT('',(7.80333280190238,-9.76854728039171,0.0370142876710395));
#3402=CARTESIAN_POINT('',(7.77928585674528,-9.76352090934582,0.0479748230874104));
#3403=CARTESIAN_POINT('',(7.76373504357526,-9.7601817706805,0.0563061701896471));
#3404=CARTESIAN_POINT('',(7.72115034741017,-9.75104860092475,0.0795865682980639));
#3405=CARTESIAN_POINT('',(7.65130131511481,-9.73638289382317,0.117659060705536));
#3406=CARTESIAN_POINT('',(7.55806327109008,-9.71750752381122,0.168730632166067));
#3407=CARTESIAN_POINT('',(7.46464544014675,-9.69945093683881,0.21998245279288));
#3408=CARTESIAN_POINT('',(7.39837042434941,-9.68733990520188,0.256462230915723));
#3409=CARTESIAN_POINT('',(7.35926061648055,-9.68051480856881,0.277800470921268));
#3410=CARTESIAN_POINT('',(7.34369452281489,-9.6778122525584,0.286534974684681));
#3411=CARTESIAN_POINT('',(7.32685338117454,-9.67515227252659,0.292537184212299));
#3412=CARTESIAN_POINT('',(7.31170893713119,-9.67286441000521,0.295288388958434));
#3413=CARTESIAN_POINT('',(7.30303112037825,-9.67156871799843,0.296177542610359));
#3414=CARTESIAN_POINT('',(7.29434907149535,-9.67028091066313,0.296953812336018));
#3415=CARTESIAN_POINT('',(7.28349709411593,-9.6686861465053,0.298024407791466));
#3416=CARTESIAN_POINT('',(7.24007060067859,-9.66238931662477,0.302198934113618));
#3417=CARTESIAN_POINT('',(7.1661230112443,-9.65233097865483,0.309316439254553));
#3418=CARTESIAN_POINT('',(7.06133068911003,-9.64045730718453,0.3193214059596));
#3419=CARTESIAN_POINT('',(6.97357041322461,-9.63352119876149,0.32750942194716));
#3420=CARTESIAN_POINT('',(6.90304427930478,-9.63125729040528,0.333815916819262));
#3421=CARTESIAN_POINT('',(6.86768386092119,-9.63175606853728,0.336834177851276));
#3422=CARTESIAN_POINT('',(6.85,-9.632640142312,0.338286610642223));
#3423=CARTESIAN_POINT('',(8.45,-9.90767684779991,0.000280223435642491));
#3424=CARTESIAN_POINT('',(8.44262650268723,-9.90811531115743,-0.000419204438697668));
#3425=CARTESIAN_POINT('',(8.42755858447205,-9.90831859482855,-0.00182462069993111));
#3426=CARTESIAN_POINT('',(8.40389770258386,-9.90643159821349,-0.00352034811766175));
#3427=CARTESIAN_POINT('',(8.37944266158279,-9.90293240326411,-0.00451388241061729));
#3428=CARTESIAN_POINT('',(8.34621382597711,-9.89704059024936,-0.0049593988291739));
#3429=CARTESIAN_POINT('',(8.3040414936415,-9.88848262017722,-0.00424096049899408));
#3430=CARTESIAN_POINT('',(8.25307107254844,-9.87765004524011,-0.00219658283726906));
#3431=CARTESIAN_POINT('',(8.20191699369987,-9.8666159331161,0.000601321917265057));
#3432=CARTESIAN_POINT('',(8.13357319114877,-9.85184791719965,0.00502432957402549));
#3433=CARTESIAN_POINT('',(8.04797500920773,-9.83346464343944,0.0114875699207911));
#3434=CARTESIAN_POINT('',(7.96224268497209,-9.8153801675866,0.0186901882379964));
#3435=CARTESIAN_POINT('',(7.90216846580942,-9.80291941363631,0.0240318151487535));
#3436=CARTESIAN_POINT('',(7.87211941005176,-9.79674250341146,0.0267155714708862));
#3437=CARTESIAN_POINT('',(7.85493955680502,-9.79322866977785,0.0283458157010625));
#3438=CARTESIAN_POINT('',(7.8292248261318,-9.78797402524833,0.0324591763180553));
#3439=CARTESIAN_POINT('',(7.8039073546494,-9.78276033694301,0.040157862881538));
#3440=CARTESIAN_POINT('',(7.77985356936732,-9.77759090193871,0.0512164924100407));
#3441=CARTESIAN_POINT('',(7.76429474980524,-9.77415663262123,0.0596065497567912));
#3442=CARTESIAN_POINT('',(7.72168622764766,-9.76476288402147,0.0830473383618976));
#3443=CARTESIAN_POINT('',(7.65179617826382,-9.7496765976704,0.121389989271813));
#3444=CARTESIAN_POINT('',(7.55849685073426,-9.73025459920338,0.172831207102247));
#3445=CARTESIAN_POINT('',(7.46501033995147,-9.71166844175589,0.224460408842468));
#3446=CARTESIAN_POINT('',(7.39868034803259,-9.6991964445908,0.261210812696112));
#3447=CARTESIAN_POINT('',(7.35953614745333,-9.69216524528627,0.282709964381852));
#3448=CARTESIAN_POINT('',(7.3439554948342,-9.68938082076235,0.291507532611538));
#3449=CARTESIAN_POINT('',(7.32710816920663,-9.68663985921658,0.297591727225431));
#3450=CARTESIAN_POINT('',(7.31196075208727,-9.68428196328727,0.300431963710933));
#3451=CARTESIAN_POINT('',(7.30328129074765,-9.68294649506537,0.301376714174236));
#3452=CARTESIAN_POINT('',(7.29459755225075,-9.68161907577893,0.302209368545503));
#3453=CARTESIAN_POINT('',(7.28374331812383,-9.67997510907824,0.303349771558899));
#3454=CARTESIAN_POINT('',(7.24030715803559,-9.6734831820836,0.30780434664235));
#3455=CARTESIAN_POINT('',(7.16633797486567,-9.66310664303692,0.315398235265915));
#3456=CARTESIAN_POINT('',(7.06149850495096,-9.65083221183115,0.326073194492776));
#3457=CARTESIAN_POINT('',(6.97368069269678,-9.64362377483278,0.334812989973591));
#3458=CARTESIAN_POINT('',(6.90309514337025,-9.64121044066593,0.34155071364845));
#3459=CARTESIAN_POINT('',(6.86770091812015,-9.64166847948241,0.344778968590591));
#3460=CARTESIAN_POINT('',(6.85,-9.64254540619745,0.346334036336502));
#3461=CARTESIAN_POINT('',(8.45,-9.93126342671566,0.00181367386882139));
#3462=CARTESIAN_POINT('',(8.44269610709571,-9.9316955722616,0.00109828354165534));
#3463=CARTESIAN_POINT('',(8.42774975180187,-9.9318678898866,-0.0003394133460628));
#3464=CARTESIAN_POINT('',(8.40421298527436,-9.92987480006298,-0.0020608756901448));
#3465=CARTESIAN_POINT('',(8.37983839312193,-9.92622564256263,-0.00304152907690871));
#3466=CARTESIAN_POINT('',(8.34668261608356,-9.92010051295612,-0.0034215267468514));
#3467=CARTESIAN_POINT('',(8.30456662139148,-9.91121842901358,-0.00255107397323107));
#3468=CARTESIAN_POINT('',(8.25364381310933,-9.89998159740884,-0.000259322138843415));
#3469=CARTESIAN_POINT('',(8.20252725044736,-9.88853774461212,0.00282730398227182));
#3470=CARTESIAN_POINT('',(8.13422585976021,-9.87322188762409,0.00767333456787211));
#3471=CARTESIAN_POINT('',(8.04867142049701,-9.85415590085461,0.014716896253602));
#3472=CARTESIAN_POINT('',(7.96297542762283,-9.8353968425478,0.0225412027172945));
#3473=CARTESIAN_POINT('',(7.90292337034926,-9.82246927895175,0.0283325950333975));
#3474=CARTESIAN_POINT('',(7.872884563568,-9.81606041878158,0.0312448347590924));
#3475=CARTESIAN_POINT('',(7.85571038416528,-9.81241447305274,0.0330057019971374));
#3476=CARTESIAN_POINT('',(7.8300033785647,-9.80696209863673,0.0373001801407581));
#3477=CARTESIAN_POINT('',(7.80468922024328,-9.8015517949,0.0451483482467447));
#3478=CARTESIAN_POINT('',(7.7806261267499,-9.79618694863574,0.0563267080454483));
#3479=CARTESIAN_POINT('',(7.7650564118914,-9.79262273223843,0.0647874873291187));
#3480=CARTESIAN_POINT('',(7.72241546673373,-9.78287300310177,0.0884213151453377));
#3481=CARTESIAN_POINT('',(7.65246960028103,-9.76721196647183,0.127090328555735));
#3482=CARTESIAN_POINT('',(7.5590868766418,-9.74704249280308,0.178979535813591));
#3483=CARTESIAN_POINT('',(7.46550690463418,-9.72773160412718,0.231067252611566));
#3484=CARTESIAN_POINT('',(7.39910209984888,-9.71476511819758,0.268146947885713));
#3485=CARTESIAN_POINT('',(7.35991109681834,-9.70745134980544,0.289842141126084));
#3486=CARTESIAN_POINT('',(7.34431063201511,-9.70455466105322,0.298716356625393));
#3487=CARTESIAN_POINT('',(7.32745489106472,-9.70170261794522,0.304902946156747));
#3488=CARTESIAN_POINT('',(7.31230342810997,-9.69924862620471,0.307856313371642));
#3489=CARTESIAN_POINT('',(7.30362172877611,-9.69785856992416,0.308872135143241));
#3490=CARTESIAN_POINT('',(7.29493569101068,-9.69647678159773,0.309776932927117));
#3491=CARTESIAN_POINT('',(7.28407838584592,-9.69476527012516,0.31100659903229));
#3492=CARTESIAN_POINT('',(7.24062907113997,-9.68800544811936,0.31581934035806));
#3493=CARTESIAN_POINT('',(7.16663050268032,-9.67719143957669,0.32402252064173));
#3494=CARTESIAN_POINT('',(7.06172687289944,-9.66436402479536,0.335554187770778));
#3495=CARTESIAN_POINT('',(6.97383076373107,-9.65677695197852,0.344998996356093));
#3496=CARTESIAN_POINT('',(6.90316436044904,-9.65415195855639,0.352286857189565));
#3497=CARTESIAN_POINT('',(6.86772412997853,-9.65454946586495,0.355782532207454));
#3498=CARTESIAN_POINT('',(6.85,-9.65541375695684,0.357468095723062));
#3499=CARTESIAN_POINT('',(8.45,-9.97224471600711,0.00730825212832145));
#3500=CARTESIAN_POINT('',(8.44282160595343,-9.97266255578572,0.00655215544928275));
#3501=CARTESIAN_POINT('',(8.42809443229049,-9.97277418363588,0.00503240448237807));
#3502=CARTESIAN_POINT('',(8.40478144951934,-9.9705856819061,0.00322876458908767));
#3503=CARTESIAN_POINT('',(8.38055190907887,-9.96666434115033,0.00223555916936719));
#3504=CARTESIAN_POINT('',(8.34752785885126,-9.96011790911998,0.00192599152572451));
#3505=CARTESIAN_POINT('',(8.30551344263765,-9.95065237791889,0.00301090311878186));
#3506=CARTESIAN_POINT('',(8.25467648169639,-9.93868859956338,0.0056771246883659));
#3507=CARTESIAN_POINT('',(8.20362756185572,-9.926508203007,0.00921277078825802));
#3508=CARTESIAN_POINT('',(8.13540264104445,-9.91020762736715,0.0147261200076979));
#3509=CARTESIAN_POINT('',(8.04992707115496,-9.88991439686076,0.0226967629959069));
#3510=CARTESIAN_POINT('',(7.96429658482642,-9.86994232328883,0.0315227363695815));
#3511=CARTESIAN_POINT('',(7.90428448611048,-9.85617509563322,0.0380415903807594));
#3512=CARTESIAN_POINT('',(7.87426415854426,-9.84934894946901,0.0413240531268077));
#3513=CARTESIAN_POINT('',(7.85710020925423,-9.84546530837938,0.0432965864748792));
#3514=CARTESIAN_POINT('',(7.83140713219371,-9.83965715787079,0.0478818483102689));
#3515=CARTESIAN_POINT('',(7.80609894760193,-9.83389302833789,0.0559637594699833));
#3516=CARTESIAN_POINT('',(7.7820190711215,-9.8281764635775,0.0673222198768985));
#3517=CARTESIAN_POINT('',(7.76642971171342,-9.82437834059636,0.0758866618244907));
#3518=CARTESIAN_POINT('',(7.72373030690407,-9.81398777273623,0.0998029545765758));
#3519=CARTESIAN_POINT('',(7.65368380058478,-9.79729167674464,0.138953079373664));
#3520=CARTESIAN_POINT('',(7.56015071123267,-9.77577512630805,0.191506918355994));
#3521=CARTESIAN_POINT('',(7.46640222580452,-9.75515696281761,0.244278244908895));
#3522=CARTESIAN_POINT('',(7.399862531154,-9.74129749997503,0.281850295284143));
#3523=CARTESIAN_POINT('',(7.36058714188556,-9.73347298769422,0.30383932955958));
#3524=CARTESIAN_POINT('',(7.34495095511402,-9.73037333734834,0.312827891277232));
#3525=CARTESIAN_POINT('',(7.3280800410816,-9.72732040231231,0.319175250816209));
#3526=CARTESIAN_POINT('',(7.31292128336302,-9.72469255610729,0.3223117264244));
#3527=CARTESIAN_POINT('',(7.30423554885774,-9.72320372112706,0.323443766352815));
#3528=CARTESIAN_POINT('',(7.29554536544146,-9.7217235373836,0.324466715330072));
#3529=CARTESIAN_POINT('',(7.28468252310242,-9.71988976056387,0.325842418537516));
#3530=CARTESIAN_POINT('',(7.24120949022211,-9.71264487430322,0.331241316623125));
#3531=CARTESIAN_POINT('',(7.16715793919462,-9.70103767256749,0.340441700924756));
#3532=CARTESIAN_POINT('',(7.06213862723079,-9.68720354136408,0.353374931573687));
#3533=CARTESIAN_POINT('',(6.97410134635351,-9.67892135989422,0.363971644493281));
#3534=CARTESIAN_POINT('',(6.90328916093959,-9.67589996599882,0.37215601476882));
#3535=CARTESIAN_POINT('',(6.86776598166259,-9.67617854478027,0.376086154024056));
#3536=CARTESIAN_POINT('',(6.85,-9.6770142243375,0.37798315423541));
#3537=CARTESIAN_POINT('',(8.45,-10.0523156563638,0.0290536068338473));
#3538=CARTESIAN_POINT('',(8.44308736824037,-10.0526943321348,0.028166281575648));
#3539=CARTESIAN_POINT('',(8.42882434391344,-10.0526634754893,0.0263827152436058));
#3540=CARTESIAN_POINT('',(8.40598525615578,-10.0500524925283,0.0242699716264071));
#3541=CARTESIAN_POINT('',(8.3820628840465,-10.0455551278427,0.0231151047524882));
#3542=CARTESIAN_POINT('',(8.34931778471226,-10.0381238810728,0.0227745754755251));
#3543=CARTESIAN_POINT('',(8.30751847586485,-10.0274386929897,0.0240885006925928));
#3544=CARTESIAN_POINT('',(8.25686330929251,-10.0139577062948,0.0272775556384826));
#3545=CARTESIAN_POINT('',(8.20595763307341,-10.0002409073812,0.0314939062187332));
#3546=CARTESIAN_POINT('',(8.13789464846991,-9.98188647465384,0.0380601856376871));
#3547=CARTESIAN_POINT('',(8.05258609607767,-9.95903323194384,0.0475437906909622));
#3548=CARTESIAN_POINT('',(7.96709432949285,-9.93652960311187,0.0580406721220626));
#3549=CARTESIAN_POINT('',(7.90716684889895,-9.92100918002629,0.0657848450023297));
#3550=CARTESIAN_POINT('',(7.8771856537881,-9.91331152821855,0.0696937153135914));
#3551=CARTESIAN_POINT('',(7.86004336826613,-9.90893139146139,0.0720244289913294));
#3552=CARTESIAN_POINT('',(7.8343797869375,-9.90238003134871,0.0770903873778222));
#3553=CARTESIAN_POINT('',(7.80908425259674,-9.89587659280452,0.0855322031492578));
#3554=CARTESIAN_POINT('',(7.78496883567314,-9.88942493363292,0.0971369724009193));
#3555=CARTESIAN_POINT('',(7.76933787604239,-9.88513789253816,0.105830881498191));
#3556=CARTESIAN_POINT('',(7.7265146743236,-9.8734076086297,0.130097687380304));
#3557=CARTESIAN_POINT('',(7.65625504828684,-9.85454642165803,0.169861394254808));
#3558=CARTESIAN_POINT('',(7.5624035374251,-9.83020908800999,0.223282365939568));
#3559=CARTESIAN_POINT('',(7.46829820004759,-9.80684974521472,0.276961013965268));
#3560=CARTESIAN_POINT('',(7.40147285627074,-9.79111463252585,0.315192970083103));
#3561=CARTESIAN_POINT('',(7.36201876673378,-9.78221587010282,0.337579121498003));
#3562=CARTESIAN_POINT('',(7.34630693344113,-9.77868919162365,0.34671977436293));
#3563=CARTESIAN_POINT('',(7.32940388817615,-9.77521336778559,0.353317534250015));
#3564=CARTESIAN_POINT('',(7.31422968272243,-9.77221934582388,0.356762971746241));
#3565=CARTESIAN_POINT('',(7.30553540314824,-9.77052240097129,0.358096093819778));
#3566=CARTESIAN_POINT('',(7.29683644070662,-9.76883487392076,0.359324218431353));
#3567=CARTESIAN_POINT('',(7.28596187258676,-9.76674337581553,0.360952893062847));
#3568=CARTESIAN_POINT('',(7.24243861298428,-9.75847559868026,0.367367929822728));
#3569=CARTESIAN_POINT('',(7.16827486357783,-9.74519231453808,0.378297311690885));
#3570=CARTESIAN_POINT('',(7.06301057757952,-9.72921812081476,0.393658236491352));
#3571=CARTESIAN_POINT('',(6.97467434484807,-9.71944019730909,0.406244007308057));
#3572=CARTESIAN_POINT('',(6.90355344433133,-9.71554158268332,0.415966653024063));
#3573=CARTESIAN_POINT('',(6.86785460875823,-9.71554009451861,0.420636726622312));
#3574=CARTESIAN_POINT('',(6.85,-9.71629744606056,0.422891421344857));
#3575=CARTESIAN_POINT('',(8.45,-10.1557062799905,0.0897842053821842));
#3576=CARTESIAN_POINT('',(8.44350921314026,-10.1560208041334,0.0885653802839657));
#3577=CARTESIAN_POINT('',(8.42998293379114,-10.1557699921171,0.0861166583880489));
#3578=CARTESIAN_POINT('',(8.4078960603406,-10.1525308554029,0.0831436724151944));
#3579=CARTESIAN_POINT('',(8.38446125701099,-10.147185990252,0.0813625985343653));
#3580=CARTESIAN_POINT('',(8.35215893687258,-10.1384579102428,0.0804801217756133));
#3581=CARTESIAN_POINT('',(8.31070106828897,-10.125989339957,0.0815415581414936));
#3582=CARTESIAN_POINT('',(8.26033446420698,-10.1102916945031,0.084821304287377));
#3583=CARTESIAN_POINT('',(8.20965615881578,-10.0943308168052,0.0893789351216731));
#3584=CARTESIAN_POINT('',(8.1418502158119,-10.0729766781588,0.0966309282534848));
#3585=CARTESIAN_POINT('',(8.05680677055817,-10.0463842447011,0.107284055313982));
#3586=CARTESIAN_POINT('',(7.97153519404274,-10.020182077898,0.119201166676684));
#3587=CARTESIAN_POINT('',(7.91174202792826,-10.0020996685927,0.128027886586678));
#3588=CARTESIAN_POINT('',(7.88182294782594,-9.99312829806286,0.132499852842436));
#3589=CARTESIAN_POINT('',(7.8647150492374,-9.98802247568928,0.135152705709957));
#3590=CARTESIAN_POINT('',(7.83909828653081,-9.98038477843373,0.14061207297097));
#3591=CARTESIAN_POINT('',(7.81382283195356,-9.97280057502207,0.149255564379813));
#3592=CARTESIAN_POINT('',(7.78965100162811,-9.96527417184028,0.16088169852765));
#3593=CARTESIAN_POINT('',(7.77395400989791,-9.96027227020613,0.169534710021077));
#3594=CARTESIAN_POINT('',(7.73093430514826,-9.94658298947738,0.193680283156749));
#3595=CARTESIAN_POINT('',(7.66033639384566,-9.92455498798014,0.233309125264508));
#3596=CARTESIAN_POINT('',(7.56597945201627,-9.89608952748184,0.286628091968016));
#3597=CARTESIAN_POINT('',(7.4713076829731,-9.86871577770293,0.34026852671146));
#3598=CARTESIAN_POINT('',(7.4040289278846,-9.85023143934533,0.378500747943817));
#3599=CARTESIAN_POINT('',(7.3642911871278,-9.83975701863357,0.400901241484437));
#3600=CARTESIAN_POINT('',(7.3484592799921,-9.83560389387263,0.410036907852811));
#3601=CARTESIAN_POINT('',(7.33150523277067,-9.83150753708317,0.416785727593873));
#3602=CARTESIAN_POINT('',(7.31630650710245,-9.82797605156765,0.420505979896359));
#3603=CARTESIAN_POINT('',(7.3075986639268,-9.82597360385175,0.422035079470009));
#3604=CARTESIAN_POINT('',(7.29888576652435,-9.82398166903115,0.423465679183593));
#3605=CARTESIAN_POINT('',(7.28799258605396,-9.82151174385379,0.425341895123));
#3606=CARTESIAN_POINT('',(7.24438960149567,-9.81174167881209,0.432753847873381));
#3607=CARTESIAN_POINT('',(7.17004775942421,-9.79599426534383,0.445380466005166));
#3608=CARTESIAN_POINT('',(7.06439462575212,-9.77686440290105,0.463116467489627));
#3609=CARTESIAN_POINT('',(6.97558386626804,-9.76486767460167,0.477627467983467));
#3610=CARTESIAN_POINT('',(6.90397294177855,-9.75965026313847,0.488806216683685));
#3611=CARTESIAN_POINT('',(6.86799528668782,-9.75921586715367,0.494157987207023));
#3612=CARTESIAN_POINT('',(6.85,-9.75984491543956,0.496734049978913));
#3613=CARTESIAN_POINT('',(8.45,-10.2467937247917,0.201188591468058));
#3614=CARTESIAN_POINT('',(8.44408292220411,-10.2470816929181,0.199359947147363));
#3615=CARTESIAN_POINT('',(8.43155861602481,-10.2466677863306,0.195688654804479));
#3616=CARTESIAN_POINT('',(8.41049475403195,-10.2428261429236,0.191068800907784));
#3617=CARTESIAN_POINT('',(8.38772304424269,-10.2366155550254,0.187959147177409));
#3618=CARTESIAN_POINT('',(8.3560229038106,-10.2265329788769,0.185703704083228));
#3619=CARTESIAN_POINT('',(8.31502939398576,-10.2121764796329,0.185626858411247));
#3620=CARTESIAN_POINT('',(8.26505523489065,-10.1941213992902,0.188076067948826));
#3621=CARTESIAN_POINT('',(8.21468615382539,-10.175770182673,0.192143963288328));
#3622=CARTESIAN_POINT('',(8.14722978739701,-10.1512198044198,0.199056691549233));
#3623=CARTESIAN_POINT('',(8.06254688785163,-10.1206446014348,0.209710574139059));
#3624=CARTESIAN_POINT('',(7.97757476983058,-10.0905084484362,0.221969403808248));
#3625=CARTESIAN_POINT('',(7.91796427140812,-10.0697046372262,0.231155531598324));
#3626=CARTESIAN_POINT('',(7.8881296677174,-10.0593812950093,0.235836880298424));
#3627=CARTESIAN_POINT('',(7.87106853535832,-10.05350550177,0.238609883583952));
#3628=CARTESIAN_POINT('',(7.8455154459777,-10.044715477754,0.244127348594166));
#3629=CARTESIAN_POINT('',(7.82026729987883,-10.0359856343124,0.252568180549733));
#3630=CARTESIAN_POINT('',(7.79601874732686,-10.0273208161293,0.263746432636224));
#3631=CARTESIAN_POINT('',(7.7802319519414,-10.0215619337219,0.27202586450832));
#3632=CARTESIAN_POINT('',(7.73694500306979,-10.0057991994623,0.295132174188565));
#3633=CARTESIAN_POINT('',(7.66588702380566,-9.98042485396731,0.333146785253106));
#3634=CARTESIAN_POINT('',(7.57084269586024,-9.94761075249263,0.38441927190152));
#3635=CARTESIAN_POINT('',(7.47540057975178,-9.91602482557725,0.436099983300505));
#3636=CARTESIAN_POINT('',(7.40750518527945,-9.89467003688164,0.472981239848193));
#3637=CARTESIAN_POINT('',(7.36738167886364,-9.88255695590837,0.494606341479546));
#3638=CARTESIAN_POINT('',(7.35138647130141,-9.8777529474833,0.503417267332511));
#3639=CARTESIAN_POINT('',(7.33436306141921,-9.87301280302613,0.510053569594882));
#3640=CARTESIAN_POINT('',(7.31913098825925,-9.86892460663578,0.513869356013796));
#3641=CARTESIAN_POINT('',(7.31040469858564,-9.86660598142088,0.51550600554755));
#3642=CARTESIAN_POINT('',(7.30167284963645,-9.8642991832132,0.517052991959817));
#3643=CARTESIAN_POINT('',(7.29075435636935,-9.86143817797054,0.519067139777925));
#3644=CARTESIAN_POINT('',(7.24704294587114,-9.85011749712609,0.527040001075138));
#3645=CARTESIAN_POINT('',(7.17245889777527,-9.83184174893098,0.54062353528504));
#3646=CARTESIAN_POINT('',(7.06627693126682,-9.80953019526875,0.559681887779141));
#3647=CARTESIAN_POINT('',(6.97682081539918,-9.79537516058685,0.575221406233389));
#3648=CARTESIAN_POINT('',(6.90454345830675,-9.78897860041468,0.587108619471741));
#3649=CARTESIAN_POINT('',(6.86818660867206,-9.78822641879375,0.592751580053004));
#3650=CARTESIAN_POINT('',(6.85,-9.78880235504635,0.595446744491905));
#3651=CARTESIAN_POINT('',(8.45,-10.2818994908494,0.303243793099337));
#3652=CARTESIAN_POINT('',(8.44456382539,-10.2822426068207,0.300829405879236));
#3653=CARTESIAN_POINT('',(8.43287940848538,-10.2818565090198,0.295984170029963));
#3654=CARTESIAN_POINT('',(8.41267307080265,-10.2777881801655,0.289760140602466));
#3655=CARTESIAN_POINT('',(8.39045718942221,-10.271153494779,0.285313111638858));
#3656=CARTESIAN_POINT('',(8.35926181727337,-10.2603553059558,0.281608516088297));
#3657=CARTESIAN_POINT('',(8.31865754934925,-10.2449581842802,0.280204667717037));
#3658=CARTESIAN_POINT('',(8.26901235149315,-10.2255854169155,0.281510266731899));
#3659=CARTESIAN_POINT('',(8.21890247317168,-10.2058918352534,0.284720223070304));
#3660=CARTESIAN_POINT('',(8.15173913416688,-10.1795447961544,0.290752000309587));
#3661=CARTESIAN_POINT('',(8.06735845675939,-10.1467331645982,0.300660807169795));
#3662=CARTESIAN_POINT('',(7.98263735541744,-10.1143971705272,0.312460368143161));
#3663=CARTESIAN_POINT('',(7.92317997550153,-10.0920777618907,0.32142576797463));
#3664=CARTESIAN_POINT('',(7.89341618292053,-10.0810031679096,0.326021630265208));
#3665=CARTESIAN_POINT('',(7.87639425166556,-10.0747000262358,0.328746206063518));
#3666=CARTESIAN_POINT('',(7.85089453551407,-10.0652709517217,0.33408865794533));
#3667=CARTESIAN_POINT('',(7.82566928034561,-10.0559070728299,0.342135900882187));
#3668=CARTESIAN_POINT('',(7.80135641651553,-10.0466136379682,0.352715009704964));
#3669=CARTESIAN_POINT('',(7.78549434453668,-10.0404371496956,0.360532152145105));
#3670=CARTESIAN_POINT('',(7.7419833822099,-10.0235321820037,0.382357174544592));
#3671=CARTESIAN_POINT('',(7.67053975774272,-9.99632366222725,0.418347542038979));
#3672=CARTESIAN_POINT('',(7.57491923849415,-9.96114885830938,0.467009746027344));
#3673=CARTESIAN_POINT('',(7.47883139028685,-9.92730457683074,0.516152897303139));
#3674=CARTESIAN_POINT('',(7.41041910691925,-9.90443500166973,0.551267874886208));
#3675=CARTESIAN_POINT('',(7.3699722381128,-9.89146824978745,0.571870161131957));
#3676=CARTESIAN_POINT('',(7.35384014636951,-9.88632620832913,0.580259736215283));
#3677=CARTESIAN_POINT('',(7.33675859425695,-9.88125335283604,0.586652580547618));
#3678=CARTESIAN_POINT('',(7.32149856805245,-9.87687898679006,0.590417947952545));
#3679=CARTESIAN_POINT('',(7.3127568158732,-9.87439829330834,0.592070178754641));
#3680=CARTESIAN_POINT('',(7.30400908106865,-9.87193041241777,0.593640153701414));
#3681=CARTESIAN_POINT('',(7.29306936972196,-9.86886992819791,0.595676707258312));
#3682=CARTESIAN_POINT('',(7.24926707277411,-9.85676160978852,0.603746887375769));
#3683=CARTESIAN_POINT('',(7.17447999904012,-9.83722766183638,0.617498689731036));
#3684=CARTESIAN_POINT('',(7.06785474618356,-9.81343061804867,0.636770632663469));
#3685=CARTESIAN_POINT('',(6.97785766981793,-9.79840750215413,0.652426582131799));
#3686=CARTESIAN_POINT('',(6.90502168539657,-9.79172709930965,0.664311088117874));
#3687=CARTESIAN_POINT('',(6.86834698151179,-9.79103683789132,0.669899850866598));
#3688=CARTESIAN_POINT('',(6.85,-9.79172306983382,0.672545708718182));
#3689=CARTESIAN_POINT('',(8.45,-10.2890058804665,0.367846091939377));
#3690=CARTESIAN_POINT('',(8.44487704522818,-10.2894196735404,0.365040535246191));
#3691=CARTESIAN_POINT('',(8.43373966146958,-10.2891245212817,0.359411359707));
#3692=CARTESIAN_POINT('',(8.41409184290988,-10.2850285893573,0.352113507804816));
#3693=CARTESIAN_POINT('',(8.39223798134836,-10.2782456602091,0.346766427612965));
#3694=CARTESIAN_POINT('',(8.3613713727524,-10.2671580550966,0.342079312689692));
#3695=CARTESIAN_POINT('',(8.32102062422417,-10.2513098756998,0.339762837137072));
#3696=CARTESIAN_POINT('',(8.27158968401714,-10.231353709006,0.340265589316703));
#3697=CARTESIAN_POINT('',(8.2216486285354,-10.2110616470008,0.342858761192511));
#3698=CARTESIAN_POINT('',(8.15467614291831,-10.1839124536309,0.348239434128624));
#3699=CARTESIAN_POINT('',(8.07049230756117,-10.1501038721441,0.357566302660487));
#3700=CARTESIAN_POINT('',(7.98593469734573,-10.1167932871696,0.368970075939358));
#3701=CARTESIAN_POINT('',(7.9265770459308,-10.0938065095986,0.377724051047304));
#3702=CARTESIAN_POINT('',(7.89685937374363,-10.0824022320636,0.382230404130122));
#3703=CARTESIAN_POINT('',(7.87986297478673,-10.075911884297,0.384904106593104));
#3704=CARTESIAN_POINT('',(7.85439802146211,-10.0662032058485,0.390103572038636));
#3705=CARTESIAN_POINT('',(7.82918767551805,-10.0565627877737,0.397865466610655));
#3706=CARTESIAN_POINT('',(7.8048329247371,-10.0469961252006,0.40802534634323));
#3707=CARTESIAN_POINT('',(7.7889218239244,-10.0406383846275,0.415522060628773));
#3708=CARTESIAN_POINT('',(7.74526495809721,-10.0232387514237,0.436459398083739));
#3709=CARTESIAN_POINT('',(7.67357015682015,-9.99524212814079,0.47104435091198));
#3710=CARTESIAN_POINT('',(7.57757435507809,-9.95906838043203,0.517890446099316));
#3711=CARTESIAN_POINT('',(7.48106593135904,-9.92428770108913,0.565264853910585));
#3712=CARTESIAN_POINT('',(7.41231699009254,-9.90080671604385,0.599147266185284));
#3713=CARTESIAN_POINT('',(7.37165951025535,-9.88750315459307,0.619035047250026));
#3714=CARTESIAN_POINT('',(7.35543826368359,-9.88222848867591,0.627130858175921));
#3715=CARTESIAN_POINT('',(7.33831884261838,-9.87702626105567,0.633345802766091));
#3716=CARTESIAN_POINT('',(7.32304061015461,-9.87254172092671,0.637061416191392));
#3717=CARTESIAN_POINT('',(7.31428878700128,-9.86999896136822,0.63871412944545));
#3718=CARTESIAN_POINT('',(7.30553070548831,-9.86746961670218,0.640289411313594));
#3719=CARTESIAN_POINT('',(7.29457717447135,-9.86433344821523,0.64232847573928));
#3720=CARTESIAN_POINT('',(7.2507156817438,-9.8519286739476,0.650413711770329));
#3721=CARTESIAN_POINT('',(7.17579637420605,-9.83194011909965,0.664192949895437));
#3722=CARTESIAN_POINT('',(7.0688824019517,-9.80767898349298,0.683488017163286));
#3723=CARTESIAN_POINT('',(6.97853298947225,-9.79249512994251,0.699123141248179));
#3724=CARTESIAN_POINT('',(6.90533316225112,-9.78593707282193,0.710928556965064));
#3725=CARTESIAN_POINT('',(6.86845143487451,-9.7854325540948,0.716443356313184));
#3726=CARTESIAN_POINT('',(6.85,-9.78626014024259,0.719037768257666));
#3727=CARTESIAN_POINT('',(8.45,-10.2900503701621,0.391440859760917));
#3728=CARTESIAN_POINT('',(8.44499305257564,-10.2904938180672,0.388489920058931));
#3729=CARTESIAN_POINT('',(8.43405827368594,-10.290239645048,0.382569385634083));
#3730=CARTESIAN_POINT('',(8.4146173140607,-10.2861455378436,0.374872305425708));
#3731=CARTESIAN_POINT('',(8.39289753391359,-10.2793205640729,0.369190356648571));
#3732=CARTESIAN_POINT('',(8.36215268959649,-10.2681435329399,0.364137323956624));
#3733=CARTESIAN_POINT('',(8.32189583714079,-10.2521511028869,0.361480311205951));
#3734=CARTESIAN_POINT('',(8.27254425161862,-10.2320065153825,0.361682680148808));
#3735=CARTESIAN_POINT('',(8.22266572311454,-10.2115205485616,0.364044380777707));
#3736=CARTESIAN_POINT('',(8.15576392393736,-10.1841112952627,0.369179860562494));
#3737=CARTESIAN_POINT('',(8.07165299304329,-10.1499797271949,0.37828614211839));
#3738=CARTESIAN_POINT('',(7.98715593509695,-10.1163542861948,0.389538273100498));
#3739=CARTESIAN_POINT('',(7.92783522016385,-10.0931525074778,0.398210404772051));
#3740=CARTESIAN_POINT('',(7.89813462960403,-10.0816421842474,0.402681837304823));
#3741=CARTESIAN_POINT('',(7.88114768705382,-10.0750916696712,0.405335686939404));
#3742=CARTESIAN_POINT('',(7.85569560885027,-10.0652931792647,0.410480678167044));
#3743=CARTESIAN_POINT('',(7.83049078484117,-10.055564063687,0.418135371880963));
#3744=CARTESIAN_POINT('',(7.80612052037471,-10.0459099077824,0.4281384653016));
#3745=CARTESIAN_POINT('',(7.79019126073466,-10.0394941654151,0.435515491640496));
#3746=CARTESIAN_POINT('',(7.74648035657398,-10.02193640121,0.456121277049817));
#3747=CARTESIAN_POINT('',(7.67469252684882,-9.99368878143368,0.490181157092045));
#3748=CARTESIAN_POINT('',(7.57855773159066,-9.95719923023714,0.536348554275992));
#3749=CARTESIAN_POINT('',(7.48189353916355,-9.92212549137979,0.583061806801097));
#3750=CARTESIAN_POINT('',(7.41301990978635,-9.89845578503404,0.616483417283529));
#3751=CARTESIAN_POINT('',(7.3722844258637,-9.88504951770981,0.636104039668868));
#3752=CARTESIAN_POINT('',(7.35603015898511,-9.87973453285,0.64409003820262));
#3753=CARTESIAN_POINT('',(7.33889671238187,-9.8744931689532,0.650238083147043));
#3754=CARTESIAN_POINT('',(7.32361173685911,-9.86997548513797,0.653934384676675));
#3755=CARTESIAN_POINT('',(7.31485618371538,-9.86741411016367,0.655586771190468));
#3756=CARTESIAN_POINT('',(7.30609427008818,-9.86486636910047,0.657163513158869));
#3757=CARTESIAN_POINT('',(7.29513562067483,-9.86170762164517,0.659202875753237));
#3758=CARTESIAN_POINT('',(7.25125220358443,-9.84921481558054,0.667291160917697));
#3759=CARTESIAN_POINT('',(7.1762839205638,-9.82909455870065,0.681076264316543));
#3760=CARTESIAN_POINT('',(7.06926301519916,-9.80471211123236,0.700373831038945));
#3761=CARTESIAN_POINT('',(6.97878310786274,-9.78950934829172,0.715996187757097));
#3762=CARTESIAN_POINT('',(6.90544852404911,-9.78302741305852,0.727768267372278));
#3763=CARTESIAN_POINT('',(6.86849012130515,-9.78260625339479,0.733253651163615));
#3764=CARTESIAN_POINT('',(6.85,-9.78349314920508,0.735827998216077));
#3765=CARTESIAN_POINT('',(8.45,-10.2899455579951,0.42686030795855));
#3766=CARTESIAN_POINT('',(8.44516917282135,-10.2904381557231,0.423688423860159));
#3767=CARTESIAN_POINT('',(8.43454198495989,-10.2902547867153,0.417325100561003));
#3768=CARTESIAN_POINT('',(8.41541507480787,-10.286177419319,0.409021239529552));
#3769=CARTESIAN_POINT('',(8.39389885462627,-10.2793033813427,0.402830219687442));
#3770=CARTESIAN_POINT('',(8.36333887062343,-10.2680108814833,0.397220751069064));
#3771=CARTESIAN_POINT('',(8.32322456947787,-10.2518254133261,0.394045608157041));
#3772=CARTESIAN_POINT('',(8.27399345879542,-10.231426200062,0.393790581396721));
#3773=CARTESIAN_POINT('',(8.22420985761199,-10.2106773814738,0.395799507252507));
#3774=CARTESIAN_POINT('',(8.15741537330265,-10.1829153788899,0.400560926806845));
#3775=CARTESIAN_POINT('',(8.0734151246389,-10.1483460067112,0.409330051668797));
#3776=CARTESIAN_POINT('',(7.98900999604653,-10.114294957433,0.42034969651539));
#3777=CARTESIAN_POINT('',(7.9297453574086,-10.0908033500294,0.428895989079482));
#3778=CARTESIAN_POINT('',(7.90007069986483,-10.0791502947721,0.433313612922894));
#3779=CARTESIAN_POINT('',(7.88309811385933,-10.0725188651336,0.435936869242818));
#3780=CARTESIAN_POINT('',(7.85766558243048,-10.0625996595183,0.440998479035982));
#3781=CARTESIAN_POINT('',(7.83246914172265,-10.0527515004143,0.448489742688931));
#3782=CARTESIAN_POINT('',(7.80807532466092,-10.0429801072407,0.458254126314135));
#3783=CARTESIAN_POINT('',(7.79211849661934,-10.0364866973343,0.465448991477033));
#3784=CARTESIAN_POINT('',(7.74832555244328,-10.0187174082954,0.485550174542137));
#3785=CARTESIAN_POINT('',(7.67639648861963,-9.99013530196341,0.518810859625486));
#3786=CARTESIAN_POINT('',(7.58005067593247,-9.9532280564478,0.563945151171409));
#3787=CARTESIAN_POINT('',(7.48314999828495,-9.91777073923138,0.609651931092821));
#3788=CARTESIAN_POINT('',(7.41408706968514,-9.89385762533135,0.642372034948401));
#3789=CARTESIAN_POINT('',(7.3732331613782,-9.88032063707718,0.661585929105248));
#3790=CARTESIAN_POINT('',(7.35692876367014,-9.87495450895551,0.669404759350297));
#3791=CARTESIAN_POINT('',(7.33977402375008,-9.86966377579595,0.675450785357364));
#3792=CARTESIAN_POINT('',(7.32447881103776,-9.86510454470941,0.679117371445516));
#3793=CARTESIAN_POINT('',(7.31571759509043,-9.86251991418745,0.680769035352411));
#3794=CARTESIAN_POINT('',(7.30694986361709,-9.85994924610457,0.682347767462705));
#3795=CARTESIAN_POINT('',(7.29598344354739,-9.8567624646668,0.684387299536631));
#3796=CARTESIAN_POINT('',(7.25206674128793,-9.84416094878691,0.692479081061145));
#3797=CARTESIAN_POINT('',(7.17702410457966,-9.82388281325554,0.70627116328789));
#3798=CARTESIAN_POINT('',(7.06984085531121,-9.79937440890742,0.725569805967509));
#3799=CARTESIAN_POINT('',(6.97916283305557,-9.78418995764201,0.741170513943904));
#3800=CARTESIAN_POINT('',(6.90562366423332,-9.77785954584825,0.752890170849426));
#3801=CARTESIAN_POINT('',(6.86854885434076,-9.77758209508385,0.758329990254205));
#3802=CARTESIAN_POINT('',(6.85,-9.77856729053998,0.760873422040876));
#3803=CARTESIAN_POINT('',(8.45,-10.2900435536039,0.503591528281546));
#3804=CARTESIAN_POINT('',(8.44556219165309,-10.2906192186565,0.499925537384773));
#3805=CARTESIAN_POINT('',(8.43562140452927,-10.2905424104231,0.492571991923747));
#3806=CARTESIAN_POINT('',(8.4171953073734,-10.2864310407354,0.482910893421987));
#3807=CARTESIAN_POINT('',(8.39613333877152,-10.2793804251049,0.475580679042815));
#3808=CARTESIAN_POINT('',(8.36598587738612,-10.2677440471709,0.468725258230851));
#3809=CARTESIAN_POINT('',(8.326189684753,-10.2510232099956,0.464388582635321));
#3810=CARTESIAN_POINT('',(8.27722741812406,-10.2299317638347,0.463106493158414));
#3811=CARTESIAN_POINT('',(8.22765565076195,-10.208472889333,0.464321821766306));
#3812=CARTESIAN_POINT('',(8.16110064354293,-10.1797592049637,0.468240022350349));
#3813=CARTESIAN_POINT('',(8.07734738636323,-10.1440070176263,0.476246157408062));
#3814=CARTESIAN_POINT('',(7.99314740151883,-10.1087995774942,0.486736388666631));
#3815=CARTESIAN_POINT('',(7.93400789920423,-10.084516040227,0.494994438081408));
#3816=CARTESIAN_POINT('',(7.90439111214342,-10.0724717483898,0.499288271580438));
#3817=CARTESIAN_POINT('',(7.88745056329756,-10.0656181548662,0.50184113535065));
#3818=CARTESIAN_POINT('',(7.86206165121824,-10.0553671277562,0.506713492736285));
#3819=CARTESIAN_POINT('',(7.83688391815676,-10.0451907691366,0.513836872515795));
#3820=CARTESIAN_POINT('',(7.81243754260896,-10.0350950900045,0.523065382760313));
#3821=CARTESIAN_POINT('',(7.79641919466139,-10.028386552513,0.529851626094099));
#3822=CARTESIAN_POINT('',(7.75244317516158,-10.010030127896,0.548820933689573));
#3823=CARTESIAN_POINT('',(7.68019894223193,-9.980512485067,0.580288634738367));
#3824=CARTESIAN_POINT('',(7.58338223635989,-9.94241914769156,0.623104778274263));
#3825=CARTESIAN_POINT('',(7.48595383321054,-9.90584965652859,0.666552842785213));
#3826=CARTESIAN_POINT('',(7.41646847640538,-9.88121005594716,0.697698488336));
#3827=CARTESIAN_POINT('',(7.37535029971195,-9.86727271921899,0.715999447336159));
#3828=CARTESIAN_POINT('',(7.35893403320678,-9.86174893277965,0.723443112933728));
#3829=CARTESIAN_POINT('',(7.34173177646397,-9.85630438496715,0.729259357476555));
#3830=CARTESIAN_POINT('',(7.32641371908513,-9.85161414286543,0.732857775326205));
#3831=CARTESIAN_POINT('',(7.31763986638245,-9.84895570136504,0.73450676548994));
#3832=CARTESIAN_POINT('',(7.30885915217059,-9.84631193411435,0.736088877456176));
#3833=CARTESIAN_POINT('',(7.29787539159432,-9.84303513243312,0.738127461206021));
#3834=CARTESIAN_POINT('',(7.25388441225102,-9.83008095882773,0.7462217388912));
#3835=CARTESIAN_POINT('',(7.17867585254318,-9.80926164923767,0.76002037426707));
#3836=CARTESIAN_POINT('',(7.07113032685865,-9.78419925081473,0.779308683354782));
#3837=CARTESIAN_POINT('',(6.98001020384517,-9.76882023526077,0.79485046917274));
#3838=CARTESIAN_POINT('',(6.90601449602164,-9.76263073258457,0.806444653112446));
#3839=CARTESIAN_POINT('',(6.86867991927849,-9.76257095526805,0.811778549029379));
#3840=CARTESIAN_POINT('',(6.85,-9.76372228537323,0.814250869820497));
#3841=CARTESIAN_POINT('',(8.45,-10.2899973603876,0.621646180118316));
#3842=CARTESIAN_POINT('',(8.4462090204996,-10.2906237351138,0.617152961956651));
#3843=CARTESIAN_POINT('',(8.43739790900842,-10.2905566941128,0.608141656277291));
#3844=CARTESIAN_POINT('',(8.42012520712345,-10.2861617545769,0.59620473696627));
#3845=CARTESIAN_POINT('',(8.39981084398375,-10.278608222386,0.586957555979248));
#3846=CARTESIAN_POINT('',(8.37034231069861,-10.2661344564193,0.577995438987756));
#3847=CARTESIAN_POINT('',(8.33106965980331,-10.2482045435495,0.571676976269425));
#3848=CARTESIAN_POINT('',(8.28254985565958,-10.2255856064395,0.568620381571332));
#3849=CARTESIAN_POINT('',(8.23332672356692,-10.2025718209633,0.568445441507584));
#3850=CARTESIAN_POINT('',(8.16716584680065,-10.171777321088,0.570863649703108));
#3851=CARTESIAN_POINT('',(8.08381908723331,-10.1334345560194,0.5774737767366));
#3852=CARTESIAN_POINT('',(7.99995672716199,-10.0956771909325,0.586952418788331));
#3853=CARTESIAN_POINT('',(7.94102317371584,-10.0696356965571,0.594637881077317));
#3854=CARTESIAN_POINT('',(7.9115016296681,-10.0567197005536,0.598678882072221));
#3855=CARTESIAN_POINT('',(7.8946138074535,-10.0493701440168,0.601087837579708));
#3856=CARTESIAN_POINT('',(7.86929668392798,-10.0383773636689,0.605606639375687));
#3857=CARTESIAN_POINT('',(7.84414973983722,-10.0274648240867,0.612082472601965));
#3858=CARTESIAN_POINT('',(7.81961686373992,-10.0166389848494,0.620386959823365));
#3859=CARTESIAN_POINT('',(7.80349726657317,-10.0094453094218,0.626472638477529));
#3860=CARTESIAN_POINT('',(7.75921994242605,-9.98976162514346,0.643501954555718));
#3861=CARTESIAN_POINT('',(7.68645700542212,-9.95811091950371,0.671892515370404));
#3862=CARTESIAN_POINT('',(7.58886530539966,-9.9172677908977,0.710725121146027));
#3863=CARTESIAN_POINT('',(7.49056837369631,-9.87806222837077,0.750287461835165));
#3864=CARTESIAN_POINT('',(7.4203877862133,-9.85164972318457,0.778722630058218));
#3865=CARTESIAN_POINT('',(7.37883467764942,-9.83671103467587,0.795450942766836));
#3866=CARTESIAN_POINT('',(7.36223429791825,-9.83079052455804,0.802249107382632));
#3867=CARTESIAN_POINT('',(7.34495383817555,-9.82495516639743,0.807659122014497));
#3868=CARTESIAN_POINT('',(7.32959818313447,-9.81992846801977,0.811120799424237));
#3869=CARTESIAN_POINT('',(7.32080353290957,-9.8170793849577,0.812751360911281));
#3870=CARTESIAN_POINT('',(7.31200145175776,-9.81424607123859,0.814325007190402));
#3871=CARTESIAN_POINT('',(7.30098915224402,-9.81073441911229,0.816344494891303));
#3872=CARTESIAN_POINT('',(7.25687592796847,-9.79685226410867,0.824372739544267));
#3873=CARTESIAN_POINT('',(7.18139429284094,-9.77454514625647,0.838062920021035));
#3874=CARTESIAN_POINT('',(7.0732525340566,-9.74770541473376,0.857165883235184));
#3875=CARTESIAN_POINT('',(6.98140480335578,-9.73125620740247,0.872470412789451));
#3876=CARTESIAN_POINT('',(6.9066577254407,-9.72466679830199,0.883745867890047));
#3877=CARTESIAN_POINT('',(6.8688956254372,-9.72463355837194,0.888849322384666));
#3878=CARTESIAN_POINT('',(6.85,-9.72588630782434,0.891176552497722));
#3879=CARTESIAN_POINT('',(8.45,-10.2899780384252,0.763310537902916));
#3880=CARTESIAN_POINT('',(8.4470527102994,-10.2905545031432,0.757688107315472));
#3881=CARTESIAN_POINT('',(8.43971508876381,-10.2902776595882,0.746414065016881));
#3882=CARTESIAN_POINT('',(8.4239468154931,-10.2852101513849,0.731358022757327));
#3883=CARTESIAN_POINT('',(8.40460758991273,-10.2767208344722,0.719459789519263));
#3884=CARTESIAN_POINT('',(8.37602461501925,-10.2627991564003,0.707548926581231));
#3885=CARTESIAN_POINT('',(8.33743484465155,-10.2428645446148,0.698394422431824));
#3886=CARTESIAN_POINT('',(8.28949216548852,-10.217748048667,0.692721933659276));
#3887=CARTESIAN_POINT('',(8.24072377505165,-10.1922038003225,0.690432277629177));
#3888=CARTESIAN_POINT('',(8.17507698148464,-10.1580262289085,0.690492211284494));
#3889=CARTESIAN_POINT('',(8.0922604361943,-10.1154671543976,0.694779254875026));
#3890=CARTESIAN_POINT('',(8.00883845626175,-10.0735422632003,0.702436229332558));
#3891=CARTESIAN_POINT('',(7.95017353177446,-10.0446158889796,0.709023296460814));
#3892=CARTESIAN_POINT('',(7.92077621774378,-10.0302661823189,0.712558744734619));
#3893=CARTESIAN_POINT('',(7.90395716939603,-10.0220999469334,0.714679553130191));
#3894=CARTESIAN_POINT('',(7.87873368311459,-10.0098847778505,0.71858653443799));
#3895=CARTESIAN_POINT('',(7.85362689855086,-9.99775653626389,0.724067080701862));
#3896=CARTESIAN_POINT('',(7.82898119564986,-9.98572222005085,0.731015659478394));
#3897=CARTESIAN_POINT('',(7.81272953428419,-9.97772485586692,0.736087117433384));
#3898=CARTESIAN_POINT('',(7.76805920407536,-9.95583927110452,0.750309797917122));
#3899=CARTESIAN_POINT('',(7.69461969653976,-9.92063203554357,0.774234714486655));
#3900=CARTESIAN_POINT('',(7.59601713458197,-9.87516001806324,0.807268757350888));
#3901=CARTESIAN_POINT('',(7.49658733954731,-9.8314620305019,0.841160118526631));
#3902=CARTESIAN_POINT('',(7.425499929441,-9.80198056604996,0.865633008639934));
#3903=CARTESIAN_POINT('',(7.38337951843741,-9.78528644732228,0.88005894187129));
#3904=CARTESIAN_POINT('',(7.36653899102016,-9.77866834555732,0.885914708002501));
#3905=CARTESIAN_POINT('',(7.34915652736457,-9.77214249174602,0.890694416850838));
#3906=CARTESIAN_POINT('',(7.33375183189447,-9.76651821300841,0.893889851568054));
#3907=CARTESIAN_POINT('',(7.32493005446668,-9.76332959845585,0.895446155309582));
#3908=CARTESIAN_POINT('',(7.31610010339319,-9.76015806735816,0.896958539046981));
#3909=CARTESIAN_POINT('',(7.30505057917841,-9.75622614267718,0.898890343431533));
#3910=CARTESIAN_POINT('',(7.2607779049912,-9.74067660191333,0.906581356336794));
#3911=CARTESIAN_POINT('',(7.18494008453365,-9.71564264040657,0.919703201002026));
#3912=CARTESIAN_POINT('',(7.07602063040173,-9.68534096976646,0.937961764635278));
#3913=CARTESIAN_POINT('',(6.9832238461957,-9.66649991613769,0.952454626086406));
#3914=CARTESIAN_POINT('',(6.90749672033511,-9.65854452639628,0.962912585189504));
#3915=CARTESIAN_POINT('',(6.86917698129638,-9.65810008486412,0.967514582551339));
#3916=CARTESIAN_POINT('',(6.85,-9.65925301430025,0.969552123271605));
#3917=CARTESIAN_POINT('',(8.45,-10.2899814435251,0.904974126671366));
#3918=CARTESIAN_POINT('',(8.44796389528317,-10.2904184583672,0.898061070239737));
#3919=CARTESIAN_POINT('',(8.44221764289964,-10.2897527325225,0.884201119543691));
#3920=CARTESIAN_POINT('',(8.42807415253231,-10.2837440360486,0.865563195226689));
#3921=CARTESIAN_POINT('',(8.40978807551604,-10.2740503148106,0.850588596284468));
#3922=CARTESIAN_POINT('',(8.38216150368554,-10.2583225651623,0.8352087820268));
#3923=CARTESIAN_POINT('',(8.34430924428764,-10.2359355551221,0.822635971010112));
#3924=CARTESIAN_POINT('',(8.29698986010378,-10.2077842611297,0.813711858091091));
#3925=CARTESIAN_POINT('',(8.24871259065515,-10.1791723107102,0.80871185027127));
#3926=CARTESIAN_POINT('',(8.18362100694334,-10.140895348815,0.805656236028415));
#3927=CARTESIAN_POINT('',(8.10137709307216,-10.0932245661839,0.806723585257115));
#3928=CARTESIAN_POINT('',(8.01843072368949,-10.0462367501982,0.811702394469475));
#3929=CARTESIAN_POINT('',(7.96005591847776,-10.0137987170578,0.816605659853738));
#3930=CARTESIAN_POINT('',(7.9307927728655,-9.99770191020251,0.819346343703553));
#3931=CARTESIAN_POINT('',(7.91404800029396,-9.98853991623272,0.82101380036957));
#3932=CARTESIAN_POINT('',(7.88892564223613,-9.97483373881144,0.824046786277105));
#3933=CARTESIAN_POINT('',(7.86386222996159,-9.96122117561696,0.828239193348545));
#3934=CARTESIAN_POINT('',(7.83909467411259,-9.94770976282479,0.833510161731589));
#3935=CARTESIAN_POINT('',(7.82270038341209,-9.93872963014899,0.837344108482784));
#3936=CARTESIAN_POINT('',(7.77760560665661,-9.91414967562958,0.848144702190626));
#3937=CARTESIAN_POINT('',(7.70343540294682,-9.87458005133727,0.8666070351563));
#3938=CARTESIAN_POINT('',(7.60374111009886,-9.82340466656903,0.892525712984109));
#3939=CARTESIAN_POINT('',(7.50308782266639,-9.77413977555971,0.919439499193262));
#3940=CARTESIAN_POINT('',(7.43102104412693,-9.74082826296577,0.939028979341114));
#3941=CARTESIAN_POINT('',(7.38828794648845,-9.7219310146801,0.95061296061531));
#3942=CARTESIAN_POINT('',(7.37118805957023,-9.71443624153243,0.955308783534483));
#3943=CARTESIAN_POINT('',(7.35369543168871,-9.70704081233483,0.959265609287922));
#3944=CARTESIAN_POINT('',(7.33823777255527,-9.70066225846863,0.962049118154609));
#3945=CARTESIAN_POINT('',(7.32938669774835,-9.69704457255778,0.963454147106636));
#3946=CARTESIAN_POINT('',(7.32052664715946,-9.69344528421372,0.964829290874632));
#3947=CARTESIAN_POINT('',(7.30943692026754,-9.68898116214331,0.966577551747099));
#3948=CARTESIAN_POINT('',(7.26499204017576,-9.67131653628024,0.973548972243122));
#3949=CARTESIAN_POINT('',(7.18876953956179,-9.64279464224263,0.985452864624975));
#3950=CARTESIAN_POINT('',(7.07901017445448,-9.60795655407157,1.00194655961873));
#3951=CARTESIAN_POINT('',(6.98518841246282,-9.58582825546733,1.01485205527504));
#3952=CARTESIAN_POINT('',(6.90840283482109,-9.57579056614261,1.02385850730609));
#3953=CARTESIAN_POINT('',(6.8694808456243,-9.57457676353714,1.02763462526714));
#3954=CARTESIAN_POINT('',(6.85,-9.5754507932214,1.02921714859451));
#3955=CARTESIAN_POINT('',(8.45,-10.2899941928528,1.04663740182704));
#3956=CARTESIAN_POINT('',(8.44894257545093,-10.2902288819593,1.0382533628973));
#3957=CARTESIAN_POINT('',(8.4449055714159,-10.2890485221055,1.02144644555453));
#3958=CARTESIAN_POINT('',(8.4325072182411,-10.2819100097817,0.998707050364605));
#3959=CARTESIAN_POINT('',(8.41535230079365,-10.2708232566392,0.980173942558551));
#3960=CARTESIAN_POINT('',(8.38875297669746,-10.2530379319757,0.960729198666062));
#3961=CARTESIAN_POINT('',(8.35169285871158,-10.2278841443821,0.944061099168283));
#3962=CARTESIAN_POINT('',(8.30504293950534,-10.1963207971869,0.931135972617643));
#3963=CARTESIAN_POINT('',(8.25729317037743,-10.1642638895339,0.922716317771604));
#3964=CARTESIAN_POINT('',(8.19279792317675,-10.1213845302797,0.915636336388441));
#3965=CARTESIAN_POINT('',(8.11116905786689,-10.067973280931,0.912397947981223));
#3966=CARTESIAN_POINT('',(8.02873352944521,-10.0152937815597,0.913652661942227));
#3967=CARTESIAN_POINT('',(7.97067033382575,-9.97890395848142,0.916154116350584));
#3968=CARTESIAN_POINT('',(7.94155129503328,-9.96083998592259,0.917744522749195));
#3969=CARTESIAN_POINT('',(7.92488630014729,-9.95055648164904,0.918755536596974));
#3970=CARTESIAN_POINT('',(7.8998725612926,-9.93517066831023,0.920595522485595));
#3971=CARTESIAN_POINT('',(7.87485573406941,-9.91988515592872,0.923150108428017));
#3972=CARTESIAN_POINT('',(7.84995729912812,-9.90470801897824,0.926364934762389));
#3973=CARTESIAN_POINT('',(7.83340981395687,-9.89461936609112,0.928700193334125));
#3974=CARTESIAN_POINT('',(7.78785915016981,-9.86699922458621,0.935359061289258));
#3975=CARTESIAN_POINT('',(7.71290412464327,-9.822501328825,0.947191382172677));
#3976=CARTESIAN_POINT('',(7.61203723195033,-9.76486806645214,0.964450574012774));
#3977=CARTESIAN_POINT('',(7.51006982305354,-9.70928176167811,0.982852870975886));
#3978=CARTESIAN_POINT('',(7.43695113027106,-9.67160575613448,0.996476791800655));
#3979=CARTESIAN_POINT('',(7.39355996180252,-9.6501909989922,1.00458453246019));
#3980=CARTESIAN_POINT('',(7.37618150356844,-9.64169380274235,1.00786498096882));
#3981=CARTESIAN_POINT('',(7.35857055114797,-9.63330304643903,1.01076845984495));
#3982=CARTESIAN_POINT('',(7.34305600511686,-9.62606018468972,1.01296120904095));
#3983=CARTESIAN_POINT('',(7.33417346275459,-9.62195055156084,1.01411900292397));
#3984=CARTESIAN_POINT('',(7.32528108305655,-9.61786063011068,1.01526198605936));
#3985=CARTESIAN_POINT('',(7.31414817551142,-9.61278571582619,1.0167071641796));
#3986=CARTESIAN_POINT('',(7.26951833352214,-9.59269162556527,1.02248191542724));
#3987=CARTESIAN_POINT('',(7.19288265792534,-9.56014735418914,1.03235722155194));
#3988=CARTESIAN_POINT('',(7.08222116621482,-9.5200183381704,1.04593826002136));
#3989=CARTESIAN_POINT('',(6.98729850215714,-9.49397403599342,1.05629125983594));
#3990=CARTESIAN_POINT('',(6.90937606889862,-9.48135104020758,1.06306064783622));
#3991=CARTESIAN_POINT('',(6.86980721842094,-9.47911637308989,1.06561069118641));
#3992=CARTESIAN_POINT('',(6.85,-9.47958575130284,1.06653498264972));
#3993=CARTESIAN_POINT('',(8.45,-10.29,1.14107967979123));
#3994=CARTESIAN_POINT('',(8.44964002568543,-10.2900782233899,1.13158685374566));
#3995=CARTESIAN_POINT('',(8.44682110668036,-10.2885116104111,1.11255879777663));
#3996=CARTESIAN_POINT('',(8.43566641449333,-10.2805551418424,1.08671501308437));
#3997=CARTESIAN_POINT('',(8.41931761076161,-10.2684749550853,1.06546445421924));
#3998=CARTESIAN_POINT('',(8.39345034826919,-10.2492315861738,1.04288086096888));
#3999=CARTESIAN_POINT('',(8.35695474485278,-10.2221253707474,1.0229917763355));
#4000=CARTESIAN_POINT('',(8.31078191563059,-10.1881578300601,1.00685234828688));
#4001=CARTESIAN_POINT('',(8.26340806627147,-10.1536747928949,0.995632699178894));
#4002=CARTESIAN_POINT('',(8.19933779451551,-10.1075545135923,0.985200772091699));
#4003=CARTESIAN_POINT('',(8.11814723967464,-10.0501004675042,0.978288919599809));
#4004=CARTESIAN_POINT('',(8.03607575883434,-9.9934106936145,0.976284673244449));
#4005=CARTESIAN_POINT('',(7.97823462982087,-9.95423527066147,0.976650987079659));
#4006=CARTESIAN_POINT('',(7.9492182878425,-9.9347843176755,0.977209902942021));
#4007=CARTESIAN_POINT('',(7.93261014601978,-9.92370997608055,0.977632105489585));
#4008=CARTESIAN_POINT('',(7.90767381395353,-9.90713965978503,0.978440405243097));
#4009=CARTESIAN_POINT('',(7.88269018527269,-9.89067410226712,0.979646306098381));
#4010=CARTESIAN_POINT('',(7.85769848017367,-9.87432173686609,0.981214333586781));
#4011=CARTESIAN_POINT('',(7.84104182193131,-9.86345090671917,0.982360560026169));
#4012=CARTESIAN_POINT('',(7.79516627313323,-9.83368527348027,0.985735099248719));
#4013=CARTESIAN_POINT('',(7.71965194930052,-9.78570762637138,0.992298077294834));
#4014=CARTESIAN_POINT('',(7.61794941074103,-9.72351012954867,1.00266013233532));
#4015=CARTESIAN_POINT('',(7.51504550149036,-9.66345056621807,1.01427076144117));
#4016=CARTESIAN_POINT('',(7.44117716867264,-9.6226814526193,1.02312910785583));
#4017=CARTESIAN_POINT('',(7.39731703018726,-9.59948044677536,1.02845702392824));
#4018=CARTESIAN_POINT('',(7.37974004986602,-9.59027180467181,1.03060781333526));
#4019=CARTESIAN_POINT('',(7.36204477421089,-9.58117433317909,1.03263962974264));
#4020=CARTESIAN_POINT('',(7.3464896880918,-9.573317497862,1.03430550150275));
#4021=CARTESIAN_POINT('',(7.33758472057513,-9.56885831802832,1.03522660413896));
#4022=CARTESIAN_POINT('',(7.32866930174184,-9.56441972594797,1.03614363872934));
#4023=CARTESIAN_POINT('',(7.31750562177718,-9.55891063948812,1.03729720091992));
#4024=CARTESIAN_POINT('',(7.27274396786093,-9.53708899683136,1.04191664970355));
#4025=CARTESIAN_POINT('',(7.19581384572465,-9.50167969447421,1.04983204038467));
#4026=CARTESIAN_POINT('',(7.08450945919346,-9.45776441051024,1.06061138374102));
#4027=CARTESIAN_POINT('',(6.98880224423815,-9.4288936203569,1.06854035615184));
#4028=CARTESIAN_POINT('',(6.91006963801135,-9.41437443178802,1.07323150871006));
#4029=CARTESIAN_POINT('',(6.8700398059312,-9.41137286075772,1.07466579478842));
#4030=CARTESIAN_POINT('',(6.85,-9.41152930753754,1.07499999999933));
#4031=CARTESIAN_POINT('',(8.45,-10.29,1.18830091830565));
#4032=CARTESIAN_POINT('',(8.45,-10.29,1.17822099275674));
#4033=CARTESIAN_POINT('',(8.44780977004266,-10.2882402793955,1.15801689809348));
#4034=CARTESIAN_POINT('',(8.43729696739771,-10.2798748611094,1.1305263810048));
#4035=CARTESIAN_POINT('',(8.42136422235798,-10.26729798595,1.10782879990752));
#4036=CARTESIAN_POINT('',(8.39587479811266,-10.247325632788,1.08356586624658));
#4037=CARTESIAN_POINT('',(8.3596705570547,-10.219243250787,1.06194022626088));
#4038=CARTESIAN_POINT('',(8.31374396782427,-10.184073670164,1.04405287019708));
#4039=CARTESIAN_POINT('',(8.26656414157163,-10.1483776250528,1.03129912906671));
#4040=CARTESIAN_POINT('',(8.20271321198067,-10.100636961473,1.01901858722892));
#4041=CARTESIAN_POINT('',(8.12174888189799,-10.0411616116988,1.01006253045123));
#4042=CARTESIAN_POINT('',(8.03986529658357,-9.98246679523367,1.00622801723888));
#4043=CARTESIAN_POINT('',(7.98213878259255,-9.94189863862184,1.00538856706042));
#4044=CARTESIAN_POINT('',(7.95317544542145,-9.9217542285616,1.00536322272257));
#4045=CARTESIAN_POINT('',(7.93659664711525,-9.91028448724268,1.00545187809903));
#4046=CARTESIAN_POINT('',(7.91170026693982,-9.8931219478739,1.00568322783921));
#4047=CARTESIAN_POINT('',(7.8867337729905,-9.87606639619291,1.00614856631883));
#4048=CARTESIAN_POINT('',(7.86169392845524,-9.8591264449717,1.00682216626571));
#4049=CARTESIAN_POINT('',(7.84498092282134,-9.84786454513162,1.00732505413676));
#4050=CARTESIAN_POINT('',(7.79893769143693,-9.81702621810175,1.00892293339644));
#4051=CARTESIAN_POINT('',(7.72313469751071,-9.76730878053434,1.01263285008283));
#4052=CARTESIAN_POINT('',(7.62100085785881,-9.70282928010712,1.01925722519431));
#4053=CARTESIAN_POINT('',(7.51761359358679,-9.64053320111866,1.02718460995428));
#4054=CARTESIAN_POINT('',(7.44335834978312,-9.59821761397345,1.03345731566117));
#4055=CARTESIAN_POINT('',(7.39925616225681,-9.57412353112051,1.03727637214822));
#4056=CARTESIAN_POINT('',(7.38157671892283,-9.56455918502686,1.03881446713179));
#4057=CARTESIAN_POINT('',(7.3638379215982,-9.55510837487618,1.04036674866817));
#4058=CARTESIAN_POINT('',(7.34826191156273,-9.54694456934484,1.04173474469319));
#4059=CARTESIAN_POINT('',(7.33934536977283,-9.54231062562713,1.04251886182297));
#4060=CARTESIAN_POINT('',(7.33041805977295,-9.53769770770006,1.0433044555272));
#4061=CARTESIAN_POINT('',(7.31923849726918,-9.53197154698797,1.04428897841738));
#4062=CARTESIAN_POINT('',(7.27440881139063,-9.50928617547514,1.04823803064692));
#4063=CARTESIAN_POINT('',(7.19732671684687,-9.4724444381086,1.0550158626675));
#4064=CARTESIAN_POINT('',(7.08569051363405,-9.42663613379245,1.06417130244918));
#4065=CARTESIAN_POINT('',(6.98957836918318,-9.39635219433462,1.07070094111919));
#4066=CARTESIAN_POINT('',(6.9104276091663,-9.38088498512117,1.07420087777172));
#4067=CARTESIAN_POINT('',(6.87015985109779,-9.37750000000803,1.07500000000004));
#4068=CARTESIAN_POINT('',(6.85,-9.37750000000803,1.075));
#4069=CARTESIAN_POINT('',(8.45,-9.909,1.18830091830576));
#4070=CARTESIAN_POINT('',(8.45,-9.909,1.17805187196475));
#4071=CARTESIAN_POINT('',(8.44776179402774,-9.90738501877842,1.15756088050137));
#4072=CARTESIAN_POINT('',(8.43831163099237,-9.90061421616348,1.12887731444001));
#4073=CARTESIAN_POINT('',(8.42444318802013,-9.890734544047,1.10314053843072));
#4074=CARTESIAN_POINT('',(8.40202016911295,-9.87484524722027,1.07260137065165));
#4075=CARTESIAN_POINT('',(8.36921131046597,-9.85176626954218,1.0404132973542));
#4076=CARTESIAN_POINT('',(8.32614246466895,-9.82176077455697,1.00823621240658));
#4077=CARTESIAN_POINT('',(8.2809884125793,-9.79059271196681,0.980458473928025));
#4078=CARTESIAN_POINT('',(8.21877989314271,-9.74803976561239,0.947992063435843));
#4079=CARTESIAN_POINT('',(8.13872057213962,-9.69402176580352,0.913550337195003));
#4080=CARTESIAN_POINT('',(8.04031293081198,-9.6288837349276,0.87878869964305));
#4081=CARTESIAN_POINT('',(7.90685245895164,-9.54235841759667,0.838770499116663));
#4082=CARTESIAN_POINT('',(7.73657909322807,-9.4356820225255,0.797817149568771));
#4083=CARTESIAN_POINT('',(7.56222789256574,-9.33286754315207,0.76512223511626));
#4084=CARTESIAN_POINT('',(7.4199476129691,-9.25434868422482,0.742976131329389));
#4085=CARTESIAN_POINT('',(7.31156655520351,-9.19807068412997,0.728324012516918));
#4086=CARTESIAN_POINT('',(7.20121756455899,-9.14521642309975,0.715600340736765));
#4087=CARTESIAN_POINT('',(7.08833172023249,-9.09746957109181,0.704982410082315));
#4088=CARTESIAN_POINT('',(6.99137433138759,-9.06442401976797,0.698237487871061));
#4089=CARTESIAN_POINT('',(6.91138969527435,-9.04639308688483,0.694787960306188));
#4090=CARTESIAN_POINT('',(6.87049809268199,-9.0420000000106,0.694000000000045));
#4091=CARTESIAN_POINT('',(6.85,-9.0420000000106,0.694));
#4092=CARTESIAN_POINT('',(8.45,-9.909,1.18830091830576));
#4093=CARTESIAN_POINT('',(8.45,-10.036,1.18830091830573));
#4094=CARTESIAN_POINT('',(8.45,-10.163,1.18830091830569));
#4095=CARTESIAN_POINT('',(8.45,-10.29,1.18830091830565));
#4096=CARTESIAN_POINT('',(8.45,-9.909,1.17805187196475));
#4097=CARTESIAN_POINT('',(8.45,-10.036,1.17810824556209));
#4098=CARTESIAN_POINT('',(8.45,-10.163,1.17816461915943));
#4099=CARTESIAN_POINT('',(8.45,-10.29,1.17822099275677));
#4100=CARTESIAN_POINT('',(8.44776179402774,-9.90738501877842,1.15756088050137));
#4101=CARTESIAN_POINT('',(8.44777778603272,-10.0343367723174,1.15771288636544));
#4102=CARTESIAN_POINT('',(8.4477937780377,-10.1612885258565,1.15786489222951));
#4103=CARTESIAN_POINT('',(8.44780977004268,-10.2882402793955,1.15801689809358));
#4104=CARTESIAN_POINT('',(8.43831163099237,-9.90061421616348,1.12887731444001));
#4105=CARTESIAN_POINT('',(8.43797340979417,-10.0270344311455,1.129427003295));
#4106=CARTESIAN_POINT('',(8.43763518859599,-10.1534546461275,1.12997669214998));
#4107=CARTESIAN_POINT('',(8.43729696739779,-10.2798748611095,1.13052638100497));
#4108=CARTESIAN_POINT('',(8.42444318802013,-9.890734544047,1.10314053843072));
#4109=CARTESIAN_POINT('',(8.4234168661328,-10.0162556913481,1.10470329225639));
#4110=CARTESIAN_POINT('',(8.42239054424548,-10.1417768386491,1.10626604608206));
#4111=CARTESIAN_POINT('',(8.42136422235815,-10.2672979859502,1.10782879990773));
#4112=CARTESIAN_POINT('',(8.40202016911295,-9.87484524722027,1.07260137065165));
#4113=CARTESIAN_POINT('',(8.39997171211295,-9.99900537574293,1.0762562025167));
#4114=CARTESIAN_POINT('',(8.39792325511295,-10.1231655042656,1.07991103438176));
#4115=CARTESIAN_POINT('',(8.39587479811295,-10.2473256327882,1.08356586624681));
#4116=CARTESIAN_POINT('',(8.36921131046597,-9.85176626954218,1.0404132973542));
#4117=CARTESIAN_POINT('',(8.36603105932902,-9.97425859662391,1.04758894032317));
#4118=CARTESIAN_POINT('',(8.36285080819208,-10.0967509237056,1.05476458329213));
#4119=CARTESIAN_POINT('',(8.35967055705514,-10.2192432507874,1.0619402262611));
#4120=CARTESIAN_POINT('',(8.32614246466895,-9.82176077455697,1.00823621240658));
#4121=CARTESIAN_POINT('',(8.3220096323876,-9.94253173975947,1.02017509833681));
#4122=CARTESIAN_POINT('',(8.31787680010625,-10.063302704962,1.03211398426705));
#4123=CARTESIAN_POINT('',(8.31374396782489,-10.1840736701645,1.04405287019728));
#4124=CARTESIAN_POINT('',(8.2809884125793,-9.79059271196681,0.980458473928025));
#4125=CARTESIAN_POINT('',(8.27618032224367,-9.90985434966233,0.997405358974314));
#4126=CARTESIAN_POINT('',(8.27137223190804,-10.0291159873578,1.0143522440206));
#4127=CARTESIAN_POINT('',(8.26656414157241,-10.1483776250534,1.03129912906689));
#4128=CARTESIAN_POINT('',(8.21877989314271,-9.74803976561239,0.947992063435843));
#4129=CARTESIAN_POINT('',(8.2134243327557,-9.86557216423286,0.97166757136692));
#4130=CARTESIAN_POINT('',(8.2080687723687,-9.98310456285332,0.995343079297996));
#4131=CARTESIAN_POINT('',(8.20271321198169,-10.1006369614738,1.01901858722907));
#4132=CARTESIAN_POINT('',(8.13872057213962,-9.69402176580352,0.913550337195003));
#4133=CARTESIAN_POINT('',(8.13306334205951,-9.80973504776893,0.945721068280449));
#4134=CARTESIAN_POINT('',(8.12740611197941,-9.92544832973433,0.977891799365894));
#4135=CARTESIAN_POINT('',(8.1217488818993,-10.0411616116997,1.01006253045134));
#4136=CARTESIAN_POINT('',(8.04031293081198,-9.6288837349276,0.87878869964305));
#4137=CARTESIAN_POINT('',(8.03470481371542,-9.74283176726565,0.921012837960853));
#4138=CARTESIAN_POINT('',(8.02909669661885,-9.85677979960371,0.963236976278657));
#4139=CARTESIAN_POINT('',(8.02348857952229,-9.97072783194178,1.00546111459646));
#4140=CARTESIAN_POINT('',(7.90685245895164,-9.54235841759667,0.838770499116663));
#4141=CARTESIAN_POINT('',(7.90164543977831,-9.65437076081095,0.894162954063193));
#4142=CARTESIAN_POINT('',(7.89643842060499,-9.76638310402523,0.949555409009721));
#4143=CARTESIAN_POINT('',(7.89123140143166,-9.87839544723951,1.00494786395625));
#4144=CARTESIAN_POINT('',(7.73657909322807,-9.4356820225255,0.797817149568771));
#4145=CARTESIAN_POINT('',(7.73227482483782,-9.54592253914131,0.869142746485118));
#4146=CARTESIAN_POINT('',(7.72797055644757,-9.65616305575711,0.940468343401464));
#4147=CARTESIAN_POINT('',(7.72366628805731,-9.76640357237292,1.01179394031781));
#4148=CARTESIAN_POINT('',(7.56222789256574,-9.33286754315207,0.76512223511626));
#4149=CARTESIAN_POINT('',(7.55900434095671,-9.44206050163603,0.851492406225649));
#4150=CARTESIAN_POINT('',(7.55578078934768,-9.55125346011999,0.937862577335038));
#4151=CARTESIAN_POINT('',(7.55255723773865,-9.66044641860394,1.02423274844443));
#4152=CARTESIAN_POINT('',(7.4199476129691,-9.25434868422482,0.742976131329389));
#4153=CARTESIAN_POINT('',(7.41755929569902,-9.36316363904283,0.840664152380125));
#4154=CARTESIAN_POINT('',(7.41517097842894,-9.47197859386084,0.93835217343086));
#4155=CARTESIAN_POINT('',(7.41278266115886,-9.58079354867885,1.0360401944816));
#4156=CARTESIAN_POINT('',(7.31156655520351,-9.19807068412997,0.728324012516918));
#4157=CARTESIAN_POINT('',(7.30976053592775,-9.3068658902948,0.834031727890852));
#4158=CARTESIAN_POINT('',(7.30795451665199,-9.41566109645964,0.939739443264786));
#4159=CARTESIAN_POINT('',(7.30614849737623,-9.52445630262448,1.04544715863872));
#4160=CARTESIAN_POINT('',(7.20121756455899,-9.14521642309975,0.715600340736765));
#4161=CARTESIAN_POINT('',(7.19992061532105,-9.25429242810245,0.82873884804706));
#4162=CARTESIAN_POINT('',(7.19862366608312,-9.36336843310515,0.941877355357356));
#4163=CARTESIAN_POINT('',(7.19732671684518,-9.47244443810785,1.05501586266765));
#4164=CARTESIAN_POINT('',(7.08833172023249,-9.09746957109181,0.704982410082315));
#4165=CARTESIAN_POINT('',(7.08745131803252,-9.20719175865851,0.824712040871308));
#4166=CARTESIAN_POINT('',(7.08657091583254,-9.31691394622522,0.944441671660301));
#4167=CARTESIAN_POINT('',(7.08569051363256,-9.42663613379193,1.06417130244929));
#4168=CARTESIAN_POINT('',(6.99137433138759,-9.06442401976797,0.698237487871061));
#4169=CARTESIAN_POINT('',(6.99077567731913,-9.17506674462342,0.822391972287128));
#4170=CARTESIAN_POINT('',(6.99017702325068,-9.28570946947887,0.946546456703196));
#4171=CARTESIAN_POINT('',(6.98957836918223,-9.39635219433432,1.07070094111926));
#4172=CARTESIAN_POINT('',(6.91138969527435,-9.04639308688483,0.694787960306188));
#4173=CARTESIAN_POINT('',(6.91106899990458,-9.15789038629689,0.821258932794711));
#4174=CARTESIAN_POINT('',(6.91074830453482,-9.26938768570895,0.947729905283233));
#4175=CARTESIAN_POINT('',(6.91042760916506,-9.38088498512102,1.07420087777175));
#4176=CARTESIAN_POINT('',(6.87049809268199,-9.0420000000106,0.694000000000045));
#4177=CARTESIAN_POINT('',(6.87038534548724,-9.15383333334307,0.821000000000045));
#4178=CARTESIAN_POINT('',(6.87027259829248,-9.26566666667554,0.948000000000044));
#4179=CARTESIAN_POINT('',(6.87015985109772,-9.37750000000801,1.07500000000004));
#4180=CARTESIAN_POINT('',(6.85,-9.0420000000106,0.694));
#4181=CARTESIAN_POINT('',(6.85,-9.15383333334307,0.821));
#4182=CARTESIAN_POINT('',(6.85,-9.26566666667554,0.948));
#4183=CARTESIAN_POINT('',(6.85,-9.37750000000801,1.075));
#4184=CARTESIAN_POINT('',(6.85,-9.03799999998939,0.694));
#4185=CARTESIAN_POINT('',(6.87049809268199,-9.03799999998939,0.694000000000046));
#4186=CARTESIAN_POINT('',(6.91138969527435,-9.03360691311516,0.694787960306191));
#4187=CARTESIAN_POINT('',(6.99137433138766,-9.015575980232,0.698237487871068));
#4188=CARTESIAN_POINT('',(7.08833172023218,-8.98253042890831,0.704982410082291));
#4189=CARTESIAN_POINT('',(7.2012175645588,-8.93478357690033,0.71560034073674));
#4190=CARTESIAN_POINT('',(7.31156655520333,-8.88192931587013,0.728324012516885));
#4191=CARTESIAN_POINT('',(7.41994761296894,-8.82565131577526,0.742976131329348));
#4192=CARTESIAN_POINT('',(7.5622278925656,-8.74713245684801,0.765122235116209));
#4193=CARTESIAN_POINT('',(7.73657909322795,-8.64431797747458,0.797817149568704));
#4194=CARTESIAN_POINT('',(7.90685245895155,-8.53764158240339,0.838770499116582));
#4195=CARTESIAN_POINT('',(8.0403129308119,-8.45111626507245,0.878788699642956));
#4196=CARTESIAN_POINT('',(8.13872057213956,-8.38597823419653,0.9135503371949));
#4197=CARTESIAN_POINT('',(8.21877989314266,-8.33196023438764,0.947992063435733));
#4198=CARTESIAN_POINT('',(8.28098841257926,-8.28940728803322,0.98045847392791));
#4199=CARTESIAN_POINT('',(8.32614246466892,-8.25823922544305,1.00823621240646));
#4200=CARTESIAN_POINT('',(8.36921131046595,-8.22823373045783,1.04041329735408));
#4201=CARTESIAN_POINT('',(8.40202016911293,-8.20515475277974,1.07260137065152));
#4202=CARTESIAN_POINT('',(8.42444318802012,-8.189265455953,1.10314053843059));
#4203=CARTESIAN_POINT('',(8.43831163099236,-8.17938578383652,1.12887731443989));
#4204=CARTESIAN_POINT('',(8.44776179402775,-8.17261498122157,1.15756088050125));
#4205=CARTESIAN_POINT('',(8.45,-8.171,1.17805187196463));
#4206=CARTESIAN_POINT('',(8.45,-8.171,1.18830091830565));
#4207=CARTESIAN_POINT('',(8.45,-8.171,1.18830091830565));
#4208=CARTESIAN_POINT('',(8.45,-8.171,1.17805187196468));
#4209=CARTESIAN_POINT('',(8.44776179402777,-8.17261498122156,1.15756088050139));
#4210=CARTESIAN_POINT('',(8.43831163099245,-8.17938578383646,1.12887731444013));
#4211=CARTESIAN_POINT('',(8.42444318802037,-8.18926545595282,1.10314053843098));
#4212=CARTESIAN_POINT('',(8.40202016911312,-8.2051547527796,1.07260137065173));
#4213=CARTESIAN_POINT('',(8.3692113104667,-8.22823373045731,1.0404132973548));
#4214=CARTESIAN_POINT('',(8.31178618273899,-8.26824105710311,0.997510517425474));
#4215=CARTESIAN_POINT('',(8.23479175734552,-8.32115663442434,0.954880408684985));
#4216=CARTESIAN_POINT('',(8.13872057214238,-8.38597823419464,0.913550337196002));
#4217=CARTESIAN_POINT('',(8.05671420436979,-8.44025992659097,0.884582305902719));
#4218=CARTESIAN_POINT('',(7.99857137268084,-8.47815034250929,0.866381928378725));
#4219=CARTESIAN_POINT('',(7.9693322399575,-8.49704982387002,0.857739788313659));
#4220=CARTESIAN_POINT('',(7.95257865596209,-8.50783374356108,0.852923541847259));
#4221=CARTESIAN_POINT('',(7.92740397729282,-8.5239924795534,0.845816915547125));
#4222=CARTESIAN_POINT('',(7.90212155562664,-8.54010495768353,0.838993708031658));
#4223=CARTESIAN_POINT('',(7.8767344331487,-8.55616011400469,0.832431453872836));
#4224=CARTESIAN_POINT('',(7.85978196742596,-8.56684752813996,0.828124707633525));
#4225=CARTESIAN_POINT('',(7.81304918899735,-8.59616877785135,0.816555848182317));
#4226=CARTESIAN_POINT('',(7.73596741799116,-8.64373869011744,0.79905591483389));
#4227=CARTESIAN_POINT('',(7.63196837283688,-8.70600666509501,0.778200200898311));
#4228=CARTESIAN_POINT('',(7.52665782267292,-8.7667621715762,0.75958570917054));
#4229=CARTESIAN_POINT('',(7.45107142413264,-8.8084753153838,0.747820591533062));
#4230=CARTESIAN_POINT('',(7.40621723174053,-8.83240047190117,0.741358713558959));
#4231=CARTESIAN_POINT('',(7.38823997179064,-8.84191401953993,0.738814667213667));
#4232=CARTESIAN_POINT('',(7.37020817686364,-8.85133962052733,0.736331564806794));
#4233=CARTESIAN_POINT('',(7.35438060734439,-8.85950451322296,0.734211977822714));
#4234=CARTESIAN_POINT('',(7.34532177779491,-8.86414579887973,0.73301593624891));
#4235=CARTESIAN_POINT('',(7.33625318213152,-8.86877057514515,0.731829985890115));
#4236=CARTESIAN_POINT('',(7.32489894476254,-8.8745200943995,0.730366451262246));
#4237=CARTESIAN_POINT('',(7.27938143292879,-8.89734514200555,0.724612941580602));
#4238=CARTESIAN_POINT('',(7.20121756455812,-8.93478357690061,0.715600340736677));
#4239=CARTESIAN_POINT('',(7.08833172023091,-8.9825304289088,0.704982410082184));
#4240=CARTESIAN_POINT('',(6.99137433138703,-9.01557598023217,0.698237487871034));
#4241=CARTESIAN_POINT('',(6.91138969527407,-9.0336069131152,0.694787960306184));
#4242=CARTESIAN_POINT('',(6.8704980926819,-9.03799999998939,0.694000000000046));
#4243=CARTESIAN_POINT('',(6.85,-9.03799999998939,0.694));
#4244=CARTESIAN_POINT('',(8.45,-8.171,1.05218587243807));
#4245=CARTESIAN_POINT('',(8.4485601027417,-8.17104124992662,1.04370783847068));
#4246=CARTESIAN_POINT('',(8.44381513658104,-8.17260414923294,1.02675767304071));
#4247=CARTESIAN_POINT('',(8.43162030877581,-8.17893446807644,1.0030431607451));
#4248=CARTESIAN_POINT('',(8.41574358069117,-8.18811458396296,0.981784288834436));
#4249=CARTESIAN_POINT('',(8.39129814123918,-8.2028447724273,0.956586231963303));
#4250=CARTESIAN_POINT('',(8.35675793609039,-8.22420675159827,0.930076923435158));
#4251=CARTESIAN_POINT('',(8.29738447431001,-8.26121013376984,0.894827342053024));
#4252=CARTESIAN_POINT('',(8.21882345406671,-8.31012857891379,0.859931316762346));
#4253=CARTESIAN_POINT('',(8.12148538820828,-8.37004337782261,0.826243690476086));
#4254=CARTESIAN_POINT('',(8.03874790207521,-8.42021409511873,0.802729921906156));
#4255=CARTESIAN_POINT('',(7.98021599657948,-8.45523572586349,0.788007081258427));
#4256=CARTESIAN_POINT('',(7.95081081055241,-8.47270462518732,0.781018611080759));
#4257=CARTESIAN_POINT('',(7.9339689834391,-8.48267238475735,0.777142892062316));
#4258=CARTESIAN_POINT('',(7.90868088028888,-8.49760830919683,0.77175034450679));
#4259=CARTESIAN_POINT('',(7.88338257431629,-8.51250183059595,0.767287426844287));
#4260=CARTESIAN_POINT('',(7.85824588924001,-8.52734280700353,0.763692141220573));
#4261=CARTESIAN_POINT('',(7.84155872309835,-8.53722210314742,0.761549210062687));
#4262=CARTESIAN_POINT('',(7.79561159952234,-8.56432678997925,0.755950798503187));
#4263=CARTESIAN_POINT('',(7.7198976384036,-8.60830379222937,0.747947933653116));
#4264=CARTESIAN_POINT('',(7.61793466520267,-8.66587776841152,0.739356085013066));
#4265=CARTESIAN_POINT('',(7.51487808277281,-8.72206531513866,0.732631347488355));
#4266=CARTESIAN_POINT('',(7.44106118729904,-8.76065298800519,0.729067730845639));
#4267=CARTESIAN_POINT('',(7.39730052521502,-8.78279063111252,0.727326918097466));
#4268=CARTESIAN_POINT('',(7.37978275341869,-8.79159388296795,0.726702861457159));
#4269=CARTESIAN_POINT('',(7.36197387810347,-8.80031651705964,0.725599317647865));
#4270=CARTESIAN_POINT('',(7.34627193083028,-8.8078731894022,0.724192745671639));
#4271=CARTESIAN_POINT('',(7.33728311300033,-8.81216895118086,0.723269100135687));
#4272=CARTESIAN_POINT('',(7.32828562961386,-8.81644957935077,0.722331931560177));
#4273=CARTESIAN_POINT('',(7.31702403487887,-8.82177153440886,0.721195598172187));
#4274=CARTESIAN_POINT('',(7.27189328855353,-8.84290074434748,0.716712906166369));
#4275=CARTESIAN_POINT('',(7.19451760545059,-8.87756993404419,0.70973491304828));
#4276=CARTESIAN_POINT('',(7.08316730136897,-8.92183288083774,0.701641289170128));
#4277=CARTESIAN_POINT('',(6.98797050457292,-8.95253713548365,0.696650404350954));
#4278=CARTESIAN_POINT('',(6.90979746296962,-8.96939549003935,0.694279404937339));
#4279=CARTESIAN_POINT('',(6.86996153841821,-8.97358748604715,0.693874324033198));
#4280=CARTESIAN_POINT('',(6.85,-8.97366998590038,0.694));
#4281=CARTESIAN_POINT('',(8.45,-8.17100444056641,0.848014135194562));
#4282=CARTESIAN_POINT('',(8.44667023759015,-8.17110754185484,0.841993470607664));
#4283=CARTESIAN_POINT('',(8.43863514868221,-8.17259227123209,0.829956470626736));
#4284=CARTESIAN_POINT('',(8.42283794836647,-8.17826179383416,0.813162588319052));
#4285=CARTESIAN_POINT('',(8.40432534607161,-8.18639250479156,0.798179712458148));
#4286=CARTESIAN_POINT('',(8.37722547965461,-8.1993839365998,0.780523526214586));
#4287=CARTESIAN_POINT('',(8.34041288222149,-8.21817030037011,0.762132174646308));
#4288=CARTESIAN_POINT('',(8.27848223199697,-8.25066757760544,0.737990741478694));
#4289=CARTESIAN_POINT('',(8.19786505601328,-8.29359008920233,0.714574857117558));
#4290=CARTESIAN_POINT('',(8.09886420929477,-8.34614440448159,0.69251292784187));
#4291=CARTESIAN_POINT('',(8.01516713031356,-8.39014842384628,0.677487035498004));
#4292=CARTESIAN_POINT('',(7.95612456544643,-8.42086671213392,0.668258871481539));
#4293=CARTESIAN_POINT('',(7.92650143445822,-8.43618965605399,0.663906047771664));
#4294=CARTESIAN_POINT('',(7.90954378825267,-8.44493312838627,0.661530602308997));
#4295=CARTESIAN_POINT('',(7.8841068154712,-8.45803476491213,0.658786530026267));
#4296=CARTESIAN_POINT('',(7.85878766134646,-8.47109978063042,0.657820239716278));
#4297=CARTESIAN_POINT('',(7.83397967535984,-8.48411941658329,0.658517847215392));
#4298=CARTESIAN_POINT('',(7.81764071491835,-8.49278648868389,0.659480754632212));
#4299=CARTESIAN_POINT('',(7.77272476333638,-8.51656620179176,0.662449591951493));
#4300=CARTESIAN_POINT('',(7.69880605269492,-8.5551536272649,0.668107870267012));
#4301=CARTESIAN_POINT('',(7.59951542393277,-8.60568632291659,0.677207332509341));
#4302=CARTESIAN_POINT('',(7.4994171741539,-8.65502164767531,0.687682885058145));
#4303=CARTESIAN_POINT('',(7.42792275145495,-8.68892091414127,0.696013521412467));
#4304=CARTESIAN_POINT('',(7.38559734790027,-8.70837716949298,0.701133684974159));
#4305=CARTESIAN_POINT('',(7.36868265430551,-8.71611493061719,0.703295446101979));
#4306=CARTESIAN_POINT('',(7.35116636098075,-8.72378306730906,0.70426840423234));
#4307=CARTESIAN_POINT('',(7.3356292929055,-8.73042736794785,0.704030266824213));
#4308=CARTESIAN_POINT('',(7.32673236545744,-8.73420482038122,0.703597056728108));
#4309=CARTESIAN_POINT('',(7.31782821693444,-8.73796920287976,0.703119329883327));
#4310=CARTESIAN_POINT('',(7.30668821565654,-8.74264978223332,0.702578592672886));
#4311=CARTESIAN_POINT('',(7.26206509906099,-8.76123511803024,0.700428427067422));
#4312=CARTESIAN_POINT('',(7.18572390912195,-8.79175023994045,0.697250639530907));
#4313=CARTESIAN_POINT('',(7.07638900161267,-8.83078704657471,0.6940651559787));
#4314=CARTESIAN_POINT('',(6.98350298187939,-8.85797912092331,0.692705601638157));
#4315=CARTESIAN_POINT('',(6.90770765807003,-8.87307841976311,0.692813495544371));
#4316=CARTESIAN_POINT('',(6.86925731094712,-8.87696868535888,0.693442606416019));
#4317=CARTESIAN_POINT('',(6.85,-8.87717488793574,0.693999063369641));
#4318=CARTESIAN_POINT('',(8.45,-8.17099444929199,0.626825314306974));
#4319=CARTESIAN_POINT('',(8.44506160237189,-8.17116463464594,0.623143228129629));
#4320=CARTESIAN_POINT('',(8.43422599231596,-8.1725648367805,0.615782045779671));
#4321=CARTESIAN_POINT('',(8.41536248682757,-8.17751873205838,0.605619604796131));
#4322=CARTESIAN_POINT('',(8.39460625350854,-8.18451282294662,0.596719463990577));
#4323=CARTESIAN_POINT('',(8.36524696413919,-8.195620915405,0.586470402183445));
#4324=CARTESIAN_POINT('',(8.32650012803548,-8.21161742127576,0.576223423247508));
#4325=CARTESIAN_POINT('',(8.26239282336148,-8.2392337122187,0.563512252019367));
#4326=CARTESIAN_POINT('',(8.180025467194,-8.27566141337529,0.552337044246735));
#4327=CARTESIAN_POINT('',(8.07960927724341,-8.32024281247199,0.543133465502265));
#4328=CARTESIAN_POINT('',(7.99509540196884,-8.35756702664662,0.537801262529062));
#4329=CARTESIAN_POINT('',(7.9356181687082,-8.38362390957069,0.534978337905641));
#4330=CARTESIAN_POINT('',(7.90580952504472,-8.39662234295251,0.533733062855141));
#4331=CARTESIAN_POINT('',(7.8887532947309,-8.40403966095767,0.533128413947621));
#4332=CARTESIAN_POINT('',(7.86318960553712,-8.41515438751449,0.533379365582708));
#4333=CARTESIAN_POINT('',(7.83785270566382,-8.42623875734925,0.536130038163152));
#4334=CARTESIAN_POINT('',(7.81332450521185,-8.43728550974688,0.541222382392907));
#4335=CARTESIAN_POINT('',(7.79728193414611,-8.44463949598105,0.545322728017891));
#4336=CARTESIAN_POINT('',(7.75324370634478,-8.4648175855509,0.556941815470119));
#4337=CARTESIAN_POINT('',(7.68085309581195,-8.4975670086611,0.57645032970962));
#4338=CARTESIAN_POINT('',(7.58383714118518,-8.54047259148758,0.603571135243098));
#4339=CARTESIAN_POINT('',(7.48625699598425,-8.5823856168633,0.631650078846935));
#4340=CARTESIAN_POINT('',(7.41673943999243,-8.61120644299564,0.652203546543096));
#4341=CARTESIAN_POINT('',(7.3756357148288,-8.62775825372994,0.664398152779091));
#4342=CARTESIAN_POINT('',(7.35923435565562,-8.63434189007578,0.669424953452332));
#4343=CARTESIAN_POINT('',(7.34196710533463,-8.64086781143167,0.67265918825031));
#4344=CARTESIAN_POINT('',(7.32657038086239,-8.64652384663259,0.673847666962291));
#4345=CARTESIAN_POINT('',(7.31775166963225,-8.6497398756988,0.674078799838167));
#4346=CARTESIAN_POINT('',(7.30892696685612,-8.65294507047694,0.674239034415341));
#4347=CARTESIAN_POINT('',(7.29789046477089,-8.65693092418005,0.67451387424438));
#4348=CARTESIAN_POINT('',(7.25369943776676,-8.67276078844128,0.675583577878336));
#4349=CARTESIAN_POINT('',(7.17823879855651,-8.69877633684978,0.677739045609783));
#4350=CARTESIAN_POINT('',(7.07061937741535,-8.73215243272759,0.681693992315572));
#4351=CARTESIAN_POINT('',(6.97970026911051,-8.75554042932311,0.685894281858292));
#4352=CARTESIAN_POINT('',(6.90592883604241,-8.76873471185922,0.690087298120999));
#4353=CARTESIAN_POINT('',(6.86865787923065,-8.77229841653622,0.692584259168332));
#4354=CARTESIAN_POINT('',(6.85,-8.77263878724413,0.69400117078805));
#4355=CARTESIAN_POINT('',(8.45,-8.17100416303101,0.533248039511112));
#4356=CARTESIAN_POINT('',(8.44445836416503,-8.17120265625735,0.530498277673821));
#4357=CARTESIAN_POINT('',(8.4325725586786,-8.17256694917086,0.525001241808419));
#4358=CARTESIAN_POINT('',(8.41255918875048,-8.17721785749943,0.517491663630847));
#4359=CARTESIAN_POINT('',(8.39096159379737,-8.18373084912315,0.511038620780463));
#4360=CARTESIAN_POINT('',(8.3607550208209,-8.19404184877371,0.503788660382878));
#4361=CARTESIAN_POINT('',(8.32128284521571,-8.20885766091028,0.496872608366425));
#4362=CARTESIAN_POINT('',(8.25635929512317,-8.23440832840989,0.488890644857357));
#4363=CARTESIAN_POINT('',(8.17333562138676,-8.26808748667298,0.482859265170126));
#4364=CARTESIAN_POINT('',(8.07238867772413,-8.30929484275147,0.479141857112518));
#4365=CARTESIAN_POINT('',(7.98756850383956,-8.34379224702308,0.477998362018027));
#4366=CARTESIAN_POINT('',(7.92792826993135,-8.3678764799752,0.477964904222296));
#4367=CARTESIAN_POINT('',(7.89805005901465,-8.37989120812408,0.478078710946711));
#4368=CARTESIAN_POINT('',(7.88095685966023,-8.38674731314171,0.478248825620314));
#4369=CARTESIAN_POINT('',(7.85534565181183,-8.39702120239946,0.479788983533995));
#4370=CARTESIAN_POINT('',(7.83000209728282,-8.40726738512518,0.484099589507766));
#4371=CARTESIAN_POINT('',(7.80557881640635,-8.41747923447573,0.491006032320924));
#4372=CARTESIAN_POINT('',(7.7896473913565,-8.4242775366865,0.496393632146912));
#4373=CARTESIAN_POINT('',(7.74593830997291,-8.44293145628976,0.511561029299588));
#4374=CARTESIAN_POINT('',(7.67412073698082,-8.47321029069451,0.536761598938824));
#4375=CARTESIAN_POINT('',(7.57795778515483,-8.5128881319232,0.571304697444138));
#4376=CARTESIAN_POINT('',(7.48132192917062,-8.55166006754207,0.606649201931267));
#4377=CARTESIAN_POINT('',(7.41254569819398,-8.57833169505905,0.632256769590624));
#4378=CARTESIAN_POINT('',(7.37190010242699,-8.59365433306313,0.647381079011839));
#4379=CARTESIAN_POINT('',(7.3556912436619,-8.59974953815361,0.653592984387555));
#4380=CARTESIAN_POINT('',(7.33851738446733,-8.60579206686436,0.657785912808832));
#4381=CARTESIAN_POINT('',(7.32317328884622,-8.61102986053127,0.659606248079679));
#4382=CARTESIAN_POINT('',(7.3143839086978,-8.61400829047912,0.660141867006518));
#4383=CARTESIAN_POINT('',(7.30558899807675,-8.61697683198943,0.660596694553398));
#4384=CARTESIAN_POINT('',(7.29459130818876,-8.62066867099241,0.66124657256783));
#4385=CARTESIAN_POINT('',(7.25056231478142,-8.63533238959647,0.663800514348925));
#4386=CARTESIAN_POINT('',(7.17543188209446,-8.65944364458772,0.668426491015863));
#4387=CARTESIAN_POINT('',(7.06845576834135,-8.69042393820453,0.675723388306056));
#4388=CARTESIAN_POINT('',(6.97827425182217,-8.71220177881267,0.682562193669713));
#4389=CARTESIAN_POINT('',(6.90526177778205,-8.72458950213145,0.688729990307875));
#4390=CARTESIAN_POINT('',(6.86843309233697,-8.72801475102916,0.692148824916976));
#4391=CARTESIAN_POINT('',(6.85,-8.72841173748184,0.693999121909422));
#4392=CARTESIAN_POINT('',(8.45,-8.17099375545357,0.503470924182886));
#4393=CARTESIAN_POINT('',(8.44427380702133,-8.1712013271967,0.501012393760678));
#4394=CARTESIAN_POINT('',(8.43206670048536,-8.17255433738192,0.496097667081698));
#4395=CARTESIAN_POINT('',(8.41170153636676,-8.17710905517151,0.489417693485942));
#4396=CARTESIAN_POINT('',(8.38984653182282,-8.18346918415595,0.48373130268435));
#4397=CARTESIAN_POINT('',(8.35938073746304,-8.19352684923357,0.477422868836316));
#4398=CARTESIAN_POINT('',(8.31968664854884,-8.20796734342348,0.471555855736822));
#4399=CARTESIAN_POINT('',(8.25451337302229,-8.23286133883204,0.465068703818983));
#4400=CARTESIAN_POINT('',(8.17128890282686,-8.2656666753847,0.460670971009595));
#4401=CARTESIAN_POINT('',(8.07017957822087,-8.30580132991877,0.458703932163909));
#4402=CARTESIAN_POINT('',(7.98526569409722,-8.33940000934057,0.458901870597313));
#4403=CARTESIAN_POINT('',(7.92557559110977,-8.36285708120333,0.459763779871989));
#4404=CARTESIAN_POINT('',(7.89567609650546,-8.37455906236531,0.460314362724592));
#4405=CARTESIAN_POINT('',(7.87857158669281,-8.38123674254714,0.460733496360665));
#4406=CARTESIAN_POINT('',(7.85294584079449,-8.39124330706371,0.462686056247263));
#4407=CARTESIAN_POINT('',(7.82760025031312,-8.40122300829053,0.467491891545486));
#4408=CARTESIAN_POINT('',(7.80320906895712,-8.41116942107099,0.474971324012228));
#4409=CARTESIAN_POINT('',(7.78731164837018,-8.41779105766182,0.480764736259567));
#4410=CARTESIAN_POINT('',(7.74370326737664,-8.43596040715952,0.497050675461417));
#4411=CARTESIAN_POINT('',(7.67206101181397,-8.46545378835632,0.524046626541591));
#4412=CARTESIAN_POINT('',(7.57615903112457,-8.50410547849253,0.560932439363495));
#4413=CARTESIAN_POINT('',(7.47981207481332,-8.54187883405924,0.598571706916348));
#4414=CARTESIAN_POINT('',(7.41126264781859,-8.56786723311821,0.625776481180362));
#4415=CARTESIAN_POINT('',(7.37075721401736,-8.58279912804053,0.641827077501933));
#4416=CARTESIAN_POINT('',(7.35460724960788,-8.58873906611907,0.648413543267107));
#4417=CARTESIAN_POINT('',(7.33746196287332,-8.59462793101206,0.652911762953966));
#4418=CARTESIAN_POINT('',(7.32213396873638,-8.59973277289358,0.654935897552014));
#4419=CARTESIAN_POINT('',(7.31335356225807,-8.60263567458843,0.655570664501295));
#4420=CARTESIAN_POINT('',(7.30456776636978,-8.60552898879818,0.65612161334121));
#4421=CARTESIAN_POINT('',(7.29358195084283,-8.6091273670024,0.656893722465506));
#4422=CARTESIAN_POINT('',(7.2496025306513,-8.6234203965934,0.659931719710482));
#4423=CARTESIAN_POINT('',(7.17457312268737,-8.64692634750786,0.66536446866416));
#4424=CARTESIAN_POINT('',(7.06779382500578,-8.677145198003,0.67375572377129));
#4425=CARTESIAN_POINT('',(6.97783797030913,-8.6984114309163,0.681461690617194));
#4426=CARTESIAN_POINT('',(6.90505769527232,-8.71054309348866,0.688281598173275));
#4427=CARTESIAN_POINT('',(6.868364320123,-8.7139245741407,0.692006443819058));
#4428=CARTESIAN_POINT('',(6.85,-8.71433971762694,0.694001317140287));
#4429=CARTESIAN_POINT('',(8.45,-8.17100818185626,0.488586394416879));
#4430=CARTESIAN_POINT('',(8.44418337402091,-8.17122018891889,0.486272074548353));
#4431=CARTESIAN_POINT('',(8.43181882997067,-8.17256734986221,0.481645693691304));
#4432=CARTESIAN_POINT('',(8.41128128669873,-8.17707366056566,0.475376747821512));
#4433=CARTESIAN_POINT('',(8.38930015145527,-8.18335704641383,0.470070538004703));
#4434=CARTESIAN_POINT('',(8.35870733861768,-8.19328762844946,0.464229480807114));
#4435=CARTESIAN_POINT('',(8.31890451218206,-8.20753994397163,0.458884032578387));
#4436=CARTESIAN_POINT('',(8.25360887119285,-8.23210477182362,0.453141395622582));
#4437=CARTESIAN_POINT('',(8.17028601073251,-8.26447215813227,0.449559221386253));
#4438=CARTESIAN_POINT('',(8.06909711946426,-8.30406921462757,0.448467949377905));
#4439=CARTESIAN_POINT('',(7.98413731732347,-8.33721749223567,0.449338261842892));
#4440=CARTESIAN_POINT('',(7.92442277848719,-8.36036025598158,0.450649451104108));
#4441=CARTESIAN_POINT('',(7.89451285487595,-8.37190549986402,0.451419329320543));
#4442=CARTESIAN_POINT('',(7.87740280293877,-8.3784937597502,0.451963496568809));
#4443=CARTESIAN_POINT('',(7.85176993339598,-8.38836635007954,0.454122654903011));
#4444=CARTESIAN_POINT('',(7.82642334529796,-8.39821249874026,0.459175674051089));
#4445=CARTESIAN_POINT('',(7.802047892707,-8.40802588141904,0.466940392928963));
#4446=CARTESIAN_POINT('',(7.78616713430688,-8.41455897732214,0.472935667583345));
#4447=CARTESIAN_POINT('',(7.74260809650446,-8.43248547010322,0.489777981770895));
#4448=CARTESIAN_POINT('',(7.6710517464822,-8.4615851892461,0.517667234199752));
#4449=CARTESIAN_POINT('',(7.57527764164974,-8.49972255656952,0.555719062960282));
#4450=CARTESIAN_POINT('',(7.47907224617823,-8.53699537484358,0.594500850338837));
#4451=CARTESIAN_POINT('',(7.41063395313464,-8.56264127619307,0.622501066701609));
#4452=CARTESIAN_POINT('',(7.37019719869663,-8.5773772798801,0.639013079405812));
#4453=CARTESIAN_POINT('',(7.35407609252141,-8.58323937657492,0.645786094082404));
#4454=CARTESIAN_POINT('',(7.33694480629225,-8.58905120168127,0.650436920809982));
#4455=CARTESIAN_POINT('',(7.32162470188256,-8.59408938577704,0.652563554608867));
#4456=CARTESIAN_POINT('',(7.3128486925026,-8.59695441940651,0.653248411249436));
#4457=CARTESIAN_POINT('',(7.30406736283336,-8.5998100160271,0.65384796668323));
#4458=CARTESIAN_POINT('',(7.29308736574333,-8.60336153390834,0.654681853001723));
#4459=CARTESIAN_POINT('',(7.24913223642753,-8.6174686992984,0.657964573225458));
#4460=CARTESIAN_POINT('',(7.1741523305779,-8.64067111469398,0.663805451462116));
#4461=CARTESIAN_POINT('',(7.06746947277134,-8.67050799636172,0.672751027823043));
#4462=CARTESIAN_POINT('',(6.97762419236774,-8.6915173860388,0.680896975398163));
#4463=CARTESIAN_POINT('',(6.90495769484256,-8.70352018672692,0.688048474586356));
#4464=CARTESIAN_POINT('',(6.86833062173815,-8.70687936750059,0.691929294281279));
#4465=CARTESIAN_POINT('',(6.85,-8.70730338162586,0.693998024324195));
#4466=CARTESIAN_POINT('',(8.45,-8.17097652650227,0.480074334151984));
#4467=CARTESIAN_POINT('',(8.4441322253268,-8.17119127920516,0.47784211903323));
#4468=CARTESIAN_POINT('',(8.43167863498568,-8.17253552006846,0.473379905094457));
#4469=CARTESIAN_POINT('',(8.41104359446667,-8.17701480309572,0.467345054338685));
#4470=CARTESIAN_POINT('',(8.38899111999375,-8.18325496923904,0.462255492791029));
#4471=CARTESIAN_POINT('',(8.35832646580136,-8.19311377708138,0.456680941124681));
#4472=CARTESIAN_POINT('',(8.31846213767723,-8.20725961779608,0.451633186755181));
#4473=CARTESIAN_POINT('',(8.25309728706775,-8.23163803927715,0.446315962501104));
#4474=CARTESIAN_POINT('',(8.16971877730305,-8.26375728002313,0.443200462261117));
#4475=CARTESIAN_POINT('',(8.06848488331621,-8.30304967170267,0.442610997096882));
#4476=CARTESIAN_POINT('',(7.98349911005201,-8.3359426885654,0.443866998715512));
#4477=CARTESIAN_POINT('',(7.92377075035663,-8.35890732587685,0.445436076867951));
#4478=CARTESIAN_POINT('',(7.8938549281234,-8.37036374470143,0.446331876620053));
#4479=CARTESIAN_POINT('',(7.87674174157351,-8.37690132961972,0.446947841781673));
#4480=CARTESIAN_POINT('',(7.85110484291403,-8.38669799678653,0.449225470506856));
#4481=CARTESIAN_POINT('',(7.82575769056635,-8.39646846321109,0.45441991505477));
#4482=CARTESIAN_POINT('',(7.80139113412821,-8.40620646220478,0.462347610052268));
#4483=CARTESIAN_POINT('',(7.78551979982209,-8.41268938577311,0.468458136807178));
#4484=CARTESIAN_POINT('',(7.74198867041348,-8.43047826473333,0.485618103172251));
#4485=CARTESIAN_POINT('',(7.67048090836453,-8.45935493467879,0.514017461133061));
#4486=CARTESIAN_POINT('',(7.57477912981849,-8.49720093731557,0.552735260952425));
#4487=CARTESIAN_POINT('',(7.47865380082777,-8.53419026834308,0.592169730043147));
#4488=CARTESIAN_POINT('',(7.41027836488774,-8.5596422516774,0.620624433175879));
#4489=CARTESIAN_POINT('',(7.36988045533738,-8.5742673733755,0.637400119894708));
#4490=CARTESIAN_POINT('',(7.35377567131215,-8.58008541162354,0.644279725394417));
#4491=CARTESIAN_POINT('',(7.33665230373619,-8.58585363633859,0.649017945502211));
#4492=CARTESIAN_POINT('',(7.32133666173783,-8.59085409982202,0.651203496904704));
#4493=CARTESIAN_POINT('',(7.31256313934644,-8.59369770572895,0.651917223754799));
#4494=CARTESIAN_POINT('',(7.30378433576028,-8.59653196061342,0.652544810561682));
#4495=CARTESIAN_POINT('',(7.29280762956459,-8.60005696513218,0.653414312413326));
#4496=CARTESIAN_POINT('',(7.24886623911146,-8.61405897826723,0.656838145367865));
#4497=CARTESIAN_POINT('',(7.17391433154222,-8.63708973975656,0.66291444714923));
#4498=CARTESIAN_POINT('',(7.06728601990406,-8.66671088758647,0.672180021481946));
#4499=CARTESIAN_POINT('',(6.9775032800627,-8.68757562141961,0.680580217100915));
#4500=CARTESIAN_POINT('',(6.90490113483272,-8.69950647612098,0.687923580518518));
#4501=CARTESIAN_POINT('',(6.86831156201028,-8.70285375879488,0.691894777159686));
#4502=CARTESIAN_POINT('',(6.85,-8.70328326420065,0.694006359586047));
#4503=CARTESIAN_POINT('',(8.45,-8.17141941646101,0.467322069085331));
#4504=CARTESIAN_POINT('',(8.44405602959176,-8.17163570921139,0.465212103651485));
#4505=CARTESIAN_POINT('',(8.43146978781733,-8.17297041312889,0.460994325649613));
#4506=CARTESIAN_POINT('',(8.41068950655396,-8.17740141940322,0.455308021216092));
#4507=CARTESIAN_POINT('',(8.38853075869282,-8.18356902075063,0.450541015587768));
#4508=CARTESIAN_POINT('',(8.35775908310076,-8.1933098536515,0.445363230742461));
#4509=CARTESIAN_POINT('',(8.31780313648191,-8.2072830900906,0.440758643157799));
#4510=CARTESIAN_POINT('',(8.25233518494325,-8.23136127471224,0.436074664266124));
#4511=CARTESIAN_POINT('',(8.16887377492618,-8.26308251298539,0.433653753958235));
#4512=CARTESIAN_POINT('',(8.06757284080701,-8.30188696648671,0.433811093805385));
#4513=CARTESIAN_POINT('',(7.98254837860125,-8.33437130810259,0.435641042987348));
#4514=CARTESIAN_POINT('',(7.9227994301003,-8.35705070687217,0.437593868835054));
#4515=CARTESIAN_POINT('',(7.89287482074461,-8.36836486366487,0.438677039233894));
#4516=CARTESIAN_POINT('',(7.87575696459126,-8.37482127930557,0.439399839082809));
#4517=CARTESIAN_POINT('',(7.85011406379402,-8.38449632648993,0.441853769053142));
#4518=CARTESIAN_POINT('',(7.82476607088887,-8.3941455343216,0.447258710709911));
#4519=CARTESIAN_POINT('',(7.80041276696703,-8.40376272254903,0.455429006723576));
#4520=CARTESIAN_POINT('',(7.78455547164632,-8.41016523078942,0.461711101465235));
#4521=CARTESIAN_POINT('',(7.74106591711303,-8.42773350774752,0.479343935837215));
#4522=CARTESIAN_POINT('',(7.66963053611707,-8.45625239818089,0.508502644284775));
#4523=CARTESIAN_POINT('',(7.57403650136886,-8.49363041283316,0.548211803023024));
#4524=CARTESIAN_POINT('',(7.47803044667169,-8.53016357203628,0.588617834016202));
#4525=CARTESIAN_POINT('',(7.40974864837562,-8.55530276183834,0.617749063381506));
#4526=CARTESIAN_POINT('',(7.36940860569399,-8.56974866848864,0.63491723783832));
#4527=CARTESIAN_POINT('',(7.35332813662415,-8.57549546224076,0.641955508700182));
#4528=CARTESIAN_POINT('',(7.33621656539239,-8.58119312954309,0.646823795917558));
#4529=CARTESIAN_POINT('',(7.32090757100678,-8.58613249988546,0.649097009579188));
#4530=CARTESIAN_POINT('',(7.31213775345919,-8.58894138579569,0.649853683113515));
#4531=CARTESIAN_POINT('',(7.30336271295556,-8.59174104966308,0.650522966997776));
#4532=CARTESIAN_POINT('',(7.29239090917465,-8.59522306112205,0.651445448729916));
#4533=CARTESIAN_POINT('',(7.24846998537775,-8.60905445381017,0.655079191015093));
#4534=CARTESIAN_POINT('',(7.17355978658701,-8.63180581793062,0.66150568257492));
#4535=CARTESIAN_POINT('',(7.06701273186981,-8.66107242404921,0.671247222928807));
#4536=CARTESIAN_POINT('',(6.97732315812376,-8.68169438998763,0.680025559509405));
#4537=CARTESIAN_POINT('',(6.90481687791086,-8.69349669840585,0.687654253297144));
#4538=CARTESIAN_POINT('',(6.86828316891052,-8.69681582027853,0.691759839640469));
#4539=CARTESIAN_POINT('',(6.85,-8.6972484057793,0.69393513686679));
#4540=CARTESIAN_POINT('',(8.45,-8.17532344541449,0.448416932944425));
#4541=CARTESIAN_POINT('',(8.44394371338716,-8.17552597216543,0.446475587596189));
#4542=CARTESIAN_POINT('',(8.43116193697401,-8.17681421852284,0.442594956262343));
#4543=CARTESIAN_POINT('',(8.41016756381758,-8.18112458145568,0.437387680376191));
#4544=CARTESIAN_POINT('',(8.38785216383401,-8.18713510739713,0.433061392182281));
#4545=CARTESIAN_POINT('',(8.35692273351439,-8.19663467360302,0.428422133363423));
#4546=CARTESIAN_POINT('',(8.31683173679607,-8.21026862327521,0.424412885727522));
#4547=CARTESIAN_POINT('',(8.25121180949329,-8.23376784404213,0.420569686199667));
#4548=CARTESIAN_POINT('',(8.16762820048829,-8.26473131789905,0.419056816378886));
#4549=CARTESIAN_POINT('',(8.06622844596644,-8.30261095128467,0.420176000525316));
#4550=CARTESIAN_POINT('',(7.98114695438662,-8.33432151932329,0.42273615749856));
#4551=CARTESIAN_POINT('',(7.92136765698887,-8.35646052778519,0.425173572934414));
#4552=CARTESIAN_POINT('',(7.89143009498901,-8.36750502528262,0.426492400191058));
#4553=CARTESIAN_POINT('',(7.87430535561393,-8.37380753486554,0.427349515800281));
#4554=CARTESIAN_POINT('',(7.84865360737488,-8.38325192386414,0.430028576730282));
#4555=CARTESIAN_POINT('',(7.82330437544729,-8.39267101559437,0.435709055706366));
#4556=CARTESIAN_POINT('',(7.79897060637649,-8.40205875946032,0.444202211753932));
#4557=CARTESIAN_POINT('',(7.78313400520035,-8.40830849256742,0.45071404227516));
#4558=CARTESIAN_POINT('',(7.73970573404728,-8.4254574481335,0.468980206700006));
#4559=CARTESIAN_POINT('',(7.66837704622981,-8.45329498466245,0.499153997701498));
#4560=CARTESIAN_POINT('',(7.57294183105901,-8.48977810448956,0.540185485045582));
#4561=CARTESIAN_POINT('',(7.47711159244852,-8.52543409310771,0.581884662883354));
#4562=CARTESIAN_POINT('',(7.40896782057573,-8.54996744601046,0.611914678775723));
#4563=CARTESIAN_POINT('',(7.36871307646183,-8.56406414973559,0.629603489811192));
#4564=CARTESIAN_POINT('',(7.35266844881412,-8.56967192460241,0.636852477358929));
#4565=CARTESIAN_POINT('',(7.33557426596516,-8.57523160364427,0.641889326052506));
#4566=CARTESIAN_POINT('',(7.32027507048278,-8.58005120115133,0.644271489854586));
#4567=CARTESIAN_POINT('',(7.31151071405443,-8.58279193099582,0.645079887009858));
#4568=CARTESIAN_POINT('',(7.30274122051673,-8.5855236322669,0.645799052534026));
#4569=CARTESIAN_POINT('',(7.29177664313268,-8.5889210590478,0.64678515183642));
#4570=CARTESIAN_POINT('',(7.24788588817855,-8.60241614071205,0.650670401283198));
#4571=CARTESIAN_POINT('',(7.17303717014783,-8.62461176217825,0.657514643628044));
#4572=CARTESIAN_POINT('',(7.06660989206844,-8.65315364288147,0.667818798489406));
#4573=CARTESIAN_POINT('',(6.9770576496601,-8.67325069627083,0.677038714444936));
#4574=CARTESIAN_POINT('',(6.90469267912636,-8.68473157669874,0.684995344043882));
#4575=CARTESIAN_POINT('',(6.86824131610601,-8.68794415308681,0.689252699830109));
#4576=CARTESIAN_POINT('',(6.85,-8.68834920658868,0.691498752013951));
#4577=CARTESIAN_POINT('',(8.45,-8.18662245113648,0.425297610938618));
#4578=CARTESIAN_POINT('',(8.44379817689669,-8.18678556762798,0.423545636105528));
#4579=CARTESIAN_POINT('',(8.43076303165591,-8.18796975938494,0.420043624642907));
#4580=CARTESIAN_POINT('',(8.40949124365213,-8.19205609774861,0.415369692453313));
#4581=CARTESIAN_POINT('',(8.38697285781978,-8.19779402303494,0.411527105387061));
#4582=CARTESIAN_POINT('',(8.35583901292361,-8.20688767794017,0.407469162472854));
#4583=CARTESIAN_POINT('',(8.31557302171018,-8.21996396728897,0.404085725664868));
#4584=CARTESIAN_POINT('',(8.24975616806515,-8.24252279150156,0.401099001785823));
#4585=CARTESIAN_POINT('',(8.16601421670962,-8.27226535686849,0.400471516638369));
#4586=CARTESIAN_POINT('',(8.06448641321529,-8.30865922964449,0.402487556840072));
#4587=CARTESIAN_POINT('',(7.97933102441837,-8.33912754364507,0.405702667387828));
#4588=CARTESIAN_POINT('',(7.91951240168956,-8.36039864254219,0.408564139908248));
#4589=CARTESIAN_POINT('',(7.88955805598175,-8.37100989973534,0.410086394437643));
#4590=CARTESIAN_POINT('',(7.87242439750248,-8.37706509005422,0.41105930677006));
#4591=CARTESIAN_POINT('',(7.84676118497263,-8.38613876802464,0.413942717339315));
#4592=CARTESIAN_POINT('',(7.82141034755118,-8.39518787150579,0.419892861237577));
#4593=CARTESIAN_POINT('',(7.79710189124509,-8.40420652277591,0.428717001781153));
#4594=CARTESIAN_POINT('',(7.78129210501684,-8.41021044451827,0.435468271867433));
#4595=CARTESIAN_POINT('',(7.73794324331421,-8.42668449913072,0.454394912175511));
#4596=CARTESIAN_POINT('',(7.66675280581251,-8.4534240634456,0.485621913363692));
#4597=CARTESIAN_POINT('',(7.57152338502372,-8.48846132305046,0.528017363188445));
#4598=CARTESIAN_POINT('',(7.47592096444104,-8.52269508376663,0.57104269052049));
#4599=CARTESIAN_POINT('',(7.40795604370828,-8.54624168159218,0.601989784714738));
#4600=CARTESIAN_POINT('',(7.36781182731594,-8.55976750344955,0.620207607845032));
#4601=CARTESIAN_POINT('',(7.35181364207438,-8.56514780861564,0.627671390498386));
#4602=CARTESIAN_POINT('',(7.33474199065103,-8.57048139212321,0.632868410645612));
#4603=CARTESIAN_POINT('',(7.31945549233902,-8.57510444522788,0.635340783822973));
#4604=CARTESIAN_POINT('',(7.31069821229053,-8.57773324472455,0.636187080018051));
#4605=CARTESIAN_POINT('',(7.30193590637066,-8.58035327360705,0.636941757789693));
#4606=CARTESIAN_POINT('',(7.29098069276847,-8.58361160132531,0.637973887230643));
#4607=CARTESIAN_POINT('',(7.24712902983593,-8.59655299032353,0.642039417696624));
#4608=CARTESIAN_POINT('',(7.17235997701538,-8.6178286490393,0.649177424424079));
#4609=CARTESIAN_POINT('',(7.06608790246667,-8.64515156206668,0.659861123497814));
#4610=CARTESIAN_POINT('',(6.9767136105241,-8.66433817612226,0.669361995643286));
#4611=CARTESIAN_POINT('',(6.90453174549012,-8.67522204114839,0.677510571217231));
#4612=CARTESIAN_POINT('',(6.86818708430299,-8.67820833451632,0.681848093532247));
#4613=CARTESIAN_POINT('',(6.85,-8.67853456749932,0.684127581962432));
#4614=CARTESIAN_POINT('',(8.45,-8.20345055091261,0.405842689268014));
#4615=CARTESIAN_POINT('',(8.44365685885523,-8.20356353772609,0.404241464328222));
#4616=CARTESIAN_POINT('',(8.4303756888108,-8.20462223604541,0.401040835004988));
#4617=CARTESIAN_POINT('',(8.40883452696973,-8.20845239158416,0.396785392410146));
#4618=CARTESIAN_POINT('',(8.3861190389364,-8.21388555795961,0.39331309128479));
#4619=CARTESIAN_POINT('',(8.35478670452388,-8.22253042388983,0.389687088053236));
#4620=CARTESIAN_POINT('',(8.31435079111953,-8.2349954558223,0.386745664521838));
#4621=CARTESIAN_POINT('',(8.24834271914219,-8.25652812813188,0.384325537939213));
#4622=CARTESIAN_POINT('',(8.16444701506947,-8.28494259082294,0.384226457927144));
#4623=CARTESIAN_POINT('',(8.06279487416707,-8.31972206996626,0.386715778899537));
#4624=CARTESIAN_POINT('',(7.97756773010137,-8.34884093574292,0.390235542646144));
#4625=CARTESIAN_POINT('',(7.91771092190618,-8.36916908914516,0.393276859391578));
#4626=CARTESIAN_POINT('',(7.88774027897471,-8.37930958806897,0.394880684076107));
#4627=CARTESIAN_POINT('',(7.870597959916,-8.38509602028663,0.395899773462142));
#4628=CARTESIAN_POINT('',(7.84492361539363,-8.3937668289731,0.398882215628478));
#4629=CARTESIAN_POINT('',(7.81957121901437,-8.4024137859494,0.40499481321014));
#4630=CARTESIAN_POINT('',(7.79528734176968,-8.41103118636793,0.414040949631994));
#4631=CARTESIAN_POINT('',(7.77950359324446,-8.41676785790839,0.420958455763263));
#4632=CARTESIAN_POINT('',(7.73623183926906,-8.43250805476497,0.44034420380833));
#4633=CARTESIAN_POINT('',(7.6651756448276,-8.45805317209849,0.472295702759029));
#4634=CARTESIAN_POINT('',(7.57014605336626,-8.49151593845806,0.515618000463191));
#4635=CARTESIAN_POINT('',(7.4747648473903,-8.52419883824918,0.559533458716837));
#4636=CARTESIAN_POINT('',(7.40697359370654,-8.54666756593956,0.591089430451234));
#4637=CARTESIAN_POINT('',(7.3669367013337,-8.55956890883623,0.609655273885404));
#4638=CARTESIAN_POINT('',(7.35098361234159,-8.56470030546442,0.617261362456469));
#4639=CARTESIAN_POINT('',(7.33393383925904,-8.56978635460051,0.622547648163697));
#4640=CARTESIAN_POINT('',(7.31865967008349,-8.57419410432028,0.625049635614375));
#4641=CARTESIAN_POINT('',(7.30990926130239,-8.57670025405054,0.625899600704958));
#4642=CARTESIAN_POINT('',(7.30115393466361,-8.57919789112587,0.626655629762159));
#4643=CARTESIAN_POINT('',(7.2902078134293,-8.58230372050825,0.627691040607991));
#4644=CARTESIAN_POINT('',(7.24639410941629,-8.59463781974752,0.631765968449347));
#4645=CARTESIAN_POINT('',(7.17170241266938,-8.61490240065486,0.638907605867802));
#4646=CARTESIAN_POINT('',(7.06558104299829,-8.64087771298334,0.649562268415497));
#4647=CARTESIAN_POINT('',(6.97637954353698,-8.65904669351928,0.659004636879154));
#4648=CARTESIAN_POINT('',(6.90437547659696,-8.66924778779492,0.667074541805384));
#4649=CARTESIAN_POINT('',(6.86813442443629,-8.67196492046835,0.671357380496056));
#4650=CARTESIAN_POINT('',(6.85,-8.67219089409531,0.673603072763207));
#4651=CARTESIAN_POINT('',(8.45,-8.22458998527206,0.391173573544696));
#4652=CARTESIAN_POINT('',(8.44351975926276,-8.2246532507217,0.389686712320822));
#4653=CARTESIAN_POINT('',(8.42999990843867,-8.22558727223176,0.386714696294072));
#4654=CARTESIAN_POINT('',(8.40819741377039,-8.22916246988813,0.382769592525577));
#4655=CARTESIAN_POINT('',(8.38529070718386,-8.23429210229523,0.379560865487749));
#4656=CARTESIAN_POINT('',(8.35376580831518,-8.24248981250716,0.376226363494717));
#4657=CARTESIAN_POINT('',(8.31316504502414,-8.25434562859422,0.373554327910913));
#4658=CARTESIAN_POINT('',(8.2469714627244,-8.27485541551423,0.371428795828052));
#4659=CARTESIAN_POINT('',(8.16292659556782,-8.30194585867123,0.371523485858088));
#4660=CARTESIAN_POINT('',(8.06115382882178,-8.33511584395204,0.374089325650185));
#4661=CARTESIAN_POINT('',(7.97585707143563,-8.3628893446466,0.377585786664649));
#4662=CARTESIAN_POINT('',(7.91596321763871,-8.38227741075323,0.380578375886809));
#4663=CARTESIAN_POINT('',(7.88597676396788,-8.39194858050733,0.38214973416449));
#4664=CARTESIAN_POINT('',(7.86882604285448,-8.39746707125214,0.383149849823501));
#4665=CARTESIAN_POINT('',(7.84314089863788,-8.4057362355972,0.386132708878145));
#4666=CARTESIAN_POINT('',(7.81778698983687,-8.41398227101119,0.392307252237826));
#4667=CARTESIAN_POINT('',(7.79352695795025,-8.42219964552069,0.401473099253626));
#4668=CARTESIAN_POINT('',(7.77776846988318,-8.4276698834876,0.408488106798753));
#4669=CARTESIAN_POINT('',(7.73457152191182,-8.44267846831632,0.428143883879132));
#4670=CARTESIAN_POINT('',(7.66364556327507,-8.46703281349611,0.460511278168379));
#4671=CARTESIAN_POINT('',(7.56880983608664,-8.49892598638056,0.504350122484283));
#4672=CARTESIAN_POINT('',(7.47364324129629,-8.53006292501682,0.548746506420458));
#4673=CARTESIAN_POINT('',(7.40602047057053,-8.55145725324255,0.580622147711237));
#4674=CARTESIAN_POINT('',(7.3660876985151,-8.56373615874943,0.599366191880668));
#4675=CARTESIAN_POINT('',(7.35017835961574,-8.56861946346809,0.607046566070471));
#4676=CARTESIAN_POINT('',(7.3331498117892,-8.57345879486107,0.612355680332988));
#4677=CARTESIAN_POINT('',(7.31788760371617,-8.57765195574574,0.614830597232835));
#4678=CARTESIAN_POINT('',(7.30914386109001,-8.58003586402377,0.615652235519088));
#4679=CARTESIAN_POINT('',(7.30039530539557,-8.58241151760612,0.616377689344401));
#4680=CARTESIAN_POINT('',(7.28945800511518,-8.58536535904535,0.617376425917023));
#4681=CARTESIAN_POINT('',(7.24568112691962,-8.59709421009657,0.621301039712259));
#4682=CARTESIAN_POINT('',(7.17106447710982,-8.61635118386602,0.628175166908072));
#4683=CARTESIAN_POINT('',(7.06508931366329,-8.64098379526579,0.638419025524912));
#4684=CARTESIAN_POINT('',(6.97605544869872,-8.65813922542387,0.647485774879659));
#4685=CARTESIAN_POINT('',(6.90422387244687,-8.6676608154625,0.655224268091195));
#4686=CARTESIAN_POINT('',(6.86808333650591,-8.67011042069815,0.659326510782256));
#4687=CARTESIAN_POINT('',(6.85,-8.67023695159743,0.66147564336593));
#4688=CARTESIAN_POINT('',(8.45,-8.24474250315382,0.383871067276177));
#4689=CARTESIAN_POINT('',(8.44340902497654,-8.24477140846909,0.382451920433143));
#4690=CARTESIAN_POINT('',(8.42969639352272,-8.2456156813091,0.379615240981826));
#4691=CARTESIAN_POINT('',(8.40768282234016,-8.24899963707001,0.375846826557791));
#4692=CARTESIAN_POINT('',(8.38462166999913,-8.25389754751001,0.372777017344607));
#4693=CARTESIAN_POINT('',(8.35294123830046,-8.26175092529874,0.369579333408464));
#4694=CARTESIAN_POINT('',(8.31220732702401,-8.27313443319214,0.367001598833784));
#4695=CARTESIAN_POINT('',(8.24586390946387,-8.2928484103049,0.364916757959979));
#4696=CARTESIAN_POINT('',(8.16169856443188,-8.31890624720526,0.364921391434618));
#4697=CARTESIAN_POINT('',(8.05982836911982,-8.35081987962673,0.367253159135344));
#4698=CARTESIAN_POINT('',(7.97447538559022,-8.37754298610792,0.370484235584442));
#4699=CARTESIAN_POINT('',(7.91455161034576,-8.39619716648342,0.373264873771375));
#4700=CARTESIAN_POINT('',(7.88455238646236,-8.40550198877038,0.374723712087233));
#4701=CARTESIAN_POINT('',(7.86739487907403,-8.41081134362549,0.375659190187305));
#4702=CARTESIAN_POINT('',(7.84170101202747,-8.41876702735924,0.378568417021068));
#4703=CARTESIAN_POINT('',(7.81634588165505,-8.42670018447782,0.38471902457079));
#4704=CARTESIAN_POINT('',(7.79210510948071,-8.43460542706964,0.393907591974109));
#4705=CARTESIAN_POINT('',(7.77636702409139,-8.43986778572961,0.400952038035626));
#4706=CARTESIAN_POINT('',(7.73323049635405,-8.45430560271372,0.420690305770353));
#4707=CARTESIAN_POINT('',(7.66240972817495,-8.47773130678496,0.453171708710271));
#4708=CARTESIAN_POINT('',(7.56773058366848,-8.5084013771329,0.497131887997605));
#4709=CARTESIAN_POINT('',(7.4727373286819,-8.53833490683285,0.541620836154692));
#4710=CARTESIAN_POINT('',(7.40525064034529,-8.55889403402318,0.573545093428476));
#4711=CARTESIAN_POINT('',(7.36540196546932,-8.57068961338278,0.592309787397071));
#4712=CARTESIAN_POINT('',(7.34952796318333,-8.5753803235145,0.600000848884128));
#4713=CARTESIAN_POINT('',(7.33251655883279,-8.58002820545923,0.605279088969574));
#4714=CARTESIAN_POINT('',(7.31726401165027,-8.5840549224018,0.607688992646373));
#4715=CARTESIAN_POINT('',(7.30852565322617,-8.58634403713848,0.608463095277881));
#4716=CARTESIAN_POINT('',(7.29978256637139,-8.58862511214551,0.609139197410805));
#4717=CARTESIAN_POINT('',(7.28885239070762,-8.59146113988483,0.610077492064082));
#4718=CARTESIAN_POINT('',(7.24510525644155,-8.60272098912354,0.613757416796595));
#4719=CARTESIAN_POINT('',(7.17054922146557,-8.6211984221299,0.620205899384665));
#4720=CARTESIAN_POINT('',(7.06469214766194,-8.64479700811514,0.629822079073144));
#4721=CARTESIAN_POINT('',(6.97579367979089,-8.66117855631343,0.638338880635136));
#4722=CARTESIAN_POINT('',(6.90410142294104,-8.67019048750525,0.645612444651742));
#4723=CARTESIAN_POINT('',(6.86804207317752,-8.67244545055145,0.64947019609197));
#4724=CARTESIAN_POINT('',(6.85,-8.672503261182,0.651492025536494));
#4725=CARTESIAN_POINT('',(8.45,-8.259476694086,0.38147413479745));
#4726=CARTESIAN_POINT('',(8.44333335654762,-8.25948802912263,0.38009117965607));
#4727=CARTESIAN_POINT('',(8.42948899166349,-8.26028244152442,0.37732682061413));
#4728=CARTESIAN_POINT('',(8.40733118486283,-8.26355197340471,0.373648904533052));
#4729=CARTESIAN_POINT('',(8.38416449458956,-8.26830712391396,0.370643783124288));
#4730=CARTESIAN_POINT('',(8.35237778212373,-8.27594539626806,0.367499272359346));
#4731=CARTESIAN_POINT('',(8.31155288639058,-8.28703069750292,0.364935577847976));
#4732=CARTESIAN_POINT('',(8.24510708140251,-8.30623946227384,0.362797904298346));
#4733=CARTESIAN_POINT('',(8.16085940982232,-8.33163929294858,0.362640201207614));
#4734=CARTESIAN_POINT('',(8.05892263832348,-8.36275126015337,0.364691062142883));
#4735=CARTESIAN_POINT('',(7.97353123359585,-8.38880390883926,0.367639994553133));
#4736=CARTESIAN_POINT('',(7.91358701202891,-8.4069897419108,0.370205240989231));
#4737=CARTESIAN_POINT('',(7.88357906183359,-8.41606080732467,0.371551911392797));
#4738=CARTESIAN_POINT('',(7.86641691715738,-8.4212367306878,0.372423060910424));
#4739=CARTESIAN_POINT('',(7.84071708951036,-8.42899242343984,0.375251733017496));
#4740=CARTESIAN_POINT('',(7.81536112439747,-8.43672601119785,0.381355745054658));
#4741=CARTESIAN_POINT('',(7.79113351302652,-8.4444322068935,0.390529598680361));
#4742=CARTESIAN_POINT('',(7.77540936946699,-8.44956201366942,0.397574001477573));
#4743=CARTESIAN_POINT('',(7.73231412888957,-8.46363594314703,0.417313198970555));
#4744=CARTESIAN_POINT('',(7.66156524085654,-8.48646993478093,0.4497817896945));
#4745=CARTESIAN_POINT('',(7.56699309451607,-8.51636161513816,0.493703923709292));
#4746=CARTESIAN_POINT('',(7.4721182883954,-8.54553054036755,0.538135166580981));
#4747=CARTESIAN_POINT('',(7.40472458969138,-8.56556012226404,0.570006966545181));
#4748=CARTESIAN_POINT('',(7.36493338122137,-8.57704978239755,0.588735372250278));
#4749=CARTESIAN_POINT('',(7.34908352562118,-8.58161863994923,0.596413577139955));
#4750=CARTESIAN_POINT('',(7.33208383597924,-8.586145470911,0.601650560287234));
#4751=CARTESIAN_POINT('',(7.31683789040523,-8.59006702027105,0.603998398625759));
#4752=CARTESIAN_POINT('',(7.30810321118588,-8.59229626134419,0.60472993876794));
#4753=CARTESIAN_POINT('',(7.29936386137153,-8.59451761316391,0.60536223745248));
#4754=CARTESIAN_POINT('',(7.28843855419579,-8.59727927358254,0.60624663038764));
#4755=CARTESIAN_POINT('',(7.24471174494819,-8.60824323062951,0.609708951967701));
#4756=CARTESIAN_POINT('',(7.17019713010866,-8.62623008053265,0.61578089917584));
#4757=CARTESIAN_POINT('',(7.06442075089436,-8.64918263051257,0.62484720742692));
#4758=CARTESIAN_POINT('',(6.97561480437055,-8.66508727949304,0.632887413411347));
#4759=CARTESIAN_POINT('',(6.90401774911205,-8.67379430401534,0.63976263747607));
#4760=CARTESIAN_POINT('',(6.86801387656979,-8.67593894479054,0.643413000727224));
#4761=CARTESIAN_POINT('',(6.85,-8.6759616148638,0.645327680109491));
#4762=CARTESIAN_POINT('',(8.45,-8.26796957153853,0.381026495139808));
#4763=CARTESIAN_POINT('',(8.44329064475151,-8.26797294030345,0.379660732115689));
#4764=CARTESIAN_POINT('',(8.42937192162448,-8.26874300880129,0.376930721750716));
#4765=CARTESIAN_POINT('',(8.40713269959689,-8.27195337726951,0.373294178413594));
#4766=CARTESIAN_POINT('',(8.38390643738973,-8.27663317233804,0.370315860734002));
#4767=CARTESIAN_POINT('',(8.35205973368948,-8.284156822851,0.367188417501032));
#4768=CARTESIAN_POINT('',(8.31118348087625,-8.2950820897186,0.364616464802147));
#4769=CARTESIAN_POINT('',(8.24467988228773,-8.3140187528229,0.362423076138925));
#4770=CARTESIAN_POINT('',(8.16038574066989,-8.33906331881537,0.362141374080473));
#4771=CARTESIAN_POINT('',(8.05841138958129,-8.36974207826087,0.363994834624874));
#4772=CARTESIAN_POINT('',(7.97299829762691,-8.39543234708179,0.366752141549271));
#4773=CARTESIAN_POINT('',(7.9130425349302,-8.41336507033514,0.369173151435762));
#4774=CARTESIAN_POINT('',(7.88302965908146,-8.42230981899928,0.3704451792789));
#4775=CARTESIAN_POINT('',(7.86586489684206,-8.4274136435706,0.371273544593095));
#4776=CARTESIAN_POINT('',(7.84016170467491,-8.43506127742423,0.374047036840351));
#4777=CARTESIAN_POINT('',(7.81480526838448,-8.4426870472102,0.380115037633335));
#4778=CARTESIAN_POINT('',(7.7905850857597,-8.4502857234849,0.389270875976747));
#4779=CARTESIAN_POINT('',(7.77486881180444,-8.45534393410211,0.396308781056724));
#4780=CARTESIAN_POINT('',(7.73179687617443,-8.46922133424309,0.416030701796245));
#4781=CARTESIAN_POINT('',(7.66108856160363,-8.49173586947191,0.448462930704444));
#4782=CARTESIAN_POINT('',(7.5665768114405,-8.52120764219898,0.492324749909734));
#4783=CARTESIAN_POINT('',(7.47176886495842,-8.5499645372383,0.536684580682435));
#4784=CARTESIAN_POINT('',(7.40442765517593,-8.56970914986795,0.568499259088179));
#4785=CARTESIAN_POINT('',(7.36466888418942,-8.58103436845273,0.58719099828192));
#4786=CARTESIAN_POINT('',(7.34883265842582,-8.58553774373371,0.594855472841267));
#4787=CARTESIAN_POINT('',(7.33183958126748,-8.58999955048026,0.600062694803832));
#4788=CARTESIAN_POINT('',(7.31659736203696,-8.59386463338203,0.602369835611606));
#4789=CARTESIAN_POINT('',(7.30786475958126,-8.59606173482067,0.603074114285892));
#4790=CARTESIAN_POINT('',(7.29912751917648,-8.59825103299229,0.603678451030876));
#4791=CARTESIAN_POINT('',(7.28820496006716,-8.60097279015851,0.604528372795815));
#4792=CARTESIAN_POINT('',(7.24448962347808,-8.61177803539067,0.607851682874935));
#4793=CARTESIAN_POINT('',(7.16999838864588,-8.62950218013588,0.613683579439615));
#4794=CARTESIAN_POINT('',(7.06426755829384,-8.65211045333445,0.622400667519845));
#4795=CARTESIAN_POINT('',(6.97551383636324,-8.66776332735138,0.630139487916426));
#4796=CARTESIAN_POINT('',(6.90397051858837,-8.67631271059126,0.636763971854593));
#4797=CARTESIAN_POINT('',(6.86799796071456,-8.67840260561883,0.640284326190456));
#4798=CARTESIAN_POINT('',(6.85,-8.67840934314867,0.642132050359779));
#4799=CARTESIAN_POINT('',(8.45,-8.28073616071619,0.380973181231276));
#4800=CARTESIAN_POINT('',(8.44322710436346,-8.28072972916574,0.379631538382673));
#4801=CARTESIAN_POINT('',(8.4291977618751,-8.28146757999205,0.376949715471384));
#4802=CARTESIAN_POINT('',(8.40683742213335,-8.28459565061873,0.373370353219542));
#4803=CARTESIAN_POINT('',(8.38352253748134,-8.28916885980273,0.370427542967429));
#4804=CARTESIAN_POINT('',(8.35158658756199,-8.29652917392275,0.367319667314096));
#4805=CARTESIAN_POINT('',(8.31063393316665,-8.30722513470038,0.364728150526807));
#4806=CARTESIAN_POINT('',(8.24404435767871,-8.32577083804231,0.362440231018003));
#4807=CARTESIAN_POINT('',(8.15968108470854,-8.35030399793324,0.361959503839291));
#4808=CARTESIAN_POINT('',(8.05765082818088,-8.38035873484608,0.363501831815097));
#4809=CARTESIAN_POINT('',(7.97220547312991,-8.40552692479145,0.365959508737323));
#4810=CARTESIAN_POINT('',(7.91223254122163,-8.42309502696283,0.368155754233456));
#4811=CARTESIAN_POINT('',(7.88221233770329,-8.43185782232505,0.369311644616999));
#4812=CARTESIAN_POINT('',(7.86504368143471,-8.43685779689304,0.370073450322061));
#4813=CARTESIAN_POINT('',(7.83933548402466,-8.44434978967561,0.372760486756388));
#4814=CARTESIAN_POINT('',(7.81397834678491,-8.45182027978008,0.37877054801033));
#4815=CARTESIAN_POINT('',(7.78976921556646,-8.4592641241999,0.387895218585158));
#4816=CARTESIAN_POINT('',(7.77406464886201,-8.46421923876344,0.394920545803988));
#4817=CARTESIAN_POINT('',(7.73102738293771,-8.47781366490651,0.4146087580705));
#4818=CARTESIAN_POINT('',(7.66037942765333,-8.49986835735741,0.446973791398268));
#4819=CARTESIAN_POINT('',(7.56595752612436,-8.5287360577455,0.490728413992427));
#4820=CARTESIAN_POINT('',(7.47124904367255,-8.55690069660599,0.534964539223341));
#4821=CARTESIAN_POINT('',(7.40398591926097,-8.57623612261899,0.566681866603717));
#4822=CARTESIAN_POINT('',(7.36427540403696,-8.58732542434162,0.585311779943336));
#4823=CARTESIAN_POINT('',(7.34845945475865,-8.59173487440093,0.592952917013413));
#4824=CARTESIAN_POINT('',(7.33147621469012,-8.59610344300902,0.598112953116917));
#4825=CARTESIAN_POINT('',(7.31623953897057,-8.59988758713471,0.600357002501191));
#4826=CARTESIAN_POINT('',(7.30751002602129,-8.60203862821379,0.601019269782955));
#4827=CARTESIAN_POINT('',(7.2987759236888,-8.60418199500546,0.60158055307572));
#4828=CARTESIAN_POINT('',(7.28785745275235,-8.6068465836583,0.602377373965316));
#4829=CARTESIAN_POINT('',(7.24415918351328,-8.61742450662918,0.605486604224328));
#4830=CARTESIAN_POINT('',(7.16970273005001,-8.63477286092111,0.610949014519899));
#4831=CARTESIAN_POINT('',(7.06403966065974,-8.65689050805392,0.619129114679832));
#4832=CARTESIAN_POINT('',(6.9753636308709,-8.67218721054742,0.626405019984242));
#4833=CARTESIAN_POINT('',(6.90390025589574,-8.68051732460118,0.632644843273587));
#4834=CARTESIAN_POINT('',(6.86797428342375,-8.68253369737606,0.635965966276798));
#4835=CARTESIAN_POINT('',(6.85,-8.68252083427516,0.637711172730247));
#4836=CARTESIAN_POINT('',(8.45,-8.29562198486592,0.381005280683757));
#4837=CARTESIAN_POINT('',(8.44315451188695,-8.29561036492575,0.379696448728927));
#4838=CARTESIAN_POINT('',(8.42899879098577,-8.29632311909169,0.37708018717198));
#4839=CARTESIAN_POINT('',(8.40650007886243,-8.29937391150454,0.373581915667174));
#4840=CARTESIAN_POINT('',(8.38308394643803,-8.30384150642457,0.370695434832441));
#4841=CARTESIAN_POINT('',(8.35104603610791,-8.31103624266568,0.367630932437293));
#4842=CARTESIAN_POINT('',(8.31000609581102,-8.32149590622943,0.365043336976544));
#4843=CARTESIAN_POINT('',(8.24331829498571,-8.33963545234093,0.362689455657681));
#4844=CARTESIAN_POINT('',(8.15887604207499,-8.36363442489554,0.362033894955993));
#4845=CARTESIAN_POINT('',(8.0567819157096,-8.39303607925884,0.363283819934574));
#4846=CARTESIAN_POINT('',(7.97129970129792,-8.41765763029819,0.365451726082846));
#4847=CARTESIAN_POINT('',(7.91130715421848,-8.43484405838812,0.367427968386889));
#4848=CARTESIAN_POINT('',(7.88127857911635,-8.4434164334885,0.368469566927628));
#4849=CARTESIAN_POINT('',(7.86410547406753,-8.44830774034237,0.369165839832275));
#4850=CARTESIAN_POINT('',(7.83839155835784,-8.45563688781002,0.371769867320805));
#4851=CARTESIAN_POINT('',(7.81303362031017,-8.4629449542207,0.37772949838722));
#4852=CARTESIAN_POINT('',(7.78883711490311,-8.47022689741114,0.38683432450398));
#4853=CARTESIAN_POINT('',(7.7731459232874,-8.47507422386849,0.393855791016222));
#4854=CARTESIAN_POINT('',(7.73014826618318,-8.48837286289417,0.413534392443199));
#4855=CARTESIAN_POINT('',(7.6595692690877,-8.50994727990809,0.445869947972301));
#4856=CARTESIAN_POINT('',(7.5652500162058,-8.53818517297262,0.489565156643739));
#4857=CARTESIAN_POINT('',(7.47065516762534,-8.56573379002969,0.533723007126591));
#4858=CARTESIAN_POINT('',(7.40348125277998,-8.58464491680474,0.565373778004109));
#4859=CARTESIAN_POINT('',(7.36382586792917,-8.59549020874594,0.583959330210405));
#4860=CARTESIAN_POINT('',(7.34803308376407,-8.59980257000305,0.591584314108016));
#4861=CARTESIAN_POINT('',(7.33106108219647,-8.60407485140604,0.596700951183664));
#4862=CARTESIAN_POINT('',(7.31583073972737,-8.60777549625484,0.598882116410024));
#4863=CARTESIAN_POINT('',(7.30710475642167,-8.6098790455593,0.599501641784456));
#4864=CARTESIAN_POINT('',(7.29837423921739,-8.61197507105259,0.600018992656323));
#4865=CARTESIAN_POINT('',(7.28746043886296,-8.6145807697459,0.600761715953932));
#4866=CARTESIAN_POINT('',(7.24378166842209,-8.62492470996969,0.603652640714606));
#4867=CARTESIAN_POINT('',(7.16936495134988,-8.64188772721429,0.608737590342274));
#4868=CARTESIAN_POINT('',(7.06377929628107,-8.66350792100893,0.616367256356289));
#4869=CARTESIAN_POINT('',(6.9751920268091,-8.67845154317391,0.623166843882121));
#4870=CARTESIAN_POINT('',(6.90381998344191,-8.68657580566956,0.629009243096573));
#4871=CARTESIAN_POINT('',(6.86794723301959,-8.68853138372916,0.632123769922907));
#4872=CARTESIAN_POINT('',(6.85,-8.68850814384883,0.633762362806692));
#4873=CARTESIAN_POINT('',(8.45,-8.31104052560385,0.381007043606181));
#4874=CARTESIAN_POINT('',(8.44308123830667,-8.31102772375653,0.379741349308804));
#4875=CARTESIAN_POINT('',(8.4287979532388,-8.31172286851719,0.377211302066537));
#4876=CARTESIAN_POINT('',(8.40615957044579,-8.31470619812659,0.373824938887953));
#4877=CARTESIAN_POINT('',(8.38264124028502,-8.31907698219123,0.371025372724961));
#4878=CARTESIAN_POINT('',(8.3505004128938,-8.32611699418653,0.368044726193617));
#4879=CARTESIAN_POINT('',(8.30937236772958,-8.33635288026114,0.365511183417935));
#4880=CARTESIAN_POINT('',(8.24258541996113,-8.3541052977844,0.363170872704211));
#4881=CARTESIAN_POINT('',(8.15806344607531,-8.37759292270547,0.362439027225216));
#4882=CARTESIAN_POINT('',(8.05590485060919,-8.40636847152879,0.363514032675389));
#4883=CARTESIAN_POINT('',(7.9703854310014,-8.43046577866599,0.365489638388963));
#4884=CARTESIAN_POINT('',(7.91037308471014,-8.44728624393262,0.367313945699306));
#4885=CARTESIAN_POINT('',(7.88033605947728,-8.4556760692852,0.36827524624291));
#4886=CARTESIAN_POINT('',(7.86315846390724,-8.46046321099954,0.368925409307848));
#4887=CARTESIAN_POINT('',(7.83743877624559,-8.46763627259475,0.371475705753471));
#4888=CARTESIAN_POINT('',(7.81208002987635,-8.47478868981202,0.37741449020762));
#4889=CARTESIAN_POINT('',(7.7878962687432,-8.48191552493291,0.386529342414212));
#4890=CARTESIAN_POINT('',(7.77221857770889,-8.48665959727322,0.393566949823098));
#4891=CARTESIAN_POINT('',(7.72926090105715,-8.49967494015795,0.41329095425926));
#4892=CARTESIAN_POINT('',(7.65875150915538,-8.52078965508045,0.445686925631843));
#4893=CARTESIAN_POINT('',(7.5645358680283,-8.54842554908905,0.489442389884881));
#4894=CARTESIAN_POINT('',(7.47005571949657,-8.57538644495033,0.533641458161044));
#4895=CARTESIAN_POINT('',(7.40297185123213,-8.59389374909187,0.5653102088278));
#4896=CARTESIAN_POINT('',(7.36337211401891,-8.60450727552754,0.583901078245905));
#4897=CARTESIAN_POINT('',(7.34760271231524,-8.60872746408964,0.591529795239402));
#4898=CARTESIAN_POINT('',(7.33064205469456,-8.61290840302315,0.596622663919493));
#4899=CARTESIAN_POINT('',(7.31541810489804,-8.61652990209687,0.598757888071388));
#4900=CARTESIAN_POINT('',(7.30669568435303,-8.61858845527411,0.599344289422979));
#4901=CARTESIAN_POINT('',(7.29796878591468,-8.62063964049054,0.599827314588367));
#4902=CARTESIAN_POINT('',(7.2870596999643,-8.62318958573923,0.600527956361336));
#4903=CARTESIAN_POINT('',(7.24340061127043,-8.63331214560022,0.603248621924218));
#4904=CARTESIAN_POINT('',(7.16902400341862,-8.64991169390872,0.608037730097045));
#4905=CARTESIAN_POINT('',(7.0635164890163,-8.67106696956086,0.615232024439525));
#4906=CARTESIAN_POINT('',(6.97501881266077,-8.68568681920751,0.621651014236347));
#4907=CARTESIAN_POINT('',(6.90373895782644,-8.69363141256126,0.627172411824331));
#4908=CARTESIAN_POINT('',(6.8679199288132,-8.69554079179452,0.630118479724539));
#4909=CARTESIAN_POINT('',(6.85,-8.69551518809986,0.631669496556312));
#4910=CARTESIAN_POINT('',(8.45,-8.31954749231229,0.381003865897499));
#4911=CARTESIAN_POINT('',(8.44304138275206,-8.31953467756511,0.379764668591624));
#4912=CARTESIAN_POINT('',(8.42868871195753,-8.32022138516553,0.377287582152631));
#4913=CARTESIAN_POINT('',(8.40597435837149,-8.32316941147841,0.373971188680761));
#4914=CARTESIAN_POINT('',(8.38240043999669,-8.32748870021787,0.37122799747509));
#4915=CARTESIAN_POINT('',(8.35020363313055,-8.33444590385943,0.368305095339882));
#4916=CARTESIAN_POINT('',(8.30902766525889,-8.34456152242602,0.365816119386066));
#4917=CARTESIAN_POINT('',(8.24218678868838,-8.36210546525748,0.363507455786603));
#4918=CARTESIAN_POINT('',(8.15762145232915,-8.38531735921477,0.362764448980589));
#4919=CARTESIAN_POINT('',(8.05542779031169,-8.413755140741,0.363780709317712));
#4920=CARTESIAN_POINT('',(7.96988813375466,-8.43756960173173,0.365682049535598));
#4921=CARTESIAN_POINT('',(7.909865018117,-8.45419263078312,0.367444947614674));
#4922=CARTESIAN_POINT('',(7.87982339662112,-8.46248397618745,0.36837318806213));
#4923=CARTESIAN_POINT('',(7.8626433585307,-8.46721492585369,0.36900433711293));
#4924=CARTESIAN_POINT('',(7.83692053134255,-8.47430378866603,0.371534507368536));
#4925=CARTESIAN_POINT('',(7.81156134530455,-8.4813722480268,0.37747105239644));
#4926=CARTESIAN_POINT('',(7.78738451613927,-8.48841542384228,0.386600457705008));
#4927=CARTESIAN_POINT('',(7.77171416844969,-8.49310380676759,0.393652911020519));
#4928=CARTESIAN_POINT('',(7.72877823828695,-8.50596636386087,0.413418294082437));
#4929=CARTESIAN_POINT('',(7.65830670660148,-8.52683320272493,0.445874426217976));
#4930=CARTESIAN_POINT('',(7.56414742281272,-8.55414462956556,0.489699063693662));
#4931=CARTESIAN_POINT('',(7.46972966285322,-8.58078893569897,0.533956950005678));
#4932=CARTESIAN_POINT('',(7.40269477344868,-8.5990788742344,0.565661262670646));
#4933=CARTESIAN_POINT('',(7.36312530454568,-8.60956772598059,0.584270190320365));
#4934=CARTESIAN_POINT('',(7.34736862121834,-8.61373833901568,0.591907004269791));
#4935=CARTESIAN_POINT('',(7.33041413388842,-8.61787016047767,0.596993011073584));
#4936=CARTESIAN_POINT('',(7.31519366124575,-8.62144911149385,0.599108554704937));
#4937=CARTESIAN_POINT('',(7.30647317858616,-8.62348347840844,0.599679972182049));
#4938=CARTESIAN_POINT('',(7.29774824849605,-8.62551056334863,0.600147359843536));
#4939=CARTESIAN_POINT('',(7.28684172684221,-8.62803054705972,0.600828903808215));
#4940=CARTESIAN_POINT('',(7.24319334360232,-8.63803416196514,0.603472126671073));
#4941=CARTESIAN_POINT('',(7.16883855227999,-8.65443860877645,0.608126100669171));
#4942=CARTESIAN_POINT('',(7.06337354077692,-8.67534504810943,0.615119982675922));
#4943=CARTESIAN_POINT('',(6.97492459662926,-8.68979265651103,0.62136228679958));
#4944=CARTESIAN_POINT('',(6.90369488572256,-8.69764323555717,0.626733348284993));
#4945=CARTESIAN_POINT('',(6.86790507728986,-8.69952968253019,0.6295999194932));
#4946=CARTESIAN_POINT('',(6.85,-8.69950405303582,0.631109367675418));
#4947=CARTESIAN_POINT('',(8.45,-8.32539607418662,0.381001315729281));
#4948=CARTESIAN_POINT('',(8.44301422374024,-8.32538335926268,0.379781523216975));
#4949=CARTESIAN_POINT('',(8.42861427101001,-8.32606448369924,0.377343223755251));
#4950=CARTESIAN_POINT('',(8.40584814818662,-8.32898856507144,0.374078556528941));
#4951=CARTESIAN_POINT('',(8.38223634999867,-8.33327277685055,0.371377827616462));
#4952=CARTESIAN_POINT('',(8.3500013967001,-8.3401734845165,0.36849966974769));
#4953=CARTESIAN_POINT('',(8.30879277256783,-8.35020696263082,0.366047807174378));
#4954=CARTESIAN_POINT('',(8.24191514696731,-8.36760844864685,0.363771499365653));
#4955=CARTESIAN_POINT('',(8.15732026185535,-8.39063186448551,0.363034374711649));
#4956=CARTESIAN_POINT('',(8.05510270422556,-8.41883873529777,0.364026789469972));
#4957=CARTESIAN_POINT('',(7.9695492574817,-8.44245982648179,0.365891010384248));
#4958=CARTESIAN_POINT('',(7.90951880322315,-8.45894787897848,0.367621503517003));
#4959=CARTESIAN_POINT('',(7.87947404966794,-8.46717189984003,0.368531936381953));
#4960=CARTESIAN_POINT('',(7.86229234715607,-8.47186443485699,0.369152826174538));
#4961=CARTESIAN_POINT('',(7.83656738058138,-8.47889573708181,0.371673328083451));
#4962=CARTESIAN_POINT('',(7.81120789493724,-8.48590680149193,0.377612393450365));
#4963=CARTESIAN_POINT('',(7.78703578946478,-8.49289278761063,0.386755762132092));
#4964=CARTESIAN_POINT('',(7.77137044579505,-8.49754310144693,0.393821029560143));
#4965=CARTESIAN_POINT('',(7.72844933447393,-8.51030121611401,0.413622027844923));
#4966=CARTESIAN_POINT('',(7.65800360210483,-8.53099861841499,0.446131294787686));
#4967=CARTESIAN_POINT('',(7.56388272223823,-8.55808827838043,0.490019254850348));
#4968=CARTESIAN_POINT('',(7.46950747610114,-8.5845162333787,0.534333407351724));
#4969=CARTESIAN_POINT('',(7.40250596265757,-8.60265765694105,0.56607341794463));
#4970=CARTESIAN_POINT('',(7.36295711967242,-8.61306133829772,0.584701395065743));
#4971=CARTESIAN_POINT('',(7.34720910310524,-8.6171980855418,0.592346424149385));
#4972=CARTESIAN_POINT('',(7.33025882043391,-8.62129635612592,0.597430452599805));
#4973=CARTESIAN_POINT('',(7.31504071724923,-8.62484624556335,0.599534945594383));
#4974=CARTESIAN_POINT('',(7.30632155513463,-8.62686409311426,0.600097501307476));
#4975=CARTESIAN_POINT('',(7.29759796634798,-8.62887471780644,0.60055558179829));
#4976=CARTESIAN_POINT('',(7.28669319209825,-8.6313742388253,0.601225797813199));
#4977=CARTESIAN_POINT('',(7.24305210394067,-8.64129662253326,0.603822992369545));
#4978=CARTESIAN_POINT('',(7.16871217918807,-8.65756786094638,0.608396345769244));
#4979=CARTESIAN_POINT('',(7.06327613069291,-8.67830452961271,0.615269845044145));
#4980=CARTESIAN_POINT('',(6.97486039442863,-8.69263480907733,0.621405237062713));
#4981=CARTESIAN_POINT('',(6.90366485340204,-8.70042162282215,0.62668464441389));
#4982=CARTESIAN_POINT('',(6.8678949569264,-8.70229273863386,0.629502438863135));
#4983=CARTESIAN_POINT('',(6.85,-8.70226730878599,0.630986258245403));
#4984=CARTESIAN_POINT('',(8.45,-8.33124467143808,0.380999117132707));
#4985=CARTESIAN_POINT('',(8.4429872459899,-8.33123206063538,0.379799151537218));
#4986=CARTESIAN_POINT('',(8.4285403268875,-8.33190761050405,0.377400483450165));
#4987=CARTESIAN_POINT('',(8.40572278033892,-8.33480775982956,0.374188852141511));
#4988=CARTESIAN_POINT('',(8.38207335515081,-8.33905690754227,0.371531957022702));
#4989=CARTESIAN_POINT('',(8.34980051001224,-8.3459011364246,0.368700451323208));
#4990=CARTESIAN_POINT('',(8.30855944756992,-8.35585249557658,0.366288212594838));
#4991=CARTESIAN_POINT('',(8.24164531820545,-8.37311155916111,0.364048457691156));
#4992=CARTESIAN_POINT('',(8.15702108155157,-8.39594653986106,0.363322692255587));
#4993=CARTESIAN_POINT('',(8.05477978779072,-8.42392255153523,0.364298040171739));
#4994=CARTESIAN_POINT('',(7.96921264289689,-8.44735031589244,0.366130905844085));
#4995=CARTESIAN_POINT('',(7.90917489899599,-8.46370342192038,0.367833071730875));
#4996=CARTESIAN_POINT('',(7.87912703428508,-8.47186013328212,0.36872774657613));
#4997=CARTESIAN_POINT('',(7.86194367846025,-8.47651426224578,0.36933954884651));
#4998=CARTESIAN_POINT('',(7.83621658677745,-8.48348801677704,0.371852101833389));
#4999=CARTESIAN_POINT('',(7.81085680352677,-8.49044169913049,0.377795325615681));
#5000=CARTESIAN_POINT('',(7.78668939022083,-8.49737050844638,0.386954219375183));
#5001=CARTESIAN_POINT('',(7.7710290171737,-8.50198276178965,0.394033318658213));
#5002=CARTESIAN_POINT('',(7.72812262579203,-8.51463645766949,0.41387272844534));
#5003=CARTESIAN_POINT('',(7.65770252055253,-8.53516446208929,0.446439740261205));
#5004=CARTESIAN_POINT('',(7.56361978829717,-8.56203240675542,0.490397219879957));
#5005=CARTESIAN_POINT('',(7.46928677224173,-8.58824406219445,0.534773882634785));
#5006=CARTESIAN_POINT('',(7.40231841200522,-8.60623700731665,0.566554041780454));
#5007=CARTESIAN_POINT('',(7.36279005727885,-8.61655553977375,0.585203699397417));
#5008=CARTESIAN_POINT('',(7.34705064962915,-8.62065842982279,0.592857992051672));
#5009=CARTESIAN_POINT('',(7.33010454355418,-8.62472315812501,0.597941158617291));
#5010=CARTESIAN_POINT('',(7.31488879401352,-8.62824399350519,0.600035640084721));
#5011=CARTESIAN_POINT('',(7.3061709436305,-8.63024532599042,0.600589944810378));
#5012=CARTESIAN_POINT('',(7.29744868719534,-8.63223949473257,0.601039331879783));
#5013=CARTESIAN_POINT('',(7.2865456486874,-8.63471855843169,0.60169898508914));
#5014=CARTESIAN_POINT('',(7.24291180692415,-8.64455973243214,0.604253216697875));
#5015=CARTESIAN_POINT('',(7.16858664952057,-8.66069779897999,0.608751176443419));
#5016=CARTESIAN_POINT('',(7.06317937073182,-8.68126474855557,0.615511716020005));
#5017=CARTESIAN_POINT('',(6.97479662071877,-8.6954777420631,0.621546425798066));
#5018=CARTESIAN_POINT('',(6.9036350215197,-8.70320082489054,0.626739203781757));
#5019=CARTESIAN_POINT('',(6.86788490410709,-8.7050566267329,0.629510753541901));
#5020=CARTESIAN_POINT('',(6.85,-8.7050314051275,0.630970218437818));
#5021=CARTESIAN_POINT('',(8.45,-8.33975175018027,0.380996563796514));
#5022=CARTESIAN_POINT('',(8.44294835716318,-8.33973929130918,0.37982529293167));
#5023=CARTESIAN_POINT('',(8.42843373533964,-8.34040673368054,0.377483981930975));
#5024=CARTESIAN_POINT('',(8.40554206072949,-8.34327207420394,0.374349144492319));
#5025=CARTESIAN_POINT('',(8.38183839566331,-8.34747022108588,0.371755778245479));
#5026=CARTESIAN_POINT('',(8.34951092887611,-8.35423230094035,0.368991978084507));
#5027=CARTESIAN_POINT('',(8.3082231061294,-8.36406421674166,0.366637427397404));
#5028=CARTESIAN_POINT('',(8.24125635604847,-8.38111612428614,0.364451275538754));
#5029=CARTESIAN_POINT('',(8.15658980871216,-8.403677022337,0.363743023948545));
#5030=CARTESIAN_POINT('',(8.05431429896682,-8.43131724469172,0.364695136995385));
#5031=CARTESIAN_POINT('',(7.9687274079869,-8.45446381121716,0.366483942985781));
#5032=CARTESIAN_POINT('',(7.90867915595859,-8.47062063485014,0.368146072282533));
#5033=CARTESIAN_POINT('',(7.87862680647064,-8.47867944317377,0.36901843048629));
#5034=CARTESIAN_POINT('',(7.86144106737069,-8.48327770975226,0.369617360831554));
#5035=CARTESIAN_POINT('',(7.83571091231308,-8.49016775999507,0.372118797138699));
#5036=CARTESIAN_POINT('',(7.81035070005815,-8.49703797898643,0.378068357147473));
#5037=CARTESIAN_POINT('',(7.78619005057974,-8.50388362349133,0.387249972345667));
#5038=CARTESIAN_POINT('',(7.77053684275873,-8.50844051708252,0.394349238325273));
#5039=CARTESIAN_POINT('',(7.72765167038782,-8.52094233374399,0.414244645512046));
#5040=CARTESIAN_POINT('',(7.65726850703523,-8.54122394558859,0.446895922845169));
#5041=CARTESIAN_POINT('',(7.56324076512651,-8.56776940106439,0.490954983170236));
#5042=CARTESIAN_POINT('',(7.4689686243593,-8.59366644475318,0.535423122617804));
#5043=CARTESIAN_POINT('',(7.40204805496184,-8.61144342533676,0.567262124956138));
#5044=CARTESIAN_POINT('',(7.36254923436396,-8.62163810726172,0.585943605010869));
#5045=CARTESIAN_POINT('',(7.34682223659635,-8.6256917514467,0.593611479112123));
#5046=CARTESIAN_POINT('',(7.32988215114687,-8.62970769194034,0.598693631130782));
#5047=CARTESIAN_POINT('',(7.31466979441895,-8.63318626771806,0.600773880222189));
#5048=CARTESIAN_POINT('',(7.30595383491642,-8.6351635787721,0.601316404963613));
#5049=CARTESIAN_POINT('',(7.29723349908566,-8.63713381206948,0.60175337427366));
#5050=CARTESIAN_POINT('',(7.28633296267523,-8.63958312027033,0.602397943462822));
#5051=CARTESIAN_POINT('',(7.24270956669673,-8.64930617347256,0.604890813028068));
#5052=CARTESIAN_POINT('',(7.16840569664551,-8.6652505395907,0.609281060163574));
#5053=CARTESIAN_POINT('',(7.06303988981468,-8.68557063082476,0.615880133898334));
#5054=CARTESIAN_POINT('',(6.97470468997138,-8.69961303140194,0.621770848099111));
#5055=CARTESIAN_POINT('',(6.90359201841944,-8.70724341857351,0.626839660057386));
#5056=CARTESIAN_POINT('',(6.86787041281914,-8.70907694748152,0.6295450031587));
#5057=CARTESIAN_POINT('',(6.85,-8.70905202973934,0.630969588574544));
#5058=CARTESIAN_POINT('',(8.45,-8.35517090545219,0.380993651813805));
#5059=CARTESIAN_POINT('',(8.44287890655232,-8.35515872348001,0.379873903635278));
#5060=CARTESIAN_POINT('',(8.42824337608382,-8.35581147405822,0.377635580189614));
#5061=CARTESIAN_POINT('',(8.40521931796937,-8.35861372819636,0.374638719449657));
#5062=CARTESIAN_POINT('',(8.38141878722264,-8.36271944064111,0.372159640263793));
#5063=CARTESIAN_POINT('',(8.34899377296013,-8.36933263147401,0.369517863635091));
#5064=CARTESIAN_POINT('',(8.30762244212178,-8.37894806381651,0.367267723939231));
#5065=CARTESIAN_POINT('',(8.2405617179817,-8.39562451322127,0.365179520168171));
#5066=CARTESIAN_POINT('',(8.15581960902551,-8.41768865169924,0.364505320768524));
#5067=CARTESIAN_POINT('',(8.05348299378469,-8.44472027418674,0.365419268794258));
#5068=CARTESIAN_POINT('',(7.96786083874933,-8.46735718487066,0.367132164308646));
#5069=CARTESIAN_POINT('',(7.90779382051156,-8.4831582573228,0.368724735479619));
#5070=CARTESIAN_POINT('',(7.87773346176926,-8.49103962171985,0.369558210059347));
#5071=CARTESIAN_POINT('',(7.86054346643616,-8.49553664077095,0.370134707674175));
#5072=CARTESIAN_POINT('',(7.83480784057191,-8.5022749815595,0.372617123364932));
#5073=CARTESIAN_POINT('',(7.80944686216872,-8.50899392777565,0.378578831478534));
#5074=CARTESIAN_POINT('',(7.78529829204557,-8.51568884062918,0.387801856733984));
#5075=CARTESIAN_POINT('',(7.7696578804278,-8.52014539771548,0.394937692855));
#5076=CARTESIAN_POINT('',(7.72681060257271,-8.53237194166935,0.414934630489198));
#5077=CARTESIAN_POINT('',(7.65649341283851,-8.5522069806771,0.447738892738116));
#5078=CARTESIAN_POINT('',(7.56256387685393,-8.57816794276973,0.491982693146345));
#5079=CARTESIAN_POINT('',(7.46840045178508,-8.6034947709355,0.536617528164696));
#5080=CARTESIAN_POINT('',(7.40156523088605,-8.62088032873711,0.56856397557496));
#5081=CARTESIAN_POINT('',(7.36211915457077,-8.63085053918687,0.587303673868018));
#5082=CARTESIAN_POINT('',(7.34641431931007,-8.63481492828896,0.594996357673444));
#5083=CARTESIAN_POINT('',(7.3294849859494,-8.63874244392526,0.600077252765255));
#5084=CARTESIAN_POINT('',(7.31427868836333,-8.6421444268385,0.602132570164014));
#5085=CARTESIAN_POINT('',(7.30556610573833,-8.64407820057138,0.602654334781739));
#5086=CARTESIAN_POINT('',(7.29684919986831,-8.64600505239797,0.603069404980985));
#5087=CARTESIAN_POINT('',(7.28595313189303,-8.64840043066179,0.60368738281488));
#5088=CARTESIAN_POINT('',(7.24234839078777,-8.65790939753153,0.60607205471718));
#5089=CARTESIAN_POINT('',(7.16808253730196,-8.67350269456512,0.610272298962837));
#5090=CARTESIAN_POINT('',(7.06279079423329,-8.69337537332945,0.616586344340831));
#5091=CARTESIAN_POINT('',(6.97454051308297,-8.70710858944894,0.622222674977946));
#5092=CARTESIAN_POINT('',(6.90351522022739,-8.71457097792713,0.627072318734725));
#5093=CARTESIAN_POINT('',(6.86784453318006,-8.71636414323305,0.629660534828287));
#5094=CARTESIAN_POINT('',(6.85,-8.71633977928868,0.631023384755948));
#5095=CARTESIAN_POINT('',(8.45,-8.38494604795966,0.380993103998241));
#5096=CARTESIAN_POINT('',(8.44274848617077,-8.38493439452585,0.379969361052581));
#5097=CARTESIAN_POINT('',(8.4278859029606,-8.38555876241896,0.37792293949774));
#5098=CARTESIAN_POINT('',(8.40461324361821,-8.38823917608288,0.375182937760894));
#5099=CARTESIAN_POINT('',(8.38063081009395,-8.39216637595313,0.372916231121469));
#5100=CARTESIAN_POINT('',(8.34802261272057,-8.39849203229946,0.370500606719287));
#5101=CARTESIAN_POINT('',(8.30649446314385,-8.40768939680324,0.368442796355787));
#5102=CARTESIAN_POINT('',(8.23925726636374,-8.42364077428967,0.366532539705534));
#5103=CARTESIAN_POINT('',(8.15437326124318,-8.44474559127312,0.365914801094987));
#5104=CARTESIAN_POINT('',(8.05192189680238,-8.47060191247528,0.366748097091652));
#5105=CARTESIAN_POINT('',(7.96623351986474,-8.4922545985253,0.368310955961174));
#5106=CARTESIAN_POINT('',(7.90613126081097,-8.50736866003921,0.369767665092031));
#5107=CARTESIAN_POINT('',(7.8760558615961,-8.51490735252492,0.370525500750742));
#5108=CARTESIAN_POINT('',(7.85885787353918,-8.5192088467834,0.371058375164801));
#5109=CARTESIAN_POINT('',(7.83311197411965,-8.52565421289555,0.373502826681713));
#5110=CARTESIAN_POINT('',(7.80774955697679,-8.53208102767757,0.379485101949887));
#5111=CARTESIAN_POINT('',(7.78362367051478,-8.53848485402577,0.388783644992496));
#5112=CARTESIAN_POINT('',(7.76800728871746,-8.54274764553531,0.395986658623684));
#5113=CARTESIAN_POINT('',(7.72523117247134,-8.55444259450237,0.416170141986781));
#5114=CARTESIAN_POINT('',(7.65503787372059,-8.57341523049647,0.449254955749842));
#5115=CARTESIAN_POINT('',(7.56129275733921,-8.59824744175572,0.493836694669636));
#5116=CARTESIAN_POINT('',(7.46733348803925,-8.6224730901284,0.538775582648939));
#5117=CARTESIAN_POINT('',(7.4006585419541,-8.63910274465553,0.570917437172602));
#5118=CARTESIAN_POINT('',(7.36131151342795,-8.64863946213147,0.589762720039624));
#5119=CARTESIAN_POINT('',(7.34564829684522,-8.65243148426481,0.597500496586018));
#5120=CARTESIAN_POINT('',(7.32873915468963,-8.65618823612652,0.602577534237925));
#5121=CARTESIAN_POINT('',(7.31354423548571,-8.65944230479215,0.604584722802104));
#5122=CARTESIAN_POINT('',(7.30483799425425,-8.66129200029362,0.605066753721897));
#5123=CARTESIAN_POINT('',(7.29612752946204,-8.66313507484125,0.60543995133443));
#5124=CARTESIAN_POINT('',(7.28523985270191,-8.66542630483329,0.606007057943723));
#5125=CARTESIAN_POINT('',(7.24167014333581,-8.67452183279792,0.608184804204877));
#5126=CARTESIAN_POINT('',(7.16747568065428,-8.68943715093824,0.612021881979273));
#5127=CARTESIAN_POINT('',(7.06232302094281,-8.70844578683999,0.61779169394241));
#5128=CARTESIAN_POINT('',(6.97423220748041,-8.72158189548055,0.622942835689068));
#5129=CARTESIAN_POINT('',(6.90337100192051,-8.72871982338504,0.627374918090848));
#5130=CARTESIAN_POINT('',(6.86779593414885,-8.73043502053164,0.629740188781835));
#5131=CARTESIAN_POINT('',(6.85,-8.73041171366402,0.63098560938092));
#5132=CARTESIAN_POINT('',(8.45,-8.4785258896317,0.381010185188063));
#5133=CARTESIAN_POINT('',(8.44236179501258,-8.47851589841868,0.380271754684211));
#5134=CARTESIAN_POINT('',(8.42682600960337,-8.47905106578756,0.378795636092761));
#5135=CARTESIAN_POINT('',(8.4028162576714,-8.4813485555474,0.376819193338908));
#5136=CARTESIAN_POINT('',(8.37829448976633,-8.48471471919837,0.375184145137093));
#5137=CARTESIAN_POINT('',(8.34514316187556,-8.49013670013051,0.373441696174791));
#5138=CARTESIAN_POINT('',(8.30315005107994,-8.49802014264216,0.371957438545471));
#5139=CARTESIAN_POINT('',(8.23538962005718,-8.51169273147254,0.370580074377531));
#5140=CARTESIAN_POINT('',(8.15008489854627,-8.52978254904659,0.370136347803567));
#5141=CARTESIAN_POINT('',(8.04729330736699,-8.55194507941147,0.37073844349053));
#5142=CARTESIAN_POINT('',(7.96140858516652,-8.57050449904257,0.371863057853887));
#5143=CARTESIAN_POINT('',(7.90120183851816,-8.5834593910234,0.372921567184652));
#5144=CARTESIAN_POINT('',(7.87108184491019,-8.58992111849561,0.373457449328621));
#5145=CARTESIAN_POINT('',(7.85386015875032,-8.59360810846338,0.373862304332075));
#5146=CARTESIAN_POINT('',(7.82808379865476,-8.59913270032169,0.376196176032381));
#5147=CARTESIAN_POINT('',(7.80271711570695,-8.60464139103989,0.382241414506214));
#5148=CARTESIAN_POINT('',(7.77865848538308,-8.61013037738625,0.391765847158377));
#5149=CARTESIAN_POINT('',(7.76311335103185,-8.61378419356922,0.399169361007089));
#5150=CARTESIAN_POINT('',(7.72054822607915,-8.62380842148594,0.419909579357921));
#5151=CARTESIAN_POINT('',(7.65072225908529,-8.64007065791029,0.453832164289084));
#5152=CARTESIAN_POINT('',(7.55752393937106,-8.66135537975267,0.499423806928004));
#5153=CARTESIAN_POINT('',(7.46416998367156,-8.68212019054942,0.545272129338908));
#5154=CARTESIAN_POINT('',(7.39797024592947,-8.69637415842267,0.577998974920977));
#5155=CARTESIAN_POINT('',(7.35891689009348,-8.70454847491045,0.597160615820727));
#5156=CARTESIAN_POINT('',(7.34337707120824,-8.70779877448524,0.60503341213687));
#5157=CARTESIAN_POINT('',(7.32652779515933,-8.71101884239865,0.610100334251362));
#5158=CARTESIAN_POINT('',(7.31136661239844,-8.71380803963999,0.611965979180867));
#5159=CARTESIAN_POINT('',(7.30267917314244,-8.7153934903715,0.612330862100743));
#5160=CARTESIAN_POINT('',(7.29398780588554,-8.71697326599972,0.612580569994605));
#5161=CARTESIAN_POINT('',(7.28312500873902,-8.71893717422714,0.612997671489701));
#5162=CARTESIAN_POINT('',(7.23965916706317,-8.72673332827665,0.614565195630966));
#5163=CARTESIAN_POINT('',(7.16567637522991,-8.73951786496121,0.617331116369087));
#5164=CARTESIAN_POINT('',(7.06093609204923,-8.75581095078287,0.621495227956843));
#5165=CARTESIAN_POINT('',(6.97331809383405,-8.76707044692015,0.625214412339787));
#5166=CARTESIAN_POINT('',(6.90294340047157,-8.77318865039459,0.628413728670279));
#5167=CARTESIAN_POINT('',(6.86765183998624,-8.77465880915554,0.630120618488468));
#5168=CARTESIAN_POINT('',(6.85,-8.77463882672951,0.63101918749208));
#5169=CARTESIAN_POINT('',(8.45,-8.69971205715128,0.380992292289399));
#5170=CARTESIAN_POINT('',(8.44163059718604,-8.69970600402644,0.380793112515275));
#5171=CARTESIAN_POINT('',(8.42482184761865,-8.70003035219793,0.380394886661398));
#5172=CARTESIAN_POINT('',(8.39941832060821,-8.70142277670153,0.379861517049219));
#5173=CARTESIAN_POINT('',(8.37387672041942,-8.70346288235127,0.379420130048717));
#5174=CARTESIAN_POINT('',(8.33969838209577,-8.70674894002417,0.378949598004512));
#5175=CARTESIAN_POINT('',(8.29682607190443,-8.71152679474952,0.378548630653178));
#5176=CARTESIAN_POINT('',(8.22807625249554,-8.71981322946871,0.37817692444262));
#5177=CARTESIAN_POINT('',(8.14197599453747,-8.73077677682895,0.378059747208184));
#5178=CARTESIAN_POINT('',(8.03854106552542,-8.74420863928307,0.378221674204862));
#5179=CARTESIAN_POINT('',(7.95228507228252,-8.75545679395062,0.378515116445092));
#5180=CARTESIAN_POINT('',(7.89188074909166,-8.76330825872643,0.378818922032206));
#5181=CARTESIAN_POINT('',(7.86167643154039,-8.76722446473966,0.378934238196554));
#5182=CARTESIAN_POINT('',(7.84440993442221,-8.76945900842562,0.379096521812207));
#5183=CARTESIAN_POINT('',(7.81857597595742,-8.77280725238284,0.381220549651311));
#5184=CARTESIAN_POINT('',(7.79320122676027,-8.77614585928545,0.387384098342404));
#5185=CARTESIAN_POINT('',(7.76926977167942,-8.77947252414452,0.397334920230102));
#5186=CARTESIAN_POINT('',(7.75385935977171,-8.78168696250636,0.405117063442386));
#5187=CARTESIAN_POINT('',(7.71169320017385,-8.78776226400965,0.426908646661444));
#5188=CARTESIAN_POINT('',(7.64256182413846,-8.7976181842749,0.462413138268331));
#5189=CARTESIAN_POINT('',(7.55039744721305,-8.81051804156387,0.509911427107844));
#5190=CARTESIAN_POINT('',(7.45818808450352,-8.82310280124943,0.557476417430194));
#5191=CARTESIAN_POINT('',(7.39288692253741,-8.83174158798158,0.591307310060686));
#5192=CARTESIAN_POINT('',(7.35438887506098,-8.83669572996519,0.611065909439314));
#5193=CARTESIAN_POINT('',(7.33908239000374,-8.83866561280693,0.619193517545054));
#5194=CARTESIAN_POINT('',(7.32234631532018,-8.84061717342964,0.624240813777414));
#5195=CARTESIAN_POINT('',(7.30724892510611,-8.84230759977276,0.625838376530936));
#5196=CARTESIAN_POINT('',(7.29859703867644,-8.84326848115976,0.625981494072552));
#5197=CARTESIAN_POINT('',(7.28994178312266,-8.84422592309022,0.625997444974506));
#5198=CARTESIAN_POINT('',(7.27912603106371,-8.8454161731955,0.626130588985186));
#5199=CARTESIAN_POINT('',(7.2358565937476,-8.85014112582258,0.626542992771293));
#5200=CARTESIAN_POINT('',(7.16227405224562,-8.85788934819795,0.627281335069709));
#5201=CARTESIAN_POINT('',(7.05831353559591,-8.86776397153498,0.628406223297532));
#5202=CARTESIAN_POINT('',(6.97158958803001,-8.87458793014566,0.629415214881259));
#5203=CARTESIAN_POINT('',(6.90213484500447,-8.87829594949761,0.630281489358688));
#5204=CARTESIAN_POINT('',(6.86737937102421,-8.8791869634304,0.630742444158272));
#5205=CARTESIAN_POINT('',(6.85,-8.87917485718073,0.630984650006333));
#5206=CARTESIAN_POINT('',(8.45,-9.04000000038897,0.381005138515319));
#5207=CARTESIAN_POINT('',(8.44118062929284,-9.04000000052872,0.381137911727006));
#5208=CARTESIAN_POINT('',(8.42358851716657,-9.0400000008082,0.38140321724667));
#5209=CARTESIAN_POINT('',(8.39732728241553,-9.04000000122742,0.381758211793457));
#5210=CARTESIAN_POINT('',(8.37115809312908,-9.04000000164665,0.38205170468093));
#5211=CARTESIAN_POINT('',(8.33634774838519,-9.0400000022056,0.382364316271777));
#5212=CARTESIAN_POINT('',(8.29293439241186,-9.04000000290431,0.382630521006019));
#5213=CARTESIAN_POINT('',(8.22357571861151,-9.04000000402223,0.382878532293988));
#5214=CARTESIAN_POINT('',(8.13698589976286,-9.04000000541964,0.382963372328279));
#5215=CARTESIAN_POINT('',(8.03315507054604,-9.04000000709653,0.3828557028796));
#5216=CARTESIAN_POINT('',(7.94667060281548,-9.04000000849394,0.382638718411539));
#5217=CARTESIAN_POINT('',(7.88614469406,-9.04000000947213,0.382478835605948));
#5218=CARTESIAN_POINT('',(7.85588848485132,-9.04000000996122,0.382335714276839));
#5219=CARTESIAN_POINT('',(7.8385944117588,-9.0400000102407,0.382348935958112));
#5220=CARTESIAN_POINT('',(7.81272500814371,-9.04000001065991,0.384344148262104));
#5221=CARTESIAN_POINT('',(7.7873452951008,-9.04000001107914,0.390580822389445));
#5222=CARTESIAN_POINT('',(7.76349210170797,-9.04000001149837,0.400794356801564));
#5223=CARTESIAN_POINT('',(7.74816459591935,-9.04000001177785,0.408809715464925));
#5224=CARTESIAN_POINT('',(7.70624395346293,-9.04000001254642,0.431248877555005));
#5225=CARTESIAN_POINT('',(7.63754001801737,-9.04000001380409,0.467727807639223));
#5226=CARTESIAN_POINT('',(7.54601191357738,-9.04000001548098,0.516400693812381));
#5227=CARTESIAN_POINT('',(7.45450691578476,-9.04000001715787,0.565023371751981));
#5228=CARTESIAN_POINT('',(7.38975872352693,-9.04000001834566,0.599534582205398));
#5229=CARTESIAN_POINT('',(7.35160240427178,-9.04000001904437,0.619661072562459));
#5230=CARTESIAN_POINT('',(7.33643950926252,-9.04000001932385,0.627945700689139));
#5231=CARTESIAN_POINT('',(7.31977309695765,-9.04000001960334,0.632981132221375));
#5232=CARTESIAN_POINT('',(7.30471496369547,-9.04000001984787,0.634413907498217));
#5233=CARTESIAN_POINT('',(7.29608495592815,-9.04000001998762,0.634420660420727));
#5234=CARTESIAN_POINT('',(7.28745192296091,-9.04000002012737,0.634292867249024));
#5235=CARTESIAN_POINT('',(7.27666512172508,-9.04000002030204,0.634251401170999));
#5236=CARTESIAN_POINT('',(7.23351654863035,-9.04000002100075,0.633953493576131));
#5237=CARTESIAN_POINT('',(7.16018031502453,-9.04000002218854,0.633444999550934));
#5238=CARTESIAN_POINT('',(7.05669965470158,-9.04000002386544,0.632700873075157));
#5239=CARTESIAN_POINT('',(6.97052589215059,-9.04000002526284,0.632043117534534));
#5240=CARTESIAN_POINT('',(6.90163727240933,-9.04000002638077,0.631474525011754));
#5241=CARTESIAN_POINT('',(6.8672116978168,-9.04000002693973,0.631169176100727));
#5242=CARTESIAN_POINT('',(6.85,-9.04000002721921,0.63100767892656));
#5243=CARTESIAN_POINT('',(8.45,-9.38028794168178,0.380992292164176));
#5244=CARTESIAN_POINT('',(8.44163059718609,-9.38029399437079,0.380793150640289));
#5245=CARTESIAN_POINT('',(8.4248218476187,-9.37996964532764,0.380395001286888));
#5246=CARTESIAN_POINT('',(8.39941832060826,-9.37857721951655,0.37986174642542));
#5247=CARTESIAN_POINT('',(8.37387672041947,-9.37653711255932,0.379420474175631));
#5248=CARTESIAN_POINT('',(8.33969838209582,-9.37325105314308,0.378950095132374));
#5249=CARTESIAN_POINT('',(8.29682607190448,-9.36847319623858,0.378549319032226));
#5250=CARTESIAN_POINT('',(8.22807625249559,-9.36018675803272,0.378177918823564));
#5251=CARTESIAN_POINT('',(8.14197599453752,-9.34922320631417,0.378061124091499));
#5252=CARTESIAN_POINT('',(8.03854106552547,-9.33579133863006,0.378223510091019));
#5253=CARTESIAN_POINT('',(7.95228507228257,-9.3245431796042,0.37851733483362));
#5254=CARTESIAN_POINT('',(7.8918807490917,-9.31669171177757,0.378821408172392));
#5255=CARTESIAN_POINT('',(7.86167643154044,-9.31277550423893,0.37893685821257));
#5256=CARTESIAN_POINT('',(7.84440993442226,-9.3105409596813,0.379099218328697));
#5257=CARTESIAN_POINT('',(7.81857597595747,-9.30719271441657,0.381223360918512));
#5258=CARTESIAN_POINT('',(7.79320122676032,-9.30385410620648,0.387387024360316));
#5259=CARTESIAN_POINT('',(7.76926977167947,-9.30052744003992,0.397337960998725));
#5260=CARTESIAN_POINT('',(7.75385935977176,-9.29831300080641,0.405120180711483));
#5261=CARTESIAN_POINT('',(7.7116932001739,-9.29223769690606,0.426911974306844));
#5262=CARTESIAN_POINT('',(7.64256182413851,-9.28238177271832,0.462416810165865));
#5263=CARTESIAN_POINT('',(7.5503974472131,-9.26948191019936,0.509915558008221));
#5264=CARTESIAN_POINT('',(7.45818808450357,-9.25689714528381,0.557481007333415));
#5265=CARTESIAN_POINT('',(7.39288692253746,-9.24825835484709,0.591312225090921));
#5266=CARTESIAN_POINT('',(7.35438887506103,-9.24330421068432,0.611071015720734));
#5267=CARTESIAN_POINT('',(7.33908239000379,-9.24133432697092,0.619198700326948));
#5268=CARTESIAN_POINT('',(7.32234631532023,-9.23938276547656,0.624246073059782));
#5269=CARTESIAN_POINT('',(7.30724892510616,-9.23769233837071,0.625843702751219));
#5270=CARTESIAN_POINT('',(7.29859703867648,-9.2367314565479,0.625986858543071));
#5271=CARTESIAN_POINT('',(7.28994178312271,-9.23577401418161,0.626002847695262));
#5272=CARTESIAN_POINT('',(7.27912603106376,-9.23458376353154,0.626136039518739));
#5273=CARTESIAN_POINT('',(7.23585659374765,-9.2298588087253,0.62654863455603));
#5274=CARTESIAN_POINT('',(7.16227405224567,-9.22211058264535,0.627287301981461));
#5275=CARTESIAN_POINT('',(7.05831353559599,-9.21223595407836,0.628412649212129));
#5276=CARTESIAN_POINT('',(6.97158958803,-9.20541199110933,0.629422023298221));
#5277=CARTESIAN_POINT('',(6.90213484500447,-9.20170396827073,0.630288603777548));
#5278=CARTESIAN_POINT('',(6.86737937102421,-9.20081295259463,0.630749711578082));
#5279=CARTESIAN_POINT('',(6.85,-9.20082505797263,0.630991993926617));
#5280=CARTESIAN_POINT('',(8.45,-9.60147413243675,0.381010185353605));
#5281=CARTESIAN_POINT('',(8.44236179501252,-9.60148412358193,0.380271754916455));
#5282=CARTESIAN_POINT('',(8.42682600960331,-9.60094895607737,0.378795636458408));
#5283=CARTESIAN_POINT('',(8.40281625767135,-9.59865146611404,0.37681919390466));
#5284=CARTESIAN_POINT('',(8.37829448976628,-9.59528530225958,0.37518414590295));
#5285=CARTESIAN_POINT('',(8.34514316187551,-9.58986332105608,0.373441697207453));
#5286=CARTESIAN_POINT('',(8.30315005107989,-9.58197987820526,0.371957439911638));
#5287=CARTESIAN_POINT('',(8.23538962005714,-9.56830728883218,0.370580076277306));
#5288=CARTESIAN_POINT('',(8.15008489854624,-9.55021747057979,0.370136350370353));
#5289=CARTESIAN_POINT('',(8.04729330736696,-9.52805493940089,0.370738446857729));
#5290=CARTESIAN_POINT('',(7.96140858516651,-9.50949551909143,0.371863061888095));
#5291=CARTESIAN_POINT('',(7.90120183851815,-9.49654062663576,0.372921571685768));
#5292=CARTESIAN_POINT('',(7.87108184491018,-9.49007889892614,0.373457454063189));
#5293=CARTESIAN_POINT('',(7.85386015875032,-9.48639190882269,0.373862309200045));
#5294=CARTESIAN_POINT('',(7.82808379865475,-9.48086731676086,0.376196181100455));
#5295=CARTESIAN_POINT('',(7.80271711570695,-9.47535862583917,0.382241419774391));
#5296=CARTESIAN_POINT('',(7.77865848538308,-9.46986963928931,0.391765852626657));
#5297=CARTESIAN_POINT('',(7.76311335103186,-9.46621582297066,0.399169366608772));
#5298=CARTESIAN_POINT('',(7.72054822607916,-9.45619159468085,0.419909585326458));
#5299=CARTESIAN_POINT('',(7.6507222590853,-9.43992935764598,0.453832170857929));
#5300=CARTESIAN_POINT('',(7.55752393937108,-9.41864463498958,0.499423814297262));
#5301=CARTESIAN_POINT('',(7.46416998367159,-9.3978798233788,0.545272137508577));
#5302=CARTESIAN_POINT('',(7.39797024592951,-9.38362585492895,0.577998983657606));
#5303=CARTESIAN_POINT('',(7.35891689009352,-9.375451538102,0.59716062489086));
#5304=CARTESIAN_POINT('',(7.34337707120828,-9.37220123839152,0.605033421340405));
#5305=CARTESIAN_POINT('',(7.32652779515938,-9.36898117034247,0.6101003435883));
#5306=CARTESIAN_POINT('',(7.31136661239848,-9.3661919729824,0.611965988634531));
#5307=CARTESIAN_POINT('',(7.30267917314248,-9.36460652218307,0.612330871621108));
#5308=CARTESIAN_POINT('',(7.29398780588558,-9.36302674648701,0.612580579581671));
#5309=CARTESIAN_POINT('',(7.28312500873907,-9.3610628381748,0.612997681160143));
#5310=CARTESIAN_POINT('',(7.23965916706321,-9.3532666837861,0.614565205634914));
#5311=CARTESIAN_POINT('',(7.16567637522996,-9.34048214652494,0.617331126939993));
#5312=CARTESIAN_POINT('',(7.06093609204933,-9.32418905988927,0.621495239328164));
#5313=CARTESIAN_POINT('',(6.97331809383402,-9.3129295630736,0.62521442437811));
#5314=CARTESIAN_POINT('',(6.90294340047157,-9.30681135905649,0.628413741242214));
#5315=CARTESIAN_POINT('',(6.86765183998623,-9.3053412000242,0.630120631327208));
#5316=CARTESIAN_POINT('',(6.85,-9.30536118231456,0.631019200464223));
#5317=CARTESIAN_POINT('',(8.45,-9.69505395093736,0.380993103886229));
#5318=CARTESIAN_POINT('',(8.44274848617081,-9.69506560438034,0.379969360942449));
#5319=CARTESIAN_POINT('',(8.42788590296064,-9.69444123650557,0.377922939391366));
#5320=CARTESIAN_POINT('',(8.40461324361824,-9.69176082286916,0.375182937660156));
#5321=CARTESIAN_POINT('',(8.38063081009399,-9.68783362302643,0.372916231026369));
#5322=CARTESIAN_POINT('',(8.34802261272062,-9.68150796671677,0.3705006066317));
#5323=CARTESIAN_POINT('',(8.30649446314389,-9.67231060225884,0.368442796277592));
#5324=CARTESIAN_POINT('',(8.23925726636379,-9.65635922484576,0.366532539642365));
#5325=CARTESIAN_POINT('',(8.15437326124323,-9.63525440795402,0.365914801050599));
#5326=CARTESIAN_POINT('',(8.05192189680243,-9.60939808686189,0.366748097069804));
#5327=CARTESIAN_POINT('',(7.9662335198648,-9.58774540090357,0.368310955958108));
#5328=CARTESIAN_POINT('',(7.90613126081103,-9.57263133945385,0.369767665102112));
#5329=CARTESIAN_POINT('',(7.87605586159616,-9.56509264700024,0.370525500767397));
#5330=CARTESIAN_POINT('',(7.85885787353925,-9.5607911527601,0.371058375185213));
#5331=CARTESIAN_POINT('',(7.83311197411972,-9.55434578667543,0.373502826707759));
#5332=CARTESIAN_POINT('',(7.80774955697685,-9.54791897192095,0.379485101981569));
#5333=CARTESIAN_POINT('',(7.78362367051484,-9.54151514560025,0.388783645029811));
#5334=CARTESIAN_POINT('',(7.76800728871753,-9.53725235410905,0.395986658664756));
#5335=CARTESIAN_POINT('',(7.72523117247141,-9.52555740519243,0.416170142038183));
#5336=CARTESIAN_POINT('',(7.65503787372066,-9.50658476928086,0.449254955818148));
#5337=CARTESIAN_POINT('',(7.56129275733928,-9.48175255813164,0.49383669476048));
#5338=CARTESIAN_POINT('',(7.46733348803932,-9.457526909869,0.538775582762321));
#5339=CARTESIAN_POINT('',(7.40065854195418,-9.44089725541981,0.570917437301949));
#5340=CARTESIAN_POINT('',(7.36131151342803,-9.43136053798972,0.589762720178362));
#5341=CARTESIAN_POINT('',(7.3456482968453,-9.42756851587471,0.597500496728512));
#5342=CARTESIAN_POINT('',(7.32873915468972,-9.42381176403136,0.602577534384176));
#5343=CARTESIAN_POINT('',(7.31354423548579,-9.42055769538175,0.604584722951641));
#5344=CARTESIAN_POINT('',(7.30483799425433,-9.41870799988947,0.605066753873312));
#5345=CARTESIAN_POINT('',(7.29612752946212,-9.41686492535101,0.605439951487724));
#5346=CARTESIAN_POINT('',(7.28523985270199,-9.41457369537043,0.606007058099365));
#5347=CARTESIAN_POINT('',(7.24167014333589,-9.40547816745165,0.60818480436991));
#5348=CARTESIAN_POINT('',(7.16747568065437,-9.39056284938926,0.61202188216027));
#5349=CARTESIAN_POINT('',(7.06232302094294,-9.37155421359757,0.617791694145948));
#5350=CARTESIAN_POINT('',(6.97423220748039,-9.35841810504867,0.622942835911379));
#5351=CARTESIAN_POINT('',(6.90337100192052,-9.35128017721754,0.627374918328189));
#5352=CARTESIAN_POINT('',(6.86779593414885,-9.34956498010762,0.62974018902669));
#5353=CARTESIAN_POINT('',(6.85,-9.34958828699358,0.630985609629532));
#5354=CARTESIAN_POINT('',(8.45,-9.72482909399795,0.380993651710697));
#5355=CARTESIAN_POINT('',(8.44287890655236,-9.72484127602064,0.379873903530604));
#5356=CARTESIAN_POINT('',(8.42824337608386,-9.72418852554343,0.377635580081808));
#5357=CARTESIAN_POINT('',(8.40521931796941,-9.7213862715568,0.374638719337153));
#5358=CARTESIAN_POINT('',(8.38141878722268,-9.71728055926356,0.372159640146591));
#5359=CARTESIAN_POINT('',(8.34899377296017,-9.71066736863265,0.369517863511624));
#5360=CARTESIAN_POINT('',(8.30762244212182,-9.70105193654266,0.367267723807929));
#5361=CARTESIAN_POINT('',(8.24056171798175,-9.68437548754191,0.365179520024336));
#5362=CARTESIAN_POINT('',(8.15581960902556,-9.66231134956897,0.364505320609022));
#5363=CARTESIAN_POINT('',(8.05348299378475,-9.63527972768749,0.365419268615955));
#5364=CARTESIAN_POINT('',(7.96786083874939,-9.61264281750857,0.367132164114675));
#5365=CARTESIAN_POINT('',(7.90779382051162,-9.59684174540995,0.36872473527468));
#5366=CARTESIAN_POINT('',(7.87773346176933,-9.58896038118966,0.369558209848925));
#5367=CARTESIAN_POINT('',(7.86054346643622,-9.58446336223956,0.370134707460619));
#5368=CARTESIAN_POINT('',(7.83480784057198,-9.57772502160249,0.372617123146676));
#5369=CARTESIAN_POINT('',(7.80944686216878,-9.57100607553786,0.378578831255578));
#5370=CARTESIAN_POINT('',(7.78529829204563,-9.56431116283585,0.387801856506326));
#5371=CARTESIAN_POINT('',(7.76965788042787,-9.55985460585055,0.394937692624209));
#5372=CARTESIAN_POINT('',(7.72681060257278,-9.54762806217444,0.41493463024979));
#5373=CARTESIAN_POINT('',(7.65649341283858,-9.5277930236212,0.447738892484607));
#5374=CARTESIAN_POINT('',(7.56256387685401,-9.50183206213458,0.491982692874035));
#5375=CARTESIAN_POINT('',(7.46840045178516,-9.47650523457483,0.536617527873585));
#5376=CARTESIAN_POINT('',(7.40156523088613,-9.45911967720248,0.568563975270531));
#5377=CARTESIAN_POINT('',(7.36211915457084,-9.44914946700524,0.587303673555755));
#5378=CARTESIAN_POINT('',(7.34641431931015,-9.44518507800414,0.594996357358047));
#5379=CARTESIAN_POINT('',(7.32948498594949,-9.44125756246886,0.600077252446725));
#5380=CARTESIAN_POINT('',(7.31427868836342,-9.43785557964398,0.602132569842742));
#5381=CARTESIAN_POINT('',(7.30556610573841,-9.43592180596162,0.602654334458899));
#5382=CARTESIAN_POINT('',(7.29684919986839,-9.43399495418552,0.603069404656579));
#5383=CARTESIAN_POINT('',(7.28595313189311,-9.43159957598484,0.603687382488516));
#5384=CARTESIAN_POINT('',(7.24234839078785,-9.42209060936759,0.606072054382982));
#5385=CARTESIAN_POINT('',(7.16808253730205,-9.40649731276326,0.610272298615322));
#5386=CARTESIAN_POINT('',(7.06279079423342,-9.38662463460496,0.616586343974517));
#5387=CARTESIAN_POINT('',(6.97454051308293,-9.37289141899045,0.622222674595954));
#5388=CARTESIAN_POINT('',(6.90351522022739,-9.36542903091628,0.627072318340204));
#5389=CARTESIAN_POINT('',(6.86784453318005,-9.36363586581237,0.629660534427501));
#5390=CARTESIAN_POINT('',(6.85,-9.36366022985774,0.631023384352029));
#5391=CARTESIAN_POINT('',(8.45,-9.73998240547275,0.38099651353331));
#5392=CARTESIAN_POINT('',(8.44294715973889,-9.73999485953757,0.379826130993593));
#5393=CARTESIAN_POINT('',(8.42843045328354,-9.73932767040869,0.377486595646296));
#5394=CARTESIAN_POINT('',(8.40553649619917,-9.73646341748515,0.374354137125083));
#5395=CARTESIAN_POINT('',(8.38183116103505,-9.73226686420396,0.371762741353657));
#5396=CARTESIAN_POINT('',(8.34950201239484,-9.72550735127298,0.369001045058481));
#5397=CARTESIAN_POINT('',(8.30821274985344,-9.71567916778436,0.366648294575619));
#5398=CARTESIAN_POINT('',(8.24124437953012,-9.69863373339888,0.364463831500681));
#5399=CARTESIAN_POINT('',(8.15657652940727,-9.67608139984676,0.363756167046681));
#5400=CARTESIAN_POINT('',(8.0542999661189,-9.64845167020741,0.364707622111287));
#5401=CARTESIAN_POINT('',(7.96871246713803,-9.62531389053017,0.366495119329847));
#5402=CARTESIAN_POINT('',(7.90866389155439,-9.60916320031319,0.3681560493692));
#5403=CARTESIAN_POINT('',(7.87861140397585,-9.6011074512551,0.369027737175964));
#5404=CARTESIAN_POINT('',(7.86142559149257,-9.59651093025933,0.369626280755908));
#5405=CARTESIAN_POINT('',(7.83569534211071,-9.5896234956003,0.372127389130233));
#5406=CARTESIAN_POINT('',(7.81033511664633,-9.5827558846638,0.378077158597934));
#5407=CARTESIAN_POINT('',(7.78617467543266,-9.57591283888404,0.387259487771475));
#5408=CARTESIAN_POINT('',(7.77052168823584,-9.57135767516828,0.394359384276655));
#5409=CARTESIAN_POINT('',(7.72763716921866,-9.55886060441117,0.414256542004595));
#5410=CARTESIAN_POINT('',(7.65725514334225,-9.53858669180891,0.446910457035207));
#5411=CARTESIAN_POINT('',(7.56322909463913,-9.51205131341944,0.490972702569491));
#5412=CARTESIAN_POINT('',(7.46895882828052,-9.48616410064699,0.535443716113994));
#5413=CARTESIAN_POINT('',(7.40203973040889,-9.4683938684588,0.567284570978624));
#5414=CARTESIAN_POINT('',(7.3625418191952,-9.45820305657095,0.585967054810821));
#5415=CARTESIAN_POINT('',(7.34681520353977,-9.4541509512024,0.59363535667149));
#5416=CARTESIAN_POINT('',(7.32987530347113,-9.45013653521098,0.598717487024891));
#5417=CARTESIAN_POINT('',(7.31466305121118,-9.44665927994361,0.600797306264687));
#5418=CARTESIAN_POINT('',(7.30594714993068,-9.44468271950091,0.601339473075891));
#5419=CARTESIAN_POINT('',(7.29722687323716,-9.44271323412777,0.60177606481801));
#5420=CARTESIAN_POINT('',(7.28632641386872,-9.44026485571324,0.602420175539214));
#5421=CARTESIAN_POINT('',(7.24270333952598,-9.43054549349392,0.604911179642249));
#5422=CARTESIAN_POINT('',(7.16840012493278,-9.41460718001776,0.609298150890916));
#5423=CARTESIAN_POINT('',(7.06303559506342,-9.39429480240603,0.615892310379036));
#5424=CARTESIAN_POINT('',(6.97470185933535,-9.38025773227385,0.621778638685766));
#5425=CARTESIAN_POINT('',(6.90359069431268,-9.37263024137428,0.626843671905532));
#5426=CARTESIAN_POINT('',(6.86786996661847,-9.37079740826186,0.629546995587469));
#5427=CARTESIAN_POINT('',(6.85,-9.3708223163915,0.630970516604241));
#5428=CARTESIAN_POINT('',(8.45,-9.74848948909679,0.380999030497903));
#5429=CARTESIAN_POINT('',(8.44298602659451,-9.74850209508003,0.379799963551142));
#5430=CARTESIAN_POINT('',(8.42853698461018,-9.74782679842747,0.377403091746401));
#5431=CARTESIAN_POINT('',(8.40571711370712,-9.74492773666224,0.374193865077228));
#5432=CARTESIAN_POINT('',(8.38206598777708,-9.74068018251072,0.371538958661524));
#5433=CARTESIAN_POINT('',(8.34979142992579,-9.73383852049914,0.368709571527102));
#5434=CARTESIAN_POINT('',(8.30854890127055,-9.72389089359389,0.366299136154541));
#5435=CARTESIAN_POINT('',(8.24163312193446,-9.70663830306285,0.364061053213903));
#5436=CARTESIAN_POINT('',(8.1570075585897,-9.68381188672976,0.363335825928276));
#5437=CARTESIAN_POINT('',(8.05476519195477,-9.6558463676127,0.364310432077835));
#5438=CARTESIAN_POINT('',(7.96919742790401,-9.63242738997179,0.366141905204776));
#5439=CARTESIAN_POINT('',(7.90915935451098,-9.61608041726754,0.367842807997858));
#5440=CARTESIAN_POINT('',(7.8791113491757,-9.60792676512517,0.368736779229463));
#5441=CARTESIAN_POINT('',(7.86192791862106,-9.60327438171786,0.369348175686032));
#5442=CARTESIAN_POINT('',(7.8362007308833,-9.59630324273081,0.371860376795152));
#5443=CARTESIAN_POINT('',(7.81084093418078,-9.58935216839265,0.377803795951831));
#5444=CARTESIAN_POINT('',(7.78667373296096,-9.58242595776233,0.386963398859323));
#5445=CARTESIAN_POINT('',(7.77101358458618,-9.57781543426812,0.394043128285321));
#5446=CARTESIAN_POINT('',(7.72810785854637,-9.5651664842201,0.413884287865963));
#5447=CARTESIAN_POINT('',(7.65768891165418,-9.54464617892392,0.446453931993969));
#5448=CARTESIAN_POINT('',(7.5636079036724,-9.51778831118587,0.490414583554854));
#5449=CARTESIAN_POINT('',(7.46927679641838,-9.49158648650491,0.534794101431051));
#5450=CARTESIAN_POINT('',(7.40230993470818,-9.47360028966599,0.566576096298825));
#5451=CARTESIAN_POINT('',(7.36278250605194,-9.46328562718007,0.585226746231486));
#5452=CARTESIAN_POINT('',(7.34704348752567,-9.45918427592109,0.592881462542071));
#5453=CARTESIAN_POINT('',(7.33009757023302,-9.45512107209471,0.597964595093024));
#5454=CARTESIAN_POINT('',(7.31488192707717,-9.45160155720179,0.60005862836376));
#5455=CARTESIAN_POINT('',(7.30616413598447,-9.44960097531471,0.60061256261573));
#5456=CARTESIAN_POINT('',(7.29744193977165,-9.44760755448361,0.601061559213413));
#5457=CARTESIAN_POINT('',(7.28653897971931,-9.44512942055433,0.60172073807263));
#5458=CARTESIAN_POINT('',(7.24290546549338,-9.43529193747085,0.604273040110787));
#5459=CARTESIAN_POINT('',(7.16858097557459,-9.41915992345288,0.608767613065979));
#5460=CARTESIAN_POINT('',(7.06317499717778,-9.39860068734136,0.615523076514971));
#5461=CARTESIAN_POINT('',(6.97479373814446,-9.38439302414693,0.621553260164457));
#5462=CARTESIAN_POINT('',(6.90363367311741,-9.37667283748599,0.626742142267461));
#5463=CARTESIAN_POINT('',(6.86788444971925,-9.37481773138646,0.629511611650899));
#5464=CARTESIAN_POINT('',(6.85,-9.37484294335295,0.630969980665603));
#5465=CARTESIAN_POINT('',(8.45,-9.75460393599058,0.381001298438189));
#5466=CARTESIAN_POINT('',(8.4430142148145,-9.75461665102662,0.379781486034339));
#5467=CARTESIAN_POINT('',(8.42861424654516,-9.75393552681429,0.377343146782102));
#5468=CARTESIAN_POINT('',(8.40584810670791,-9.75101144577842,0.374078417748851));
#5469=CARTESIAN_POINT('',(8.38223629607084,-9.74672723433565,0.371377623984855));
#5470=CARTESIAN_POINT('',(8.35000133023553,-9.73982652711813,0.36849937574564));
#5471=CARTESIAN_POINT('',(8.30879269537084,-9.72979304956437,0.366047394025119));
#5472=CARTESIAN_POINT('',(8.24191505769283,-9.71239156444522,0.363770886698946));
#5473=CARTESIAN_POINT('',(8.15732016286974,-9.68936814972767,0.363033501289206));
#5474=CARTESIAN_POINT('',(8.0551025973867,-9.66116128026074,0.364025592984055));
#5475=CARTESIAN_POINT('',(7.96954914611074,-9.63754019019782,0.365889539010252));
#5476=CARTESIAN_POINT('',(7.90951868944036,-9.6210521384859,0.367619837610961));
#5477=CARTESIAN_POINT('',(7.87947393485581,-9.61282811801675,0.368530172682373));
#5478=CARTESIAN_POINT('',(7.86229223179694,-9.60813558322401,0.369151006565494));
#5479=CARTESIAN_POINT('',(7.83656726451914,-9.60110428133551,0.371671426490256));
#5480=CARTESIAN_POINT('',(7.81120777877654,-9.59409321726172,0.377610413878806));
#5481=CARTESIAN_POINT('',(7.78703567485652,-9.58710723147936,0.386753708342898));
#5482=CARTESIAN_POINT('',(7.77137033283135,-9.58245691786728,0.393818927444504));
#5483=CARTESIAN_POINT('',(7.72844922638041,-9.56969880381681,0.413619792955263));
#5484=CARTESIAN_POINT('',(7.65800350249021,-9.54900140252483,0.44612884094067));
#5485=CARTESIAN_POINT('',(7.56388263524499,-9.52191174390473,0.4900165065875));
#5486=CARTESIAN_POINT('',(7.46950740307999,-9.49548379025178,0.534330362353973));
#5487=CARTESIAN_POINT('',(7.40250590060536,-9.47734236764236,0.566070161393372));
#5488=CARTESIAN_POINT('',(7.36295706439888,-9.46693868684625,0.584698013430608));
#5489=CARTESIAN_POINT('',(7.34720905068001,-9.46280193982639,0.592342992676359));
#5490=CARTESIAN_POINT('',(7.33025876939054,-9.4587036694665,0.597426967938819));
#5491=CARTESIAN_POINT('',(7.31504066698457,-9.45515378022524,0.59953141133107));
#5492=CARTESIAN_POINT('',(7.30632150530398,-9.45313593278646,0.600093937862873));
#5493=CARTESIAN_POINT('',(7.29759791695814,-9.45112530820639,0.600551989026015));
#5494=CARTESIAN_POINT('',(7.2866931432827,-9.44862578732767,0.601222168481904));
#5495=CARTESIAN_POINT('',(7.24305205752263,-9.43870340418026,0.603819216566692));
#5496=CARTESIAN_POINT('',(7.1687121376559,-9.42243216672008,0.608392320185034));
#5497=CARTESIAN_POINT('',(7.06327609867942,-9.40169549939908,0.615265464669723));
#5498=CARTESIAN_POINT('',(6.97486037332868,-9.38736522105554,0.621400558862938));
#5499=CARTESIAN_POINT('',(6.90366484353198,-9.3795784082076,0.626679725941058));
#5500=CARTESIAN_POINT('',(6.86789495360037,-9.37770729284434,0.629497399284362));
#5501=CARTESIAN_POINT('',(6.85,-9.37773272291643,0.630981157705999));
#5502=CARTESIAN_POINT('',(8.45,-9.76071836469799,0.381003995196312));
#5503=CARTESIAN_POINT('',(8.44304262411857,-9.76073118357143,0.379763946314735));
#5504=CARTESIAN_POINT('',(8.4286921144561,-9.76004422136851,0.377285157757778));
#5505=CARTESIAN_POINT('',(8.40598012710478,-9.75709510541575,0.373966506114277));
#5506=CARTESIAN_POINT('',(8.38240794011593,-9.75277422103552,0.371221480167706));
#5507=CARTESIAN_POINT('',(8.35021287682219,-9.74581444775042,0.368296674354662));
#5508=CARTESIAN_POINT('',(8.30903840158172,-9.7356950934711,0.365806178876615));
#5509=CARTESIAN_POINT('',(8.24219920471205,-9.71814467204054,0.363496319307811));
#5510=CARTESIAN_POINT('',(8.15763521894806,-9.69492420678443,0.362753397304411));
#5511=CARTESIAN_POINT('',(8.05544264913576,-9.66647592438271,0.363771171952031));
#5512=CARTESIAN_POINT('',(7.96990362289165,-9.64265266974369,0.365674562455182));
#5513=CARTESIAN_POINT('',(7.90988084268292,-9.62602350251622,0.367439189240675));
#5514=CARTESIAN_POINT('',(7.87983936434518,-9.61772909546634,0.368368367406636));
#5515=CARTESIAN_POINT('',(7.86265940233106,-9.61299639885736,0.369000056113));
#5516=CARTESIAN_POINT('',(7.8369366729286,-9.60590491842117,0.371530774381189));
#5517=CARTESIAN_POINT('',(7.81157750058481,-9.59883384896554,0.377467310309131));
#5518=CARTESIAN_POINT('',(7.78740045551205,-9.59178807238491,0.386596183486953));
#5519=CARTESIAN_POINT('',(7.77172987910198,-9.58709795822413,0.393648121835357));
#5520=CARTESIAN_POINT('',(7.72879327160922,-9.57423065148646,0.413412071532873));
#5521=CARTESIAN_POINT('',(7.65832056070534,-9.55335610725998,0.445866093311279));
#5522=CARTESIAN_POINT('',(7.56415952157501,-9.52603459517289,0.48968826087146));
#5523=CARTESIAN_POINT('',(7.46973981842129,-9.49938044996303,0.53394399979722));
#5524=CARTESIAN_POINT('',(7.40270340348997,-9.48108375725213,0.565646981415616));
#5525=CARTESIAN_POINT('',(7.36313299183089,-9.47059103206879,0.584255215194549));
#5526=CARTESIAN_POINT('',(7.3473759123689,-9.46641887885723,0.591891724383988));
#5527=CARTESIAN_POINT('',(7.33042123285518,-9.46228553153301,0.596977892345114));
#5528=CARTESIAN_POINT('',(7.31520065191085,-9.45870525881644,0.599094002962343));
#5529=CARTESIAN_POINT('',(7.30648010889265,-9.45667014061054,0.59966586085324));
#5530=CARTESIAN_POINT('',(7.29775511749512,-9.45464230706609,0.600133709286869));
#5531=CARTESIAN_POINT('',(7.28684851597206,-9.45212139271868,0.600815815229657));
#5532=CARTESIAN_POINT('',(7.24319979929328,-9.44211408343028,0.603461318754606));
#5533=CARTESIAN_POINT('',(7.16884432845943,-9.4257035781969,0.608119278317914));
#5534=CARTESIAN_POINT('',(7.06337799313402,-9.4047894170815,0.615119087092763));
#5535=CARTESIAN_POINT('',(6.97492753114179,-9.39033647143474,0.621366631545791));
#5536=CARTESIAN_POINT('',(6.90369625842039,-9.38248299067653,0.626742165227111));
#5537=CARTESIAN_POINT('',(6.86790553986487,-9.38059584518789,0.629611107355872));
#5538=CARTESIAN_POINT('',(6.85,-9.38062148293477,0.631121797694702));
#5539=CARTESIAN_POINT('',(8.45,-9.76922532949592,0.381007013348086));
#5540=CARTESIAN_POINT('',(8.44308250164425,-9.7692381109959,0.379740556813716));
#5541=CARTESIAN_POINT('',(8.42880141595856,-9.76854266268551,0.377208986149193));
#5542=CARTESIAN_POINT('',(8.40616544128054,-9.76555817001541,0.373820638063872));
#5543=CARTESIAN_POINT('',(8.38264887314971,-9.76118571688917,0.371019517919223));
#5544=CARTESIAN_POINT('',(8.35050982019058,-9.7541430373559,0.368037351660009));
#5545=CARTESIAN_POINT('',(8.30938329407581,-9.74390329320052,0.365502784520086));
#5546=CARTESIAN_POINT('',(8.24259805573742,-9.72614420128929,0.36316209195618));
#5547=CARTESIAN_POINT('',(8.15807745635117,-9.70264776033331,0.362431376889177));
#5548=CARTESIAN_POINT('',(8.05591997242128,-9.6738614169512,0.363509176381941));
#5549=CARTESIAN_POINT('',(7.9704011942824,-9.64975507142962,0.36548791277746));
#5550=CARTESIAN_POINT('',(7.91038918935687,-9.63292829667167,0.367314710266707));
#5551=CARTESIAN_POINT('',(7.88035230981591,-9.62453532401591,0.36827733056356));
#5552=CARTESIAN_POINT('',(7.86317479166866,-9.6197463864116,0.368928251657178));
#5553=CARTESIAN_POINT('',(7.83745520352342,-9.61257063377172,0.371479419047255));
#5554=CARTESIAN_POINT('',(7.81209647109077,-9.60541553303876,0.377418507472915));
#5555=CARTESIAN_POINT('',(7.78791249022875,-9.5982860237319,0.386533131363053));
#5556=CARTESIAN_POINT('',(7.77223456642581,-9.5935401712089,0.393570423512059));
#5557=CARTESIAN_POINT('',(7.72927620045592,-9.58051994407493,0.413293543474184));
#5558=CARTESIAN_POINT('',(7.65876560846461,-9.55939730352754,0.445688306835781));
#5559=CARTESIAN_POINT('',(7.56454818092798,-9.53175103058919,0.489442510388133));
#5560=CARTESIAN_POINT('',(7.4700660548092,-9.50478000196815,0.533640646201338));
#5561=CARTESIAN_POINT('',(7.40298063401751,-9.48626573562546,0.565308929755356));
#5562=CARTESIAN_POINT('',(7.36337993736226,-9.4756482133846,0.583899615076));
#5563=CARTESIAN_POINT('',(7.34761013251271,-9.47142643569882,0.591528230737217));
#5564=CARTESIAN_POINT('',(7.33064927930674,-9.46724392195587,0.596621472248674));
#5565=CARTESIAN_POINT('',(7.31542521929173,-9.46362105835294,0.598757456140571));
#5566=CARTESIAN_POINT('',(7.30670273731981,-9.46156172941078,0.599344410111726));
#5567=CARTESIAN_POINT('',(7.29797577648894,-9.45950977111648,0.59982800861536));
#5568=CARTESIAN_POINT('',(7.28706660925573,-9.45695886463945,0.600529352826508));
#5569=CARTESIAN_POINT('',(7.2434071812214,-9.44683248802745,0.603252861471406));
#5570=CARTESIAN_POINT('',(7.16902988183132,-9.4302266732712,0.6080469132426));
#5571=CARTESIAN_POINT('',(7.06352102017617,-9.40906338215334,0.615248492181864));
#5572=CARTESIAN_POINT('',(6.97502179911157,-9.39443795052546,0.621673859165695));
#5573=CARTESIAN_POINT('',(6.90374035481981,-9.38649025967075,0.627200643390254));
#5574=CARTESIAN_POINT('',(6.86792039957539,-9.38458008402745,0.630149541817591));
#5575=CARTESIAN_POINT('',(6.85,-9.3846056470274,0.631702031612738));
#5576=CARTESIAN_POINT('',(8.45,-9.78437804130984,0.381005280980899));
#5577=CARTESIAN_POINT('',(8.44315451188692,-9.7843896609515,0.379696469804368));
#5578=CARTESIAN_POINT('',(8.42899879098574,-9.78367690618855,0.377080249804019));
#5579=CARTESIAN_POINT('',(8.4065000788624,-9.7806261128802,0.373582040634109));
#5580=CARTESIAN_POINT('',(8.383083946438,-9.77615851706466,0.370695622134274));
#5581=CARTESIAN_POINT('',(8.35104603610789,-9.76896377962953,0.36763120285232));
#5582=CARTESIAN_POINT('',(8.310006095811,-9.75850411457328,0.365043711283062));
#5583=CARTESIAN_POINT('',(8.2433182949857,-9.74036456607374,0.362689996190586));
#5584=CARTESIAN_POINT('',(8.15887604207499,-9.7163655905341,0.362034643271881));
#5585=CARTESIAN_POINT('',(8.0567819157096,-9.68696393258875,0.36328481759004));
#5586=CARTESIAN_POINT('',(7.97129970129794,-9.66234237856436,0.365452931521292));
#5587=CARTESIAN_POINT('',(7.9113071542185,-9.64515594838491,0.367429319273422));
#5588=CARTESIAN_POINT('',(7.88127857911637,-9.63658357223978,0.368470990538205));
#5589=CARTESIAN_POINT('',(7.86410547406755,-9.6316922647889,0.369167304999449));
#5590=CARTESIAN_POINT('',(7.83839155835787,-9.62436311642572,0.371771394822874));
#5591=CARTESIAN_POINT('',(7.81303362031019,-9.61705504911954,0.377731088224184));
#5592=CARTESIAN_POINT('',(7.78883711490314,-9.6097731050336,0.386835976675836));
#5593=CARTESIAN_POINT('',(7.77314592328743,-9.60492577797924,0.393857484744676));
#5594=CARTESIAN_POINT('',(7.73014826618322,-9.59162713731179,0.413536200452293));
#5595=CARTESIAN_POINT('',(7.65956926908775,-9.57005271761135,0.445871942986077));
#5596=CARTESIAN_POINT('',(7.56525001620585,-9.54181482096477,0.489567400997093));
#5597=CARTESIAN_POINT('',(7.47065516762541,-9.51426620032566,0.533725500819523));
#5598=CARTESIAN_POINT('',(7.40348125278005,-9.49535507101332,0.565376448312577));
#5599=CARTESIAN_POINT('',(7.36382586792924,-9.48450977757962,0.583962104410363));
#5600=CARTESIAN_POINT('',(7.34803308376415,-9.48019741572549,0.59158712986457));
#5601=CARTESIAN_POINT('',(7.33106108219655,-9.4759251337255,0.596703808496815));
#5602=CARTESIAN_POINT('',(7.31583073972744,-9.47222448835431,0.598885010085197));
#5603=CARTESIAN_POINT('',(7.30710475642174,-9.47012093875135,0.599504556237927));
#5604=CARTESIAN_POINT('',(7.29837423921747,-9.46802491295956,0.600021927888092));
#5605=CARTESIAN_POINT('',(7.28746043886303,-9.46541921389313,0.600764677158573));
#5606=CARTESIAN_POINT('',(7.24378166842217,-9.45507527217681,0.603655705810739));
#5607=CARTESIAN_POINT('',(7.16936495134997,-9.43811225239493,0.608740832053941));
#5608=CARTESIAN_POINT('',(7.06377929628122,-9.41649205501826,0.616370747407537));
#5609=CARTESIAN_POINT('',(6.97519202680907,-9.40154842986822,0.623170542716341));
#5610=CARTESIAN_POINT('',(6.90381998344191,-9.39342416498453,0.629013108157183));
#5611=CARTESIAN_POINT('',(6.86794723301959,-9.39146858573092,0.632127718096712));
#5612=CARTESIAN_POINT('',(6.85,-9.39149182501425,0.633766352537095));
#5613=CARTESIAN_POINT('',(8.45,-9.79926386354486,0.380973181746309));
#5614=CARTESIAN_POINT('',(8.44322710436346,-9.79927029493594,0.379631542001964));
#5615=CARTESIAN_POINT('',(8.42919776187509,-9.79853244379088,0.376949725299191));
#5616=CARTESIAN_POINT('',(8.40683742213335,-9.79540437268608,0.373370372360121));
#5617=CARTESIAN_POINT('',(8.38352253748134,-9.79083116302396,0.370427571420782));
#5618=CARTESIAN_POINT('',(8.35158658756199,-9.78347084826644,0.367319708184475));
#5619=CARTESIAN_POINT('',(8.31063393316666,-9.77277488669194,0.36472820691847));
#5620=CARTESIAN_POINT('',(8.24404435767873,-9.75422918207501,0.362440312243719));
#5621=CARTESIAN_POINT('',(8.15968108470857,-9.72969602059034,0.361959616107575));
#5622=CARTESIAN_POINT('',(8.0576508281809,-9.699641281765,0.36350198133446));
#5623=CARTESIAN_POINT('',(7.97220547312994,-9.67447309022588,0.365959689299253));
#5624=CARTESIAN_POINT('',(7.91223254122167,-9.65690498693888,0.368155956525182));
#5625=CARTESIAN_POINT('',(7.88221233770334,-9.64814219101885,0.369311857773624));
#5626=CARTESIAN_POINT('',(7.86504368143475,-9.64314221613211,0.370073669687199));
#5627=CARTESIAN_POINT('',(7.8393354840247,-9.63565022287139,0.372760715434296));
#5628=CARTESIAN_POINT('',(7.81397834678495,-9.62817973228882,0.378770786001009));
#5629=CARTESIAN_POINT('',(7.78976921556651,-9.62073588739088,0.387895465888606));
#5630=CARTESIAN_POINT('',(7.77406464886206,-9.61578077250858,0.39492079931595));
#5631=CARTESIAN_POINT('',(7.73102738293776,-9.60218634548896,0.414609028655873));
#5632=CARTESIAN_POINT('',(7.66037942765339,-9.58013165160369,0.446974089921951));
#5633=CARTESIAN_POINT('',(7.56595752612443,-9.55126394930309,0.490728749767189));
#5634=CARTESIAN_POINT('',(7.47124904367262,-9.52309930853011,0.534964912249183));
#5635=CARTESIAN_POINT('',(7.40398591926105,-9.50376388116242,0.56668226601574));
#5636=CARTESIAN_POINT('',(7.36427540403704,-9.49267457864292,0.585312194876642));
#5637=CARTESIAN_POINT('',(7.34845945475874,-9.48826512826486,0.592953338155232));
#5638=CARTESIAN_POINT('',(7.3314762146902,-9.48389655933803,0.59811338046725));
#5639=CARTESIAN_POINT('',(7.31623953897065,-9.48011241493342,0.600357435283973));
#5640=CARTESIAN_POINT('',(7.30751002602138,-9.47796137369498,0.601019705669994));
#5641=CARTESIAN_POINT('',(7.29877592368888,-9.47581800674393,0.601580992067016));
#5642=CARTESIAN_POINT('',(7.28785745275244,-9.47315341789188,0.602377816836932));
#5643=CARTESIAN_POINT('',(7.24415918351337,-9.46257549412412,0.605487062617227));
#5644=CARTESIAN_POINT('',(7.1697027300501,-9.4452271384775,0.610949499298981));
#5645=CARTESIAN_POINT('',(7.06403966065988,-9.42310948943221,0.619129636709996));
#5646=CARTESIAN_POINT('',(6.97536363087087,-9.40781278534492,0.626405573056961));
#5647=CARTESIAN_POINT('',(6.90390025589574,-9.39948267001617,0.632645421180365));
#5648=CARTESIAN_POINT('',(6.86797428342375,-9.39746629660379,0.635966556600604));
#5649=CARTESIAN_POINT('',(6.85,-9.39747915938593,0.637711769262568));
#5650=CARTESIAN_POINT('',(8.45,-9.81203041858857,0.381026494619719));
#5651=CARTESIAN_POINT('',(8.44329064475151,-9.81202704986931,0.379660731280116));
#5652=CARTESIAN_POINT('',(8.42937192162449,-9.81125698146279,0.376930720284176));
#5653=CARTESIAN_POINT('',(8.40713269959689,-9.80804661313158,0.373294176000603));
#5654=CARTESIAN_POINT('',(8.38390643738974,-9.80336681820006,0.37031585737456));
#5655=CARTESIAN_POINT('',(8.35205973368949,-9.79584316786974,0.367188412879653));
#5656=CARTESIAN_POINT('',(8.31118348087626,-9.78491790123048,0.364616458603346));
#5657=CARTESIAN_POINT('',(8.24467988228775,-9.76598123849148,0.362423067416248));
#5658=CARTESIAN_POINT('',(8.16038574066991,-9.74093667295568,0.36214136220295));
#5659=CARTESIAN_POINT('',(8.05841138958132,-9.71025791405816,0.363994818961537));
#5660=CARTESIAN_POINT('',(7.97299829762695,-9.68456764569388,0.366752122731087));
#5661=CARTESIAN_POINT('',(7.91304253493025,-9.6666349227602,0.369173130409186));
#5662=CARTESIAN_POINT('',(7.8830296590815,-9.65769017425589,0.370445157148128));
#5663=CARTESIAN_POINT('',(7.86586489684211,-9.6525863497759,0.371273521831354));
#5664=CARTESIAN_POINT('',(7.84016170467496,-9.64493871605925,0.374047013132156));
#5665=CARTESIAN_POINT('',(7.81480526838453,-9.63731294641029,0.380115012978687));
#5666=CARTESIAN_POINT('',(7.79058508575975,-9.6297142702726,0.389270850375645));
#5667=CARTESIAN_POINT('',(7.7748688118045,-9.62465605974671,0.396308754824653));
#5668=CARTESIAN_POINT('',(7.73179687617449,-9.61077865985689,0.416030673829009));
#5669=CARTESIAN_POINT('',(7.6610885616037,-9.58826412503906,0.448462899897846));
#5670=CARTESIAN_POINT('',(7.56657681144057,-9.55879235285997,0.492324715317321));
#5671=CARTESIAN_POINT('',(7.4717688649585,-9.53003545836863,0.536684542304206));
#5672=CARTESIAN_POINT('',(7.40442765517601,-9.51029084612713,0.568499218028332));
#5673=CARTESIAN_POINT('',(7.3646688841895,-9.49896562777068,0.587190955644649));
#5674=CARTESIAN_POINT('',(7.3488326584259,-9.49446225258103,0.594855429573027));
#5675=CARTESIAN_POINT('',(7.33183958126757,-9.49000044592582,0.600062650904623));
#5676=CARTESIAN_POINT('',(7.31659736203704,-9.48613536310395,0.602369791160299));
#5677=CARTESIAN_POINT('',(7.30786475958134,-9.48393826171098,0.6030740695191));
#5678=CARTESIAN_POINT('',(7.29912751917657,-9.48174896358503,0.603678405948599));
#5679=CARTESIAN_POINT('',(7.28820496006725,-9.4790272064759,0.604528327319183));
#5680=CARTESIAN_POINT('',(7.24448962347816,-9.46822196147206,0.607851635820879));
#5681=CARTESIAN_POINT('',(7.16999838864597,-9.45049781711499,0.613683529703941));
#5682=CARTESIAN_POINT('',(7.06426755829399,-9.42788954446441,0.622400613998359));
#5683=CARTESIAN_POINT('',(6.97551383636321,-9.4122366709041,0.630139431240083));
#5684=CARTESIAN_POINT('',(6.90397051858837,-9.40368728802955,0.636763912654379));
#5685=CARTESIAN_POINT('',(6.86799796071456,-9.40159739318464,0.640284265728305));
#5686=CARTESIAN_POINT('',(6.85,-9.40159065574613,0.642131989266661));
#5687=CARTESIAN_POINT('',(8.45,-9.82052327973972,0.381474132604353));
#5688=CARTESIAN_POINT('',(8.44333335654763,-9.82051194482872,0.380091177606112));
#5689=CARTESIAN_POINT('',(8.4294889916635,-9.81971753267818,0.377326818850449));
#5690=CARTESIAN_POINT('',(8.40733118486284,-9.81644800117478,0.373648903198785));
#5691=CARTESIAN_POINT('',(8.38416449458956,-9.81169285104241,0.370643782219437));
#5692=CARTESIAN_POINT('',(8.35237778212374,-9.80405457919082,0.367499272027045));
#5693=CARTESIAN_POINT('',(8.31155288639059,-9.79296927858409,0.364935578231363));
#5694=CARTESIAN_POINT('',(8.24510708140253,-9.77376051481819,0.362797905826832));
#5695=CARTESIAN_POINT('',(8.16085940982234,-9.74836068539972,0.362640204167475));
#5696=CARTESIAN_POINT('',(8.0589226383235,-9.71724871970246,0.364691066820393));
#5697=CARTESIAN_POINT('',(7.9735312335959,-9.69119607227283,0.367640000662016));
#5698=CARTESIAN_POINT('',(7.91358701202896,-9.67301024008069,0.370205248100075));
#5699=CARTESIAN_POINT('',(7.88357906183363,-9.66393917510652,0.371551919004621));
#5700=CARTESIAN_POINT('',(7.86641691715743,-9.65876325199465,0.372423068808524));
#5701=CARTESIAN_POINT('',(7.84071708951041,-9.65100755961948,0.375251741345009));
#5702=CARTESIAN_POINT('',(7.81536112439752,-9.64327397223835,0.381355753811582));
#5703=CARTESIAN_POINT('',(7.79113351302658,-9.63556777691959,0.390529607866697));
#5704=CARTESIAN_POINT('',(7.77540936946705,-9.63043797039492,0.397574010950184));
#5705=CARTESIAN_POINT('',(7.73231412888963,-9.61636404160826,0.417313209230421));
#5706=CARTESIAN_POINT('',(7.6615652408566,-9.59353005110501,0.449781801242602));
#5707=CARTESIAN_POINT('',(7.56699309451614,-9.56363837225531,0.493703936975042));
#5708=CARTESIAN_POINT('',(7.47211828839548,-9.53446944853343,0.538135181564379));
#5709=CARTESIAN_POINT('',(7.40472458969146,-9.51443986770477,0.570006982745248));
#5710=CARTESIAN_POINT('',(7.36493338122145,-9.5029502081994,0.588735389166032));
#5711=CARTESIAN_POINT('',(7.34908352562126,-9.49838135089898,0.596413594341983));
#5712=CARTESIAN_POINT('',(7.33208383597933,-9.49385452018846,0.601650577775536));
#5713=CARTESIAN_POINT('',(7.31683789040532,-9.48993297104825,0.603998416364552));
#5714=CARTESIAN_POINT('',(7.30810321118597,-9.48770373010075,0.60472995664987));
#5715=CARTESIAN_POINT('',(7.29936386137161,-9.48548237840667,0.605362255477548));
#5716=CARTESIAN_POINT('',(7.28843855419588,-9.48272071814507,0.606246648591629));
#5717=CARTESIAN_POINT('',(7.24471174494828,-9.47175676172623,0.609708970887377));
#5718=CARTESIAN_POINT('',(7.17019713010876,-9.45376991289092,0.615780919312184));
#5719=CARTESIAN_POINT('',(7.06442075089451,-9.43081736441853,0.624847229280916));
#5720=CARTESIAN_POINT('',(6.97561480437052,-9.41491271669429,0.632887436696705));
#5721=CARTESIAN_POINT('',(6.90401774911205,-9.40620569317701,0.639762661906533));
#5722=CARTESIAN_POINT('',(6.8680138765698,-9.40406105290431,0.643413025730238));
#5723=CARTESIAN_POINT('',(6.85,-9.40403838308231,0.645327705398781));
#5724=CARTESIAN_POINT('',(8.45,-9.83525748011404,0.383871061369025));
#5725=CARTESIAN_POINT('',(8.44340902497654,-9.8352285748767,0.382451914570084));
#5726=CARTESIAN_POINT('',(8.42969639352272,-9.83438430219256,0.379615235206959));
#5727=CARTESIAN_POINT('',(8.40768282234016,-9.83100034666547,0.375846820915206));
#5728=CARTESIAN_POINT('',(8.38462166999913,-9.82610243645928,0.372777011834308));
#5729=CARTESIAN_POINT('',(8.35294123830046,-9.81824905898229,0.369579328074541));
#5730=CARTESIAN_POINT('',(8.31220732702402,-9.80686555147858,0.367001593720332));
#5731=CARTESIAN_POINT('',(8.24586390946389,-9.78715157498932,0.364916753199277));
#5732=CARTESIAN_POINT('',(8.16169856443191,-9.76109373886833,0.364921387114856));
#5733=CARTESIAN_POINT('',(8.05982836911984,-9.7291801073821,0.367253155344709));
#5734=CARTESIAN_POINT('',(7.97447538559026,-9.70245700168026,0.370484232234747));
#5735=CARTESIAN_POINT('',(7.91455161034581,-9.68380282185033,0.373264870730335));
#5736=CARTESIAN_POINT('',(7.88455238646241,-9.67449799983615,0.374723709200523));
#5737=CARTESIAN_POINT('',(7.86739487907407,-9.66918864513692,0.375659187388783));
#5738=CARTESIAN_POINT('',(7.84170101202752,-9.66123296163697,0.378568414354827));
#5739=CARTESIAN_POINT('',(7.8163458816551,-9.6532998047522,0.384719022036831));
#5740=CARTESIAN_POINT('',(7.79210510948076,-9.6453945623942,0.393907589572431));
#5741=CARTESIAN_POINT('',(7.77636702409145,-9.6401322038901,0.400952035722136));
#5742=CARTESIAN_POINT('',(7.73323049635411,-9.62569438733465,0.42069030369938));
#5743=CARTESIAN_POINT('',(7.66240972817502,-9.60226868396484,0.453171707036142));
#5744=CARTESIAN_POINT('',(7.56773058366855,-9.57159861455214,0.497131886852603));
#5745=CARTESIAN_POINT('',(7.47273732868198,-9.54166508578743,0.541620835538815));
#5746=CARTESIAN_POINT('',(7.40525064034538,-9.52110595925956,0.573545093187398));
#5747=CARTESIAN_POINT('',(7.36540196546941,-9.50931038028965,0.592309787376462));
#5748=CARTESIAN_POINT('',(7.34952796318342,-9.5046196703138,0.600000848951706));
#5749=CARTESIAN_POINT('',(7.33251655883288,-9.49997178852495,0.60527908912534));
#5750=CARTESIAN_POINT('',(7.31726401165036,-9.49594507171876,0.607688992879303));
#5751=CARTESIAN_POINT('',(7.30852565322626,-9.49365595706002,0.608463095554905));
#5752=CARTESIAN_POINT('',(7.29978256637147,-9.49137488213093,0.609139197731923));
#5753=CARTESIAN_POINT('',(7.28885239070771,-9.48853885448904,0.610077492440317));
#5754=CARTESIAN_POINT('',(7.24510525644164,-9.47727900564001,0.6137574173933));
#5755=CARTESIAN_POINT('',(7.17054922146567,-9.45880157329611,0.620205900356168));
#5756=CARTESIAN_POINT('',(7.0646921476621,-9.43520298824612,0.629822080573777));
#5757=CARTESIAN_POINT('',(6.97579367979086,-9.41882144082716,0.638338882576696));
#5758=CARTESIAN_POINT('',(6.90410142294104,-9.40980951025883,0.645612446946058));
#5759=CARTESIAN_POINT('',(6.86804207317752,-9.40755454752437,0.649470198562665));
#5760=CARTESIAN_POINT('',(6.85,-9.40749673704969,0.651492028095377));
#5761=CARTESIAN_POINT('',(8.45,-9.85540999842503,0.391173566379523));
#5762=CARTESIAN_POINT('',(8.44351975926276,-9.85534673308963,0.389686704119746));
#5763=CARTESIAN_POINT('',(8.42999990843867,-9.85441271180806,0.386714686021192));
#5764=CARTESIAN_POINT('',(8.4081974137704,-9.85083751449441,0.382769579144987));
#5765=CARTESIAN_POINT('',(8.38529070718387,-9.84570788243003,0.379560848999452));
#5766=CARTESIAN_POINT('',(8.35376580831519,-9.83751017267505,0.376226342862803));
#5767=CARTESIAN_POINT('',(8.31316504502414,-9.82565435715921,0.373554302099482));
#5768=CARTESIAN_POINT('',(8.24697146272441,-9.80514457115311,0.37142876172939));
#5769=CARTESIAN_POINT('',(8.16292659556785,-9.77805412913852,0.371523441400388));
#5770=CARTESIAN_POINT('',(8.0611538288218,-9.74488414522858,0.374089268761638));
#5771=CARTESIAN_POINT('',(7.97585707143566,-9.71711064567643,0.377585719417064));
#5772=CARTESIAN_POINT('',(7.91596321763876,-9.69772258036949,0.380578301387896));
#5773=CARTESIAN_POINT('',(7.88597676396792,-9.68805141101522,0.382149656039914));
#5774=CARTESIAN_POINT('',(7.86882604285453,-9.6825329204989,0.383149769627117));
#5775=CARTESIAN_POINT('',(7.84314089863793,-9.67426375649654,0.386132625574049));
#5776=CARTESIAN_POINT('',(7.81778698983692,-9.66601772142528,0.392307165826018));
#5777=CARTESIAN_POINT('',(7.7935269579503,-9.65780034725851,0.401473009734106));
#5778=CARTESIAN_POINT('',(7.77776846988324,-9.65233010952008,0.408488015207425));
#5779=CARTESIAN_POINT('',(7.73457152191187,-9.63732152531969,0.428143786590334));
#5780=CARTESIAN_POINT('',(7.66364556327513,-9.61296718116806,0.460511171556445));
#5781=CARTESIAN_POINT('',(7.56880983608671,-9.58107400965449,0.504350003441502));
#5782=CARTESIAN_POINT('',(7.47364324129637,-9.5499370723891,0.54874637494683));
#5783=CARTESIAN_POINT('',(7.40602047057061,-9.52854274513442,0.580622007432426));
#5784=CARTESIAN_POINT('',(7.36608769851519,-9.51626384019874,0.599366046422337));
#5785=CARTESIAN_POINT('',(7.35017835961583,-9.51138053570856,0.607046418540333));
#5786=CARTESIAN_POINT('',(7.33314981178929,-9.50654120454407,0.612355530731042));
#5787=CARTESIAN_POINT('',(7.31788760371626,-9.5023480438593,0.614830445818057));
#5788=CARTESIAN_POINT('',(7.3091438610901,-9.49996413569552,0.615652083068406));
#5789=CARTESIAN_POINT('',(7.30039530539566,-9.49758848222742,0.616377535857815));
#5790=CARTESIAN_POINT('',(7.28945800511527,-9.494634640931,0.617376271135557));
#5791=CARTESIAN_POINT('',(7.24568112691972,-9.48290579045098,0.621300879751273));
#5792=CARTESIAN_POINT('',(7.17106447710993,-9.46364881765255,0.628174998141904));
#5793=CARTESIAN_POINT('',(7.06508931366345,-9.43901620762368,0.6384188443279));
#5794=CARTESIAN_POINT('',(6.97605544869868,-9.42186077860795,0.647485583323596));
#5795=CARTESIAN_POINT('',(6.90422387244687,-9.41233918948325,0.655224068247907));
#5796=CARTESIAN_POINT('',(6.86808333650591,-9.40988958470456,0.659326306795354));
#5797=CARTESIAN_POINT('',(6.85,-9.40976305403377,0.661475437307222));
#5798=CARTESIAN_POINT('',(8.45,-9.87654943337109,0.40584267305753));
#5799=CARTESIAN_POINT('',(8.44365685885523,-9.87643644652381,0.404241452519537));
#5800=CARTESIAN_POINT('',(8.43037568881079,-9.87537774813688,0.401040831999904));
#5801=CARTESIAN_POINT('',(8.40883452696973,-9.87154759249673,0.396785402610461));
#5802=CARTESIAN_POINT('',(8.3861190389364,-9.86611442601988,0.393313114690504));
#5803=CARTESIAN_POINT('',(8.35478670452389,-9.85746955995446,0.389687129066145));
#5804=CARTESIAN_POINT('',(8.31435079111954,-9.84500452785298,0.386745727543743));
#5805=CARTESIAN_POINT('',(8.24834271914221,-9.82347185527298,0.384325636175508));
#5806=CARTESIAN_POINT('',(8.16444701506949,-9.79505739224392,0.384226600181427));
#5807=CARTESIAN_POINT('',(8.06279487416709,-9.76027791269499,0.386715973975405));
#5808=CARTESIAN_POINT('',(7.97756773010141,-9.73115904658031,0.390235781739999));
#5809=CARTESIAN_POINT('',(7.91771092190622,-9.71083089294147,0.393277129298023));
#5810=CARTESIAN_POINT('',(7.88774027897476,-9.70069039389935,0.394880969388849));
#5811=CARTESIAN_POINT('',(7.87059795991604,-9.69490396161409,0.395900067578482));
#5812=CARTESIAN_POINT('',(7.84492361539368,-9.6862331528262,0.398882522950213));
#5813=CARTESIAN_POINT('',(7.81957121901443,-9.67758619574851,0.404995133737272));
#5814=CARTESIAN_POINT('',(7.79528734176974,-9.66896879522857,0.414041283364522));
#5815=CARTESIAN_POINT('',(7.77950359324452,-9.66323212362051,0.420958798299388));
#5816=CARTESIAN_POINT('',(7.73623183926912,-9.64749192657803,0.440344570554349));
#5817=CARTESIAN_POINT('',(7.66517564482766,-9.62194680894029,0.472296109121236));
#5818=CARTESIAN_POINT('',(7.57014605336634,-9.58848404217511,0.515618459646982));
#5819=CARTESIAN_POINT('',(7.47476484739038,-9.55580114197836,0.559533970722212));
#5820=CARTESIAN_POINT('',(7.40697359370663,-9.53333241400067,0.591089979871899));
#5821=CARTESIAN_POINT('',(7.36693670133379,-9.520431070935,0.609655845315062));
#5822=CARTESIAN_POINT('',(7.35098361234168,-9.5152996742392,0.617261942689725));
#5823=CARTESIAN_POINT('',(7.33393383925913,-9.51021362503551,0.62254823720055));
#5824=CARTESIAN_POINT('',(7.31865967008358,-9.50580587525658,0.625050232354376));
#5825=CARTESIAN_POINT('',(7.30990926130248,-9.50329972549253,0.625900201846758));
#5826=CARTESIAN_POINT('',(7.3011539346637,-9.5008020883834,0.626656235305758));
#5827=CARTESIAN_POINT('',(7.29020781342939,-9.49769625895878,0.627691651653838));
#5828=CARTESIAN_POINT('',(7.24639410941639,-9.48536215955049,0.631766601504188));
#5829=CARTESIAN_POINT('',(7.17170241266949,-9.46509757835583,0.638908276337933));
#5830=CARTESIAN_POINT('',(7.06558104299845,-9.43912226562174,0.649562991707216));
#5831=CARTESIAN_POINT('',(6.97637954353694,-9.42095328474776,0.659005404188847));
#5832=CARTESIAN_POINT('',(6.90437547659696,-9.41075219020171,0.667075344329474));
#5833=CARTESIAN_POINT('',(6.86813442443629,-9.40803505739307,0.671358200627343));
#5834=CARTESIAN_POINT('',(6.85,-9.40780908369851,0.673603901698093));
#5835=CARTESIAN_POINT('',(8.45,-9.89337754788977,0.425297604358419));
#5836=CARTESIAN_POINT('',(8.4437981768967,-9.89321443190755,0.423545612162682));
#5837=CARTESIAN_POINT('',(8.43076303165591,-9.89203024116915,0.420043565974769));
#5838=CARTESIAN_POINT('',(8.40949124365214,-9.88794390433332,0.415369581697236));
#5839=CARTESIAN_POINT('',(8.38697285781979,-9.88220598057483,0.411526942543047));
#5840=CARTESIAN_POINT('',(8.35583901292363,-9.87311232770671,0.407468930178251));
#5841=CARTESIAN_POINT('',(8.31557302171019,-9.86003604090431,0.40408540655703));
#5842=CARTESIAN_POINT('',(8.24975616806518,-9.83747722076594,0.401098543776807));
#5843=CARTESIAN_POINT('',(8.16601421670965,-9.80773466049181,0.400470885002881));
#5844=CARTESIAN_POINT('',(8.06448641321532,-9.77134079382716,0.402486716852818));
#5845=CARTESIAN_POINT('',(7.97933102441841,-9.74087248491937,0.4057016537741));
#5846=CARTESIAN_POINT('',(7.91951240168961,-9.7196013895872,0.40856300475599));
#5847=CARTESIAN_POINT('',(7.8895580559818,-9.70899013417653,0.41008519851612));
#5848=CARTESIAN_POINT('',(7.87242439750253,-9.70293494487622,0.411058076123242));
#5849=CARTESIAN_POINT('',(7.84676118497268,-9.69386126843362,0.413941434604554));
#5850=CARTESIAN_POINT('',(7.82141034755124,-9.68481216648032,0.419891526414876));
#5851=CARTESIAN_POINT('',(7.79710189124515,-9.67579351673804,0.42871561487051));
#5852=CARTESIAN_POINT('',(7.78129210501691,-9.66978959601423,0.435466850231495));
#5853=CARTESIAN_POINT('',(7.73794324331428,-9.65331554420282,0.454393395045014));
#5854=CARTESIAN_POINT('',(7.66675280581258,-9.62657598447145,0.485620239969369));
#5855=CARTESIAN_POINT('',(7.5715233850238,-9.59153873097793,0.528015481442355));
#5856=CARTESIAN_POINT('',(7.47592096444112,-9.55730497637312,0.571040600422632));
#5857=CARTESIAN_POINT('',(7.40795604370836,-9.53375838287643,0.601987547034379));
#5858=CARTESIAN_POINT('',(7.36781182731603,-9.52023256356546,0.620205283351436));
#5859=CARTESIAN_POINT('',(7.35181364207447,-9.51485225941792,0.627669031279495));
#5860=CARTESIAN_POINT('',(7.33474199065112,-9.50951867692892,0.632866016701427));
#5861=CARTESIAN_POINT('',(7.31945549233911,-9.50489562471547,0.635338359494155));
#5862=CARTESIAN_POINT('',(7.31069821229062,-9.50226682572809,0.636184638326586));
#5863=CARTESIAN_POINT('',(7.30193590637076,-9.49964679735487,0.636939298735581));
#5864=CARTESIAN_POINT('',(7.29098069276856,-9.49638847027322,0.637971406473222));
#5865=CARTESIAN_POINT('',(7.24712902983603,-9.48344708382139,0.642036850125967));
#5866=CARTESIAN_POINT('',(7.17235997701549,-9.46217142943448,0.64917470927092));
#5867=CARTESIAN_POINT('',(7.06608790246684,-9.43484852251846,0.659858199992892));
#5868=CARTESIAN_POINT('',(6.97671361052407,-9.41566191355562,0.669358898511878));
#5869=CARTESIAN_POINT('',(6.90453174549012,-9.40477805260373,0.677507335184651));
#5870=CARTESIAN_POINT('',(6.86818708430299,-9.40179176127292,0.68184478804908));
#5871=CARTESIAN_POINT('',(6.85,-9.40146552930847,0.684124241753972));
#5872=CARTESIAN_POINT('',(8.45,-9.9046765548935,0.448416946234304));
#5873=CARTESIAN_POINT('',(8.44394371338716,-9.90447402722015,0.446475629940276));
#5874=CARTESIAN_POINT('',(8.43116193697401,-9.90318577901791,0.442595056714849));
#5875=CARTESIAN_POINT('',(8.41016756381759,-9.89887541331784,0.437387867991322));
#5876=CARTESIAN_POINT('',(8.38785216383402,-9.89286488460916,0.433061666960039));
#5877=CARTESIAN_POINT('',(8.35692273351441,-9.88336531471362,0.42842252435801));
#5878=CARTESIAN_POINT('',(8.31683173679607,-9.86973136042937,0.424413421993148));
#5879=CARTESIAN_POINT('',(8.2512118094933,-9.84623213228315,0.420570454898955));
#5880=CARTESIAN_POINT('',(8.16762820048832,-9.81526864920212,0.419057875620249));
#5881=CARTESIAN_POINT('',(8.06622844596647,-9.77738900474754,0.420177408417169));
#5882=CARTESIAN_POINT('',(7.98114695438667,-9.7456784274848,0.422737855932489));
#5883=CARTESIAN_POINT('',(7.92136765698892,-9.72353941256604,0.425175474747795));
#5884=CARTESIAN_POINT('',(7.89143009498906,-9.71249491184016,0.426494403694165));
#5885=CARTESIAN_POINT('',(7.87430535561399,-9.70619240041243,0.427351577411804));
#5886=CARTESIAN_POINT('',(7.84865360737494,-9.69674800864657,0.430030725504427));
#5887=CARTESIAN_POINT('',(7.82330437544735,-9.68732891414911,0.435711291643133));
#5888=CARTESIAN_POINT('',(7.79897060637655,-9.67794116751593,0.444204534853321));
#5889=CARTESIAN_POINT('',(7.78313400520041,-9.671691432564,0.450716423482964));
#5890=CARTESIAN_POINT('',(7.73970573404735,-9.65454247192467,0.468982747705952));
#5891=CARTESIAN_POINT('',(7.66837704622988,-9.626704927094,0.499156800195312));
#5892=CARTESIAN_POINT('',(7.57294183105909,-9.59022179619795,0.540188636189886));
#5893=CARTESIAN_POINT('',(7.47711159244861,-9.55456579651086,0.581888162678147));
#5894=CARTESIAN_POINT('',(7.40896782057582,-9.5300324357676,0.61191842553128));
#5895=CARTESIAN_POINT('',(7.36871307646192,-9.51593572743041,0.629607381837787));
#5896=CARTESIAN_POINT('',(7.35266844881421,-9.51032795071877,0.636856427493938));
#5897=CARTESIAN_POINT('',(7.33557426596526,-9.50476826983209,0.641893334295931));
#5898=CARTESIAN_POINT('',(7.32027507048287,-9.4999486707108,0.644275548942874));
#5899=CARTESIAN_POINT('',(7.31151071405453,-9.49720793994391,0.645083975152353));
#5900=CARTESIAN_POINT('',(7.30274122051683,-9.49447623775041,0.645803169730729));
#5901=CARTESIAN_POINT('',(7.29177664313278,-9.49107880981651,0.646789305350882));
#5902=CARTESIAN_POINT('',(7.24788588817865,-9.4775837235402,0.650674700068698));
#5903=CARTESIAN_POINT('',(7.17303717014794,-9.45538809423348,0.657519189374308));
#5904=CARTESIAN_POINT('',(7.06660989206861,-9.42684620246133,0.667823692886165));
#5905=CARTESIAN_POINT('',(6.97705764966006,-9.40674913984781,0.677043899383755));
#5906=CARTESIAN_POINT('',(6.90469267912636,-9.39526825204061,0.685000761416368));
#5907=CARTESIAN_POINT('',(6.86824131610601,-9.39205567196289,0.689258233419428));
#5908=CARTESIAN_POINT('',(6.85,-9.39165061661619,0.691504343711687));
#5909=CARTESIAN_POINT('',(8.45,-9.90858058266336,0.467322057989081));
#5910=CARTESIAN_POINT('',(8.44405602959176,-9.90836429046471,0.465212077534561));
#5911=CARTESIAN_POINT('',(8.43146978781733,-9.90702958765068,0.460994269491339));
#5912=CARTESIAN_POINT('',(8.41068950655396,-9.90259858303156,0.455307919995793));
#5913=CARTESIAN_POINT('',(8.38853075869283,-9.89643098333936,0.450540869305445));
#5914=CARTESIAN_POINT('',(8.35775908310076,-9.88669015264543,0.445363024377435));
#5915=CARTESIAN_POINT('',(8.31780313648192,-9.87271691896502,0.440758361689394));
#5916=CARTESIAN_POINT('',(8.25233518494327,-9.84863873875725,0.436074262632312));
#5917=CARTESIAN_POINT('',(8.16887377492621,-9.81691750600147,0.433653202117665));
#5918=CARTESIAN_POINT('',(8.06757284080703,-9.77811305912096,0.433810361716704));
#5919=CARTESIAN_POINT('',(7.98254837860129,-9.74562872302243,0.435640160691906));
#5920=CARTESIAN_POINT('',(7.92279943010034,-9.72294932811501,0.437592881394881));
#5921=CARTESIAN_POINT('',(7.89287482074466,-9.71163517325338,0.438675999221355));
#5922=CARTESIAN_POINT('',(7.87575696459131,-9.70517875871616,0.439398769028919));
#5923=CARTESIAN_POINT('',(7.85011406379407,-9.69550371318699,0.441852653937224));
#5924=CARTESIAN_POINT('',(7.82476607088892,-9.68585450701054,0.447257550531964));
#5925=CARTESIAN_POINT('',(7.80041276696709,-9.67623732043832,0.455427801483601));
#5926=CARTESIAN_POINT('',(7.78455547164638,-9.66983481330139,0.461709866183908));
#5927=CARTESIAN_POINT('',(7.74106591711309,-9.65226653937784,0.479342617942172));
#5928=CARTESIAN_POINT('',(7.66963053611714,-9.62374765391009,0.508501191203647));
#5929=CARTESIAN_POINT('',(7.57403650136895,-9.58636964587866,0.548210169693785));
#5930=CARTESIAN_POINT('',(7.47803044667178,-9.54983649329636,0.588616020438851));
#5931=CARTESIAN_POINT('',(7.40974864837572,-9.52469730818405,0.617747122128409));
#5932=CARTESIAN_POINT('',(7.36940860569408,-9.51025140429242,0.634915221481843));
#5933=CARTESIAN_POINT('',(7.35332813662424,-9.50450461164378,0.641953462302353));
#5934=CARTESIAN_POINT('',(7.33621656539249,-9.49880694544493,0.646821719478377));
#5935=CARTESIAN_POINT('',(7.32090757100687,-9.49386757606808,0.649094906853824));
#5936=CARTESIAN_POINT('',(7.31213775345929,-9.4910586907096,0.649851565367476));
#5937=CARTESIAN_POINT('',(7.30336271295566,-9.48825902739394,0.650520834231061));
#5938=CARTESIAN_POINT('',(7.29239090917474,-9.48477701662465,0.651443297187355));
#5939=CARTESIAN_POINT('',(7.24846998537786,-9.47094562669519,0.655076964369152));
#5940=CARTESIAN_POINT('',(7.17355978658713,-9.44819426726449,0.661503328253234));
#5941=CARTESIAN_POINT('',(7.06701273186999,-9.41892766776673,0.671244688359014));
#5942=CARTESIAN_POINT('',(6.97732315812372,-9.39830570734562,0.680022874732839));
#5943=CARTESIAN_POINT('',(6.90481687791086,-9.38650340334129,0.687651448355177));
#5944=CARTESIAN_POINT('',(6.86828316891052,-9.38318428367556,0.6917569746158));
#5945=CARTESIAN_POINT('',(6.85,-9.38275169927826,0.693932241800771));
#5946=CARTESIAN_POINT('',(8.45,-9.90902347342134,0.480074332898485));
#5947=CARTESIAN_POINT('',(8.4441322253268,-9.90880872046176,0.477842124069976));
#5948=CARTESIAN_POINT('',(8.43167863498568,-9.90746447908509,0.473379922711696));
#5949=CARTESIAN_POINT('',(8.41104359446668,-9.90298519528776,0.46734509082666));
#5950=CARTESIAN_POINT('',(8.38899111999376,-9.89674502837436,0.462255548149743));
#5951=CARTESIAN_POINT('',(8.35832646580137,-9.88688621950526,0.456681021644374));
#5952=CARTESIAN_POINT('',(8.31846213767725,-9.87274037750711,0.4516332987261));
#5953=CARTESIAN_POINT('',(8.25309728706777,-9.84836195397251,0.446316124793982));
#5954=CARTESIAN_POINT('',(8.16971877730308,-9.81624271065963,0.443200687456444));
#5955=CARTESIAN_POINT('',(8.06848488331624,-9.7769503158998,0.442611297775147));
#5956=CARTESIAN_POINT('',(7.98349911005206,-9.74405729647016,0.443867362296224));
#5957=CARTESIAN_POINT('',(7.92377075035668,-9.72109265736189,0.445436484480376));
#5958=CARTESIAN_POINT('',(7.89385492812345,-9.70963623763889,0.446332306248336));
#5959=CARTESIAN_POINT('',(7.87674174157357,-9.70309865220723,0.446948283990445));
#5960=CARTESIAN_POINT('',(7.85110484291409,-9.69330198427034,0.449225931586363));
#5961=CARTESIAN_POINT('',(7.82575769056641,-9.68353151707571,0.454420395005012));
#5962=CARTESIAN_POINT('',(7.80139113412827,-9.67379351731194,0.462348108873244));
#5963=CARTESIAN_POINT('',(7.78551979982216,-9.66731059323023,0.468458648208643));
#5964=CARTESIAN_POINT('',(7.74198867041355,-9.64952171285822,0.485618649170063));
#5965=CARTESIAN_POINT('',(7.6704809083646,-9.62064504060255,0.514018063743075));
#5966=CARTESIAN_POINT('',(7.57477912981858,-9.58279903488548,0.552735939045377));
#5967=CARTESIAN_POINT('',(7.47865380082786,-9.54580970077768,0.592170483619036));
#5968=CARTESIAN_POINT('',(7.41027836488784,-9.5203577152615,0.620625240218848));
#5969=CARTESIAN_POINT('',(7.36988045533748,-9.50573259227994,0.637400958388902));
#5970=CARTESIAN_POINT('',(7.35377567131225,-9.49991455351852,0.6442805764691));
#5971=CARTESIAN_POINT('',(7.33665230373629,-9.49414632829009,0.649018809157384));
#5972=CARTESIAN_POINT('',(7.32133666173793,-9.48914586435744,0.651204371567806));
#5973=CARTESIAN_POINT('',(7.31256313934655,-9.48630225819384,0.651918104708145));
#5974=CARTESIAN_POINT('',(7.30378433576039,-9.48346800305268,0.652545697805274));
#5975=CARTESIAN_POINT('',(7.2928076295647,-9.47994299821305,0.653415207519723));
#5976=CARTESIAN_POINT('',(7.24886623911157,-9.46594098379454,0.656839071925486));
#5977=CARTESIAN_POINT('',(7.17391433154233,-9.44291022012335,0.662915427173933));
#5978=CARTESIAN_POINT('',(7.06728601990424,-9.41328906921316,0.672181076989589));
#5979=CARTESIAN_POINT('',(6.97750328006267,-9.39242433281307,0.680581335510993));
#5980=CARTESIAN_POINT('',(6.90490113483272,-9.38049347605817,0.687924749250561));
#5981=CARTESIAN_POINT('',(6.86831156201028,-9.37714619235752,0.69189597105271));
#5982=CARTESIAN_POINT('',(6.85,-9.37671668643836,0.694007566059562));
#5983=CARTESIAN_POINT('',(8.45,-9.90899181820147,0.488586428742512));
#5984=CARTESIAN_POINT('',(8.44418337402092,-9.90877981137836,0.486272099281878));
#5985=CARTESIAN_POINT('',(8.43181882997066,-9.9074326509141,0.481645699240613));
#5986=CARTESIAN_POINT('',(8.41128128669874,-9.90292634092924,0.475376724594495));
#5987=CARTESIAN_POINT('',(8.38930015145528,-9.89664295579966,0.470070486001363));
#5988=CARTESIAN_POINT('',(8.35870733861769,-9.88671237472214,0.464229390435337));
#5989=CARTESIAN_POINT('',(8.31890451218207,-9.87246006039762,0.458883894246065));
#5990=CARTESIAN_POINT('',(8.25360887119288,-9.84789523446186,0.453141180553386));
#5991=CARTESIAN_POINT('',(8.17028601073254,-9.81552785054849,0.449558910395965));
#5992=CARTESIAN_POINT('',(8.06909711946429,-9.77593079692754,0.448467523282305));
#5993=CARTESIAN_POINT('',(7.98413731732351,-9.74278252171473,0.449337739826199));
#5994=CARTESIAN_POINT('',(7.92442277848724,-9.71963975964553,0.45064886194265));
#5995=CARTESIAN_POINT('',(7.894512854876,-9.70809451660143,0.451418706586703));
#5996=CARTESIAN_POINT('',(7.87740280293883,-9.70150625719432,0.451962854650751));
#5997=CARTESIAN_POINT('',(7.85176993339604,-9.69163366758356,0.454121984208624));
#5998=CARTESIAN_POINT('',(7.82642334529802,-9.68178751964142,0.459174974580375));
#5999=CARTESIAN_POINT('',(7.80204789270706,-9.67197413768124,0.46693966468192));
#6000=CARTESIAN_POINT('',(7.78616713430694,-9.66544104225719,0.472934920152084));
#6001=CARTESIAN_POINT('',(7.74260809650452,-9.64751455079352,0.489777181583032));
#6002=CARTESIAN_POINT('',(7.67105174648227,-9.6184148338064,0.517666347682905));
#6003=CARTESIAN_POINT('',(7.57527764164982,-9.58027746935732,0.555718061338123));
#6004=CARTESIAN_POINT('',(7.47907224617832,-9.54300465395761,0.594499733611367));
#6005=CARTESIAN_POINT('',(7.41063395313474,-9.51735875464411,0.62249986844121));
#6006=CARTESIAN_POINT('',(7.37019719869673,-9.50262275215473,0.639011833184867));
#6007=CARTESIAN_POINT('',(7.35407609252151,-9.49676065593897,0.645784828677239));
#6008=CARTESIAN_POINT('',(7.33694480629235,-9.49094883131168,0.650435636220599));
#6009=CARTESIAN_POINT('',(7.32162470188266,-9.48591064763507,0.652562253233293));
#6010=CARTESIAN_POINT('',(7.3128486925027,-9.48304561424514,0.653247100281753));
#6011=CARTESIAN_POINT('',(7.30406736283346,-9.48019001786407,0.653846646123437));
#6012=CARTESIAN_POINT('',(7.29308736574343,-9.47663850028226,0.654680520451794));
#6013=CARTESIAN_POINT('',(7.24913223642764,-9.46253133608983,0.657963192714982));
#6014=CARTESIAN_POINT('',(7.17415233057802,-9.43932892273024,0.663803989418712));
#6015=CARTESIAN_POINT('',(7.06746947277153,-9.40949204393685,0.672749450674331));
#6016=CARTESIAN_POINT('',(6.97762419236771,-9.38848265665501,0.680895302328344));
#6017=CARTESIAN_POINT('',(6.90495769484256,-9.37647985788313,0.688046724779669));
#6018=CARTESIAN_POINT('',(6.86833062173816,-9.37312067806757,0.691927506106157));
#6019=CARTESIAN_POINT('',(6.85,-9.37269666442136,0.693996216964855));
#6020=CARTESIAN_POINT('',(8.45,-9.9090062445135,0.503470939768357));
#6021=CARTESIAN_POINT('',(8.44427380702133,-9.90879867257335,0.501012415540406));
#6022=CARTESIAN_POINT('',(8.43206670048536,-9.90744566199409,0.496097701249941));
#6023=CARTESIAN_POINT('',(8.41170153636676,-9.90289094361345,0.489417746236954));
#6024=CARTESIAN_POINT('',(8.38984653182282,-9.89653081403793,0.483731374018133));
#6025=CARTESIAN_POINT('',(8.35938073746305,-9.88647314817222,0.477422964947121));
#6026=CARTESIAN_POINT('',(8.31968664854885,-9.8720326529972,0.471555982818907));
#6027=CARTESIAN_POINT('',(8.25451337302231,-9.84713865601246,0.465068880455113));
#6028=CARTESIAN_POINT('',(8.17128890282689,-9.81433331748958,0.460671209588282));
#6029=CARTESIAN_POINT('',(8.0701795782209,-9.77419866059124,0.458704245073663));
#6030=CARTESIAN_POINT('',(7.98526569409726,-9.74059997919921,0.458902245449622));
#6031=CARTESIAN_POINT('',(7.92557559110982,-9.71714290595731,0.459764198084087));
#6032=CARTESIAN_POINT('',(7.89567609650551,-9.70544092410575,0.460314802616585));
#6033=CARTESIAN_POINT('',(7.87857158669287,-9.69876324352988,0.46073394864117));
#6034=CARTESIAN_POINT('',(7.85294584079455,-9.68875667842223,0.462686527110535));
#6035=CARTESIAN_POINT('',(7.82760025031317,-9.67877697660436,0.467492380991524));
#6036=CARTESIAN_POINT('',(7.80320906895718,-9.66883056323284,0.474971832041033));
#6037=CARTESIAN_POINT('',(7.78731164837025,-9.66220892624795,0.480765256676882));
#6038=CARTESIAN_POINT('',(7.7437032673767,-9.64403957566664,0.497051229947139));
#6039=CARTESIAN_POINT('',(7.67206101181404,-9.61454619269664,0.524047236775613));
#6040=CARTESIAN_POINT('',(7.57615903112465,-9.57589450019616,0.560933123928583));
#6041=CARTESIAN_POINT('',(7.4798120748134,-9.53812114226518,0.598572465812503));
#6042=CARTESIAN_POINT('',(7.41126264781868,-9.51213274153152,0.625777292727689));
#6043=CARTESIAN_POINT('',(7.37075721401745,-9.49720084562409,0.641827920020538));
#6044=CARTESIAN_POINT('',(7.35460724960798,-9.4912609071515,0.648414398174223));
#6045=CARTESIAN_POINT('',(7.33746196287342,-9.48537204186447,0.652912630249594));
#6046=CARTESIAN_POINT('',(7.32213396873648,-9.48026719963816,0.654936775687588));
#6047=CARTESIAN_POINT('',(7.31335356225817,-9.4773642977463,0.655571548831125));
#6048=CARTESIAN_POINT('',(7.30456776636988,-9.47447098333952,0.656122503865295));
#6049=CARTESIAN_POINT('',(7.29358195084293,-9.47087260488903,0.656894620732411));
#6050=CARTESIAN_POINT('',(7.2496025306514,-9.45657957431291,0.659932648948664));
#6051=CARTESIAN_POINT('',(7.17457312268749,-9.43307362172376,0.665365450553515));
#6052=CARTESIAN_POINT('',(7.06779382500596,-9.40285476886436,0.673756779991716));
#6053=CARTESIAN_POINT('',(6.9778379703091,-9.38158853398079,0.681462808780162));
#6054=CARTESIAN_POINT('',(6.90505769527232,-9.36945686983225,0.688282765890294));
#6055=CARTESIAN_POINT('',(6.868364320123,-9.36607538839213,0.692007636313102));
#6056=CARTESIAN_POINT('',(6.85,-9.36566024451184,0.694002522022844));
#6057=CARTESIAN_POINT('',(8.45,-9.90899583699107,0.533248064665154));
#6058=CARTESIAN_POINT('',(8.44445836416504,-9.90879734378469,0.530498298513218));
#6059=CARTESIAN_POINT('',(8.4325725586786,-9.90743305091111,0.525001254018527));
#6060=CARTESIAN_POINT('',(8.41255918875049,-9.90278214264244,0.517491662897018));
#6061=CARTESIAN_POINT('',(8.39096159379738,-9.89626915107862,0.511038607102699));
#6062=CARTESIAN_POINT('',(8.36075502082091,-9.88595815150792,0.503788629446529));
#6063=CARTESIAN_POINT('',(8.32128284521573,-9.87114233947116,0.496872555856846));
#6064=CARTESIAN_POINT('',(8.25635929512319,-9.84559167213127,0.488890557830608));
#6065=CARTESIAN_POINT('',(8.1733356213868,-9.81191251406783,0.482859134996914));
#6066=CARTESIAN_POINT('',(8.07238867772417,-9.77070515822891,0.479141675163551));
#6067=CARTESIAN_POINT('',(7.98756850383961,-9.73620775415694,0.477998136922596));
#6068=CARTESIAN_POINT('',(7.9279282699314,-9.71212352134458,0.47796464892434));
#6069=CARTESIAN_POINT('',(7.89805005901471,-9.70010879326558,0.478078440547494));
#6070=CARTESIAN_POINT('',(7.88095685966029,-9.69325268828788,0.478248546591804));
#6071=CARTESIAN_POINT('',(7.8553456518119,-9.68297879909001,0.479788691561546));
#6072=CARTESIAN_POINT('',(7.83000209728289,-9.6727326164242,0.484099284591378));
#6073=CARTESIAN_POINT('',(7.80557881640642,-9.66252076713355,0.491005714460597));
#6074=CARTESIAN_POINT('',(7.78964739135657,-9.65572246496269,0.496393305657292));
#6075=CARTESIAN_POINT('',(7.74593830997299,-9.63706854546924,0.511560679079414));
#6076=CARTESIAN_POINT('',(7.6741207369809,-9.60678971124416,0.536761209886832));
#6077=CARTESIAN_POINT('',(7.57795778515492,-9.56711187025505,0.57130425661639));
#6078=CARTESIAN_POINT('',(7.48132192917072,-9.52833993487575,0.606648709327763));
#6079=CARTESIAN_POINT('',(7.41254569819409,-9.50166830752847,0.632256240312626));
#6080=CARTESIAN_POINT('',(7.3719001024271,-9.48634566962421,0.647380528160609));
#6081=CARTESIAN_POINT('',(7.35569124366201,-9.48025046457366,0.653592424907033));
#6082=CARTESIAN_POINT('',(7.33851738446744,-9.47420793590283,0.657785344699016));
#6083=CARTESIAN_POINT('',(7.32317328884633,-9.46897014227085,0.659605672419233));
#6084=CARTESIAN_POINT('',(7.31438390869791,-9.46599171234298,0.660141287031426));
#6085=CARTESIAN_POINT('',(7.30558899807686,-9.46302317085264,0.660596110263658));
#6086=CARTESIAN_POINT('',(7.29459130818887,-9.45933133187462,0.661245982884783));
#6087=CARTESIAN_POINT('',(7.25056231478154,-9.44466761337036,0.663799903092646));
#6088=CARTESIAN_POINT('',(7.17543188209459,-9.42055635854881,0.668425843085092));
#6089=CARTESIAN_POINT('',(7.06845576834154,-9.38957606517158,0.675722688599532));
#6090=CARTESIAN_POINT('',(6.97827425182214,-9.36779822476303,0.682561450816711));
#6091=CARTESIAN_POINT('',(6.90526177778205,-9.35541050160396,0.688729212937709));
#6092=CARTESIAN_POINT('',(6.86843309233698,-9.35198525278611,0.692148030288227));
#6093=CARTESIAN_POINT('',(6.85,-9.35158826637336,0.693998318651382));
#6094=CARTESIAN_POINT('',(8.45,-9.90900555067858,0.626825332773032));
#6095=CARTESIAN_POINT('',(8.44506160237189,-9.90883536516509,0.623143252077688));
#6096=CARTESIAN_POINT('',(8.43422599231595,-9.90743516271146,0.615782080691734));
#6097=CARTESIAN_POINT('',(8.41536248682758,-9.90248126695496,0.605619656154197));
#6098=CARTESIAN_POINT('',(8.39460625350854,-9.89548717558811,0.596719531794649));
#6099=CARTESIAN_POINT('',(8.3652469641392,-9.88437908249157,0.586470491915518));
#6100=CARTESIAN_POINT('',(8.32650012803549,-9.8683825758231,0.576223540389584));
#6101=CARTESIAN_POINT('',(8.2623928233615,-9.84076628360385,0.563512413017445));
#6102=CARTESIAN_POINT('',(8.18002546719404,-9.80433858085186,0.552337260064816));
#6103=CARTESIAN_POINT('',(8.07960927724344,-9.75975717984069,0.543133747104349));
#6104=CARTESIAN_POINT('',(7.99509540196889,-9.72243296407066,0.537801598951148));
#6105=CARTESIAN_POINT('',(7.93561816870825,-9.69637608002982,0.534978712701728));
#6106=CARTESIAN_POINT('',(7.90580952504477,-9.68337764608961,0.533733456838229));
#6107=CARTESIAN_POINT('',(7.88875329473096,-9.67596032776538,0.53312881889471));
#6108=CARTESIAN_POINT('',(7.86318960553719,-9.66484560072992,0.533379786975797));
#6109=CARTESIAN_POINT('',(7.83785270566388,-9.65376123041656,0.536130476002242));
#6110=CARTESIAN_POINT('',(7.81332450521192,-9.64271447754031,0.541222836677996));
#6111=CARTESIAN_POINT('',(7.79728193414617,-9.63536049098706,0.545323193266981));
#6112=CARTESIAN_POINT('',(7.75324370634485,-9.61518240053975,0.556942310870211));
#6113=CARTESIAN_POINT('',(7.68085309581203,-9.58243297599368,0.576450874447714));
#6114=CARTESIAN_POINT('',(7.58383714118527,-9.53952739125273,0.603571745765193));
#6115=CARTESIAN_POINT('',(7.48625699598435,-9.49761436396253,0.631650755153033));
#6116=CARTESIAN_POINT('',(7.41673943999254,-9.4687935364741,0.652204269446196));
#6117=CARTESIAN_POINT('',(7.37563571482891,-9.45224172494211,0.664398903092191));
#6118=CARTESIAN_POINT('',(7.35923435565573,-9.44565808827719,0.669425714729433));
#6119=CARTESIAN_POINT('',(7.34196710533474,-9.43913216660222,0.672659960491411));
#6120=CARTESIAN_POINT('',(7.3265703808625,-9.4334761311221,0.673848448796893));
#6121=CARTESIAN_POINT('',(7.31775166963237,-9.43026010189636,0.674079587154769));
#6122=CARTESIAN_POINT('',(7.30892696685624,-9.42705490695868,0.674239827213943));
#6123=CARTESIAN_POINT('',(7.297890464771,-9.42306905305616,0.674514673895482));
#6124=CARTESIAN_POINT('',(7.25369943776688,-9.40723918799721,0.675584404939439));
#6125=CARTESIAN_POINT('',(7.17823879855664,-9.38122363823263,0.677739919267889));
#6126=CARTESIAN_POINT('',(7.07061937741555,-9.34784754044035,0.681694931757684));
#6127=CARTESIAN_POINT('',(6.97970026911046,-9.32445954224937,0.685895276120391));
#6128=CARTESIAN_POINT('',(6.90592883604241,-9.31126525843695,0.690088336239106));
#6129=CARTESIAN_POINT('',(6.86865787923065,-9.30770155312178,0.692585319214444));
#6130=CARTESIAN_POINT('',(6.85,-9.3073611820948,0.694002241798164));
#6131=CARTESIAN_POINT('',(8.45,-9.90899555945713,0.848014168754976));
#6132=CARTESIAN_POINT('',(8.44667023759016,-9.90889245829155,0.841993499530744));
#6133=CARTESIAN_POINT('',(8.43863514868222,-9.90740772916,0.829956490275147));
#6134=CARTESIAN_POINT('',(8.42283794836648,-9.90173820692648,0.813162594055456));
#6135=CARTESIAN_POINT('',(8.40432534607162,-9.89360749633762,0.798179704282548));
#6136=CARTESIAN_POINT('',(8.37722547965463,-9.88061606502079,0.780523499489641));
#6137=CARTESIAN_POINT('',(8.34041288222151,-9.86182970186472,0.762132124734684));
#6138=CARTESIAN_POINT('',(8.278482231997,-9.82933242561218,0.737990654468378));
#6139=CARTESIAN_POINT('',(8.19786505601333,-9.78640991524378,0.714574723733879));
#6140=CARTESIAN_POINT('',(8.09886420929482,-9.7338556014387,0.692512738810155));
#6141=CARTESIAN_POINT('',(8.01516713031362,-9.68985158330251,0.677486800092924));
#6142=CARTESIAN_POINT('',(7.9561245654465,-9.65913329587481,0.668258603615103));
#6143=CARTESIAN_POINT('',(7.92650143445829,-9.64381035238471,0.663905763674551));
#6144=CARTESIAN_POINT('',(7.90954378825275,-9.63506688029815,0.661530308937211));
#6145=CARTESIAN_POINT('',(7.88410681547129,-9.62196524414082,0.658786222742472));
#6146=CARTESIAN_POINT('',(7.85878766134654,-9.60890022879108,0.657819918520474));
#6147=CARTESIAN_POINT('',(7.83397967535993,-9.59588059320676,0.658517512107578));
#6148=CARTESIAN_POINT('',(7.81764071491844,-9.58721352135186,0.659480410249725));
#6149=CARTESIAN_POINT('',(7.77272476333648,-9.56343380891966,0.662449222063656));
#6150=CARTESIAN_POINT('',(7.69880605269502,-9.52484638455214,0.668107458643147));
#6151=CARTESIAN_POINT('',(7.59951542393288,-9.47431369037465,0.677206865237437));
#6152=CARTESIAN_POINT('',(7.49941717415403,-9.42497836709011,0.687682362138204));
#6153=CARTESIAN_POINT('',(7.42792275145509,-9.39107910166836,0.696012959075166));
#6154=CARTESIAN_POINT('',(7.38559734790041,-9.37162284693089,0.701133099450176));
#6155=CARTESIAN_POINT('',(7.36868265430565,-9.36388508605239,0.703294851303322));
#6156=CARTESIAN_POINT('',(7.35116636098089,-9.35621694960622,0.704267800159011));
#6157=CARTESIAN_POINT('',(7.33562929290564,-9.34957264918241,0.704029654635544));
#6158=CARTESIAN_POINT('',(7.32673236545758,-9.34579519687189,0.703596439902104));
#6159=CARTESIAN_POINT('',(7.31782821693458,-9.3420308144962,0.703118708419985));
#6160=CARTESIAN_POINT('',(7.30668821565669,-9.3373502352962,0.702577965412874));
#6161=CARTESIAN_POINT('',(7.26206509906114,-9.31876490011352,0.700427776620727));
#6162=CARTESIAN_POINT('',(7.18572390912211,-9.28824977924752,0.697249949666853));
#6163=CARTESIAN_POINT('',(7.07638900161292,-9.24921297408746,0.694064410466615));
#6164=CARTESIAN_POINT('',(6.98350298187935,-9.22202090096726,0.692704809752688));
#6165=CARTESIAN_POINT('',(6.90770765807003,-9.20692160311026,0.692812666560219));
#6166=CARTESIAN_POINT('',(6.86925731094712,-9.20303133800588,0.693441758882524));
#6167=CARTESIAN_POINT('',(6.85,-9.20282513567473,0.693998206561476));
#6168=CARTESIAN_POINT('',(8.45,-9.909,1.05218587245909));
#6169=CARTESIAN_POINT('',(8.4485601027417,-9.90895875007341,1.04370783849159));
#6170=CARTESIAN_POINT('',(8.44381513658104,-9.90739585076716,1.02675767306139));
#6171=CARTESIAN_POINT('',(8.43162030877582,-9.90106553192377,1.00304316076546));
#6172=CARTESIAN_POINT('',(8.41574358069118,-9.89188541603735,0.981784288854478));
#6173=CARTESIAN_POINT('',(8.39129814123919,-9.87715522757316,0.956586231982908));
#6174=CARTESIAN_POINT('',(8.35675793609041,-9.85579324840236,0.930076923454217));
#6175=CARTESIAN_POINT('',(8.29738447431004,-9.81878986623107,0.894827342071208));
#6176=CARTESIAN_POINT('',(8.21882345406676,-9.76987142108748,0.859931316779436));
#6177=CARTESIAN_POINT('',(8.12148538820833,-9.70995662217909,0.826243690491863));
#6178=CARTESIAN_POINT('',(8.03874790207527,-9.65978590488331,0.802729921920836));
#6179=CARTESIAN_POINT('',(7.98021599657955,-9.6247642741388,0.788007081272341));
#6180=CARTESIAN_POINT('',(7.95081081055249,-9.6072953748151,0.78101861109429));
#6181=CARTESIAN_POINT('',(7.93396898343918,-9.59732761524515,0.777142892075627));
#6182=CARTESIAN_POINT('',(7.90868088028897,-9.58239169080577,0.771750344519773));
#6183=CARTESIAN_POINT('',(7.88338257431638,-9.56749816940675,0.767287426856941));
#6184=CARTESIAN_POINT('',(7.8582458892401,-9.55265719299928,0.763692141232898));
#6185=CARTESIAN_POINT('',(7.84155872309844,-9.54277789685546,0.761549210074794));
#6186=CARTESIAN_POINT('',(7.79561159952244,-9.51567321002383,0.755950798514691));
#6187=CARTESIAN_POINT('',(7.71989763840371,-9.47169620777402,0.747947933663634));
#6188=CARTESIAN_POINT('',(7.6179346652028,-9.41412223159229,0.739356085022269));
#6189=CARTESIAN_POINT('',(7.51487808277295,-9.35793468486556,0.732631347496243));
#6190=CARTESIAN_POINT('',(7.44106118729919,-9.31934701199933,0.729067730852596));
#6191=CARTESIAN_POINT('',(7.39730052521517,-9.29720936889217,0.727326918103875));
#6192=CARTESIAN_POINT('',(7.37978275341885,-9.28840611703682,0.726702861463349));
#6193=CARTESIAN_POINT('',(7.36197387810363,-9.27968348294521,0.725599317653836));
#6194=CARTESIAN_POINT('',(7.34627193083043,-9.2721268106027,0.724192745677418));
#6195=CARTESIAN_POINT('',(7.33728311300048,-9.26783104882408,0.723269100141356));
#6196=CARTESIAN_POINT('',(7.32828562961402,-9.2635504206542,0.722331931565736));
#6197=CARTESIAN_POINT('',(7.31702403487903,-9.25822846559616,0.72119559817761));
#6198=CARTESIAN_POINT('',(7.2718932885537,-9.23709925565771,0.716712906171244));
#6199=CARTESIAN_POINT('',(7.19451760545076,-9.20243006596129,0.709734913052224));
#6200=CARTESIAN_POINT('',(7.08316730136925,-9.15816711916818,0.701641289172764));
#6201=CARTESIAN_POINT('',(6.98797050457285,-9.12746286452249,0.696650404352472));
#6202=CARTESIAN_POINT('',(6.90979746296962,-9.11060450996709,0.694279404937991));
#6203=CARTESIAN_POINT('',(6.86996153841821,-9.10641251395943,0.693874324033416));
#6204=CARTESIAN_POINT('',(6.85,-9.10633001410627,0.694));
#6205=CARTESIAN_POINT('',(8.45,-9.909,1.18830091830576));
#6206=CARTESIAN_POINT('',(8.45,-9.909,1.17805187196479));
#6207=CARTESIAN_POINT('',(8.44776179402777,-9.90738501877844,1.15756088050151));
#6208=CARTESIAN_POINT('',(8.43831163099246,-9.90061421616355,1.12887731444025));
#6209=CARTESIAN_POINT('',(8.42444318802038,-9.89073454404717,1.10314053843111));
#6210=CARTESIAN_POINT('',(8.40202016911314,-9.87484524722041,1.07260137065186));
#6211=CARTESIAN_POINT('',(8.36921131046672,-9.8517662695427,1.04041329735492));
#6212=CARTESIAN_POINT('',(8.31178618273901,-9.8117589428969,0.99751051742559));
#6213=CARTESIAN_POINT('',(8.23479175734556,-9.75884336557569,0.954880408685095));
#6214=CARTESIAN_POINT('',(8.13872057214244,-9.6940217658054,0.913550337196105));
#6215=CARTESIAN_POINT('',(8.05671420436986,-9.63974007340907,0.884582305902813));
#6216=CARTESIAN_POINT('',(7.99857137268092,-9.60184965749076,0.866381928378815));
#6217=CARTESIAN_POINT('',(7.96933223995759,-9.58295017613004,0.857739788313747));
#6218=CARTESIAN_POINT('',(7.95257865596218,-9.57216625643899,0.852923541847345));
#6219=CARTESIAN_POINT('',(7.92740397729292,-9.55600752044666,0.845816915547209));
#6220=CARTESIAN_POINT('',(7.90212155562673,-9.53989504231654,0.838993708031741));
#6221=CARTESIAN_POINT('',(7.87673443314881,-9.52383988599538,0.832431453872916));
#6222=CARTESIAN_POINT('',(7.85978196742607,-9.51315247186012,0.828124707633604));
#6223=CARTESIAN_POINT('',(7.81304918899747,-9.48383122214872,0.816555848182391));
#6224=CARTESIAN_POINT('',(7.73596741799129,-9.43626130988264,0.799055914833958));
#6225=CARTESIAN_POINT('',(7.63196837283701,-9.37399333490506,0.77820020089837));
#6226=CARTESIAN_POINT('',(7.52665782267307,-9.31323782842388,0.75958570917059));
#6227=CARTESIAN_POINT('',(7.4510714241328,-9.27152468461628,0.747820591533106));
#6228=CARTESIAN_POINT('',(7.4062172317407,-9.24759952809892,0.741358713559));
#6229=CARTESIAN_POINT('',(7.3882399717908,-9.23808598046016,0.738814667213706));
#6230=CARTESIAN_POINT('',(7.37020817686381,-9.22866037947275,0.736331564806832));
#6231=CARTESIAN_POINT('',(7.35438060734456,-9.22049548677712,0.734211977822751));
#6232=CARTESIAN_POINT('',(7.34532177779508,-9.21585420112035,0.733015936248946));
#6233=CARTESIAN_POINT('',(7.33625318213169,-9.21122942485494,0.73182998589015));
#6234=CARTESIAN_POINT('',(7.32489894476272,-9.2054799056006,0.73036645126228));
#6235=CARTESIAN_POINT('',(7.27938143292897,-9.18265485799454,0.724612941580632));
#6236=CARTESIAN_POINT('',(7.20121756455831,-9.14521642309947,0.715600340736703));
#6237=CARTESIAN_POINT('',(7.08833172023122,-9.09746957109131,0.704982410082207));
#6238=CARTESIAN_POINT('',(6.99137433138695,-9.0644240197678,0.698237487871027));
#6239=CARTESIAN_POINT('',(6.91138969527406,-9.04639308688479,0.694787960306181));
#6240=CARTESIAN_POINT('',(6.8704980926819,-9.0420000000106,0.694000000000045));
#6241=CARTESIAN_POINT('',(6.85,-9.0420000000106,0.694));
#6242=CARTESIAN_POINT('',(8.45,-7.79,1.18830091830554));
#6243=CARTESIAN_POINT('',(8.45,-7.917,1.18830091830558));
#6244=CARTESIAN_POINT('',(8.45,-8.044,1.18830091830562));
#6245=CARTESIAN_POINT('',(8.45,-8.171,1.18830091830565));
#6246=CARTESIAN_POINT('',(8.45,-7.79,1.17822099275667));
#6247=CARTESIAN_POINT('',(8.45,-7.917,1.17816461915932));
#6248=CARTESIAN_POINT('',(8.45,-8.044,1.17810824556198));
#6249=CARTESIAN_POINT('',(8.45,-8.171,1.17805187196463));
#6250=CARTESIAN_POINT('',(8.44780977004268,-7.79175972060451,1.15801689809348));
#6251=CARTESIAN_POINT('',(8.4477937780377,-7.91871147414353,1.1578648922294));
#6252=CARTESIAN_POINT('',(8.44777778603272,-8.04566322768255,1.15771288636533));
#6253=CARTESIAN_POINT('',(8.44776179402775,-8.17261498122157,1.15756088050125));
#6254=CARTESIAN_POINT('',(8.43729696739781,-7.80012513889052,1.13052638100488));
#6255=CARTESIAN_POINT('',(8.43763518859599,-7.92654535387253,1.12997669214989));
#6256=CARTESIAN_POINT('',(8.43797340979417,-8.05296556885453,1.12942700329489));
#6257=CARTESIAN_POINT('',(8.43831163099236,-8.17938578383652,1.12887731443989));
#6258=CARTESIAN_POINT('',(8.42136422235817,-7.81270201404979,1.10782879990764));
#6259=CARTESIAN_POINT('',(8.42239054424549,-7.93822316135086,1.10626604608196));
#6260=CARTESIAN_POINT('',(8.4234168661328,-8.06374430865193,1.10470329225628));
#6261=CARTESIAN_POINT('',(8.42444318802012,-8.189265455953,1.10314053843059));
#6262=CARTESIAN_POINT('',(8.39587479811299,-7.83267436721173,1.08356586624673));
#6263=CARTESIAN_POINT('',(8.39792325511297,-7.9568344957344,1.07991103438166));
#6264=CARTESIAN_POINT('',(8.39997171211295,-8.08099462425707,1.07625620251659));
#6265=CARTESIAN_POINT('',(8.40202016911293,-8.20515475277974,1.07260137065152));
#6266=CARTESIAN_POINT('',(8.3596705570552,-7.86075674921259,1.06194022626102));
#6267=CARTESIAN_POINT('',(8.36285080819212,-7.98324907629434,1.05476458329204));
#6268=CARTESIAN_POINT('',(8.36603105932904,-8.10574140337608,1.04758894032306));
#6269=CARTESIAN_POINT('',(8.36921131046595,-8.22823373045783,1.04041329735408));
#6270=CARTESIAN_POINT('',(8.31374396782498,-7.89592632983547,1.04405287019721));
#6271=CARTESIAN_POINT('',(8.31787680010629,-8.016697295038,1.03211398426696));
#6272=CARTESIAN_POINT('',(8.32200963238761,-8.13746826024052,1.02017509833671));
#6273=CARTESIAN_POINT('',(8.32614246466892,-8.25823922544305,1.00823621240646));
#6274=CARTESIAN_POINT('',(8.26656414157253,-7.93162237494655,1.03129912906682));
#6275=CARTESIAN_POINT('',(8.2713722319081,-8.0508840126421,1.01435224402052));
#6276=CARTESIAN_POINT('',(8.27618032224368,-8.17014565033766,0.997405358974214));
#6277=CARTESIAN_POINT('',(8.28098841257926,-8.28940728803322,0.98045847392791));
#6278=CARTESIAN_POINT('',(8.20271321198183,-7.97936303852611,1.019018587229));
#6279=CARTESIAN_POINT('',(8.20806877236877,-8.09689543714663,0.995343079297914));
#6280=CARTESIAN_POINT('',(8.21342433275571,-8.21442783576713,0.971667571366824));
#6281=CARTESIAN_POINT('',(8.21877989314266,-8.33196023438764,0.947992063435733));
#6282=CARTESIAN_POINT('',(8.12174888189948,-8.03883838830013,1.01006253045127));
#6283=CARTESIAN_POINT('',(8.12740611197951,-8.15455167026559,0.977891799365816));
#6284=CARTESIAN_POINT('',(8.13306334205953,-8.27026495223106,0.945721068280359));
#6285=CARTESIAN_POINT('',(8.13872057213956,-8.38597823419653,0.9135503371949));
#6286=CARTESIAN_POINT('',(8.02348857952253,-8.10927216805807,1.0054611145964));
#6287=CARTESIAN_POINT('',(8.02909669661899,-8.2232202003962,0.963236976278584));
#6288=CARTESIAN_POINT('',(8.03470481371544,-8.33716823273432,0.92101283796077));
#6289=CARTESIAN_POINT('',(8.0403129308119,-8.45111626507245,0.878788699642956));
#6290=CARTESIAN_POINT('',(7.89123140143251,-8.20160455275993,1.00494786395616));
#6291=CARTESIAN_POINT('',(7.89643842060552,-8.31361689597442,0.949555409009636));
#6292=CARTESIAN_POINT('',(7.90164543977853,-8.4256292391889,0.894162954063109));
#6293=CARTESIAN_POINT('',(7.90685245895155,-8.53764158240339,0.838770499116582));
#6294=CARTESIAN_POINT('',(7.72366628805464,-8.31359642762885,1.01179394031791));
#6295=CARTESIAN_POINT('',(7.72797055644574,-8.4238369442441,0.940468343401506));
#6296=CARTESIAN_POINT('',(7.73227482483685,-8.53407746085933,0.869142746485105));
#6297=CARTESIAN_POINT('',(7.73657909322795,-8.64431797747458,0.797817149568704));
#6298=CARTESIAN_POINT('',(7.55255723773692,-8.41955358139712,1.02423274844454));
#6299=CARTESIAN_POINT('',(7.55578078934648,-8.52874653988075,0.937862577335097));
#6300=CARTESIAN_POINT('',(7.55900434095604,-8.63793949836438,0.851492406225653));
#6301=CARTESIAN_POINT('',(7.5622278925656,-8.74713245684801,0.765122235116209));
#6302=CARTESIAN_POINT('',(7.41278266115716,-8.4992064513221,1.03604019448173));
#6303=CARTESIAN_POINT('',(7.41517097842776,-8.60802140613982,0.938352173430936));
#6304=CARTESIAN_POINT('',(7.41755929569835,-8.71683636095754,0.840664152380142));
#6305=CARTESIAN_POINT('',(7.41994761296894,-8.82565131577526,0.742976131329348));
#6306=CARTESIAN_POINT('',(7.30614849737455,-8.55554369737637,1.04544715863886));
#6307=CARTESIAN_POINT('',(7.30795451665081,-8.66433890354096,0.93973944326487));
#6308=CARTESIAN_POINT('',(7.30976053592707,-8.77313410970554,0.834031727890877));
#6309=CARTESIAN_POINT('',(7.31156655520333,-8.88192931587013,0.728324012516885));
#6310=CARTESIAN_POINT('',(7.19732671684352,-8.60755556189291,1.05501586266779));
#6311=CARTESIAN_POINT('',(7.19862366608195,-8.71663156689538,0.941877355357442));
#6312=CARTESIAN_POINT('',(7.19992061532037,-8.82570757189785,0.828738848047091));
#6313=CARTESIAN_POINT('',(7.2012175645588,-8.93478357690033,0.71560034073674));
#6314=CARTESIAN_POINT('',(7.08569051363024,-8.65336386620888,1.06417130244946));
#6315=CARTESIAN_POINT('',(7.08657091583089,-8.76308605377535,0.944441671660406));
#6316=CARTESIAN_POINT('',(7.08745131803154,-8.87280824134183,0.824712040871349));
#6317=CARTESIAN_POINT('',(7.08833172023218,-8.98253042890831,0.704982410082291));
#6318=CARTESIAN_POINT('',(6.98957836918255,-8.68364780566557,1.07070094111924));
#6319=CARTESIAN_POINT('',(6.99017702325092,-8.79429053052105,0.946546456703185));
#6320=CARTESIAN_POINT('',(6.99077567731929,-8.90493325537653,0.822391972287127));
#6321=CARTESIAN_POINT('',(6.99137433138766,-9.015575980232,0.698237487871068));
#6322=CARTESIAN_POINT('',(6.91042760916502,-8.69911501487899,1.07420087777176));
#6323=CARTESIAN_POINT('',(6.9107483045348,-8.81061231429105,0.947729905283236));
#6324=CARTESIAN_POINT('',(6.91106899990457,-8.92210961370311,0.821258932794713));
#6325=CARTESIAN_POINT('',(6.91138969527435,-9.03360691311516,0.694787960306191));
#6326=CARTESIAN_POINT('',(6.87015985109771,-8.70249999999199,1.07500000000004));
#6327=CARTESIAN_POINT('',(6.87027259829247,-8.81433333332445,0.948000000000045));
#6328=CARTESIAN_POINT('',(6.87038534548723,-8.92616666665693,0.821000000000046));
#6329=CARTESIAN_POINT('',(6.87049809268199,-9.03799999998939,0.694000000000046));
#6330=CARTESIAN_POINT('',(6.85,-8.70249999999199,1.075));
#6331=CARTESIAN_POINT('',(6.85,-8.81433333332445,0.948));
#6332=CARTESIAN_POINT('',(6.85,-8.92616666665693,0.821));
#6333=CARTESIAN_POINT('',(6.85,-9.03799999998939,0.694));
#6334=CARTESIAN_POINT('',(-0.120125138430715,-9.57630815169318,0.921398067551253));
#6335=CARTESIAN_POINT('',(-0.25,-9.84,0.8675));
#6336=CARTESIAN_POINT('',(0.27411895919012,-8.27607491241901,0.239990631936127));
#6337=CARTESIAN_POINT('',(0.25,-8.29,0.1625));
#6338=CARTESIAN_POINT('',(-0.120125138430714,-9.57630815169318,0.403601932448773));
#6339=CARTESIAN_POINT('',(-0.25,-9.84,0.457500000000027));
#6340=CARTESIAN_POINT('',(0.25,-9.79,0.1625));
#6341=CARTESIAN_POINT('',(19.25,-8.58998873001341,-0.000195993819384288));
#6342=CARTESIAN_POINT('',(19.25,-8.58998873001341,-0.000195993819384288));
#6343=CARTESIAN_POINT('',(19.25,-8.58998873001341,0.383439337180616));
#6344=CARTESIAN_POINT('',(17.4359237925457,-8.22718371082983,-1.8219957103786E-5));
#6345=CARTESIAN_POINT('',(17.4359237925457,-8.22718371082982,0.383617111042896));
#6346=CARTESIAN_POINT('',(17.4359237925457,-8.22718371082983,-1.8219957103786E-5));
#6347=CARTESIAN_POINT('',(19.25,-8.58998873001341,0.383439337180616));
#6348=CARTESIAN_POINT('',(19.25,-9.48998873001341,0.383439337180616));
#6349=CARTESIAN_POINT('',(17.7485531669065,-9.79028655727494,0.383586474330329));
#6350=CARTESIAN_POINT('',(17.4359237925457,-8.22718371082982,0.383617111042896));
#6351=CARTESIAN_POINT('',(19.25,-9.48998873001341,0.));
#6352=CARTESIAN_POINT('',(19.25,-9.48998873001341,-0.000195993819383918));
#6353=CARTESIAN_POINT('',(19.25,-9.48998873001341,-0.000195993819384295));
#6354=CARTESIAN_POINT('',(19.25,-9.48998873001341,-0.000195993819383918));
#6355=CARTESIAN_POINT('',(19.25,-9.48998873001341,-0.000195993819384295));
#6356=CARTESIAN_POINT('',(17.4359237925457,-9.12718371082982,-1.8219957103793E-5));
#6357=CARTESIAN_POINT('',(25.25,-9.14000000000788,-0.440597996909691));
#6358=CARTESIAN_POINT('',(25.25,-9.14000000000789,-0.881));
#6359=CARTESIAN_POINT('',(25.25,-9.14000000000789,-0.497364669));
#6360=CARTESIAN_POINT('',(25.25,-9.14000000000789,1.019));
#6361=CARTESIAN_POINT('',(25.25,-9.13999999999211,2.919));
#6362=CARTESIAN_POINT('',(25.25,-9.04,2.919));
#6363=CARTESIAN_POINT('',(25.25,-8.94000000000788,2.919));
#6364=CARTESIAN_POINT('',(25.25,-8.94000000000788,1.019));
#6365=CARTESIAN_POINT('',(25.25,-8.94000000000788,-0.881));
#6366=CARTESIAN_POINT('',(25.25,-8.94000000000788,1.35));
#6367=CARTESIAN_POINT('',(25.25,-8.94000000000788,-0.497364669));
#6368=CARTESIAN_POINT('',(25.25,-8.94000000000788,1.019));
#6369=CARTESIAN_POINT('',(25.25,-8.94000000000788,2.535364669));
#6370=CARTESIAN_POINT('',(25.25,-9.04,2.535364669));
#6371=CARTESIAN_POINT('',(25.25,-9.1399999999953,2.535364669));
#6372=CARTESIAN_POINT('',(25.25,-9.14000000000789,1.019));
#6373=CARTESIAN_POINT('',(25.25,-9.04,1.35));
#6374=CARTESIAN_POINT('',(27.25,-8.94000000000788,1.019));
#6375=CARTESIAN_POINT('',(27.25,-8.94000000000788,-0.881));
#6376=CARTESIAN_POINT('',(27.25,-8.94000000000788,2.919));
#6377=CARTESIAN_POINT('',(24.8,-8.94000000000788,-0.881));
#6378=CARTESIAN_POINT('',(24.8,-8.94000000000788,2.919));
#6379=CARTESIAN_POINT('',(24.8,-8.94000000000788,1.019));
#6380=CARTESIAN_POINT('',(27.25,-8.94000000000789,2.919));
#6381=CARTESIAN_POINT('',(27.25,-9.13999999999211,2.919));
#6382=CARTESIAN_POINT('',(24.8,-9.13999999999211,2.919));
#6383=CARTESIAN_POINT('',(24.8,-8.94000000000789,2.919));
#6384=CARTESIAN_POINT('',(27.25,-9.14000000000789,1.019));
#6385=CARTESIAN_POINT('',(27.25,-9.14000000000789,-0.881));
#6386=CARTESIAN_POINT('',(24.8,-9.14000000000789,-0.881));
#6387=CARTESIAN_POINT('',(24.8,-9.14000000000789,1.019));
#6388=CARTESIAN_POINT('',(27.25,-9.13999999999211,-0.881));
#6389=CARTESIAN_POINT('',(25.25,-9.04,-0.881));
#6390=CARTESIAN_POINT('',(24.8,-9.13999999999211,-0.881));
#6391=CARTESIAN_POINT('',(27.25,-8.94000000000788,1.019));
#6392=CARTESIAN_POINT('',(27.25,-8.94000000000788,-0.497364669));
#6393=CARTESIAN_POINT('',(27.25,-8.94000000000788,2.535364669));
#6394=CARTESIAN_POINT('',(27.25,-8.94000000000788,-0.497364669));
#6395=CARTESIAN_POINT('',(27.25,-9.14000000000789,-0.497364669));
#6396=CARTESIAN_POINT('',(27.25,-9.14000000000789,1.019));
#6397=CARTESIAN_POINT('',(27.25,-9.13999999999211,2.535364669));
#6398=CARTESIAN_POINT('',(27.25,-8.94000000000788,2.535364669));
#6399=CARTESIAN_POINT('',(27.25,-8.94000000000788,1.019));
#6400=CARTESIAN_POINT('',(24.8,-8.94000000000788,2.535364669));
#6401=CARTESIAN_POINT('',(24.8,-8.94000000000788,-0.497364669));
#6402=CARTESIAN_POINT('',(24.8,-8.94000000000788,1.019));
#6403=CARTESIAN_POINT('',(24.8,-9.13999999999211,2.535364669));
#6404=CARTESIAN_POINT('',(24.8,-8.94000000000789,2.535364669));
#6405=CARTESIAN_POINT('',(24.8,-9.14000000000789,-0.497364669));
#6406=CARTESIAN_POINT('',(24.8,-9.14000000000789,1.019));
#6407=CARTESIAN_POINT('',(25.25,-9.04,-0.497364669));
#6408=CARTESIAN_POINT('',(24.8,-9.13999999999211,-0.497364669));
#6409=CARTESIAN_POINT('',(23.0551056141437,-9.46007845775875,0.308165234418966));
#6410=CARTESIAN_POINT('',(22.85,-9.48998873001341,0.383439337180616));
#6411=CARTESIAN_POINT('',(22.85,-9.48998873001341,-0.440597996909691));
#6412=CARTESIAN_POINT('',(22.85,-9.48998873001341,-0.000195993819383485));
#6413=CARTESIAN_POINT('',(24.05,-9.31499436501065,-0.440597996909693));
#6414=CARTESIAN_POINT('',(24.05,-9.31499436501065,-0.440597996909691));
#6415=CARTESIAN_POINT('',(24.05,-8.76499436501065,-0.0569626659096922));
#6416=CARTESIAN_POINT('',(22.85,-8.58998873001341,0.383439337180616));
#6417=CARTESIAN_POINT('',(22.85,-8.8076729717579,0.383439337180617));
#6418=CARTESIAN_POINT('',(22.9712594674092,-8.8076729717579,0.33893691023003));
#6419=CARTESIAN_POINT('',(22.9712594674092,-8.6076729717579,-0.0446984207699698));
#6420=CARTESIAN_POINT('',(22.85,-8.58998873001341,-0.000195993819384295));
#6421=CARTESIAN_POINT('',(22.85,-8.58998873001341,0.599804006180616));
#6422=CARTESIAN_POINT('',(24.05,-8.76499436501065,-0.0569626659096892));
#6423=CARTESIAN_POINT('',(22.85,-9.48998873000589,-0.000195993819384295));
#6424=CARTESIAN_POINT('',(22.9712594674092,-8.6076729717579,-0.0446984207699698));
#6425=CARTESIAN_POINT('',(22.85,-8.58998873001341,1.19980400618062));
#6426=CARTESIAN_POINT('',(22.85,-8.58998873001341,1.19980400618062));
#6427=CARTESIAN_POINT('',(22.85,-9.48998873000589,1.19980400618061));
#6428=CARTESIAN_POINT('',(19.25,-8.58998873001341,1.19980400618062));
#6429=CARTESIAN_POINT('',(19.25,-8.58998873001341,1.19980400618062));
#6430=CARTESIAN_POINT('',(19.25,-8.58998873001341,1.19980400618062));
#6431=CARTESIAN_POINT('',(19.25,-9.48998873000589,1.19980400618061));
#6432=CARTESIAN_POINT('',(19.25,-9.48998873000589,1.19980400618061));
#6433=CARTESIAN_POINT('',(19.25,-8.58998873001341,1.19980400618062));
#6434=CARTESIAN_POINT('',(22.85,-9.48998873001341,0.599804006180616));
#6435=CARTESIAN_POINT('',(19.25,-9.48998873001341,0.599804006180616));
#6436=CARTESIAN_POINT('',(19.25,-9.48998873001341,-0.000195993819383918));
#6437=CARTESIAN_POINT('',(19.25,-9.48998873001341,0.599804006180616));
#6438=CARTESIAN_POINT('',(19.25,-8.58998873001341,-0.000195993819384295));
#6439=CARTESIAN_POINT('',(19.25,-9.48998873000589,-0.000195993819384295));
#6440=CARTESIAN_POINT('',(22.85,-8.58998873001341,0.599804006180616));
#6441=CARTESIAN_POINT('',(19.25,-8.58998873001341,0.599804006180616));
#6442=CARTESIAN_POINT('',(19.25,-8.58998873001341,0.599804006180616));
#6443=CARTESIAN_POINT('',(19.25,-8.58998873001341,0.599804006180616));
#6444=CARTESIAN_POINT('',(19.25,-8.58998873001341,0.816168675180616));
#6445=CARTESIAN_POINT('',(19.25,-9.48998873001341,0.816168675180615));
#6446=CARTESIAN_POINT('',(19.25,-9.4899887300107,0.816168675180615));
#6447=CARTESIAN_POINT('',(19.25,-9.48998873001341,0.599804006180616));
#6448=CARTESIAN_POINT('',(19.25,-9.48998873001341,0.599804006180616));
#6449=CARTESIAN_POINT('',(22.85,-9.48998873001341,0.599804006180616));
#6450=CARTESIAN_POINT('',(22.85,-9.48998873000589,0.816168675180615));
#6451=CARTESIAN_POINT('',(22.85,-9.48998873001341,0.816168675180615));
#6452=CARTESIAN_POINT('',(22.85,-8.58998873001341,0.816168675180616));
#6453=CARTESIAN_POINT('',(22.85,-8.58998873001341,0.599804006180616));
#6454=CARTESIAN_POINT('',(22.85,-9.48998873001341,0.599804006180616));
#6455=CARTESIAN_POINT('',(19.25,-9.48998873000589,0.816168675180615));
#6456=CARTESIAN_POINT('',(19.25,-8.58998873001341,0.816168675180616));
#6457=CARTESIAN_POINT('',(19.25,-8.58998873001341,0.816168675180616));
#6458=CARTESIAN_POINT('',(19.25,-9.48998873001341,0.383439337180616));
#6459=CARTESIAN_POINT('',(19.25,-9.48998873001341,0.599804006180616));
#6460=CARTESIAN_POINT('',(19.25,-8.58998873001341,0.383439337180616));
#6461=CARTESIAN_POINT('',(19.25,-9.48998873000589,0.383439337180616));
#6462=CARTESIAN_POINT('',(19.25,-8.58998873001341,0.599804006180616));
#6463=MECHANICAL_DESIGN_GEOMETRIC_PRESENTATION_REPRESENTATION('',(#24),
#6464);
#6464=(
GEOMETRIC_REPRESENTATION_CONTEXT(3)
GLOBAL_UNCERTAINTY_ASSIGNED_CONTEXT((#6465))
GLOBAL_UNIT_ASSIGNED_CONTEXT((#6471,#6467,#6466))
REPRESENTATION_CONTEXT('12045773','TOP_LEVEL_ASSEMBLY_PART')
);
#6465=UNCERTAINTY_MEASURE_WITH_UNIT(LENGTH_MEASURE(0.0508),#6471,
'DISTANCE_ACCURACY_VALUE','Maximum Tolerance applied to model');
#6466=(
NAMED_UNIT(*)
SI_UNIT($,.STERADIAN.)
SOLID_ANGLE_UNIT()
);
#6467=(
CONVERSION_BASED_UNIT('DEGREE',#6469)
NAMED_UNIT(#6468)
PLANE_ANGLE_UNIT()
);
#6468=DIMENSIONAL_EXPONENTS(0.,0.,0.,0.,0.,0.,0.);
#6469=PLANE_ANGLE_MEASURE_WITH_UNIT(PLANE_ANGLE_MEASURE(0.0174532925),#6470);
#6470=(
NAMED_UNIT(*)
PLANE_ANGLE_UNIT()
SI_UNIT($,.RADIAN.)
);
#6471=(
LENGTH_UNIT()
NAMED_UNIT(*)
SI_UNIT(.MILLI.,.METRE.)
);
ENDSEC;
END-ISO-10303-21;
