ISO-10303-21;
HEADER;
/* Generated by software containing ST-Developer
 * from STEP Tools, Inc. (www.steptools.com) 
 */
/* OPTION: using custom schema-name function */

FILE_DESCRIPTION(
/* description */ (''),
/* implementation_level */ '2;1');

FILE_NAME(
/* name */ '33375907_Rev_02AB.stp',
/* time_stamp */ '2026-01-20T13:10:05+05:30',
/* author */ (''),
/* organization */ (''),
/* preprocessor_version */ 'ST-DEVELOPER v20',
/* originating_system */ 'SIEMENS PLM Software NX2312.4001',
/* authorisation */ '');

FILE_SCHEMA (('AP203_CONFIGURATION_CONTROLLED_3D_DESIGN_OF_MECHANICAL_PARTS_AND_ASSEMBLIES_MIM_LF { 1 0 10303 403 2 1 2}'));
ENDSEC;

DATA;
#10=PROPERTY_DEFINITION_REPRESENTATION(#14,#12);
#11=PROPERTY_DEFINITION_REPRESENTATION(#15,#13);
#12=REPRESENTATION('',(#16),#4319);
#13=REPRESENTATION('',(#17),#4319);
#14=PROPERTY_DEFINITION('pmi validation property','',#73);
#15=PROPERTY_DEFINITION('pmi validation property','',#73);
#16=VALUE_REPRESENTATION_ITEM('number of annotations',COUNT_MEASURE(0.));
#17=VALUE_REPRESENTATION_ITEM('number of views',COUNT_MEASURE(0.));
#18=SHAPE_REPRESENTATION_RELATIONSHIP('None',
'relationship between 33375907_objects-None and 33375907_objects-None',
#84,#19);
#19=ADVANCED_BREP_SHAPE_REPRESENTATION('33375907_objects-None',(#94),#4319);
#20=APPLIED_APPROVAL_ASSIGNMENT(#32,(#74));
#21=APPLIED_APPROVAL_ASSIGNMENT(#33,(#76));
#22=APPLIED_APPROVAL_ASSIGNMENT(#34,(#46));
#23=APPROVAL_PERSON_ORGANIZATION(#38,#32,#26);
#24=APPROVAL_PERSON_ORGANIZATION(#39,#33,#27);
#25=APPROVAL_PERSON_ORGANIZATION(#40,#34,#28);
#26=APPROVAL_ROLE('approver');
#27=APPROVAL_ROLE('approver');
#28=APPROVAL_ROLE('approver');
#29=APPROVAL_DATE_TIME(#54,#32);
#30=APPROVAL_DATE_TIME(#55,#33);
#31=APPROVAL_DATE_TIME(#56,#34);
#32=APPROVAL(#35,' ');
#33=APPROVAL(#36,' ');
#34=APPROVAL(#37,' ');
#35=APPROVAL_STATUS('not_yet_approved');
#36=APPROVAL_STATUS('not_yet_approved');
#37=APPROVAL_STATUS('not_yet_approved');
#38=PERSON_AND_ORGANIZATION(#44,#41);
#39=PERSON_AND_ORGANIZATION(#44,#42);
#40=PERSON_AND_ORGANIZATION(#44,#43);
#41=ORGANIZATION(' ',' ',' ');
#42=ORGANIZATION(' ',' ',' ');
#43=ORGANIZATION(' ',' ',' ');
#44=PERSON(' ',' ',' ',(' '),$,$);
#45=APPLIED_SECURITY_CLASSIFICATION_ASSIGNMENT(#46,(#76));
#46=SECURITY_CLASSIFICATION(' ',' ',#47);
#47=SECURITY_CLASSIFICATION_LEVEL('confidential');
#48=APPLIED_DATE_AND_TIME_ASSIGNMENT(#52,#50,(#74));
#49=APPLIED_DATE_AND_TIME_ASSIGNMENT(#53,#51,(#46));
#50=DATE_TIME_ROLE('creation_date');
#51=DATE_TIME_ROLE('classification_date');
#52=DATE_AND_TIME(#67,#57);
#53=DATE_AND_TIME(#68,#58);
#54=DATE_AND_TIME(#69,#59);
#55=DATE_AND_TIME(#70,#60);
#56=DATE_AND_TIME(#71,#61);
#57=LOCAL_TIME(0,0,0.,#62);
#58=LOCAL_TIME(0,0,0.,#63);
#59=LOCAL_TIME(0,0,0.,#64);
#60=LOCAL_TIME(0,0,0.,#65);
#61=LOCAL_TIME(0,0,0.,#66);
#62=COORDINATED_UNIVERSAL_TIME_OFFSET(0,0,.BEHIND.);
#63=COORDINATED_UNIVERSAL_TIME_OFFSET(0,0,.BEHIND.);
#64=COORDINATED_UNIVERSAL_TIME_OFFSET(0,0,.BEHIND.);
#65=COORDINATED_UNIVERSAL_TIME_OFFSET(0,0,.BEHIND.);
#66=COORDINATED_UNIVERSAL_TIME_OFFSET(0,0,.BEHIND.);
#67=CALENDAR_DATE(0,1,1);
#68=CALENDAR_DATE(0,1,1);
#69=CALENDAR_DATE(0,1,1);
#70=CALENDAR_DATE(0,1,1);
#71=CALENDAR_DATE(0,1,1);
#72=SHAPE_DEFINITION_REPRESENTATION(#73,#84);
#73=PRODUCT_DEFINITION_SHAPE('','',#74);
#74=PRODUCT_DEFINITION(' ','',#76,#75);
#75=PRODUCT_DEFINITION_CONTEXT('part definition',#83,'design');
#76=PRODUCT_DEFINITION_FORMATION_WITH_SPECIFIED_SOURCE(' ',' ',#78,
 .NOT_KNOWN.);
#77=PRODUCT_RELATED_PRODUCT_CATEGORY('detail','',(#78));
#78=PRODUCT('33375907_objects','33375907_objects',' ',(#81));
#79=PRODUCT_CATEGORY('part',' ');
#80=PRODUCT_CATEGORY(' ','');
#81=PRODUCT_CONTEXT(' ',#83,'mechanical');
#82=APPLICATION_PROTOCOL_DEFINITION('international standard',
'config_control_design',2010,#83);
#83=APPLICATION_CONTEXT(
'configuration controlled 3D designs of mechanical parts and assemblie
s');
#84=SHAPE_REPRESENTATION('33375907_objects-None',(#1519),#4319);
#85=PRESENTATION_LAYER_ASSIGNMENT('1','Layer 1',(#94));
#86=STYLED_ITEM('',(#87),#94);
#87=PRESENTATION_STYLE_ASSIGNMENT((#88));
#88=SURFACE_STYLE_USAGE(.BOTH.,#89);
#89=SURFACE_SIDE_STYLE('',(#90));
#90=SURFACE_STYLE_FILL_AREA(#91);
#91=FILL_AREA_STYLE('',(#92));
#92=FILL_AREA_STYLE_COLOUR('',#93);
#93=DRAUGHTING_PRE_DEFINED_COLOUR('white');
#94=MANIFOLD_SOLID_BREP('',#95);
#95=CLOSED_SHELL('',(#167,#168,#169,#170,#171,#172,#173,#174,#175,#176,
#177,#178,#179,#180,#181,#182,#183,#184,#185,#186,#187,#188,#189,#190,#191,
#192,#193,#194,#195,#196,#197,#198,#199,#200,#201,#202,#203,#204,#205,#206,
#207,#208,#209,#210,#211,#212,#213,#214,#215,#216,#217,#218,#219,#220,#221,
#222,#223,#224,#225,#226,#227,#228,#229,#230,#231,#232,#233,#234,#235,#236,
#237,#238,#239,#240,#241,#242,#243,#244,#245,#246));
#96=SPHERICAL_SURFACE('',#1558,0.581);
#97=SPHERICAL_SURFACE('',#1563,0.581);
#98=SPHERICAL_SURFACE('',#1568,0.581);
#99=SPHERICAL_SURFACE('',#1573,0.581);
#100=CYLINDRICAL_SURFACE('',#1529,0.4125);
#101=CYLINDRICAL_SURFACE('',#1531,0.4125);
#102=CYLINDRICAL_SURFACE('',#1536,0.4);
#103=CYLINDRICAL_SURFACE('',#1537,0.4);
#104=CYLINDRICAL_SURFACE('',#1560,0.581);
#105=CYLINDRICAL_SURFACE('',#1565,0.581);
#106=CYLINDRICAL_SURFACE('',#1570,0.581);
#107=CYLINDRICAL_SURFACE('',#1574,0.581);
#108=CYLINDRICAL_SURFACE('',#1597,1.95);
#109=CYLINDRICAL_SURFACE('',#1598,1.95);
#110=CYLINDRICAL_SURFACE('',#1601,1.569);
#111=CYLINDRICAL_SURFACE('',#1602,1.569);
#112=CYLINDRICAL_SURFACE('',#1614,1.075);
#113=CYLINDRICAL_SURFACE('',#1615,1.075);
#114=CYLINDRICAL_SURFACE('',#1617,0.694);
#115=CYLINDRICAL_SURFACE('',#1618,0.694);
#116=FACE_BOUND('',#377,.T.);
#117=FACE_BOUND('',#378,.T.);
#118=FACE_BOUND('',#392,.T.);
#119=FACE_BOUND('',#393,.T.);
#120=FACE_BOUND('',#420,.T.);
#121=FACE_BOUND('',#421,.T.);
#122=FACE_BOUND('',#430,.T.);
#123=FACE_BOUND('',#431,.T.);
#124=CIRCLE('',#1522,0.4125);
#125=CIRCLE('',#1523,0.4125);
#126=CIRCLE('',#1525,0.4);
#127=CIRCLE('',#1526,0.4);
#128=CIRCLE('',#1533,0.4);
#129=CIRCLE('',#1534,0.4);
#130=CIRCLE('',#1555,0.377090174891896);
#131=CIRCLE('',#1556,0.581);
#132=CIRCLE('',#1557,0.581);
#133=CIRCLE('',#1559,0.581);
#134=CIRCLE('',#1561,0.377090174891896);
#135=CIRCLE('',#1562,0.581);
#136=CIRCLE('',#1564,0.581);
#137=CIRCLE('',#1566,0.377090174891897);
#138=CIRCLE('',#1567,0.581);
#139=CIRCLE('',#1569,0.581);
#140=CIRCLE('',#1571,0.377090174891897);
#141=CIRCLE('',#1572,0.581);
#142=CIRCLE('',#1585,1.95);
#143=CIRCLE('',#1586,1.95);
#144=CIRCLE('',#1587,1.569);
#145=CIRCLE('',#1588,1.569);
#146=CIRCLE('',#1590,1.95);
#147=CIRCLE('',#1591,1.95);
#148=CIRCLE('',#1592,1.569);
#149=CIRCLE('',#1593,1.569);
#150=CIRCLE('',#1603,0.694);
#151=CIRCLE('',#1604,1.075);
#152=CIRCLE('',#1605,1.075);
#153=CIRCLE('',#1606,0.694);
#154=CIRCLE('',#1609,0.694);
#155=CIRCLE('',#1610,1.075);
#156=CIRCLE('',#1611,1.075);
#157=CIRCLE('',#1612,0.694);
#158=B_SPLINE_SURFACE_WITH_KNOTS('',3,3,((#2153,#2154,#2155,#2156,#2157,
#2158,#2159,#2160,#2161,#2162,#2163,#2164,#2165,#2166,#2167,#2168,#2169,
#2170,#2171,#2172,#2173),(#2174,#2175,#2176,#2177,#2178,#2179,#2180,#2181,
#2182,#2183,#2184,#2185,#2186,#2187,#2188,#2189,#2190,#2191,#2192,#2193,
#2194),(#2195,#2196,#2197,#2198,#2199,#2200,#2201,#2202,#2203,#2204,#2205,
#2206,#2207,#2208,#2209,#2210,#2211,#2212,#2213,#2214,#2215),(#2216,#2217,
#2218,#2219,#2220,#2221,#2222,#2223,#2224,#2225,#2226,#2227,#2228,#2229,
#2230,#2231,#2232,#2233,#2234,#2235,#2236),(#2237,#2238,#2239,#2240,#2241,
#2242,#2243,#2244,#2245,#2246,#2247,#2248,#2249,#2250,#2251,#2252,#2253,
#2254,#2255,#2256,#2257),(#2258,#2259,#2260,#2261,#2262,#2263,#2264,#2265,
#2266,#2267,#2268,#2269,#2270,#2271,#2272,#2273,#2274,#2275,#2276,#2277,
#2278),(#2279,#2280,#2281,#2282,#2283,#2284,#2285,#2286,#2287,#2288,#2289,
#2290,#2291,#2292,#2293,#2294,#2295,#2296,#2297,#2298,#2299),(#2300,#2301,
#2302,#2303,#2304,#2305,#2306,#2307,#2308,#2309,#2310,#2311,#2312,#2313,
#2314,#2315,#2316,#2317,#2318,#2319,#2320),(#2321,#2322,#2323,#2324,#2325,
#2326,#2327,#2328,#2329,#2330,#2331,#2332,#2333,#2334,#2335,#2336,#2337,
#2338,#2339,#2340,#2341),(#2342,#2343,#2344,#2345,#2346,#2347,#2348,#2349,
#2350,#2351,#2352,#2353,#2354,#2355,#2356,#2357,#2358,#2359,#2360,#2361,
#2362),(#2363,#2364,#2365,#2366,#2367,#2368,#2369,#2370,#2371,#2372,#2373,
#2374,#2375,#2376,#2377,#2378,#2379,#2380,#2381,#2382,#2383),(#2384,#2385,
#2386,#2387,#2388,#2389,#2390,#2391,#2392,#2393,#2394,#2395,#2396,#2397,
#2398,#2399,#2400,#2401,#2402,#2403,#2404),(#2405,#2406,#2407,#2408,#2409,
#2410,#2411,#2412,#2413,#2414,#2415,#2416,#2417,#2418,#2419,#2420,#2421,
#2422,#2423,#2424,#2425),(#2426,#2427,#2428,#2429,#2430,#2431,#2432,#2433,
#2434,#2435,#2436,#2437,#2438,#2439,#2440,#2441,#2442,#2443,#2444,#2445,
#2446),(#2447,#2448,#2449,#2450,#2451,#2452,#2453,#2454,#2455,#2456,#2457,
#2458,#2459,#2460,#2461,#2462,#2463,#2464,#2465,#2466,#2467),(#2468,#2469,
#2470,#2471,#2472,#2473,#2474,#2475,#2476,#2477,#2478,#2479,#2480,#2481,
#2482,#2483,#2484,#2485,#2486,#2487,#2488),(#2489,#2490,#2491,#2492,#2493,
#2494,#2495,#2496,#2497,#2498,#2499,#2500,#2501,#2502,#2503,#2504,#2505,
#2506,#2507,#2508,#2509),(#2510,#2511,#2512,#2513,#2514,#2515,#2516,#2517,
#2518,#2519,#2520,#2521,#2522,#2523,#2524,#2525,#2526,#2527,#2528,#2529,
#2530),(#2531,#2532,#2533,#2534,#2535,#2536,#2537,#2538,#2539,#2540,#2541,
#2542,#2543,#2544,#2545,#2546,#2547,#2548,#2549,#2550,#2551),(#2552,#2553,
#2554,#2555,#2556,#2557,#2558,#2559,#2560,#2561,#2562,#2563,#2564,#2565,
#2566,#2567,#2568,#2569,#2570,#2571,#2572),(#2573,#2574,#2575,#2576,#2577,
#2578,#2579,#2580,#2581,#2582,#2583,#2584,#2585,#2586,#2587,#2588,#2589,
#2590,#2591,#2592,#2593),(#2594,#2595,#2596,#2597,#2598,#2599,#2600,#2601,
#2602,#2603,#2604,#2605,#2606,#2607,#2608,#2609,#2610,#2611,#2612,#2613,
#2614),(#2615,#2616,#2617,#2618,#2619,#2620,#2621,#2622,#2623,#2624,#2625,
#2626,#2627,#2628,#2629,#2630,#2631,#2632,#2633,#2634,#2635),(#2636,#2637,
#2638,#2639,#2640,#2641,#2642,#2643,#2644,#2645,#2646,#2647,#2648,#2649,
#2650,#2651,#2652,#2653,#2654,#2655,#2656),(#2657,#2658,#2659,#2660,#2661,
#2662,#2663,#2664,#2665,#2666,#2667,#2668,#2669,#2670,#2671,#2672,#2673,
#2674,#2675,#2676,#2677),(#2678,#2679,#2680,#2681,#2682,#2683,#2684,#2685,
#2686,#2687,#2688,#2689,#2690,#2691,#2692,#2693,#2694,#2695,#2696,#2697,
#2698),(#2699,#2700,#2701,#2702,#2703,#2704,#2705,#2706,#2707,#2708,#2709,
#2710,#2711,#2712,#2713,#2714,#2715,#2716,#2717,#2718,#2719),(#2720,#2721,
#2722,#2723,#2724,#2725,#2726,#2727,#2728,#2729,#2730,#2731,#2732,#2733,
#2734,#2735,#2736,#2737,#2738,#2739,#2740),(#2741,#2742,#2743,#2744,#2745,
#2746,#2747,#2748,#2749,#2750,#2751,#2752,#2753,#2754,#2755,#2756,#2757,
#2758,#2759,#2760,#2761),(#2762,#2763,#2764,#2765,#2766,#2767,#2768,#2769,
#2770,#2771,#2772,#2773,#2774,#2775,#2776,#2777,#2778,#2779,#2780,#2781,
#2782),(#2783,#2784,#2785,#2786,#2787,#2788,#2789,#2790,#2791,#2792,#2793,
#2794,#2795,#2796,#2797,#2798,#2799,#2800,#2801,#2802,#2803),(#2804,#2805,
#2806,#2807,#2808,#2809,#2810,#2811,#2812,#2813,#2814,#2815,#2816,#2817,
#2818,#2819,#2820,#2821,#2822,#2823,#2824),(#2825,#2826,#2827,#2828,#2829,
#2830,#2831,#2832,#2833,#2834,#2835,#2836,#2837,#2838,#2839,#2840,#2841,
#2842,#2843,#2844,#2845),(#2846,#2847,#2848,#2849,#2850,#2851,#2852,#2853,
#2854,#2855,#2856,#2857,#2858,#2859,#2860,#2861,#2862,#2863,#2864,#2865,
#2866),(#2867,#2868,#2869,#2870,#2871,#2872,#2873,#2874,#2875,#2876,#2877,
#2878,#2879,#2880,#2881,#2882,#2883,#2884,#2885,#2886,#2887),(#2888,#2889,
#2890,#2891,#2892,#2893,#2894,#2895,#2896,#2897,#2898,#2899,#2900,#2901,
#2902,#2903,#2904,#2905,#2906,#2907,#2908),(#2909,#2910,#2911,#2912,#2913,
#2914,#2915,#2916,#2917,#2918,#2919,#2920,#2921,#2922,#2923,#2924,#2925,
#2926,#2927,#2928,#2929),(#2930,#2931,#2932,#2933,#2934,#2935,#2936,#2937,
#2938,#2939,#2940,#2941,#2942,#2943,#2944,#2945,#2946,#2947,#2948,#2949,
#2950),(#2951,#2952,#2953,#2954,#2955,#2956,#2957,#2958,#2959,#2960,#2961,
#2962,#2963,#2964,#2965,#2966,#2967,#2968,#2969,#2970,#2971),(#2972,#2973,
#2974,#2975,#2976,#2977,#2978,#2979,#2980,#2981,#2982,#2983,#2984,#2985,
#2986,#2987,#2988,#2989,#2990,#2991,#2992),(#2993,#2994,#2995,#2996,#2997,
#2998,#2999,#3000,#3001,#3002,#3003,#3004,#3005,#3006,#3007,#3008,#3009,
#3010,#3011,#3012,#3013),(#3014,#3015,#3016,#3017,#3018,#3019,#3020,#3021,
#3022,#3023,#3024,#3025,#3026,#3027,#3028,#3029,#3030,#3031,#3032,#3033,
#3034),(#3035,#3036,#3037,#3038,#3039,#3040,#3041,#3042,#3043,#3044,#3045,
#3046,#3047,#3048,#3049,#3050,#3051,#3052,#3053,#3054,#3055),(#3056,#3057,
#3058,#3059,#3060,#3061,#3062,#3063,#3064,#3065,#3066,#3067,#3068,#3069,
#3070,#3071,#3072,#3073,#3074,#3075,#3076),(#3077,#3078,#3079,#3080,#3081,
#3082,#3083,#3084,#3085,#3086,#3087,#3088,#3089,#3090,#3091,#3092,#3093,
#3094,#3095,#3096,#3097),(#3098,#3099,#3100,#3101,#3102,#3103,#3104,#3105,
#3106,#3107,#3108,#3109,#3110,#3111,#3112,#3113,#3114,#3115,#3116,#3117,
#3118)),.UNSPECIFIED.,.F.,.F.,.F.,(4,1,1,1,1,1,1,1,1,1,1,1,1,1,1,1,1,1,
1,1,1,1,1,1,1,1,1,1,1,1,1,1,1,1,1,1,1,1,1,1,1,1,1,4),(4,3,1,1,1,1,1,1,1,
1,1,1,1,1,1,1,4),(0.,0.09375,0.140625,0.1875,0.19921875,0.2109375,0.216796875,
0.22265625,0.234375,0.24609375,0.2578125,0.26953125,0.28125,0.29296875,
0.3046875,0.31640625,0.3193359375,0.322265625,0.3251953125,0.328125,0.3515625,
0.375,0.46875,0.5,0.5625,0.65625,0.6796875,0.7001953125,0.703125,0.708984375,
0.71484375,0.7265625,0.73828125,0.75,0.765625,0.78125,0.796875,0.8125,0.81640625,
0.8203125,0.828125,0.84375,0.875,1.),(0.,0.0099009900990099,0.0717821782178218,
0.133663366336634,0.195544554455446,0.257425742574257,0.319306930693069,
0.381188118811881,0.504950495049505,0.628712871287129,0.752475247524752,
0.876237623762376,0.938118811881188,0.969059405940594,0.984529702970297,
0.992264851485149,1.),.UNSPECIFIED.);
#159=B_SPLINE_SURFACE_WITH_KNOTS('',1,3,((#3171,#3172,#3173,#3174),(#3175,
#3176,#3177,#3178)),.UNSPECIFIED.,.F.,.F.,.F.,(2,2),(4,4),(0.,1.),(0.,1.),
 .UNSPECIFIED.);
#160=B_SPLINE_SURFACE_WITH_KNOTS('',1,3,((#3188,#3189,#3190,#3191),(#3192,
#3193,#3194,#3195)),.UNSPECIFIED.,.F.,.F.,.F.,(2,2),(4,4),(0.,1.),(0.,1.),
 .UNSPECIFIED.);
#161=B_SPLINE_SURFACE_WITH_KNOTS('',3,3,((#3259,#3260,#3261,#3262,#3263,
#3264,#3265,#3266,#3267,#3268,#3269,#3270,#3271,#3272,#3273,#3274,#3275,
#3276),(#3277,#3278,#3279,#3280,#3281,#3282,#3283,#3284,#3285,#3286,#3287,
#3288,#3289,#3290,#3291,#3292,#3293,#3294),(#3295,#3296,#3297,#3298,#3299,
#3300,#3301,#3302,#3303,#3304,#3305,#3306,#3307,#3308,#3309,#3310,#3311,
#3312),(#3313,#3314,#3315,#3316,#3317,#3318,#3319,#3320,#3321,#3322,#3323,
#3324,#3325,#3326,#3327,#3328,#3329,#3330),(#3331,#3332,#3333,#3334,#3335,
#3336,#3337,#3338,#3339,#3340,#3341,#3342,#3343,#3344,#3345,#3346,#3347,
#3348),(#3349,#3350,#3351,#3352,#3353,#3354,#3355,#3356,#3357,#3358,#3359,
#3360,#3361,#3362,#3363,#3364,#3365,#3366),(#3367,#3368,#3369,#3370,#3371,
#3372,#3373,#3374,#3375,#3376,#3377,#3378,#3379,#3380,#3381,#3382,#3383,
#3384),(#3385,#3386,#3387,#3388,#3389,#3390,#3391,#3392,#3393,#3394,#3395,
#3396,#3397,#3398,#3399,#3400,#3401,#3402),(#3403,#3404,#3405,#3406,#3407,
#3408,#3409,#3410,#3411,#3412,#3413,#3414,#3415,#3416,#3417,#3418,#3419,
#3420),(#3421,#3422,#3423,#3424,#3425,#3426,#3427,#3428,#3429,#3430,#3431,
#3432,#3433,#3434,#3435,#3436,#3437,#3438),(#3439,#3440,#3441,#3442,#3443,
#3444,#3445,#3446,#3447,#3448,#3449,#3450,#3451,#3452,#3453,#3454,#3455,
#3456),(#3457,#3458,#3459,#3460,#3461,#3462,#3463,#3464,#3465,#3466,#3467,
#3468,#3469,#3470,#3471,#3472,#3473,#3474),(#3475,#3476,#3477,#3478,#3479,
#3480,#3481,#3482,#3483,#3484,#3485,#3486,#3487,#3488,#3489,#3490,#3491,
#3492),(#3493,#3494,#3495,#3496,#3497,#3498,#3499,#3500,#3501,#3502,#3503,
#3504,#3505,#3506,#3507,#3508,#3509,#3510),(#3511,#3512,#3513,#3514,#3515,
#3516,#3517,#3518,#3519,#3520,#3521,#3522,#3523,#3524,#3525,#3526,#3527,
#3528),(#3529,#3530,#3531,#3532,#3533,#3534,#3535,#3536,#3537,#3538,#3539,
#3540,#3541,#3542,#3543,#3544,#3545,#3546),(#3547,#3548,#3549,#3550,#3551,
#3552,#3553,#3554,#3555,#3556,#3557,#3558,#3559,#3560,#3561,#3562,#3563,
#3564),(#3565,#3566,#3567,#3568,#3569,#3570,#3571,#3572,#3573,#3574,#3575,
#3576,#3577,#3578,#3579,#3580,#3581,#3582),(#3583,#3584,#3585,#3586,#3587,
#3588,#3589,#3590,#3591,#3592,#3593,#3594,#3595,#3596,#3597,#3598,#3599,
#3600),(#3601,#3602,#3603,#3604,#3605,#3606,#3607,#3608,#3609,#3610,#3611,
#3612,#3613,#3614,#3615,#3616,#3617,#3618),(#3619,#3620,#3621,#3622,#3623,
#3624,#3625,#3626,#3627,#3628,#3629,#3630,#3631,#3632,#3633,#3634,#3635,
#3636),(#3637,#3638,#3639,#3640,#3641,#3642,#3643,#3644,#3645,#3646,#3647,
#3648,#3649,#3650,#3651,#3652,#3653,#3654),(#3655,#3656,#3657,#3658,#3659,
#3660,#3661,#3662,#3663,#3664,#3665,#3666,#3667,#3668,#3669,#3670,#3671,
#3672),(#3673,#3674,#3675,#3676,#3677,#3678,#3679,#3680,#3681,#3682,#3683,
#3684,#3685,#3686,#3687,#3688,#3689,#3690),(#3691,#3692,#3693,#3694,#3695,
#3696,#3697,#3698,#3699,#3700,#3701,#3702,#3703,#3704,#3705,#3706,#3707,
#3708),(#3709,#3710,#3711,#3712,#3713,#3714,#3715,#3716,#3717,#3718,#3719,
#3720,#3721,#3722,#3723,#3724,#3725,#3726),(#3727,#3728,#3729,#3730,#3731,
#3732,#3733,#3734,#3735,#3736,#3737,#3738,#3739,#3740,#3741,#3742,#3743,
#3744),(#3745,#3746,#3747,#3748,#3749,#3750,#3751,#3752,#3753,#3754,#3755,
#3756,#3757,#3758,#3759,#3760,#3761,#3762),(#3763,#3764,#3765,#3766,#3767,
#3768,#3769,#3770,#3771,#3772,#3773,#3774,#3775,#3776,#3777,#3778,#3779,
#3780),(#3781,#3782,#3783,#3784,#3785,#3786,#3787,#3788,#3789,#3790,#3791,
#3792,#3793,#3794,#3795,#3796,#3797,#3798),(#3799,#3800,#3801,#3802,#3803,
#3804,#3805,#3806,#3807,#3808,#3809,#3810,#3811,#3812,#3813,#3814,#3815,
#3816),(#3817,#3818,#3819,#3820,#3821,#3822,#3823,#3824,#3825,#3826,#3827,
#3828,#3829,#3830,#3831,#3832,#3833,#3834),(#3835,#3836,#3837,#3838,#3839,
#3840,#3841,#3842,#3843,#3844,#3845,#3846,#3847,#3848,#3849,#3850,#3851,
#3852),(#3853,#3854,#3855,#3856,#3857,#3858,#3859,#3860,#3861,#3862,#3863,
#3864,#3865,#3866,#3867,#3868,#3869,#3870),(#3871,#3872,#3873,#3874,#3875,
#3876,#3877,#3878,#3879,#3880,#3881,#3882,#3883,#3884,#3885,#3886,#3887,
#3888),(#3889,#3890,#3891,#3892,#3893,#3894,#3895,#3896,#3897,#3898,#3899,
#3900,#3901,#3902,#3903,#3904,#3905,#3906),(#3907,#3908,#3909,#3910,#3911,
#3912,#3913,#3914,#3915,#3916,#3917,#3918,#3919,#3920,#3921,#3922,#3923,
#3924),(#3925,#3926,#3927,#3928,#3929,#3930,#3931,#3932,#3933,#3934,#3935,
#3936,#3937,#3938,#3939,#3940,#3941,#3942)),.UNSPECIFIED.,.F.,.F.,.F.,(4,
1,1,1,1,1,1,1,1,1,1,1,1,1,1,1,1,1,1,1,1,1,1,1,1,1,1,1,1,1,1,1,1,1,1,4),
(4,1,1,1,1,1,1,1,1,1,1,1,1,1,1,4),(0.,0.125,0.1875,0.203125,0.21875,0.220703125,
0.22265625,0.224609375,0.2265625,0.23046875,0.234375,0.23828125,0.240234375,
0.2421875,0.24609375,0.25,0.3125,0.375,0.5,0.625,0.6875,0.703125,0.7177734375,
0.71875,0.720703125,0.72265625,0.7265625,0.73046875,0.734375,0.73828125,
0.7421875,0.75,0.78125,0.8125,0.875,1.),(0.,0.03125,0.0625,0.125,0.1875,
0.25,0.3125,0.375,0.5,0.625,0.6875,0.75,0.8125,0.875,0.9375,1.),
 .UNSPECIFIED.);
#162=B_SPLINE_SURFACE_WITH_KNOTS('',1,3,((#4075,#4076,#4077,#4078),(#4079,
#4080,#4081,#4082)),.UNSPECIFIED.,.F.,.F.,.F.,(2,2),(4,4),(0.,1.),(0.,1.),
 .UNSPECIFIED.);
#163=B_SPLINE_SURFACE_WITH_KNOTS('',3,3,((#4246,#4247,#4248,#4249),(#4250,
#4251,#4252,#4253),(#4254,#4255,#4256,#4257),(#4258,#4259,#4260,#4261)),
 .UNSPECIFIED.,.F.,.F.,.F.,(4,4),(4,4),(0.,1.),(0.,1.),.UNSPECIFIED.);
#164=B_SPLINE_SURFACE_WITH_KNOTS('',3,3,((#4266,#4267,#4268,#4269),(#4270,
#4271,#4272,#4273),(#4274,#4275,#4276,#4277),(#4278,#4279,#4280,#4281)),
 .UNSPECIFIED.,.F.,.F.,.F.,(4,4),(4,4),(0.,1.),(0.,1.),.UNSPECIFIED.);
#165=B_SPLINE_SURFACE_WITH_KNOTS('',3,3,((#4283,#4284,#4285,#4286),(#4287,
#4288,#4289,#4290),(#4291,#4292,#4293,#4294),(#4295,#4296,#4297,#4298)),
 .UNSPECIFIED.,.F.,.F.,.F.,(4,4),(4,4),(0.,1.),(0.,1.),.UNSPECIFIED.);
#166=B_SPLINE_SURFACE_WITH_KNOTS('',3,3,((#4301,#4302,#4303,#4304),(#4305,
#4306,#4307,#4308),(#4309,#4310,#4311,#4312),(#4313,#4314,#4315,#4316)),
 .UNSPECIFIED.,.F.,.F.,.F.,(4,4),(4,4),(0.,1.),(0.,1.),.UNSPECIFIED.);
#167=ADVANCED_FACE('',(#298),#247,.F.);
#168=ADVANCED_FACE('',(#299),#248,.F.);
#169=ADVANCED_FACE('',(#300),#158,.F.);
#170=ADVANCED_FACE('',(#116,#117),#249,.F.);
#171=ADVANCED_FACE('',(#301),#250,.F.);
#172=ADVANCED_FACE('',(#302),#251,.T.);
#173=ADVANCED_FACE('',(#303),#100,.T.);
#174=ADVANCED_FACE('',(#304),#252,.T.);
#175=ADVANCED_FACE('',(#305),#101,.T.);
#176=ADVANCED_FACE('',(#306),#253,.T.);
#177=ADVANCED_FACE('',(#307),#254,.F.);
#178=ADVANCED_FACE('',(#308),#102,.F.);
#179=ADVANCED_FACE('',(#309),#103,.F.);
#180=ADVANCED_FACE('',(#310),#159,.F.);
#181=ADVANCED_FACE('',(#311),#160,.T.);
#182=ADVANCED_FACE('',(#312),#161,.F.);
#183=ADVANCED_FACE('',(#313),#255,.F.);
#184=ADVANCED_FACE('',(#118,#119),#256,.T.);
#185=ADVANCED_FACE('',(#314),#257,.F.);
#186=ADVANCED_FACE('',(#315),#258,.T.);
#187=ADVANCED_FACE('',(#316),#259,.T.);
#188=ADVANCED_FACE('',(#317),#260,.T.);
#189=ADVANCED_FACE('',(#318),#261,.T.);
#190=ADVANCED_FACE('',(#319),#262,.F.);
#191=ADVANCED_FACE('',(#320),#263,.T.);
#192=ADVANCED_FACE('',(#321),#264,.T.);
#193=ADVANCED_FACE('',(#322),#265,.T.);
#194=ADVANCED_FACE('',(#323),#266,.T.);
#195=ADVANCED_FACE('',(#324),#267,.T.);
#196=ADVANCED_FACE('',(#325),#268,.F.);
#197=ADVANCED_FACE('',(#326),#269,.F.);
#198=ADVANCED_FACE('',(#327),#270,.T.);
#199=ADVANCED_FACE('',(#328),#162,.F.);
#200=ADVANCED_FACE('',(#329),#271,.T.);
#201=ADVANCED_FACE('',(#330),#96,.T.);
#202=ADVANCED_FACE('',(#331),#104,.T.);
#203=ADVANCED_FACE('',(#332),#97,.T.);
#204=ADVANCED_FACE('',(#333),#105,.T.);
#205=ADVANCED_FACE('',(#334),#98,.T.);
#206=ADVANCED_FACE('',(#335),#106,.T.);
#207=ADVANCED_FACE('',(#336),#99,.T.);
#208=ADVANCED_FACE('',(#337),#107,.T.);
#209=ADVANCED_FACE('',(#338),#272,.T.);
#210=ADVANCED_FACE('',(#339),#273,.T.);
#211=ADVANCED_FACE('',(#120,#121),#274,.F.);
#212=ADVANCED_FACE('',(#340),#275,.T.);
#213=ADVANCED_FACE('',(#341),#276,.T.);
#214=ADVANCED_FACE('',(#342),#277,.F.);
#215=ADVANCED_FACE('',(#343),#278,.T.);
#216=ADVANCED_FACE('',(#344),#279,.T.);
#217=ADVANCED_FACE('',(#345),#280,.F.);
#218=ADVANCED_FACE('',(#346),#281,.T.);
#219=ADVANCED_FACE('',(#347),#282,.F.);
#220=ADVANCED_FACE('',(#122,#123),#283,.F.);
#221=ADVANCED_FACE('',(#348),#284,.T.);
#222=ADVANCED_FACE('',(#349),#285,.T.);
#223=ADVANCED_FACE('',(#350),#108,.T.);
#224=ADVANCED_FACE('',(#351),#109,.T.);
#225=ADVANCED_FACE('',(#352),#286,.F.);
#226=ADVANCED_FACE('',(#353),#287,.F.);
#227=ADVANCED_FACE('',(#354),#110,.F.);
#228=ADVANCED_FACE('',(#355),#111,.F.);
#229=ADVANCED_FACE('',(#356),#288,.F.);
#230=ADVANCED_FACE('',(#357),#289,.F.);
#231=ADVANCED_FACE('',(#358),#290,.F.);
#232=ADVANCED_FACE('',(#359),#112,.T.);
#233=ADVANCED_FACE('',(#360),#113,.T.);
#234=ADVANCED_FACE('',(#361),#291,.T.);
#235=ADVANCED_FACE('',(#362),#114,.F.);
#236=ADVANCED_FACE('',(#363),#115,.F.);
#237=ADVANCED_FACE('',(#364),#292,.F.);
#238=ADVANCED_FACE('',(#365),#293,.F.);
#239=ADVANCED_FACE('',(#366),#294,.F.);
#240=ADVANCED_FACE('',(#367),#295,.F.);
#241=ADVANCED_FACE('',(#368),#163,.F.);
#242=ADVANCED_FACE('',(#369),#164,.F.);
#243=ADVANCED_FACE('',(#370),#165,.F.);
#244=ADVANCED_FACE('',(#371),#296,.F.);
#245=ADVANCED_FACE('',(#372),#166,.F.);
#246=ADVANCED_FACE('',(#373),#297,.F.);
#247=PLANE('',#1520);
#248=PLANE('',#1521);
#249=PLANE('',#1524);
#250=PLANE('',#1527);
#251=PLANE('',#1528);
#252=PLANE('',#1530);
#253=PLANE('',#1532);
#254=PLANE('',#1535);
#255=PLANE('',#1538);
#256=PLANE('',#1539);
#257=PLANE('',#1540);
#258=PLANE('',#1541);
#259=PLANE('',#1542);
#260=PLANE('',#1543);
#261=PLANE('',#1544);
#262=PLANE('',#1545);
#263=PLANE('',#1546);
#264=PLANE('',#1547);
#265=PLANE('',#1548);
#266=PLANE('',#1549);
#267=PLANE('',#1550);
#268=PLANE('',#1551);
#269=PLANE('',#1552);
#270=PLANE('',#1553);
#271=PLANE('',#1554);
#272=PLANE('',#1575);
#273=PLANE('',#1576);
#274=PLANE('',#1577);
#275=PLANE('',#1578);
#276=PLANE('',#1579);
#277=PLANE('',#1580);
#278=PLANE('',#1581);
#279=PLANE('',#1582);
#280=PLANE('',#1583);
#281=PLANE('',#1584);
#282=PLANE('',#1589);
#283=PLANE('',#1594);
#284=PLANE('',#1595);
#285=PLANE('',#1596);
#286=PLANE('',#1599);
#287=PLANE('',#1600);
#288=PLANE('',#1607);
#289=PLANE('',#1608);
#290=PLANE('',#1613);
#291=PLANE('',#1616);
#292=PLANE('',#1619);
#293=PLANE('',#1620);
#294=PLANE('',#1621);
#295=PLANE('',#1622);
#296=PLANE('',#1623);
#297=PLANE('',#1624);
#298=FACE_OUTER_BOUND('',#374,.T.);
#299=FACE_OUTER_BOUND('',#375,.T.);
#300=FACE_OUTER_BOUND('',#376,.T.);
#301=FACE_OUTER_BOUND('',#379,.T.);
#302=FACE_OUTER_BOUND('',#380,.T.);
#303=FACE_OUTER_BOUND('',#381,.T.);
#304=FACE_OUTER_BOUND('',#382,.T.);
#305=FACE_OUTER_BOUND('',#383,.T.);
#306=FACE_OUTER_BOUND('',#384,.T.);
#307=FACE_OUTER_BOUND('',#385,.T.);
#308=FACE_OUTER_BOUND('',#386,.T.);
#309=FACE_OUTER_BOUND('',#387,.T.);
#310=FACE_OUTER_BOUND('',#388,.T.);
#311=FACE_OUTER_BOUND('',#389,.T.);
#312=FACE_OUTER_BOUND('',#390,.T.);
#313=FACE_OUTER_BOUND('',#391,.T.);
#314=FACE_OUTER_BOUND('',#394,.T.);
#315=FACE_OUTER_BOUND('',#395,.T.);
#316=FACE_OUTER_BOUND('',#396,.T.);
#317=FACE_OUTER_BOUND('',#397,.T.);
#318=FACE_OUTER_BOUND('',#398,.T.);
#319=FACE_OUTER_BOUND('',#399,.T.);
#320=FACE_OUTER_BOUND('',#400,.T.);
#321=FACE_OUTER_BOUND('',#401,.T.);
#322=FACE_OUTER_BOUND('',#402,.T.);
#323=FACE_OUTER_BOUND('',#403,.T.);
#324=FACE_OUTER_BOUND('',#404,.T.);
#325=FACE_OUTER_BOUND('',#405,.T.);
#326=FACE_OUTER_BOUND('',#406,.T.);
#327=FACE_OUTER_BOUND('',#407,.T.);
#328=FACE_OUTER_BOUND('',#408,.T.);
#329=FACE_OUTER_BOUND('',#409,.T.);
#330=FACE_OUTER_BOUND('',#410,.T.);
#331=FACE_OUTER_BOUND('',#411,.T.);
#332=FACE_OUTER_BOUND('',#412,.T.);
#333=FACE_OUTER_BOUND('',#413,.T.);
#334=FACE_OUTER_BOUND('',#414,.T.);
#335=FACE_OUTER_BOUND('',#415,.T.);
#336=FACE_OUTER_BOUND('',#416,.T.);
#337=FACE_OUTER_BOUND('',#417,.T.);
#338=FACE_OUTER_BOUND('',#418,.T.);
#339=FACE_OUTER_BOUND('',#419,.T.);
#340=FACE_OUTER_BOUND('',#422,.T.);
#341=FACE_OUTER_BOUND('',#423,.T.);
#342=FACE_OUTER_BOUND('',#424,.T.);
#343=FACE_OUTER_BOUND('',#425,.T.);
#344=FACE_OUTER_BOUND('',#426,.T.);
#345=FACE_OUTER_BOUND('',#427,.T.);
#346=FACE_OUTER_BOUND('',#428,.T.);
#347=FACE_OUTER_BOUND('',#429,.T.);
#348=FACE_OUTER_BOUND('',#432,.T.);
#349=FACE_OUTER_BOUND('',#433,.T.);
#350=FACE_OUTER_BOUND('',#434,.T.);
#351=FACE_OUTER_BOUND('',#435,.T.);
#352=FACE_OUTER_BOUND('',#436,.T.);
#353=FACE_OUTER_BOUND('',#437,.T.);
#354=FACE_OUTER_BOUND('',#438,.T.);
#355=FACE_OUTER_BOUND('',#439,.T.);
#356=FACE_OUTER_BOUND('',#440,.T.);
#357=FACE_OUTER_BOUND('',#441,.T.);
#358=FACE_OUTER_BOUND('',#442,.T.);
#359=FACE_OUTER_BOUND('',#443,.T.);
#360=FACE_OUTER_BOUND('',#444,.T.);
#361=FACE_OUTER_BOUND('',#445,.T.);
#362=FACE_OUTER_BOUND('',#446,.T.);
#363=FACE_OUTER_BOUND('',#447,.T.);
#364=FACE_OUTER_BOUND('',#448,.T.);
#365=FACE_OUTER_BOUND('',#449,.T.);
#366=FACE_OUTER_BOUND('',#450,.T.);
#367=FACE_OUTER_BOUND('',#451,.T.);
#368=FACE_OUTER_BOUND('',#452,.T.);
#369=FACE_OUTER_BOUND('',#453,.T.);
#370=FACE_OUTER_BOUND('',#454,.T.);
#371=FACE_OUTER_BOUND('',#455,.T.);
#372=FACE_OUTER_BOUND('',#456,.T.);
#373=FACE_OUTER_BOUND('',#457,.T.);
#374=EDGE_LOOP('',(#499,#500,#501,#502,#503,#504));
#375=EDGE_LOOP('',(#505,#506,#507,#508,#509,#510));
#376=EDGE_LOOP('',(#511,#512,#513,#514,#515,#516,#517,#518,#519,#520,#521,
#522,#523,#524,#525,#526,#527));
#377=EDGE_LOOP('',(#528,#529,#530,#531));
#378=EDGE_LOOP('',(#532,#533,#534,#535));
#379=EDGE_LOOP('',(#536,#537,#538,#539));
#380=EDGE_LOOP('',(#540,#541,#542,#543));
#381=EDGE_LOOP('',(#544,#545,#546,#547));
#382=EDGE_LOOP('',(#548,#549,#550,#551,#552,#553));
#383=EDGE_LOOP('',(#554,#555,#556,#557));
#384=EDGE_LOOP('',(#558,#559,#560,#561));
#385=EDGE_LOOP('',(#562,#563,#564,#565));
#386=EDGE_LOOP('',(#566,#567,#568,#569));
#387=EDGE_LOOP('',(#570,#571,#572,#573));
#388=EDGE_LOOP('',(#574,#575,#576,#577));
#389=EDGE_LOOP('',(#578,#579,#580,#581));
#390=EDGE_LOOP('',(#582,#583,#584,#585,#586,#587,#588,#589,#590,#591,#592,
#593,#594));
#391=EDGE_LOOP('',(#595,#596,#597,#598,#599,#600,#601,#602,#603,#604,#605,
#606,#607,#608,#609));
#392=EDGE_LOOP('',(#610,#611,#612,#613,#614));
#393=EDGE_LOOP('',(#615,#616,#617,#618,#619,#620,#621,#622,#623,#624,#625,
#626,#627));
#394=EDGE_LOOP('',(#628,#629,#630,#631));
#395=EDGE_LOOP('',(#632,#633,#634,#635));
#396=EDGE_LOOP('',(#636,#637,#638,#639));
#397=EDGE_LOOP('',(#640,#641,#642,#643,#644,#645));
#398=EDGE_LOOP('',(#646,#647,#648,#649));
#399=EDGE_LOOP('',(#650,#651,#652,#653,#654,#655,#656,#657));
#400=EDGE_LOOP('',(#658,#659,#660,#661,#662,#663,#664,#665));
#401=EDGE_LOOP('',(#666,#667,#668,#669,#670,#671));
#402=EDGE_LOOP('',(#672,#673,#674,#675));
#403=EDGE_LOOP('',(#676,#677,#678,#679));
#404=EDGE_LOOP('',(#680,#681,#682,#683));
#405=EDGE_LOOP('',(#684,#685,#686,#687));
#406=EDGE_LOOP('',(#688,#689,#690,#691,#692,#693,#694,#695));
#407=EDGE_LOOP('',(#696,#697,#698,#699,#700,#701,#702,#703));
#408=EDGE_LOOP('',(#704,#705,#706));
#409=EDGE_LOOP('',(#707,#708,#709,#710));
#410=EDGE_LOOP('',(#711,#712,#713));
#411=EDGE_LOOP('',(#714,#715,#716,#717));
#412=EDGE_LOOP('',(#718,#719,#720));
#413=EDGE_LOOP('',(#721,#722,#723,#724));
#414=EDGE_LOOP('',(#725,#726,#727));
#415=EDGE_LOOP('',(#728,#729,#730,#731));
#416=EDGE_LOOP('',(#732,#733,#734));
#417=EDGE_LOOP('',(#735,#736,#737,#738));
#418=EDGE_LOOP('',(#739,#740,#741,#742));
#419=EDGE_LOOP('',(#743,#744,#745,#746));
#420=EDGE_LOOP('',(#747,#748,#749,#750,#751,#752,#753,#754));
#421=EDGE_LOOP('',(#755,#756,#757,#758));
#422=EDGE_LOOP('',(#759,#760,#761,#762,#763));
#423=EDGE_LOOP('',(#764,#765,#766,#767,#768));
#424=EDGE_LOOP('',(#769,#770,#771,#772,#773,#774,#775,#776));
#425=EDGE_LOOP('',(#777,#778,#779));
#426=EDGE_LOOP('',(#780,#781,#782));
#427=EDGE_LOOP('',(#783,#784,#785));
#428=EDGE_LOOP('',(#786,#787,#788));
#429=EDGE_LOOP('',(#789,#790,#791,#792,#793,#794,#795,#796));
#430=EDGE_LOOP('',(#797,#798,#799,#800));
#431=EDGE_LOOP('',(#801,#802,#803,#804));
#432=EDGE_LOOP('',(#805,#806,#807,#808));
#433=EDGE_LOOP('',(#809,#810,#811,#812));
#434=EDGE_LOOP('',(#813,#814,#815,#816));
#435=EDGE_LOOP('',(#817,#818,#819,#820));
#436=EDGE_LOOP('',(#821,#822,#823,#824));
#437=EDGE_LOOP('',(#825,#826,#827,#828));
#438=EDGE_LOOP('',(#829,#830,#831,#832));
#439=EDGE_LOOP('',(#833,#834,#835,#836));
#440=EDGE_LOOP('',(#837,#838,#839,#840,#841,#842,#843,#844));
#441=EDGE_LOOP('',(#845,#846,#847,#848));
#442=EDGE_LOOP('',(#849,#850,#851,#852,#853,#854,#855,#856));
#443=EDGE_LOOP('',(#857,#858,#859,#860));
#444=EDGE_LOOP('',(#861,#862,#863,#864));
#445=EDGE_LOOP('',(#865,#866,#867,#868));
#446=EDGE_LOOP('',(#869,#870,#871,#872));
#447=EDGE_LOOP('',(#873,#874,#875,#876));
#448=EDGE_LOOP('',(#877,#878,#879,#880));
#449=EDGE_LOOP('',(#881,#882,#883,#884));
#450=EDGE_LOOP('',(#885,#886,#887,#888));
#451=EDGE_LOOP('',(#889,#890,#891,#892));
#452=EDGE_LOOP('',(#893,#894,#895,#896));
#453=EDGE_LOOP('',(#897,#898,#899,#900));
#454=EDGE_LOOP('',(#901,#902,#903));
#455=EDGE_LOOP('',(#904,#905,#906,#907));
#456=EDGE_LOOP('',(#908,#909,#910));
#457=EDGE_LOOP('',(#911,#912,#913,#914));
#458=B_SPLINE_CURVE_WITH_KNOTS('',3,(#1974,#1975,#1976,#1977),
 .UNSPECIFIED.,.F.,.F.,(4,4),(0.,1.),.UNSPECIFIED.);
#459=B_SPLINE_CURVE_WITH_KNOTS('',3,(#1990,#1991,#1992,#1993),
 .UNSPECIFIED.,.F.,.F.,(4,4),(0.,1.),.UNSPECIFIED.);
#460=B_SPLINE_CURVE_WITH_KNOTS('',3,(#2003,#2004,#2005,#2006,#2007,#2008),
 .UNSPECIFIED.,.F.,.F.,(4,2,4),(0.,0.5,1.),.UNSPECIFIED.);
#461=B_SPLINE_CURVE_WITH_KNOTS('',3,(#2011,#2012,#2013,#2014,#2015,#2016),
 .UNSPECIFIED.,.F.,.F.,(4,1,1,4),(0.,0.384257334751088,0.849748730179615,
1.),.UNSPECIFIED.);
#462=B_SPLINE_CURVE_WITH_KNOTS('',3,(#2018,#2019,#2020,#2021),
 .UNSPECIFIED.,.F.,.F.,(4,4),(0.,1.),.UNSPECIFIED.);
#463=B_SPLINE_CURVE_WITH_KNOTS('',3,(#2023,#2024,#2025,#2026,#2027,#2028,
#2029,#2030,#2031,#2032),.UNSPECIFIED.,.F.,.F.,(4,1,1,1,1,1,1,4),(0.,0.00706548555586114,
0.0339015535138108,0.0875736894297102,0.14124582534561,0.355934369009207,
0.570622912672805,1.),.UNSPECIFIED.);
#464=B_SPLINE_CURVE_WITH_KNOTS('',3,(#2034,#2035,#2036,#2037),
 .UNSPECIFIED.,.F.,.F.,(4,4),(0.,1.),.UNSPECIFIED.);
#465=B_SPLINE_CURVE_WITH_KNOTS('',3,(#2039,#2040,#2041,#2042,#2043,#2044,
#2045,#2046,#2047,#2048),.UNSPECIFIED.,.F.,.F.,(4,1,1,1,1,1,1,4),(0.,0.429378627855324,
0.644067941782986,0.858757255710649,0.912429584192564,0.96610191267448,
0.992938076915437,1.),.UNSPECIFIED.);
#466=B_SPLINE_CURVE_WITH_KNOTS('',3,(#2050,#2051,#2052,#2053,#2054,#2055,
#2056,#2057,#2058,#2059,#2060,#2061,#2062,#2063),.UNSPECIFIED.,.F.,.F.,
(4,1,1,1,1,1,1,1,1,1,1,4),(0.,0.0419250150586139,0.155720187375881,0.269515359693148,
0.383310532010414,0.497105704327681,0.610900876644948,0.724696048962215,
0.838491221279482,0.952286393596749,0.980735186676065,1.),.UNSPECIFIED.);
#467=B_SPLINE_CURVE_WITH_KNOTS('',3,(#2065,#2066,#2067,#2068,#2069,#2070,
#2071,#2072,#2073,#2074,#2075,#2076,#2077,#2078,#2079,#2080,#2081),
 .UNSPECIFIED.,.F.,.F.,(4,1,1,1,1,1,1,1,1,1,1,1,1,1,4),(0.,0.00240802552164171,
0.00986725579213012,0.0173264860626185,0.0770003282265259,0.136674170390433,
0.375369539046062,0.454934661931272,0.614064907701692,0.852760276357321,
0.912434118521228,0.964648730414647,0.972107960685136,0.987026421226113,
1.),.UNSPECIFIED.);
#468=B_SPLINE_CURVE_WITH_KNOTS('',3,(#2083,#2084,#2085,#2086,#2087,#2088,
#2089,#2090,#2091,#2092,#2093,#2094,#2095),.UNSPECIFIED.,.F.,.F.,(4,1,1,
1,1,1,1,1,1,1,4),(0.,0.00741772376230408,0.12121489243792,0.235012061113535,
0.348809229789151,0.500538788023305,0.652268346257459,0.803997904491613,
0.955727462725767,0.993659852284306,1.),.UNSPECIFIED.);
#469=B_SPLINE_CURVE_WITH_KNOTS('',3,(#2097,#2098,#2099,#2100,#2101,#2102,
#2103,#2104),.UNSPECIFIED.,.F.,.F.,(4,1,1,1,1,4),(0.,0.0177835964395699,
0.0604886574639364,0.145898779512669,0.316719023610136,1.),
 .UNSPECIFIED.);
#470=B_SPLINE_CURVE_WITH_KNOTS('',3,(#2106,#2107,#2108,#2109),
 .UNSPECIFIED.,.F.,.F.,(4,4),(0.,1.),.UNSPECIFIED.);
#471=B_SPLINE_CURVE_WITH_KNOTS('',3,(#2111,#2112,#2113,#2114,#2115,#2116,
#2117,#2118),.UNSPECIFIED.,.F.,.F.,(4,1,1,1,1,4),(0.,0.683280107278903,
0.854100134098628,0.939510147508491,0.982215154213422,1.),.UNSPECIFIED.);
#472=B_SPLINE_CURVE_WITH_KNOTS('',3,(#2120,#2121,#2122,#2123),
 .UNSPECIFIED.,.F.,.F.,(4,4),(0.,1.),.UNSPECIFIED.);
#473=B_SPLINE_CURVE_WITH_KNOTS('',3,(#2125,#2126,#2127,#2128),
 .UNSPECIFIED.,.F.,.F.,(4,4),(0.,1.),.UNSPECIFIED.);
#474=B_SPLINE_CURVE_WITH_KNOTS('',3,(#2130,#2131,#2132,#2133,#2134,#2135,
#2136,#2137),.UNSPECIFIED.,.F.,.F.,(4,1,1,1,1,4),(0.,0.103668947218421,
0.222866201664971,0.282464828888246,0.69965521945117,1.),.UNSPECIFIED.);
#475=B_SPLINE_CURVE_WITH_KNOTS('',3,(#2139,#2140,#2141,#2142,#2143,#2144),
 .UNSPECIFIED.,.F.,.F.,(4,2,4),(0.,0.5,1.),.UNSPECIFIED.);
#476=B_SPLINE_CURVE_WITH_KNOTS('',3,(#2146,#2147,#2148,#2149,#2150,#2151,
#2152),.UNSPECIFIED.,.F.,.F.,(4,1,1,1,4),(0.,0.094897704277763,0.402243581361444,
0.555916519903284,1.),.UNSPECIFIED.);
#477=B_SPLINE_CURVE_WITH_KNOTS('',1,(#3162,#3163),.UNSPECIFIED.,.F.,.F.,
(2,2),(0.,1.),.UNSPECIFIED.);
#478=B_SPLINE_CURVE_WITH_KNOTS('',3,(#3167,#3168,#3169,#3170),
 .UNSPECIFIED.,.F.,.F.,(4,4),(0.,1.),.UNSPECIFIED.);
#479=B_SPLINE_CURVE_WITH_KNOTS('',1,(#3179,#3180),.UNSPECIFIED.,.F.,.F.,
(2,2),(0.,1.),.UNSPECIFIED.);
#480=B_SPLINE_CURVE_WITH_KNOTS('',3,(#3182,#3183,#3184,#3185),
 .UNSPECIFIED.,.F.,.F.,(4,4),(0.,1.),.UNSPECIFIED.);
#481=B_SPLINE_CURVE_WITH_KNOTS('',3,(#3196,#3197,#3198,#3199),
 .UNSPECIFIED.,.F.,.F.,(4,4),(0.,1.),.UNSPECIFIED.);
#482=B_SPLINE_CURVE_WITH_KNOTS('',3,(#3201,#3202,#3203,#3204),
 .UNSPECIFIED.,.F.,.F.,(4,4),(0.,1.),.UNSPECIFIED.);
#483=B_SPLINE_CURVE_WITH_KNOTS('',3,(#3206,#3207,#3208,#3209),
 .UNSPECIFIED.,.F.,.F.,(4,4),(0.,1.),.UNSPECIFIED.);
#484=B_SPLINE_CURVE_WITH_KNOTS('',3,(#3211,#3212,#3213,#3214),
 .UNSPECIFIED.,.F.,.F.,(4,4),(0.,1.),.UNSPECIFIED.);
#485=B_SPLINE_CURVE_WITH_KNOTS('',3,(#3216,#3217,#3218,#3219),
 .UNSPECIFIED.,.F.,.F.,(4,4),(0.,1.),.UNSPECIFIED.);
#486=B_SPLINE_CURVE_WITH_KNOTS('',3,(#3221,#3222,#3223,#3224),
 .UNSPECIFIED.,.F.,.F.,(4,4),(0.,1.),.UNSPECIFIED.);
#487=B_SPLINE_CURVE_WITH_KNOTS('',3,(#3225,#3226,#3227,#3228),
 .UNSPECIFIED.,.F.,.F.,(4,4),(0.,1.),.UNSPECIFIED.);
#488=B_SPLINE_CURVE_WITH_KNOTS('',3,(#3230,#3231,#3232,#3233),
 .UNSPECIFIED.,.F.,.F.,(4,4),(0.,1.),.UNSPECIFIED.);
#489=B_SPLINE_CURVE_WITH_KNOTS('',3,(#3235,#3236,#3237,#3238,#3239,#3240,
#3241,#3242,#3243,#3244,#3245,#3246,#3247,#3248),.UNSPECIFIED.,.F.,.F.,
(4,2,2,2,2,2,4),(0.,0.0624999999999999,0.125,0.25,0.375,0.5,1.),
 .UNSPECIFIED.);
#490=B_SPLINE_CURVE_WITH_KNOTS('',3,(#3250,#3251,#3252,#3253),
 .UNSPECIFIED.,.F.,.F.,(4,4),(0.,1.),.UNSPECIFIED.);
#491=B_SPLINE_CURVE_WITH_KNOTS('',3,(#3255,#3256,#3257,#3258),
 .UNSPECIFIED.,.F.,.F.,(4,4),(0.,1.),.UNSPECIFIED.);
#492=B_SPLINE_CURVE_WITH_KNOTS('',3,(#3964,#3965,#3966,#3967,#3968,#3969,
#3970),.UNSPECIFIED.,.F.,.F.,(4,3,4),(0.,0.370738128273203,1.),
 .UNSPECIFIED.);
#493=B_SPLINE_CURVE_WITH_KNOTS('',3,(#3990,#3991,#3992,#3993),
 .UNSPECIFIED.,.F.,.F.,(4,4),(0.,1.),.UNSPECIFIED.);
#494=B_SPLINE_CURVE_WITH_KNOTS('',3,(#3995,#3996,#3997,#3998),
 .UNSPECIFIED.,.F.,.F.,(4,4),(0.,1.),.UNSPECIFIED.);
#495=B_SPLINE_CURVE_WITH_KNOTS('',3,(#4031,#4032,#4033,#4034),
 .UNSPECIFIED.,.F.,.F.,(4,4),(0.,1.),.UNSPECIFIED.);
#496=B_SPLINE_CURVE_WITH_KNOTS('',3,(#4066,#4067,#4068,#4069,#4070,#4071,
#4072),.UNSPECIFIED.,.F.,.F.,(4,3,4),(0.,0.698619726528055,1.),
 .UNSPECIFIED.);
#497=B_SPLINE_CURVE_WITH_KNOTS('',3,(#4242,#4243,#4244,#4245),
 .UNSPECIFIED.,.F.,.F.,(4,4),(0.,1.),.UNSPECIFIED.);
#498=B_SPLINE_CURVE_WITH_KNOTS('',3,(#4262,#4263,#4264,#4265),
 .UNSPECIFIED.,.F.,.F.,(4,4),(0.,1.),.UNSPECIFIED.);
#499=ORIENTED_EDGE('',*,*,#1045,.F.);
#500=ORIENTED_EDGE('',*,*,#1046,.T.);
#501=ORIENTED_EDGE('',*,*,#1047,.T.);
#502=ORIENTED_EDGE('',*,*,#1048,.T.);
#503=ORIENTED_EDGE('',*,*,#1049,.T.);
#504=ORIENTED_EDGE('',*,*,#1050,.F.);
#505=ORIENTED_EDGE('',*,*,#1051,.T.);
#506=ORIENTED_EDGE('',*,*,#1052,.T.);
#507=ORIENTED_EDGE('',*,*,#1053,.F.);
#508=ORIENTED_EDGE('',*,*,#1054,.F.);
#509=ORIENTED_EDGE('',*,*,#1055,.F.);
#510=ORIENTED_EDGE('',*,*,#1056,.T.);
#511=ORIENTED_EDGE('',*,*,#1057,.T.);
#512=ORIENTED_EDGE('',*,*,#1058,.T.);
#513=ORIENTED_EDGE('',*,*,#1059,.F.);
#514=ORIENTED_EDGE('',*,*,#1060,.T.);
#515=ORIENTED_EDGE('',*,*,#1061,.F.);
#516=ORIENTED_EDGE('',*,*,#1062,.T.);
#517=ORIENTED_EDGE('',*,*,#1063,.T.);
#518=ORIENTED_EDGE('',*,*,#1064,.T.);
#519=ORIENTED_EDGE('',*,*,#1065,.T.);
#520=ORIENTED_EDGE('',*,*,#1066,.T.);
#521=ORIENTED_EDGE('',*,*,#1067,.F.);
#522=ORIENTED_EDGE('',*,*,#1068,.T.);
#523=ORIENTED_EDGE('',*,*,#1069,.F.);
#524=ORIENTED_EDGE('',*,*,#1070,.T.);
#525=ORIENTED_EDGE('',*,*,#1071,.T.);
#526=ORIENTED_EDGE('',*,*,#1072,.T.);
#527=ORIENTED_EDGE('',*,*,#1073,.T.);
#528=ORIENTED_EDGE('',*,*,#1074,.F.);
#529=ORIENTED_EDGE('',*,*,#1075,.T.);
#530=ORIENTED_EDGE('',*,*,#1076,.F.);
#531=ORIENTED_EDGE('',*,*,#1077,.F.);
#532=ORIENTED_EDGE('',*,*,#1078,.T.);
#533=ORIENTED_EDGE('',*,*,#1079,.F.);
#534=ORIENTED_EDGE('',*,*,#1080,.T.);
#535=ORIENTED_EDGE('',*,*,#1081,.T.);
#536=ORIENTED_EDGE('',*,*,#1082,.T.);
#537=ORIENTED_EDGE('',*,*,#1079,.T.);
#538=ORIENTED_EDGE('',*,*,#1083,.T.);
#539=ORIENTED_EDGE('',*,*,#1084,.T.);
#540=ORIENTED_EDGE('',*,*,#1085,.T.);
#541=ORIENTED_EDGE('',*,*,#1076,.T.);
#542=ORIENTED_EDGE('',*,*,#1086,.T.);
#543=ORIENTED_EDGE('',*,*,#1064,.F.);
#544=ORIENTED_EDGE('',*,*,#1077,.T.);
#545=ORIENTED_EDGE('',*,*,#1085,.F.);
#546=ORIENTED_EDGE('',*,*,#1063,.F.);
#547=ORIENTED_EDGE('',*,*,#1087,.F.);
#548=ORIENTED_EDGE('',*,*,#1088,.T.);
#549=ORIENTED_EDGE('',*,*,#1074,.T.);
#550=ORIENTED_EDGE('',*,*,#1087,.T.);
#551=ORIENTED_EDGE('',*,*,#1062,.F.);
#552=ORIENTED_EDGE('',*,*,#1089,.T.);
#553=ORIENTED_EDGE('',*,*,#1066,.F.);
#554=ORIENTED_EDGE('',*,*,#1075,.F.);
#555=ORIENTED_EDGE('',*,*,#1088,.F.);
#556=ORIENTED_EDGE('',*,*,#1065,.F.);
#557=ORIENTED_EDGE('',*,*,#1086,.F.);
#558=ORIENTED_EDGE('',*,*,#1084,.F.);
#559=ORIENTED_EDGE('',*,*,#1090,.F.);
#560=ORIENTED_EDGE('',*,*,#1091,.T.);
#561=ORIENTED_EDGE('',*,*,#1092,.T.);
#562=ORIENTED_EDGE('',*,*,#1091,.F.);
#563=ORIENTED_EDGE('',*,*,#1093,.T.);
#564=ORIENTED_EDGE('',*,*,#1081,.F.);
#565=ORIENTED_EDGE('',*,*,#1094,.T.);
#566=ORIENTED_EDGE('',*,*,#1093,.F.);
#567=ORIENTED_EDGE('',*,*,#1090,.T.);
#568=ORIENTED_EDGE('',*,*,#1083,.F.);
#569=ORIENTED_EDGE('',*,*,#1078,.F.);
#570=ORIENTED_EDGE('',*,*,#1094,.F.);
#571=ORIENTED_EDGE('',*,*,#1080,.F.);
#572=ORIENTED_EDGE('',*,*,#1082,.F.);
#573=ORIENTED_EDGE('',*,*,#1092,.F.);
#574=ORIENTED_EDGE('',*,*,#1095,.F.);
#575=ORIENTED_EDGE('',*,*,#1067,.T.);
#576=ORIENTED_EDGE('',*,*,#1096,.T.);
#577=ORIENTED_EDGE('',*,*,#1097,.T.);
#578=ORIENTED_EDGE('',*,*,#1098,.T.);
#579=ORIENTED_EDGE('',*,*,#1099,.T.);
#580=ORIENTED_EDGE('',*,*,#1100,.F.);
#581=ORIENTED_EDGE('',*,*,#1061,.T.);
#582=ORIENTED_EDGE('',*,*,#1101,.F.);
#583=ORIENTED_EDGE('',*,*,#1102,.F.);
#584=ORIENTED_EDGE('',*,*,#1103,.F.);
#585=ORIENTED_EDGE('',*,*,#1104,.F.);
#586=ORIENTED_EDGE('',*,*,#1105,.F.);
#587=ORIENTED_EDGE('',*,*,#1106,.F.);
#588=ORIENTED_EDGE('',*,*,#1097,.F.);
#589=ORIENTED_EDGE('',*,*,#1107,.F.);
#590=ORIENTED_EDGE('',*,*,#1108,.F.);
#591=ORIENTED_EDGE('',*,*,#1109,.F.);
#592=ORIENTED_EDGE('',*,*,#1110,.F.);
#593=ORIENTED_EDGE('',*,*,#1111,.F.);
#594=ORIENTED_EDGE('',*,*,#1099,.F.);
#595=ORIENTED_EDGE('',*,*,#1071,.F.);
#596=ORIENTED_EDGE('',*,*,#1070,.F.);
#597=ORIENTED_EDGE('',*,*,#1112,.F.);
#598=ORIENTED_EDGE('',*,*,#1113,.F.);
#599=ORIENTED_EDGE('',*,*,#1114,.F.);
#600=ORIENTED_EDGE('',*,*,#1115,.T.);
#601=ORIENTED_EDGE('',*,*,#1116,.T.);
#602=ORIENTED_EDGE('',*,*,#1117,.T.);
#603=ORIENTED_EDGE('',*,*,#1118,.T.);
#604=ORIENTED_EDGE('',*,*,#1119,.T.);
#605=ORIENTED_EDGE('',*,*,#1120,.F.);
#606=ORIENTED_EDGE('',*,*,#1058,.F.);
#607=ORIENTED_EDGE('',*,*,#1057,.F.);
#608=ORIENTED_EDGE('',*,*,#1073,.F.);
#609=ORIENTED_EDGE('',*,*,#1072,.F.);
#610=ORIENTED_EDGE('',*,*,#1121,.T.);
#611=ORIENTED_EDGE('',*,*,#1122,.T.);
#612=ORIENTED_EDGE('',*,*,#1123,.T.);
#613=ORIENTED_EDGE('',*,*,#1124,.F.);
#614=ORIENTED_EDGE('',*,*,#1125,.F.);
#615=ORIENTED_EDGE('',*,*,#1126,.F.);
#616=ORIENTED_EDGE('',*,*,#1127,.F.);
#617=ORIENTED_EDGE('',*,*,#1128,.F.);
#618=ORIENTED_EDGE('',*,*,#1129,.F.);
#619=ORIENTED_EDGE('',*,*,#1130,.F.);
#620=ORIENTED_EDGE('',*,*,#1131,.F.);
#621=ORIENTED_EDGE('',*,*,#1132,.T.);
#622=ORIENTED_EDGE('',*,*,#1133,.T.);
#623=ORIENTED_EDGE('',*,*,#1134,.T.);
#624=ORIENTED_EDGE('',*,*,#1135,.T.);
#625=ORIENTED_EDGE('',*,*,#1104,.T.);
#626=ORIENTED_EDGE('',*,*,#1103,.T.);
#627=ORIENTED_EDGE('',*,*,#1136,.F.);
#628=ORIENTED_EDGE('',*,*,#1137,.F.);
#629=ORIENTED_EDGE('',*,*,#1138,.F.);
#630=ORIENTED_EDGE('',*,*,#1139,.T.);
#631=ORIENTED_EDGE('',*,*,#1056,.F.);
#632=ORIENTED_EDGE('',*,*,#1140,.F.);
#633=ORIENTED_EDGE('',*,*,#1141,.F.);
#634=ORIENTED_EDGE('',*,*,#1137,.T.);
#635=ORIENTED_EDGE('',*,*,#1055,.T.);
#636=ORIENTED_EDGE('',*,*,#1142,.T.);
#637=ORIENTED_EDGE('',*,*,#1140,.T.);
#638=ORIENTED_EDGE('',*,*,#1054,.T.);
#639=ORIENTED_EDGE('',*,*,#1143,.T.);
#640=ORIENTED_EDGE('',*,*,#1144,.F.);
#641=ORIENTED_EDGE('',*,*,#1145,.F.);
#642=ORIENTED_EDGE('',*,*,#1146,.T.);
#643=ORIENTED_EDGE('',*,*,#1138,.T.);
#644=ORIENTED_EDGE('',*,*,#1141,.T.);
#645=ORIENTED_EDGE('',*,*,#1142,.F.);
#646=ORIENTED_EDGE('',*,*,#1147,.F.);
#647=ORIENTED_EDGE('',*,*,#1098,.F.);
#648=ORIENTED_EDGE('',*,*,#1148,.T.);
#649=ORIENTED_EDGE('',*,*,#1145,.T.);
#650=ORIENTED_EDGE('',*,*,#1119,.F.);
#651=ORIENTED_EDGE('',*,*,#1149,.F.);
#652=ORIENTED_EDGE('',*,*,#1051,.F.);
#653=ORIENTED_EDGE('',*,*,#1139,.F.);
#654=ORIENTED_EDGE('',*,*,#1146,.F.);
#655=ORIENTED_EDGE('',*,*,#1148,.F.);
#656=ORIENTED_EDGE('',*,*,#1060,.F.);
#657=ORIENTED_EDGE('',*,*,#1150,.F.);
#658=ORIENTED_EDGE('',*,*,#1101,.T.);
#659=ORIENTED_EDGE('',*,*,#1147,.T.);
#660=ORIENTED_EDGE('',*,*,#1144,.T.);
#661=ORIENTED_EDGE('',*,*,#1143,.F.);
#662=ORIENTED_EDGE('',*,*,#1053,.T.);
#663=ORIENTED_EDGE('',*,*,#1151,.T.);
#664=ORIENTED_EDGE('',*,*,#1126,.T.);
#665=ORIENTED_EDGE('',*,*,#1152,.F.);
#666=ORIENTED_EDGE('',*,*,#1153,.F.);
#667=ORIENTED_EDGE('',*,*,#1154,.F.);
#668=ORIENTED_EDGE('',*,*,#1155,.F.);
#669=ORIENTED_EDGE('',*,*,#1156,.T.);
#670=ORIENTED_EDGE('',*,*,#1157,.T.);
#671=ORIENTED_EDGE('',*,*,#1158,.T.);
#672=ORIENTED_EDGE('',*,*,#1159,.F.);
#673=ORIENTED_EDGE('',*,*,#1158,.F.);
#674=ORIENTED_EDGE('',*,*,#1160,.T.);
#675=ORIENTED_EDGE('',*,*,#1095,.T.);
#676=ORIENTED_EDGE('',*,*,#1161,.T.);
#677=ORIENTED_EDGE('',*,*,#1154,.T.);
#678=ORIENTED_EDGE('',*,*,#1162,.T.);
#679=ORIENTED_EDGE('',*,*,#1050,.T.);
#680=ORIENTED_EDGE('',*,*,#1163,.T.);
#681=ORIENTED_EDGE('',*,*,#1155,.T.);
#682=ORIENTED_EDGE('',*,*,#1161,.F.);
#683=ORIENTED_EDGE('',*,*,#1049,.F.);
#684=ORIENTED_EDGE('',*,*,#1156,.F.);
#685=ORIENTED_EDGE('',*,*,#1163,.F.);
#686=ORIENTED_EDGE('',*,*,#1048,.F.);
#687=ORIENTED_EDGE('',*,*,#1164,.T.);
#688=ORIENTED_EDGE('',*,*,#1164,.F.);
#689=ORIENTED_EDGE('',*,*,#1047,.F.);
#690=ORIENTED_EDGE('',*,*,#1165,.F.);
#691=ORIENTED_EDGE('',*,*,#1113,.T.);
#692=ORIENTED_EDGE('',*,*,#1166,.F.);
#693=ORIENTED_EDGE('',*,*,#1068,.F.);
#694=ORIENTED_EDGE('',*,*,#1160,.F.);
#695=ORIENTED_EDGE('',*,*,#1157,.F.);
#696=ORIENTED_EDGE('',*,*,#1106,.T.);
#697=ORIENTED_EDGE('',*,*,#1167,.T.);
#698=ORIENTED_EDGE('',*,*,#1134,.F.);
#699=ORIENTED_EDGE('',*,*,#1168,.T.);
#700=ORIENTED_EDGE('',*,*,#1045,.T.);
#701=ORIENTED_EDGE('',*,*,#1162,.F.);
#702=ORIENTED_EDGE('',*,*,#1153,.T.);
#703=ORIENTED_EDGE('',*,*,#1159,.T.);
#704=ORIENTED_EDGE('',*,*,#1122,.F.);
#705=ORIENTED_EDGE('',*,*,#1169,.F.);
#706=ORIENTED_EDGE('',*,*,#1170,.T.);
#707=ORIENTED_EDGE('',*,*,#1171,.T.);
#708=ORIENTED_EDGE('',*,*,#1172,.T.);
#709=ORIENTED_EDGE('',*,*,#1173,.T.);
#710=ORIENTED_EDGE('',*,*,#1174,.T.);
#711=ORIENTED_EDGE('',*,*,#1175,.F.);
#712=ORIENTED_EDGE('',*,*,#1176,.F.);
#713=ORIENTED_EDGE('',*,*,#1177,.T.);
#714=ORIENTED_EDGE('',*,*,#1178,.F.);
#715=ORIENTED_EDGE('',*,*,#1179,.F.);
#716=ORIENTED_EDGE('',*,*,#1172,.F.);
#717=ORIENTED_EDGE('',*,*,#1176,.T.);
#718=ORIENTED_EDGE('',*,*,#1180,.F.);
#719=ORIENTED_EDGE('',*,*,#1181,.T.);
#720=ORIENTED_EDGE('',*,*,#1179,.T.);
#721=ORIENTED_EDGE('',*,*,#1182,.F.);
#722=ORIENTED_EDGE('',*,*,#1183,.T.);
#723=ORIENTED_EDGE('',*,*,#1173,.F.);
#724=ORIENTED_EDGE('',*,*,#1181,.F.);
#725=ORIENTED_EDGE('',*,*,#1184,.F.);
#726=ORIENTED_EDGE('',*,*,#1185,.T.);
#727=ORIENTED_EDGE('',*,*,#1183,.F.);
#728=ORIENTED_EDGE('',*,*,#1186,.F.);
#729=ORIENTED_EDGE('',*,*,#1187,.T.);
#730=ORIENTED_EDGE('',*,*,#1174,.F.);
#731=ORIENTED_EDGE('',*,*,#1185,.F.);
#732=ORIENTED_EDGE('',*,*,#1188,.F.);
#733=ORIENTED_EDGE('',*,*,#1189,.F.);
#734=ORIENTED_EDGE('',*,*,#1187,.F.);
#735=ORIENTED_EDGE('',*,*,#1190,.F.);
#736=ORIENTED_EDGE('',*,*,#1177,.F.);
#737=ORIENTED_EDGE('',*,*,#1171,.F.);
#738=ORIENTED_EDGE('',*,*,#1189,.T.);
#739=ORIENTED_EDGE('',*,*,#1191,.F.);
#740=ORIENTED_EDGE('',*,*,#1192,.F.);
#741=ORIENTED_EDGE('',*,*,#1193,.T.);
#742=ORIENTED_EDGE('',*,*,#1194,.T.);
#743=ORIENTED_EDGE('',*,*,#1125,.T.);
#744=ORIENTED_EDGE('',*,*,#1195,.T.);
#745=ORIENTED_EDGE('',*,*,#1192,.T.);
#746=ORIENTED_EDGE('',*,*,#1196,.F.);
#747=ORIENTED_EDGE('',*,*,#1190,.T.);
#748=ORIENTED_EDGE('',*,*,#1188,.T.);
#749=ORIENTED_EDGE('',*,*,#1186,.T.);
#750=ORIENTED_EDGE('',*,*,#1184,.T.);
#751=ORIENTED_EDGE('',*,*,#1182,.T.);
#752=ORIENTED_EDGE('',*,*,#1180,.T.);
#753=ORIENTED_EDGE('',*,*,#1178,.T.);
#754=ORIENTED_EDGE('',*,*,#1175,.T.);
#755=ORIENTED_EDGE('',*,*,#1195,.F.);
#756=ORIENTED_EDGE('',*,*,#1124,.T.);
#757=ORIENTED_EDGE('',*,*,#1197,.F.);
#758=ORIENTED_EDGE('',*,*,#1193,.F.);
#759=ORIENTED_EDGE('',*,*,#1123,.F.);
#760=ORIENTED_EDGE('',*,*,#1170,.F.);
#761=ORIENTED_EDGE('',*,*,#1198,.F.);
#762=ORIENTED_EDGE('',*,*,#1194,.F.);
#763=ORIENTED_EDGE('',*,*,#1197,.T.);
#764=ORIENTED_EDGE('',*,*,#1198,.T.);
#765=ORIENTED_EDGE('',*,*,#1169,.T.);
#766=ORIENTED_EDGE('',*,*,#1121,.F.);
#767=ORIENTED_EDGE('',*,*,#1196,.T.);
#768=ORIENTED_EDGE('',*,*,#1191,.T.);
#769=ORIENTED_EDGE('',*,*,#1107,.T.);
#770=ORIENTED_EDGE('',*,*,#1096,.F.);
#771=ORIENTED_EDGE('',*,*,#1089,.F.);
#772=ORIENTED_EDGE('',*,*,#1100,.T.);
#773=ORIENTED_EDGE('',*,*,#1111,.T.);
#774=ORIENTED_EDGE('',*,*,#1110,.T.);
#775=ORIENTED_EDGE('',*,*,#1109,.T.);
#776=ORIENTED_EDGE('',*,*,#1108,.T.);
#777=ORIENTED_EDGE('',*,*,#1112,.T.);
#778=ORIENTED_EDGE('',*,*,#1069,.T.);
#779=ORIENTED_EDGE('',*,*,#1166,.T.);
#780=ORIENTED_EDGE('',*,*,#1150,.T.);
#781=ORIENTED_EDGE('',*,*,#1059,.T.);
#782=ORIENTED_EDGE('',*,*,#1120,.T.);
#783=ORIENTED_EDGE('',*,*,#1135,.F.);
#784=ORIENTED_EDGE('',*,*,#1167,.F.);
#785=ORIENTED_EDGE('',*,*,#1105,.T.);
#786=ORIENTED_EDGE('',*,*,#1102,.T.);
#787=ORIENTED_EDGE('',*,*,#1152,.T.);
#788=ORIENTED_EDGE('',*,*,#1136,.T.);
#789=ORIENTED_EDGE('',*,*,#1199,.F.);
#790=ORIENTED_EDGE('',*,*,#1200,.T.);
#791=ORIENTED_EDGE('',*,*,#1201,.T.);
#792=ORIENTED_EDGE('',*,*,#1202,.T.);
#793=ORIENTED_EDGE('',*,*,#1203,.F.);
#794=ORIENTED_EDGE('',*,*,#1204,.F.);
#795=ORIENTED_EDGE('',*,*,#1205,.F.);
#796=ORIENTED_EDGE('',*,*,#1206,.F.);
#797=ORIENTED_EDGE('',*,*,#1207,.T.);
#798=ORIENTED_EDGE('',*,*,#1208,.T.);
#799=ORIENTED_EDGE('',*,*,#1209,.T.);
#800=ORIENTED_EDGE('',*,*,#1210,.T.);
#801=ORIENTED_EDGE('',*,*,#1211,.F.);
#802=ORIENTED_EDGE('',*,*,#1212,.F.);
#803=ORIENTED_EDGE('',*,*,#1213,.F.);
#804=ORIENTED_EDGE('',*,*,#1214,.F.);
#805=ORIENTED_EDGE('',*,*,#1208,.F.);
#806=ORIENTED_EDGE('',*,*,#1215,.T.);
#807=ORIENTED_EDGE('',*,*,#1201,.F.);
#808=ORIENTED_EDGE('',*,*,#1216,.T.);
#809=ORIENTED_EDGE('',*,*,#1217,.F.);
#810=ORIENTED_EDGE('',*,*,#1218,.T.);
#811=ORIENTED_EDGE('',*,*,#1210,.F.);
#812=ORIENTED_EDGE('',*,*,#1219,.T.);
#813=ORIENTED_EDGE('',*,*,#1218,.F.);
#814=ORIENTED_EDGE('',*,*,#1202,.F.);
#815=ORIENTED_EDGE('',*,*,#1215,.F.);
#816=ORIENTED_EDGE('',*,*,#1207,.F.);
#817=ORIENTED_EDGE('',*,*,#1216,.F.);
#818=ORIENTED_EDGE('',*,*,#1200,.F.);
#819=ORIENTED_EDGE('',*,*,#1219,.F.);
#820=ORIENTED_EDGE('',*,*,#1209,.F.);
#821=ORIENTED_EDGE('',*,*,#1214,.T.);
#822=ORIENTED_EDGE('',*,*,#1220,.F.);
#823=ORIENTED_EDGE('',*,*,#1205,.T.);
#824=ORIENTED_EDGE('',*,*,#1221,.F.);
#825=ORIENTED_EDGE('',*,*,#1222,.T.);
#826=ORIENTED_EDGE('',*,*,#1223,.F.);
#827=ORIENTED_EDGE('',*,*,#1212,.T.);
#828=ORIENTED_EDGE('',*,*,#1224,.F.);
#829=ORIENTED_EDGE('',*,*,#1224,.T.);
#830=ORIENTED_EDGE('',*,*,#1211,.T.);
#831=ORIENTED_EDGE('',*,*,#1221,.T.);
#832=ORIENTED_EDGE('',*,*,#1204,.T.);
#833=ORIENTED_EDGE('',*,*,#1220,.T.);
#834=ORIENTED_EDGE('',*,*,#1213,.T.);
#835=ORIENTED_EDGE('',*,*,#1223,.T.);
#836=ORIENTED_EDGE('',*,*,#1206,.T.);
#837=ORIENTED_EDGE('',*,*,#1225,.F.);
#838=ORIENTED_EDGE('',*,*,#1226,.T.);
#839=ORIENTED_EDGE('',*,*,#1227,.T.);
#840=ORIENTED_EDGE('',*,*,#1228,.F.);
#841=ORIENTED_EDGE('',*,*,#1229,.T.);
#842=ORIENTED_EDGE('',*,*,#1230,.T.);
#843=ORIENTED_EDGE('',*,*,#1231,.F.);
#844=ORIENTED_EDGE('',*,*,#1232,.T.);
#845=ORIENTED_EDGE('',*,*,#1228,.T.);
#846=ORIENTED_EDGE('',*,*,#1233,.T.);
#847=ORIENTED_EDGE('',*,*,#1234,.T.);
#848=ORIENTED_EDGE('',*,*,#1235,.T.);
#849=ORIENTED_EDGE('',*,*,#1236,.F.);
#850=ORIENTED_EDGE('',*,*,#1237,.T.);
#851=ORIENTED_EDGE('',*,*,#1238,.T.);
#852=ORIENTED_EDGE('',*,*,#1234,.F.);
#853=ORIENTED_EDGE('',*,*,#1239,.T.);
#854=ORIENTED_EDGE('',*,*,#1240,.T.);
#855=ORIENTED_EDGE('',*,*,#1241,.F.);
#856=ORIENTED_EDGE('',*,*,#1242,.T.);
#857=ORIENTED_EDGE('',*,*,#1239,.F.);
#858=ORIENTED_EDGE('',*,*,#1233,.F.);
#859=ORIENTED_EDGE('',*,*,#1227,.F.);
#860=ORIENTED_EDGE('',*,*,#1115,.F.);
#861=ORIENTED_EDGE('',*,*,#1238,.F.);
#862=ORIENTED_EDGE('',*,*,#1117,.F.);
#863=ORIENTED_EDGE('',*,*,#1229,.F.);
#864=ORIENTED_EDGE('',*,*,#1235,.F.);
#865=ORIENTED_EDGE('',*,*,#1232,.F.);
#866=ORIENTED_EDGE('',*,*,#1243,.F.);
#867=ORIENTED_EDGE('',*,*,#1242,.F.);
#868=ORIENTED_EDGE('',*,*,#1244,.F.);
#869=ORIENTED_EDGE('',*,*,#1241,.T.);
#870=ORIENTED_EDGE('',*,*,#1131,.T.);
#871=ORIENTED_EDGE('',*,*,#1225,.T.);
#872=ORIENTED_EDGE('',*,*,#1244,.T.);
#873=ORIENTED_EDGE('',*,*,#1236,.T.);
#874=ORIENTED_EDGE('',*,*,#1243,.T.);
#875=ORIENTED_EDGE('',*,*,#1231,.T.);
#876=ORIENTED_EDGE('',*,*,#1129,.T.);
#877=ORIENTED_EDGE('',*,*,#1245,.T.);
#878=ORIENTED_EDGE('',*,*,#1222,.F.);
#879=ORIENTED_EDGE('',*,*,#1246,.F.);
#880=ORIENTED_EDGE('',*,*,#1130,.T.);
#881=ORIENTED_EDGE('',*,*,#1247,.T.);
#882=ORIENTED_EDGE('',*,*,#1199,.T.);
#883=ORIENTED_EDGE('',*,*,#1245,.F.);
#884=ORIENTED_EDGE('',*,*,#1230,.F.);
#885=ORIENTED_EDGE('',*,*,#1246,.T.);
#886=ORIENTED_EDGE('',*,*,#1203,.T.);
#887=ORIENTED_EDGE('',*,*,#1248,.F.);
#888=ORIENTED_EDGE('',*,*,#1226,.F.);
#889=ORIENTED_EDGE('',*,*,#1248,.T.);
#890=ORIENTED_EDGE('',*,*,#1217,.T.);
#891=ORIENTED_EDGE('',*,*,#1247,.F.);
#892=ORIENTED_EDGE('',*,*,#1116,.F.);
#893=ORIENTED_EDGE('',*,*,#1128,.T.);
#894=ORIENTED_EDGE('',*,*,#1127,.T.);
#895=ORIENTED_EDGE('',*,*,#1151,.F.);
#896=ORIENTED_EDGE('',*,*,#1249,.F.);
#897=ORIENTED_EDGE('',*,*,#1132,.F.);
#898=ORIENTED_EDGE('',*,*,#1250,.T.);
#899=ORIENTED_EDGE('',*,*,#1168,.F.);
#900=ORIENTED_EDGE('',*,*,#1133,.F.);
#901=ORIENTED_EDGE('',*,*,#1250,.F.);
#902=ORIENTED_EDGE('',*,*,#1251,.T.);
#903=ORIENTED_EDGE('',*,*,#1046,.F.);
#904=ORIENTED_EDGE('',*,*,#1114,.T.);
#905=ORIENTED_EDGE('',*,*,#1165,.T.);
#906=ORIENTED_EDGE('',*,*,#1251,.F.);
#907=ORIENTED_EDGE('',*,*,#1240,.F.);
#908=ORIENTED_EDGE('',*,*,#1252,.F.);
#909=ORIENTED_EDGE('',*,*,#1249,.T.);
#910=ORIENTED_EDGE('',*,*,#1052,.F.);
#911=ORIENTED_EDGE('',*,*,#1252,.T.);
#912=ORIENTED_EDGE('',*,*,#1149,.T.);
#913=ORIENTED_EDGE('',*,*,#1118,.F.);
#914=ORIENTED_EDGE('',*,*,#1237,.F.);
#915=VERTEX_POINT('',#1972);
#916=VERTEX_POINT('',#1973);
#917=VERTEX_POINT('',#1978);
#918=VERTEX_POINT('',#1980);
#919=VERTEX_POINT('',#1982);
#920=VERTEX_POINT('',#1984);
#921=VERTEX_POINT('',#1988);
#922=VERTEX_POINT('',#1989);
#923=VERTEX_POINT('',#1994);
#924=VERTEX_POINT('',#1996);
#925=VERTEX_POINT('',#1998);
#926=VERTEX_POINT('',#2000);
#927=VERTEX_POINT('',#2009);
#928=VERTEX_POINT('',#2010);
#929=VERTEX_POINT('',#2017);
#930=VERTEX_POINT('',#2022);
#931=VERTEX_POINT('',#2033);
#932=VERTEX_POINT('',#2038);
#933=VERTEX_POINT('',#2049);
#934=VERTEX_POINT('',#2064);
#935=VERTEX_POINT('',#2082);
#936=VERTEX_POINT('',#2096);
#937=VERTEX_POINT('',#2105);
#938=VERTEX_POINT('',#2110);
#939=VERTEX_POINT('',#2119);
#940=VERTEX_POINT('',#2124);
#941=VERTEX_POINT('',#2129);
#942=VERTEX_POINT('',#2138);
#943=VERTEX_POINT('',#2145);
#944=VERTEX_POINT('',#3120);
#945=VERTEX_POINT('',#3121);
#946=VERTEX_POINT('',#3123);
#947=VERTEX_POINT('',#3125);
#948=VERTEX_POINT('',#3128);
#949=VERTEX_POINT('',#3129);
#950=VERTEX_POINT('',#3131);
#951=VERTEX_POINT('',#3133);
#952=VERTEX_POINT('',#3137);
#953=VERTEX_POINT('',#3139);
#954=VERTEX_POINT('',#3152);
#955=VERTEX_POINT('',#3154);
#956=VERTEX_POINT('',#3164);
#957=VERTEX_POINT('',#3166);
#958=VERTEX_POINT('',#3181);
#959=VERTEX_POINT('',#3186);
#960=VERTEX_POINT('',#3200);
#961=VERTEX_POINT('',#3205);
#962=VERTEX_POINT('',#3210);
#963=VERTEX_POINT('',#3215);
#964=VERTEX_POINT('',#3220);
#965=VERTEX_POINT('',#3229);
#966=VERTEX_POINT('',#3234);
#967=VERTEX_POINT('',#3249);
#968=VERTEX_POINT('',#3254);
#969=VERTEX_POINT('',#3944);
#970=VERTEX_POINT('',#3946);
#971=VERTEX_POINT('',#3948);
#972=VERTEX_POINT('',#3950);
#973=VERTEX_POINT('',#3952);
#974=VERTEX_POINT('',#3954);
#975=VERTEX_POINT('',#3956);
#976=VERTEX_POINT('',#3958);
#977=VERTEX_POINT('',#3962);
#978=VERTEX_POINT('',#3963);
#979=VERTEX_POINT('',#3971);
#980=VERTEX_POINT('',#3973);
#981=VERTEX_POINT('',#3975);
#982=VERTEX_POINT('',#3978);
#983=VERTEX_POINT('',#3979);
#984=VERTEX_POINT('',#3981);
#985=VERTEX_POINT('',#3983);
#986=VERTEX_POINT('',#3985);
#987=VERTEX_POINT('',#3987);
#988=VERTEX_POINT('',#3989);
#989=VERTEX_POINT('',#3994);
#990=VERTEX_POINT('',#3999);
#991=VERTEX_POINT('',#4001);
#992=VERTEX_POINT('',#4006);
#993=VERTEX_POINT('',#4008);
#994=VERTEX_POINT('',#4012);
#995=VERTEX_POINT('',#4016);
#996=VERTEX_POINT('',#4020);
#997=VERTEX_POINT('',#4022);
#998=VERTEX_POINT('',#4038);
#999=VERTEX_POINT('',#4039);
#1000=VERTEX_POINT('',#4041);
#1001=VERTEX_POINT('',#4043);
#1002=VERTEX_POINT('',#4045);
#1003=VERTEX_POINT('',#4047);
#1004=VERTEX_POINT('',#4073);
#1005=VERTEX_POINT('',#4084);
#1006=VERTEX_POINT('',#4085);
#1007=VERTEX_POINT('',#4087);
#1008=VERTEX_POINT('',#4089);
#1009=VERTEX_POINT('',#4093);
#1010=VERTEX_POINT('',#4094);
#1011=VERTEX_POINT('',#4099);
#1012=VERTEX_POINT('',#4103);
#1013=VERTEX_POINT('',#4107);
#1014=VERTEX_POINT('',#4111);
#1015=VERTEX_POINT('',#4115);
#1016=VERTEX_POINT('',#4119);
#1017=VERTEX_POINT('',#4125);
#1018=VERTEX_POINT('',#4126);
#1019=VERTEX_POINT('',#4128);
#1020=VERTEX_POINT('',#4130);
#1021=VERTEX_POINT('',#4147);
#1022=VERTEX_POINT('',#4148);
#1023=VERTEX_POINT('',#4150);
#1024=VERTEX_POINT('',#4152);
#1025=VERTEX_POINT('',#4154);
#1026=VERTEX_POINT('',#4156);
#1027=VERTEX_POINT('',#4158);
#1028=VERTEX_POINT('',#4160);
#1029=VERTEX_POINT('',#4164);
#1030=VERTEX_POINT('',#4165);
#1031=VERTEX_POINT('',#4167);
#1032=VERTEX_POINT('',#4169);
#1033=VERTEX_POINT('',#4172);
#1034=VERTEX_POINT('',#4173);
#1035=VERTEX_POINT('',#4175);
#1036=VERTEX_POINT('',#4177);
#1037=VERTEX_POINT('',#4199);
#1038=VERTEX_POINT('',#4202);
#1039=VERTEX_POINT('',#4204);
#1040=VERTEX_POINT('',#4208);
#1041=VERTEX_POINT('',#4212);
#1042=VERTEX_POINT('',#4214);
#1043=VERTEX_POINT('',#4218);
#1044=VERTEX_POINT('',#4224);
#1045=EDGE_CURVE('',#915,#916,#1253,.T.);
#1046=EDGE_CURVE('',#915,#917,#458,.T.);
#1047=EDGE_CURVE('',#917,#918,#1254,.T.);
#1048=EDGE_CURVE('',#918,#919,#1255,.T.);
#1049=EDGE_CURVE('',#919,#920,#1256,.T.);
#1050=EDGE_CURVE('',#916,#920,#1257,.T.);
#1051=EDGE_CURVE('',#921,#922,#1258,.T.);
#1052=EDGE_CURVE('',#922,#923,#459,.T.);
#1053=EDGE_CURVE('',#924,#923,#1259,.T.);
#1054=EDGE_CURVE('',#925,#924,#1260,.T.);
#1055=EDGE_CURVE('',#926,#925,#1261,.T.);
#1056=EDGE_CURVE('',#926,#921,#1262,.T.);
#1057=EDGE_CURVE('',#927,#928,#460,.T.);
#1058=EDGE_CURVE('',#928,#929,#461,.T.);
#1059=EDGE_CURVE('',#930,#929,#462,.T.);
#1060=EDGE_CURVE('',#930,#931,#463,.T.);
#1061=EDGE_CURVE('',#932,#931,#464,.T.);
#1062=EDGE_CURVE('',#932,#933,#465,.T.);
#1063=EDGE_CURVE('',#933,#934,#466,.T.);
#1064=EDGE_CURVE('',#934,#935,#467,.T.);
#1065=EDGE_CURVE('',#935,#936,#468,.T.);
#1066=EDGE_CURVE('',#936,#937,#469,.T.);
#1067=EDGE_CURVE('',#938,#937,#470,.T.);
#1068=EDGE_CURVE('',#938,#939,#471,.T.);
#1069=EDGE_CURVE('',#940,#939,#472,.T.);
#1070=EDGE_CURVE('',#940,#941,#473,.T.);
#1071=EDGE_CURVE('',#941,#942,#474,.T.);
#1072=EDGE_CURVE('',#942,#943,#475,.T.);
#1073=EDGE_CURVE('',#943,#927,#476,.T.);
#1074=EDGE_CURVE('',#944,#945,#1263,.T.);
#1075=EDGE_CURVE('',#944,#946,#124,.T.);
#1076=EDGE_CURVE('',#947,#946,#1264,.T.);
#1077=EDGE_CURVE('',#945,#947,#125,.T.);
#1078=EDGE_CURVE('',#948,#949,#1265,.T.);
#1079=EDGE_CURVE('',#950,#949,#1266,.T.);
#1080=EDGE_CURVE('',#950,#951,#1267,.T.);
#1081=EDGE_CURVE('',#951,#948,#1268,.T.);
#1082=EDGE_CURVE('',#952,#950,#126,.T.);
#1083=EDGE_CURVE('',#949,#953,#127,.T.);
#1084=EDGE_CURVE('',#953,#952,#1269,.T.);
#1085=EDGE_CURVE('',#934,#947,#1270,.T.);
#1086=EDGE_CURVE('',#946,#935,#1271,.T.);
#1087=EDGE_CURVE('',#945,#933,#1272,.T.);
#1088=EDGE_CURVE('',#936,#944,#1273,.T.);
#1089=EDGE_CURVE('',#932,#937,#1274,.T.);
#1090=EDGE_CURVE('',#954,#953,#1275,.T.);
#1091=EDGE_CURVE('',#954,#955,#1276,.T.);
#1092=EDGE_CURVE('',#955,#952,#1277,.T.);
#1093=EDGE_CURVE('',#954,#948,#128,.T.);
#1094=EDGE_CURVE('',#951,#955,#129,.T.);
#1095=EDGE_CURVE('',#938,#956,#477,.T.);
#1096=EDGE_CURVE('',#937,#957,#1278,.T.);
#1097=EDGE_CURVE('',#957,#956,#478,.T.);
#1098=EDGE_CURVE('',#931,#958,#479,.T.);
#1099=EDGE_CURVE('',#958,#959,#480,.T.);
#1100=EDGE_CURVE('',#932,#959,#1279,.T.);
#1101=EDGE_CURVE('',#960,#958,#481,.T.);
#1102=EDGE_CURVE('',#961,#960,#482,.T.);
#1103=EDGE_CURVE('',#962,#961,#483,.T.);
#1104=EDGE_CURVE('',#963,#962,#484,.T.);
#1105=EDGE_CURVE('',#964,#963,#485,.T.);
#1106=EDGE_CURVE('',#956,#964,#486,.T.);
#1107=EDGE_CURVE('',#965,#957,#487,.T.);
#1108=EDGE_CURVE('',#966,#965,#488,.T.);
#1109=EDGE_CURVE('',#967,#966,#489,.T.);
#1110=EDGE_CURVE('',#968,#967,#490,.T.);
#1111=EDGE_CURVE('',#959,#968,#491,.T.);
#1112=EDGE_CURVE('',#969,#940,#1280,.T.);
#1113=EDGE_CURVE('',#970,#969,#1281,.T.);
#1114=EDGE_CURVE('',#971,#970,#1282,.T.);
#1115=EDGE_CURVE('',#971,#972,#1283,.T.);
#1116=EDGE_CURVE('',#972,#973,#1284,.T.);
#1117=EDGE_CURVE('',#973,#974,#1285,.T.);
#1118=EDGE_CURVE('',#974,#975,#1286,.T.);
#1119=EDGE_CURVE('',#975,#976,#1287,.T.);
#1120=EDGE_CURVE('',#929,#976,#1288,.T.);
#1121=EDGE_CURVE('',#977,#978,#1289,.T.);
#1122=EDGE_CURVE('',#978,#979,#492,.T.);
#1123=EDGE_CURVE('',#979,#980,#1290,.T.);
#1124=EDGE_CURVE('',#981,#980,#1291,.T.);
#1125=EDGE_CURVE('',#977,#981,#1292,.T.);
#1126=EDGE_CURVE('',#982,#983,#1293,.T.);
#1127=EDGE_CURVE('',#984,#982,#1294,.T.);
#1128=EDGE_CURVE('',#985,#984,#1295,.T.);
#1129=EDGE_CURVE('',#986,#985,#1296,.T.);
#1130=EDGE_CURVE('',#987,#986,#1297,.T.);
#1131=EDGE_CURVE('',#988,#987,#1298,.T.);
#1132=EDGE_CURVE('',#988,#989,#493,.T.);
#1133=EDGE_CURVE('',#989,#990,#494,.T.);
#1134=EDGE_CURVE('',#990,#991,#1299,.T.);
#1135=EDGE_CURVE('',#991,#963,#1300,.T.);
#1136=EDGE_CURVE('',#983,#961,#1301,.T.);
#1137=EDGE_CURVE('',#992,#926,#1302,.T.);
#1138=EDGE_CURVE('',#993,#992,#1303,.T.);
#1139=EDGE_CURVE('',#993,#921,#1304,.T.);
#1140=EDGE_CURVE('',#994,#925,#1305,.T.);
#1141=EDGE_CURVE('',#992,#994,#1306,.T.);
#1142=EDGE_CURVE('',#995,#994,#1307,.T.);
#1143=EDGE_CURVE('',#924,#995,#1308,.T.);
#1144=EDGE_CURVE('',#996,#995,#1309,.T.);
#1145=EDGE_CURVE('',#997,#996,#1310,.T.);
#1146=EDGE_CURVE('',#997,#993,#1311,.T.);
#1147=EDGE_CURVE('',#958,#996,#1312,.T.);
#1148=EDGE_CURVE('',#931,#997,#1313,.T.);
#1149=EDGE_CURVE('',#922,#975,#1314,.T.);
#1150=EDGE_CURVE('',#976,#930,#1315,.T.);
#1151=EDGE_CURVE('',#923,#982,#495,.T.);
#1152=EDGE_CURVE('',#960,#983,#1316,.T.);
#1153=EDGE_CURVE('',#998,#999,#1317,.T.);
#1154=EDGE_CURVE('',#1000,#998,#1318,.T.);
#1155=EDGE_CURVE('',#1001,#1000,#1319,.T.);
#1156=EDGE_CURVE('',#1001,#1002,#1320,.T.);
#1157=EDGE_CURVE('',#1002,#1003,#1321,.T.);
#1158=EDGE_CURVE('',#1003,#999,#1322,.T.);
#1159=EDGE_CURVE('',#999,#956,#1323,.T.);
#1160=EDGE_CURVE('',#1003,#938,#1324,.T.);
#1161=EDGE_CURVE('',#920,#1000,#1325,.T.);
#1162=EDGE_CURVE('',#998,#916,#1326,.T.);
#1163=EDGE_CURVE('',#919,#1001,#1327,.T.);
#1164=EDGE_CURVE('',#918,#1002,#1328,.T.);
#1165=EDGE_CURVE('',#970,#917,#1329,.T.);
#1166=EDGE_CURVE('',#939,#969,#1330,.T.);
#1167=EDGE_CURVE('',#964,#991,#1331,.T.);
#1168=EDGE_CURVE('',#990,#915,#1332,.T.);
#1169=EDGE_CURVE('',#1004,#978,#496,.T.);
#1170=EDGE_CURVE('',#1004,#979,#1333,.T.);
#1171=EDGE_CURVE('',#1005,#1006,#1334,.T.);
#1172=EDGE_CURVE('',#1006,#1007,#1335,.T.);
#1173=EDGE_CURVE('',#1007,#1008,#1336,.T.);
#1174=EDGE_CURVE('',#1008,#1005,#1337,.T.);
#1175=EDGE_CURVE('',#1009,#1010,#130,.T.);
#1176=EDGE_CURVE('',#1006,#1009,#131,.T.);
#1177=EDGE_CURVE('',#1006,#1010,#132,.T.);
#1178=EDGE_CURVE('',#1011,#1009,#1338,.T.);
#1179=EDGE_CURVE('',#1007,#1011,#133,.T.);
#1180=EDGE_CURVE('',#1012,#1011,#134,.T.);
#1181=EDGE_CURVE('',#1012,#1007,#135,.T.);
#1182=EDGE_CURVE('',#1013,#1012,#1339,.T.);
#1183=EDGE_CURVE('',#1013,#1008,#136,.T.);
#1184=EDGE_CURVE('',#1014,#1013,#137,.T.);
#1185=EDGE_CURVE('',#1014,#1008,#138,.T.);
#1186=EDGE_CURVE('',#1015,#1014,#1340,.T.);
#1187=EDGE_CURVE('',#1015,#1005,#139,.T.);
#1188=EDGE_CURVE('',#1016,#1015,#140,.T.);
#1189=EDGE_CURVE('',#1005,#1016,#141,.T.);
#1190=EDGE_CURVE('',#1010,#1016,#1341,.T.);
#1191=EDGE_CURVE('',#1017,#1018,#1342,.T.);
#1192=EDGE_CURVE('',#1019,#1017,#1343,.T.);
#1193=EDGE_CURVE('',#1019,#1020,#1344,.T.);
#1194=EDGE_CURVE('',#1020,#1018,#1345,.T.);
#1195=EDGE_CURVE('',#981,#1019,#1346,.T.);
#1196=EDGE_CURVE('',#977,#1017,#1347,.T.);
#1197=EDGE_CURVE('',#1020,#980,#1348,.T.);
#1198=EDGE_CURVE('',#1018,#1004,#1349,.T.);
#1199=EDGE_CURVE('',#1021,#1022,#1350,.T.);
#1200=EDGE_CURVE('',#1021,#1023,#142,.T.);
#1201=EDGE_CURVE('',#1023,#1024,#1351,.T.);
#1202=EDGE_CURVE('',#1024,#1025,#143,.T.);
#1203=EDGE_CURVE('',#1026,#1025,#1352,.T.);
#1204=EDGE_CURVE('',#1027,#1026,#144,.T.);
#1205=EDGE_CURVE('',#1028,#1027,#1353,.T.);
#1206=EDGE_CURVE('',#1022,#1028,#145,.T.);
#1207=EDGE_CURVE('',#1029,#1030,#146,.T.);
#1208=EDGE_CURVE('',#1030,#1031,#1354,.T.);
#1209=EDGE_CURVE('',#1031,#1032,#147,.T.);
#1210=EDGE_CURVE('',#1032,#1029,#1355,.T.);
#1211=EDGE_CURVE('',#1033,#1034,#148,.T.);
#1212=EDGE_CURVE('',#1035,#1033,#1356,.T.);
#1213=EDGE_CURVE('',#1036,#1035,#149,.T.);
#1214=EDGE_CURVE('',#1034,#1036,#1357,.T.);
#1215=EDGE_CURVE('',#1030,#1024,#1358,.T.);
#1216=EDGE_CURVE('',#1023,#1031,#1359,.T.);
#1217=EDGE_CURVE('',#1025,#1021,#1360,.T.);
#1218=EDGE_CURVE('',#1025,#1029,#1361,.T.);
#1219=EDGE_CURVE('',#1032,#1021,#1362,.T.);
#1220=EDGE_CURVE('',#1028,#1036,#1363,.T.);
#1221=EDGE_CURVE('',#1034,#1027,#1364,.T.);
#1222=EDGE_CURVE('',#1026,#1022,#1365,.T.);
#1223=EDGE_CURVE('',#1035,#1022,#1366,.T.);
#1224=EDGE_CURVE('',#1026,#1033,#1367,.T.);
#1225=EDGE_CURVE('',#987,#1037,#150,.T.);
#1226=EDGE_CURVE('',#987,#972,#1368,.T.);
#1227=EDGE_CURVE('',#972,#1038,#151,.T.);
#1228=EDGE_CURVE('',#1039,#1038,#1369,.T.);
#1229=EDGE_CURVE('',#1039,#973,#152,.T.);
#1230=EDGE_CURVE('',#973,#986,#1370,.T.);
#1231=EDGE_CURVE('',#1040,#986,#153,.T.);
#1232=EDGE_CURVE('',#1040,#1037,#1371,.T.);
#1233=EDGE_CURVE('',#1038,#1041,#1372,.T.);
#1234=EDGE_CURVE('',#1041,#1042,#1373,.T.);
#1235=EDGE_CURVE('',#1042,#1039,#1374,.T.);
#1236=EDGE_CURVE('',#985,#1043,#154,.T.);
#1237=EDGE_CURVE('',#985,#974,#1375,.T.);
#1238=EDGE_CURVE('',#974,#1042,#155,.T.);
#1239=EDGE_CURVE('',#1041,#971,#156,.T.);
#1240=EDGE_CURVE('',#971,#988,#1376,.T.);
#1241=EDGE_CURVE('',#1044,#988,#157,.T.);
#1242=EDGE_CURVE('',#1044,#1043,#1377,.T.);
#1243=EDGE_CURVE('',#1043,#1040,#1378,.T.);
#1244=EDGE_CURVE('',#1037,#1044,#1379,.T.);
#1245=EDGE_CURVE('',#986,#1022,#1380,.T.);
#1246=EDGE_CURVE('',#987,#1026,#1381,.T.);
#1247=EDGE_CURVE('',#973,#1021,#1382,.T.);
#1248=EDGE_CURVE('',#972,#1025,#1383,.T.);
#1249=EDGE_CURVE('',#985,#923,#497,.T.);
#1250=EDGE_CURVE('',#988,#915,#498,.T.);
#1251=EDGE_CURVE('',#988,#917,#1384,.T.);
#1252=EDGE_CURVE('',#985,#922,#1385,.T.);
#1253=LINE('',#1971,#1386);
#1254=LINE('',#1979,#1387);
#1255=LINE('',#1981,#1388);
#1256=LINE('',#1983,#1389);
#1257=LINE('',#1985,#1390);
#1258=LINE('',#1987,#1391);
#1259=LINE('',#1995,#1392);
#1260=LINE('',#1997,#1393);
#1261=LINE('',#1999,#1394);
#1262=LINE('',#2001,#1395);
#1263=LINE('',#3119,#1396);
#1264=LINE('',#3124,#1397);
#1265=LINE('',#3127,#1398);
#1266=LINE('',#3130,#1399);
#1267=LINE('',#3132,#1400);
#1268=LINE('',#3134,#1401);
#1269=LINE('',#3140,#1402);
#1270=LINE('',#3142,#1403);
#1271=LINE('',#3143,#1404);
#1272=LINE('',#3145,#1405);
#1273=LINE('',#3147,#1406);
#1274=LINE('',#3148,#1407);
#1275=LINE('',#3151,#1408);
#1276=LINE('',#3153,#1409);
#1277=LINE('',#3155,#1410);
#1278=LINE('',#3165,#1411);
#1279=LINE('',#3187,#1412);
#1280=LINE('',#3943,#1413);
#1281=LINE('',#3945,#1414);
#1282=LINE('',#3947,#1415);
#1283=LINE('',#3949,#1416);
#1284=LINE('',#3951,#1417);
#1285=LINE('',#3953,#1418);
#1286=LINE('',#3955,#1419);
#1287=LINE('',#3957,#1420);
#1288=LINE('',#3959,#1421);
#1289=LINE('',#3961,#1422);
#1290=LINE('',#3972,#1423);
#1291=LINE('',#3974,#1424);
#1292=LINE('',#3976,#1425);
#1293=LINE('',#3977,#1426);
#1294=LINE('',#3980,#1427);
#1295=LINE('',#3982,#1428);
#1296=LINE('',#3984,#1429);
#1297=LINE('',#3986,#1430);
#1298=LINE('',#3988,#1431);
#1299=LINE('',#4000,#1432);
#1300=LINE('',#4002,#1433);
#1301=LINE('',#4003,#1434);
#1302=LINE('',#4005,#1435);
#1303=LINE('',#4007,#1436);
#1304=LINE('',#4009,#1437);
#1305=LINE('',#4011,#1438);
#1306=LINE('',#4013,#1439);
#1307=LINE('',#4015,#1440);
#1308=LINE('',#4017,#1441);
#1309=LINE('',#4019,#1442);
#1310=LINE('',#4021,#1443);
#1311=LINE('',#4023,#1444);
#1312=LINE('',#4025,#1445);
#1313=LINE('',#4026,#1446);
#1314=LINE('',#4028,#1447);
#1315=LINE('',#4029,#1448);
#1316=LINE('',#4035,#1449);
#1317=LINE('',#4037,#1450);
#1318=LINE('',#4040,#1451);
#1319=LINE('',#4042,#1452);
#1320=LINE('',#4044,#1453);
#1321=LINE('',#4046,#1454);
#1322=LINE('',#4048,#1455);
#1323=LINE('',#4050,#1456);
#1324=LINE('',#4051,#1457);
#1325=LINE('',#4053,#1458);
#1326=LINE('',#4054,#1459);
#1327=LINE('',#4056,#1460);
#1328=LINE('',#4058,#1461);
#1329=LINE('',#4060,#1462);
#1330=LINE('',#4061,#1463);
#1331=LINE('',#4063,#1464);
#1332=LINE('',#4064,#1465);
#1333=LINE('',#4074,#1466);
#1334=LINE('',#4083,#1467);
#1335=LINE('',#4086,#1468);
#1336=LINE('',#4088,#1469);
#1337=LINE('',#4090,#1470);
#1338=LINE('',#4098,#1471);
#1339=LINE('',#4106,#1472);
#1340=LINE('',#4114,#1473);
#1341=LINE('',#4122,#1474);
#1342=LINE('',#4124,#1475);
#1343=LINE('',#4127,#1476);
#1344=LINE('',#4129,#1477);
#1345=LINE('',#4131,#1478);
#1346=LINE('',#4133,#1479);
#1347=LINE('',#4134,#1480);
#1348=LINE('',#4136,#1481);
#1349=LINE('',#4138,#1482);
#1350=LINE('',#4146,#1483);
#1351=LINE('',#4151,#1484);
#1352=LINE('',#4155,#1485);
#1353=LINE('',#4159,#1486);
#1354=LINE('',#4166,#1487);
#1355=LINE('',#4170,#1488);
#1356=LINE('',#4174,#1489);
#1357=LINE('',#4178,#1490);
#1358=LINE('',#4180,#1491);
#1359=LINE('',#4181,#1492);
#1360=LINE('',#4183,#1493);
#1361=LINE('',#4184,#1494);
#1362=LINE('',#4185,#1495);
#1363=LINE('',#4189,#1496);
#1364=LINE('',#4190,#1497);
#1365=LINE('',#4192,#1498);
#1366=LINE('',#4193,#1499);
#1367=LINE('',#4194,#1500);
#1368=LINE('',#4200,#1501);
#1369=LINE('',#4203,#1502);
#1370=LINE('',#4206,#1503);
#1371=LINE('',#4209,#1504);
#1372=LINE('',#4211,#1505);
#1373=LINE('',#4213,#1506);
#1374=LINE('',#4215,#1507);
#1375=LINE('',#4219,#1508);
#1376=LINE('',#4222,#1509);
#1377=LINE('',#4225,#1510);
#1378=LINE('',#4229,#1511);
#1379=LINE('',#4230,#1512);
#1380=LINE('',#4234,#1513);
#1381=LINE('',#4235,#1514);
#1382=LINE('',#4237,#1515);
#1383=LINE('',#4239,#1516);
#1384=LINE('',#4282,#1517);
#1385=LINE('',#4300,#1518);
#1386=VECTOR('',#1627,1.);
#1387=VECTOR('',#1628,1.);
#1388=VECTOR('',#1629,1.);
#1389=VECTOR('',#1630,1.);
#1390=VECTOR('',#1631,1.);
#1391=VECTOR('',#1634,1.);
#1392=VECTOR('',#1635,1.);
#1393=VECTOR('',#1636,1.);
#1394=VECTOR('',#1637,1.);
#1395=VECTOR('',#1638,1.);
#1396=VECTOR('',#1641,1.);
#1397=VECTOR('',#1644,1.);
#1398=VECTOR('',#1647,1.);
#1399=VECTOR('',#1648,1.);
#1400=VECTOR('',#1649,1.);
#1401=VECTOR('',#1650,1.);
#1402=VECTOR('',#1657,1.);
#1403=VECTOR('',#1660,1.);
#1404=VECTOR('',#1661,1.);
#1405=VECTOR('',#1664,1.);
#1406=VECTOR('',#1667,1.);
#1407=VECTOR('',#1668,1.);
#1408=VECTOR('',#1673,1.);
#1409=VECTOR('',#1674,1.);
#1410=VECTOR('',#1675,1.);
#1411=VECTOR('',#1688,1.);
#1412=VECTOR('',#1689,1.);
#1413=VECTOR('',#1690,1.);
#1414=VECTOR('',#1691,1.);
#1415=VECTOR('',#1692,1.);
#1416=VECTOR('',#1693,1.);
#1417=VECTOR('',#1694,1.);
#1418=VECTOR('',#1695,1.);
#1419=VECTOR('',#1696,1.);
#1420=VECTOR('',#1697,1.);
#1421=VECTOR('',#1698,1.);
#1422=VECTOR('',#1701,1.);
#1423=VECTOR('',#1702,1.);
#1424=VECTOR('',#1703,1.);
#1425=VECTOR('',#1704,1.);
#1426=VECTOR('',#1705,1.);
#1427=VECTOR('',#1706,1.);
#1428=VECTOR('',#1707,1.);
#1429=VECTOR('',#1708,1.);
#1430=VECTOR('',#1709,1.);
#1431=VECTOR('',#1710,1.);
#1432=VECTOR('',#1711,1.);
#1433=VECTOR('',#1712,1.);
#1434=VECTOR('',#1713,1.);
#1435=VECTOR('',#1716,1.);
#1436=VECTOR('',#1717,1.);
#1437=VECTOR('',#1718,1.);
#1438=VECTOR('',#1721,1.);
#1439=VECTOR('',#1722,1.);
#1440=VECTOR('',#1725,1.);
#1441=VECTOR('',#1726,1.);
#1442=VECTOR('',#1729,1.);
#1443=VECTOR('',#1730,1.);
#1444=VECTOR('',#1731,1.);
#1445=VECTOR('',#1734,1.);
#1446=VECTOR('',#1735,1.);
#1447=VECTOR('',#1738,1.);
#1448=VECTOR('',#1739,1.);
#1449=VECTOR('',#1742,1.);
#1450=VECTOR('',#1745,1.);
#1451=VECTOR('',#1746,1.);
#1452=VECTOR('',#1747,1.);
#1453=VECTOR('',#1748,1.);
#1454=VECTOR('',#1749,1.);
#1455=VECTOR('',#1750,1.);
#1456=VECTOR('',#1753,1.);
#1457=VECTOR('',#1754,1.);
#1458=VECTOR('',#1757,1.);
#1459=VECTOR('',#1758,1.);
#1460=VECTOR('',#1761,1.);
#1461=VECTOR('',#1764,1.);
#1462=VECTOR('',#1767,1.);
#1463=VECTOR('',#1768,1.);
#1464=VECTOR('',#1771,1.);
#1465=VECTOR('',#1772,1.);
#1466=VECTOR('',#1775,0.999999999999999);
#1467=VECTOR('',#1776,0.999999999999999);
#1468=VECTOR('',#1777,1.);
#1469=VECTOR('',#1778,0.999999999999999);
#1470=VECTOR('',#1779,1.);
#1471=VECTOR('',#1790,1.);
#1472=VECTOR('',#1801,0.999999999999999);
#1473=VECTOR('',#1812,1.);
#1474=VECTOR('',#1823,0.999999999999999);
#1475=VECTOR('',#1826,1.);
#1476=VECTOR('',#1827,0.999999999999999);
#1477=VECTOR('',#1828,1.);
#1478=VECTOR('',#1829,0.999999999999999);
#1479=VECTOR('',#1832,1.);
#1480=VECTOR('',#1833,1.);
#1481=VECTOR('',#1836,1.);
#1482=VECTOR('',#1839,1.);
#1483=VECTOR('',#1854,1.);
#1484=VECTOR('',#1857,1.);
#1485=VECTOR('',#1860,1.);
#1486=VECTOR('',#1863,1.);
#1487=VECTOR('',#1870,1.);
#1488=VECTOR('',#1873,1.);
#1489=VECTOR('',#1876,1.);
#1490=VECTOR('',#1879,1.);
#1491=VECTOR('',#1882,1.);
#1492=VECTOR('',#1883,1.);
#1493=VECTOR('',#1886,1.);
#1494=VECTOR('',#1887,1.);
#1495=VECTOR('',#1888,1.);
#1496=VECTOR('',#1895,1.);
#1497=VECTOR('',#1896,1.);
#1498=VECTOR('',#1899,1.);
#1499=VECTOR('',#1900,1.);
#1500=VECTOR('',#1901,1.);
#1501=VECTOR('',#1910,1.);
#1502=VECTOR('',#1913,1.);
#1503=VECTOR('',#1916,1.);
#1504=VECTOR('',#1919,1.);
#1505=VECTOR('',#1922,1.);
#1506=VECTOR('',#1923,1.);
#1507=VECTOR('',#1924,1.);
#1508=VECTOR('',#1929,1.);
#1509=VECTOR('',#1934,1.);
#1510=VECTOR('',#1937,1.);
#1511=VECTOR('',#1944,1.);
#1512=VECTOR('',#1945,1.);
#1513=VECTOR('',#1952,1.);
#1514=VECTOR('',#1953,1.);
#1515=VECTOR('',#1956,1.);
#1516=VECTOR('',#1959,1.);
#1517=VECTOR('',#1964,1.);
#1518=VECTOR('',#1967,1.);
#1519=AXIS2_PLACEMENT_3D('',#1970,#1625,#1626);
#1520=AXIS2_PLACEMENT_3D('',#1986,#1632,#1633);
#1521=AXIS2_PLACEMENT_3D('',#2002,#1639,#1640);
#1522=AXIS2_PLACEMENT_3D('',#3122,#1642,#1643);
#1523=AXIS2_PLACEMENT_3D('',#3126,#1645,#1646);
#1524=AXIS2_PLACEMENT_3D('',#3135,#1651,#1652);
#1525=AXIS2_PLACEMENT_3D('',#3136,#1653,#1654);
#1526=AXIS2_PLACEMENT_3D('',#3138,#1655,#1656);
#1527=AXIS2_PLACEMENT_3D('',#3141,#1658,#1659);
#1528=AXIS2_PLACEMENT_3D('',#3144,#1662,#1663);
#1529=AXIS2_PLACEMENT_3D('',#3146,#1665,#1666);
#1530=AXIS2_PLACEMENT_3D('',#3149,#1669,#1670);
#1531=AXIS2_PLACEMENT_3D('',#3150,#1671,#1672);
#1532=AXIS2_PLACEMENT_3D('',#3156,#1676,#1677);
#1533=AXIS2_PLACEMENT_3D('',#3157,#1678,#1679);
#1534=AXIS2_PLACEMENT_3D('',#3158,#1680,#1681);
#1535=AXIS2_PLACEMENT_3D('',#3159,#1682,#1683);
#1536=AXIS2_PLACEMENT_3D('',#3160,#1684,#1685);
#1537=AXIS2_PLACEMENT_3D('',#3161,#1686,#1687);
#1538=AXIS2_PLACEMENT_3D('',#3960,#1699,#1700);
#1539=AXIS2_PLACEMENT_3D('',#4004,#1714,#1715);
#1540=AXIS2_PLACEMENT_3D('',#4010,#1719,#1720);
#1541=AXIS2_PLACEMENT_3D('',#4014,#1723,#1724);
#1542=AXIS2_PLACEMENT_3D('',#4018,#1727,#1728);
#1543=AXIS2_PLACEMENT_3D('',#4024,#1732,#1733);
#1544=AXIS2_PLACEMENT_3D('',#4027,#1736,#1737);
#1545=AXIS2_PLACEMENT_3D('',#4030,#1740,#1741);
#1546=AXIS2_PLACEMENT_3D('',#4036,#1743,#1744);
#1547=AXIS2_PLACEMENT_3D('',#4049,#1751,#1752);
#1548=AXIS2_PLACEMENT_3D('',#4052,#1755,#1756);
#1549=AXIS2_PLACEMENT_3D('',#4055,#1759,#1760);
#1550=AXIS2_PLACEMENT_3D('',#4057,#1762,#1763);
#1551=AXIS2_PLACEMENT_3D('',#4059,#1765,#1766);
#1552=AXIS2_PLACEMENT_3D('',#4062,#1769,#1770);
#1553=AXIS2_PLACEMENT_3D('',#4065,#1773,#1774);
#1554=AXIS2_PLACEMENT_3D('',#4091,#1780,#1781);
#1555=AXIS2_PLACEMENT_3D('',#4092,#1782,#1783);
#1556=AXIS2_PLACEMENT_3D('',#4095,#1784,#1785);
#1557=AXIS2_PLACEMENT_3D('',#4096,#1786,#1787);
#1558=AXIS2_PLACEMENT_3D('',#4097,#1788,#1789);
#1559=AXIS2_PLACEMENT_3D('',#4100,#1791,#1792);
#1560=AXIS2_PLACEMENT_3D('',#4101,#1793,#1794);
#1561=AXIS2_PLACEMENT_3D('',#4102,#1795,#1796);
#1562=AXIS2_PLACEMENT_3D('',#4104,#1797,#1798);
#1563=AXIS2_PLACEMENT_3D('',#4105,#1799,#1800);
#1564=AXIS2_PLACEMENT_3D('',#4108,#1802,#1803);
#1565=AXIS2_PLACEMENT_3D('',#4109,#1804,#1805);
#1566=AXIS2_PLACEMENT_3D('',#4110,#1806,#1807);
#1567=AXIS2_PLACEMENT_3D('',#4112,#1808,#1809);
#1568=AXIS2_PLACEMENT_3D('',#4113,#1810,#1811);
#1569=AXIS2_PLACEMENT_3D('',#4116,#1813,#1814);
#1570=AXIS2_PLACEMENT_3D('',#4117,#1815,#1816);
#1571=AXIS2_PLACEMENT_3D('',#4118,#1817,#1818);
#1572=AXIS2_PLACEMENT_3D('',#4120,#1819,#1820);
#1573=AXIS2_PLACEMENT_3D('',#4121,#1821,#1822);
#1574=AXIS2_PLACEMENT_3D('',#4123,#1824,#1825);
#1575=AXIS2_PLACEMENT_3D('',#4132,#1830,#1831);
#1576=AXIS2_PLACEMENT_3D('',#4135,#1834,#1835);
#1577=AXIS2_PLACEMENT_3D('',#4137,#1837,#1838);
#1578=AXIS2_PLACEMENT_3D('',#4139,#1840,#1841);
#1579=AXIS2_PLACEMENT_3D('',#4140,#1842,#1843);
#1580=AXIS2_PLACEMENT_3D('',#4141,#1844,#1845);
#1581=AXIS2_PLACEMENT_3D('',#4142,#1846,#1847);
#1582=AXIS2_PLACEMENT_3D('',#4143,#1848,#1849);
#1583=AXIS2_PLACEMENT_3D('',#4144,#1850,#1851);
#1584=AXIS2_PLACEMENT_3D('',#4145,#1852,#1853);
#1585=AXIS2_PLACEMENT_3D('',#4149,#1855,#1856);
#1586=AXIS2_PLACEMENT_3D('',#4153,#1858,#1859);
#1587=AXIS2_PLACEMENT_3D('',#4157,#1861,#1862);
#1588=AXIS2_PLACEMENT_3D('',#4161,#1864,#1865);
#1589=AXIS2_PLACEMENT_3D('',#4162,#1866,#1867);
#1590=AXIS2_PLACEMENT_3D('',#4163,#1868,#1869);
#1591=AXIS2_PLACEMENT_3D('',#4168,#1871,#1872);
#1592=AXIS2_PLACEMENT_3D('',#4171,#1874,#1875);
#1593=AXIS2_PLACEMENT_3D('',#4176,#1877,#1878);
#1594=AXIS2_PLACEMENT_3D('',#4179,#1880,#1881);
#1595=AXIS2_PLACEMENT_3D('',#4182,#1884,#1885);
#1596=AXIS2_PLACEMENT_3D('',#4186,#1889,#1890);
#1597=AXIS2_PLACEMENT_3D('',#4187,#1891,#1892);
#1598=AXIS2_PLACEMENT_3D('',#4188,#1893,#1894);
#1599=AXIS2_PLACEMENT_3D('',#4191,#1897,#1898);
#1600=AXIS2_PLACEMENT_3D('',#4195,#1902,#1903);
#1601=AXIS2_PLACEMENT_3D('',#4196,#1904,#1905);
#1602=AXIS2_PLACEMENT_3D('',#4197,#1906,#1907);
#1603=AXIS2_PLACEMENT_3D('',#4198,#1908,#1909);
#1604=AXIS2_PLACEMENT_3D('',#4201,#1911,#1912);
#1605=AXIS2_PLACEMENT_3D('',#4205,#1914,#1915);
#1606=AXIS2_PLACEMENT_3D('',#4207,#1917,#1918);
#1607=AXIS2_PLACEMENT_3D('',#4210,#1920,#1921);
#1608=AXIS2_PLACEMENT_3D('',#4216,#1925,#1926);
#1609=AXIS2_PLACEMENT_3D('',#4217,#1927,#1928);
#1610=AXIS2_PLACEMENT_3D('',#4220,#1930,#1931);
#1611=AXIS2_PLACEMENT_3D('',#4221,#1932,#1933);
#1612=AXIS2_PLACEMENT_3D('',#4223,#1935,#1936);
#1613=AXIS2_PLACEMENT_3D('',#4226,#1938,#1939);
#1614=AXIS2_PLACEMENT_3D('',#4227,#1940,#1941);
#1615=AXIS2_PLACEMENT_3D('',#4228,#1942,#1943);
#1616=AXIS2_PLACEMENT_3D('',#4231,#1946,#1947);
#1617=AXIS2_PLACEMENT_3D('',#4232,#1948,#1949);
#1618=AXIS2_PLACEMENT_3D('',#4233,#1950,#1951);
#1619=AXIS2_PLACEMENT_3D('',#4236,#1954,#1955);
#1620=AXIS2_PLACEMENT_3D('',#4238,#1957,#1958);
#1621=AXIS2_PLACEMENT_3D('',#4240,#1960,#1961);
#1622=AXIS2_PLACEMENT_3D('',#4241,#1962,#1963);
#1623=AXIS2_PLACEMENT_3D('',#4299,#1965,#1966);
#1624=AXIS2_PLACEMENT_3D('',#4317,#1968,#1969);
#1625=DIRECTION('',(0.,0.,1.));
#1626=DIRECTION('',(1.,0.,0.));
#1627=DIRECTION('',(-1.17145536458252E-15,0.,1.));
#1628=DIRECTION('',(-1.12237701554588E-15,0.,1.));
#1629=DIRECTION('',(1.,0.,2.34291072916505E-15));
#1630=DIRECTION('',(2.34291072916505E-15,0.,-1.));
#1631=DIRECTION('',(1.,0.,2.34291072916505E-15));
#1632=DIRECTION('',(0.,-1.,0.));
#1633=DIRECTION('',(0.,0.,-1.));
#1634=DIRECTION('',(-1.17145536458252E-15,0.,-1.));
#1635=DIRECTION('',(-1.17145536458252E-15,0.,-1.));
#1636=DIRECTION('',(1.,0.,-2.34291072916505E-15));
#1637=DIRECTION('',(-2.34291072916505E-15,0.,-1.));
#1638=DIRECTION('',(1.,0.,-2.34291072916505E-15));
#1639=DIRECTION('',(0.,-1.,0.));
#1640=DIRECTION('',(0.,0.,-1.));
#1641=DIRECTION('',(1.,-1.22464679914735E-16,-2.34291072916505E-15));
#1642=DIRECTION('',(-1.22464679914735E-16,-1.,2.86923812515997E-31));
#1643=DIRECTION('',(-1.,1.22464679914735E-16,0.));
#1644=DIRECTION('',(-1.,1.22464679914735E-16,0.));
#1645=DIRECTION('',(1.22464679914735E-16,1.,-2.86923812515997E-31));
#1646=DIRECTION('',(-1.,1.22464679914735E-16,0.));
#1647=DIRECTION('',(3.51380328596871E-47,2.86923812515997E-31,1.));
#1648=DIRECTION('',(-1.,0.,0.));
#1649=DIRECTION('',(-3.51380328596871E-47,-2.86923812515997E-31,-1.));
#1650=DIRECTION('',(-1.,0.,0.));
#1651=DIRECTION('',(1.22464679914735E-16,1.,-2.86923812515997E-31));
#1652=DIRECTION('',(1.,-1.22464679914735E-16,-2.34290668463255E-15));
#1653=DIRECTION('',(0.,0.,-1.));
#1654=DIRECTION('',(-1.,0.,0.));
#1655=DIRECTION('',(0.,0.,-1.));
#1656=DIRECTION('',(-1.,0.,0.));
#1657=DIRECTION('',(1.,0.,0.));
#1658=DIRECTION('',(0.,0.,-1.));
#1659=DIRECTION('',(-1.,0.,0.));
#1660=DIRECTION('',(0.,-1.,0.));
#1661=DIRECTION('',(-9.969675149292E-17,1.,0.));
#1662=DIRECTION('',(0.,0.,-1.));
#1663=DIRECTION('',(-1.,0.,0.));
#1664=DIRECTION('',(0.,1.,0.));
#1665=DIRECTION('',(0.,-1.,0.));
#1666=DIRECTION('',(0.,0.,1.));
#1667=DIRECTION('',(-9.969675149292E-17,-1.,-2.33807895248611E-31));
#1668=DIRECTION('',(-1.,0.,2.34291072916505E-15));
#1669=DIRECTION('',(2.34291072916505E-15,0.,1.));
#1670=DIRECTION('',(1.,0.,-2.34290668463255E-15));
#1671=DIRECTION('',(-4.984837574646E-17,1.,0.));
#1672=DIRECTION('',(0.,0.,1.));
#1673=DIRECTION('',(0.,0.,1.));
#1674=DIRECTION('',(1.,0.,0.));
#1675=DIRECTION('',(0.,0.,1.));
#1676=DIRECTION('',(0.,-1.,0.));
#1677=DIRECTION('',(0.,0.,-1.));
#1678=DIRECTION('',(0.,0.,1.));
#1679=DIRECTION('',(1.,0.,0.));
#1680=DIRECTION('',(0.,0.,1.));
#1681=DIRECTION('',(1.,0.,0.));
#1682=DIRECTION('',(0.,0.,1.));
#1683=DIRECTION('',(1.,0.,0.));
#1684=DIRECTION('',(0.,0.,1.));
#1685=DIRECTION('',(1.,0.,0.));
#1686=DIRECTION('',(0.,0.,-1.));
#1687=DIRECTION('',(-1.,0.,0.));
#1688=DIRECTION('',(2.34291072916505E-15,0.,-1.));
#1689=DIRECTION('',(-2.34291072916505E-15,0.,-1.));
#1690=DIRECTION('',(1.,0.,0.));
#1691=DIRECTION('',(0.,-1.,0.));
#1692=DIRECTION('',(-0.29706655242344,-0.95485677639699,-1.38034372184282E-16));
#1693=DIRECTION('',(0.,1.,0.));
#1694=DIRECTION('',(1.,0.,0.));
#1695=DIRECTION('',(0.,-1.,0.));
#1696=DIRECTION('',(0.297066552849047,-0.954856776264579,-1.38034372165141E-16));
#1697=DIRECTION('',(0.,-1.,0.));
#1698=DIRECTION('',(1.,0.,0.));
#1699=DIRECTION('',(0.,0.,1.));
#1700=DIRECTION('',(1.,0.,0.));
#1701=DIRECTION('',(-1.,-1.0642675765182E-47,0.));
#1702=DIRECTION('',(0.0299344141372688,0.999551865012646,0.));
#1703=DIRECTION('',(-1.,-1.0642675765182E-47,0.));
#1704=DIRECTION('',(-0.0299344141372689,0.999551865012646,0.));
#1705=DIRECTION('',(0.,-1.,0.));
#1706=DIRECTION('',(0.253414340110929,-0.967357830498178,-4.19524584558795E-16));
#1707=DIRECTION('',(-1.,0.,0.));
#1708=DIRECTION('',(0.,-1.,0.));
#1709=DIRECTION('',(1.,0.,0.));
#1710=DIRECTION('',(0.,1.,0.));
#1711=DIRECTION('',(0.,-1.,0.));
#1712=DIRECTION('',(1.,0.,4.33680868994204E-15));
#1713=DIRECTION('',(-1.,0.,-1.08421396877851E-15));
#1714=DIRECTION('',(0.,0.,1.));
#1715=DIRECTION('',(1.,0.,0.));
#1716=DIRECTION('',(0.,1.,0.));
#1717=DIRECTION('',(-1.,0.,2.34291072916505E-15));
#1718=DIRECTION('',(0.,1.,0.));
#1719=DIRECTION('',(-2.34291072916505E-15,0.,-1.));
#1720=DIRECTION('',(-1.,0.,2.34274405430668E-15));
#1721=DIRECTION('',(0.,1.,0.));
#1722=DIRECTION('',(-2.34291072916505E-15,0.,-1.));
#1723=DIRECTION('',(-1.,0.,2.34291072916505E-15));
#1724=DIRECTION('',(2.34296089474118E-15,0.,1.));
#1725=DIRECTION('',(-1.,0.,2.34291072916505E-15));
#1726=DIRECTION('',(0.,-1.,0.));
#1727=DIRECTION('',(-2.34291072916505E-15,0.,-1.));
#1728=DIRECTION('',(-1.,0.,2.34274405430668E-15));
#1729=DIRECTION('',(1.17145536458252E-15,0.,1.));
#1730=DIRECTION('',(-1.,0.,1.17145536458252E-15));
#1731=DIRECTION('',(1.17145536458252E-15,0.,1.));
#1732=DIRECTION('',(0.,-1.,0.));
#1733=DIRECTION('',(1.,0.,-1.17137202715334E-15));
#1734=DIRECTION('',(0.,1.,0.));
#1735=DIRECTION('',(0.,1.,0.));
#1736=DIRECTION('',(1.17145536458252E-15,0.,1.));
#1737=DIRECTION('',(1.,0.,-1.17137202715334E-15));
#1738=DIRECTION('',(-1.12237701554588E-15,4.48950806218352E-15,-1.));
#1739=DIRECTION('',(0.,0.,1.));
#1740=DIRECTION('',(-1.,0.,1.17145536458252E-15));
#1741=DIRECTION('',(1.17137202715334E-15,0.,1.));
#1742=DIRECTION('',(-4.33680868994203E-15,0.,-1.));
#1743=DIRECTION('',(-1.,0.,1.17145536458252E-15));
#1744=DIRECTION('',(1.17137202715334E-15,0.,1.));
#1745=DIRECTION('',(1.17145536458252E-15,0.,-1.));
#1746=DIRECTION('',(-1.,0.,-2.34291072916505E-15));
#1747=DIRECTION('',(2.34291072916505E-15,0.,-1.));
#1748=DIRECTION('',(-1.,0.,-2.34291072916505E-15));
#1749=DIRECTION('',(1.17145536458252E-15,0.,-1.));
#1750=DIRECTION('',(1.,0.,1.17145536458252E-15));
#1751=DIRECTION('',(0.,-1.,0.));
#1752=DIRECTION('',(-1.,0.,-1.17137202715334E-15));
#1753=DIRECTION('',(2.39076602588268E-31,-1.,-2.04085114820801E-16));
#1754=DIRECTION('',(2.39076602588268E-31,-1.,-2.04085114820801E-16));
#1755=DIRECTION('',(-1.17145536458252E-15,-2.04085114820801E-16,1.));
#1756=DIRECTION('',(0.,-1.,-2.04046848861772E-16));
#1757=DIRECTION('',(0.,-1.,0.));
#1758=DIRECTION('',(0.,1.,0.));
#1759=DIRECTION('',(2.34291072916505E-15,0.,-1.));
#1760=DIRECTION('',(-1.,0.,-2.34274405430668E-15));
#1761=DIRECTION('',(0.,-1.,0.));
#1762=DIRECTION('',(1.,0.,2.34291072916505E-15));
#1763=DIRECTION('',(2.34296089474118E-15,0.,-1.));
#1764=DIRECTION('',(0.,-1.,0.));
#1765=DIRECTION('',(2.34291072916505E-15,0.,-1.));
#1766=DIRECTION('',(-1.,0.,-2.34274405430668E-15));
#1767=DIRECTION('',(-1.12237701554588E-15,0.,1.));
#1768=DIRECTION('',(0.,0.,-1.));
#1769=DIRECTION('',(1.,0.,1.17145536458252E-15));
#1770=DIRECTION('',(1.17137202715334E-15,0.,-1.));
#1771=DIRECTION('',(0.,0.,-1.));
#1772=DIRECTION('',(-1.17145536458252E-15,0.,1.));
#1773=DIRECTION('',(1.,0.,1.17145536458252E-15));
#1774=DIRECTION('',(1.17137202715334E-15,0.,-1.));
#1775=DIRECTION('',(9.57918872097043E-48,0.514327622774778,-0.857593782889571));
#1776=DIRECTION('',(2.46519032881566E-32,0.857593782889571,0.514327622774778));
#1777=DIRECTION('',(1.,-2.11413189963181E-32,-1.26791548150713E-32));
#1778=DIRECTION('',(-2.46519032881566E-32,-0.857593782889571,-0.514327622774778));
#1779=DIRECTION('',(-1.,2.11413189963181E-32,1.26791548150713E-32));
#1780=DIRECTION('',(0.,0.514327622774778,-0.857593782889571));
#1781=DIRECTION('',(-1.,0.,0.));
#1782=DIRECTION('',(5.47382212626882E-48,-0.514327622774778,0.857593782889571));
#1783=DIRECTION('',(0.,-0.857593782889573,-0.514327622774778));
#1784=DIRECTION('',(1.,-2.11413189963181E-32,-1.26791548150713E-32));
#1785=DIRECTION('',(0.,0.514327622774779,-0.857593782889571));
#1786=DIRECTION('',(2.46519032881566E-32,0.857593782889571,0.514327622774778));
#1787=DIRECTION('',(0.,0.514327622774779,-0.857593782889571));
#1788=DIRECTION('',(-5.83155213255973E-17,0.514327622774779,-0.857593782889571));
#1789=DIRECTION('',(-1.,0.,0.));
#1790=DIRECTION('',(-1.,2.11413189963181E-32,1.26791548150713E-32));
#1791=DIRECTION('',(1.,5.25124740592192E-17,3.14934838472099E-17));
#1792=DIRECTION('',(5.83155213255973E-17,-0.857593782889572,-0.514327622774778));
#1793=DIRECTION('',(1.,-2.11413189963181E-32,-1.26791548150713E-32));
#1794=DIRECTION('',(0.,0.514327622774779,-0.857593782889571));
#1795=DIRECTION('',(5.47382212626882E-48,-0.514327622774778,0.857593782889571));
#1796=DIRECTION('',(0.,-0.857593782889573,-0.514327622774778));
#1797=DIRECTION('',(-1.22464679914735E-16,0.857593782889571,0.514327622774778));
#1798=DIRECTION('',(-1.,0.,0.));
#1799=DIRECTION('',(-5.83155213255973E-17,0.514327622774779,-0.857593782889571));
#1800=DIRECTION('',(-1.,0.,0.));
#1801=DIRECTION('',(2.46519032881566E-32,0.857593782889571,0.514327622774778));
#1802=DIRECTION('',(2.46519032881566E-32,0.857593782889571,0.514327622774778));
#1803=DIRECTION('',(0.,-0.514327622774779,0.857593782889571));
#1804=DIRECTION('',(2.46519032881566E-32,0.857593782889571,0.514327622774778));
#1805=DIRECTION('',(0.,-0.514327622774779,0.857593782889571));
#1806=DIRECTION('',(5.47382212626882E-48,-0.514327622774778,0.857593782889571));
#1807=DIRECTION('',(0.,-0.857593782889571,-0.514327622774778));
#1808=DIRECTION('',(1.,1.57537422177657E-16,9.44804515416299E-17));
#1809=DIRECTION('',(-1.86609668241911E-16,0.857593782889572,0.514327622774778));
#1810=DIRECTION('',(-5.83155213255973E-17,0.514327622774779,-0.857593782889571));
#1811=DIRECTION('',(-1.,0.,0.));
#1812=DIRECTION('',(1.,-2.11413189963181E-32,-1.26791548150713E-32));
#1813=DIRECTION('',(1.,-2.11413189963181E-32,-1.26791548150713E-32));
#1814=DIRECTION('',(0.,-0.514327622774779,0.857593782889571));
#1815=DIRECTION('',(-1.,2.11413189963181E-32,1.26791548150713E-32));
#1816=DIRECTION('',(0.,-0.514327622774779,0.857593782889571));
#1817=DIRECTION('',(5.47382212626882E-48,-0.514327622774778,0.857593782889571));
#1818=DIRECTION('',(0.,-0.857593782889571,-0.514327622774778));
#1819=DIRECTION('',(2.46519032881566E-32,0.857593782889571,0.514327622774778));
#1820=DIRECTION('',(0.,0.514327622774779,-0.857593782889571));
#1821=DIRECTION('',(-5.83155213255973E-17,0.514327622774779,-0.857593782889571));
#1822=DIRECTION('',(-1.,0.,0.));
#1823=DIRECTION('',(-2.46519032881566E-32,-0.857593782889571,-0.514327622774778));
#1824=DIRECTION('',(-2.46519032881566E-32,-0.857593782889571,-0.514327622774778));
#1825=DIRECTION('',(0.,0.514327622774779,-0.857593782889571));
#1826=DIRECTION('',(-1.,2.11413189963181E-32,1.26791548150713E-32));
#1827=DIRECTION('',(6.84227765783602E-48,-0.514327622774778,0.857593782889571));
#1828=DIRECTION('',(-1.,2.11413189963181E-32,1.26791548150713E-32));
#1829=DIRECTION('',(6.84227765783602E-48,-0.514327622774778,0.857593782889571));
#1830=DIRECTION('',(2.46519032881566E-32,0.857593782889571,0.514327622774778));
#1831=DIRECTION('',(0.,-0.514327622774778,0.857593782889571));
#1832=DIRECTION('',(-0.034899496702501,0.857071359928444,0.514014308283651));
#1833=DIRECTION('',(-0.034899496702501,0.857071359928444,0.514014308283651));
#1834=DIRECTION('',(0.999390827019096,0.02992959139804,0.0179497751750336));
#1835=DIRECTION('',(-0.0348994967025011,0.857071359928444,0.514014308283651));
#1836=DIRECTION('',(-0.0348994967025008,-0.857071359928444,-0.514014308283651));
#1837=DIRECTION('',(5.47382212626882E-48,-0.514327622774778,0.857593782889571));
#1838=DIRECTION('',(1.,0.,0.));
#1839=DIRECTION('',(-0.0348994967025008,-0.857071359928444,-0.514014308283651));
#1840=DIRECTION('',(-0.999390827019096,0.0299295913980398,0.0179497751750335));
#1841=DIRECTION('',(-0.0348994967025008,-0.857071359928444,-0.514014308283651));
#1842=DIRECTION('',(5.47382212626882E-48,-0.514327622774778,0.857593782889571));
#1843=DIRECTION('',(1.,0.,0.));
#1844=DIRECTION('',(0.,-1.,0.));
#1845=DIRECTION('',(0.,0.,-1.));
#1846=DIRECTION('',(0.,-1.,0.));
#1847=DIRECTION('',(0.,0.,-1.));
#1848=DIRECTION('',(0.,-1.,0.));
#1849=DIRECTION('',(0.,0.,-1.));
#1850=DIRECTION('',(0.,-1.,0.));
#1851=DIRECTION('',(0.,0.,-1.));
#1852=DIRECTION('',(0.,1.,0.));
#1853=DIRECTION('',(0.,0.,1.));
#1854=DIRECTION('',(0.,0.,1.));
#1855=DIRECTION('',(1.23799794148804E-16,-1.,4.55509966371933E-16));
#1856=DIRECTION('',(0.,0.,1.));
#1857=DIRECTION('',(-1.,-1.23799794148804E-16,0.));
#1858=DIRECTION('',(1.23799794148804E-16,-1.,4.55509966371933E-16));
#1859=DIRECTION('',(0.,0.,1.));
#1860=DIRECTION('',(2.84567499340026E-16,0.,-1.));
#1861=DIRECTION('',(1.23799794148804E-16,-1.,4.55509966371933E-16));
#1862=DIRECTION('',(0.,0.,1.));
#1863=DIRECTION('',(-1.,-1.23799794148804E-16,0.));
#1864=DIRECTION('',(1.23799794148804E-16,-1.,4.55509966371933E-16));
#1865=DIRECTION('',(0.,0.,1.));
#1866=DIRECTION('',(-1.23799794148804E-16,1.,-4.55509966371933E-16));
#1867=DIRECTION('',(-0.262269030077355,-4.71844785465692E-16,-0.964994795769534));
#1868=DIRECTION('',(0.,1.,0.));
#1869=DIRECTION('',(0.,0.,-1.));
#1870=DIRECTION('',(1.,0.,0.));
#1871=DIRECTION('',(0.,1.,0.));
#1872=DIRECTION('',(0.,0.,-1.));
#1873=DIRECTION('',(-1.,0.,0.));
#1874=DIRECTION('',(0.,1.,0.));
#1875=DIRECTION('',(0.,0.,-1.));
#1876=DIRECTION('',(-1.,0.,0.));
#1877=DIRECTION('',(0.,1.,0.));
#1878=DIRECTION('',(0.,0.,-1.));
#1879=DIRECTION('',(1.,0.,0.));
#1880=DIRECTION('',(0.,-1.,0.));
#1881=DIRECTION('',(0.,0.,-1.));
#1882=DIRECTION('',(0.,-1.,0.));
#1883=DIRECTION('',(0.,1.,0.));
#1884=DIRECTION('',(0.,0.,1.));
#1885=DIRECTION('',(1.,0.,0.));
#1886=DIRECTION('',(1.,1.23799794148804E-16,0.));
#1887=DIRECTION('',(0.,1.,0.));
#1888=DIRECTION('',(0.,-1.,0.));
#1889=DIRECTION('',(0.,0.,-1.));
#1890=DIRECTION('',(-1.,0.,0.));
#1891=DIRECTION('',(0.,1.,0.));
#1892=DIRECTION('',(0.,0.,1.));
#1893=DIRECTION('',(0.,1.,0.));
#1894=DIRECTION('',(0.,0.,1.));
#1895=DIRECTION('',(0.,1.,0.));
#1896=DIRECTION('',(0.,-1.,0.));
#1897=DIRECTION('',(0.,0.,1.));
#1898=DIRECTION('',(1.,0.,0.));
#1899=DIRECTION('',(1.,1.23799794148804E-16,0.));
#1900=DIRECTION('',(0.,-1.,0.));
#1901=DIRECTION('',(0.,1.,0.));
#1902=DIRECTION('',(0.,0.,-1.));
#1903=DIRECTION('',(-1.,0.,0.));
#1904=DIRECTION('',(0.,1.,0.));
#1905=DIRECTION('',(0.,0.,1.));
#1906=DIRECTION('',(0.,1.,0.));
#1907=DIRECTION('',(0.,0.,1.));
#1908=DIRECTION('',(0.,1.,0.));
#1909=DIRECTION('',(0.,0.,-1.));
#1910=DIRECTION('',(0.,0.,-1.));
#1911=DIRECTION('',(0.,1.,0.));
#1912=DIRECTION('',(0.,0.,-1.));
#1913=DIRECTION('',(-1.,0.,0.));
#1914=DIRECTION('',(0.,1.,0.));
#1915=DIRECTION('',(0.,0.,-1.));
#1916=DIRECTION('',(0.,0.,1.));
#1917=DIRECTION('',(0.,1.,0.));
#1918=DIRECTION('',(0.,0.,-1.));
#1919=DIRECTION('',(-1.,0.,0.));
#1920=DIRECTION('',(0.,-1.,0.));
#1921=DIRECTION('',(0.962616035611937,0.,-0.270869651276693));
#1922=DIRECTION('',(0.,-1.,0.));
#1923=DIRECTION('',(1.,0.,0.));
#1924=DIRECTION('',(0.,1.,0.));
#1925=DIRECTION('',(0.,0.,-1.));
#1926=DIRECTION('',(-1.,0.,0.));
#1927=DIRECTION('',(0.,-1.,0.));
#1928=DIRECTION('',(0.,0.,1.));
#1929=DIRECTION('',(0.,0.,-1.));
#1930=DIRECTION('',(0.,-1.,0.));
#1931=DIRECTION('',(0.,0.,1.));
#1932=DIRECTION('',(0.,-1.,0.));
#1933=DIRECTION('',(0.,0.,1.));
#1934=DIRECTION('',(0.,0.,1.));
#1935=DIRECTION('',(0.,-1.,0.));
#1936=DIRECTION('',(0.,0.,1.));
#1937=DIRECTION('',(1.,0.,0.));
#1938=DIRECTION('',(0.,1.,0.));
#1939=DIRECTION('',(-0.962616035611937,0.,0.270869651276693));
#1940=DIRECTION('',(0.,-1.,0.));
#1941=DIRECTION('',(0.,0.,-1.));
#1942=DIRECTION('',(0.,-1.,0.));
#1943=DIRECTION('',(0.,0.,-1.));
#1944=DIRECTION('',(0.,1.,0.));
#1945=DIRECTION('',(0.,-1.,0.));
#1946=DIRECTION('',(0.,0.,-1.));
#1947=DIRECTION('',(-1.,0.,0.));
#1948=DIRECTION('',(0.,-1.,0.));
#1949=DIRECTION('',(0.,0.,-1.));
#1950=DIRECTION('',(0.,-1.,0.));
#1951=DIRECTION('',(0.,0.,-1.));
#1952=DIRECTION('',(-0.017084658849784,0.939656257409891,-0.341693184512689));
#1953=DIRECTION('',(0.0170846596012662,0.939656257397824,-0.3416931845083));
#1954=DIRECTION('',(-1.62456853525228E-15,-0.341743063086704,-0.939793423488437));
#1955=DIRECTION('',(0.0170846596012662,0.939656257397824,-0.341693184508299));
#1956=DIRECTION('',(-0.0170846588497837,0.939656257409892,-0.341693184512688));
#1957=DIRECTION('',(-0.999834751720591,-0.0181788132677257,0.));
#1958=DIRECTION('',(-0.0170846588497836,0.939656257409892,-0.341693184512687));
#1959=DIRECTION('',(0.0170846596012662,0.939656257397824,-0.3416931845083));
#1960=DIRECTION('',(0.999834751706054,-0.0181788140673047,0.));
#1961=DIRECTION('',(0.0170846596012662,0.939656257397824,-0.341693184508299));
#1962=DIRECTION('',(8.67361737988404E-19,0.341743063086704,0.939793423488437));
#1963=DIRECTION('',(0.0170846596012664,0.939656257397824,-0.341693184508299));
#1964=DIRECTION('',(-0.27475602953853,-0.883144381353437,0.380217208863668));
#1965=DIRECTION('',(0.954856776396989,-0.297066552423441,-2.47838730719443E-15));
#1966=DIRECTION('',(-0.27475602953853,-0.883144381353437,0.380217208863668));
#1967=DIRECTION('',(0.274756029937682,-0.883144381248674,0.380217208818565));
#1968=DIRECTION('',(-0.954856776264579,-0.297066552849048,8.65712927353167E-16));
#1969=DIRECTION('',(0.274756029937682,-0.883144381248674,0.380217208818565));
#1970=CARTESIAN_POINT('',(0.,0.,0.));
#1971=CARTESIAN_POINT('',(-2.019,20.75,-2.60004952201779));
#1972=CARTESIAN_POINT('',(-2.019,20.75,1.53300370425738));
#1973=CARTESIAN_POINT('',(-2.01900000000001,20.75,2.63150000000001));
#1974=CARTESIAN_POINT('',(-2.019,20.75,1.53300370425738));
#1975=CARTESIAN_POINT('',(-2.1459929631829,20.75,1.52550474591742));
#1976=CARTESIAN_POINT('',(-2.27299274257571,20.75,1.51812202901866));
#1977=CARTESIAN_POINT('',(-2.4,20.75,1.51087001107837));
#1978=CARTESIAN_POINT('',(-2.4,20.75,1.51087001107837));
#1979=CARTESIAN_POINT('',(-2.40000000000001,20.75,1.51087001107837));
#1980=CARTESIAN_POINT('',(-2.40000000000001,20.75,3.01250000000001));
#1981=CARTESIAN_POINT('',(-13.3776758841481,20.75,3.0125));
#1982=CARTESIAN_POINT('',(-1.175,20.75,3.0125));
#1983=CARTESIAN_POINT('',(-1.175,20.75,3.0125));
#1984=CARTESIAN_POINT('',(-1.175,20.75,2.6315));
#1985=CARTESIAN_POINT('',(-13.3776758841481,20.75,2.6315));
#1986=CARTESIAN_POINT('',(7.,20.75,11.9125));
#1987=CARTESIAN_POINT('',(2.4,20.75,3.50128842005626));
#1988=CARTESIAN_POINT('',(2.40000000000001,20.75,3.01250000000001));
#1989=CARTESIAN_POINT('',(2.4,20.75,1.51087001107837));
#1990=CARTESIAN_POINT('',(2.40000000000001,20.75,1.51087001107837));
#1991=CARTESIAN_POINT('',(2.27299274257575,20.75,1.51812202901866));
#1992=CARTESIAN_POINT('',(2.14599296318293,20.75,1.52550474591742));
#1993=CARTESIAN_POINT('',(2.019,20.75,1.53300370425738));
#1994=CARTESIAN_POINT('',(2.019,20.75,1.53300370425738));
#1995=CARTESIAN_POINT('',(2.019,20.75,3.50128842005627));
#1996=CARTESIAN_POINT('',(2.01900000000001,20.75,2.63150000000001));
#1997=CARTESIAN_POINT('',(1.175,20.75,2.6315));
#1998=CARTESIAN_POINT('',(1.175,20.75,2.6315));
#1999=CARTESIAN_POINT('',(1.175,20.75,3.0125));
#2000=CARTESIAN_POINT('',(1.175,20.75,3.0125));
#2001=CARTESIAN_POINT('',(1.175,20.75,3.0125));
#2002=CARTESIAN_POINT('',(7.,20.75,11.9125));
#2003=CARTESIAN_POINT('',(1.43499828022051,11.25,-0.807499999999299));
#2004=CARTESIAN_POINT('',(1.53943676527224,11.2507359593598,-0.807499999999299));
#2005=CARTESIAN_POINT('',(1.61073497838575,11.252065947832,-0.8075));
#2006=CARTESIAN_POINT('',(1.69780669297014,11.2559200181568,-0.8075));
#2007=CARTESIAN_POINT('',(1.84038634405314,11.2745172705303,-0.8075));
#2008=CARTESIAN_POINT('',(1.87039311430511,11.25,-0.8075));
#2009=CARTESIAN_POINT('',(1.43499828022029,11.25,-0.807499999999649));
#2010=CARTESIAN_POINT('',(1.87039311430511,11.25,-0.8075));
#2011=CARTESIAN_POINT('',(1.87039311430511,11.25,-0.8075));
#2012=CARTESIAN_POINT('',(1.87670175312476,11.25,-0.807543765338513));
#2013=CARTESIAN_POINT('',(1.89058384135038,11.25,-0.807644620769977));
#2014=CARTESIAN_POINT('',(1.90673703249984,11.25,-0.807661075177054));
#2015=CARTESIAN_POINT('',(1.91659905196866,11.25,-0.807564606009388));
#2016=CARTESIAN_POINT('',(1.91900043443309,11.25,-0.807532780239944));
#2017=CARTESIAN_POINT('',(1.92099501361546,11.25,-0.807497652356558));
#2018=CARTESIAN_POINT('',(2.4,11.25,-0.326499999999999));
#2019=CARTESIAN_POINT('',(2.4,11.25,-0.580084121292281));
#2020=CARTESIAN_POINT('',(2.17638524698027,11.25,-0.806285542790793));
#2021=CARTESIAN_POINT('',(1.9212796401822,11.25,-0.807494597932908));
#2022=CARTESIAN_POINT('',(2.4,11.25,-0.327834371125332));
#2023=CARTESIAN_POINT('',(2.40004560588473,11.25,-0.326500717612085));
#2024=CARTESIAN_POINT('',(2.40011421437448,11.25,-0.322140491590369));
#2025=CARTESIAN_POINT('',(2.40030930569427,11.25,-0.301120518244395));
#2026=CARTESIAN_POINT('',(2.39977105854306,11.25,-0.245635047296986));
#2027=CARTESIAN_POINT('',(2.40002800149233,11.25,-0.15653300446285));
#2028=CARTESIAN_POINT('',(2.39989198038805,11.25,0.0697603710316017));
#2029=CARTESIAN_POINT('',(2.39990746776206,11.25,0.452791904365857));
#2030=CARTESIAN_POINT('',(2.39994155369547,11.25,1.22466644238703));
#2031=CARTESIAN_POINT('',(2.4,11.25,1.86819555944726));
#2032=CARTESIAN_POINT('',(2.4,11.25,2.2925));
#2033=CARTESIAN_POINT('',(2.4,11.25,2.2925));
#2034=CARTESIAN_POINT('',(0.268899947264679,8.7,0.4125));
#2035=CARTESIAN_POINT('',(0.268899947264679,9.00523615341032,0.4125));
#2036=CARTESIAN_POINT('',(2.4,10.334291539769,2.2925));
#2037=CARTESIAN_POINT('',(2.4,11.25,2.2925));
#2038=CARTESIAN_POINT('',(0.268899947264679,8.7,0.4125));
#2039=CARTESIAN_POINT('',(0.268899947264679,8.7,0.4125));
#2040=CARTESIAN_POINT('',(0.464829286699483,8.7,0.4125));
#2041=CARTESIAN_POINT('',(0.751644712421445,8.7,0.412524139365925));
#2042=CARTESIAN_POINT('',(1.22115420473307,8.7,0.412546565980046));
#2043=CARTESIAN_POINT('',(1.53693537620744,8.7,0.41247489206702));
#2044=CARTESIAN_POINT('',(1.776892706834,8.7,0.412467705300684));
#2045=CARTESIAN_POINT('',(1.88211735922847,8.7,0.412541954315395));
#2046=CARTESIAN_POINT('',(1.95349297573444,8.7,0.41266338778435));
#2047=CARTESIAN_POINT('',(1.98161918179303,8.7,0.41237444260178));
#2048=CARTESIAN_POINT('',(1.98749562059015,8.7,0.412264951825574));
#2049=CARTESIAN_POINT('',(1.98749890514371,8.7,0.412441237956462));
#2050=CARTESIAN_POINT('',(1.98749562059015,8.7,0.412264951825574));
#2051=CARTESIAN_POINT('',(2.00395036195784,8.7,0.411958364372385));
#2052=CARTESIAN_POINT('',(2.06556139479652,8.7,0.409384026467303));
#2053=CARTESIAN_POINT('',(2.17295350633683,8.7,0.377501521473884));
#2054=CARTESIAN_POINT('',(2.29184778091693,8.7,0.29131994356044));
#2055=CARTESIAN_POINT('',(2.37535922064194,8.7,0.165502904666348));
#2056=CARTESIAN_POINT('',(2.40913580110179,8.7,0.0156493893911376));
#2057=CARTESIAN_POINT('',(2.38644189564882,8.7,-0.137567936608344));
#2058=CARTESIAN_POINT('',(2.30993143214432,8.7,-0.272096505845866));
#2059=CARTESIAN_POINT('',(2.1912924084625,8.7,-0.369062632808548));
#2060=CARTESIAN_POINT('',(2.08432580854597,8.7,-0.405178602882939));
#2061=CARTESIAN_POINT('',(2.0158346000238,8.7,-0.411702803861568));
#2062=CARTESIAN_POINT('',(1.99563650747662,8.7,-0.412360930931972));
#2063=CARTESIAN_POINT('',(1.98750012433035,8.7,-0.41250692886067));
#2064=CARTESIAN_POINT('',(1.98750006216518,8.7,-0.412503464430337));
#2065=CARTESIAN_POINT('',(1.98750012433035,8.7,-0.41250692886067));
#2066=CARTESIAN_POINT('',(1.98362132328302,8.7,-0.412576529432394));
#2067=CARTESIAN_POINT('',(1.9677448316104,8.7,-0.412750232407579));
#2068=CARTESIAN_POINT('',(1.94003357845022,8.7,-0.412531524131034));
#2069=CARTESIAN_POINT('',(1.82165032163882,8.7,-0.412306313226117));
#2070=CARTESIAN_POINT('',(1.6274996065084,8.7,-0.412692683608007));
#2071=CARTESIAN_POINT('',(1.11035663059513,8.7,-0.412307388642457));
#2072=CARTESIAN_POINT('',(0.634824332494487,8.7,-0.412497146498411));
#2073=CARTESIAN_POINT('',(0.0648271272043052,8.7,-0.412535646377211));
#2074=CARTESIAN_POINT('',(-0.497357756208458,8.7,-0.412483774046667));
#2075=CARTESIAN_POINT('',(-1.07217682495536,8.7,-0.41248305746281));
#2076=CARTESIAN_POINT('',(-1.57256380128302,8.7,-0.412519235160451));
#2077=CARTESIAN_POINT('',(-1.75184923056654,8.7,-0.412613436788673));
#2078=CARTESIAN_POINT('',(-1.86724436799558,8.7,-0.412511681460963));
#2079=CARTESIAN_POINT('',(-1.92253653202948,8.7,-0.412123220447556));
#2080=CARTESIAN_POINT('',(-1.96680199894548,8.7,-0.413282970661733));
#2081=CARTESIAN_POINT('',(-1.98750645443195,8.7,-0.412751393671978));
#2082=CARTESIAN_POINT('',(-1.9875016136055,8.7,-0.412562848418062));
#2083=CARTESIAN_POINT('',(-1.98750645443195,8.7,-0.412751393671978));
#2084=CARTESIAN_POINT('',(-1.99061027941926,8.7,-0.412671704450276));
#2085=CARTESIAN_POINT('',(-2.04137290316706,8.7,-0.410976160179019));
#2086=CARTESIAN_POINT('',(-2.14108898915922,8.7,-0.392805964569112));
#2087=CARTESIAN_POINT('',(-2.26959816405058,8.7,-0.313298861230234));
#2088=CARTESIAN_POINT('',(-2.37342041226617,8.7,-0.178762154567984));
#2089=CARTESIAN_POINT('',(-2.41670007220941,8.7,0.0069906219101822));
#2090=CARTESIAN_POINT('',(-2.36316322831258,8.7,0.206888391346757));
#2091=CARTESIAN_POINT('',(-2.22540993717607,8.7,0.355798129882259));
#2092=CARTESIAN_POINT('',(-2.08752821183329,8.7,0.406448862502981));
#2093=CARTESIAN_POINT('',(-2.00791586174687,8.7,0.412141507628093));
#2094=CARTESIAN_POINT('',(-1.99005654235,8.7,0.41254727941921));
#2095=CARTESIAN_POINT('',(-1.98750154332447,8.7,0.412590736865892));
#2096=CARTESIAN_POINT('',(-1.98750038583112,8.7,0.412522684216472));
#2097=CARTESIAN_POINT('',(-1.98750154332447,8.7,0.412590736865892));
#2098=CARTESIAN_POINT('',(-1.97477027100365,8.7,0.412807280427175));
#2099=CARTESIAN_POINT('',(-1.93168474667305,8.7,0.4123064157791));
#2100=CARTESIAN_POINT('',(-1.82974336107921,8.7,0.412673659529084));
#2101=CARTESIAN_POINT('',(-1.62886591640421,8.7,0.412333218058707));
#2102=CARTESIAN_POINT('',(-1.04301674009008,8.7,0.412772829113847));
#2103=CARTESIAN_POINT('',(-0.617800560970253,8.7,0.4125));
#2104=CARTESIAN_POINT('',(-0.26889994726468,8.7,0.4125));
#2105=CARTESIAN_POINT('',(-0.268899947264681,8.7,0.4125));
#2106=CARTESIAN_POINT('',(-2.4,11.25,1.5925));
#2107=CARTESIAN_POINT('',(-2.4,9.61268843178409,1.5925));
#2108=CARTESIAN_POINT('',(-0.26889994726468,9.04110657671165,0.4125));
#2109=CARTESIAN_POINT('',(-0.26889994726468,8.7,0.4125));
#2110=CARTESIAN_POINT('',(-2.4,11.25,1.5925));
#2111=CARTESIAN_POINT('',(-2.4,11.25,1.5925));
#2112=CARTESIAN_POINT('',(-2.4,11.25,1.11339782320663));
#2113=CARTESIAN_POINT('',(-2.39989988377714,11.25,0.503702571887762));
#2114=CARTESIAN_POINT('',(-2.40021438055342,11.25,-0.0501686622336229));
#2115=CARTESIAN_POINT('',(-2.40007245131383,11.25,-0.21210512847018));
#2116=CARTESIAN_POINT('',(-2.39993725250093,11.25,-0.287266165155161));
#2117=CARTESIAN_POINT('',(-2.40004808363611,11.25,-0.317640208644259));
#2118=CARTESIAN_POINT('',(-2.39995378703519,11.25,-0.326499508118175));
#2119=CARTESIAN_POINT('',(-2.39999422337941,11.25,-0.326499692573962));
#2120=CARTESIAN_POINT('',(-1.9228330903736,11.25,-0.807484726803448));
#2121=CARTESIAN_POINT('',(-2.17587119051399,11.25,-0.80546820143008));
#2122=CARTESIAN_POINT('',(-2.40000006508389,11.25,-0.58107011903686));
#2123=CARTESIAN_POINT('',(-2.39999999999998,11.25,-0.326499877026632));
#2124=CARTESIAN_POINT('',(-1.9228330903736,11.25,-0.8075));
#2125=CARTESIAN_POINT('',(-1.9228336713729,11.25,-0.807500081364157));
#2126=CARTESIAN_POINT('',(-1.92155782843953,11.25,-0.807535651367467));
#2127=CARTESIAN_POINT('',(-1.9202806760574,11.25,-0.807567922905051));
#2128=CARTESIAN_POINT('',(-1.91900221886208,11.25,-0.807597128694433));
#2129=CARTESIAN_POINT('',(-1.91900027735776,11.25,-0.807512141086805));
#2130=CARTESIAN_POINT('',(-1.91900221886208,11.25,-0.807597128694433));
#2131=CARTESIAN_POINT('',(-1.90588909377431,11.25,-0.807896692239344));
#2132=CARTESIAN_POINT('',(-1.87740355206234,11.25,-0.807847309039894));
#2133=CARTESIAN_POINT('',(-1.84052565904429,11.25,-0.807366435485845));
#2134=CARTESIAN_POINT('',(-1.76145942977925,11.25,-0.807571569566988));
#2135=CARTESIAN_POINT('',(-1.65405629812256,11.25,-0.807593990076582));
#2136=CARTESIAN_POINT('',(-1.5495709960312,11.25,-0.807528057058135));
#2137=CARTESIAN_POINT('',(-1.50498679894657,11.25,-0.807500000000001));
#2138=CARTESIAN_POINT('',(-1.50498679894657,11.25,-0.807500000000001));
#2139=CARTESIAN_POINT('',(-1.50498679894658,11.25,-0.807500000000001));
#2140=CARTESIAN_POINT('',(-1.38296131128341,11.254810914244,-0.807500000000001));
#2141=CARTESIAN_POINT('',(-1.24659469043329,11.2575375093464,-0.8075));
#2142=CARTESIAN_POINT('',(-0.944226780659477,11.2588572071773,-0.8075));
#2143=CARTESIAN_POINT('',(-0.759080216337578,11.2563286328957,-0.807499999999944));
#2144=CARTESIAN_POINT('',(-0.685878476361697,11.25,-0.807499999999944));
#2145=CARTESIAN_POINT('',(-0.685878476364289,11.25,-0.807499999999971));
#2146=CARTESIAN_POINT('',(-0.685878476364289,11.25,-0.807499999999943));
#2147=CARTESIAN_POINT('',(-0.618514629563126,11.25,-0.807519666391812));
#2148=CARTESIAN_POINT('',(-0.33017912972902,11.25,-0.807599103093945));
#2149=CARTESIAN_POINT('',(0.0801671400756481,11.25,-0.807589906138846));
#2150=CARTESIAN_POINT('',(0.740475675340548,11.25,-0.807557411024961));
#2151=CARTESIAN_POINT('',(1.15708912883196,11.25,-0.80760850512298));
#2152=CARTESIAN_POINT('',(1.43499828021965,11.25,-0.807499999999299));
#2153=CARTESIAN_POINT('',(2.4,11.2890455836241,2.2925));
#2154=CARTESIAN_POINT('',(2.4,11.2760303890827,2.2925));
#2155=CARTESIAN_POINT('',(2.4,11.2630151945413,2.2925));
#2156=CARTESIAN_POINT('',(2.4,11.25,2.2925));
#2157=CARTESIAN_POINT('',(2.4,11.1686550341166,2.2925));
#2158=CARTESIAN_POINT('',(2.36618141826866,11.008826138102,2.26266614326798));
#2159=CARTESIAN_POINT('',(2.26859875565957,10.801216414017,2.17658130390549));
#2160=CARTESIAN_POINT('',(2.14973966570296,10.6151482115124,2.0717269640862));
#2161=CARTESIAN_POINT('',(2.01892453954103,10.4442763054548,1.95632532591874));
#2162=CARTESIAN_POINT('',(1.88089956267553,10.2840092687003,1.83456334849581));
#2163=CARTESIAN_POINT('',(1.68990961837309,10.0812927936063,1.66607708018208));
#2164=CARTESIAN_POINT('',(1.44293869001017,9.84247491025439,1.44820587102588));
#2165=CARTESIAN_POINT('',(1.13927040012024,9.57002632185051,1.18031775180768));
#2166=CARTESIAN_POINT('',(0.832649324433445,9.30344091172043,0.909824763197738));
#2167=CARTESIAN_POINT('',(0.577734622142527,9.08008819495386,0.684945767163831));
#2168=CARTESIAN_POINT('',(0.405083496773378,8.91230900358964,0.532637518999983));
#2169=CARTESIAN_POINT('',(0.324568701307393,8.81860354201884,0.461609499793769));
#2170=CARTESIAN_POINT('',(0.289226351319813,8.76491114475384,0.430431415080492));
#2171=CARTESIAN_POINT('',(0.273442236995867,8.73002474222876,0.416507087646436));
#2172=CARTESIAN_POINT('',(0.268899947264679,8.71016812073543,0.4125));
#2173=CARTESIAN_POINT('',(0.268899947264679,8.7,0.4125));
#2174=CARTESIAN_POINT('',(2.40072230644923,11.2862527731523,1.87402751550516));
#2175=CARTESIAN_POINT('',(2.40048153763282,11.2741685154348,1.87208353015253));
#2176=CARTESIAN_POINT('',(2.40024076881641,11.2620842577174,1.87013954479989));
#2177=CARTESIAN_POINT('',(2.4,11.25,1.86819555944726));
#2178=CARTESIAN_POINT('',(2.39849519489743,11.1744733892661,1.85604565099329));
#2179=CARTESIAN_POINT('',(2.36900963629807,11.0252735378536,1.81471749368543));
#2180=CARTESIAN_POINT('',(2.28140061613912,10.8261098310201,1.73595160745635));
#2181=CARTESIAN_POINT('',(2.16645531217088,10.6471266038997,1.65707753307674));
#2182=CARTESIAN_POINT('',(2.0330733382225,10.4863250389477,1.58134451432785));
#2183=CARTESIAN_POINT('',(1.88869526956733,10.3383322509891,1.50610293901763));
#2184=CARTESIAN_POINT('',(1.68878226426665,10.1512587115419,1.40439950751986));
#2185=CARTESIAN_POINT('',(1.43831714591923,9.92353867666318,1.2710579094939));
#2186=CARTESIAN_POINT('',(1.15582238109807,9.64040629209208,1.08644482709297));
#2187=CARTESIAN_POINT('',(0.895542772740857,9.34774027925189,0.873215360999368));
#2188=CARTESIAN_POINT('',(0.695274592721323,9.09814561950578,0.677172218233926));
#2189=CARTESIAN_POINT('',(0.565645910226279,8.91450177664186,0.535879563146644));
#2190=CARTESIAN_POINT('',(0.506246487963135,8.81582554549266,0.467132815565322));
#2191=CARTESIAN_POINT('',(0.480258932490075,8.7617738592839,0.435371605220519));
#2192=CARTESIAN_POINT('',(0.468538965293916,8.72799295213484,0.419801217123364));
#2193=CARTESIAN_POINT('',(0.465017387337305,8.70944082634174,0.414018738556746));
#2194=CARTESIAN_POINT('',(0.464829286699483,8.7,0.4125));
#2195=CARTESIAN_POINT('',(2.40187495280494,11.282922733743,1.23375704730673));
#2196=CARTESIAN_POINT('',(2.40123048643512,11.271948489162,1.23072684566683));
#2197=CARTESIAN_POINT('',(2.40058602006529,11.260974244581,1.22769664402693));
#2198=CARTESIAN_POINT('',(2.39994155369547,11.25,1.22466644238703));
#2199=CARTESIAN_POINT('',(2.39591363888406,11.1814109713687,1.20572768213766));
#2200=CARTESIAN_POINT('',(2.37012151675982,11.0450519042479,1.16350781893934));
#2201=CARTESIAN_POINT('',(2.29524641228121,10.8565761560064,1.10677013895219));
#2202=CARTESIAN_POINT('',(2.19070505248796,10.6854152676424,1.0669797566862));
#2203=CARTESIAN_POINT('',(2.06415876474045,10.5334562645224,1.0426284954649));
#2204=CARTESIAN_POINT('',(1.92458951567798,10.3952100524226,1.02529837489369));
#2205=CARTESIAN_POINT('',(1.73144329229384,10.219629080187,1.00519763415577));
#2206=CARTESIAN_POINT('',(1.49576762984366,9.99820813325217,0.974261741115162));
#2207=CARTESIAN_POINT('',(1.25027078090529,9.70266238290859,0.896711353607525));
#2208=CARTESIAN_POINT('',(1.0458128635456,9.38515052021998,0.769102364073541));
#2209=CARTESIAN_POINT('',(0.903826261076381,9.11150344082744,0.628868599127755));
#2210=CARTESIAN_POINT('',(0.817944054638679,8.91395882632915,0.518749348686717));
#2211=CARTESIAN_POINT('',(0.779555142991483,8.81147580397442,0.462573033733128));
#2212=CARTESIAN_POINT('',(0.762702685341439,8.75775933600079,0.435369904177264));
#2213=CARTESIAN_POINT('',(0.754824139842851,8.72554912822916,0.421045811119062));
#2214=CARTESIAN_POINT('',(0.752148201772871,8.70857362857891,0.414891484397096));
#2215=CARTESIAN_POINT('',(0.751644712421445,8.7,0.412524139365925));
#2216=CARTESIAN_POINT('',(2.40218399374069,11.2798609005699,0.45971398170888));
#2217=CARTESIAN_POINT('',(2.40142515174782,11.2699072670466,0.457406622594539));
#2218=CARTESIAN_POINT('',(2.40066630975494,11.2599536335233,0.455099263480198));
#2219=CARTESIAN_POINT('',(2.39990746776206,11.25,0.452791904365857));
#2220=CARTESIAN_POINT('',(2.3951647053066,11.1877897904794,0.438370909901225));
#2221=CARTESIAN_POINT('',(2.37596255318291,11.0634807015059,0.413115315372736));
#2222=CARTESIAN_POINT('',(2.32203564404489,10.8857318556167,0.394731442300332));
#2223=CARTESIAN_POINT('',(2.24342594700334,10.7208607852469,0.40142456006689));
#2224=CARTESIAN_POINT('',(2.14558325423453,10.5724399022552,0.429001360728066));
#2225=CARTESIAN_POINT('',(2.03646625231663,10.4360476849982,0.467184330649026));
#2226=CARTESIAN_POINT('',(1.88555156227586,10.2606243738611,0.523267659113126));
#2227=CARTESIAN_POINT('',(1.70443192620728,10.0349349371997,0.58677306531691));
#2228=CARTESIAN_POINT('',(1.52611973227504,9.72846335695006,0.616554640812811));
#2229=CARTESIAN_POINT('',(1.38986214274205,9.39718938533322,0.590466233139881));
#2230=CARTESIAN_POINT('',(1.30481608659898,9.11192872416488,0.530632689287221));
#2231=CARTESIAN_POINT('',(1.25751288653049,8.90887883995443,0.473930464423267));
#2232=CARTESIAN_POINT('',(1.23704990938722,8.80597126740258,0.442890686863778));
#2233=CARTESIAN_POINT('',(1.22799341941315,8.75367088326129,0.427142920399935));
#2234=CARTESIAN_POINT('',(1.22351913570121,8.72327138197587,0.418415953681148));
#2235=CARTESIAN_POINT('',(1.22174705004001,8.70777627619008,0.414349190288126));
#2236=CARTESIAN_POINT('',(1.22115420473307,8.7,0.412546565980046));
#2237=CARTESIAN_POINT('',(2.40159751237019,11.2785916766952,0.073858330765167));
#2238=CARTESIAN_POINT('',(2.40102900170948,11.2690611177968,0.0724923441873119));
#2239=CARTESIAN_POINT('',(2.40046049104876,11.2595305588984,0.0711263576094568));
#2240=CARTESIAN_POINT('',(2.39989198038805,11.25,0.0697603710316017));
#2241=CARTESIAN_POINT('',(2.39633878875858,11.1904340068849,0.0612229549200073));
#2242=CARTESIAN_POINT('',(2.38283602010944,11.0712140985878,0.0495857018594183));
#2243=CARTESIAN_POINT('',(2.34376553608746,10.898259949133,0.0536789119236426));
#2244=CARTESIAN_POINT('',(2.28483121368322,10.7356500915593,0.0833045841510133));
#2245=CARTESIAN_POINT('',(2.21015125302957,10.5869262785229,0.133803446876556));
#2246=CARTESIAN_POINT('',(2.12631467959588,10.4485591725707,0.195449854450413));
#2247=CARTESIAN_POINT('',(2.01028552859212,10.2691832433575,0.282994407693849));
#2248=CARTESIAN_POINT('',(1.87194644681891,10.037847821583,0.385077549103464));
#2249=CARTESIAN_POINT('',(1.73951481549168,9.72704008383902,0.461992001917484));
#2250=CARTESIAN_POINT('',(1.64326064100443,9.39356498173298,0.485989686608485));
#2251=CARTESIAN_POINT('',(1.58745323787856,9.1075369202431,0.470030794305636));
#2252=CARTESIAN_POINT('',(1.55854280958431,8.90500810922653,0.444541763876999));
#2253=CARTESIAN_POINT('',(1.54649010726996,8.8031094999213,0.428918494359953));
#2254=CARTESIAN_POINT('',(1.54119068055904,8.75182298954601,0.420600374764981));
#2255=CARTESIAN_POINT('',(1.53851153914339,8.72231533740699,0.415841162676586));
#2256=CARTESIAN_POINT('',(1.53737952516112,8.70744574913938,0.41354206908097));
#2257=CARTESIAN_POINT('',(1.53693537620744,8.7,0.41247489206702));
#2258=CARTESIAN_POINT('',(2.40091664248095,11.2779077284061,-0.154639090302554));
#2259=CARTESIAN_POINT('',(2.40062042881808,11.2686051522707,-0.155270395022653));
#2260=CARTESIAN_POINT('',(2.40032421515521,11.2593025761354,-0.155901699742752));
#2261=CARTESIAN_POINT('',(2.40002800149233,11.25,-0.15653300446285));
#2262=CARTESIAN_POINT('',(2.3981766660994,11.1918588991539,-0.160478658963468));
#2263=CARTESIAN_POINT('',(2.38986644349602,11.0754166889233,-0.16246815615951));
#2264=CARTESIAN_POINT('',(2.36262997838825,10.9051769281899,-0.144028215615536));
#2265=CARTESIAN_POINT('',(2.31915802131787,10.7436574074713,-0.100900437897502));
#2266=CARTESIAN_POINT('',(2.26269561749513,10.5941100746694,-0.0377559624709196));
#2267=CARTESIAN_POINT('',(2.19873797396549,10.4536524255349,0.0364678318914184));
#2268=CARTESIAN_POINT('',(2.11003764171421,10.270643315857,0.140607106911279));
#2269=CARTESIAN_POINT('',(2.00483485192072,10.0348190324801,0.262887270078484));
#2270=CARTESIAN_POINT('',(1.90691976272032,9.72174958431666,0.36574934102081));
#2271=CARTESIAN_POINT('',(1.83965323332375,9.38839788583852,0.419289450803369));
#2272=CARTESIAN_POINT('',(1.80423980397273,9.10346629171654,0.430541060459104));
#2273=CARTESIAN_POINT('',(1.78790779180365,8.9022638899704,0.424995836372314));
#2274=CARTESIAN_POINT('',(1.78163762651236,8.80135098790715,0.41941343136502));
#2275=CARTESIAN_POINT('',(1.77900128234499,8.75077007291796,0.416033579398517));
#2276=CARTESIAN_POINT('',(1.77768567098207,8.72179573198162,0.413989611003823));
#2277=CARTESIAN_POINT('',(1.77712412375812,8.70726763760576,0.412960912113261));
#2278=CARTESIAN_POINT('',(1.776892706834,8.7,0.412467705300684));
#2279=CARTESIAN_POINT('',(2.40023820013769,11.2776486762413,-0.244699038726951));
#2280=CARTESIAN_POINT('',(2.40008248627281,11.2684324508275,-0.245011041583629));
#2281=CARTESIAN_POINT('',(2.39992677240794,11.2592162254138,-0.245323044440308));
#2282=CARTESIAN_POINT('',(2.39977105854306,11.25,-0.245635047296986));
#2283=CARTESIAN_POINT('',(2.39879784688759,11.192398591164,-0.247585065151225));
#2284=CARTESIAN_POINT('',(2.39292142200117,11.0770149333121,-0.245504962198677));
#2285=CARTESIAN_POINT('',(2.37098641940621,10.9078272491175,-0.221232882597239));
#2286=CARTESIAN_POINT('',(2.33437934717218,10.7466972984379,-0.17279263229997));
#2287=CARTESIAN_POINT('',(2.28598599291616,10.5967171505564,-0.104816183301406));
#2288=CARTESIAN_POINT('',(2.23082194374761,10.4552795937099,-0.0258526364531281));
#2289=CARTESIAN_POINT('',(2.15419293492082,10.2706188824751,0.0844904121587845));
#2290=CARTESIAN_POINT('',(2.06358521452731,10.0328295613007,0.21429310086495));
#2291=CARTESIAN_POINT('',(1.98077411618707,9.7189173711759,0.327061940461851));
#2292=CARTESIAN_POINT('',(1.9260842399891,9.38585233100914,0.392237381631144));
#2293=CARTESIAN_POINT('',(1.89944113956229,9.1016125214078,0.414430178868891));
#2294=CARTESIAN_POINT('',(1.88849911736909,8.90110394536962,0.416997838583052));
#2295=CARTESIAN_POINT('',(1.88471679141849,8.80064531382729,0.415529326424417));
#2296=CARTESIAN_POINT('',(1.88324036579738,8.75036080712215,0.414187732139494));
#2297=CARTESIAN_POINT('',(1.88253337196026,8.7215981169389,0.413275976804615));
#2298=CARTESIAN_POINT('',(1.8822390106854,8.7072001761045,0.412785706547175));
#2299=CARTESIAN_POINT('',(1.88211735922847,8.7,0.412541954315395));
#2300=CARTESIAN_POINT('',(2.40051993478389,11.2774563259601,-0.313493025534678));
#2301=CARTESIAN_POINT('',(2.40049022986957,11.2683042173067,-0.313544311732112));
#2302=CARTESIAN_POINT('',(2.40046052495525,11.2591521086534,-0.313595597929546));
#2303=CARTESIAN_POINT('',(2.40043082004094,11.25,-0.31364688412698));
#2304=CARTESIAN_POINT('',(2.40024516432646,11.1927993209165,-0.313967422860943));
#2305=CARTESIAN_POINT('',(2.39644700111723,11.078205427694,-0.308626835224282));
#2306=CARTESIAN_POINT('',(2.37892429299913,10.909812909773,-0.279796970874954));
#2307=CARTESIAN_POINT('',(2.34800061533862,10.748958644578,-0.227301129037856));
#2308=CARTESIAN_POINT('',(2.30627836071719,10.5985867830603,-0.155716890333294));
#2309=CARTESIAN_POINT('',(2.25837885668602,10.456312077453,-0.0732529686976609));
#2310=CARTESIAN_POINT('',(2.1917133760041,10.2702645635114,0.0416423059667264));
#2311=CARTESIAN_POINT('',(2.11313164360683,10.0308620846958,0.176948802896155));
#2312=CARTESIAN_POINT('',(2.04271601080186,9.71633235973374,0.297110946169838));
#2313=CARTESIAN_POINT('',(1.9982924532004,9.38361985198038,0.371176813305325));
#2314=CARTESIAN_POINT('',(1.97876845732272,9.10005457097816,0.40185578248811));
#2315=CARTESIAN_POINT('',(1.97219146139293,8.90017253900653,0.410767390458402));
#2316=CARTESIAN_POINT('',(1.97042893249936,8.80009828837733,0.412531704909223));
#2317=CARTESIAN_POINT('',(1.9699014431293,8.75005083259303,0.412799871409218));
#2318=CARTESIAN_POINT('',(1.96969980120833,8.72145091380409,0.412788425071729));
#2319=CARTESIAN_POINT('',(1.96963348259349,8.70715008488543,0.412730875969967));
#2320=CARTESIAN_POINT('',(1.96961027562918,8.7,0.412690808628221));
#2321=CARTESIAN_POINT('',(2.39872279680436,11.2772736818717,-0.379972806784454));
#2322=CARTESIAN_POINT('',(2.398837894735,11.2681824545811,-0.379766837536916));
#2323=CARTESIAN_POINT('',(2.39895299266564,11.2590912272906,-0.379560868289377));
#2324=CARTESIAN_POINT('',(2.39906809059628,11.25,-0.379354899041839));
#2325=CARTESIAN_POINT('',(2.39978745266277,11.1931798294339,-0.378067591244722));
#2326=CARTESIAN_POINT('',(2.39827714382836,11.0793383879301,-0.369547898461061));
#2327=CARTESIAN_POINT('',(2.38546235524429,10.9117103250779,-0.336353408392126));
#2328=CARTESIAN_POINT('',(2.36052773718928,10.7511087222176,-0.28004804618907));
#2329=CARTESIAN_POINT('',(2.32579538685652,10.60031762186,-0.205140766178094));
#2330=CARTESIAN_POINT('',(2.28548658108131,10.4571743145111,-0.119482097480007));
#2331=CARTESIAN_POINT('',(2.22921906796107,10.2697020316742,-0.000455738277382281));
#2332=CARTESIAN_POINT('',(2.16318664123848,10.0286642035737,0.139828325386038));
#2333=CARTESIAN_POINT('',(2.10573157685501,9.71355367502997,0.266803877685358));
#2334=CARTESIAN_POINT('',(2.07207689003947,9.3812698574277,0.349248402940093));
#2335=CARTESIAN_POINT('',(2.06005131356758,9.09845322138372,0.388035460940784));
#2336=CARTESIAN_POINT('',(2.0580943105245,8.89924098594313,0.403050638960185));
#2337=CARTESIAN_POINT('',(2.05848127898557,8.79956336888939,0.407936739228391));
#2338=CARTESIAN_POINT('',(2.05897159936464,8.74975240627824,0.409764335288007));
#2339=CARTESIAN_POINT('',(2.05931877539627,8.72131082212506,0.410628503261284));
#2340=CARTESIAN_POINT('',(2.05950544711977,8.70710252132076,0.410994303597178));
#2341=CARTESIAN_POINT('',(2.05959536737809,8.7,0.411155217071817));
#2342=CARTESIAN_POINT('',(2.38396197102134,11.2770631606712,-0.45792582946408));
#2343=CARTESIAN_POINT('',(2.3843094280904,11.2680421071142,-0.457503150276694));
#2344=CARTESIAN_POINT('',(2.38465688515946,11.2590210535571,-0.457080471089307));
#2345=CARTESIAN_POINT('',(2.38500434222852,11.25,-0.456657791901921));
#2346=CARTESIAN_POINT('',(2.38717594891016,11.1936184152683,-0.454016046980756));
#2347=CARTESIAN_POINT('',(2.38912102463604,11.0806489615905,-0.44289972488677));
#2348=CARTESIAN_POINT('',(2.38304625888378,10.9139194192522,-0.406438000630842));
#2349=CARTESIAN_POINT('',(2.36646528585804,10.7535922706818,-0.347649631446967));
#2350=CARTESIAN_POINT('',(2.34135644339546,10.602230729226,-0.270933229590985));
#2351=CARTESIAN_POINT('',(2.31143243260733,10.4579502492614,-0.183662056760516));
#2352=CARTESIAN_POINT('',(2.26935568670643,10.2686365339249,-0.0626697778424312));
#2353=CARTESIAN_POINT('',(2.22046897616437,10.0255227098075,0.0798404210318464));
#2354=CARTESIAN_POINT('',(2.18086428713847,9.7097530955812,0.210625049271907));
#2355=CARTESIAN_POINT('',(2.16221988453472,9.37813672497871,0.298947847220516));
#2356=CARTESIAN_POINT('',(2.16079526965872,9.09638245525103,0.344120494285809));
#2357=CARTESIAN_POINT('',(2.16545693057997,8.89808030784077,0.364181037053816));
#2358=CARTESIAN_POINT('',(2.16895716030569,8.79891822461973,0.371693012201717));
#2359=CARTESIAN_POINT('',(2.17094022693946,8.74940088155412,0.374840802812122));
#2360=CARTESIAN_POINT('',(2.17210675651803,8.72114876436131,0.37644719212393));
#2361=CARTESIAN_POINT('',(2.17268205550162,8.70704769809147,0.377171303358738));
#2362=CARTESIAN_POINT('',(2.17295350633683,8.7,0.377501521473884));
#2363=CARTESIAN_POINT('',(2.35121243557198,11.2768376608412,-0.541257056789151));
#2364=CARTESIAN_POINT('',(2.35184391815026,11.2678917738941,-0.540736662500291));
#2365=CARTESIAN_POINT('',(2.35247540072853,11.2589458869471,-0.540216268211431));
#2366=CARTESIAN_POINT('',(2.3531068833068,11.25,-0.539695873922571));
#2367=CARTESIAN_POINT('',(2.35705364942102,11.1940882065809,-0.536443409617196));
#2368=CARTESIAN_POINT('',(2.36313948900976,11.0820598470099,-0.524330904738138));
#2369=CARTESIAN_POINT('',(2.36507330110407,10.9163189645725,-0.487290434634514));
#2370=CARTESIAN_POINT('',(2.35843555883218,10.7562607066321,-0.428980577844553));
#2371=CARTESIAN_POINT('',(2.34480521833722,10.6041571028489,-0.35363506148584));
#2372=CARTESIAN_POINT('',(2.32727857762738,10.458453915524,-0.268019439012717));
#2373=CARTESIAN_POINT('',(2.30213827104216,10.2668680156926,-0.149485778780972));
#2374=CARTESIAN_POINT('',(2.27367296480313,10.0212434610479,-0.0103198186537648));
#2375=CARTESIAN_POINT('',(2.25519591688222,9.70478376668077,0.117926460731147));
#2376=CARTESIAN_POINT('',(2.2541640985032,9.3741429907444,0.206325834956584));
#2377=CARTESIAN_POINT('',(2.2650616949665,9.09382635101023,0.253438883720965));
#2378=CARTESIAN_POINT('',(2.27737357575042,8.89670643780894,0.275597294947381));
#2379=CARTESIAN_POINT('',(2.28447218371914,8.79818424015712,0.284302464731199));
#2380=CARTESIAN_POINT('',(2.28818862668187,8.74901300181215,0.288068040395216));
#2381=CARTESIAN_POINT('',(2.29031585834154,8.72097429911813,0.290022930138945));
#2382=CARTESIAN_POINT('',(2.29135443515265,8.70698897417739,0.290913385522268));
#2383=CARTESIAN_POINT('',(2.29184778091693,8.7,0.29131994356044));
#2384=CARTESIAN_POINT('',(2.30611871884091,11.2766379579762,-0.61396430606735));
#2385=CARTESIAN_POINT('',(2.30697097885164,11.2677586386508,-0.613494018805266));
#2386=CARTESIAN_POINT('',(2.30782323886236,11.2588793193254,-0.613023731543182));
#2387=CARTESIAN_POINT('',(2.30867549887308,11.25,-0.612553444281098));
#2388=CARTESIAN_POINT('',(2.31400212394011,11.1945042542162,-0.609614148893072));
#2389=CARTESIAN_POINT('',(2.32337107273294,11.083316129099,-0.59842794587799));
#2390=CARTESIAN_POINT('',(2.33194633676856,10.9184760544464,-0.563820738447881));
#2391=CARTESIAN_POINT('',(2.33386179651287,10.7586319759053,-0.50908922093887));
#2392=CARTESIAN_POINT('',(2.33031270967816,10.6057454718528,-0.438276580747002));
#2393=CARTESIAN_POINT('',(2.32378036642755,10.458585649427,-0.357517946658383));
#2394=CARTESIAN_POINT('',(2.31369553824979,10.2646993883189,-0.245734738814815));
#2395=CARTESIAN_POINT('',(2.30327680931495,10.0165759275892,-0.115267260483997));
#2396=CARTESIAN_POINT('',(2.30302226144316,9.69952072836708,0.00409485680809283));
#2397=CARTESIAN_POINT('',(2.31664474178464,9.36999432873208,0.0863085555113144));
#2398=CARTESIAN_POINT('',(2.33736858246163,9.09123840362976,0.130200272570625));
#2399=CARTESIAN_POINT('',(2.35558308518731,8.89536443399607,0.150876519550247));
#2400=CARTESIAN_POINT('',(2.36541609375441,8.79749302487207,0.159000619994901));
#2401=CARTESIAN_POINT('',(2.37044395829294,8.74865860885311,0.162507269054387));
#2402=CARTESIAN_POINT('',(2.37330017969015,8.7208189510856,0.164318367543319));
#2403=CARTESIAN_POINT('',(2.37469339250856,8.70693696822297,0.165135492742845));
#2404=CARTESIAN_POINT('',(2.37535922064194,8.7,0.165502904666348));
#2405=CARTESIAN_POINT('',(2.25133423087343,11.2764627234309,-0.675730372166128));
#2406=CARTESIAN_POINT('',(2.25228856201422,11.2676418156206,-0.675412041686361));
#2407=CARTESIAN_POINT('',(2.25324289315501,11.2588209078103,-0.675093711206594));
#2408=CARTESIAN_POINT('',(2.25419722429579,11.25,-0.674775380726827));
#2409=CARTESIAN_POINT('',(2.26016179392571,11.1948693261856,-0.672785815228283));
#2410=CARTESIAN_POINT('',(2.27126654514272,11.0844250075005,-0.663857890055281));
#2411=CARTESIAN_POINT('',(2.28407191625288,10.9203996011158,-0.633776195765397));
#2412=CARTESIAN_POINT('',(2.29208512121156,10.7607207340314,-0.584774719141495));
#2413=CARTESIAN_POINT('',(2.29613595629112,10.6070271868355,-0.520687273345331));
#2414=CARTESIAN_POINT('',(2.29809960655993,10.4584009740486,-0.447008116980312));
#2415=CARTESIAN_POINT('',(2.29972542617689,10.2622204635956,-0.344954864718344));
#2416=CARTESIAN_POINT('',(2.30316283798252,10.0116412809726,-0.226895700950767));
#2417=CARTESIAN_POINT('',(2.3161002321566,9.69407890478872,-0.120820469444775));
#2418=CARTESIAN_POINT('',(2.33934711182376,9.36576978645925,-0.049159936107997));
#2419=CARTESIAN_POINT('',(2.36570996735938,9.08865795485148,-0.0121076600519456));
#2420=CARTESIAN_POINT('',(2.38690810670364,8.89406721893011,0.0045710631425747));
#2421=CARTESIAN_POINT('',(2.3980271126666,8.79684715928116,0.0108674898337128));
#2422=CARTESIAN_POINT('',(2.40365141685734,8.74833723953297,0.0135002715377604));
#2423=CARTESIAN_POINT('',(2.40683630171222,8.72068183340103,0.014823465805947));
#2424=CARTESIAN_POINT('',(2.40839022989805,8.70689133422681,0.0154006937038196));
#2425=CARTESIAN_POINT('',(2.40913580110179,8.7,0.0156493893911376));
#2426=CARTESIAN_POINT('',(2.18808328081556,11.27631062856,-0.72646492843405));
#2427=CARTESIAN_POINT('',(2.18899537168929,11.26754041904,-0.726336938523596));
#2428=CARTESIAN_POINT('',(2.18990746256302,11.25877020952,-0.726208948613143));
#2429=CARTESIAN_POINT('',(2.19081955343675,11.25,-0.726080958702689));
#2430=CARTESIAN_POINT('',(2.19652012139757,11.1951861905001,-0.725281021762354));
#2431=CARTESIAN_POINT('',(2.20749688027395,11.0853936818571,-0.719134171790637));
#2432=CARTESIAN_POINT('',(2.22163654083468,10.9220985168231,-0.694422478131252));
#2433=CARTESIAN_POINT('',(2.232786352346,10.76254163654,-0.652026613791807));
#2434=CARTESIAN_POINT('',(2.24143144035955,10.6080335983944,-0.595559003257559));
#2435=CARTESIAN_POINT('',(2.24885729509161,10.4579554124668,-0.52987486034524));
#2436=CARTESIAN_POINT('',(2.25813139045846,10.2595210533142,-0.438781396453974));
#2437=CARTESIAN_POINT('',(2.27035180721642,10.0065606927392,-0.334649294864129));
#2438=CARTESIAN_POINT('',(2.29044466089435,9.68857322009429,-0.243664573449255));
#2439=CARTESIAN_POINT('',(2.31733391901048,9.36154841144342,-0.184373923524469));
#2440=CARTESIAN_POINT('',(2.34439020816066,9.08612434641728,-0.155688898794008));
#2441=CARTESIAN_POINT('',(2.36513464863645,8.89282771513904,-0.144075713347076));
#2442=CARTESIAN_POINT('',(2.37583334185399,8.79624922390096,-0.140134569058619));
#2443=CARTESIAN_POINT('',(2.38120933591249,8.74804843070769,-0.138633156451449));
#2444=CARTESIAN_POINT('',(2.38424723504292,8.72056205920171,-0.137939133162201));
#2445=CARTESIAN_POINT('',(2.38572932465372,8.70685172618749,-0.137667928725886));
#2446=CARTESIAN_POINT('',(2.38644189564882,8.7,-0.137567936608344));
#2447=CARTESIAN_POINT('',(2.1174962822682,11.2761803447179,-0.766091447237972));
#2448=CARTESIAN_POINT('',(2.11822751489806,11.2674535631452,-0.76612411604252));
#2449=CARTESIAN_POINT('',(2.11895874752792,11.2587267815726,-0.766156784847067));
#2450=CARTESIAN_POINT('',(2.11968998015778,11.25,-0.766189453651614));
#2451=CARTESIAN_POINT('',(2.12426018409439,11.1954576151711,-0.766393633680034));
#2452=CARTESIAN_POINT('',(2.13331989931828,11.0862293518115,-0.762683981740346));
#2453=CARTESIAN_POINT('',(2.14600040610523,10.9235817138103,-0.742852769360968));
#2454=CARTESIAN_POINT('',(2.15740685080439,10.7641093389609,-0.70657571463618));
#2455=CARTESIAN_POINT('',(2.16770303269417,10.6087960571269,-0.657238659003074));
#2456=CARTESIAN_POINT('',(2.17760866487369,10.4573044877597,-0.599071867798224));
#2457=CARTESIAN_POINT('',(2.19053358538928,10.2566909692664,-0.518303362843327));
#2458=CARTESIAN_POINT('',(2.20655925068171,10.0014553344304,-0.427282246119453));
#2459=CARTESIAN_POINT('',(2.22793885109634,9.68311859843242,-0.350420071983776));
#2460=CARTESIAN_POINT('',(2.25271003961641,9.35740925120208,-0.302592763989182));
#2461=CARTESIAN_POINT('',(2.27573390784279,9.08367692006904,-0.281568762156891));
#2462=CARTESIAN_POINT('',(2.29275361881548,8.8916588451508,-0.274541165002488));
#2463=CARTESIAN_POINT('',(2.30141010971574,8.79570179924805,-0.272713607079826));
#2464=CARTESIAN_POINT('',(2.30573443975075,8.74779171923325,-0.272218471841075));
#2465=CARTESIAN_POINT('',(2.30817218893182,8.72045874162496,-0.272077666103813));
#2466=CARTESIAN_POINT('',(2.30936015665225,8.70681779810361,-0.272070983342313));
#2467=CARTESIAN_POINT('',(2.30993143214432,8.7,-0.272096505845866));
#2468=CARTESIAN_POINT('',(2.04013481830219,11.2760705432592,-0.793799769359365));
#2469=CARTESIAN_POINT('',(2.04058396087273,11.2673803621728,-0.793908261969293));
#2470=CARTESIAN_POINT('',(2.04103310344326,11.2586901810864,-0.794016754579222));
#2471=CARTESIAN_POINT('',(2.0414822460138,11.25,-0.79412524718915));
#2472=CARTESIAN_POINT('',(2.04428938707966,11.1956863682099,-0.794803326001202));
#2473=CARTESIAN_POINT('',(2.05011391005544,11.0869392170063,-0.792481727720861));
#2474=CARTESIAN_POINT('',(2.05923843313889,10.9248581043197,-0.775949581417771));
#2475=CARTESIAN_POINT('',(2.06869694185301,10.765438496824,-0.744184270556242));
#2476=CARTESIAN_POINT('',(2.07835780737874,10.6093459136307,-0.700346679224063));
#2477=CARTESIAN_POINT('',(2.08840639092535,10.4565037230056,-0.648068491494664));
#2478=CARTESIAN_POINT('',(2.10184192595883,10.2538200232438,-0.575448268468427));
#2479=CARTESIAN_POINT('',(2.11778086089645,9.99644637758726,-0.494790752685087));
#2480=CARTESIAN_POINT('',(2.13593474284544,9.67782996395172,-0.428795797874851));
#2481=CARTESIAN_POINT('',(2.15423746434612,9.35343135325274,-0.389286252776384));
#2482=CARTESIAN_POINT('',(2.16971318197438,9.08135501754864,-0.373386524977668));
#2483=CARTESIAN_POINT('',(2.18059671637254,8.89057353149335,-0.369199066061994));
#2484=CARTESIAN_POINT('',(2.18602017530845,8.795207465839,-0.36861532519159));
#2485=CARTESIAN_POINT('',(2.18870420299966,8.74756664196561,-0.368689397827601));
#2486=CARTESIAN_POINT('',(2.19021016277951,8.72037099380808,-0.368848987861484));
#2487=CARTESIAN_POINT('',(2.19094151582926,8.70678920397376,-0.368977872957041));
#2488=CARTESIAN_POINT('',(2.1912924084625,8.7,-0.369062632808548));
#2489=CARTESIAN_POINT('',(1.97740562767111,11.2760025574688,-0.80497755931768));
#2490=CARTESIAN_POINT('',(1.9776114620885,11.2673350383125,-0.805056990376927));
#2491=CARTESIAN_POINT('',(1.97781729650589,11.2586675191563,-0.805136421436173));
#2492=CARTESIAN_POINT('',(1.97802313092328,11.25,-0.80521585249542));
#2493=CARTESIAN_POINT('',(1.97930959603197,11.1958280052733,-0.805712296615712));
#2494=CARTESIAN_POINT('',(1.98227408581102,11.0873826620648,-0.803354199510014));
#2495=CARTESIAN_POINT('',(1.98798415173876,10.9256669765251,-0.787648773889757));
#2496=CARTESIAN_POINT('',(1.99513752782664,10.7662674484502,-0.757579178719244));
#2497=CARTESIAN_POINT('',(2.0034023531105,10.609622367285,-0.716143914401344));
#2498=CARTESIAN_POINT('',(2.01259242442197,10.4558324117132,-0.666554707657755));
#2499=CARTESIAN_POINT('',(2.02510228314613,10.2517035260896,-0.597733341866629));
#2500=CARTESIAN_POINT('',(2.03937600779426,9.99285283971003,-0.521935182914894));
#2501=CARTESIAN_POINT('',(2.05334882386241,9.67407417158851,-0.460648431613682));
#2502=CARTESIAN_POINT('',(2.06520032119382,9.35062816214785,-0.424053555084217));
#2503=CARTESIAN_POINT('',(2.07379021076284,9.07973723983561,-0.409317254864894));
#2504=CARTESIAN_POINT('',(2.07926085704693,8.88983190539432,-0.405418658460235));
#2505=CARTESIAN_POINT('',(2.08186628569189,8.79487846960255,-0.404852884347074));
#2506=CARTESIAN_POINT('',(2.08312793005018,8.74742121231195,-0.40489632040036));
#2507=CARTESIAN_POINT('',(2.08382791061972,8.7203161951183,-0.40501850706461));
#2508=CARTESIAN_POINT('',(2.08416500040738,8.70677149934083,-0.405116547367903));
#2509=CARTESIAN_POINT('',(2.08432580854597,8.7,-0.405178602882939));
#2510=CARTESIAN_POINT('',(1.93394577227429,11.27596280395,-0.807254229976676));
#2511=CARTESIAN_POINT('',(1.93399651133756,11.2673085359667,-0.807277386279898));
#2512=CARTESIAN_POINT('',(1.93404725040083,11.2586542679833,-0.807300542583119));
#2513=CARTESIAN_POINT('',(1.93409798946409,11.25,-0.807323698886341));
#2514=CARTESIAN_POINT('',(1.93441510860953,11.1959108251042,-0.807468425781477));
#2515=CARTESIAN_POINT('',(1.93554753576209,11.0876434778932,-0.804618361255926));
#2516=CARTESIAN_POINT('',(1.9390497709901,10.926147167789,-0.788738977721614));
#2517=CARTESIAN_POINT('',(1.9446879418619,10.7667546973995,-0.759049009328616));
#2518=CARTESIAN_POINT('',(1.95200638857672,10.6097598256482,-0.718443471264836));
#2519=CARTESIAN_POINT('',(1.96058571094726,10.4553727477607,-0.669870027758525));
#2520=CARTESIAN_POINT('',(1.97241737811076,10.2503358909895,-0.602539396657183));
#2521=CARTESIAN_POINT('',(1.98552391364281,9.99056300546315,-0.528667721688743));
#2522=CARTESIAN_POINT('',(1.9967235620387,9.67169400860006,-0.468975923774648));
#2523=CARTESIAN_POINT('',(2.00437272593035,9.34885916724263,-0.432844811953179));
#2524=CARTESIAN_POINT('',(2.00851030950112,9.07872253614515,-0.41769985769917));
#2525=CARTESIAN_POINT('',(2.01049243469346,8.88937167592834,-0.413184221096561));
#2526=CARTESIAN_POINT('',(2.01128465889964,8.79467734261483,-0.41222946401854));
#2527=CARTESIAN_POINT('',(2.01163239757616,8.74733385543414,-0.412052599316009));
#2528=CARTESIAN_POINT('',(2.01181543267906,8.72028397391924,-0.412035554560057));
#2529=CARTESIAN_POINT('',(2.01190029955877,8.70676114686199,-0.412055702924697));
#2530=CARTESIAN_POINT('',(2.01193993945195,8.7,-0.412073793786589));
#2531=CARTESIAN_POINT('',(1.91190255569124,11.2759440204988,-0.807699302354717));
#2532=CARTESIAN_POINT('',(1.91187809262975,11.2672960136659,-0.807688288991947));
#2533=CARTESIAN_POINT('',(1.91185362956826,11.2586480068329,-0.807677275629178));
#2534=CARTESIAN_POINT('',(1.91182916650677,11.25,-0.807666262266408));
#2535=CARTESIAN_POINT('',(1.91167627237245,11.1959499572942,-0.807597428749098));
#2536=CARTESIAN_POINT('',(1.9119191935168,11.0877670354597,-0.804424453193279));
#2537=CARTESIAN_POINT('',(1.91434845611561,10.9263755913002,-0.788337438002498));
#2538=CARTESIAN_POINT('',(1.91925025086726,10.7669854737731,-0.758711037998095));
#2539=CARTESIAN_POINT('',(1.92610899630668,10.6098196758683,-0.718389586439092));
#2540=CARTESIAN_POINT('',(1.93439171355499,10.4551413587144,-0.670192089854864));
#2541=CARTESIAN_POINT('',(1.94589394894014,10.2496621493492,-0.603429606277294));
#2542=CARTESIAN_POINT('',(1.95843305094303,9.98944115317929,-0.5302974278212));
#2543=CARTESIAN_POINT('',(1.96828287543482,9.67053046251305,-0.471141455090782));
#2544=CARTESIAN_POINT('',(1.9738853278297,9.34799586474042,-0.434994229488195));
#2545=CARTESIAN_POINT('',(1.9758539213502,9.07822856197161,-0.419448540484913));
#2546=CARTESIAN_POINT('',(1.97613665506444,8.88914860069651,-0.414491021339277));
#2547=CARTESIAN_POINT('',(1.97604582078578,8.79458046020885,-0.413275933995207));
#2548=CARTESIAN_POINT('',(1.97594868749635,8.74729208900352,-0.412956152499685));
#2549=CARTESIAN_POINT('',(1.97588028404584,8.72026871171463,-0.412850774160923));
#2550=CARTESIAN_POINT('',(1.97584262782903,8.70675625533823,-0.412822596801193));
#2551=CARTESIAN_POINT('',(1.97582351606224,8.7,-0.412813992611529));
#2552=CARTESIAN_POINT('',(1.88956125530449,11.2759263095957,-0.807783329677965));
#2553=CARTESIAN_POINT('',(1.88946472088313,11.2672842063971,-0.807736647822535));
#2554=CARTESIAN_POINT('',(1.88936818646177,11.2586421031986,-0.807689965967104));
#2555=CARTESIAN_POINT('',(1.88927165204041,11.25,-0.807643284111674));
#2556=CARTESIAN_POINT('',(1.88866831190693,11.1959868550089,-0.807351522515235));
#2557=CARTESIAN_POINT('',(1.88805812337585,11.0878838551728,-0.803835129156242));
#2558=CARTESIAN_POINT('',(1.88946001040799,10.9265924819443,-0.787503929258078));
#2559=CARTESIAN_POINT('',(1.89366097847702,10.7672036310384,-0.757898509052693));
#2560=CARTESIAN_POINT('',(1.90008754210964,10.6098711369799,-0.717813687112425));
#2561=CARTESIAN_POINT('',(1.9080962808577,10.454909280146,-0.669943377548603));
#2562=CARTESIAN_POINT('',(1.91929716918659,10.248999886928,-0.603682611000329));
#2563=CARTESIAN_POINT('',(1.93130824689503,9.98834425904034,-0.53120460778016));
#2564=CARTESIAN_POINT('',(1.93987373830133,9.66939524752307,-0.472489389685666));
#2565=CARTESIAN_POINT('',(1.94351350598186,9.34715499230605,-0.436245390247562));
#2566=CARTESIAN_POINT('',(1.94339546353389,9.07774858018447,-0.420242557749967));
#2567=CARTESIAN_POINT('',(1.94204150388331,8.88893276688034,-0.414808040778504));
#2568=CARTESIAN_POINT('',(1.94110008919189,8.79448729921132,-0.413315981043868));
#2569=CARTESIAN_POINT('',(1.94057461925532,8.74725222734456,-0.412845146839718));
#2570=CARTESIAN_POINT('',(1.94026433854909,8.72025428404771,-0.41264681356428));
#2571=CARTESIAN_POINT('',(1.94010899596691,8.70675164312388,-0.412567994330589));
#2572=CARTESIAN_POINT('',(1.94003357845022,8.7,-0.412531524131034));
#2573=CARTESIAN_POINT('',(1.81412495516502,11.2758707792122,-0.807522038047885));
#2574=CARTESIAN_POINT('',(1.81379799313356,11.2672471861415,-0.80736312706008));
#2575=CARTESIAN_POINT('',(1.81347103110211,11.2586235930707,-0.807204216072276));
#2576=CARTESIAN_POINT('',(1.81314406907066,11.25,-0.807045305084471));
#2577=CARTESIAN_POINT('',(1.81110055637407,11.1961025433078,-0.806052111410692));
#2578=CARTESIAN_POINT('',(1.80776035593275,11.0882511696871,-0.801467584552365));
#2579=CARTESIAN_POINT('',(1.80587768946675,10.9272774720473,-0.784416244182512));
#2580=CARTESIAN_POINT('',(1.80784800359378,10.7678895215372,-0.754952969271415));
#2581=CARTESIAN_POINT('',(1.81291165800647,10.6100163431675,-0.715711775455146));
#2582=CARTESIAN_POINT('',(1.82006794178232,10.4541362783386,-0.668982125497562));
#2583=CARTESIAN_POINT('',(1.83033828301006,10.2468352872847,-0.604455371679785));
#2584=CARTESIAN_POINT('',(1.84069679405431,9.98477745007801,-0.534227162157936));
#2585=CARTESIAN_POINT('',(1.84517363494472,9.66571162017939,-0.477090134019521));
#2586=CARTESIAN_POINT('',(1.84252816880174,9.3444309681426,-0.440683115005826));
#2587=CARTESIAN_POINT('',(1.83571181335689,9.0761973312311,-0.423327304823724));
#2588=CARTESIAN_POINT('',(1.8290996923473,8.88823813192703,-0.416437774570914));
#2589=CARTESIAN_POINT('',(1.82542558064233,8.79418930164969,-0.414093258587986));
#2590=CARTESIAN_POINT('',(1.8235245525895,8.74712568026488,-0.413155032270251));
#2591=CARTESIAN_POINT('',(1.82243817470066,8.72020892742622,-0.412667653071513));
#2592=CARTESIAN_POINT('',(1.8219057607259,8.70673718208652,-0.412430462435339));
#2593=CARTESIAN_POINT('',(1.82165032163882,8.7,-0.412306313226117));
#2594=CARTESIAN_POINT('',(1.67870127731581,11.2758026687731,-0.808364025278441));
#2595=CARTESIAN_POINT('',(1.67805752816035,11.2672017791821,-0.80803363573593));
#2596=CARTESIAN_POINT('',(1.67741377900489,11.258600889591,-0.807703246193418));
#2597=CARTESIAN_POINT('',(1.67677002984944,11.25,-0.807372856650907));
#2598=CARTESIAN_POINT('',(1.67274659762783,11.196244440056,-0.805307922010211));
#2599=CARTESIAN_POINT('',(1.6656351491645,11.0887095263177,-0.799091149957934));
#2600=CARTESIAN_POINT('',(1.65923620327219,10.9281549690563,-0.780916134879961));
#2601=CARTESIAN_POINT('',(1.65820875177731,10.7687454267477,-0.751618559691863));
#2602=CARTESIAN_POINT('',(1.66153017638552,10.6100742539286,-0.713594274457888));
#2603=CARTESIAN_POINT('',(1.66767835152162,10.4528488374082,-0.66854586769409));
#2604=CARTESIAN_POINT('',(1.67689886646745,10.2435197567478,-0.606581326657461));
#2605=CARTESIAN_POINT('',(1.68523421648006,9.97944686610926,-0.539634349583129));
#2606=CARTESIAN_POINT('',(1.68421037255895,9.66026347685067,-0.48473874410512));
#2607=CARTESIAN_POINT('',(1.67284557136984,9.34043508478566,-0.448019070176452));
#2608=CARTESIAN_POINT('',(1.65662246901154,9.07394836431434,-0.428637364625674));
#2609=CARTESIAN_POINT('',(1.64259648272376,8.88725220624541,-0.419590326260318));
#2610=CARTESIAN_POINT('',(1.63506909105656,8.79377965805969,-0.415981714571227));
#2611=CARTESIAN_POINT('',(1.63123267292919,8.74695875283911,-0.414347823521708));
#2612=CARTESIAN_POINT('',(1.62905918675899,8.72015239516223,-0.413427408326934));
#2613=CARTESIAN_POINT('',(1.62800253553609,8.70671944499301,-0.412950800438094));
#2614=CARTESIAN_POINT('',(1.6274996065084,8.7,-0.412692683608007));
#2615=CARTESIAN_POINT('',(1.26444274592522,11.2757210701966,-0.80953739982776));
#2616=CARTESIAN_POINT('',(1.2632624386566,11.2671473801311,-0.808898835355529));
#2617=CARTESIAN_POINT('',(1.26208213138797,11.2585736900655,-0.808260270883297));
#2618=CARTESIAN_POINT('',(1.26090182411934,11.25,-0.807621706411066));
#2619=CARTESIAN_POINT('',(1.25352490369042,11.1964144370904,-0.80363067845962));
#2620=CARTESIAN_POINT('',(1.23995999187433,11.089285257377,-0.794461387254107));
#2621=CARTESIAN_POINT('',(1.22575486024202,10.9293346455347,-0.774176512246259));
#2622=CARTESIAN_POINT('',(1.21949851334304,10.7698399650114,-0.74506977024081));
#2623=CARTESIAN_POINT('',(1.21973514133946,10.6097909727357,-0.709150352217566));
#2624=CARTESIAN_POINT('',(1.22402209055955,10.4502359128228,-0.66716556414865));
#2625=CARTESIAN_POINT('',(1.23125399682748,10.2374238346294,-0.609868219817399));
#2626=CARTESIAN_POINT('',(1.235931778368,9.97001387886445,-0.548604603809053));
#2627=CARTESIAN_POINT('',(1.22523830948206,9.65080534731625,-0.497280540666087));
#2628=CARTESIAN_POINT('',(1.19856459423058,9.33360458963745,-0.459731990859315));
#2629=CARTESIAN_POINT('',(1.16582003863505,9.07017620037662,-0.436765342440285));
#2630=CARTESIAN_POINT('',(1.13878428296003,8.88565376785026,-0.423997920568834));
#2631=CARTESIAN_POINT('',(1.1245086674652,8.79315096794901,-0.418216526142764));
#2632=CARTESIAN_POINT('',(1.11729506764416,8.74672197623592,-0.415381495826634));
#2633=CARTESIAN_POINT('',(1.11323593619229,8.72008185822339,-0.41370608642787));
#2634=CARTESIAN_POINT('',(1.11127874564875,8.7066981953637,-0.412806267136388));
#2635=CARTESIAN_POINT('',(1.11035663059513,8.7,-0.412307388642457));
#2636=CARTESIAN_POINT('',(0.755390217754202,11.2758709999735,-0.808453786531646));
#2637=CARTESIAN_POINT('',(0.754537039797799,11.2672473333157,-0.80815479202446));
#2638=CARTESIAN_POINT('',(0.753683861841396,11.2586236666578,-0.807855797517275));
#2639=CARTESIAN_POINT('',(0.752830683884993,11.25,-0.807556803010089));
#2640=CARTESIAN_POINT('',(0.747498321657475,11.1961020833885,-0.805688087340178));
#2641=CARTESIAN_POINT('',(0.737704902080788,11.0883010424381,-0.799608585631396));
#2642=CARTESIAN_POINT('',(0.727170621497282,10.9275309764082,-0.78121990288615));
#2643=CARTESIAN_POINT('',(0.721896869581381,10.7681251319133,-0.751704305006475));
#2644=CARTESIAN_POINT('',(0.7208947023109,10.6096366060563,-0.713705018005341));
#2645=CARTESIAN_POINT('',(0.722522659464631,10.4525196129757,-0.669331003190284));
#2646=CARTESIAN_POINT('',(0.725687372762059,10.2433987954716,-0.608312787996384));
#2647=CARTESIAN_POINT('',(0.726849443736116,9.97999843991232,-0.541088150887068));
#2648=CARTESIAN_POINT('',(0.717575562982507,9.6613091752604,-0.484522004266588));
#2649=CARTESIAN_POINT('',(0.697741179996047,9.34148051517638,-0.446545150522521));
#2650=CARTESIAN_POINT('',(0.674221180687627,9.07465825444101,-0.427174968661535));
#2651=CARTESIAN_POINT('',(0.655010597596979,8.88764015677061,-0.418630300738265));
#2652=CARTESIAN_POINT('',(0.644892540341678,8.79398950876359,-0.415383884554189));
#2653=CARTESIAN_POINT('',(0.639777189865569,8.74707143623583,-0.413953351938826));
#2654=CARTESIAN_POINT('',(0.636890565108497,8.72020503889841,-0.413150883454515));
#2655=CARTESIAN_POINT('',(0.635490877772927,8.70673723957644,-0.412730735957149));
#2656=CARTESIAN_POINT('',(0.634824332494487,8.7,-0.412497146498411));
#2657=CARTESIAN_POINT('',(0.0804591555404731,11.2759515221198,-0.807509216433426));
#2658=CARTESIAN_POINT('',(0.0803618170521981,11.2673010147465,-0.807536113001899));
#2659=CARTESIAN_POINT('',(0.0802644785639231,11.2586505073733,-0.807563009570373));
#2660=CARTESIAN_POINT('',(0.0801671400756481,11.25,-0.807589906138846));
#2661=CARTESIAN_POINT('',(0.0795587745239294,11.1959343289171,-0.807758009691805));
#2662=CARTESIAN_POINT('',(0.0784596909787547,11.0877440277984,-0.804555338059936));
#2663=CARTESIAN_POINT('',(0.0772221417616707,10.9264088445004,-0.787844098968486));
#2664=CARTESIAN_POINT('',(0.0764517417972872,10.7671486510844,-0.757936850322127));
#2665=CARTESIAN_POINT('',(0.0760485407878008,10.6100210060694,-0.718114045817589));
#2666=CARTESIAN_POINT('',(0.0758639825277744,10.4549678117831,-0.67173519188859));
#2667=CARTESIAN_POINT('',(0.075702496641052,10.2489523423435,-0.607579414788665));
#2668=CARTESIAN_POINT('',(0.07527588672198,9.98894841842756,-0.53507735169956));
#2669=CARTESIAN_POINT('',(0.0738646773414041,9.67060773306729,-0.473614650240032));
#2670=CARTESIAN_POINT('',(0.0715465294899369,9.34837508469925,-0.434934100090997));
#2671=CARTESIAN_POINT('',(0.0690006992693467,9.07849301892211,-0.418555228501944));
#2672=CARTESIAN_POINT('',(0.0669714585551874,8.88926522425027,-0.413675964296107));
#2673=CARTESIAN_POINT('',(0.065906743904203,8.79462694707878,-0.412667079986341));
#2674=CARTESIAN_POINT('',(0.0653658022785326,8.74731022222728,-0.412494431825247));
#2675=CARTESIAN_POINT('',(0.0650565964888111,8.72027501867679,-0.412487612045222));
#2676=CARTESIAN_POINT('',(0.06490317289827,8.70675820888536,-0.412514633433092));
#2677=CARTESIAN_POINT('',(0.0648271272043052,8.7,-0.412535646377211));
#2678=CARTESIAN_POINT('',(-0.602541085341125,11.2758436659421,-0.807522229596496));
#2679=CARTESIAN_POINT('',(-0.601837095840539,11.267229110628,-0.807549873103477));
#2680=CARTESIAN_POINT('',(-0.601133106339954,11.258614555314,-0.807577516610459));
#2681=CARTESIAN_POINT('',(-0.600429116839368,11.25,-0.80760516011744));
#2682=CARTESIAN_POINT('',(-0.596029182460707,11.1961590292874,-0.807777932036073));
#2683=CARTESIAN_POINT('',(-0.588020644146301,11.0884094467978,-0.804358598270526));
#2684=CARTESIAN_POINT('',(-0.579241771825294,10.9274698918128,-0.787252854689632));
#2685=CARTESIAN_POINT('',(-0.574364929479043,10.7683285915439,-0.757319013949571));
#2686=CARTESIAN_POINT('',(-0.5726130889217,10.6109360705808,-0.717960050275963));
#2687=CARTESIAN_POINT('',(-0.572758206726754,10.4552812493006,-0.672518255802608));
#2688=CARTESIAN_POINT('',(-0.573675838837735,10.2483320597644,-0.609746446978513));
#2689=CARTESIAN_POINT('',(-0.572835387108671,9.9875191267611,-0.538305730030345));
#2690=CARTESIAN_POINT('',(-0.564086977249533,9.66903583346931,-0.476776510661133));
#2691=CARTESIAN_POINT('',(-0.547615049517684,9.34713412238556,-0.437148519063771));
#2692=CARTESIAN_POINT('',(-0.528726370788204,9.07765004753678,-0.419781088910279));
#2693=CARTESIAN_POINT('',(-0.513455069943814,8.88876880328542,-0.414193892414236));
#2694=CARTESIAN_POINT('',(-0.505422646680112,8.79433662414429,-0.412851796500956));
#2695=CARTESIAN_POINT('',(-0.501351788089411,8.74714447097365,-0.412530766592031));
#2696=CARTESIAN_POINT('',(-0.499040642780004,8.72019280935306,-0.412455877747588));
#2697=CARTESIAN_POINT('',(-0.49790774800579,8.70673012133909,-0.412462177556838));
#2698=CARTESIAN_POINT('',(-0.497357756208458,8.7,-0.412483774046667));
#2699=CARTESIAN_POINT('',(-1.21979179954666,11.2756935898247,-0.807738203219205));
#2700=CARTESIAN_POINT('',(-1.21875189531049,11.2671290598831,-0.807578310002551));
#2701=CARTESIAN_POINT('',(-1.21771199107432,11.2585645299416,-0.807418416785897));
#2702=CARTESIAN_POINT('',(-1.21667208683815,11.25,-0.807258523569243));
#2703=CARTESIAN_POINT('',(-1.21017268536209,11.1964716878652,-0.806259190965156));
#2704=CARTESIAN_POINT('',(-1.19852373458143,11.0893698922277,-0.800970966088198));
#2705=CARTESIAN_POINT('',(-1.18603298567723,10.9291363384774,-0.782528521866582));
#2706=CARTESIAN_POINT('',(-1.1793298006082,10.7700274348507,-0.752821418039532));
#2707=CARTESIAN_POINT('',(-1.17719565476883,10.6115951224534,-0.715003088529017));
#2708=CARTESIAN_POINT('',(-1.17782382085667,10.4541721032605,-0.671672709942869));
#2709=CARTESIAN_POINT('',(-1.17971693947323,10.2445343645903,-0.612118644358107));
#2710=CARTESIAN_POINT('',(-1.1791898388938,9.98098149611349,-0.544831299386934));
#2711=CARTESIAN_POINT('',(-1.16727345204935,9.66215811795904,-0.486136045875077));
#2712=CARTESIAN_POINT('',(-1.1441201435908,9.34196205833835,-0.446040280960013));
#2713=CARTESIAN_POINT('',(-1.11724404639698,9.07462685803709,-0.426008034151479));
#2714=CARTESIAN_POINT('',(-1.09538995215456,8.88735417860344,-0.417625696180407));
#2715=CARTESIAN_POINT('',(-1.08385486535337,8.79369002209798,-0.414670755955635));
#2716=CARTESIAN_POINT('',(-1.07798856869464,8.74684754537425,-0.413480163656278));
#2717=CARTESIAN_POINT('',(-1.07464208222081,8.72007345636557,-0.41288000551435));
#2718=CARTESIAN_POINT('',(-1.07298925013987,8.70669103901685,-0.412607974038322));
#2719=CARTESIAN_POINT('',(-1.07217682495536,8.7,-0.41248305746281));
#2720=CARTESIAN_POINT('',(-1.63157355758281,11.2757708544015,-0.807990809259891));
#2721=CARTESIAN_POINT('',(-1.63093936130387,11.267180569601,-0.807860233019302));
#2722=CARTESIAN_POINT('',(-1.63030516502493,11.2585902848005,-0.807729656778714));
#2723=CARTESIAN_POINT('',(-1.62967096874599,11.25,-0.807599080538125));
#2724=CARTESIAN_POINT('',(-1.6257072420026,11.1963107199969,-0.806782979034446));
#2725=CARTESIAN_POINT('',(-1.61889464447401,11.0888863889756,-0.801882831845113));
#2726=CARTESIAN_POINT('',(-1.61262948010173,10.9283405809232,-0.783812985257974));
#2727=CARTESIAN_POINT('',(-1.61087389513367,10.7691761852761,-0.75406068515168));
#2728=CARTESIAN_POINT('',(-1.61262770700505,10.6110563950323,-0.715769619566944));
#2729=CARTESIAN_POINT('',(-1.61654464297962,10.454236393351,-0.671671137306041));
#2730=CARTESIAN_POINT('',(-1.62257813159876,10.2455227412013,-0.61096966983721));
#2731=CARTESIAN_POINT('',(-1.62778527431683,9.98283811473154,-0.542511984159299));
#2732=CARTESIAN_POINT('',(-1.62528192730088,9.66413819333294,-0.483343822423434));
#2733=CARTESIAN_POINT('',(-1.61427615392867,9.34347834765607,-0.443700355526641));
#2734=CARTESIAN_POINT('',(-1.59931793935772,9.07556814877314,-0.424507353783066));
#2735=CARTESIAN_POINT('',(-1.58650418326328,8.88784232214312,-0.416871852347045));
#2736=CARTESIAN_POINT('',(-1.57961737162746,8.79394272178865,-0.414316331690399));
#2737=CARTESIAN_POINT('',(-1.57608644145396,8.74697864169353,-0.41332771568644));
#2738=CARTESIAN_POINT('',(-1.57406288348818,8.72013326245997,-0.412840238177418));
#2739=CARTESIAN_POINT('',(-1.57305926712594,8.70671116000038,-0.412621247848411));
#2740=CARTESIAN_POINT('',(-1.57256380128302,8.7,-0.412519235160451));
#2741=CARTESIAN_POINT('',(-1.7626534088333,11.2758286952345,-0.80783692910819));
#2742=CARTESIAN_POINT('',(-1.76225541581529,11.2672191301563,-0.80774847592779));
#2743=CARTESIAN_POINT('',(-1.76185742279727,11.2586095650782,-0.807660022747389));
#2744=CARTESIAN_POINT('',(-1.76145942977925,11.25,-0.807571569566988));
#2745=CARTESIAN_POINT('',(-1.75897197341666,11.1961902182615,-0.807018737189483));
#2746=CARTESIAN_POINT('',(-1.75493185455381,11.0885212715292,-0.802585121775128));
#2747=CARTESIAN_POINT('',(-1.75212909111038,10.9277270093062,-0.78490284583264));
#2748=CARTESIAN_POINT('',(-1.75300856363518,10.7685324017896,-0.755115828218222));
#2749=CARTESIAN_POINT('',(-1.75672593038042,10.6107104372705,-0.716400129318335));
#2750=CARTESIAN_POINT('',(-1.76222232527254,10.454430021702,-0.6716573820582));
#2751=CARTESIAN_POINT('',(-1.77020704064028,10.246540076986,-0.609981023337035));
#2752=CARTESIAN_POINT('',(-1.77822112731403,9.98466065408282,-0.540406477428356));
#2753=CARTESIAN_POINT('',(-1.7806986017754,9.66606777871591,-0.480642631769743));
#2754=CARTESIAN_POINT('',(-1.77638326267014,9.34494200003091,-0.441314906158755));
#2755=CARTESIAN_POINT('',(-1.76813660153491,9.07644911230818,-0.42293261136549));
#2756=CARTESIAN_POINT('',(-1.76046892067024,8.88827659935911,-0.416074755951844));
#2757=CARTESIAN_POINT('',(-1.7562410540078,8.79415489671393,-0.413951696628951));
#2758=CARTESIAN_POINT('',(-1.75405030173362,8.74708303141934,-0.413189643987737));
#2759=CARTESIAN_POINT('',(-1.75278835800198,8.72017850443528,-0.412834548421778));
#2760=CARTESIAN_POINT('',(-1.75216016261187,8.70672622271732,-0.412682540835861));
#2761=CARTESIAN_POINT('',(-1.75184923056654,8.7,-0.412613436788673));
#2762=CARTESIAN_POINT('',(-1.8411670438747,11.2758773980684,-0.807513221287372));
#2763=CARTESIAN_POINT('',(-1.84095324893123,11.2672515987123,-0.807464292686863));
#2764=CARTESIAN_POINT('',(-1.84073945398776,11.2586257993561,-0.807415364086354));
#2765=CARTESIAN_POINT('',(-1.84052565904429,11.25,-0.807366435485845));
#2766=CARTESIAN_POINT('',(-1.8391894406476,11.1960887540241,-0.807060631732663));
#2767=CARTESIAN_POINT('',(-1.83730140523209,11.088213154548,-0.803054223659158));
#2768=CARTESIAN_POINT('',(-1.8371635031335,10.927206532244,-0.785716701631754));
#2769=CARTESIAN_POINT('',(-1.8400469530157,10.7679889572566,-0.755895635171824));
#2770=CARTESIAN_POINT('',(-1.84523503159737,10.6104314763928,-0.716802866532488));
#2771=CARTESIAN_POINT('',(-1.85189650613124,10.4546243377881,-0.671498637719518));
#2772=CARTESIAN_POINT('',(-1.86131188339393,10.2474562944137,-0.608971098778306));
#2773=CARTESIAN_POINT('',(-1.87140863964502,9.98628813796033,-0.538397535252262));
#2774=CARTESIAN_POINT('',(-1.87766682202588,9.66778850243575,-0.47807133133351));
#2775=CARTESIAN_POINT('',(-1.87848533643856,9.3462449206904,-0.43899502018061));
#2776=CARTESIAN_POINT('',(-1.87541935428812,9.07722873455995,-0.421326229595154));
#2777=CARTESIAN_POINT('',(-1.87173538546747,8.88865704706164,-0.415164146067674));
#2778=CARTESIAN_POINT('',(-1.86956870450828,8.79433849120466,-0.413430877949276));
#2779=CARTESIAN_POINT('',(-1.8684178611581,8.74717227243482,-0.4128742685967));
#2780=CARTESIAN_POINT('',(-1.86774752308096,8.72021669992871,-0.412640089593719));
#2781=CARTESIAN_POINT('',(-1.86741139529517,8.70673890574699,-0.412549906930111));
#2782=CARTESIAN_POINT('',(-1.86724436799558,8.7,-0.412511681460963));
#2783=CARTESIAN_POINT('',(-1.87977510045785,11.2759041576775,-0.807963347124558));
#2784=CARTESIAN_POINT('',(-1.87966036315361,11.2672694384517,-0.807933479659236));
#2785=CARTESIAN_POINT('',(-1.87954562584937,11.2586347192258,-0.807903612193915));
#2786=CARTESIAN_POINT('',(-1.87943088854513,11.25,-0.807873744728594));
#2787=CARTESIAN_POINT('',(-1.87871378039364,11.1960330048384,-0.807687073070337));
#2788=CARTESIAN_POINT('',(-1.87798155114763,11.0880437610104,-0.80387981730702));
#2789=CARTESIAN_POINT('',(-1.87927137337257,10.9269199972861,-0.786673521414609));
#2790=CARTESIAN_POINT('',(-1.88322479505554,10.7676901642748,-0.756772164677901));
#2791=CARTESIAN_POINT('',(-1.88919464964247,10.610280003691,-0.717408493582636));
#2792=CARTESIAN_POINT('',(-1.89647264108242,10.4547356692102,-0.671732117770899));
#2793=CARTESIAN_POINT('',(-1.90664370158372,10.2479684059342,-0.60865131967054));
#2794=CARTESIAN_POINT('',(-1.91784444609398,9.98719590689748,-0.537418846423461));
#2795=CARTESIAN_POINT('',(-1.92612011504789,9.66874795421855,-0.476653034441115));
#2796=CARTESIAN_POINT('',(-1.92968672974114,9.34697109389005,-0.43759099002773));
#2797=CARTESIAN_POINT('',(-1.92939859361435,9.07766261672942,-0.420217261019649));
#2798=CARTESIAN_POINT('',(-1.92785240889445,8.88886823953728,-0.414372411209304));
#2799=CARTESIAN_POINT('',(-1.92679225808693,8.79444008750717,-0.412821537264278));
#2800=CARTESIAN_POINT('',(-1.92619983893576,8.7472215016684,-0.41236218984978));
#2801=CARTESIAN_POINT('',(-1.92584728833348,8.72023770106613,-0.41218567861817));
#2802=CARTESIAN_POINT('',(-1.92566811848844,8.70674587439519,-0.412125182874167));
#2803=CARTESIAN_POINT('',(-1.92557847996951,8.7,-0.412101848916885));
#2804=CARTESIAN_POINT('',(-1.94010237581996,11.2759523436313,-0.80787011096786));
#2805=CARTESIAN_POINT('',(-1.94016169641224,11.2673015624208,-0.80789014017219));
#2806=CARTESIAN_POINT('',(-1.94022101700451,11.2586507812104,-0.807910169376519));
#2807=CARTESIAN_POINT('',(-1.94028033759679,11.25,-0.807930198580849));
#2808=CARTESIAN_POINT('',(-1.94065109129852,11.1959326174348,-0.808055381107909));
#2809=CARTESIAN_POINT('',(-1.94194681008205,11.0877385219115,-0.804796335070431));
#2810=CARTESIAN_POINT('',(-1.94573557167511,10.9264028400628,-0.788100450000335));
#2811=CARTESIAN_POINT('',(-1.9515557767759,10.7671517068102,-0.758321439757754));
#2812=CARTESIAN_POINT('',(-1.9588841591909,10.6100110867068,-0.718732343395661));
#2813=CARTESIAN_POINT('',(-1.96722908646609,10.4549458704171,-0.672648417385879));
#2814=CARTESIAN_POINT('',(-1.97870576493052,10.2489090962797,-0.608919930706875));
#2815=CARTESIAN_POINT('',(-1.99182019200736,9.98885939256032,-0.536930206846211));
#2816=CARTESIAN_POINT('',(-2.00361411199594,9.670505466293,-0.475890785595038));
#2817=CARTESIAN_POINT('',(-2.0119861113852,9.34830062303663,-0.437386752069082));
#2818=CARTESIAN_POINT('',(-2.01656278705105,9.07845566684563,-0.421001239124539));
#2819=CARTESIAN_POINT('',(-2.01876335255316,8.88925312714026,-0.416053465278224));
#2820=CARTESIAN_POINT('',(-2.01964331662148,8.79462456742698,-0.414995545949307));
#2821=CARTESIAN_POINT('',(-2.02003031631024,8.74731056633797,-0.414794170256359));
#2822=CARTESIAN_POINT('',(-2.02023534828846,8.72027554917945,-0.414769164595394));
#2823=CARTESIAN_POINT('',(-2.02033173117941,8.70675842282066,-0.41478617523058));
#2824=CARTESIAN_POINT('',(-2.02037807539212,8.7,-0.414801823046463));
#2825=CARTESIAN_POINT('',(-2.012690170272,11.2760230829766,-0.800760282649125));
#2826=CARTESIAN_POINT('',(-2.01299515478398,11.2673487219844,-0.800793165120541));
#2827=CARTESIAN_POINT('',(-2.01330013929596,11.2586743609922,-0.800826047591957));
#2828=CARTESIAN_POINT('',(-2.01360512380794,11.25,-0.800858930063373));
#2829=CARTESIAN_POINT('',(-2.01551127700783,11.1957852437988,-0.801064445509722));
#2830=CARTESIAN_POINT('',(-2.01966227464293,11.0872900278304,-0.797845991067859));
#2831=CARTESIAN_POINT('',(-2.02695236278748,10.925641449401,-0.780734383669469));
#2832=CARTESIAN_POINT('',(-2.03536887194097,10.7663604602379,-0.749956888054189));
#2833=CARTESIAN_POINT('',(-2.04456770737311,10.6096233070482,-0.708850527518236));
#2834=CARTESIAN_POINT('',(-2.05436645430369,10.4552721944041,-0.660982334480137));
#2835=CARTESIAN_POINT('',(-2.06761458099627,10.2503238676575,-0.594718938832467));
#2836=CARTESIAN_POINT('',(-2.08334646122979,9.99135409925789,-0.519625652346002));
#2837=CARTESIAN_POINT('',(-2.10002648701331,9.67313995627695,-0.455799503026156));
#2838=CARTESIAN_POINT('',(-2.11512041462568,9.35029237809204,-0.41575563961816));
#2839=CARTESIAN_POINT('',(-2.12652763074862,9.07964134023543,-0.398879228099677));
#2840=CARTESIAN_POINT('',(-2.13399803907401,8.8898265358037,-0.393900180601051));
#2841=CARTESIAN_POINT('',(-2.1376089017274,8.79489819298225,-0.392894744991207));
#2842=CARTESIAN_POINT('',(-2.1393751986321,8.74744207938095,-0.392737530084142));
#2843=CARTESIAN_POINT('',(-2.14036583844918,8.72033116935859,-0.392744370535305));
#2844=CARTESIAN_POINT('',(-2.14085072000923,8.70677684452514,-0.392780275138318));
#2845=CARTESIAN_POINT('',(-2.14108898915922,8.7,-0.392805964569112));
#2846=CARTESIAN_POINT('',(-2.09365075118615,11.2761261798511,-0.77701845212812));
#2847=CARTESIAN_POINT('',(-2.09423622725705,11.2674174532341,-0.77696127852949));
#2848=CARTESIAN_POINT('',(-2.09482170332795,11.258708726617,-0.776904104930859));
#2849=CARTESIAN_POINT('',(-2.09540717939885,11.25,-0.776846931332229));
#2850=CARTESIAN_POINT('',(-2.09906640484198,11.1955704586436,-0.776489596340788));
#2851=CARTESIAN_POINT('',(-2.10641255673741,11.0866357545697,-0.771955505258399));
#2852=CARTESIAN_POINT('',(-2.11738416269651,10.9245282565145,-0.752145607395452));
#2853=CARTESIAN_POINT('',(-2.12820350185685,10.7652060577558,-0.717799457434433));
#2854=CARTESIAN_POINT('',(-2.13878244852267,10.6090694949697,-0.672355153957404));
#2855=CARTESIAN_POINT('',(-2.14937412307833,10.4557765054937,-0.619760552414828));
#2856=CARTESIAN_POINT('',(-2.16344431922906,10.2524404823755,-0.546963614607189));
#2857=CARTESIAN_POINT('',(-2.18077281058702,9.99507509328622,-0.463779097202088));
#2858=CARTESIAN_POINT('',(-2.20182768465962,9.6770674884022,-0.391618058239746));
#2859=CARTESIAN_POINT('',(-2.22387968278651,9.35325982138228,-0.345098450543821));
#2860=CARTESIAN_POINT('',(-2.24281751766262,9.08140404800689,-0.324019316757141));
#2861=CARTESIAN_POINT('',(-2.25624916461732,8.89067578431507,-0.316571229017348));
#2862=CARTESIAN_POINT('',(-2.26297695822074,8.79530151178058,-0.314435259171299));
#2863=CARTESIAN_POINT('',(-2.26632199889865,8.74763498224656,-0.313740580315628));
#2864=CARTESIAN_POINT('',(-2.26821183411129,8.72041232399309,-0.313450908276481));
#2865=CARTESIAN_POINT('',(-2.26914076087019,8.70680369266955,-0.313343528104164));
#2866=CARTESIAN_POINT('',(-2.26959816405058,8.7,-0.313298861230234));
#2867=CARTESIAN_POINT('',(-2.17593954528249,11.2762625189066,-0.735993969851363));
#2868=CARTESIAN_POINT('',(-2.1767559836034,11.2675083459377,-0.735756387487525));
#2869=CARTESIAN_POINT('',(-2.1775724219243,11.2587541729689,-0.735518805123686));
#2870=CARTESIAN_POINT('',(-2.17838886024521,11.25,-0.735281222759847));
#2871=CARTESIAN_POINT('',(-2.18349159975088,11.1952864189446,-0.733796332985855));
#2872=CARTESIAN_POINT('',(-2.19331762260112,11.0857698416192,-0.726739901657695));
#2873=CARTESIAN_POINT('',(-2.20657210257384,10.9230523337822,-0.702155521029083));
#2874=CARTESIAN_POINT('',(-2.21802955427167,10.7636781287705,-0.661861368166501));
#2875=CARTESIAN_POINT('',(-2.22793409863404,10.6083493265592,-0.609437623895382));
#2876=CARTESIAN_POINT('',(-2.23709781381462,10.4564743274213,-0.549350653631143));
#2877=CARTESIAN_POINT('',(-2.24896237911997,10.2552984149684,-0.46625275304552));
#2878=CARTESIAN_POINT('',(-2.26426474485974,10.0000874561977,-0.370271494638265));
#2879=CARTESIAN_POINT('',(-2.28604355785835,9.68235600016757,-0.28458076312378));
#2880=CARTESIAN_POINT('',(-2.31213132189598,9.35725356354025,-0.227034889130921));
#2881=CARTESIAN_POINT('',(-2.33665628908354,9.08377241465968,-0.198387684451102));
#2882=CARTESIAN_POINT('',(-2.35488595357551,8.89181343552197,-0.186286196065036));
#2883=CARTESIAN_POINT('',(-2.3641888734387,8.79583974957331,-0.181966091162978));
#2884=CARTESIAN_POINT('',(-2.36884832836331,8.7478914108732,-0.180217925479404));
#2885=CARTESIAN_POINT('',(-2.37148619701878,8.72051974556366,-0.179341338862079));
#2886=CARTESIAN_POINT('',(-2.37278256982796,8.70683919763193,-0.178947765789734));
#2887=CARTESIAN_POINT('',(-2.37342041226617,8.7,-0.178762154567984));
#2888=CARTESIAN_POINT('',(-2.25548171144348,11.2764424461376,-0.674916715749336));
#2889=CARTESIAN_POINT('',(-2.25638476235264,11.2676282974251,-0.674441774867335));
#2890=CARTESIAN_POINT('',(-2.25728781326179,11.2588141487125,-0.673966833985335));
#2891=CARTESIAN_POINT('',(-2.25819086417095,11.25,-0.673491893103334));
#2892=CARTESIAN_POINT('',(-2.26383493235317,11.1949115705466,-0.67052351259083));
#2893=CARTESIAN_POINT('',(-2.27421227109643,11.0846262398771,-0.660127296579761));
#2894=CARTESIAN_POINT('',(-2.28644110716214,10.9210997848678,-0.629184826491142));
#2895=CARTESIAN_POINT('',(-2.29476347110884,10.7616600889747,-0.580955727952672));
#2896=CARTESIAN_POINT('',(-2.29985332517212,10.6074142599742,-0.519218256553352));
#2897=CARTESIAN_POINT('',(-2.30323824247543,10.4574340536504,-0.449141721230075));
#2898=CARTESIAN_POINT('',(-2.30701184146423,10.2591439247621,-0.352307830958981));
#2899=CARTESIAN_POINT('',(-2.31313617614984,10.0068172549898,-0.239235481961479));
#2900=CARTESIAN_POINT('',(-2.32793822174633,9.68945400541067,-0.135456296997232));
#2901=CARTESIAN_POINT('',(-2.35128342951643,9.36261133602828,-0.0631817698151917));
#2902=CARTESIAN_POINT('',(-2.37637033924964,9.08694477249788,-0.024451647540041));
#2903=CARTESIAN_POINT('',(-2.39613077061874,8.89333309280614,-0.00616602493091428));
#2904=CARTESIAN_POINT('',(-2.40642595477783,8.79655618368172,0.00105167445344576));
#2905=CARTESIAN_POINT('',(-2.41161694522753,8.74823148700825,0.00419544931777814));
#2906=CARTESIAN_POINT('',(-2.41455553645663,8.72066163547032,0.00584831470102613));
#2907=CARTESIAN_POINT('',(-2.41599456368663,8.70688605368169,0.00661957434611923));
#2908=CARTESIAN_POINT('',(-2.41670007220941,8.7,0.0069906219101822));
#2909=CARTESIAN_POINT('',(-2.32599286849784,11.2766807927362,-0.589269611000769));
#2910=CARTESIAN_POINT('',(-2.32674761558246,11.2677871951574,-0.588629047288831));
#2911=CARTESIAN_POINT('',(-2.32750236266708,11.2588935975787,-0.587988483576894));
#2912=CARTESIAN_POINT('',(-2.3282571097517,11.25,-0.587347919864956));
#2913=CARTESIAN_POINT('',(-2.33297427903059,11.194415015133,-0.583344396665346));
#2914=CARTESIAN_POINT('',(-2.34083213961605,11.083112297634,-0.570413618561502));
#2915=CARTESIAN_POINT('',(-2.34698746462751,10.9184882549396,-0.534011605500147));
#2916=CARTESIAN_POINT('',(-2.34663979587667,10.7588866372238,-0.478396005609844));
#2917=CARTESIAN_POINT('',(-2.34099324359171,10.605924076934,-0.407590257936467));
#2918=CARTESIAN_POINT('',(-2.33244631488715,10.4582546257979,-0.32763875774848));
#2919=CARTESIAN_POINT('',(-2.3198123880747,10.2635204828974,-0.21714026711587));
#2920=CARTESIAN_POINT('',(-2.30651401654764,10.0147998857432,-0.0870757397045832));
#2921=CARTESIAN_POINT('',(-2.30284610140388,9.6979807084033,0.0341124714565087));
#2922=CARTESIAN_POINT('',(-2.31281024830612,9.3690973714451,0.119621851327107));
#2923=CARTESIAN_POINT('',(-2.33018015650848,9.09083076822907,0.166650977719414));
#2924=CARTESIAN_POINT('',(-2.34592212911716,8.89523274449753,0.18966057209125));
#2925=CARTESIAN_POINT('',(-2.35449432771198,8.79747331372187,0.199002848209218));
#2926=CARTESIAN_POINT('',(-2.3588788177726,8.74867607673806,0.203148033810829));
#2927=CARTESIAN_POINT('',(-2.36136348555172,8.72084893134517,0.205351353996021));
#2928=CARTESIAN_POINT('',(-2.36257358215272,8.70694812310838,0.206387950946806));
#2929=CARTESIAN_POINT('',(-2.36316322831258,8.7,0.206888391346757));
#2930=CARTESIAN_POINT('',(-2.3773749462415,11.2769659184443,-0.485489634072617));
#2931=CARTESIAN_POINT('',(-2.37780077213076,11.2679772789629,-0.484913332739375));
#2932=CARTESIAN_POINT('',(-2.37822659802001,11.2589886394814,-0.484337031406134));
#2933=CARTESIAN_POINT('',(-2.37865242390926,11.25,-0.483760730072892));
#2934=CARTESIAN_POINT('',(-2.3813138357171,11.193821003241,-0.480158846740131));
#2935=CARTESIAN_POINT('',(-2.38432649547943,11.0813038534024,-0.467550212843868));
#2936=CARTESIAN_POINT('',(-2.38071231990349,10.9153239959711,-0.429922397085177));
#2937=CARTESIAN_POINT('',(-2.36778229164787,10.7553898300917,-0.371097084485462));
#2938=CARTESIAN_POINT('',(-2.34731287586002,10.6036718108565,-0.295349006634184));
#2939=CARTESIAN_POINT('',(-2.32262882667205,10.4583828652417,-0.209648825101387));
#2940=CARTESIAN_POINT('',(-2.28789290061569,10.2673850027096,-0.09099301974486));
#2941=CARTESIAN_POINT('',(-2.24802149315225,10.0225482798515,0.0491639601974229));
#2942=CARTESIAN_POINT('',(-2.21746435275863,9.70647761554025,0.179313653319573));
#2943=CARTESIAN_POINT('',(-2.20583061286017,9.3756631041247,0.269348039512643));
#2944=CARTESIAN_POINT('',(-2.20879144341858,9.09486014567265,0.317247369664839));
#2945=CARTESIAN_POINT('',(-2.21591419845878,8.89728165339547,0.339722828175047));
#2946=CARTESIAN_POINT('',(-2.22049917505126,8.79850651301494,0.348557054138544));
#2947=CARTESIAN_POINT('',(-2.22297047267133,8.74919554415253,0.35239503016412));
#2948=CARTESIAN_POINT('',(-2.22438881913466,8.7210716603009,0.354409511573095));
#2949=CARTESIAN_POINT('',(-2.22507726070009,8.70702237459487,0.355347894465664));
#2950=CARTESIAN_POINT('',(-2.22540993717607,8.7,0.355798129882259));
#2951=CARTESIAN_POINT('',(-2.39722191381439,11.27721838463,-0.395821698578219));
#2952=CARTESIAN_POINT('',(-2.39737289931961,11.2681455897533,-0.395520589730295));
#2953=CARTESIAN_POINT('',(-2.39752388482484,11.2590727948767,-0.395219480882371));
#2954=CARTESIAN_POINT('',(-2.39767487033006,11.25,-0.394918372034447));
#2955=CARTESIAN_POINT('',(-2.39861852973773,11.1932950320209,-0.393036441734922));
#2956=CARTESIAN_POINT('',(-2.39760793833565,11.079705549776,-0.383524760783304));
#2957=CARTESIAN_POINT('',(-2.38597644540267,10.9124828156097,-0.349323659759283));
#2958=CARTESIAN_POINT('',(-2.36281643232356,10.7521111570145,-0.292506765634315));
#2959=CARTESIAN_POINT('',(-2.33035101816411,10.6011920695437,-0.217524616613158));
#2960=CARTESIAN_POINT('',(-2.29261481634126,10.4576103472092,-0.132038164806863));
#2961=CARTESIAN_POINT('',(-2.23996353989279,10.2693792426775,-0.0133390448656416));
#2962=CARTESIAN_POINT('',(-2.17839096289782,10.0275274464117,0.12677238423159));
#2963=CARTESIAN_POINT('',(-2.12545785769791,9.71221803370021,0.254509001935702));
#2964=CARTESIAN_POINT('',(-2.09536799435553,9.38022605500159,0.338791205431628));
#2965=CARTESIAN_POINT('',(-2.08562779531524,9.09777832002948,0.379720607448084));
#2966=CARTESIAN_POINT('',(-2.08497874800145,8.89886083806999,0.396471718958202));
#2967=CARTESIAN_POINT('',(-2.08594477488267,8.79935384219546,0.402276618031488));
#2968=CARTESIAN_POINT('',(-2.08669277292366,8.74964226305345,0.404573722652132));
#2969=CARTESIAN_POINT('',(-2.08716890697915,8.72126747647465,0.405709451964103));
#2970=CARTESIAN_POINT('',(-2.08741025440733,8.70708812099739,0.406213621215541));
#2971=CARTESIAN_POINT('',(-2.08752821183329,8.7,0.406448862502981));
#2972=CARTESIAN_POINT('',(-2.40007491471993,11.2774042618691,-0.33200522738006));
#2973=CARTESIAN_POINT('',(-2.40008472138821,11.2682695079128,-0.331978747856302));
#2974=CARTESIAN_POINT('',(-2.4000945280565,11.2591347539564,-0.331952268332545));
#2975=CARTESIAN_POINT('',(-2.40010433472478,11.25,-0.331925788808787));
#2976=CARTESIAN_POINT('',(-2.40016562640156,11.1929077877726,-0.331760291785301));
#2977=CARTESIAN_POINT('',(-2.39698848539536,11.0785304038523,-0.32547302578421));
#2978=CARTESIAN_POINT('',(-2.38076188346571,10.910371434748,-0.295364649285202));
#2979=CARTESIAN_POINT('',(-2.35151340241183,10.749604700413,-0.241770776438215));
#2980=CARTESIAN_POINT('',(-2.31176523068775,10.5991182748222,-0.169246688441614));
#2981=CARTESIAN_POINT('',(-2.26602058093099,10.456587774478,-0.0858938630388408));
#2982=CARTESIAN_POINT('',(-2.20231612796289,10.2701152897228,0.0301468410744097));
#2983=CARTESIAN_POINT('',(-2.12731764290729,10.0302266488861,0.166855709455172));
#2984=CARTESIAN_POINT('',(-2.06059724132371,9.71552740518445,0.288992506233778));
#2985=CARTESIAN_POINT('',(-2.01922949505524,9.38294199299756,0.365520994575378));
#2986=CARTESIAN_POINT('',(-2.0018179196675,9.09959241387737,0.398590511194545));
#2987=CARTESIAN_POINT('',(-1.99653417144699,8.89990240414349,0.40930426458188));
#2988=CARTESIAN_POINT('',(-1.99537048865794,8.79994281476651,0.411991484984532));
#2989=CARTESIAN_POINT('',(-1.99512468750081,8.74996427499434,0.412721274538518));
#2990=CARTESIAN_POINT('',(-1.99507365017378,8.72141092230017,0.412969667587752));
#2991=CARTESIAN_POINT('',(-1.99507602820726,8.70713652652843,0.413038379167331));
#2992=CARTESIAN_POINT('',(-1.99508368966686,8.7,0.413059066295268));
#2993=CARTESIAN_POINT('',(-2.40015416218288,11.2775329626808,-0.288585059060576));
#2994=CARTESIAN_POINT('',(-2.40008075695988,11.2683553084539,-0.288758059898704));
#2995=CARTESIAN_POINT('',(-2.40000735173688,11.2591776542269,-0.288931060736831));
#2996=CARTESIAN_POINT('',(-2.39993394651388,11.25,-0.289104061574959));
#2997=CARTESIAN_POINT('',(-2.39947516387014,11.1926396610816,-0.290185316813258));
#2998=CARTESIAN_POINT('',(-2.394987711549,11.0777171579138,-0.286258818357846));
#2999=CARTESIAN_POINT('',(-2.37589384947257,10.9089044269148,-0.259216769384473));
#3000=CARTESIAN_POINT('',(-2.34277931493294,10.7478450619321,-0.208132763422486));
#3001=CARTESIAN_POINT('',(-2.29836562635368,10.5976174932189,-0.137628108271355));
#3002=CARTESIAN_POINT('',(-2.24746642758451,10.4557610029101,-0.056091531886281));
#3003=CARTESIAN_POINT('',(-2.17662991174101,10.2704332876054,0.0576421128222607));
#3004=CARTESIAN_POINT('',(-2.09295562404709,10.0318424845977,0.191410368891404));
#3005=CARTESIAN_POINT('',(-2.01733582663441,9.7175786910274,0.309025672658901));
#3006=CARTESIAN_POINT('',(-1.96870837387152,9.3846539793718,0.379621124004542));
#3007=CARTESIAN_POINT('',(-1.94637890837317,9.10076090949946,0.406831667771211));
#3008=CARTESIAN_POINT('',(-1.93813873537009,8.90059185965041,0.413096232841435));
#3009=CARTESIAN_POINT('',(-1.9356244594977,8.80034148002771,0.413496627360838));
#3010=CARTESIAN_POINT('',(-1.93475454900348,8.75018542944781,0.413079972221424));
#3011=CARTESIAN_POINT('',(-1.93437752016394,8.72151005426884,0.41268081301759));
#3012=CARTESIAN_POINT('',(-1.93423575542152,8.7071700423648,0.412432589272671));
#3013=CARTESIAN_POINT('',(-1.93417840759105,8.7,0.412297432367885));
#3014=CARTESIAN_POINT('',(-2.40069282080191,11.2777710015113,-0.210566874232181));
#3015=CARTESIAN_POINT('',(-2.40048603097255,11.2685140010075,-0.211079625644848));
#3016=CARTESIAN_POINT('',(-2.40027924114319,11.2592570005038,-0.211592377057514));
#3017=CARTESIAN_POINT('',(-2.40007245131383,11.25,-0.21210512847018));
#3018=CARTESIAN_POINT('',(-2.39878001488034,11.1921437468515,-0.215309824799345));
#3019=CARTESIAN_POINT('',(-2.39214745402394,11.0762141741978,-0.215416501616771));
#3020=CARTESIAN_POINT('',(-2.36824843325241,10.906177287533,-0.193656086667326));
#3021=CARTESIAN_POINT('',(-2.32857671620208,10.7445246628566,-0.146949372294388));
#3022=CARTESIAN_POINT('',(-2.27620147814762,10.5946647472137,-0.0800219750191609));
#3023=CARTESIAN_POINT('',(-2.21647253236413,10.4539078989901,-0.00174530220890271));
#3024=CARTESIAN_POINT('',(-2.13338458000977,10.2704985205125,0.107814285541427));
#3025=CARTESIAN_POINT('',(-2.0347539741092,10.0341402952477,0.236255002032908));
#3026=CARTESIAN_POINT('',(-1.94371817242075,9.72071719350215,0.345797699134631));
#3027=CARTESIAN_POINT('',(-1.88244226350544,9.38736032148429,0.405927841618023));
#3028=CARTESIAN_POINT('',(-1.85149289960115,9.10268299939282,0.422871709611336));
#3029=CARTESIAN_POINT('',(-1.83805554502835,8.90178042353823,0.421368572702964));
#3030=CARTESIAN_POINT('',(-1.83317249958836,8.80105387234191,0.417787287603621));
#3031=CARTESIAN_POINT('',(-1.83121829619591,8.75058952929074,0.415381938082782));
#3032=CARTESIAN_POINT('',(-1.8302850173373,8.72169288646338,0.413865365964565));
#3033=CARTESIAN_POINT('',(-1.82990491563339,8.70723203164357,0.41307424657023));
#3034=CARTESIAN_POINT('',(-1.82974336107921,8.7,0.412673659529084));
#3035=CARTESIAN_POINT('',(-2.40147791021848,11.2783003923964,-0.0466539090355895));
#3036=CARTESIAN_POINT('',(-2.40105673366346,11.2688669282643,-0.0478254934349339));
#3037=CARTESIAN_POINT('',(-2.40063555710844,11.2594334641321,-0.0489970778342784));
#3038=CARTESIAN_POINT('',(-2.40021438055342,11.25,-0.0501686622336229));
#3039=CARTESIAN_POINT('',(-2.39758202708456,11.1910408491741,-0.0574910647295259));
#3040=CARTESIAN_POINT('',(-2.38730185308665,11.0728766886606,-0.0654978878055377));
#3041=CARTESIAN_POINT('',(-2.35474779916931,10.9000523331172,-0.0543619165396049));
#3042=CARTESIAN_POINT('',(-2.3029350100973,10.7368534995746,-0.0168143532101021));
#3043=CARTESIAN_POINT('',(-2.23561496977656,10.5873260043776,0.0422655788934238));
#3044=CARTESIAN_POINT('',(-2.15916614161257,10.4483728317281,0.113146110675247));
#3045=CARTESIAN_POINT('',(-2.0527252987629,10.2683605287727,0.213055334316759));
#3046=CARTESIAN_POINT('',(-1.92533354988667,10.0362333791036,0.329165063653324));
#3047=CARTESIAN_POINT('',(-1.80427374053556,9.72483342352449,0.420858120793707));
#3048=CARTESIAN_POINT('',(-1.71798433403422,9.39136881528458,0.458771120725257));
#3049=CARTESIAN_POINT('',(-1.66971482218437,9.1059127556424,0.454404692009343));
#3050=CARTESIAN_POINT('',(-1.64574537357847,8.90404511170607,0.436965912912789));
#3051=CARTESIAN_POINT('',(-1.63608073819375,8.80252903976515,0.42527494381482));
#3052=CARTESIAN_POINT('',(-1.631981942553,8.75146660721875,0.418853461621753));
#3053=CARTESIAN_POINT('',(-1.62999303899281,8.72209723606027,0.415106065640313));
#3054=CARTESIAN_POINT('',(-1.62919496058782,8.70736989385323,0.413248518370695));
#3055=CARTESIAN_POINT('',(-1.62886591640421,8.7,0.412333218058707));
#3056=CARTESIAN_POINT('',(-2.40227644364295,11.280325246213,0.512576986009746));
#3057=CARTESIAN_POINT('',(-2.40148425702101,11.2702168308087,0.509618847969085));
#3058=CARTESIAN_POINT('',(-2.40069207039908,11.2601084154043,0.506660709928423));
#3059=CARTESIAN_POINT('',(-2.39989988377714,11.25,0.503702571887762));
#3060=CARTESIAN_POINT('',(-2.39494871739005,11.1868224037229,0.485214209133629));
#3061=CARTESIAN_POINT('',(-2.37701194680301,11.0601489312594,0.455125965260262));
#3062=CARTESIAN_POINT('',(-2.32327534163261,10.8761949122522,0.434296022691044));
#3063=CARTESIAN_POINT('',(-2.23987142798292,10.7054348396924,0.441500512373545));
#3064=CARTESIAN_POINT('',(-2.13250971406962,10.5536465293501,0.471849688730144));
#3065=CARTESIAN_POINT('',(-2.01033400340786,10.4169185989443,0.513881594265132));
#3066=CARTESIAN_POINT('',(-1.83889192385303,10.2435680283497,0.574878426024057));
#3067=CARTESIAN_POINT('',(-1.62926224236288,10.0222674293489,0.641130829618351));
#3068=CARTESIAN_POINT('',(-1.41852201914878,9.71971542041665,0.666279559924347));
#3069=CARTESIAN_POINT('',(-1.25353184706589,9.39205237392554,0.627905098653639));
#3070=CARTESIAN_POINT('',(-1.1478176532417,9.11065109726194,0.553964791624426));
#3071=CARTESIAN_POINT('',(-1.08780402316581,8.90994671388026,0.48593344117628));
#3072=CARTESIAN_POINT('',(-1.06178158460367,8.80737474241219,0.448957730121102));
#3073=CARTESIAN_POINT('',(-1.05061673537663,8.75466312736202,0.430289890329626));
#3074=CARTESIAN_POINT('',(-1.04544902124404,8.72362730731553,0.419949586778161));
#3075=CARTESIAN_POINT('',(-1.04363563588846,8.70789719953464,0.415083874458113));
#3076=CARTESIAN_POINT('',(-1.04301674009008,8.7,0.412772829113847));
#3077=CARTESIAN_POINT('',(-2.40115495099591,11.2834173505505,1.12232144251998));
#3078=CARTESIAN_POINT('',(-2.40076996733061,11.2722782337003,1.11934690274887));
#3079=CARTESIAN_POINT('',(-2.4003849836653,11.2611391168502,1.11637236297775));
#3080=CARTESIAN_POINT('',(-2.4,11.25,1.11339782320663));
#3081=CARTESIAN_POINT('',(-2.39759385209184,11.1803805196865,1.09480694963715));
#3082=CARTESIAN_POINT('',(-2.38267213331183,11.0408573480337,1.06095004081872));
#3083=CARTESIAN_POINT('',(-2.32777036975047,10.8381689498483,1.02283499969845));
#3084=CARTESIAN_POINT('',(-2.23803062738073,10.6496763396411,1.00019889745904));
#3085=CARTESIAN_POINT('',(-2.11974355646666,10.4811301772787,0.990339885685123));
#3086=CARTESIAN_POINT('',(-1.9819806900988,10.3301918851421,0.98507599719369));
#3087=CARTESIAN_POINT('',(-1.78363012615973,10.143145933026,0.977600470862143));
#3088=CARTESIAN_POINT('',(-1.52911076663655,9.91814029569742,0.955584325982107));
#3089=CARTESIAN_POINT('',(-1.24814515604771,9.63324405259255,0.883186050563045));
#3090=CARTESIAN_POINT('',(-0.999552883696459,9.33785253460005,0.75869895952383));
#3091=CARTESIAN_POINT('',(-0.816923358185731,9.08916237440772,0.621630076544547));
#3092=CARTESIAN_POINT('',(-0.702358162800771,8.90854077302723,0.514126918980893));
#3093=CARTESIAN_POINT('',(-0.65091586702168,8.81176478365322,0.459534658660249));
#3094=CARTESIAN_POINT('',(-0.629382102697298,8.75894502638853,0.433601517409287));
#3095=CARTESIAN_POINT('',(-0.62038122137296,8.72590145203925,0.420332174587563));
#3096=CARTESIAN_POINT('',(-0.618101329458773,8.70870243503919,0.414823859196187));
#3097=CARTESIAN_POINT('',(-0.617800560970253,8.7,0.4125));
#3098=CARTESIAN_POINT('',(-2.4,11.2870943811514,1.5925));
#3099=CARTESIAN_POINT('',(-2.4,11.2747295874343,1.5925));
#3100=CARTESIAN_POINT('',(-2.4,11.2623647937171,1.5925));
#3101=CARTESIAN_POINT('',(-2.4,11.25,1.5925));
#3102=CARTESIAN_POINT('',(-2.4,11.1727200392679,1.5925));
#3103=CARTESIAN_POINT('',(-2.39019761568844,11.0180826847894,1.58707237426615));
#3104=CARTESIAN_POINT('',(-2.3460460498407,10.7912120341792,1.5626254471341));
#3105=CARTESIAN_POINT('',(-2.27240565816685,10.5747444448264,1.52185042014105));
#3106=CARTESIAN_POINT('',(-2.1736414007351,10.3713869629964,1.46716419195582));
#3107=CARTESIAN_POINT('',(-2.05411823761366,10.1838466349548,1.40098366124715));
#3108=CARTESIAN_POINT('',(-1.87275664172874,9.95378461477737,1.30056290302441));
#3109=CARTESIAN_POINT('',(-1.61546174213558,9.7016332696278,1.15809752176263));
#3110=CARTESIAN_POINT('',(-1.27913489993491,9.44230822260991,0.971871786707439));
#3111=CARTESIAN_POINT('',(-0.926719303643844,9.21149278159214,0.776737633766237));
#3112=CARTESIAN_POINT('',(-0.627692638313563,9.03140970570556,0.611165179935719));
#3113=CARTESIAN_POINT('',(-0.423171797990528,8.89518184080191,0.4979210404729));
#3114=CARTESIAN_POINT('',(-0.328234505677428,8.81360344041567,0.445353820653414));
#3115=CARTESIAN_POINT('',(-0.288449575329312,8.76336040283048,0.423324719884296));
#3116=CARTESIAN_POINT('',(-0.272366463911263,8.72853569914542,0.414419426372179));
#3117=CARTESIAN_POINT('',(-0.26889994726468,8.70965999509151,0.4125));
#3118=CARTESIAN_POINT('',(-0.26889994726468,8.7,0.4125));
#3119=CARTESIAN_POINT('',(0.0038999472646746,-7.88860905221012E-31,0.4125));
#3120=CARTESIAN_POINT('',(-1.9875,2.43876157123988E-16,0.4125));
#3121=CARTESIAN_POINT('',(1.9875,-2.42920945537084E-16,0.412499999999996));
#3122=CARTESIAN_POINT('',(-1.9875,2.43876157123988E-16,-2.60208521396521E-15));
#3123=CARTESIAN_POINT('',(-1.9875,2.43876157123988E-16,-0.4125));
#3124=CARTESIAN_POINT('',(0.0038999472646746,-1.02557305054671E-30,-0.4125));
#3125=CARTESIAN_POINT('',(1.9875,-1.18356072662849E-31,-0.412500000000004));
#3126=CARTESIAN_POINT('',(1.9875,0.,-3.52365706057789E-15));
#3127=CARTESIAN_POINT('',(-1.11224989991992,1.36688933772341E-16,0.4125));
#3128=CARTESIAN_POINT('',(-1.11224989991992,1.36688933772341E-16,-0.205000000000004));
#3129=CARTESIAN_POINT('',(-1.11224989991992,-6.83016123798184E-16,-0.0315000000000042));
#3130=CARTESIAN_POINT('',(0.,4.77605793451777E-19,-0.0315000000000039));
#3131=CARTESIAN_POINT('',(1.11224989991992,-4.10593467840405E-16,-0.0315000000000042));
#3132=CARTESIAN_POINT('',(1.11224989991992,-1.35733722185437E-16,0.4125));
#3133=CARTESIAN_POINT('',(1.11224989991992,6.12323399573676E-17,-0.205000000000004));
#3134=CARTESIAN_POINT('',(0.8,6.12323399573676E-17,-0.205000000000004));
#3135=CARTESIAN_POINT('',(0.0038999472646746,-7.88860905221012E-31,0.4125));
#3136=CARTESIAN_POINT('',(1.11224989991992,-0.4,-0.0315000000000039));
#3137=CARTESIAN_POINT('',(0.8,-0.15,-0.0315000000000042));
#3138=CARTESIAN_POINT('',(-1.11224989991992,-0.4,-0.0315000000000039));
#3139=CARTESIAN_POINT('',(-0.8,-0.15,-0.0315000000000042));
#3140=CARTESIAN_POINT('',(-0.8,-0.15,-0.0315000000000042));
#3141=CARTESIAN_POINT('',(0.,0.,-0.0315000000000039));
#3142=CARTESIAN_POINT('',(1.9875,0.,-0.412500000000004));
#3143=CARTESIAN_POINT('',(-1.9875,0.,-0.412500000000004));
#3144=CARTESIAN_POINT('',(0.,0.,-0.4125));
#3145=CARTESIAN_POINT('',(1.9875,-4.81482486096809E-32,0.4125));
#3146=CARTESIAN_POINT('',(1.9875,8.7,-3.52365706057789E-15));
#3147=CARTESIAN_POINT('',(-1.9875,-1.92592994438723E-31,0.4125));
#3148=CARTESIAN_POINT('',(4.46889994726468,8.7,0.41249999999999));
#3149=CARTESIAN_POINT('',(4.46889994726468,-4.81482486096809E-32,0.41249999999999));
#3150=CARTESIAN_POINT('',(-1.9875,-7.90203347149831E-16,-2.60208521396521E-15));
#3151=CARTESIAN_POINT('',(-0.8,-0.15,-0.205000000000004));
#3152=CARTESIAN_POINT('',(-0.8,-0.15,-0.205000000000004));
#3153=CARTESIAN_POINT('',(-0.8,-0.15,-0.205000000000004));
#3154=CARTESIAN_POINT('',(0.8,-0.15,-0.205000000000004));
#3155=CARTESIAN_POINT('',(0.8,-0.15,-0.205000000000004));
#3156=CARTESIAN_POINT('',(-0.8,-0.15,-0.205000000000004));
#3157=CARTESIAN_POINT('',(-1.11224989991992,-0.4,-0.205000000000004));
#3158=CARTESIAN_POINT('',(1.11224989991992,-0.4,-0.205000000000004));
#3159=CARTESIAN_POINT('',(0.,0.,-0.205000000000004));
#3160=CARTESIAN_POINT('',(-1.11224989991992,-0.4,-0.205000000000004));
#3161=CARTESIAN_POINT('',(1.11224989991992,-0.4,-0.205000000000004));
#3162=CARTESIAN_POINT('',(-2.4,11.25,1.5925));
#3163=CARTESIAN_POINT('',(-2.019,11.25,1.5925));
#3164=CARTESIAN_POINT('',(-2.019,11.25,1.5925));
#3165=CARTESIAN_POINT('',(-0.268899947264681,8.7,0.4125));
#3166=CARTESIAN_POINT('',(-0.268899947264681,8.7,0.0315000000000027));
#3167=CARTESIAN_POINT('',(-0.268899947264681,8.7,0.0315000000000027));
#3168=CARTESIAN_POINT('',(-0.268899947264679,9.56474079527175,0.0315000000000029));
#3169=CARTESIAN_POINT('',(-2.019,9.91962954573578,1.5925));
#3170=CARTESIAN_POINT('',(-2.019,11.25,1.5925));
#3171=CARTESIAN_POINT('',(-2.4,11.25,1.5925));
#3172=CARTESIAN_POINT('',(-2.4,9.61268843178409,1.5925));
#3173=CARTESIAN_POINT('',(-0.26889994726468,9.04110657671165,0.4125));
#3174=CARTESIAN_POINT('',(-0.26889994726468,8.7,0.4125));
#3175=CARTESIAN_POINT('',(-2.019,11.25,1.5925));
#3176=CARTESIAN_POINT('',(-2.019,9.91962954573578,1.5925));
#3177=CARTESIAN_POINT('',(-0.268899947264679,9.56474079527175,0.0315000000000029));
#3178=CARTESIAN_POINT('',(-0.268899947264681,8.7,0.0315000000000027));
#3179=CARTESIAN_POINT('',(2.4,11.25,2.2925));
#3180=CARTESIAN_POINT('',(2.019,11.25,2.2925));
#3181=CARTESIAN_POINT('',(2.019,11.25,2.2925));
#3182=CARTESIAN_POINT('',(2.019,11.25,2.2925));
#3183=CARTESIAN_POINT('',(2.019,10.6366291403681,2.2925));
#3184=CARTESIAN_POINT('',(0.268899947264679,9.62005628944789,0.0315000000000007));
#3185=CARTESIAN_POINT('',(0.268899947264679,8.7,0.0315));
#3186=CARTESIAN_POINT('',(0.268899947264678,8.7,0.0315));
#3187=CARTESIAN_POINT('',(0.268899947264679,8.7,0.4125));
#3188=CARTESIAN_POINT('',(2.4,11.25,2.2925));
#3189=CARTESIAN_POINT('',(2.4,10.334291539769,2.2925));
#3190=CARTESIAN_POINT('',(0.268899947264679,9.00523615341032,0.4125));
#3191=CARTESIAN_POINT('',(0.268899947264679,8.7,0.4125));
#3192=CARTESIAN_POINT('',(2.019,11.25,2.2925));
#3193=CARTESIAN_POINT('',(2.019,10.6366291403681,2.2925));
#3194=CARTESIAN_POINT('',(0.268899947264679,9.62005628944789,0.0315000000000007));
#3195=CARTESIAN_POINT('',(0.268899947264679,8.7,0.0315));
#3196=CARTESIAN_POINT('',(2.019,11.25,-0.326499563473116));
#3197=CARTESIAN_POINT('',(2.019,11.25,0.546500291017922));
#3198=CARTESIAN_POINT('',(2.019,11.25,1.41950014550896));
#3199=CARTESIAN_POINT('',(2.01900000000001,11.25,2.2925));
#3200=CARTESIAN_POINT('',(2.01896937153104,11.25,-0.3265));
#3201=CARTESIAN_POINT('',(1.919,11.25,-0.4265));
#3202=CARTESIAN_POINT('',(1.97379651814396,11.25,-0.4265));
#3203=CARTESIAN_POINT('',(2.019,11.25,-0.382155706240018));
#3204=CARTESIAN_POINT('',(2.019,11.25,-0.326499999999999));
#3205=CARTESIAN_POINT('',(1.91911700010268,11.25,-0.426500020397804));
#3206=CARTESIAN_POINT('',(-1.919,11.25,-0.4265));
#3207=CARTESIAN_POINT('',(-0.639666666666667,11.25,-0.4265));
#3208=CARTESIAN_POINT('',(0.639666666666667,11.25,-0.4265));
#3209=CARTESIAN_POINT('',(1.919,11.25,-0.4265));
#3210=CARTESIAN_POINT('',(-1.91900195429677,11.25,-0.426546417483185));
#3211=CARTESIAN_POINT('',(-1.92248951592156,11.25,-0.4265));
#3212=CARTESIAN_POINT('',(-1.92132634394771,11.25,-0.4265));
#3213=CARTESIAN_POINT('',(-1.92016317197385,11.25,-0.4265));
#3214=CARTESIAN_POINT('',(-1.919,11.25,-0.4265));
#3215=CARTESIAN_POINT('',(-1.92249240417748,11.25,-0.426469545427004));
#3216=CARTESIAN_POINT('',(-2.019,11.25,-0.3265));
#3217=CARTESIAN_POINT('',(-2.019,11.25,-0.38079444121553));
#3218=CARTESIAN_POINT('',(-1.97589833256789,11.25,-0.424574252956739));
#3219=CARTESIAN_POINT('',(-1.92248951592156,11.25,-0.426439097847805));
#3220=CARTESIAN_POINT('',(-2.01893749595313,11.25,-0.3265));
#3221=CARTESIAN_POINT('',(-2.019,11.25,1.5925));
#3222=CARTESIAN_POINT('',(-2.019,11.25,0.952833741322889));
#3223=CARTESIAN_POINT('',(-2.019,11.25,0.313167482645779));
#3224=CARTESIAN_POINT('',(-2.019,11.25,-0.326498776031331));
#3225=CARTESIAN_POINT('',(-1.98750167257129,8.7,0.0315371845459225));
#3226=CARTESIAN_POINT('',(-1.41463443080242,8.7,0.0315247896972826));
#3227=CARTESIAN_POINT('',(-0.84176718903355,8.7,0.0315123948486426));
#3228=CARTESIAN_POINT('',(-0.268899947264681,8.7,0.0315000000000027));
#3229=CARTESIAN_POINT('',(-1.98750104535705,8.7,0.0315232403412012));
#3230=CARTESIAN_POINT('',(-1.98750671796764,8.7,-0.0316405837612676));
#3231=CARTESIAN_POINT('',(-2.02265789571682,8.7,-0.0295690856700679));
#3232=CARTESIAN_POINT('',(-2.02423945018894,8.7,0.02988470899048));
#3233=CARTESIAN_POINT('',(-1.98750167257129,8.7,0.0315371845459225));
#3234=CARTESIAN_POINT('',(-1.98750419872977,8.7,-0.0315878648507938));
#3235=CARTESIAN_POINT('',(1.9875089729956,8.7,-0.0316327992819724));
#3236=CARTESIAN_POINT('',(1.95215434520532,8.7,-0.0336359261922414));
#3237=CARTESIAN_POINT('',(1.8088083598613,8.7,-0.0314055569502028));
#3238=CARTESIAN_POINT('',(1.75640049956842,8.7,-0.0314104596010096));
#3239=CARTESIAN_POINT('',(1.65864301188176,8.7,-0.031426226996786));
#3240=CARTESIAN_POINT('',(1.36324395316858,8.7,-0.0314769692771443));
#3241=CARTESIAN_POINT('',(1.21539341608629,8.7,-0.0314977198736529));
#3242=CARTESIAN_POINT('',(0.929947144120027,8.7,-0.0315198953031539));
#3243=CARTESIAN_POINT('',(0.769000589791175,8.7,-0.0315241392706437));
#3244=CARTESIAN_POINT('',(0.410660644442024,8.7,-0.0315189397111024));
#3245=CARTESIAN_POINT('',(0.163080209397091,8.7,-0.0315057051524056));
#3246=CARTESIAN_POINT('',(-0.664068617309833,8.7,-0.0314432239392742));
#3247=CARTESIAN_POINT('',(-1.32578767131762,8.7,-0.0314923488897703));
#3248=CARTESIAN_POINT('',(-1.98750671796764,8.7,-0.0316405837612676));
#3249=CARTESIAN_POINT('',(1.98750560812225,8.7,-0.0315829995512342));
#3250=CARTESIAN_POINT('',(1.98749418017792,8.7,0.0313950761870593));
#3251=CARTESIAN_POINT('',(2.02327084417088,8.7,0.02941064754981));
#3252=CARTESIAN_POINT('',(2.02500624399324,8.7,-0.0286784029770931));
#3253=CARTESIAN_POINT('',(1.9875089729956,8.7,-0.0316327992819724));
#3254=CARTESIAN_POINT('',(1.9874963626112,8.7,0.0314344226169108));
#3255=CARTESIAN_POINT('',(0.268899947264679,8.7,0.0315));
#3256=CARTESIAN_POINT('',(0.841764691569092,8.7,0.0314650253956864));
#3257=CARTESIAN_POINT('',(1.4146294358735,8.7,0.0314300507913728));
#3258=CARTESIAN_POINT('',(1.98749418017792,8.7,0.0313950761870593));
#3259=CARTESIAN_POINT('',(-2.019,11.25,1.5925));
#3260=CARTESIAN_POINT('',(-2.019,11.212272694081,1.5925));
#3261=CARTESIAN_POINT('',(-2.0161397985078,11.1367967028653,1.58994884612605));
#3262=CARTESIAN_POINT('',(-1.99870882122997,10.9874848526481,1.57440130329377));
#3263=CARTESIAN_POINT('',(-1.95445695722402,10.8071558810129,1.53493089724166));
#3264=CARTESIAN_POINT('',(-1.87077758693084,10.6102552226049,1.46029316620251));
#3265=CARTESIAN_POINT('',(-1.76452658852025,10.4327029535778,1.36552269393167));
#3266=CARTESIAN_POINT('',(-1.64370946736085,10.2743533557582,1.25775998297406));
#3267=CARTESIAN_POINT('',(-1.46886775276362,10.0834422936138,1.10181008967527));
#3268=CARTESIAN_POINT('',(-1.23516009244649,9.87262829397177,0.893354774686373));
#3269=CARTESIAN_POINT('',(-0.994022863502079,9.67791272499492,0.678272663355704));
#3270=CARTESIAN_POINT('',(-0.801960964731469,9.52006489155134,0.506963243924321));
#3271=CARTESIAN_POINT('',(-0.660652067764148,9.39606020691144,0.3809229139322));
#3272=CARTESIAN_POINT('',(-0.524482820441919,9.26186167081411,0.259466889325048));
#3273=CARTESIAN_POINT('',(-0.39939114722228,9.10911619839059,0.147891495912162));
#3274=CARTESIAN_POINT('',(-0.297764916783343,8.92514358363545,0.0572460808301872));
#3275=CARTESIAN_POINT('',(-0.26889994726468,8.77545461183796,0.0315000000000027));
#3276=CARTESIAN_POINT('',(-0.268899947264681,8.7,0.0315000000000027));
#3277=CARTESIAN_POINT('',(-2.019,11.25,1.26392336778636));
#3278=CARTESIAN_POINT('',(-2.0198161491459,11.2173817614819,1.26015507274099));
#3279=CARTESIAN_POINT('',(-2.01889536802444,11.1521296987725,1.25114210548517));
#3280=CARTESIAN_POINT('',(-2.00683807460329,11.0225599987615,1.22722253986912));
#3281=CARTESIAN_POINT('',(-1.9727222977383,10.8640581750071,1.18614398035869));
#3282=CARTESIAN_POINT('',(-1.90576482092105,10.6844473706867,1.12171801111702));
#3283=CARTESIAN_POINT('',(-1.81876014895916,10.5152355173978,1.04615374589739));
#3284=CARTESIAN_POINT('',(-1.71768618987239,10.3562430292143,0.963436113343424));
#3285=CARTESIAN_POINT('',(-1.56930156673417,10.1550339477211,0.846397617935558));
#3286=CARTESIAN_POINT('',(-1.36792174111047,9.91840273864803,0.692676364369259));
#3287=CARTESIAN_POINT('',(-1.16241115365166,9.69068386011489,0.53528810765476));
#3288=CARTESIAN_POINT('',(-1.00445321315424,9.50777798624123,0.409749073791313));
#3289=CARTESIAN_POINT('',(-0.891987109077437,9.36779524336844,0.316915962754304));
#3290=CARTESIAN_POINT('',(-0.788349374588874,9.22257461390707,0.226583474238173));
#3291=CARTESIAN_POINT('',(-0.698364844605585,9.06737901338385,0.141720590958524));
#3292=CARTESIAN_POINT('',(-0.630424964866785,8.89506246440058,0.0685049666124691));
#3293=CARTESIAN_POINT('',(-0.613704188652119,8.7652364770364,0.0390365900907459));
#3294=CARTESIAN_POINT('',(-0.615336486943946,8.7,0.0315000000000021));
#3295=CARTESIAN_POINT('',(-2.01900960316669,11.25,0.77315741654512));
#3296=CARTESIAN_POINT('',(-2.01977684287841,11.2216701930034,0.767358597675495));
#3297=CARTESIAN_POINT('',(-2.01956511638647,11.1650030409474,0.755437887773439));
#3298=CARTESIAN_POINT('',(-2.0123438128524,11.0519658950284,0.730349975777219));
#3299=CARTESIAN_POINT('',(-1.99102398643291,10.9116996662516,0.696606748762045));
#3300=CARTESIAN_POINT('',(-1.94860565030272,10.746483918359,0.652960873299617));
#3301=CARTESIAN_POINT('',(-1.89268399532903,10.5842439342335,0.607161289198654));
#3302=CARTESIAN_POINT('',(-1.82659598889077,10.4248629982687,0.560200872889036));
#3303=CARTESIAN_POINT('',(-1.72844943169416,10.2153842405942,0.496551729801359));
#3304=CARTESIAN_POINT('',(-1.59357279891065,9.95774766068109,0.416009863338679));
#3305=CARTESIAN_POINT('',(-1.4574237349413,9.70283472526236,0.334348308745408));
#3306=CARTESIAN_POINT('',(-1.35632875722584,9.49894888273091,0.268102918538912));
#3307=CARTESIAN_POINT('',(-1.2867321434764,9.34537506065421,0.21805304174759));
#3308=CARTESIAN_POINT('',(-1.22568753793345,9.1904611666972,0.167743245996718));
#3309=CARTESIAN_POINT('',(-1.17617472047803,9.03268984344542,0.11785878990002));
#3310=CARTESIAN_POINT('',(-1.14226106308318,8.86979996731613,0.0700790279529483));
#3311=CARTESIAN_POINT('',(-1.13528626664686,8.75665961399355,0.0430621147165789));
#3312=CARTESIAN_POINT('',(-1.13682074607029,8.7000000000001,0.0314644769773287));
#3313=CARTESIAN_POINT('',(-2.0189879960416,11.25,0.171721789203572));
#3314=CARTESIAN_POINT('',(-2.0192378021285,11.2229739122653,0.168359643669767));
#3315=CARTESIAN_POINT('',(-2.01897577778215,11.1689266008679,0.16199659872595));
#3316=CARTESIAN_POINT('',(-2.01554102317766,11.0609282496952,0.150626982231772));
#3317=CARTESIAN_POINT('',(-2.0060730191116,10.9262158768795,0.13875581330727));
#3318=CARTESIAN_POINT('',(-1.98762637472241,10.7653510249391,0.127746266834649));
#3319=CARTESIAN_POINT('',(-1.96339049700704,10.6053008092431,0.11952537955229));
#3320=CARTESIAN_POINT('',(-1.93466278282647,10.4460929864817,0.113643899376186));
#3321=CARTESIAN_POINT('',(-1.89189421401722,10.2346915042992,0.108166217227888));
#3322=CARTESIAN_POINT('',(-1.8329195991753,9.97161726614526,0.104336602863348));
#3323=CARTESIAN_POINT('',(-1.77369384600853,9.70907792453108,0.100287212251889));
#3324=CARTESIAN_POINT('',(-1.73034341513756,9.49877475818208,0.0942998454211));
#3325=CARTESIAN_POINT('',(-1.70092328541403,9.34070710439561,0.0878118578981135));
#3326=CARTESIAN_POINT('',(-1.67567637814973,9.18209495019133,0.0787055840025305));
#3327=CARTESIAN_POINT('',(-1.65582934701269,9.0226900074451,0.0664717128469364));
#3328=CARTESIAN_POINT('',(-1.64282214317713,8.86209697837141,0.0507978381960759));
#3329=CARTESIAN_POINT('',(-1.64016512706508,8.75405217546966,0.0383055713388934));
#3330=CARTESIAN_POINT('',(-1.64066473923888,8.7,0.031581280271286));
#3331=CARTESIAN_POINT('',(-2.01901200395838,11.25,-0.126378193582743));
#3332=CARTESIAN_POINT('',(-2.0190867967471,11.2231389371081,-0.127848467093399));
#3333=CARTESIAN_POINT('',(-2.01890693263586,11.1694285625795,-0.13020324020464));
#3334=CARTESIAN_POINT('',(-2.01730007929114,11.0620867391905,-0.132715653026836));
#3335=CARTESIAN_POINT('',(-2.01309273897783,10.9281075609846,-0.13201936080767));
#3336=CARTESIAN_POINT('',(-2.00503443898314,10.7678105078595,-0.125924429046138));
#3337=CARTESIAN_POINT('',(-1.99449669176207,10.6080893397539,-0.115437514431749));
#3338=CARTESIAN_POINT('',(-1.98200993908395,10.4490427593634,-0.101426528591868));
#3339=CARTESIAN_POINT('',(-1.96341745430232,10.237662046225,-0.0792159900156559));
#3340=CARTESIAN_POINT('',(-1.93776132419966,9.97430492351139,-0.0470284260662645));
#3341=CARTESIAN_POINT('',(-1.91205334076799,9.7110578407385,-0.0148860568358004));
#3342=CARTESIAN_POINT('',(-1.89334072678313,9.49990306360886,0.00721965755786228));
#3343=CARTESIAN_POINT('',(-1.88071102007419,9.34109099701856,0.0211059066556014));
#3344=CARTESIAN_POINT('',(-1.86996453464841,9.18166556222897,0.0314107344686377));
#3345=CARTESIAN_POINT('',(-1.86161706870111,9.02166852611755,0.0372539276188764));
#3346=CARTESIAN_POINT('',(-1.85622825575902,8.86111126985053,0.0377960339239182));
#3347=CARTESIAN_POINT('',(-1.85508284484296,8.75372212578397,0.0341587279031023));
#3348=CARTESIAN_POINT('',(-1.85523243042038,8.7,0.0312181808817916));
#3349=CARTESIAN_POINT('',(-2.01868609983799,11.25,-0.235086468671394));
#3350=CARTESIAN_POINT('',(-2.01871799666214,11.2231428151524,-0.235774167417397));
#3351=CARTESIAN_POINT('',(-2.01860071795454,11.1694428168018,-0.236496591665575));
#3352=CARTESIAN_POINT('',(-2.01768385718392,11.0621256155042,-0.235493888258863));
#3353=CARTESIAN_POINT('',(-2.01533941040739,10.9281787501024,-0.229962362065522));
#3354=CARTESIAN_POINT('',(-2.01088624394954,10.7679043180429,-0.217467543654423));
#3355=CARTESIAN_POINT('',(-2.00507721995185,10.6082155124664,-0.200100289651443));
#3356=CARTESIAN_POINT('',(-1.99819643615695,10.4492363982027,-0.178845312878336));
#3357=CARTESIAN_POINT('',(-1.98795192713244,10.2379759422754,-0.146616097019064));
#3358=CARTESIAN_POINT('',(-1.97381270575152,9.97479500891765,-0.101464215327292));
#3359=CARTESIAN_POINT('',(-1.95965816433685,9.71164654277607,-0.0563256663226363));
#3360=CARTESIAN_POINT('',(-1.94937816427746,9.50045274784961,-0.0241273755714153));
#3361=CARTESIAN_POINT('',(-1.94245514603104,9.34154282190621,-0.00290919843683793));
#3362=CARTESIAN_POINT('',(-1.93658445180623,9.18194126044889,0.0144043371937121));
#3363=CARTESIAN_POINT('',(-1.93204584885797,9.02175531323135,0.026824894773697));
#3364=CARTESIAN_POINT('',(-1.92913203312111,8.86108324904529,0.0333761922002889));
#3365=CARTESIAN_POINT('',(-1.92849777460622,8.75371436969537,0.033208123916448));
#3366=CARTESIAN_POINT('',(-1.92856156825455,8.7,0.0318327264244418));
#3367=CARTESIAN_POINT('',(-2.01913949324038,11.25,-0.300150788646777));
#3368=CARTESIAN_POINT('',(-2.0191449239545,11.2231294549355,-0.300353680582874));
#3369=CARTESIAN_POINT('',(-2.01905993292654,11.1694043425581,-0.300070835521003));
#3370=CARTESIAN_POINT('',(-2.01852988950593,11.062042282822,-0.296924691833329));
#3371=CARTESIAN_POINT('',(-2.01723653675309,10.928049752979,-0.288480723703652));
#3372=CARTESIAN_POINT('',(-2.01482143868421,10.7677380337952,-0.272174841837715));
#3373=CARTESIAN_POINT('',(-2.01169098411628,10.6080445115428,-0.250739967009158));
#3374=CARTESIAN_POINT('',(-2.00799292155444,10.4491081257585,-0.22522026543188));
#3375=CARTESIAN_POINT('',(-2.00249494673704,10.2379505526462,-0.187108810902466));
#3376=CARTESIAN_POINT('',(-1.99491440672036,9.97495177562099,-0.134362114662454));
#3377=CARTESIAN_POINT('',(-1.98733025966217,9.71196063810464,-0.0816185553770603));
#3378=CARTESIAN_POINT('',(-1.98182392873585,9.50081875013161,-0.0435143771523976));
#3379=CARTESIAN_POINT('',(-1.97811592237207,9.34189864377726,-0.0180033340806283));
#3380=CARTESIAN_POINT('',(-1.97497094793826,9.18222564871188,0.00341890153507077));
#3381=CARTESIAN_POINT('',(-1.9725357339042,9.02193474614119,0.0197073114614049));
#3382=CARTESIAN_POINT('',(-1.97096005031483,8.86115880235711,0.0298197168902974));
#3383=CARTESIAN_POINT('',(-1.97058951018862,8.75374109012911,0.0317558166611085));
#3384=CARTESIAN_POINT('',(-1.97060037161686,8.7,0.0313500327889141));
#3385=CARTESIAN_POINT('',(-2.01919707771071,11.25,-0.319769391853516));
#3386=CARTESIAN_POINT('',(-2.01919687063488,11.2231244242279,-0.319818613997977));
#3387=CARTESIAN_POINT('',(-2.01912602835939,11.169389736747,-0.319217989172347));
#3388=CARTESIAN_POINT('',(-2.01872027176056,11.0620103420763,-0.31539736524461));
#3389=CARTESIAN_POINT('',(-2.01775112932102,10.9279998894156,-0.306042095576361));
#3390=CARTESIAN_POINT('',(-2.01595614411745,10.7676736816887,-0.288550138617077));
#3391=CARTESIAN_POINT('',(-2.01363655425155,10.6079771950249,-0.265853935157521));
#3392=CARTESIAN_POINT('',(-2.01089977566108,10.4490538274088,-0.239014880224876));
#3393=CARTESIAN_POINT('',(-2.00683362658001,10.2379292185778,-0.199086549223809));
#3394=CARTESIAN_POINT('',(-2.00122974620534,9.97499021504673,-0.143997297909259));
#3395=CARTESIAN_POINT('',(-1.99562513327731,9.71205276195677,-0.0889086831926066));
#3396=CARTESIAN_POINT('',(-1.99155728718141,9.50093133639934,-0.0489818288425895));
#3397=CARTESIAN_POINT('',(-1.98881848913582,9.34201127258243,-0.0221445310631944));
#3398=CARTESIAN_POINT('',(-1.9864959504657,9.18231895163225,0.00054910741445776));
#3399=CARTESIAN_POINT('',(-1.98469687985192,9.02199696779606,0.0180375187885955));
#3400=CARTESIAN_POINT('',(-1.98352910314514,8.86118748571831,0.029259712195886));
#3401=CARTESIAN_POINT('',(-1.98324476198043,8.75375115154427,0.0318577134859332));
#3402=CARTESIAN_POINT('',(-1.98324434782878,8.7,0.0317592691970125));
#3403=CARTESIAN_POINT('',(-2.01842900996144,11.25,-0.339509560185922));
#3404=CARTESIAN_POINT('',(-2.01843169535246,11.2231183909966,-0.339411177377165));
#3405=CARTESIAN_POINT('',(-2.01839191646026,11.1693721277987,-0.338505157295811));
#3406=CARTESIAN_POINT('',(-2.01814357645783,11.0619715995222,-0.334035761492797));
#3407=CARTESIAN_POINT('',(-2.01753861004769,10.9279390885377,-0.323803043588856));
#3408=CARTESIAN_POINT('',(-2.01640969271465,10.7675951603652,-0.305167928901658));
#3409=CARTESIAN_POINT('',(-2.01494548787625,10.6078941940364,-0.281255004064515));
#3410=CARTESIAN_POINT('',(-2.01321365270967,10.4489840410028,-0.253142295388675));
#3411=CARTESIAN_POINT('',(-2.01063674796201,10.2378944524409,-0.211459050819897));
#3412=CARTESIAN_POINT('',(-2.00708047533015,9.9750202412239,-0.154105830245337));
#3413=CARTESIAN_POINT('',(-2.00352571762606,9.71214282298185,-0.096751292862071));
#3414=CARTESIAN_POINT('',(-2.00095232233905,9.50104664992595,-0.0550649938491817));
#3415=CARTESIAN_POINT('',(-1.99922466344552,9.3421296630403,-0.0269486505113008));
#3416=CARTESIAN_POINT('',(-1.99776655678537,9.18242007991297,-0.00303042001353801));
#3417=CARTESIAN_POINT('',(-1.9966460880809,9.02206741423701,0.0156120288038238));
#3418=CARTESIAN_POINT('',(-1.99593006638563,8.86122206807226,0.0278998341692841));
#3419=CARTESIAN_POINT('',(-1.99576393087063,8.75376321800692,0.0311332534997919));
#3420=CARTESIAN_POINT('',(-1.99576930165267,8.7,0.031330019117306));
#3421=CARTESIAN_POINT('',(-2.01318074817714,11.25,-0.365246574359956));
#3422=CARTESIAN_POINT('',(-2.01321633558015,11.2231090368148,-0.365030688547698));
#3423=CARTESIAN_POINT('',(-2.01327586514066,11.1693447255523,-0.363876419508035));
#3424=CARTESIAN_POINT('',(-2.013352240892,11.0619110592153,-0.358861122518908));
#3425=CARTESIAN_POINT('',(-2.01337441209987,10.9278437404306,-0.347859642885874));
#3426=CARTESIAN_POINT('',(-2.01330074671617,10.7674719697979,-0.328184734479175));
#3427=CARTESIAN_POINT('',(-2.01314225552443,10.6077630557845,-0.303136152526142));
#3428=CARTESIAN_POINT('',(-2.01291435123405,10.4488707797995,-0.273813314578034));
#3429=CARTESIAN_POINT('',(-2.01254067398816,10.2378305683155,-0.230442309091236));
#3430=CARTESIAN_POINT('',(-2.01198534059326,9.97504929491102,-0.170887109623329));
#3431=CARTESIAN_POINT('',(-2.01143369929506,9.71226020980508,-0.111328702854186));
#3432=CARTESIAN_POINT('',(-2.01106857500579,9.50120395987423,-0.0679502576361188));
#3433=CARTESIAN_POINT('',(-2.01085084877366,9.34229503839951,-0.0386185667206237));
#3434=CARTESIAN_POINT('',(-2.01070721958794,9.18256513665949,-0.013557061796873));
#3435=CARTESIAN_POINT('',(-2.01065414497817,9.02217208654526,0.00613570974000842));
#3436=CARTESIAN_POINT('',(-2.01070497323047,8.86127588536798,0.0193582920247731));
#3437=CARTESIAN_POINT('',(-2.01080982153902,8.75378192637037,0.0231188031949042));
#3438=CARTESIAN_POINT('',(-2.01088099634506,8.7,0.0235505748194202));
#3439=CARTESIAN_POINT('',(-1.99580737690073,11.25,-0.394214452540226));
#3440=CARTESIAN_POINT('',(-1.99591875121464,11.2230949383722,-0.393978576237386));
#3441=CARTESIAN_POINT('',(-1.99617134919953,11.1693032669048,-0.392768401128472));
#3442=CARTESIAN_POINT('',(-1.99678965560981,11.0618190749731,-0.387581834100743));
#3443=CARTESIAN_POINT('',(-1.99776204460605,10.9276983475702,-0.376262463027925));
#3444=CARTESIAN_POINT('',(-1.99920180106634,10.7672840466217,-0.356065052391016));
#3445=CARTESIAN_POINT('',(-2.00086604111958,10.6075615806445,-0.33037824475425));
#3446=CARTESIAN_POINT('',(-2.00270631442233,10.4486921259539,-0.300326751271641));
#3447=CARTESIAN_POINT('',(-2.00533552514262,10.2377185585441,-0.255893896628516));
#3448=CARTESIAN_POINT('',(-2.00884012723804,9.97506546558207,-0.194898803026457));
#3449=CARTESIAN_POINT('',(-2.01234963738661,9.71240199586347,-0.133899449318223));
#3450=CARTESIAN_POINT('',(-2.01499021771244,9.50140712383542,-0.0894567125874963));
#3451=CARTESIAN_POINT('',(-2.01684402090532,9.34251555877443,-0.0593934598448144));
#3452=CARTESIAN_POINT('',(-2.01852801738905,9.18276521558773,-0.0336894869283782));
#3453=CARTESIAN_POINT('',(-2.01999514644646,9.02232265391656,-0.0134683501398763));
#3454=CARTESIAN_POINT('',(-2.02119421801977,8.86135731259495,0.000142525859827217));
#3455=CARTESIAN_POINT('',(-2.02177119978555,8.75381012325567,0.00404896729517453));
#3456=CARTESIAN_POINT('',(-2.02199394841338,8.7,0.00452071990085413));
#3457=CARTESIAN_POINT('',(-1.96391120569477,11.25,-0.418994501929601));
#3458=CARTESIAN_POINT('',(-1.96402355467919,11.2230743320464,-0.41886456664844));
#3459=CARTESIAN_POINT('',(-1.96432724407293,11.1692424703905,-0.417848155675749));
#3460=CARTESIAN_POINT('',(-1.96523162861998,11.0616837127683,-0.412981357843141));
#3461=CARTESIAN_POINT('',(-1.96688276923759,10.9274837606709,-0.401943630739693));
#3462=CARTESIAN_POINT('',(-1.96957620201984,10.7670066237836,-0.381923594825609));
#3463=CARTESIAN_POINT('',(-1.97285897168932,10.607262380918,-0.356281672749824));
#3464=CARTESIAN_POINT('',(-1.97660831311363,10.4484210460724,-0.326170692675263));
#3465=CARTESIAN_POINT('',(-1.98207357719192,10.2375349803252,-0.281554065959916));
#3466=CARTESIAN_POINT('',(-1.98948675947166,9.97505405478049,-0.220198475681993));
#3467=CARTESIAN_POINT('',(-1.99690399936518,9.71256455853567,-0.158839367125821));
#3468=CARTESIAN_POINT('',(-2.00237866279477,9.50166089643609,-0.114214578869479));
#3469=CARTESIAN_POINT('',(-2.00613918950323,9.34280130037646,-0.0840938869205527));
#3470=CARTESIAN_POINT('',(-2.00943829207642,9.18303403444454,-0.058437788292361));
#3471=CARTESIAN_POINT('',(-2.01215435496133,9.02253356197295,-0.03839815837597));
#3472=CARTESIAN_POINT('',(-2.01416235286765,8.8614767272398,-0.02513007274632));
#3473=CARTESIAN_POINT('',(-2.0149377251495,8.75385133590718,-0.0215765576670649));
#3474=CARTESIAN_POINT('',(-2.01516242311834,8.7,-0.0213166871047445));
#3475=CARTESIAN_POINT('',(-1.93143304739562,11.25,-0.426793536159539));
#3476=CARTESIAN_POINT('',(-1.93146739503007,11.223054220738,-0.42677143502754));
#3477=CARTESIAN_POINT('',(-1.93165546226593,11.1691830041856,-0.425956409626767));
#3478=CARTESIAN_POINT('',(-1.93247919284171,11.0615510208861,-0.421438839462548));
#3479=CARTESIAN_POINT('',(-1.9342917908651,10.9272730227789,-0.410744515694263));
#3480=CARTESIAN_POINT('',(-1.93753751816161,10.7667341596637,-0.391009710948587));
#3481=CARTESIAN_POINT('',(-1.94167112040641,10.6069674016487,-0.365547769654357));
#3482=CARTESIAN_POINT('',(-1.94650984822494,10.4481500905149,-0.335533152554289));
#3483=CARTESIAN_POINT('',(-1.95366645156771,10.2373429271402,-0.290961137706972));
#3484=CARTESIAN_POINT('',(-1.96349301463603,9.97502004835157,-0.229555837686227));
#3485=CARTESIAN_POINT('',(-1.97332108464641,9.71269398972694,-0.168149232485961));
#3486=CARTESIAN_POINT('',(-1.98048117870179,9.50188029798092,-0.123574189840013));
#3487=CARTESIAN_POINT('',(-1.98532406049191,9.34305621206385,-0.0935559697965526));
#3488=CARTESIAN_POINT('',(-1.98946372845498,9.18328091306999,-0.0680887692810903));
#3489=CARTESIAN_POINT('',(-1.99271786044948,9.02273339472336,-0.0483466959776572));
#3490=CARTESIAN_POINT('',(-1.99490286963804,8.86159353525484,-0.0355050469172419));
#3491=CARTESIAN_POINT('',(-1.99552147301868,8.7538915585241,-0.0323305354083298));
#3492=CARTESIAN_POINT('',(-1.99559016828758,8.7,-0.0322863331443312));
#3493=CARTESIAN_POINT('',(-1.90535209140579,11.25,-0.426935899874668));
#3494=CARTESIAN_POINT('',(-1.90531470439051,11.2230364485441,-0.426961424600915));
#3495=CARTESIAN_POINT('',(-1.90539124707084,11.1691303913589,-0.426230707271685));
#3496=CARTESIAN_POINT('',(-1.90611074253201,11.0614334898832,-0.421840630175569));
#3497=CARTESIAN_POINT('',(-1.90799954815515,10.9270861916275,-0.411234229193658));
#3498=CARTESIAN_POINT('',(-1.91161895056023,10.7664926117753,-0.391507503683196));
#3499=CARTESIAN_POINT('',(-1.91636160973503,10.606705357616,-0.365972440521124));
#3500=CARTESIAN_POINT('',(-1.92199796217214,10.4479076069149,-0.335819766258026));
#3501=CARTESIAN_POINT('',(-1.93040696006208,10.2371669822359,-0.290998430855653));
#3502=CARTESIAN_POINT('',(-1.94203595481969,9.97497885409872,-0.229199153750502));
#3503=CARTESIAN_POINT('',(-1.95366336040883,9.71279407973618,-0.167401253238433));
#3504=CARTESIAN_POINT('',(-1.96206867710474,9.50206034054628,-0.122583111288447));
#3505=CARTESIAN_POINT('',(-1.96770064889646,9.34326973526051,-0.0924342370897325));
#3506=CARTESIAN_POINT('',(-1.97243691136341,9.18349148939259,-0.0669047208925105));
#3507=CARTESIAN_POINT('',(-1.97604745049281,9.02290703856237,-0.0471856616766149));
#3508=CARTESIAN_POINT('',(-1.97830358619555,8.86169688565384,-0.034466904291385));
#3509=CARTESIAN_POINT('',(-1.97875537771182,8.75392710291182,-0.0314449057770644));
#3510=CARTESIAN_POINT('',(-1.97868060368126,8.7,-0.0314959552295591));
#3511=CARTESIAN_POINT('',(-1.87936475557785,11.25,-0.426288018688119));
#3512=CARTESIAN_POINT('',(-1.87925615614931,11.2230175810772,-0.42637506166372));
#3513=CARTESIAN_POINT('',(-1.87922197329355,11.1690744991579,-0.425756756618508));
#3514=CARTESIAN_POINT('',(-1.87983770455084,11.0613085593923,-0.421551508236361));
#3515=CARTESIAN_POINT('',(-1.88180105869364,10.9268875027335,-0.411106709378961));
#3516=CARTESIAN_POINT('',(-1.88578902140212,10.7662357429787,-0.391479136694764));
#3517=CARTESIAN_POINT('',(-1.89113327534447,10.6064263821987,-0.365963993012727));
#3518=CARTESIAN_POINT('',(-1.89755822719164,10.4476484152922,-0.335767590087527));
#3519=CARTESIAN_POINT('',(-1.9072060952003,10.2369765492423,-0.290823923788898));
#3520=CARTESIAN_POINT('',(-1.92061893349005,9.97492857022167,-0.228790757929185));
#3521=CARTESIAN_POINT('',(-1.93402639932212,9.71289192234212,-0.16676224274702));
#3522=CARTESIAN_POINT('',(-1.9436618225864,9.50224331956563,-0.121829365418214));
#3523=CARTESIAN_POINT('',(-1.95007196509911,9.34348949356679,-0.0916458008729287));
#3524=CARTESIAN_POINT('',(-1.95539459407904,9.18371056655519,-0.0661493973179415));
#3525=CARTESIAN_POINT('',(-1.95935259255342,9.02308964483272,-0.0465477238799569));
#3526=CARTESIAN_POINT('',(-1.96167334960466,8.86180668087763,-0.0340441080746482));
#3527=CARTESIAN_POINT('',(-1.96195772374397,8.75396483784561,-0.0312327284188107));
#3528=CARTESIAN_POINT('',(-1.96174052488688,8.7,-0.031406814370011));
#3529=CARTESIAN_POINT('',(-1.84717366044827,11.25,-0.426539265670643));
#3530=CARTESIAN_POINT('',(-1.84697495021172,11.2229919934036,-0.42669254605898));
#3531=CARTESIAN_POINT('',(-1.8467996990146,11.1689986360816,-0.426194030264156));
#3532=CARTESIAN_POINT('',(-1.84727824829272,11.0611388700699,-0.422180453011903));
#3533=CARTESIAN_POINT('',(-1.84932116123898,10.9266174761283,-0.411892160720592));
#3534=CARTESIAN_POINT('',(-1.85374752059373,10.7658866743178,-0.392338835008337));
#3535=CARTESIAN_POINT('',(-1.85981697245695,10.6060467460067,-0.366802526695515));
#3536=CARTESIAN_POINT('',(-1.86719786081355,10.4472939196208,-0.336507777097727));
#3537=CARTESIAN_POINT('',(-1.87835168082137,10.2367120556112,-0.291355201425496));
#3538=CARTESIAN_POINT('',(-1.8939377527103,9.97484911567177,-0.228962180552639));
#3539=CARTESIAN_POINT('',(-1.90951246557635,9.71301011651681,-0.16657898501537));
#3540=CARTESIAN_POINT('',(-1.92063997398266,9.50247740338036,-0.121449203387431));
#3541=CARTESIAN_POINT('',(-1.9279895513318,9.34377558080223,-0.0911815776393005));
#3542=CARTESIAN_POINT('',(-1.93401328190491,9.18399994938049,-0.0656848616652909));
#3543=CARTESIAN_POINT('',(-1.9383762866971,9.02333428973978,-0.0461862511404095));
#3544=CARTESIAN_POINT('',(-1.94075320535992,8.86195571301654,-0.0339039692762906));
#3545=CARTESIAN_POINT('',(-1.94081890047359,8.75401601319283,-0.0313178877424401));
#3546=CARTESIAN_POINT('',(-1.9404214800005,8.7,-0.0316244485191159));
#3547=CARTESIAN_POINT('',(-1.61760497955945,11.25,-0.426295989047395));
#3548=CARTESIAN_POINT('',(-1.61674531900937,11.2227894957907,-0.426897639814807));
#3549=CARTESIAN_POINT('',(-1.61552534694131,11.1683977420483,-0.42721015631422));
#3550=CARTESIAN_POINT('',(-1.61493667316232,11.0597939337036,-0.424493249092378));
#3551=CARTESIAN_POINT('',(-1.61741064525872,10.9244761972639,-0.415262093410046));
#3552=CARTESIAN_POINT('',(-1.62476440040058,10.7631190318988,-0.396205147126567));
#3553=CARTESIAN_POINT('',(-1.63578135809105,10.6030324879597,-0.370511961762873));
#3554=CARTESIAN_POINT('',(-1.64974044399058,10.4444644626916,-0.339526777216367));
#3555=CARTESIAN_POINT('',(-1.67130163039807,10.2345674438735,-0.292914601259238));
#3556=CARTESIAN_POINT('',(-1.70195684245575,9.97412619792028,-0.228009680973471));
#3557=CARTESIAN_POINT('',(-1.73254611598867,9.71382367951151,-0.163161683444941));
#3558=CARTESIAN_POINT('',(-1.75395457092374,9.50421146367103,-0.11668157199405));
#3559=CARTESIAN_POINT('',(-1.76773190498916,9.34593895830668,-0.0858535377697165));
#3560=CARTESIAN_POINT('',(-1.77848346058079,9.18622492299939,-0.0603897393888976));
#3561=CARTESIAN_POINT('',(-1.78546943129043,9.02524503313402,-0.0416497643397185));
#3562=CARTESIAN_POINT('',(-1.78800513984829,8.86313622826929,-0.0309410503730222));
#3563=CARTESIAN_POINT('',(-1.78639998370243,8.75442100841845,-0.0299060375333626));
#3564=CARTESIAN_POINT('',(-1.78468066260226,8.7,-0.0311093390681866));
#3565=CARTESIAN_POINT('',(-1.23142530772853,11.25,-0.426244680858707));
#3566=CARTESIAN_POINT('',(-1.229226902438,11.2221486481903,-0.427254304825388));
#3567=CARTESIAN_POINT('',(-1.22576081544199,11.166489187862,-0.428312065351018));
#3568=CARTESIAN_POINT('',(-1.22220751364492,11.0555128384075,-0.426785757762851));
#3569=CARTESIAN_POINT('',(-1.22353149184258,10.9176491218718,-0.41852940386699));
#3570=CARTESIAN_POINT('',(-1.23297710716141,10.7543040462813,-0.39990997228674));
#3571=CARTESIAN_POINT('',(-1.24906332444,10.5933775051931,-0.373964141473196));
#3572=CARTESIAN_POINT('',(-1.27057813257485,10.4352049316572,-0.342082781902472));
#3573=CARTESIAN_POINT('',(-1.30472823224171,10.2271049047512,-0.29360506806859));
#3574=CARTESIAN_POINT('',(-1.35433339123193,9.97058282877461,-0.225462349216905));
#3575=CARTESIAN_POINT('',(-1.4036029884281,9.71476320431003,-0.157607699724897));
#3576=CARTESIAN_POINT('',(-1.43697592152933,9.50810518317052,-0.109798439551266));
#3577=CARTESIAN_POINT('',(-1.45756589140077,9.35142859316618,-0.0787125032160586));
#3578=CARTESIAN_POINT('',(-1.47230158284815,9.19238730516182,-0.0539276767711986));
#3579=CARTESIAN_POINT('',(-1.47987533165329,9.03094974245383,-0.0369120659374111));
#3580=CARTESIAN_POINT('',(-1.47925822434812,8.8668869185047,-0.0288674565743806));
#3581=CARTESIAN_POINT('',(-1.4733454615125,8.75570270361915,-0.0296644612551797));
#3582=CARTESIAN_POINT('',(-1.46894865093145,8.7,-0.0316837091885432));
#3583=CARTESIAN_POINT('',(-0.574733502975539,11.2499999999999,-0.426301162033418));
#3584=CARTESIAN_POINT('',(-0.57107038719739,11.2208005794941,-0.427357818957583));
#3585=CARTESIAN_POINT('',(-0.565045680971635,11.1624809537984,-0.428613975710056));
#3586=CARTESIAN_POINT('',(-0.557364870293515,11.0466616350592,-0.427529883453409));
#3587=CARTESIAN_POINT('',(-0.554841359449683,10.9037394944968,-0.419706929109153));
#3588=CARTESIAN_POINT('',(-0.561301139937615,10.7365544277599,-0.401227908338717));
#3589=CARTESIAN_POINT('',(-0.575943236902237,10.5740751002698,-0.374897394059593));
#3590=CARTESIAN_POINT('',(-0.597487631274588,10.4167360091962,-0.341988516502949));
#3591=CARTESIAN_POINT('',(-0.633208193136167,10.2121993597373,-0.291434665526109));
#3592=CARTESIAN_POINT('',(-0.686834370020448,9.96336164276469,-0.219657105719969));
#3593=CARTESIAN_POINT('',(-0.739524952281983,9.71640162812778,-0.148645876992333));
#3594=CARTESIAN_POINT('',(-0.773080614612269,9.51571718172108,-0.0998728885331538));
#3595=CARTESIAN_POINT('',(-0.792048681507196,9.36236796590611,-0.0690830473167723));
#3596=CARTESIAN_POINT('',(-0.802927788703965,9.20490606174478,-0.0458443895921055));
#3597=CARTESIAN_POINT('',(-0.804163779407736,9.0427547661957,-0.0316255182878661));
#3598=CARTESIAN_POINT('',(-0.794938480957366,8.87478050032648,-0.0271312431308484));
#3599=CARTESIAN_POINT('',(-0.782963809881405,8.7583988410115,-0.0292948315574036));
#3600=CARTESIAN_POINT('',(-0.775637578325106,8.69999999999988,-0.0314081454057344));
#3601=CARTESIAN_POINT('',(0.137345682002688,11.2499999999999,-0.426552010235847));
#3602=CARTESIAN_POINT('',(0.137712178653213,11.2205663497398,-0.42785432097261));
#3603=CARTESIAN_POINT('',(0.137901297389704,11.1618434468678,-0.43004603085418));
#3604=CARTESIAN_POINT('',(0.137700586471055,11.0459669779021,-0.431210495408452));
#3605=CARTESIAN_POINT('',(0.137744343498785,10.9037026479963,-0.425776169199529));
#3606=CARTESIAN_POINT('',(0.138922788130792,10.7375219919457,-0.408912611399664));
#3607=CARTESIAN_POINT('',(0.140893817237439,10.576042731376,-0.383117797797342));
#3608=CARTESIAN_POINT('',(0.143233435942499,10.4196072774791,-0.349919943196618));
#3609=CARTESIAN_POINT('',(0.146667958238971,10.2161123534121,-0.298153875095865));
#3610=CARTESIAN_POINT('',(0.151217176381527,9.96820783867446,-0.223825352766595));
#3611=CARTESIAN_POINT('',(0.156580626375458,9.72153928568081,-0.149982250425611));
#3612=CARTESIAN_POINT('',(0.161889604213092,9.52056777342279,-0.0993577735365556));
#3613=CARTESIAN_POINT('',(0.166460249406525,9.36671236889967,-0.0675178138351893));
#3614=CARTESIAN_POINT('',(0.171693972871595,9.20842274581918,-0.0436986089792673));
#3615=CARTESIAN_POINT('',(0.177442020069914,9.04522076847448,-0.0295006132888992));
#3616=CARTESIAN_POINT('',(0.183118129566907,8.8761117975188,-0.0257548669387337));
#3617=CARTESIAN_POINT('',(0.18549851909645,8.75886730052008,-0.0289259967245699));
#3618=CARTESIAN_POINT('',(0.186231512397501,8.6999999999999,-0.0315306181980938));
#3619=CARTESIAN_POINT('',(0.875818025992457,11.25,-0.42650617016196));
#3620=CARTESIAN_POINT('',(0.873041290653502,11.2216076537572,-0.427766716972505));
#3621=CARTESIAN_POINT('',(0.867920439489807,11.1649635835024,-0.429993077896176));
#3622=CARTESIAN_POINT('',(0.860822912514053,11.0531550082934,-0.431419993744608));
#3623=CARTESIAN_POINT('',(0.858718294001607,10.9154395959503,-0.42636533744583));
#3624=CARTESIAN_POINT('',(0.866256812978961,10.7529252580758,-0.40992588371177));
#3625=CARTESIAN_POINT('',(0.882231318223762,10.593171763521,-0.384684752524688));
#3626=CARTESIAN_POINT('',(0.904913801027327,10.4363915530886,-0.352343239674369));
#3627=CARTESIAN_POINT('',(0.94187525243882,10.2302840648383,-0.302073183629153));
#3628=CARTESIAN_POINT('',(0.996495933628992,9.97621705939197,-0.230186871095922));
#3629=CARTESIAN_POINT('',(1.05138251367217,9.72214373355701,-0.158272208839748));
#3630=CARTESIAN_POINT('',(1.08894619136203,9.51600669684867,-0.107954623513419));
#3631=CARTESIAN_POINT('',(1.1123458120248,9.35915038992975,-0.0755559092754893));
#3632=CARTESIAN_POINT('',(1.12937326548058,9.19922678370741,-0.0502236177679806));
#3633=CARTESIAN_POINT('',(1.13842817347487,9.03624159952241,-0.0335818651298982));
#3634=CARTESIAN_POINT('',(1.13797629251044,8.86999908104788,-0.0268957112640058));
#3635=CARTESIAN_POINT('',(1.13052473458616,8.75678469248551,-0.0290112878106281));
#3636=CARTESIAN_POINT('',(1.12497126390825,8.7,-0.0315323814317191));
#3637=CARTESIAN_POINT('',(1.45229809382192,11.25,-0.426569372314146));
#3638=CARTESIAN_POINT('',(1.45095992893099,11.2225850903204,-0.427399120271227));
#3639=CARTESIAN_POINT('',(1.4487705626284,11.1678130641191,-0.428318793626142));
#3640=CARTESIAN_POINT('',(1.44662373942984,11.0587727728389,-0.426869750743306));
#3641=CARTESIAN_POINT('',(1.44817989084872,10.9232704396967,-0.418892877935034));
#3642=CARTESIAN_POINT('',(1.45606284008154,10.7619617086866,-0.400619793928612));
#3643=CARTESIAN_POINT('',(1.46896544640421,10.6021258362088,-0.375083571915616));
#3644=CARTESIAN_POINT('',(1.48586495776316,10.4439941904947,-0.343756587907679));
#3645=CARTESIAN_POINT('',(1.51239856931528,10.2348437258608,-0.296184868403625));
#3646=CARTESIAN_POINT('',(1.55057567477376,9.97548976107149,-0.229439559555065));
#3647=CARTESIAN_POINT('',(1.58881237913968,9.7161084871841,-0.162676093370963));
#3648=CARTESIAN_POINT('',(1.61548034893672,9.50689748472277,-0.115067171853811));
#3649=CARTESIAN_POINT('',(1.63253987822607,9.3486907595903,-0.0836957454810211));
#3650=CARTESIAN_POINT('',(1.64567770225897,9.18874022337857,-0.0580925835030383));
#3651=CARTESIAN_POINT('',(1.65390206037724,9.02723477806256,-0.0397063979850455));
#3652=CARTESIAN_POINT('',(1.6562492167318,8.86431609407531,-0.0298986133022546));
#3653=CARTESIAN_POINT('',(1.65333370846264,8.75482981935918,-0.0297641731963547));
#3654=CARTESIAN_POINT('',(1.65065737868079,8.7,-0.0314236691105172));
#3655=CARTESIAN_POINT('',(1.74190379281985,11.25,-0.426378352059323));
#3656=CARTESIAN_POINT('',(1.74140361337834,11.222907165489,-0.426742706024629));
#3657=CARTESIAN_POINT('',(1.74070891199048,11.1687525425687,-0.42667110897949));
#3658=CARTESIAN_POINT('',(1.74055877978275,11.0606559654641,-0.423410327290396));
#3659=CARTESIAN_POINT('',(1.74261535638616,10.9259476776137,-0.413788560119502));
#3660=CARTESIAN_POINT('',(1.74820264172884,10.7651140646379,-0.394598448948883));
#3661=CARTESIAN_POINT('',(1.7563855471701,10.6052920531769,-0.369057312964623));
#3662=CARTESIAN_POINT('',(1.76663408603079,10.4466890832848,-0.338466145119663));
#3663=CARTESIAN_POINT('',(1.7823654915089,10.2364344528056,-0.292625302493841));
#3664=CARTESIAN_POINT('',(1.80461547879718,9.97512870722547,-0.229002347049168));
#3665=CARTESIAN_POINT('',(1.82687814916379,9.71381422838347,-0.165374195749116));
#3666=CARTESIAN_POINT('',(1.84263807646432,9.50354063130102,-0.119522440520989));
#3667=CARTESIAN_POINT('',(1.85292058679761,9.34491513667673,-0.0889182469039669));
#3668=CARTESIAN_POINT('',(1.86115345896196,9.18506008781267,-0.0633576177675757));
#3669=CARTESIAN_POINT('',(1.86681357049656,9.02417432411175,-0.0441357920052587));
#3670=CARTESIAN_POINT('',(1.86938525244768,8.86244639995086,-0.0325286648066122));
#3671=CARTESIAN_POINT('',(1.86871781806334,8.75418566902208,-0.0306681474448015));
#3672=CARTESIAN_POINT('',(1.8677174591803,8.7,-0.0313968553754113));
#3673=CARTESIAN_POINT('',(1.843148353324,11.25,-0.426370418679917));
#3674=CARTESIAN_POINT('',(1.84293819018538,11.2229934986143,-0.426537058907731));
#3675=CARTESIAN_POINT('',(1.8427324228459,11.1690048398994,-0.426076201937179));
#3676=CARTESIAN_POINT('',(1.843152514019,11.0611730585115,-0.422144279187626));
#3677=CARTESIAN_POINT('',(1.84515432896341,10.9267014947836,-0.411939374482341));
#3678=CARTESIAN_POINT('',(1.84959072314823,10.7660229121281,-0.392442731877697));
#3679=CARTESIAN_POINT('',(1.85571736861642,10.6062214474591,-0.366927439086091));
#3680=CARTESIAN_POINT('',(1.86318846299649,10.4474905241268,-0.336627976668228));
#3681=CARTESIAN_POINT('',(1.87449469188481,10.236918922166,-0.291443767045924));
#3682=CARTESIAN_POINT('',(1.89030916459414,9.97503922337549,-0.228980555281018));
#3683=CARTESIAN_POINT('',(1.90612730356661,9.71315675922214,-0.16651573176784));
#3684=CARTESIAN_POINT('',(1.91744177136214,9.50257917309851,-0.121328120701562));
#3685=CARTESIAN_POINT('',(1.92492267906512,9.34384119884786,-0.0910245988055583));
#3686=CARTESIAN_POINT('',(1.93106376091646,9.18402947218837,-0.0655032385519151));
#3687=CARTESIAN_POINT('',(1.93552122094402,9.02333496628576,-0.0459967979828606));
#3688=CARTESIAN_POINT('',(1.93795354054462,8.86194566196576,-0.0337323801741752));
#3689=CARTESIAN_POINT('',(1.93800364813425,8.7540130027714,-0.031187700674298));
#3690=CARTESIAN_POINT('',(1.937583321857,8.7,-0.0315209811299244));
#3691=CARTESIAN_POINT('',(1.90125648253482,11.25,-0.426436767173917));
#3692=CARTESIAN_POINT('',(1.90120752072193,11.2230340163155,-0.426475454523854));
#3693=CARTESIAN_POINT('',(1.90126334578636,11.1691235273082,-0.425772016823549));
#3694=CARTESIAN_POINT('',(1.90195656280842,11.0614222234807,-0.421433042633746));
#3695=CARTESIAN_POINT('',(1.90384426234378,10.9270742235379,-0.410878551432569));
#3696=CARTESIAN_POINT('',(1.90750884219742,10.7664827105655,-0.391194148987992));
#3697=CARTESIAN_POINT('',(1.91233510851452,10.6066999056479,-0.365684756624942));
#3698=CARTESIAN_POINT('',(1.91808503752782,10.4479091542983,-0.335544875207547));
#3699=CARTESIAN_POINT('',(1.92667533756954,10.2371800215183,-0.290727725955768));
#3700=CARTESIAN_POINT('',(1.9385680203619,9.97500799004505,-0.228917629585575));
#3701=CARTESIAN_POINT('',(1.95046143414691,9.71283538697025,-0.167107202635857));
#3702=CARTESIAN_POINT('',(1.95905337640258,9.50210501891498,-0.122289354445653));
#3703=CARTESIAN_POINT('',(1.96480526146686,9.34331281638634,-0.0921486389248133));
#3704=CARTESIAN_POINT('',(1.96963440554315,9.1835279055888,-0.0666380004667443));
#3705=CARTESIAN_POINT('',(1.97330318677033,9.02293314653188,-0.0469515915199442));
#3706=CARTESIAN_POINT('',(1.97557444767335,8.8617108009825,-0.0342824317051371));
#3707=CARTESIAN_POINT('',(1.9760001252162,8.75393196736907,-0.0313069347159681));
#3708=CARTESIAN_POINT('',(1.97590220159044,8.7,-0.0313843094158422));
#3709=CARTESIAN_POINT('',(1.91754052363905,11.25,-0.426806898653849));
#3710=CARTESIAN_POINT('',(1.91753632542024,11.2230448466397,-0.426814812511983));
#3711=CARTESIAN_POINT('',(1.91766428468942,11.1691552701622,-0.426054050012871));
#3712=CARTESIAN_POINT('',(1.91843122990519,11.0614892375037,-0.42162305706387));
#3713=CARTESIAN_POINT('',(1.92028333059108,10.9271750588522,-0.410998577548498));
#3714=CARTESIAN_POINT('',(1.92372758883958,10.7666077294598,-0.391295111018004));
#3715=CARTESIAN_POINT('',(1.92818572762134,10.6068304863662,-0.365820795945572));
#3716=CARTESIAN_POINT('',(1.93344987526394,10.4480237598324,-0.335758893996255));
#3717=CARTESIAN_POINT('',(1.94127475044665,10.2372519667368,-0.291088765293685));
#3718=CARTESIAN_POINT('',(1.95206336537116,9.97500034291178,-0.22951659952558));
#3719=CARTESIAN_POINT('',(1.96285200779916,9.71274869253367,-0.167944419019023));
#3720=CARTESIAN_POINT('',(1.97067694464798,9.50197684245283,-0.123274258844576));
#3721=CARTESIAN_POINT('',(1.97594116574592,9.34317005000981,-0.093212319349199));
#3722=CARTESIAN_POINT('',(1.98039941264863,9.18339271276599,-0.0677379483282816));
#3723=CARTESIAN_POINT('',(1.98384382927006,9.02282524346944,-0.0480343930972769));
#3724=CARTESIAN_POINT('',(1.98606657956954,8.86164803195563,-0.0352848570222107));
#3725=CARTESIAN_POINT('',(1.98659546648744,8.75391030672058,-0.0322098683793727));
#3726=CARTESIAN_POINT('',(1.98658707004981,8.7,-0.0322256960956404));
#3727=CARTESIAN_POINT('',(1.94348948692479,11.25,-0.425249199959814));
#3728=CARTESIAN_POINT('',(1.9435557672877,11.223061245472,-0.425183953820514));
#3729=CARTESIAN_POINT('',(1.94379577302875,11.1692033753428,-0.424284769696614));
#3730=CARTESIAN_POINT('',(1.94467165179032,11.0615916563807,-0.419615182515678));
#3731=CARTESIAN_POINT('',(1.94645294950527,10.9273305110041,-0.408766259278852));
#3732=CARTESIAN_POINT('',(1.94952552483708,10.7668018896759,-0.388898501702189));
#3733=CARTESIAN_POINT('',(1.95337349179851,10.6070343900205,-0.363347252887214));
#3734=CARTESIAN_POINT('',(1.95783766130586,10.4482035238672,-0.333277506250524));
#3735=CARTESIAN_POINT('',(1.96440601177846,10.2373658884505,-0.288666191513416));
#3736=CARTESIAN_POINT('',(1.97338642869987,9.97499044702525,-0.227254571716812));
#3737=CARTESIAN_POINT('',(1.98236598865053,9.71261569789959,-0.165843349586231));
#3738=CARTESIAN_POINT('',(1.98893241442872,9.50177955684742,-0.121232876993322));
#3739=CARTESIAN_POINT('',(1.99339429140137,9.34295044169196,-0.091164135306994));
#3740=CARTESIAN_POINT('',(1.99723888533344,9.18318547642962,-0.0656143871930334));
#3741=CARTESIAN_POINT('',(2.00030653392808,9.02266073874946,-0.0457490399835907));
#3742=CARTESIAN_POINT('',(2.00243701915755,8.86155300945912,-0.0327348349029901));
#3743=CARTESIAN_POINT('',(2.00312421568719,8.75387750905597,-0.029407373335825));
#3744=CARTESIAN_POINT('',(2.00325677641302,8.7,-0.0292768810572233));
#3745=CARTESIAN_POINT('',(1.97470376022987,11.25,-0.41275639552189));
#3746=CARTESIAN_POINT('',(1.97482852737255,11.2230799560591,-0.412585291890904));
#3747=CARTESIAN_POINT('',(1.97514731610725,11.1692583476049,-0.41148646837051));
#3748=CARTESIAN_POINT('',(1.97603252273656,11.0617104605006,-0.406469328010869));
#3749=CARTESIAN_POINT('',(1.97756208533077,10.9275135616813,-0.395281527077665));
#3750=CARTESIAN_POINT('',(1.97996959401741,10.7670333889655,-0.375140597735533));
#3751=CARTESIAN_POINT('',(1.98285081487306,10.6072797213186,-0.34942672798398));
#3752=CARTESIAN_POINT('',(1.98610820481386,10.4484214333355,-0.319281540102961));
#3753=CARTESIAN_POINT('',(1.99082741942878,10.2375061552248,-0.274656954091321));
#3754=CARTESIAN_POINT('',(1.99719615293739,9.97498273522483,-0.21333821632088));
#3755=CARTESIAN_POINT('',(2.00356338058412,9.71246058881521,-0.152020203348934));
#3756=CARTESIAN_POINT('',(2.00827921452112,9.50154805546012,-0.107397155680337));
#3757=CARTESIAN_POINT('',(2.01153257763139,9.34269297224414,-0.0772538034076131));
#3758=CARTESIAN_POINT('',(2.01440787317281,9.18294392675415,-0.051542673213696));
#3759=CARTESIAN_POINT('',(2.01680672127873,9.02247077938072,-0.0314061287405276));
#3760=CARTESIAN_POINT('',(2.01862973645088,8.86144463059711,-0.0179888925452912));
#3761=CARTESIAN_POINT('',(2.01939215614757,8.75384008788191,-0.0142928065610215));
#3762=CARTESIAN_POINT('',(2.01964169043294,8.7,-0.0139505992990498));
#3763=CARTESIAN_POINT('',(2.00363026774767,11.25,-0.384337202671343));
#3764=CARTESIAN_POINT('',(2.00371829925073,11.2230994047063,-0.384084525407656));
#3765=CARTESIAN_POINT('',(2.00391442896944,11.1693156504077,-0.38284076067618));
#3766=CARTESIAN_POINT('',(2.0043696155532,11.0618375933182,-0.377602359417248));
#3767=CARTESIAN_POINT('',(2.00503843491643,10.9277144589381,-0.366258113494464));
#3768=CARTESIAN_POINT('',(2.0059707882794,10.7672926434962,-0.346093092105756));
#3769=CARTESIAN_POINT('',(2.00700970696157,10.6075584401515,-0.320489904852198));
#3770=CARTESIAN_POINT('',(2.00813279292414,10.4486719348547,-0.290561269864263));
#3771=CARTESIAN_POINT('',(2.00971425954297,10.2376713694052,-0.246331300848308));
#3772=CARTESIAN_POINT('',(2.01179577867505,9.97498180258121,-0.185638206051896));
#3773=CARTESIAN_POINT('',(2.01387575879312,9.71229360332654,-0.124945882069435));
#3774=CARTESIAN_POINT('',(2.01545377190016,9.50129598036464,-0.0807175528755379));
#3775=CARTESIAN_POINT('',(2.0165727442194,9.34241289815673,-0.0507908744373103));
#3776=CARTESIAN_POINT('',(2.01760560915489,9.18268361363871,-0.0251906054938425));
#3777=CARTESIAN_POINT('',(2.01852910739124,9.0222692104087,-0.00503023806823005));
#3778=CARTESIAN_POINT('',(2.01931891822228,8.86133204472534,0.00857430762987861));
#3779=CARTESIAN_POINT('',(2.01973719621834,8.75380119058735,0.0125232774220625));
#3780=CARTESIAN_POINT('',(2.01991325922446,8.7,0.0130286319494372));
#3781=CARTESIAN_POINT('',(2.01973974625342,11.25,-0.347514367164302));
#3782=CARTESIAN_POINT('',(2.01973041580358,11.2231157059647,-0.347342318624319));
#3783=CARTESIAN_POINT('',(2.01967919928676,11.1693638801292,-0.346281923895879));
#3784=CARTESIAN_POINT('',(2.01944822104097,11.0619486130454,-0.341485722789775));
#3785=CARTESIAN_POINT('',(2.01892931986054,10.927895852304,-0.330819963490542));
#3786=CARTESIAN_POINT('',(2.01798811752957,10.767532730362,-0.311636208831279));
#3787=CARTESIAN_POINT('',(2.01678178000355,10.6078210787662,-0.287151123232556));
#3788=CARTESIAN_POINT('',(2.01536412555682,10.4489113296087,-0.258447660426064));
#3789=CARTESIAN_POINT('',(2.01326252157107,10.2378337882764,-0.215958172625722));
#3790=CARTESIAN_POINT('',(2.01037108443477,9.97499006007902,-0.157573967089131));
#3791=CARTESIAN_POINT('',(2.00747883544422,9.71214709392994,-0.0991901866919089));
#3792=CARTESIAN_POINT('',(2.005375410658,9.50107118941658,-0.0567016055874441));
#3793=CARTESIAN_POINT('',(2.0039555873328,9.34216333705007,-0.0279992245160141));
#3794=CARTESIAN_POINT('',(2.00274605760166,9.18245440032157,-0.00351575135726139));
#3795=CARTESIAN_POINT('',(2.00180018166038,9.0220953315276,0.0156654419280296));
#3796=CARTESIAN_POINT('',(2.00117073908713,8.86123775756506,0.0284596917876536));
#3797=CARTESIAN_POINT('',(2.00099565822309,8.75376858807071,0.0320048025840642));
#3798=CARTESIAN_POINT('',(2.00097699732342,8.7,0.0323488996640308));
#3799=CARTESIAN_POINT('',(2.01874578718335,11.25,-0.30731207386931));
#3800=CARTESIAN_POINT('',(2.0187534668328,11.2231287165022,-0.307464221002429));
#3801=CARTESIAN_POINT('',(2.01868013805634,11.1694026275998,-0.307078427828363));
#3802=CARTESIAN_POINT('',(2.01820673851334,11.0620428387179,-0.303714016439799));
#3803=CARTESIAN_POINT('',(2.01704834776669,10.9280570014435,-0.294969486713841));
#3804=CARTESIAN_POINT('',(2.01488609377088,10.7677530265147,-0.278261707827516));
#3805=CARTESIAN_POINT('',(2.01208302823392,10.6080672356694,-0.256391440138861));
#3806=CARTESIAN_POINT('',(2.00877015843431,10.449139500675,-0.230411011267699));
#3807=CARTESIAN_POINT('',(2.00384326282062,10.2379937224777,-0.191660131348957));
#3808=CARTESIAN_POINT('',(1.99704762894699,9.97500837634275,-0.138083299040204));
#3809=CARTESIAN_POINT('',(1.9902526854854,9.71202239130486,-0.0845061093596789));
#3810=CARTESIAN_POINT('',(1.98532733852664,9.50087524019407,-0.0457544677598411));
#3811=CARTESIAN_POINT('',(1.98201631342652,9.34194591265491,-0.019773130145081));
#3812=CARTESIAN_POINT('',(1.97921596286458,9.18225784010585,0.00209849234338002));
#3813=CARTESIAN_POINT('',(1.97705768283279,9.02195045055787,0.0188084255034033));
#3814=CARTESIAN_POINT('',(1.97567335842134,8.86116259906507,0.0293057911130776));
#3815=CARTESIAN_POINT('',(1.97535571349279,8.75374256699558,0.0314645524233231));
#3816=CARTESIAN_POINT('',(1.97537107279167,8.7,0.0311602581570866));
#3817=CARTESIAN_POINT('',(2.01908819265161,11.25,-0.254600309121521));
#3818=CARTESIAN_POINT('',(2.01912325478421,11.2231414851489,-0.255145454124078));
#3819=CARTESIAN_POINT('',(2.0190250668114,11.169441102333,-0.255586322038158));
#3820=CARTESIAN_POINT('',(2.01822878184604,11.0621451729225,-0.25399523403785));
#3821=CARTESIAN_POINT('',(2.01621003300436,10.9282438875472,-0.247650557368601));
#3822=CARTESIAN_POINT('',(2.01240417212369,10.7680195363703,-0.234054461420186));
#3823=CARTESIAN_POINT('',(2.00745206724147,10.6083729339341,-0.21548360490916));
#3824=CARTESIAN_POINT('',(2.00158880979357,10.4494286079501,-0.192948329737019));
#3825=CARTESIAN_POINT('',(1.99286036710996,10.2382040693723,-0.158936071800079));
#3826=CARTESIAN_POINT('',(1.98081223679803,9.97504736788167,-0.11146231514994));
#3827=CARTESIAN_POINT('',(1.96876785312133,9.71188697107276,-0.0639865151357293));
#3828=CARTESIAN_POINT('',(1.96004780895717,9.500654506969,-0.0299698898198736));
#3829=CARTESIAN_POINT('',(1.95419455571077,9.3417010273844,-0.00742940450330143));
#3830=CARTESIAN_POINT('',(1.94925717711467,9.18204136835771,0.0111492139495522));
#3831=CARTESIAN_POINT('',(1.94547289503562,9.02179768357405,0.0247575976136802));
#3832=CARTESIAN_POINT('',(1.94308170186411,8.8610889992106,0.0323933860886213));
#3833=CARTESIAN_POINT('',(1.94258388102618,8.75371702970223,0.0328493841860505));
#3834=CARTESIAN_POINT('',(1.94265400529137,8.7,0.0317590941809371));
#3835=CARTESIAN_POINT('',(2.01882203885153,11.25,-0.109410079746302));
#3836=CARTESIAN_POINT('',(2.01896063447688,11.2231569233133,-0.111033052249833));
#3837=CARTESIAN_POINT('',(2.01883041044668,11.1694902546027,-0.113766044628942));
#3838=CARTESIAN_POINT('',(2.01718236490576,11.0623267340776,-0.117131570652448));
#3839=CARTESIAN_POINT('',(2.01281120965669,10.9286383373992,-0.117519773892257));
#3840=CARTESIAN_POINT('',(2.00447937053892,10.7686367360225,-0.112659286397036));
#3841=CARTESIAN_POINT('',(1.99359583723709,10.6091185383227,-0.103350745803132));
#3842=CARTESIAN_POINT('',(1.98068619807219,10.4501606365282,-0.0904842777629618));
#3843=CARTESIAN_POINT('',(1.96144902961251,10.2387722746828,-0.069767450768932));
#3844=CARTESIAN_POINT('',(1.93487626074045,9.97521947269609,-0.0394109746627805));
#3845=CARTESIAN_POINT('',(1.90832006894409,9.71164914015206,-0.00904491950089176));
#3846=CARTESIAN_POINT('',(1.8891200314114,9.50022325345018,0.0116924415219896));
#3847=CARTESIAN_POINT('',(1.87625462314062,9.34122220584225,0.0245834036984363));
#3848=CARTESIAN_POINT('',(1.86543621055323,9.18164274944294,0.0339284076257579));
#3849=CARTESIAN_POINT('',(1.85719991681373,9.02155144890627,0.0388463517524578));
#3850=CARTESIAN_POINT('',(1.85209372523108,8.86100093667958,0.0384830253801098));
#3851=CARTESIAN_POINT('',(1.85117673695252,8.75368615337337,0.0342196839297121));
#3852=CARTESIAN_POINT('',(1.85145392820323,8.7,0.0309737389226496));
#3853=CARTESIAN_POINT('',(2.01911926636904,11.25,0.126798060573618));
#3854=CARTESIAN_POINT('',(2.01955523742655,11.2230662643257,0.123622841407941));
#3855=CARTESIAN_POINT('',(2.01951413663623,11.169237117701,0.11741617431301));
#3856=CARTESIAN_POINT('',(2.01655917127025,11.0620382967981,0.106245639719814));
#3857=CARTESIAN_POINT('',(2.00829550571506,10.9285876337651,0.0950315012843549));
#3858=CARTESIAN_POINT('',(1.99242311861011,10.7689782119279,0.0857274376097806));
#3859=CARTESIAN_POINT('',(1.97164927470833,10.6097959876937,0.079955706030234));
#3860=CARTESIAN_POINT('',(1.94699227234677,10.4510077601556,0.0770489254392358));
#3861=CARTESIAN_POINT('',(1.91024049924763,10.2396648018347,0.0760521448631721));
#3862=CARTESIAN_POINT('',(1.85947301239286,9.97590709667662,0.0784377917028179));
#3863=CARTESIAN_POINT('',(1.80876812643029,9.71207384696397,0.0808638714096707));
#3864=CARTESIAN_POINT('',(1.77215634711322,9.50056972701764,0.0799542143760115));
#3865=CARTESIAN_POINT('',(1.74766611560858,9.34159762871988,0.0771513424190685));
#3866=CARTESIAN_POINT('',(1.72713790493991,9.18215645336797,0.0715340908261535));
#3867=CARTESIAN_POINT('',(1.71162688067043,9.0221753952473,0.06247145334583));
#3868=CARTESIAN_POINT('',(1.70224153633567,8.86153028802459,0.0494364298034532));
#3869=CARTESIAN_POINT('',(1.70095188245616,8.75386747134857,0.038015018443835));
#3870=CARTESIAN_POINT('',(1.70182382457118,8.7,0.0316645801124808));
#3871=CARTESIAN_POINT('',(2.01910502028738,11.25,0.543920863288298));
#3872=CARTESIAN_POINT('',(2.02026605181554,11.2224775128596,0.538608791616186));
#3873=CARTESIAN_POINT('',(2.02039929921257,11.1675589547266,0.526926691818109));
#3874=CARTESIAN_POINT('',(2.01462594493689,11.059395119353,0.502377693434952));
#3875=CARTESIAN_POINT('',(1.99862951876544,10.9260118832943,0.471893341041634));
#3876=CARTESIAN_POINT('',(1.96858807197053,10.7672584714425,0.437111194253111));
#3877=CARTESIAN_POINT('',(1.92972024223677,10.6091827736312,0.404116594177388));
#3878=CARTESIAN_POINT('',(1.88390231682248,10.4514362744842,0.372713181783022));
#3879=CARTESIAN_POINT('',(1.81589317829747,10.2413575864492,0.332486238764218));
#3880=CARTESIAN_POINT('',(1.72230631352486,9.97887735884432,0.284382815245557));
#3881=CARTESIAN_POINT('',(1.62894516188141,9.71605234157595,0.236458182574613));
#3882=CARTESIAN_POINT('',(1.56143903425147,9.50524180062385,0.196619613615027));
#3883=CARTESIAN_POINT('',(1.51622039634014,9.34667008019167,0.165679280257224));
#3884=CARTESIAN_POINT('',(1.47823600601847,9.18744668521117,0.13337172677564));
#3885=CARTESIAN_POINT('',(1.44950174577879,9.02709832978142,0.0996495458107306));
#3886=CARTESIAN_POINT('',(1.43226269366578,8.86495353702841,0.0648593725221503));
#3887=CARTESIAN_POINT('',(1.43054386116006,8.75504497428086,0.0422053639311948));
#3888=CARTESIAN_POINT('',(1.43286592421637,8.7,0.0315812205869702));
#3889=CARTESIAN_POINT('',(2.01885883823685,11.25,1.26764255203823));
#3890=CARTESIAN_POINT('',(2.02135530401021,11.2200679498881,1.26052488381812));
#3891=CARTESIAN_POINT('',(2.02080215025859,11.1606650652225,1.24135433575732));
#3892=CARTESIAN_POINT('',(2.00681306978586,11.0479569707364,1.19469430126391));
#3893=CARTESIAN_POINT('',(1.9732939991078,10.913652911061,1.13014920880639));
#3894=CARTESIAN_POINT('',(1.91539667869338,10.7570245504035,1.04971400419052));
#3895=CARTESIAN_POINT('',(1.84350245837412,10.602619055747,0.967801553914));
#3896=CARTESIAN_POINT('',(1.76076536334783,10.449148256107,0.885239369087639));
#3897=CARTESIAN_POINT('',(1.63972991995121,10.245155058391,0.774693659124065));
#3898=CARTESIAN_POINT('',(1.47532326881151,9.99021991905997,0.636371823340793));
#3899=CARTESIAN_POINT('',(1.3116676809971,9.73386086798878,0.498771012687007));
#3900=CARTESIAN_POINT('',(1.19229933010047,9.52685642603148,0.389801253640968));
#3901=CARTESIAN_POINT('',(1.11154865567784,9.37001980748976,0.309117792424587));
#3902=CARTESIAN_POINT('',(1.04258563599753,9.21097768379655,0.229988354041645));
#3903=CARTESIAN_POINT('',(0.989054271978378,9.04806803305022,0.153804086025715));
#3904=CARTESIAN_POINT('',(0.955502250461287,8.8789472134439,0.0833400540727969));
#3905=CARTESIAN_POINT('',(0.951882194354201,8.75986410022382,0.0456265684745018));
#3906=CARTESIAN_POINT('',(0.956875125900909,8.7,0.0313912320342997));
#3907=CARTESIAN_POINT('',(2.019,11.25,1.88184751811375));
#3908=CARTESIAN_POINT('',(2.02120311680945,11.2147575546483,1.87739804132997));
#3909=CARTESIAN_POINT('',(2.01479351487596,11.1454584713105,1.85602454130178));
#3910=CARTESIAN_POINT('',(1.9812788688833,11.0222902765773,1.79212799006212));
#3911=CARTESIAN_POINT('',(1.91946909297062,10.8850513279893,1.6962392063442));
#3912=CARTESIAN_POINT('',(1.82875360019638,10.7320399673925,1.57310456531504));
#3913=CARTESIAN_POINT('',(1.72607057447373,10.5851137915012,1.44565852520619));
#3914=CARTESIAN_POINT('',(1.61468002831081,10.4412608659663,1.31595733336626));
#3915=CARTESIAN_POINT('',(1.45778267609555,10.2517502014131,1.1412192022039));
#3916=CARTESIAN_POINT('',(1.25196189277272,10.0158125450232,0.921600613045844));
#3917=CARTESIAN_POINT('',(1.04784463475033,9.77589443244033,0.703959672042249));
#3918=CARTESIAN_POINT('',(0.894710362312448,9.5779904306446,0.533565875861501));
#3919=CARTESIAN_POINT('',(0.787804375133385,9.4248208108279,0.409042839791381));
#3920=CARTESIAN_POINT('',(0.69174680648774,9.26515876493128,0.289257670889023));
#3921=CARTESIAN_POINT('',(0.61097814150811,9.09525657250523,0.177729590793634));
#3922=CARTESIAN_POINT('',(0.552371362273942,8.90976041138781,0.0813141807823778));
#3923=CARTESIAN_POINT('',(0.53905503870376,8.77048489070335,0.0403989535675741));
#3924=CARTESIAN_POINT('',(0.543461272322666,8.7,0.0314999999999992));
#3925=CARTESIAN_POINT('',(2.019,11.25,2.2925));
#3926=CARTESIAN_POINT('',(2.019,11.2089922615163,2.2925));
#3927=CARTESIAN_POINT('',(2.00319532229973,11.1289538875657,2.27208152379662));
#3928=CARTESIAN_POINT('',(1.94506742276871,10.9944101447165,2.19698457111999));
#3929=CARTESIAN_POINT('',(1.85283881601354,10.853936753213,2.07783202349991));
#3930=CARTESIAN_POINT('',(1.73305261610144,10.7047752828467,1.92307710101536));
#3931=CARTESIAN_POINT('',(1.60867919268424,10.5659712732009,1.76239582458962));
#3932=CARTESIAN_POINT('',(1.48207120217572,10.4327301729007,1.59882765253433));
#3933=CARTESIAN_POINT('',(1.31159049364907,10.2593279879179,1.37857916938258));
#3934=CARTESIAN_POINT('',(1.09772164699614,10.044671668822,1.10227641656196));
#3935=CARTESIAN_POINT('',(0.886495281702893,9.82308147654122,0.829387554475712));
#3936=CARTESIAN_POINT('',(0.721833455529862,9.63507830173375,0.616656637523086));
#3937=CARTESIAN_POINT('',(0.60216065688646,9.48568341530076,0.462048221101506));
#3938=CARTESIAN_POINT('',(0.488041323294778,9.32487888255498,0.314614471329594));
#3939=CARTESIAN_POINT('',(0.383729170988546,9.14684226812276,0.179850875387882));
#3940=CARTESIAN_POINT('',(0.297638374425386,8.94319900084455,0.0686279251770777));
#3941=CARTESIAN_POINT('',(0.26889994726468,8.78201547696732,0.0315));
#3942=CARTESIAN_POINT('',(0.26889994726468,8.7,0.0315));
#3943=CARTESIAN_POINT('',(-2.40000000000001,11.25,-0.8075));
#3944=CARTESIAN_POINT('',(-2.40000000000001,11.25,-0.8075));
#3945=CARTESIAN_POINT('',(-2.40000000000001,20.75,-0.807500000000001));
#3946=CARTESIAN_POINT('',(-2.40000000000001,20.75,-0.807500000000001));
#3947=CARTESIAN_POINT('',(-1.70000000054999,23.,-0.8075));
#3948=CARTESIAN_POINT('',(-1.00000000109997,25.25,-0.8075));
#3949=CARTESIAN_POINT('',(-1.00000000109997,108.921099445201,-0.8075));
#3950=CARTESIAN_POINT('',(-1.00000000109997,29.65,-0.8075));
#3951=CARTESIAN_POINT('',(2.07499999890004,29.65,-0.8075));
#3952=CARTESIAN_POINT('',(0.999999998900035,29.65,-0.8075));
#3953=CARTESIAN_POINT('',(0.999999998900035,108.921099445201,-0.8075));
#3954=CARTESIAN_POINT('',(0.999999998900036,25.25,-0.8075));
#3955=CARTESIAN_POINT('',(1.69999999945002,23.,-0.8075));
#3956=CARTESIAN_POINT('',(2.4,20.75,-0.8075));
#3957=CARTESIAN_POINT('',(2.39999999999999,20.75,-0.8075));
#3958=CARTESIAN_POINT('',(2.39999999999999,11.25,-0.8075));
#3959=CARTESIAN_POINT('',(-2.40000000000001,11.25,-0.8075));
#3960=CARTESIAN_POINT('',(0.,0.,-0.8075));
#3961=CARTESIAN_POINT('',(-9.65349594938893E-32,11.8268784152446,-0.4265));
#3962=CARTESIAN_POINT('',(0.948188317392876,11.8268784152447,-0.4265));
#3963=CARTESIAN_POINT('',(-0.949137812590751,11.826878415234,-0.426500000006401));
#3964=CARTESIAN_POINT('',(-0.949137812590751,11.826878415234,-0.426500000006401));
#3965=CARTESIAN_POINT('',(-0.947681449069807,11.8667717259043,-0.426500000006401));
#3966=CARTESIAN_POINT('',(-0.94627034956682,11.9066667277207,-0.4265));
#3967=CARTESIAN_POINT('',(-0.944915135812782,11.9465636026187,-0.4265));
#3968=CARTESIAN_POINT('',(-0.942614904809428,12.0142813543784,-0.4265));
#3969=CARTESIAN_POINT('',(-0.940477661597155,12.0820048788573,-0.4265));
#3970=CARTESIAN_POINT('',(-0.938519510076877,12.1497333854751,-0.4265));
#3971=CARTESIAN_POINT('',(-0.938519510076877,12.1497333854751,-0.4265));
#3972=CARTESIAN_POINT('',(-0.796517068656405,16.891393085488,-0.4265));
#3973=CARTESIAN_POINT('',(-0.926003770895076,12.5676513839305,-0.4265));
#3974=CARTESIAN_POINT('',(-9.65349594938893E-32,12.5676513839305,-0.4265));
#3975=CARTESIAN_POINT('',(0.926003770895076,12.5676513839305,-0.426499999999998));
#3976=CARTESIAN_POINT('',(0.950835506877581,11.7384850638884,-0.4265));
#3977=CARTESIAN_POINT('',(2.019,20.75,-0.4265));
#3978=CARTESIAN_POINT('',(2.019,20.75,-0.4265));
#3979=CARTESIAN_POINT('',(2.019,11.25,-0.4265));
#3980=CARTESIAN_POINT('',(1.42957771253482,23.,-0.426499999999999));
#3981=CARTESIAN_POINT('',(0.840155425069635,25.25,-0.426499999999998));
#3982=CARTESIAN_POINT('',(2.07499999890004,25.25,-0.4265));
#3983=CARTESIAN_POINT('',(0.999999998900036,25.25,-0.426499999999998));
#3984=CARTESIAN_POINT('',(0.999999998900035,108.921099445201,-0.4265));
#3985=CARTESIAN_POINT('',(0.999999998900035,29.65,-0.4265));
#3986=CARTESIAN_POINT('',(2.07499999890004,29.65,-0.4265));
#3987=CARTESIAN_POINT('',(-1.00000000109997,29.65,-0.426499999999998));
#3988=CARTESIAN_POINT('',(-1.00000000109997,108.921099445201,-0.4265));
#3989=CARTESIAN_POINT('',(-1.00000000109997,25.25,-0.4265));
#3990=CARTESIAN_POINT('',(-1.00000000109997,25.25,-0.426499999999998));
#3991=CARTESIAN_POINT('',(-0.949494705405038,25.25,-0.426499999999998));
#3992=CARTESIAN_POINT('',(-0.898989409710109,25.25,-0.426499999999998));
#3993=CARTESIAN_POINT('',(-0.848484114015181,25.25,-0.426499999999998));
#3994=CARTESIAN_POINT('',(-0.848484114015181,25.25,-0.426499999999998));
#3995=CARTESIAN_POINT('',(-0.848484114015181,25.25,-0.426499999999998));
#3996=CARTESIAN_POINT('',(-1.23865607601012,23.75,-0.426499999999999));
#3997=CARTESIAN_POINT('',(-1.62882803800506,22.25,-0.426499999999999));
#3998=CARTESIAN_POINT('',(-2.019,20.75,-0.4265));
#3999=CARTESIAN_POINT('',(-2.019,20.75,-0.4265));
#4000=CARTESIAN_POINT('',(-2.019,20.75,-0.426500000000001));
#4001=CARTESIAN_POINT('',(-2.019,11.25,-0.426500000000001));
#4002=CARTESIAN_POINT('',(-2.019,11.25,-0.426500000000001));
#4003=CARTESIAN_POINT('',(2.019,11.25,-0.4265));
#4004=CARTESIAN_POINT('',(0.,0.,-0.4265));
#4005=CARTESIAN_POINT('',(1.175,19.75,3.0125));
#4006=CARTESIAN_POINT('',(1.175,19.75,3.01250000000001));
#4007=CARTESIAN_POINT('',(2.58378842005627,19.75,3.0125));
#4008=CARTESIAN_POINT('',(2.40000000000001,19.75,3.01250000000001));
#4009=CARTESIAN_POINT('',(2.40000000000001,0.,3.01250000000001));
#4010=CARTESIAN_POINT('',(7.27633794207405,0.,3.0125));
#4011=CARTESIAN_POINT('',(1.175,19.75,2.6315));
#4012=CARTESIAN_POINT('',(1.175,19.75,2.63150000000001));
#4013=CARTESIAN_POINT('',(1.175,19.75,2.0925));
#4014=CARTESIAN_POINT('',(1.175,19.75,3.0125));
#4015=CARTESIAN_POINT('',(2.58378842005627,19.75,2.6315));
#4016=CARTESIAN_POINT('',(2.01900000000001,19.75,2.63150000000001));
#4017=CARTESIAN_POINT('',(2.01900000000001,0.,2.63150000000001));
#4018=CARTESIAN_POINT('',(7.27633794207405,0.,2.6315));
#4019=CARTESIAN_POINT('',(2.019,19.75,2.0925));
#4020=CARTESIAN_POINT('',(2.019,19.75,2.2925));
#4021=CARTESIAN_POINT('',(2.4,19.75,2.2925));
#4022=CARTESIAN_POINT('',(2.4,19.75,2.2925));
#4023=CARTESIAN_POINT('',(2.4,19.75,2.0925));
#4024=CARTESIAN_POINT('',(2.4,19.75,2.0925));
#4025=CARTESIAN_POINT('',(2.019,11.25,2.2925));
#4026=CARTESIAN_POINT('',(2.4,11.25,2.2925));
#4027=CARTESIAN_POINT('',(2.4,11.25,2.2925));
#4028=CARTESIAN_POINT('',(2.4,20.75,0.351685005539185));
#4029=CARTESIAN_POINT('',(2.39999999999999,11.25,1.52181358448494));
#4030=CARTESIAN_POINT('',(2.4,0.,-2.60004952201779));
#4031=CARTESIAN_POINT('',(2.019,20.75,1.53300370425738));
#4032=CARTESIAN_POINT('',(2.019,20.75,0.879835802838252));
#4033=CARTESIAN_POINT('',(2.019,20.75,0.226667901419126));
#4034=CARTESIAN_POINT('',(2.019,20.75,-0.4265));
#4035=CARTESIAN_POINT('',(2.019,11.25,-0.3265));
#4036=CARTESIAN_POINT('',(2.019,0.,-2.60004952201779));
#4037=CARTESIAN_POINT('',(-2.019,19.75,3.50128842005626));
#4038=CARTESIAN_POINT('',(-2.01900000000001,19.75,2.63150000000001));
#4039=CARTESIAN_POINT('',(-2.019,19.75,1.5925));
#4040=CARTESIAN_POINT('',(-1.175,19.75,2.6315));
#4041=CARTESIAN_POINT('',(-1.175,19.75,2.63150000000001));
#4042=CARTESIAN_POINT('',(-1.175,19.75,3.0125));
#4043=CARTESIAN_POINT('',(-1.175,19.75,3.01250000000001));
#4044=CARTESIAN_POINT('',(-1.175,19.75,3.0125));
#4045=CARTESIAN_POINT('',(-2.40000000000001,19.75,3.01250000000001));
#4046=CARTESIAN_POINT('',(-2.4,19.75,3.50128842005626));
#4047=CARTESIAN_POINT('',(-2.4,19.75,1.5925));
#4048=CARTESIAN_POINT('',(-2.4,19.75,1.5925));
#4049=CARTESIAN_POINT('',(-2.4,19.75,3.50128842005626));
#4050=CARTESIAN_POINT('',(-2.019,19.75,1.5925));
#4051=CARTESIAN_POINT('',(-2.4,19.75,1.5925));
#4052=CARTESIAN_POINT('',(-2.4,19.75,1.5925));
#4053=CARTESIAN_POINT('',(-1.175,20.75,2.6315));
#4054=CARTESIAN_POINT('',(-2.01900000000001,0.,2.63150000000001));
#4055=CARTESIAN_POINT('',(-7.27633794207405,0.,2.6315));
#4056=CARTESIAN_POINT('',(-1.175,20.75,3.0125));
#4057=CARTESIAN_POINT('',(-1.175,20.75,3.0125));
#4058=CARTESIAN_POINT('',(-2.40000000000001,0.,3.01250000000001));
#4059=CARTESIAN_POINT('',(-7.27633794207405,0.,3.0125));
#4060=CARTESIAN_POINT('',(-2.40000000000001,20.75,1.51087001107837));
#4061=CARTESIAN_POINT('',(-2.40000000000001,11.25,1.52181358448494));
#4062=CARTESIAN_POINT('',(-2.4,0.,-2.60004952201779));
#4063=CARTESIAN_POINT('',(-2.019,11.25,-0.3265));
#4064=CARTESIAN_POINT('',(-2.019,20.75,-2.60004952201779));
#4065=CARTESIAN_POINT('',(-2.019,0.,-2.60004952201779));
#4066=CARTESIAN_POINT('',(-0.938519510076878,12.0643276227747,-0.284093782889582));
#4067=CARTESIAN_POINT('',(-0.941054080000583,12.0090340918852,-0.317255159364843));
#4068=CARTESIAN_POINT('',(-0.943587868580637,11.9537404978312,-0.350416573721963));
#4069=CARTESIAN_POINT('',(-0.946030978890018,11.8984439393075,-0.383579765970517));
#4070=CARTESIAN_POINT('',(-0.947084921164123,11.8745893550847,-0.397886156525551));
#4071=CARTESIAN_POINT('',(-0.948122307140761,11.850734225631,-0.412192874073726));
#4072=CARTESIAN_POINT('',(-0.949137812590751,11.826878415234,-0.426500000006401));
#4073=CARTESIAN_POINT('',(-0.938519510076878,12.0643276227747,-0.284093782889582));
#4074=CARTESIAN_POINT('',(-0.938519510076877,12.260286447052,-0.610837014170501));
#4075=CARTESIAN_POINT('',(-0.938519510076877,12.260286447052,-0.610837014170501));
#4076=CARTESIAN_POINT('',(-0.94561111257835,12.0466338827261,-0.738971589889102));
#4077=CARTESIAN_POINT('',(-0.952664513187289,11.7991301380603,-0.807499635125878));
#4078=CARTESIAN_POINT('',(-0.959756110667203,11.5499999997659,-0.807499664555155));
#4079=CARTESIAN_POINT('',(-0.938519510076877,12.0643276227748,-0.284093782889574));
#4080=CARTESIAN_POINT('',(-0.945611106315247,11.9096191682969,-0.376877608055212));
#4081=CARTESIAN_POINT('',(-0.952664520097958,11.7303981696094,-0.426499635114255));
#4082=CARTESIAN_POINT('',(-0.959756110667203,11.5499999998305,-0.426499664555155));
#4083=CARTESIAN_POINT('',(-0.05,16.1978296005164,1.5885576728329));
#4084=CARTESIAN_POINT('',(-0.05,13.4224073136615,-0.0759557313856811));
#4085=CARTESIAN_POINT('',(-0.05,16.1896571349651,1.58365637240012));
#4086=CARTESIAN_POINT('',(0.25,16.1896571349651,1.58365637240012));
#4087=CARTESIAN_POINT('',(0.05,16.1896571349651,1.58365637240012));
#4088=CARTESIAN_POINT('',(0.05,16.1978296005164,1.5885576728329));
#4089=CARTESIAN_POINT('',(0.05,13.4224073136615,-0.0759557313856811));
#4090=CARTESIAN_POINT('',(0.25,13.4224073136615,-0.0759557313856803));
#4091=CARTESIAN_POINT('',(0.25,16.1978296005164,1.5885576728329));
#4092=CARTESIAN_POINT('',(-0.05,16.1181655953994,1.70286190822178));
#4093=CARTESIAN_POINT('',(-0.05,16.4415557849754,1.89680980144565));
#4094=CARTESIAN_POINT('',(-0.427090174891896,16.1181655953994,1.70286190822178));
#4095=CARTESIAN_POINT('',(-0.05,15.8908327861329,2.08191836025897));
#4096=CARTESIAN_POINT('',(-0.05,15.8908327861329,2.08191836025897));
#4097=CARTESIAN_POINT('',(-0.05,15.8908327861329,2.08191836025897));
#4098=CARTESIAN_POINT('',(0.25,16.4415557849754,1.89680980144565));
#4099=CARTESIAN_POINT('',(0.05,16.4415557849754,1.89680980144565));
#4100=CARTESIAN_POINT('',(0.05,15.8908327861329,2.08191836025897));
#4101=CARTESIAN_POINT('',(0.25,15.8908327861329,2.08191836025897));
#4102=CARTESIAN_POINT('',(0.05,16.1181655953994,1.70286190822178));
#4103=CARTESIAN_POINT('',(0.427090174891896,16.1181655953994,1.70286190822178));
#4104=CARTESIAN_POINT('',(0.05,15.8908327861329,2.08191836025897));
#4105=CARTESIAN_POINT('',(0.05,15.8908327861329,2.08191836025897));
#4106=CARTESIAN_POINT('',(0.427090174891896,16.1263380609507,1.70776320865455));
#4107=CARTESIAN_POINT('',(0.427090174891896,13.3509157740958,0.0432498044359705));
#4108=CARTESIAN_POINT('',(0.05,13.1235829648294,0.422306256473161));
#4109=CARTESIAN_POINT('',(0.05,15.8990052516843,2.08681966069175));
#4110=CARTESIAN_POINT('',(0.05,13.3509157740958,0.0432498044359705));
#4111=CARTESIAN_POINT('',(0.05,13.0275255845198,-0.150698088787903));
#4112=CARTESIAN_POINT('',(0.05,13.1235829648294,0.422306256473161));
#4113=CARTESIAN_POINT('',(0.05,13.1235829648294,0.422306256473161));
#4114=CARTESIAN_POINT('',(0.25,13.0275255845198,-0.150698088787903));
#4115=CARTESIAN_POINT('',(-0.05,13.0275255845198,-0.150698088787903));
#4116=CARTESIAN_POINT('',(-0.05,13.1235829648294,0.422306256473161));
#4117=CARTESIAN_POINT('',(0.25,13.1235829648294,0.422306256473161));
#4118=CARTESIAN_POINT('',(-0.05,13.3509157740958,0.0432498044359714));
#4119=CARTESIAN_POINT('',(-0.427090174891896,13.3509157740958,0.0432498044359705));
#4120=CARTESIAN_POINT('',(-0.05,13.1235829648294,0.422306256473161));
#4121=CARTESIAN_POINT('',(-0.05,13.1235829648294,0.422306256473161));
#4122=CARTESIAN_POINT('',(-0.427090174891896,16.1263380609507,1.70776320865455));
#4123=CARTESIAN_POINT('',(-0.05,15.8990052516843,2.08681966069175));
#4124=CARTESIAN_POINT('',(0.75,16.6940411757228,2.4925));
#4125=CARTESIAN_POINT('',(0.75,16.6940411757228,2.4925));
#4126=CARTESIAN_POINT('',(-0.75,16.6940411757228,2.4925));
#4127=CARTESIAN_POINT('',(0.75,16.89,2.16575676871908));
#4128=CARTESIAN_POINT('',(0.75,16.89,2.16575676871908));
#4129=CARTESIAN_POINT('',(0.75,16.89,2.16575676871908));
#4130=CARTESIAN_POINT('',(-0.75,16.89,2.16575676871908));
#4131=CARTESIAN_POINT('',(-0.75,16.89,2.16575676871908));
#4132=CARTESIAN_POINT('',(0.75,16.89,2.16575676871908));
#4133=CARTESIAN_POINT('',(0.959756110673845,11.7387522166573,-0.92361850380625));
#4134=CARTESIAN_POINT('',(0.959756110673845,11.5427933923801,-0.596875272525325));
#4135=CARTESIAN_POINT('',(0.959756110673845,11.7387522166573,-0.92361850380625));
#4136=CARTESIAN_POINT('',(-0.75,16.89,2.16575676871908));
#4137=CARTESIAN_POINT('',(-9.65349594938892E-32,1.83354402428275,-6.86410254685494));
#4138=CARTESIAN_POINT('',(-0.75,16.6940411757228,2.4925));
#4139=CARTESIAN_POINT('',(-0.75,16.89,2.16575676871908));
#4140=CARTESIAN_POINT('',(-9.65349594938892E-32,1.63758520000557,-6.53735931557401));
#4141=CARTESIAN_POINT('',(-1.9875,8.7,-2.16840434497101E-15));
#4142=CARTESIAN_POINT('',(2.2094928730294,11.25,1.52181358448494));
#4143=CARTESIAN_POINT('',(2.2094928730294,11.25,1.52181358448494));
#4144=CARTESIAN_POINT('',(0.,11.25,0.));
#4145=CARTESIAN_POINT('',(0.,11.25,0.));
#4146=CARTESIAN_POINT('',(0.950000000000001,32.4,-1.617));
#4147=CARTESIAN_POINT('',(0.95,32.4,-1.8075));
#4148=CARTESIAN_POINT('',(0.95,32.4,-1.4265));
#4149=CARTESIAN_POINT('',(0.95,32.4,0.1425));
#4150=CARTESIAN_POINT('',(0.95,32.4,2.0925));
#4151=CARTESIAN_POINT('',(-2.9,32.4,2.0925));
#4152=CARTESIAN_POINT('',(-0.95,32.4,2.0925));
#4153=CARTESIAN_POINT('',(-0.95,32.4,0.1425));
#4154=CARTESIAN_POINT('',(-0.95,32.4,-1.8075));
#4155=CARTESIAN_POINT('',(-0.95,32.4,-1.617));
#4156=CARTESIAN_POINT('',(-0.95,32.4,-1.4265));
#4157=CARTESIAN_POINT('',(-0.95,32.4,0.1425));
#4158=CARTESIAN_POINT('',(-0.95,32.4,1.7115));
#4159=CARTESIAN_POINT('',(-2.9,32.4,1.7115));
#4160=CARTESIAN_POINT('',(0.95,32.4,1.7115));
#4161=CARTESIAN_POINT('',(0.95,32.4,0.1425));
#4162=CARTESIAN_POINT('',(3.8,32.4,3.83171748833629));
#4163=CARTESIAN_POINT('',(-0.95,34.65,0.1425));
#4164=CARTESIAN_POINT('',(-0.95,34.65,-1.8075));
#4165=CARTESIAN_POINT('',(-0.95,34.65,2.0925));
#4166=CARTESIAN_POINT('',(-2.9,34.65,2.0925));
#4167=CARTESIAN_POINT('',(0.95,34.65,2.0925));
#4168=CARTESIAN_POINT('',(0.95,34.65,0.1425));
#4169=CARTESIAN_POINT('',(0.95,34.65,-1.8075));
#4170=CARTESIAN_POINT('',(2.9,34.65,-1.8075));
#4171=CARTESIAN_POINT('',(-0.95,34.65,0.1425));
#4172=CARTESIAN_POINT('',(-0.95,34.65,-1.4265));
#4173=CARTESIAN_POINT('',(-0.95,34.65,1.7115));
#4174=CARTESIAN_POINT('',(2.9,34.65,-1.4265));
#4175=CARTESIAN_POINT('',(0.95,34.65,-1.4265));
#4176=CARTESIAN_POINT('',(0.95,34.65,0.1425));
#4177=CARTESIAN_POINT('',(0.95,34.65,1.7115));
#4178=CARTESIAN_POINT('',(-2.9,34.65,1.7115));
#4179=CARTESIAN_POINT('',(-1.,34.65,-1.8075));
#4180=CARTESIAN_POINT('',(-0.95,12.4348839781754,2.0925));
#4181=CARTESIAN_POINT('',(0.95,12.4348839781754,2.0925));
#4182=CARTESIAN_POINT('',(-2.9,12.4348839781754,2.0925));
#4183=CARTESIAN_POINT('',(2.9,32.4,-1.8075));
#4184=CARTESIAN_POINT('',(-0.95,12.4348839781754,-1.8075));
#4185=CARTESIAN_POINT('',(0.95,12.4348839781754,-1.8075));
#4186=CARTESIAN_POINT('',(2.9,12.4348839781754,-1.8075));
#4187=CARTESIAN_POINT('',(-0.95,12.4348839781754,0.1425));
#4188=CARTESIAN_POINT('',(0.95,12.4348839781754,0.1425));
#4189=CARTESIAN_POINT('',(0.95,12.4348839781754,1.7115));
#4190=CARTESIAN_POINT('',(-0.95,12.4348839781754,1.7115));
#4191=CARTESIAN_POINT('',(-2.9,12.4348839781754,1.7115));
#4192=CARTESIAN_POINT('',(2.9,32.4,-1.4265));
#4193=CARTESIAN_POINT('',(0.95,12.4348839781754,-1.4265));
#4194=CARTESIAN_POINT('',(-0.95,12.4348839781754,-1.4265));
#4195=CARTESIAN_POINT('',(2.9,12.4348839781754,-1.4265));
#4196=CARTESIAN_POINT('',(-0.95,12.4348839781754,0.1425));
#4197=CARTESIAN_POINT('',(0.95,12.4348839781754,0.1425));
#4198=CARTESIAN_POINT('',(-1.00000000109997,29.65,0.2675));
#4199=CARTESIAN_POINT('',(-1.00000000109997,29.65,0.9615));
#4200=CARTESIAN_POINT('',(-1.00000000109997,29.65,-0.616999999999999));
#4201=CARTESIAN_POINT('',(-1.00000000109997,29.65,0.2675));
#4202=CARTESIAN_POINT('',(-1.00000000109997,29.65,1.3425));
#4203=CARTESIAN_POINT('',(-2.07500000109997,29.65,1.3425));
#4204=CARTESIAN_POINT('',(0.999999998900035,29.65,1.3425));
#4205=CARTESIAN_POINT('',(0.999999998900035,29.65,0.2675));
#4206=CARTESIAN_POINT('',(0.999999998900035,29.65,-0.616999999999999));
#4207=CARTESIAN_POINT('',(0.999999998900035,29.65,0.2675));
#4208=CARTESIAN_POINT('',(0.999999998900035,29.65,0.9615));
#4209=CARTESIAN_POINT('',(-2.07500000109997,29.65,0.9615));
#4210=CARTESIAN_POINT('',(-0.612884693051463,29.65,-7.83387834912898));
#4211=CARTESIAN_POINT('',(-1.00000000109997,108.921099445201,1.3425));
#4212=CARTESIAN_POINT('',(-1.00000000109997,25.25,1.3425));
#4213=CARTESIAN_POINT('',(-2.07500000109997,25.25,1.3425));
#4214=CARTESIAN_POINT('',(0.999999998900035,25.25,1.3425));
#4215=CARTESIAN_POINT('',(0.999999998900035,108.921099445201,1.3425));
#4216=CARTESIAN_POINT('',(-2.07500000109997,108.921099445201,1.3425));
#4217=CARTESIAN_POINT('',(0.999999998900035,25.25,0.2675));
#4218=CARTESIAN_POINT('',(0.999999998900035,25.25,0.9615));
#4219=CARTESIAN_POINT('',(0.999999998900036,25.25,-0.616999999999999));
#4220=CARTESIAN_POINT('',(0.999999998900035,25.25,0.2675));
#4221=CARTESIAN_POINT('',(-1.00000000109997,25.25,0.2675));
#4222=CARTESIAN_POINT('',(-1.00000000109997,25.25,-0.616999999999999));
#4223=CARTESIAN_POINT('',(-1.00000000109997,25.25,0.2675));
#4224=CARTESIAN_POINT('',(-1.00000000109997,25.25,0.9615));
#4225=CARTESIAN_POINT('',(-2.07500000109997,25.25,0.9615));
#4226=CARTESIAN_POINT('',(2.96259470380089,25.25,4.8726533209486));
#4227=CARTESIAN_POINT('',(-1.00000000109997,108.921099445201,0.2675));
#4228=CARTESIAN_POINT('',(0.999999998900035,108.921099445201,0.2675));
#4229=CARTESIAN_POINT('',(0.999999998900035,108.921099445201,0.9615));
#4230=CARTESIAN_POINT('',(-1.00000000109997,108.921099445201,0.9615));
#4231=CARTESIAN_POINT('',(-2.07500000109997,108.921099445201,0.9615));
#4232=CARTESIAN_POINT('',(-1.00000000109997,108.921099445201,0.2675));
#4233=CARTESIAN_POINT('',(0.999999998900035,108.921099445201,0.2675));
#4234=CARTESIAN_POINT('',(0.974999999450018,31.025,-0.926499999999998));
#4235=CARTESIAN_POINT('',(-0.975000000549983,31.025,-0.926499999999998));
#4236=CARTESIAN_POINT('',(-0.975000000549983,31.025,-0.926499999999999));
#4237=CARTESIAN_POINT('',(0.974999999450018,31.025,-1.3075));
#4238=CARTESIAN_POINT('',(0.974999999450018,31.025,-0.926500000000002));
#4239=CARTESIAN_POINT('',(-0.975000000549983,31.025,-1.3075));
#4240=CARTESIAN_POINT('',(-0.975000000549983,31.025,-1.3075));
#4241=CARTESIAN_POINT('',(-0.975000000549983,31.025,-1.3075));
#4242=CARTESIAN_POINT('',(0.999999998900036,25.25,-0.426499999999998));
#4243=CARTESIAN_POINT('',(1.33966666593336,23.75,0.226667901419127));
#4244=CARTESIAN_POINT('',(1.67933333296668,22.25,0.879835802838253));
#4245=CARTESIAN_POINT('',(2.019,20.75,1.53300370425738));
#4246=CARTESIAN_POINT('',(0.840155425069635,25.25,-0.426499999999998));
#4247=CARTESIAN_POINT('',(1.23310361671309,23.75,-0.426499999999999));
#4248=CARTESIAN_POINT('',(1.62605180835654,22.25,-0.426499999999999));
#4249=CARTESIAN_POINT('',(2.019,20.75,-0.4265));
#4250=CARTESIAN_POINT('',(0.893436949679769,25.25,-0.426499999999998));
#4251=CARTESIAN_POINT('',(1.26862463311984,23.75,-0.208777366193623));
#4252=CARTESIAN_POINT('',(1.64381231655992,22.25,0.00894526761275135));
#4253=CARTESIAN_POINT('',(2.019,20.75,0.226667901419126));
#4254=CARTESIAN_POINT('',(0.946718474289903,25.25,-0.426499999999998));
#4255=CARTESIAN_POINT('',(1.3041456495266,23.75,0.00894526761275205));
#4256=CARTESIAN_POINT('',(1.6615728247633,22.25,0.444390535225502));
#4257=CARTESIAN_POINT('',(2.019,20.75,0.879835802838252));
#4258=CARTESIAN_POINT('',(0.999999998900036,25.25,-0.426499999999998));
#4259=CARTESIAN_POINT('',(1.33966666593336,23.75,0.226667901419127));
#4260=CARTESIAN_POINT('',(1.67933333296668,22.25,0.879835802838253));
#4261=CARTESIAN_POINT('',(2.019,20.75,1.53300370425738));
#4262=CARTESIAN_POINT('',(-1.00000000109997,25.25,-0.426499999999998));
#4263=CARTESIAN_POINT('',(-1.33966666739998,23.75,0.226667901419128));
#4264=CARTESIAN_POINT('',(-1.67933333369999,22.25,0.879835802838253));
#4265=CARTESIAN_POINT('',(-2.019,20.75,1.53300370425738));
#4266=CARTESIAN_POINT('',(-1.00000000109997,25.25,-0.426499999999998));
#4267=CARTESIAN_POINT('',(-1.33966666739998,23.75,0.226667901419128));
#4268=CARTESIAN_POINT('',(-1.67933333369999,22.25,0.879835802838253));
#4269=CARTESIAN_POINT('',(-2.019,20.75,1.53300370425738));
#4270=CARTESIAN_POINT('',(-0.949494705405038,25.25,-0.426499999999998));
#4271=CARTESIAN_POINT('',(-1.30599647027003,23.75,0.0089452676127522));
#4272=CARTESIAN_POINT('',(-1.66249823513502,22.25,0.444390535225502));
#4273=CARTESIAN_POINT('',(-2.019,20.75,0.879835802838252));
#4274=CARTESIAN_POINT('',(-0.898989409710109,25.25,-0.426499999999998));
#4275=CARTESIAN_POINT('',(-1.27232627314007,23.75,-0.208777366193623));
#4276=CARTESIAN_POINT('',(-1.64566313657004,22.25,0.0089452676127515));
#4277=CARTESIAN_POINT('',(-2.019,20.75,0.226667901419126));
#4278=CARTESIAN_POINT('',(-0.848484114015181,25.25,-0.426499999999998));
#4279=CARTESIAN_POINT('',(-1.23865607601012,23.75,-0.426499999999999));
#4280=CARTESIAN_POINT('',(-1.62882803800506,22.25,-0.426499999999999));
#4281=CARTESIAN_POINT('',(-2.019,20.75,-0.4265));
#4282=CARTESIAN_POINT('',(-1.70000000054998,23.,0.542185005539186));
#4283=CARTESIAN_POINT('',(-1.00000000109997,25.25,-0.426499999999998));
#4284=CARTESIAN_POINT('',(-1.46666666739998,23.75,0.219290003692792));
#4285=CARTESIAN_POINT('',(-1.93333333369999,22.25,0.86508000738558));
#4286=CARTESIAN_POINT('',(-2.4,20.75,1.51087001107837));
#4287=CARTESIAN_POINT('',(-1.00000000109997,25.25,-0.426499999999998));
#4288=CARTESIAN_POINT('',(-1.42433294525598,23.7500156782435,0.221742292258239));
#4289=CARTESIAN_POINT('',(-1.84866182875046,22.25,0.869914686012442));
#4290=CARTESIAN_POINT('',(-2.27299274257571,20.75,1.51812202901866));
#4291=CARTESIAN_POINT('',(-1.00000000109997,25.25,-0.426499999999998));
#4292=CARTESIAN_POINT('',(-1.38199960778279,23.7500150784315,0.224201860816655));
#4293=CARTESIAN_POINT('',(-1.76399530915525,22.25,0.87483649727828));
#4294=CARTESIAN_POINT('',(-2.1459929631829,20.75,1.52550474591742));
#4295=CARTESIAN_POINT('',(-1.00000000109997,25.25,-0.426499999999998));
#4296=CARTESIAN_POINT('',(-1.33966666739998,23.75,0.226667901419128));
#4297=CARTESIAN_POINT('',(-1.67933333369999,22.25,0.879835802838253));
#4298=CARTESIAN_POINT('',(-2.019,20.75,1.53300370425738));
#4299=CARTESIAN_POINT('',(-1.70000000054999,23.,0.542185005539186));
#4300=CARTESIAN_POINT('',(1.69999999945002,23.,0.542185005539186));
#4301=CARTESIAN_POINT('',(0.999999998900036,25.25,-0.426499999999998));
#4302=CARTESIAN_POINT('',(1.33966666593336,23.75,0.226667901419128));
#4303=CARTESIAN_POINT('',(1.67933333296668,22.25,0.879835802838253));
#4304=CARTESIAN_POINT('',(2.019,20.75,1.53300370425738));
#4305=CARTESIAN_POINT('',(0.999999998900036,25.25,-0.426499999999998));
#4306=CARTESIAN_POINT('',(1.38199960631618,23.7500150784316,0.224201860816654));
#4307=CARTESIAN_POINT('',(1.76399530842196,22.25,0.874836497278279));
#4308=CARTESIAN_POINT('',(2.14599296318293,20.75,1.52550474591742));
#4309=CARTESIAN_POINT('',(0.999999998900036,25.25,-0.426499999999998));
#4310=CARTESIAN_POINT('',(1.42433294378937,23.7500156782435,0.221742292258237));
#4311=CARTESIAN_POINT('',(1.84866182801718,22.25,0.869914686012441));
#4312=CARTESIAN_POINT('',(2.27299274257575,20.75,1.51812202901866));
#4313=CARTESIAN_POINT('',(0.999999998900036,25.25,-0.426499999999998));
#4314=CARTESIAN_POINT('',(1.46666666593336,23.75,0.219290003692791));
#4315=CARTESIAN_POINT('',(1.93333333296668,22.25,0.865080007385581));
#4316=CARTESIAN_POINT('',(2.40000000000001,20.75,1.51087001107837));
#4317=CARTESIAN_POINT('',(1.69999999945002,23.,0.542185005539189));
#4318=MECHANICAL_DESIGN_GEOMETRIC_PRESENTATION_REPRESENTATION('',(#86),
#4319);
#4319=(
GEOMETRIC_REPRESENTATION_CONTEXT(3)
GLOBAL_UNCERTAINTY_ASSIGNED_CONTEXT((#4320))
GLOBAL_UNIT_ASSIGNED_CONTEXT((#4326,#4322,#4321))
REPRESENTATION_CONTEXT('33375907_Rev_02AB','TOP_LEVEL_ASSEMBLY_PART')
);
#4320=UNCERTAINTY_MEASURE_WITH_UNIT(LENGTH_MEASURE(0.0508),#4326,
'DISTANCE_ACCURACY_VALUE','Maximum Tolerance applied to model');
#4321=(
NAMED_UNIT(*)
SI_UNIT($,.STERADIAN.)
SOLID_ANGLE_UNIT()
);
#4322=(
CONVERSION_BASED_UNIT('DEGREE',#4324)
NAMED_UNIT(#4323)
PLANE_ANGLE_UNIT()
);
#4323=DIMENSIONAL_EXPONENTS(0.,0.,0.,0.,0.,0.,0.);
#4324=PLANE_ANGLE_MEASURE_WITH_UNIT(PLANE_ANGLE_MEASURE(0.0174532925),#4325);
#4325=(
NAMED_UNIT(*)
PLANE_ANGLE_UNIT()
SI_UNIT($,.RADIAN.)
);
#4326=(
LENGTH_UNIT()
NAMED_UNIT(*)
SI_UNIT(.MILLI.,.METRE.)
);
ENDSEC;
END-ISO-10303-21;
